event_id,order_id,date,shift,machine_id,category,reason,duration_min,planned
DT-0000001,WO-000001,2025-01-01,Morning,M01,Microstop,Material jam,63.5,0
DT-0000002,WO-000002,2025-01-01,Afternoon,M01,Process,Parameter adjustment,50.19,0
DT-0000003,WO-000003,2025-01-01,Morning,M02,Microstop,Material jam,21.73,0
DT-0000004,WO-000003,2025-01-01,Morning,M02,Microstop,Vision retry,2.96,0
DT-0000005,WO-000003,2025-01-01,Morning,M02,Microstop,Vision retry,5.29,0
DT-0000006,WO-000003,2025-01-01,Morning,M02,Material,Material shortage,23.73,0
DT-0000007,WO-000003,2025-01-01,Morning,M02,Microstop,Vision retry,5.19,0
DT-0000008,WO-000004,2025-01-01,Afternoon,M02,Process,Parameter adjustment,70.61,0
DT-0000009,WO-000005,2025-01-01,Morning,M03,Microstop,Material jam,34.62,0
DT-0000010,WO-000006,2025-01-01,Afternoon,M03,Changeover,Tooling change,59.91,0
DT-0000011,WO-000007,2025-01-01,Morning,M04,Changeover,Fixture setup,107.78,0
DT-0000012,WO-000007,2025-01-01,Morning,M04,Breakdown,Mechanical fault,18.14,0
DT-0000013,WO-000008,2025-01-01,Afternoon,M04,Breakdown,Robot recovery,132.16,0
DT-0000014,WO-000009,2025-01-01,Afternoon,M05,Planned,Preventive maintenance,75.71,1
DT-0000015,WO-000010,2025-01-01,Morning,M06,Material,Material shortage,25.11,0
DT-0000016,WO-000010,2025-01-01,Morning,M06,Planned,Preventive maintenance,8.36,1
DT-0000017,WO-000011,2025-01-01,Afternoon,M06,Breakdown,Mechanical fault,19.17,0
DT-0000018,WO-000012,2025-01-02,Morning,M01,Process,Parameter adjustment,10.76,0
DT-0000019,WO-000012,2025-01-02,Morning,M01,Changeover,Tooling change,30.66,0
DT-0000020,WO-000013,2025-01-02,Afternoon,M01,Material,Material shortage,29.85,0
DT-0000021,WO-000013,2025-01-02,Afternoon,M01,Microstop,Material jam,6.51,0
DT-0000022,WO-000013,2025-01-02,Afternoon,M01,Breakdown,Sensor fault,5.6,0
DT-0000023,WO-000013,2025-01-02,Afternoon,M01,Microstop,Vision retry,2.56,0
DT-0000024,WO-000013,2025-01-02,Afternoon,M01,Planned,Preventive maintenance,19.03,1
DT-0000025,WO-000014,2025-01-02,Morning,M02,Changeover,Tooling change,26.49,0
DT-0000026,WO-000014,2025-01-02,Morning,M02,Microstop,Material jam,31.87,0
DT-0000027,WO-000015,2025-01-02,Afternoon,M02,Breakdown,Mechanical fault,81.7,0
DT-0000028,WO-000016,2025-01-02,Morning,M03,Breakdown,Sensor fault,14.35,0
DT-0000029,WO-000016,2025-01-02,Morning,M03,Planned,Calibration,20.29,1
DT-0000030,WO-000017,2025-01-02,Afternoon,M03,Changeover,Tooling change,56.63,0
DT-0000031,WO-000018,2025-01-02,Morning,M04,Planned,Calibration,43.72,1
DT-0000032,WO-000018,2025-01-02,Morning,M04,Breakdown,Wire feeder fault,1.0,0
DT-0000033,WO-000018,2025-01-02,Morning,M04,Planned,Calibration,79.56,1
DT-0000034,WO-000019,2025-01-02,Afternoon,M04,Process,Parameter adjustment,64.9,0
DT-0000035,WO-000019,2025-01-02,Afternoon,M04,Microstop,Material jam,56.99,0
DT-0000036,WO-000020,2025-01-02,Morning,M05,Microstop,Material jam,48.03,0
DT-0000037,WO-000021,2025-01-02,Afternoon,M05,Planned,Calibration,20.54,1
DT-0000038,WO-000021,2025-01-02,Afternoon,M05,Breakdown,Mechanical fault,43.13,0
DT-0000039,WO-000021,2025-01-02,Afternoon,M05,Breakdown,Sensor fault,13.44,0
DT-0000040,WO-000022,2025-01-02,Morning,M06,Planned,Calibration,19.6,1
DT-0000041,WO-000022,2025-01-02,Morning,M06,Changeover,Tooling change,7.09,0
DT-0000042,WO-000023,2025-01-02,Afternoon,M06,Material,Material shortage,23.28,0
DT-0000043,WO-000023,2025-01-02,Afternoon,M06,Microstop,Material jam,12.91,0
DT-0000044,WO-000023,2025-01-02,Afternoon,M06,Breakdown,Sensor fault,2.43,0
DT-0000045,WO-000023,2025-01-02,Afternoon,M06,Microstop,Vision retry,7.51,0
DT-0000046,WO-000024,2025-01-03,Morning,M01,Breakdown,Mechanical fault,19.34,0
DT-0000047,WO-000024,2025-01-03,Morning,M01,Changeover,Tooling change,9.43,0
DT-0000048,WO-000024,2025-01-03,Morning,M01,Microstop,Vision retry,9.63,0
DT-0000049,WO-000025,2025-01-03,Afternoon,M01,Microstop,Vision retry,80.07,0
DT-0000050,WO-000026,2025-01-03,Morning,M02,Changeover,Tooling change,62.25,0
DT-0000051,WO-000027,2025-01-03,Afternoon,M02,Microstop,Vision retry,40.55,0
DT-0000052,WO-000027,2025-01-03,Afternoon,M02,Changeover,Tooling change,1.62,0
DT-0000053,WO-000027,2025-01-03,Afternoon,M02,Changeover,Planned changeover,2.26,1
DT-0000054,WO-000027,2025-01-03,Afternoon,M02,Breakdown,Mechanical fault,16.44,0
DT-0000055,WO-000028,2025-01-03,Morning,M03,Process,Parameter adjustment,3.77,0
DT-0000056,WO-000028,2025-01-03,Morning,M03,Microstop,Vision retry,6.37,0
DT-0000057,WO-000028,2025-01-03,Morning,M03,Microstop,Material jam,22.87,0
DT-0000058,WO-000029,2025-01-03,Afternoon,M03,Planned,Calibration,5.45,1
DT-0000059,WO-000029,2025-01-03,Afternoon,M03,Material,Material shortage,37.31,0
DT-0000060,WO-000029,2025-01-03,Afternoon,M03,Process,Parameter adjustment,8.93,0
DT-0000061,WO-000030,2025-01-03,Morning,M04,Planned,Preventive maintenance,19.8,1
DT-0000062,WO-000030,2025-01-03,Morning,M04,Breakdown,Robot recovery,19.37,0
DT-0000063,WO-000030,2025-01-03,Morning,M04,Breakdown,Sensor fault,1.25,0
DT-0000064,WO-000030,2025-01-03,Morning,M04,Changeover,Fixture setup,35.74,0
DT-0000065,WO-000030,2025-01-03,Morning,M04,Planned,Preventive maintenance,36.38,1
DT-0000066,WO-000031,2025-01-03,Afternoon,M04,Microstop,Torch cleaning,101.02,0
DT-0000067,WO-000032,2025-01-03,Morning,M05,Breakdown,Mechanical fault,50.49,0
DT-0000068,WO-000033,2025-01-03,Afternoon,M05,Breakdown,Sensor fault,0.99,0
DT-0000069,WO-000033,2025-01-03,Afternoon,M05,Changeover,Tooling change,55.63,0
DT-0000070,WO-000034,2025-01-03,Morning,M06,Process,Parameter adjustment,18.83,0
DT-0000071,WO-000034,2025-01-03,Morning,M06,Process,Parameter adjustment,5.47,0
DT-0000072,WO-000034,2025-01-03,Morning,M06,Breakdown,Mechanical fault,0.97,0
DT-0000073,WO-000035,2025-01-03,Afternoon,M06,Planned,Preventive maintenance,44.72,1
DT-0000074,WO-000036,2025-01-06,Morning,M01,Changeover,Planned changeover,55.65,1
DT-0000075,WO-000036,2025-01-06,Morning,M01,Breakdown,Sensor fault,2.96,0
DT-0000076,WO-000037,2025-01-06,Afternoon,M01,Microstop,Vision retry,7.06,0
DT-0000077,WO-000037,2025-01-06,Afternoon,M01,Planned,Calibration,28.44,1
DT-0000078,WO-000037,2025-01-06,Afternoon,M01,Microstop,Vision retry,8.85,0
DT-0000079,WO-000037,2025-01-06,Afternoon,M01,Microstop,Material jam,6.07,0
DT-0000080,WO-000038,2025-01-06,Morning,M02,Material,Material shortage,6.36,0
DT-0000081,WO-000038,2025-01-06,Morning,M02,Breakdown,Sensor fault,29.7,0
DT-0000082,WO-000038,2025-01-06,Morning,M02,Process,Parameter adjustment,2.92,0
DT-0000083,WO-000038,2025-01-06,Morning,M02,Process,Parameter adjustment,6.96,0
DT-0000084,WO-000039,2025-01-06,Afternoon,M02,Changeover,Tooling change,53.61,0
DT-0000085,WO-000040,2025-01-06,Morning,M03,Breakdown,Sensor fault,32.17,0
DT-0000086,WO-000040,2025-01-06,Morning,M03,Planned,Calibration,1.43,1
DT-0000087,WO-000041,2025-01-06,Afternoon,M03,Breakdown,Mechanical fault,25.51,0
DT-0000088,WO-000042,2025-01-06,Morning,M04,Changeover,Fixture setup,35.81,0
DT-0000089,WO-000042,2025-01-06,Morning,M04,Process,Weld parameter adjustment,14.03,0
DT-0000090,WO-000042,2025-01-06,Morning,M04,Planned,Calibration,38.33,1
DT-0000091,WO-000042,2025-01-06,Morning,M04,Microstop,Torch cleaning,11.99,0
DT-0000092,WO-000042,2025-01-06,Morning,M04,Breakdown,Robot recovery,21.2,0
DT-0000093,WO-000043,2025-01-06,Morning,M05,Changeover,Tooling change,7.71,0
DT-0000094,WO-000043,2025-01-06,Morning,M05,Changeover,Planned changeover,57.23,1
DT-0000095,WO-000044,2025-01-06,Afternoon,M05,Microstop,Material jam,49.51,0
DT-0000096,WO-000045,2025-01-06,Morning,M06,Microstop,Vision retry,12.89,0
DT-0000097,WO-000045,2025-01-06,Morning,M06,Breakdown,Sensor fault,9.37,0
DT-0000098,WO-000045,2025-01-06,Morning,M06,Changeover,Tooling change,3.4,0
DT-0000099,WO-000045,2025-01-06,Morning,M06,Microstop,Material jam,5.71,0
DT-0000100,WO-000046,2025-01-06,Afternoon,M06,Planned,Preventive maintenance,27.24,1
DT-0000101,WO-000046,2025-01-06,Afternoon,M06,Microstop,Material jam,17.76,0
DT-0000102,WO-000047,2025-01-07,Morning,M01,Changeover,Tooling change,2.47,0
DT-0000103,WO-000047,2025-01-07,Morning,M01,Microstop,Vision retry,39.14,0
DT-0000104,WO-000048,2025-01-07,Afternoon,M01,Process,Parameter adjustment,30.4,0
DT-0000105,WO-000048,2025-01-07,Afternoon,M01,Breakdown,Sensor fault,14.48,0
DT-0000106,WO-000049,2025-01-07,Morning,M02,Breakdown,Mechanical fault,19.73,0
DT-0000107,WO-000049,2025-01-07,Morning,M02,Breakdown,Mechanical fault,27.72,0
DT-0000108,WO-000050,2025-01-07,Afternoon,M02,Breakdown,Sensor fault,30.55,0
DT-0000109,WO-000050,2025-01-07,Afternoon,M02,Process,Parameter adjustment,24.66,0
DT-0000110,WO-000050,2025-01-07,Afternoon,M02,Material,Material shortage,19.25,0
DT-0000111,WO-000051,2025-01-07,Morning,M03,Process,Parameter adjustment,37.92,0
DT-0000112,WO-000052,2025-01-07,Afternoon,M03,Changeover,Planned changeover,21.64,1
DT-0000113,WO-000053,2025-01-07,Morning,M04,Changeover,Fixture setup,103.7,0
DT-0000114,WO-000054,2025-01-07,Afternoon,M04,Breakdown,Wire feeder fault,119.79,0
DT-0000115,WO-000055,2025-01-07,Morning,M05,Breakdown,Sensor fault,22.12,0
DT-0000116,WO-000055,2025-01-07,Morning,M05,Changeover,Planned changeover,17.86,1
DT-0000117,WO-000055,2025-01-07,Morning,M05,Process,Parameter adjustment,22.18,0
DT-0000118,WO-000056,2025-01-07,Afternoon,M05,Microstop,Vision retry,20.5,0
DT-0000119,WO-000056,2025-01-07,Afternoon,M05,Microstop,Material jam,21.63,0
DT-0000120,WO-000056,2025-01-07,Afternoon,M05,Breakdown,Mechanical fault,35.63,0
DT-0000121,WO-000057,2025-01-07,Morning,M06,Breakdown,Sensor fault,4.02,0
DT-0000122,WO-000057,2025-01-07,Morning,M06,Material,Material shortage,7.83,0
DT-0000123,WO-000057,2025-01-07,Morning,M06,Planned,Calibration,17.51,1
DT-0000124,WO-000058,2025-01-07,Afternoon,M06,Microstop,Vision retry,10.12,0
DT-0000125,WO-000058,2025-01-07,Afternoon,M06,Microstop,Vision retry,30.55,0
DT-0000126,WO-000059,2025-01-08,Morning,M01,Microstop,Material jam,26.98,0
DT-0000127,WO-000059,2025-01-08,Morning,M01,Changeover,Tooling change,18.52,0
DT-0000128,WO-000059,2025-01-08,Morning,M01,Microstop,Vision retry,14.09,0
DT-0000129,WO-000059,2025-01-08,Morning,M01,Planned,Preventive maintenance,6.76,1
DT-0000130,WO-000060,2025-01-08,Afternoon,M01,Microstop,Material jam,33.21,0
DT-0000131,WO-000060,2025-01-08,Afternoon,M01,Process,Parameter adjustment,8.8,0
DT-0000132,WO-000061,2025-01-08,Morning,M02,Breakdown,Sensor fault,9.15,0
DT-0000133,WO-000061,2025-01-08,Morning,M02,Process,Parameter adjustment,21.73,0
DT-0000134,WO-000061,2025-01-08,Morning,M02,Process,Parameter adjustment,20.57,0
DT-0000135,WO-000062,2025-01-08,Afternoon,M02,Planned,Calibration,12.96,1
DT-0000136,WO-000062,2025-01-08,Afternoon,M02,Planned,Calibration,33.6,1
DT-0000137,WO-000062,2025-01-08,Afternoon,M02,Process,Parameter adjustment,5.64,0
DT-0000138,WO-000062,2025-01-08,Afternoon,M02,Breakdown,Mechanical fault,3.32,0
DT-0000139,WO-000062,2025-01-08,Afternoon,M02,Changeover,Planned changeover,3.54,1
DT-0000140,WO-000063,2025-01-08,Morning,M03,Changeover,Tooling change,31.64,0
DT-0000141,WO-000064,2025-01-08,Afternoon,M03,Process,Parameter adjustment,27.16,0
DT-0000142,WO-000065,2025-01-08,Morning,M04,Breakdown,Robot recovery,38.78,0
DT-0000143,WO-000065,2025-01-08,Morning,M04,Changeover,Fixture setup,13.0,0
DT-0000144,WO-000065,2025-01-08,Morning,M04,Changeover,Fixture setup,64.02,0
DT-0000145,WO-000066,2025-01-08,Afternoon,M04,Microstop,Torch cleaning,9.96,0
DT-0000146,WO-000066,2025-01-08,Afternoon,M04,Microstop,Torch cleaning,89.78,0
DT-0000147,WO-000067,2025-01-08,Morning,M05,Changeover,Planned changeover,1.0,1
DT-0000148,WO-000067,2025-01-08,Morning,M05,Changeover,Tooling change,8.95,0
DT-0000149,WO-000067,2025-01-08,Morning,M05,Microstop,Material jam,50.22,0
DT-0000150,WO-000068,2025-01-08,Afternoon,M05,Breakdown,Mechanical fault,84.15,0
DT-0000151,WO-000069,2025-01-08,Morning,M06,Changeover,Planned changeover,43.78,1
DT-0000152,WO-000070,2025-01-08,Afternoon,M06,Microstop,Material jam,37.91,0
DT-0000153,WO-000070,2025-01-08,Afternoon,M06,Changeover,Tooling change,4.26,0
DT-0000154,WO-000071,2025-01-09,Morning,M01,Breakdown,Mechanical fault,22.31,0
DT-0000155,WO-000071,2025-01-09,Morning,M01,Microstop,Vision retry,19.75,0
DT-0000156,WO-000072,2025-01-09,Afternoon,M01,Microstop,Vision retry,56.37,0
DT-0000157,WO-000072,2025-01-09,Afternoon,M01,Material,Material shortage,5.53,0
DT-0000158,WO-000073,2025-01-09,Morning,M02,Microstop,Material jam,3.09,0
DT-0000159,WO-000073,2025-01-09,Morning,M02,Process,Parameter adjustment,5.22,0
DT-0000160,WO-000073,2025-01-09,Morning,M02,Breakdown,Mechanical fault,11.94,0
DT-0000161,WO-000073,2025-01-09,Morning,M02,Planned,Calibration,2.14,1
DT-0000162,WO-000073,2025-01-09,Morning,M02,Microstop,Material jam,40.96,0
DT-0000163,WO-000074,2025-01-09,Afternoon,M02,Material,Material shortage,18.76,0
DT-0000164,WO-000074,2025-01-09,Afternoon,M02,Process,Parameter adjustment,17.33,0
DT-0000165,WO-000075,2025-01-09,Morning,M03,Microstop,Vision retry,1.26,0
DT-0000166,WO-000075,2025-01-09,Morning,M03,Microstop,Vision retry,13.71,0
DT-0000167,WO-000075,2025-01-09,Morning,M03,Process,Parameter adjustment,35.26,0
DT-0000168,WO-000076,2025-01-09,Afternoon,M03,Changeover,Planned changeover,23.98,1
DT-0000169,WO-000076,2025-01-09,Afternoon,M03,Planned,Calibration,15.01,1
DT-0000170,WO-000076,2025-01-09,Afternoon,M03,Breakdown,Mechanical fault,4.35,0
DT-0000171,WO-000077,2025-01-09,Morning,M04,Process,Weld parameter adjustment,13.59,0
DT-0000172,WO-000077,2025-01-09,Morning,M04,Changeover,Fixture setup,11.2,0
DT-0000173,WO-000077,2025-01-09,Morning,M04,Changeover,Fixture setup,94.68,0
DT-0000174,WO-000078,2025-01-09,Afternoon,M04,Breakdown,Robot recovery,1.0,0
DT-0000175,WO-000078,2025-01-09,Afternoon,M04,Changeover,Fixture setup,113.56,0
DT-0000176,WO-000079,2025-01-09,Morning,M05,Process,Parameter adjustment,31.87,0
DT-0000177,WO-000079,2025-01-09,Morning,M05,Changeover,Tooling change,14.04,0
DT-0000178,WO-000080,2025-01-09,Afternoon,M05,Material,Material shortage,56.36,0
DT-0000179,WO-000081,2025-01-09,Morning,M06,Process,Parameter adjustment,11.74,0
DT-0000180,WO-000081,2025-01-09,Morning,M06,Material,Material shortage,21.73,0
DT-0000181,WO-000082,2025-01-09,Afternoon,M06,Changeover,Tooling change,27.66,0
DT-0000182,WO-000083,2025-01-10,Morning,M01,Breakdown,Sensor fault,16.27,0
DT-0000183,WO-000083,2025-01-10,Morning,M01,Process,Parameter adjustment,0.97,0
DT-0000184,WO-000083,2025-01-10,Morning,M01,Microstop,Material jam,0.97,0
DT-0000185,WO-000083,2025-01-10,Morning,M01,Breakdown,Sensor fault,16.62,0
DT-0000186,WO-000084,2025-01-10,Afternoon,M01,Planned,Preventive maintenance,29.12,1
DT-0000187,WO-000084,2025-01-10,Afternoon,M01,Breakdown,Sensor fault,19.98,0
DT-0000188,WO-000085,2025-01-10,Morning,M02,Microstop,Material jam,60.3,0
DT-0000189,WO-000085,2025-01-10,Morning,M02,Process,Parameter adjustment,6.55,0
DT-0000190,WO-000086,2025-01-10,Afternoon,M02,Changeover,Planned changeover,63.48,1
DT-0000191,WO-000087,2025-01-10,Morning,M03,Material,Material shortage,3.83,0
DT-0000192,WO-000087,2025-01-10,Morning,M03,Microstop,Vision retry,12.59,0
DT-0000193,WO-000087,2025-01-10,Morning,M03,Changeover,Tooling change,9.7,0
DT-0000194,WO-000088,2025-01-10,Afternoon,M03,Breakdown,Sensor fault,8.47,0
DT-0000195,WO-000088,2025-01-10,Afternoon,M03,Material,Material shortage,30.04,0
DT-0000196,WO-000089,2025-01-10,Morning,M04,Changeover,Fixture setup,45.01,0
DT-0000197,WO-000089,2025-01-10,Morning,M04,Changeover,Fixture setup,59.04,0
DT-0000198,WO-000090,2025-01-10,Afternoon,M04,Process,Weld parameter adjustment,41.52,0
DT-0000199,WO-000090,2025-01-10,Afternoon,M04,Changeover,Fixture setup,8.55,0
DT-0000200,WO-000090,2025-01-10,Afternoon,M04,Planned,Calibration,54.12,1
DT-0000201,WO-000090,2025-01-10,Afternoon,M04,Breakdown,Robot recovery,11.83,0
DT-0000202,WO-000091,2025-01-10,Morning,M05,Planned,Calibration,33.83,1
DT-0000203,WO-000091,2025-01-10,Morning,M05,Planned,Preventive maintenance,4.63,1
DT-0000204,WO-000092,2025-01-10,Afternoon,M05,Material,Material shortage,19.39,0
DT-0000205,WO-000092,2025-01-10,Afternoon,M05,Microstop,Material jam,0.98,0
DT-0000206,WO-000092,2025-01-10,Afternoon,M05,Changeover,Tooling change,22.09,0
DT-0000207,WO-000093,2025-01-10,Morning,M06,Breakdown,Sensor fault,13.54,0
DT-0000208,WO-000093,2025-01-10,Morning,M06,Breakdown,Sensor fault,1.2,0
DT-0000209,WO-000094,2025-01-10,Afternoon,M06,Breakdown,Mechanical fault,8.08,0
DT-0000210,WO-000094,2025-01-10,Afternoon,M06,Material,Material shortage,1.99,0
DT-0000211,WO-000094,2025-01-10,Afternoon,M06,Microstop,Vision retry,20.59,0
DT-0000212,WO-000095,2025-01-13,Morning,M01,Breakdown,Mechanical fault,40.43,0
DT-0000213,WO-000095,2025-01-13,Morning,M01,Breakdown,Mechanical fault,4.43,0
DT-0000214,WO-000096,2025-01-13,Afternoon,M01,Process,Parameter adjustment,11.84,0
DT-0000215,WO-000096,2025-01-13,Afternoon,M01,Changeover,Planned changeover,41.54,1
DT-0000216,WO-000096,2025-01-13,Afternoon,M01,Breakdown,Sensor fault,6.35,0
DT-0000217,WO-000096,2025-01-13,Afternoon,M01,Breakdown,Sensor fault,6.0,0
DT-0000218,WO-000096,2025-01-13,Afternoon,M01,Breakdown,Mechanical fault,1.44,0
DT-0000219,WO-000097,2025-01-13,Morning,M02,Microstop,Vision retry,48.72,0
DT-0000220,WO-000098,2025-01-13,Afternoon,M02,Changeover,Tooling change,74.63,0
DT-0000221,WO-000099,2025-01-13,Morning,M03,Material,Material shortage,9.52,0
DT-0000222,WO-000099,2025-01-13,Morning,M03,Microstop,Material jam,5.29,0
DT-0000223,WO-000099,2025-01-13,Morning,M03,Process,Parameter adjustment,26.09,0
DT-0000224,WO-000100,2025-01-13,Afternoon,M03,Microstop,Material jam,1.65,0
DT-0000225,WO-000100,2025-01-13,Afternoon,M03,Process,Parameter adjustment,42.21,0
DT-0000226,WO-000101,2025-01-13,Morning,M04,Planned,Preventive maintenance,11.83,1
DT-0000227,WO-000101,2025-01-13,Morning,M04,Planned,Calibration,5.91,1
DT-0000228,WO-000101,2025-01-13,Morning,M04,Changeover,Planned changeover,17.02,1
DT-0000229,WO-000101,2025-01-13,Morning,M04,Breakdown,Wire feeder fault,70.81,0
DT-0000230,WO-000102,2025-01-13,Afternoon,M04,Breakdown,Wire feeder fault,29.55,0
DT-0000231,WO-000102,2025-01-13,Afternoon,M04,Microstop,Torch cleaning,70.74,0
DT-0000232,WO-000103,2025-01-13,Morning,M05,Breakdown,Sensor fault,51.67,0
DT-0000233,WO-000104,2025-01-13,Afternoon,M05,Microstop,Vision retry,5.54,0
DT-0000234,WO-000104,2025-01-13,Afternoon,M05,Microstop,Vision retry,43.72,0
DT-0000235,WO-000105,2025-01-13,Morning,M06,Microstop,Vision retry,12.9,0
DT-0000236,WO-000106,2025-01-13,Afternoon,M06,Planned,Preventive maintenance,25.71,1
DT-0000237,WO-000106,2025-01-13,Afternoon,M06,Planned,Calibration,4.65,1
DT-0000238,WO-000107,2025-01-14,Morning,M01,Material,Material shortage,0.98,0
DT-0000239,WO-000107,2025-01-14,Morning,M01,Planned,Calibration,46.51,1
DT-0000240,WO-000107,2025-01-14,Morning,M01,Microstop,Material jam,4.81,0
DT-0000241,WO-000108,2025-01-14,Afternoon,M01,Changeover,Tooling change,57.53,0
DT-0000242,WO-000109,2025-01-14,Morning,M02,Process,Parameter adjustment,26.09,0
DT-0000243,WO-000109,2025-01-14,Morning,M02,Breakdown,Mechanical fault,13.51,0
DT-0000244,WO-000110,2025-01-14,Afternoon,M02,Changeover,Planned changeover,7.18,1
DT-0000245,WO-000110,2025-01-14,Afternoon,M02,Breakdown,Sensor fault,1.0,0
DT-0000246,WO-000110,2025-01-14,Afternoon,M02,Changeover,Tooling change,1.06,0
DT-0000247,WO-000110,2025-01-14,Afternoon,M02,Microstop,Material jam,53.57,0
DT-0000248,WO-000111,2025-01-14,Morning,M03,Material,Material shortage,47.28,0
DT-0000249,WO-000112,2025-01-14,Afternoon,M03,Microstop,Vision retry,45.48,0
DT-0000250,WO-000113,2025-01-14,Morning,M04,Planned,Preventive maintenance,42.64,1
DT-0000251,WO-000113,2025-01-14,Morning,M04,Microstop,Vision retry,7.56,0
DT-0000252,WO-000113,2025-01-14,Morning,M04,Breakdown,Robot recovery,60.41,0
DT-0000253,WO-000114,2025-01-14,Afternoon,M04,Microstop,Vision retry,14.67,0
DT-0000254,WO-000114,2025-01-14,Afternoon,M04,Changeover,Fixture setup,40.06,0
DT-0000255,WO-000114,2025-01-14,Afternoon,M04,Breakdown,Wire feeder fault,88.18,0
DT-0000256,WO-000115,2025-01-14,Morning,M05,Breakdown,Mechanical fault,6.19,0
DT-0000257,WO-000115,2025-01-14,Morning,M05,Material,Material shortage,5.03,0
DT-0000258,WO-000115,2025-01-14,Morning,M05,Process,Parameter adjustment,4.93,0
DT-0000259,WO-000115,2025-01-14,Morning,M05,Microstop,Material jam,15.82,0
DT-0000260,WO-000116,2025-01-14,Afternoon,M05,Breakdown,Mechanical fault,12.89,0
DT-0000261,WO-000116,2025-01-14,Afternoon,M05,Material,Material shortage,5.57,0
DT-0000262,WO-000116,2025-01-14,Afternoon,M05,Breakdown,Mechanical fault,42.27,0
DT-0000263,WO-000117,2025-01-14,Morning,M06,Microstop,Material jam,40.35,0
DT-0000264,WO-000118,2025-01-14,Afternoon,M06,Breakdown,Sensor fault,4.7,0
DT-0000265,WO-000118,2025-01-14,Afternoon,M06,Process,Parameter adjustment,8.53,0
DT-0000266,WO-000118,2025-01-14,Afternoon,M06,Breakdown,Sensor fault,4.22,0
DT-0000267,WO-000118,2025-01-14,Afternoon,M06,Microstop,Material jam,0.97,0
DT-0000268,WO-000119,2025-01-15,Morning,M01,Changeover,Tooling change,46.28,0
DT-0000269,WO-000120,2025-01-15,Afternoon,M01,Breakdown,Mechanical fault,12.81,0
DT-0000270,WO-000120,2025-01-15,Afternoon,M01,Changeover,Tooling change,20.2,0
DT-0000271,WO-000120,2025-01-15,Afternoon,M01,Breakdown,Sensor fault,8.56,0
DT-0000272,WO-000120,2025-01-15,Afternoon,M01,Planned,Preventive maintenance,16.04,1
DT-0000273,WO-000121,2025-01-15,Morning,M02,Process,Parameter adjustment,39.65,0
DT-0000274,WO-000122,2025-01-15,Afternoon,M02,Breakdown,Mechanical fault,62.01,0
DT-0000275,WO-000123,2025-01-15,Morning,M03,Microstop,Vision retry,37.05,0
DT-0000276,WO-000124,2025-01-15,Afternoon,M03,Breakdown,Mechanical fault,37.76,0
DT-0000277,WO-000125,2025-01-15,Morning,M04,Breakdown,Mechanical fault,34.58,0
DT-0000278,WO-000125,2025-01-15,Morning,M04,Microstop,Vision retry,17.93,0
DT-0000279,WO-000125,2025-01-15,Morning,M04,Breakdown,Mechanical fault,48.57,0
DT-0000280,WO-000126,2025-01-15,Afternoon,M04,Breakdown,Sensor fault,35.9,0
DT-0000281,WO-000126,2025-01-15,Afternoon,M04,Breakdown,Wire feeder fault,11.75,0
DT-0000282,WO-000126,2025-01-15,Afternoon,M04,Microstop,Vision retry,58.73,0
DT-0000283,WO-000127,2025-01-15,Morning,M05,Planned,Calibration,8.32,1
DT-0000284,WO-000127,2025-01-15,Morning,M05,Process,Parameter adjustment,34.08,0
DT-0000285,WO-000127,2025-01-15,Morning,M05,Planned,Preventive maintenance,5.25,1
DT-0000286,WO-000127,2025-01-15,Morning,M05,Microstop,Vision retry,10.35,0
DT-0000287,WO-000128,2025-01-15,Afternoon,M05,Process,Parameter adjustment,60.2,0
DT-0000288,WO-000129,2025-01-15,Morning,M06,Breakdown,Sensor fault,0.95,0
DT-0000289,WO-000129,2025-01-15,Morning,M06,Changeover,Tooling change,1.1,0
DT-0000290,WO-000129,2025-01-15,Morning,M06,Breakdown,Mechanical fault,4.0,0
DT-0000291,WO-000129,2025-01-15,Morning,M06,Breakdown,Sensor fault,7.76,0
DT-0000292,WO-000129,2025-01-15,Morning,M06,Microstop,Material jam,0.95,0
DT-0000293,WO-000130,2025-01-15,Afternoon,M06,Material,Material shortage,33.47,0
DT-0000294,WO-000131,2025-01-16,Morning,M01,Microstop,Vision retry,11.61,0
DT-0000295,WO-000131,2025-01-16,Morning,M01,Material,Material shortage,3.04,0
DT-0000296,WO-000131,2025-01-16,Morning,M01,Process,Parameter adjustment,7.23,0
DT-0000297,WO-000132,2025-01-16,Afternoon,M01,Microstop,Vision retry,19.34,0
DT-0000298,WO-000132,2025-01-16,Afternoon,M01,Material,Material shortage,29.61,0
DT-0000299,WO-000132,2025-01-16,Afternoon,M01,Changeover,Tooling change,1.61,0
DT-0000300,WO-000133,2025-01-16,Morning,M02,Changeover,Planned changeover,63.73,1
DT-0000301,WO-000134,2025-01-16,Afternoon,M02,Changeover,Tooling change,55.58,0
DT-0000302,WO-000135,2025-01-16,Morning,M03,Planned,Calibration,5.0,1
DT-0000303,WO-000135,2025-01-16,Morning,M03,Microstop,Material jam,27.42,0
DT-0000304,WO-000136,2025-01-16,Afternoon,M03,Material,Material shortage,1.63,0
DT-0000305,WO-000136,2025-01-16,Afternoon,M03,Breakdown,Sensor fault,7.08,0
DT-0000306,WO-000136,2025-01-16,Afternoon,M03,Microstop,Vision retry,3.07,0
DT-0000307,WO-000136,2025-01-16,Afternoon,M03,Planned,Preventive maintenance,31.42,1
DT-0000308,WO-000137,2025-01-16,Morning,M04,Changeover,Fixture setup,9.97,0
DT-0000309,WO-000137,2025-01-16,Morning,M04,Changeover,Fixture setup,20.56,0
DT-0000310,WO-000137,2025-01-16,Morning,M04,Breakdown,Wire feeder fault,25.07,0
DT-0000311,WO-000137,2025-01-16,Morning,M04,Changeover,Planned changeover,37.37,1
DT-0000312,WO-000137,2025-01-16,Morning,M04,Breakdown,Wire feeder fault,10.44,0
DT-0000313,WO-000138,2025-01-16,Afternoon,M04,Changeover,Fixture setup,30.67,0
DT-0000314,WO-000138,2025-01-16,Afternoon,M04,Planned,Calibration,60.01,1
DT-0000315,WO-000138,2025-01-16,Afternoon,M04,Breakdown,Mechanical fault,17.26,0
DT-0000316,WO-000139,2025-01-16,Morning,M05,Material,Material shortage,17.93,0
DT-0000317,WO-000139,2025-01-16,Morning,M05,Changeover,Tooling change,33.42,0
DT-0000318,WO-000140,2025-01-16,Afternoon,M05,Process,Parameter adjustment,50.34,0
DT-0000319,WO-000141,2025-01-16,Morning,M06,Material,Material shortage,25.21,0
DT-0000320,WO-000142,2025-01-16,Afternoon,M06,Changeover,Tooling change,0.95,0
DT-0000321,WO-000142,2025-01-16,Afternoon,M06,Breakdown,Sensor fault,4.98,0
DT-0000322,WO-000142,2025-01-16,Afternoon,M06,Process,Parameter adjustment,6.97,0
DT-0000323,WO-000143,2025-01-17,Morning,M01,Breakdown,Mechanical fault,9.77,0
DT-0000324,WO-000143,2025-01-17,Morning,M01,Breakdown,Mechanical fault,27.16,0
DT-0000325,WO-000144,2025-01-17,Afternoon,M01,Process,Parameter adjustment,21.31,0
DT-0000326,WO-000144,2025-01-17,Afternoon,M01,Planned,Preventive maintenance,13.57,1
DT-0000327,WO-000145,2025-01-17,Morning,M02,Changeover,Tooling change,10.08,0
DT-0000328,WO-000145,2025-01-17,Morning,M02,Planned,Preventive maintenance,33.07,1
DT-0000329,WO-000146,2025-01-17,Afternoon,M02,Breakdown,Mechanical fault,18.13,0
DT-0000330,WO-000146,2025-01-17,Afternoon,M02,Microstop,Material jam,8.67,0
DT-0000331,WO-000146,2025-01-17,Afternoon,M02,Process,Parameter adjustment,22.85,0
DT-0000332,WO-000147,2025-01-17,Morning,M03,Microstop,Vision retry,30.59,0
DT-0000333,WO-000148,2025-01-17,Afternoon,M03,Breakdown,Mechanical fault,4.21,0
DT-0000334,WO-000148,2025-01-17,Afternoon,M03,Process,Parameter adjustment,25.08,0
DT-0000335,WO-000148,2025-01-17,Afternoon,M03,Material,Material shortage,20.89,0
DT-0000336,WO-000149,2025-01-17,Morning,M04,Microstop,Material jam,107.59,0
DT-0000337,WO-000150,2025-01-17,Afternoon,M04,Breakdown,Robot recovery,55.8,0
DT-0000338,WO-000150,2025-01-17,Afternoon,M04,Changeover,Fixture setup,65.41,0
DT-0000339,WO-000151,2025-01-17,Morning,M05,Planned,Calibration,32.0,1
DT-0000340,WO-000151,2025-01-17,Morning,M05,Microstop,Vision retry,27.59,0
DT-0000341,WO-000152,2025-01-17,Afternoon,M05,Material,Material shortage,9.43,0
DT-0000342,WO-000152,2025-01-17,Afternoon,M05,Changeover,Planned changeover,44.96,1
DT-0000343,WO-000153,2025-01-17,Morning,M06,Microstop,Material jam,27.11,0
DT-0000344,WO-000154,2025-01-17,Afternoon,M06,Planned,Preventive maintenance,54.83,1
DT-0000345,WO-000155,2025-01-20,Morning,M01,Microstop,Material jam,65.36,0
DT-0000346,WO-000156,2025-01-20,Afternoon,M01,Breakdown,Sensor fault,2.05,0
DT-0000347,WO-000156,2025-01-20,Afternoon,M01,Process,Parameter adjustment,75.39,0
DT-0000348,WO-000156,2025-01-20,Afternoon,M01,Breakdown,Sensor fault,1.0,0
DT-0000349,WO-000157,2025-01-20,Morning,M02,Changeover,Tooling change,3.77,0
DT-0000350,WO-000157,2025-01-20,Morning,M02,Changeover,Tooling change,22.43,0
DT-0000351,WO-000157,2025-01-20,Morning,M02,Material,Material shortage,33.04,0
DT-0000352,WO-000157,2025-01-20,Morning,M02,Breakdown,Mechanical fault,3.48,0
DT-0000353,WO-000158,2025-01-20,Afternoon,M02,Planned,Calibration,2.25,1
DT-0000354,WO-000158,2025-01-20,Afternoon,M02,Microstop,Material jam,50.93,0
DT-0000355,WO-000158,2025-01-20,Afternoon,M02,Breakdown,Mechanical fault,10.6,0
DT-0000356,WO-000159,2025-01-20,Morning,M03,Material,Material shortage,49.42,0
DT-0000357,WO-000159,2025-01-20,Morning,M03,Changeover,Tooling change,10.44,0
DT-0000358,WO-000160,2025-01-20,Afternoon,M03,Breakdown,Mechanical fault,10.01,0
DT-0000359,WO-000160,2025-01-20,Afternoon,M03,Microstop,Vision retry,8.79,0
DT-0000360,WO-000160,2025-01-20,Afternoon,M03,Changeover,Tooling change,27.83,0
DT-0000361,WO-000160,2025-01-20,Afternoon,M03,Microstop,Material jam,7.2,0
DT-0000362,WO-000161,2025-01-20,Morning,M04,Breakdown,Robot recovery,42.0,0
DT-0000363,WO-000161,2025-01-20,Morning,M04,Changeover,Fixture setup,4.3,0
DT-0000364,WO-000161,2025-01-20,Morning,M04,Microstop,Torch cleaning,69.98,0
DT-0000365,WO-000162,2025-01-20,Afternoon,M04,Changeover,Planned changeover,65.02,1
DT-0000366,WO-000162,2025-01-20,Afternoon,M04,Changeover,Fixture setup,46.21,0
DT-0000367,WO-000163,2025-01-20,Morning,M05,Microstop,Vision retry,24.87,0
DT-0000368,WO-000163,2025-01-20,Morning,M05,Microstop,Material jam,40.42,0
DT-0000369,WO-000164,2025-01-20,Afternoon,M05,Process,Parameter adjustment,60.45,0
DT-0000370,WO-000165,2025-01-20,Morning,M06,Planned,Calibration,5.01,1
DT-0000371,WO-000165,2025-01-20,Morning,M06,Material,Material shortage,12.87,0
DT-0000372,WO-000165,2025-01-20,Morning,M06,Process,Parameter adjustment,2.59,0
DT-0000373,WO-000166,2025-01-20,Afternoon,M06,Planned,Preventive maintenance,14.08,1
DT-0000374,WO-000166,2025-01-20,Afternoon,M06,Microstop,Material jam,8.65,0
DT-0000375,WO-000166,2025-01-20,Afternoon,M06,Microstop,Material jam,9.85,0
DT-0000376,WO-000167,2025-01-21,Morning,M01,Breakdown,Mechanical fault,45.62,0
DT-0000377,WO-000168,2025-01-21,Afternoon,M01,Planned,Calibration,7.2,1
DT-0000378,WO-000168,2025-01-21,Afternoon,M01,Process,Parameter adjustment,56.25,0
DT-0000379,WO-000169,2025-01-21,Morning,M02,Breakdown,Mechanical fault,27.29,0
DT-0000380,WO-000169,2025-01-21,Morning,M02,Breakdown,Mechanical fault,4.6,0
DT-0000381,WO-000169,2025-01-21,Morning,M02,Breakdown,Mechanical fault,20.59,0
DT-0000382,WO-000170,2025-01-21,Afternoon,M02,Changeover,Tooling change,16.28,0
DT-0000383,WO-000170,2025-01-21,Afternoon,M02,Microstop,Material jam,22.9,0
DT-0000384,WO-000170,2025-01-21,Afternoon,M02,Material,Material shortage,8.14,0
DT-0000385,WO-000170,2025-01-21,Afternoon,M02,Microstop,Material jam,1.0,0
DT-0000386,WO-000171,2025-01-21,Morning,M03,Breakdown,Mechanical fault,32.79,0
DT-0000387,WO-000172,2025-01-21,Afternoon,M03,Planned,Preventive maintenance,36.49,1
DT-0000388,WO-000172,2025-01-21,Afternoon,M03,Planned,Preventive maintenance,7.48,1
DT-0000389,WO-000173,2025-01-21,Morning,M04,Breakdown,Robot recovery,33.36,0
DT-0000390,WO-000173,2025-01-21,Morning,M04,Breakdown,Robot recovery,28.82,0
DT-0000391,WO-000173,2025-01-21,Morning,M04,Breakdown,Robot recovery,48.27,0
DT-0000392,WO-000174,2025-01-21,Afternoon,M04,Breakdown,Mechanical fault,26.47,0
DT-0000393,WO-000174,2025-01-21,Afternoon,M04,Changeover,Fixture setup,89.1,0
DT-0000394,WO-000175,2025-01-21,Morning,M05,Changeover,Planned changeover,24.3,1
DT-0000395,WO-000175,2025-01-21,Morning,M05,Changeover,Tooling change,37.5,0
DT-0000396,WO-000175,2025-01-21,Morning,M05,Process,Parameter adjustment,5.25,0
DT-0000397,WO-000176,2025-01-21,Afternoon,M05,Planned,Preventive maintenance,33.26,1
DT-0000398,WO-000176,2025-01-21,Afternoon,M05,Breakdown,Mechanical fault,32.6,0
DT-0000399,WO-000177,2025-01-21,Morning,M06,Process,Parameter adjustment,3.58,0
DT-0000400,WO-000177,2025-01-21,Morning,M06,Breakdown,Mechanical fault,7.97,0
DT-0000401,WO-000177,2025-01-21,Morning,M06,Microstop,Material jam,12.86,0
DT-0000402,WO-000178,2025-01-21,Afternoon,M06,Changeover,Tooling change,0.95,0
DT-0000403,WO-000178,2025-01-21,Afternoon,M06,Microstop,Vision retry,11.95,0
DT-0000404,WO-000179,2025-01-22,Morning,M01,Breakdown,Sensor fault,33.59,0
DT-0000405,WO-000180,2025-01-22,Afternoon,M01,Process,Parameter adjustment,12.14,0
DT-0000406,WO-000180,2025-01-22,Afternoon,M01,Breakdown,Mechanical fault,28.01,0
DT-0000407,WO-000181,2025-01-22,Morning,M02,Microstop,Vision retry,29.22,0
DT-0000408,WO-000181,2025-01-22,Morning,M02,Process,Parameter adjustment,16.92,0
DT-0000409,WO-000182,2025-01-22,Afternoon,M02,Planned,Preventive maintenance,6.39,1
DT-0000410,WO-000182,2025-01-22,Afternoon,M02,Breakdown,Sensor fault,25.88,0
DT-0000411,WO-000182,2025-01-22,Afternoon,M02,Breakdown,Sensor fault,29.35,0
DT-0000412,WO-000183,2025-01-22,Morning,M03,Changeover,Tooling change,4.7,0
DT-0000413,WO-000183,2025-01-22,Morning,M03,Planned,Calibration,5.81,1
DT-0000414,WO-000183,2025-01-22,Morning,M03,Breakdown,Mechanical fault,10.13,0
DT-0000415,WO-000184,2025-01-22,Afternoon,M03,Changeover,Planned changeover,59.16,1
DT-0000416,WO-000184,2025-01-22,Afternoon,M03,Material,Material shortage,1.0,0
DT-0000417,WO-000185,2025-01-22,Morning,M04,Changeover,Fixture setup,28.19,0
DT-0000418,WO-000185,2025-01-22,Morning,M04,Changeover,Planned changeover,72.62,1
DT-0000419,WO-000186,2025-01-22,Afternoon,M04,Process,Weld parameter adjustment,42.87,0
DT-0000420,WO-000186,2025-01-22,Afternoon,M04,Breakdown,Robot recovery,52.92,0
DT-0000421,WO-000187,2025-01-22,Morning,M05,Microstop,Vision retry,29.47,0
DT-0000422,WO-000187,2025-01-22,Morning,M05,Microstop,Vision retry,2.27,0
DT-0000423,WO-000187,2025-01-22,Morning,M05,Planned,Preventive maintenance,8.52,1
DT-0000424,WO-000187,2025-01-22,Morning,M05,Microstop,Material jam,7.39,0
DT-0000425,WO-000188,2025-01-22,Afternoon,M05,Microstop,Material jam,64.61,0
DT-0000426,WO-000189,2025-01-22,Morning,M06,Microstop,Material jam,21.82,0
DT-0000427,WO-000189,2025-01-22,Morning,M06,Process,Parameter adjustment,28.85,0
DT-0000428,WO-000189,2025-01-22,Morning,M06,Planned,Preventive maintenance,3.03,1
DT-0000429,WO-000190,2025-01-23,Morning,M01,Microstop,Material jam,4.92,0
DT-0000430,WO-000190,2025-01-23,Morning,M01,Planned,Preventive maintenance,14.32,1
DT-0000431,WO-000190,2025-01-23,Morning,M01,Process,Parameter adjustment,33.82,0
DT-0000432,WO-000191,2025-01-23,Afternoon,M01,Microstop,Material jam,42.14,0
DT-0000433,WO-000191,2025-01-23,Afternoon,M01,Changeover,Planned changeover,4.23,1
DT-0000434,WO-000192,2025-01-23,Morning,M02,Material,Material shortage,42.16,0
DT-0000435,WO-000192,2025-01-23,Morning,M02,Material,Material shortage,4.74,0
DT-0000436,WO-000193,2025-01-23,Afternoon,M02,Changeover,Tooling change,8.91,0
DT-0000437,WO-000193,2025-01-23,Afternoon,M02,Material,Material shortage,46.78,0
DT-0000438,WO-000194,2025-01-23,Morning,M03,Process,Parameter adjustment,44.16,0
DT-0000439,WO-000194,2025-01-23,Morning,M03,Process,Parameter adjustment,10.98,0
DT-0000440,WO-000195,2025-01-23,Afternoon,M03,Changeover,Tooling change,14.84,0
DT-0000441,WO-000195,2025-01-23,Afternoon,M03,Breakdown,Sensor fault,10.06,0
DT-0000442,WO-000195,2025-01-23,Afternoon,M03,Process,Parameter adjustment,29.21,0
DT-0000443,WO-000196,2025-01-23,Morning,M04,Breakdown,Mechanical fault,23.72,0
DT-0000444,WO-000196,2025-01-23,Morning,M04,Changeover,Fixture setup,27.41,0
DT-0000445,WO-000196,2025-01-23,Morning,M04,Changeover,Fixture setup,22.92,0
DT-0000446,WO-000196,2025-01-23,Morning,M04,Microstop,Material jam,16.11,0
DT-0000447,WO-000196,2025-01-23,Morning,M04,Changeover,Fixture setup,11.15,0
DT-0000448,WO-000197,2025-01-23,Afternoon,M04,Changeover,Fixture setup,76.73,0
DT-0000449,WO-000197,2025-01-23,Afternoon,M04,Process,Weld parameter adjustment,38.46,0
DT-0000450,WO-000198,2025-01-23,Morning,M05,Breakdown,Sensor fault,22.34,0
DT-0000451,WO-000198,2025-01-23,Morning,M05,Microstop,Vision retry,19.01,0
DT-0000452,WO-000198,2025-01-23,Morning,M05,Microstop,Material jam,2.82,0
DT-0000453,WO-000199,2025-01-23,Afternoon,M05,Planned,Preventive maintenance,15.16,1
DT-0000454,WO-000199,2025-01-23,Afternoon,M05,Changeover,Tooling change,42.34,0
DT-0000455,WO-000200,2025-01-23,Morning,M06,Planned,Preventive maintenance,32.9,1
DT-0000456,WO-000201,2025-01-23,Afternoon,M06,Breakdown,Mechanical fault,12.19,0
DT-0000457,WO-000201,2025-01-23,Afternoon,M06,Breakdown,Sensor fault,47.19,0
DT-0000458,WO-000202,2025-01-24,Morning,M01,Breakdown,Mechanical fault,23.9,0
DT-0000459,WO-000203,2025-01-24,Afternoon,M01,Breakdown,Mechanical fault,46.31,0
DT-0000460,WO-000204,2025-01-24,Morning,M02,Material,Material shortage,38.93,0
DT-0000461,WO-000204,2025-01-24,Morning,M02,Changeover,Tooling change,10.89,0
DT-0000462,WO-000205,2025-01-24,Afternoon,M02,Microstop,Vision retry,27.37,0
DT-0000463,WO-000205,2025-01-24,Afternoon,M02,Changeover,Tooling change,3.79,0
DT-0000464,WO-000206,2025-01-24,Morning,M03,Planned,Preventive maintenance,25.91,1
DT-0000465,WO-000206,2025-01-24,Morning,M03,Microstop,Vision retry,2.35,0
DT-0000466,WO-000206,2025-01-24,Morning,M03,Planned,Preventive maintenance,27.4,1
DT-0000467,WO-000207,2025-01-24,Afternoon,M03,Process,Parameter adjustment,19.55,0
DT-0000468,WO-000207,2025-01-24,Afternoon,M03,Process,Parameter adjustment,2.34,0
DT-0000469,WO-000207,2025-01-24,Afternoon,M03,Planned,Calibration,5.55,1
DT-0000470,WO-000207,2025-01-24,Afternoon,M03,Breakdown,Sensor fault,3.48,0
DT-0000471,WO-000207,2025-01-24,Afternoon,M03,Microstop,Vision retry,10.32,0
DT-0000472,WO-000208,2025-01-24,Morning,M04,Changeover,Fixture setup,53.4,0
DT-0000473,WO-000208,2025-01-24,Morning,M04,Process,Weld parameter adjustment,64.37,0
DT-0000474,WO-000209,2025-01-24,Afternoon,M04,Microstop,Torch cleaning,8.5,0
DT-0000475,WO-000209,2025-01-24,Afternoon,M04,Planned,Preventive maintenance,38.5,1
DT-0000476,WO-000209,2025-01-24,Afternoon,M04,Material,Material shortage,51.48,0
DT-0000477,WO-000209,2025-01-24,Afternoon,M04,Changeover,Fixture setup,21.01,0
DT-0000478,WO-000210,2025-01-24,Morning,M05,Planned,Calibration,8.98,1
DT-0000479,WO-000210,2025-01-24,Morning,M05,Microstop,Vision retry,24.58,0
DT-0000480,WO-000210,2025-01-24,Morning,M05,Breakdown,Mechanical fault,10.46,0
DT-0000481,WO-000211,2025-01-24,Afternoon,M05,Changeover,Tooling change,19.01,0
DT-0000482,WO-000211,2025-01-24,Afternoon,M05,Process,Parameter adjustment,37.09,0
DT-0000483,WO-000212,2025-01-24,Morning,M06,Process,Parameter adjustment,14.89,0
DT-0000484,WO-000212,2025-01-24,Morning,M06,Microstop,Vision retry,23.35,0
DT-0000485,WO-000213,2025-01-24,Afternoon,M06,Microstop,Material jam,5.69,0
DT-0000486,WO-000213,2025-01-24,Afternoon,M06,Planned,Calibration,0.97,1
DT-0000487,WO-000213,2025-01-24,Afternoon,M06,Microstop,Material jam,22.19,0
DT-0000488,WO-000214,2025-01-27,Morning,M01,Microstop,Material jam,1.57,0
DT-0000489,WO-000214,2025-01-27,Morning,M01,Breakdown,Sensor fault,0.99,0
DT-0000490,WO-000214,2025-01-27,Morning,M01,Breakdown,Mechanical fault,46.82,0
DT-0000491,WO-000215,2025-01-27,Afternoon,M01,Microstop,Material jam,23.4,0
DT-0000492,WO-000215,2025-01-27,Afternoon,M01,Process,Parameter adjustment,19.49,0
DT-0000493,WO-000215,2025-01-27,Afternoon,M01,Microstop,Vision retry,19.23,0
DT-0000494,WO-000216,2025-01-27,Morning,M02,Material,Material shortage,1.94,0
DT-0000495,WO-000216,2025-01-27,Morning,M02,Process,Parameter adjustment,42.38,0
DT-0000496,WO-000217,2025-01-27,Afternoon,M02,Breakdown,Mechanical fault,12.1,0
DT-0000497,WO-000217,2025-01-27,Afternoon,M02,Planned,Preventive maintenance,6.1,1
DT-0000498,WO-000217,2025-01-27,Afternoon,M02,Microstop,Material jam,35.52,0
DT-0000499,WO-000218,2025-01-27,Morning,M03,Process,Parameter adjustment,30.04,0
DT-0000500,WO-000218,2025-01-27,Morning,M03,Process,Parameter adjustment,7.47,0
DT-0000501,WO-000218,2025-01-27,Morning,M03,Changeover,Planned changeover,7.16,1
DT-0000502,WO-000219,2025-01-27,Afternoon,M03,Process,Parameter adjustment,40.77,0
DT-0000503,WO-000220,2025-01-27,Morning,M04,Planned,Calibration,48.75,1
DT-0000504,WO-000220,2025-01-27,Morning,M04,Changeover,Fixture setup,79.67,0
DT-0000505,WO-000221,2025-01-27,Afternoon,M04,Breakdown,Robot recovery,40.44,0
DT-0000506,WO-000221,2025-01-27,Afternoon,M04,Changeover,Fixture setup,49.52,0
DT-0000507,WO-000221,2025-01-27,Afternoon,M04,Planned,Calibration,24.31,1
DT-0000508,WO-000222,2025-01-27,Afternoon,M05,Breakdown,Mechanical fault,56.03,0
DT-0000509,WO-000222,2025-01-27,Afternoon,M05,Process,Parameter adjustment,8.17,0
DT-0000510,WO-000223,2025-01-27,Morning,M06,Material,Material shortage,43.73,0
DT-0000511,WO-000224,2025-01-27,Afternoon,M06,Breakdown,Sensor fault,36.11,0
DT-0000512,WO-000225,2025-01-28,Morning,M01,Breakdown,Sensor fault,34.81,0
DT-0000513,WO-000225,2025-01-28,Morning,M01,Changeover,Planned changeover,3.74,1
DT-0000514,WO-000226,2025-01-28,Afternoon,M01,Breakdown,Mechanical fault,56.5,0
DT-0000515,WO-000227,2025-01-28,Morning,M02,Process,Parameter adjustment,8.78,0
DT-0000516,WO-000227,2025-01-28,Morning,M02,Microstop,Vision retry,31.02,0
DT-0000517,WO-000227,2025-01-28,Morning,M02,Process,Parameter adjustment,13.38,0
DT-0000518,WO-000228,2025-01-28,Afternoon,M02,Process,Parameter adjustment,36.48,0
DT-0000519,WO-000228,2025-01-28,Afternoon,M02,Breakdown,Sensor fault,2.84,0
DT-0000520,WO-000228,2025-01-28,Afternoon,M02,Breakdown,Sensor fault,5.97,0
DT-0000521,WO-000229,2025-01-28,Morning,M03,Microstop,Vision retry,44.36,0
DT-0000522,WO-000230,2025-01-28,Afternoon,M03,Breakdown,Sensor fault,27.72,0
DT-0000523,WO-000230,2025-01-28,Afternoon,M03,Breakdown,Sensor fault,21.0,0
DT-0000524,WO-000231,2025-01-28,Morning,M04,Planned,Preventive maintenance,27.52,1
DT-0000525,WO-000231,2025-01-28,Morning,M04,Changeover,Fixture setup,39.32,0
DT-0000526,WO-000231,2025-01-28,Morning,M04,Changeover,Fixture setup,19.55,0
DT-0000527,WO-000231,2025-01-28,Morning,M04,Breakdown,Robot recovery,30.37,0
DT-0000528,WO-000232,2025-01-28,Afternoon,M04,Changeover,Planned changeover,120.48,1
DT-0000529,WO-000233,2025-01-28,Morning,M05,Microstop,Vision retry,8.77,0
DT-0000530,WO-000233,2025-01-28,Morning,M05,Planned,Preventive maintenance,7.83,1
DT-0000531,WO-000233,2025-01-28,Morning,M05,Breakdown,Sensor fault,0.99,0
DT-0000532,WO-000233,2025-01-28,Morning,M05,Microstop,Vision retry,23.45,0
DT-0000533,WO-000233,2025-01-28,Morning,M05,Planned,Calibration,7.99,1
DT-0000534,WO-000234,2025-01-28,Afternoon,M05,Process,Parameter adjustment,55.29,0
DT-0000535,WO-000235,2025-01-28,Morning,M06,Planned,Preventive maintenance,15.22,1
DT-0000536,WO-000235,2025-01-28,Morning,M06,Microstop,Vision retry,10.16,0
DT-0000537,WO-000236,2025-01-28,Afternoon,M06,Microstop,Material jam,7.33,0
DT-0000538,WO-000236,2025-01-28,Afternoon,M06,Material,Material shortage,22.02,0
DT-0000539,WO-000237,2025-01-29,Morning,M01,Changeover,Tooling change,53.45,0
DT-0000540,WO-000238,2025-01-29,Afternoon,M01,Planned,Preventive maintenance,1.0,1
DT-0000541,WO-000238,2025-01-29,Afternoon,M01,Changeover,Tooling change,15.89,0
DT-0000542,WO-000238,2025-01-29,Afternoon,M01,Microstop,Material jam,30.03,0
DT-0000543,WO-000239,2025-01-29,Morning,M02,Breakdown,Mechanical fault,12.95,0
DT-0000544,WO-000239,2025-01-29,Morning,M02,Process,Parameter adjustment,13.29,0
DT-0000545,WO-000239,2025-01-29,Morning,M02,Microstop,Material jam,23.1,0
DT-0000546,WO-000240,2025-01-29,Afternoon,M02,Breakdown,Sensor fault,7.26,0
DT-0000547,WO-000240,2025-01-29,Afternoon,M02,Microstop,Material jam,28.45,0
DT-0000548,WO-000240,2025-01-29,Afternoon,M02,Microstop,Material jam,2.06,0
DT-0000549,WO-000240,2025-01-29,Afternoon,M02,Changeover,Planned changeover,3.12,1
DT-0000550,WO-000241,2025-01-29,Morning,M03,Process,Parameter adjustment,4.3,0
DT-0000551,WO-000241,2025-01-29,Morning,M03,Changeover,Planned changeover,45.88,1
DT-0000552,WO-000242,2025-01-29,Afternoon,M03,Material,Material shortage,28.68,0
DT-0000553,WO-000242,2025-01-29,Afternoon,M03,Planned,Preventive maintenance,19.19,1
DT-0000554,WO-000243,2025-01-29,Morning,M04,Changeover,Fixture setup,8.92,0
DT-0000555,WO-000243,2025-01-29,Morning,M04,Planned,Calibration,3.26,1
DT-0000556,WO-000243,2025-01-29,Morning,M04,Microstop,Torch cleaning,93.33,0
DT-0000557,WO-000244,2025-01-29,Afternoon,M04,Breakdown,Sensor fault,92.26,0
DT-0000558,WO-000244,2025-01-29,Afternoon,M04,Planned,Preventive maintenance,21.77,1
DT-0000559,WO-000245,2025-01-29,Morning,M05,Process,Parameter adjustment,34.93,0
DT-0000560,WO-000246,2025-01-29,Afternoon,M05,Breakdown,Mechanical fault,16.26,0
DT-0000561,WO-000246,2025-01-29,Afternoon,M05,Breakdown,Sensor fault,42.3,0
DT-0000562,WO-000247,2025-01-29,Morning,M06,Microstop,Vision retry,41.23,0
DT-0000563,WO-000248,2025-01-29,Afternoon,M06,Changeover,Tooling change,26.28,0
DT-0000564,WO-000249,2025-01-30,Morning,M01,Breakdown,Sensor fault,31.92,0
DT-0000565,WO-000249,2025-01-30,Morning,M01,Breakdown,Mechanical fault,7.16,0
DT-0000566,WO-000250,2025-01-30,Afternoon,M01,Process,Parameter adjustment,43.24,0
DT-0000567,WO-000250,2025-01-30,Afternoon,M01,Changeover,Tooling change,12.96,0
DT-0000568,WO-000250,2025-01-30,Afternoon,M01,Changeover,Tooling change,8.99,0
DT-0000569,WO-000251,2025-01-30,Morning,M02,Breakdown,Mechanical fault,39.12,0
DT-0000570,WO-000252,2025-01-30,Afternoon,M02,Breakdown,Sensor fault,37.72,0
DT-0000571,WO-000253,2025-01-30,Morning,M03,Breakdown,Sensor fault,6.29,0
DT-0000572,WO-000253,2025-01-30,Morning,M03,Microstop,Material jam,24.1,0
DT-0000573,WO-000254,2025-01-30,Afternoon,M03,Material,Material shortage,56.47,0
DT-0000574,WO-000255,2025-01-30,Morning,M04,Changeover,Planned changeover,69.81,1
DT-0000575,WO-000255,2025-01-30,Morning,M04,Breakdown,Robot recovery,50.85,0
DT-0000576,WO-000256,2025-01-30,Afternoon,M04,Planned,Calibration,59.83,1
DT-0000577,WO-000256,2025-01-30,Afternoon,M04,Planned,Calibration,16.49,1
DT-0000578,WO-000256,2025-01-30,Afternoon,M04,Planned,Preventive maintenance,15.88,1
DT-0000579,WO-000257,2025-01-30,Morning,M05,Breakdown,Sensor fault,30.4,0
DT-0000580,WO-000258,2025-01-30,Afternoon,M05,Microstop,Material jam,4.98,0
DT-0000581,WO-000258,2025-01-30,Afternoon,M05,Breakdown,Sensor fault,24.6,0
DT-0000582,WO-000258,2025-01-30,Afternoon,M05,Changeover,Tooling change,17.61,0
DT-0000583,WO-000258,2025-01-30,Afternoon,M05,Material,Material shortage,5.9,0
DT-0000584,WO-000258,2025-01-30,Afternoon,M05,Changeover,Tooling change,8.39,0
DT-0000585,WO-000259,2025-01-30,Morning,M06,Microstop,Vision retry,28.69,0
DT-0000586,WO-000260,2025-01-30,Afternoon,M06,Changeover,Tooling change,2.28,0
DT-0000587,WO-000260,2025-01-30,Afternoon,M06,Breakdown,Mechanical fault,3.91,0
DT-0000588,WO-000260,2025-01-30,Afternoon,M06,Breakdown,Sensor fault,2.75,0
DT-0000589,WO-000260,2025-01-30,Afternoon,M06,Changeover,Tooling change,2.94,0
DT-0000590,WO-000260,2025-01-30,Afternoon,M06,Material,Material shortage,12.25,0
DT-0000591,WO-000261,2025-01-31,Morning,M01,Planned,Calibration,24.09,1
DT-0000592,WO-000261,2025-01-31,Morning,M01,Planned,Preventive maintenance,27.05,1
DT-0000593,WO-000262,2025-01-31,Afternoon,M01,Planned,Calibration,56.08,1
DT-0000594,WO-000263,2025-01-31,Morning,M02,Microstop,Vision retry,2.75,0
DT-0000595,WO-000263,2025-01-31,Morning,M02,Material,Material shortage,49.09,0
DT-0000596,WO-000263,2025-01-31,Morning,M02,Breakdown,Sensor fault,4.59,0
DT-0000597,WO-000264,2025-01-31,Afternoon,M02,Microstop,Vision retry,24.51,0
DT-0000598,WO-000264,2025-01-31,Afternoon,M02,Material,Material shortage,49.0,0
DT-0000599,WO-000265,2025-01-31,Morning,M03,Material,Material shortage,11.64,0
DT-0000600,WO-000265,2025-01-31,Morning,M03,Microstop,Material jam,5.62,0
DT-0000601,WO-000265,2025-01-31,Morning,M03,Breakdown,Mechanical fault,4.55,0
DT-0000602,WO-000265,2025-01-31,Morning,M03,Process,Parameter adjustment,6.31,0
DT-0000603,WO-000265,2025-01-31,Morning,M03,Changeover,Tooling change,0.97,0
DT-0000604,WO-000266,2025-01-31,Afternoon,M03,Changeover,Planned changeover,18.66,1
DT-0000605,WO-000266,2025-01-31,Afternoon,M03,Breakdown,Mechanical fault,26.88,0
DT-0000606,WO-000267,2025-01-31,Morning,M04,Breakdown,Robot recovery,64.65,0
DT-0000607,WO-000267,2025-01-31,Morning,M04,Microstop,Torch cleaning,30.51,0
DT-0000608,WO-000267,2025-01-31,Morning,M04,Changeover,Fixture setup,16.83,0
DT-0000609,WO-000268,2025-01-31,Afternoon,M04,Changeover,Fixture setup,118.77,0
DT-0000610,WO-000269,2025-01-31,Morning,M05,Breakdown,Sensor fault,8.03,0
DT-0000611,WO-000269,2025-01-31,Morning,M05,Planned,Preventive maintenance,61.23,1
DT-0000612,WO-000270,2025-01-31,Afternoon,M05,Material,Material shortage,90.51,0
DT-0000613,WO-000271,2025-01-31,Morning,M06,Changeover,Planned changeover,19.35,1
DT-0000614,WO-000271,2025-01-31,Morning,M06,Material,Material shortage,6.16,0
DT-0000615,WO-000271,2025-01-31,Morning,M06,Microstop,Vision retry,0.97,0
DT-0000616,WO-000272,2025-01-31,Afternoon,M06,Breakdown,Mechanical fault,50.04,0
DT-0000617,WO-000273,2025-02-03,Morning,M01,Material,Material shortage,14.45,0
DT-0000618,WO-000273,2025-02-03,Morning,M01,Breakdown,Mechanical fault,35.03,0
DT-0000619,WO-000274,2025-02-03,Afternoon,M01,Microstop,Material jam,0.98,0
DT-0000620,WO-000274,2025-02-03,Afternoon,M01,Material,Material shortage,49.66,0
DT-0000621,WO-000274,2025-02-03,Afternoon,M01,Breakdown,Mechanical fault,1.94,0
DT-0000622,WO-000275,2025-02-03,Morning,M02,Process,Parameter adjustment,27.08,0
DT-0000623,WO-000275,2025-02-03,Morning,M02,Planned,Preventive maintenance,3.13,1
DT-0000624,WO-000276,2025-02-03,Afternoon,M02,Process,Parameter adjustment,12.08,0
DT-0000625,WO-000276,2025-02-03,Afternoon,M02,Process,Parameter adjustment,41.37,0
DT-0000626,WO-000277,2025-02-03,Morning,M03,Breakdown,Sensor fault,13.36,0
DT-0000627,WO-000277,2025-02-03,Morning,M03,Microstop,Material jam,27.4,0
DT-0000628,WO-000278,2025-02-03,Afternoon,M03,Breakdown,Mechanical fault,22.48,0
DT-0000629,WO-000278,2025-02-03,Afternoon,M03,Breakdown,Sensor fault,22.74,0
DT-0000630,WO-000279,2025-02-03,Morning,M04,Microstop,Material jam,17.07,0
DT-0000631,WO-000279,2025-02-03,Morning,M04,Changeover,Fixture setup,20.5,0
DT-0000632,WO-000279,2025-02-03,Morning,M04,Changeover,Fixture setup,80.1,0
DT-0000633,WO-000280,2025-02-03,Afternoon,M04,Microstop,Torch cleaning,41.76,0
DT-0000634,WO-000280,2025-02-03,Afternoon,M04,Changeover,Planned changeover,16.36,1
DT-0000635,WO-000280,2025-02-03,Afternoon,M04,Changeover,Fixture setup,36.39,0
DT-0000636,WO-000280,2025-02-03,Afternoon,M04,Planned,Preventive maintenance,2.76,1
DT-0000637,WO-000280,2025-02-03,Afternoon,M04,Changeover,Fixture setup,26.23,0
DT-0000638,WO-000281,2025-02-03,Morning,M05,Changeover,Tooling change,57.46,0
DT-0000639,WO-000282,2025-02-03,Afternoon,M05,Changeover,Tooling change,55.09,0
DT-0000640,WO-000283,2025-02-03,Morning,M06,Breakdown,Mechanical fault,20.93,0
DT-0000641,WO-000283,2025-02-03,Morning,M06,Planned,Calibration,6.13,1
DT-0000642,WO-000284,2025-02-03,Afternoon,M06,Changeover,Planned changeover,6.76,1
DT-0000643,WO-000284,2025-02-03,Afternoon,M06,Microstop,Vision retry,19.4,0
DT-0000644,WO-000285,2025-02-04,Morning,M01,Changeover,Tooling change,20.0,0
DT-0000645,WO-000285,2025-02-04,Morning,M01,Breakdown,Mechanical fault,2.65,0
DT-0000646,WO-000285,2025-02-04,Morning,M01,Breakdown,Sensor fault,9.39,0
DT-0000647,WO-000286,2025-02-04,Morning,M02,Changeover,Tooling change,5.78,0
DT-0000648,WO-000286,2025-02-04,Morning,M02,Microstop,Material jam,0.99,0
DT-0000649,WO-000286,2025-02-04,Morning,M02,Changeover,Tooling change,11.17,0
DT-0000650,WO-000286,2025-02-04,Morning,M02,Process,Parameter adjustment,25.2,0
DT-0000651,WO-000286,2025-02-04,Morning,M02,Changeover,Tooling change,9.44,0
DT-0000652,WO-000287,2025-02-04,Afternoon,M02,Planned,Calibration,10.74,1
DT-0000653,WO-000287,2025-02-04,Afternoon,M02,Changeover,Tooling change,34.6,0
DT-0000654,WO-000288,2025-02-04,Morning,M03,Changeover,Planned changeover,25.34,1
DT-0000655,WO-000288,2025-02-04,Morning,M03,Changeover,Tooling change,1.0,0
DT-0000656,WO-000288,2025-02-04,Morning,M03,Changeover,Tooling change,12.15,0
DT-0000657,WO-000288,2025-02-04,Morning,M03,Process,Parameter adjustment,20.97,0
DT-0000658,WO-000289,2025-02-04,Afternoon,M03,Changeover,Tooling change,14.45,0
DT-0000659,WO-000289,2025-02-04,Afternoon,M03,Material,Material shortage,42.82,0
DT-0000660,WO-000290,2025-02-04,Morning,M04,Planned,Calibration,100.18,1
DT-0000661,WO-000291,2025-02-04,Afternoon,M04,Breakdown,Robot recovery,96.44,0
DT-0000662,WO-000291,2025-02-04,Afternoon,M04,Changeover,Fixture setup,11.04,0
DT-0000663,WO-000292,2025-02-04,Morning,M05,Planned,Calibration,50.59,1
DT-0000664,WO-000293,2025-02-04,Afternoon,M05,Microstop,Vision retry,46.24,0
DT-0000665,WO-000293,2025-02-04,Afternoon,M05,Breakdown,Mechanical fault,8.37,0
DT-0000666,WO-000294,2025-02-04,Morning,M06,Changeover,Planned changeover,10.72,1
DT-0000667,WO-000294,2025-02-04,Morning,M06,Changeover,Planned changeover,10.45,1
DT-0000668,WO-000294,2025-02-04,Morning,M06,Breakdown,Mechanical fault,0.97,0
DT-0000669,WO-000294,2025-02-04,Morning,M06,Changeover,Tooling change,10.06,0
DT-0000670,WO-000295,2025-02-04,Afternoon,M06,Changeover,Tooling change,34.6,0
DT-0000671,WO-000296,2025-02-05,Morning,M01,Planned,Preventive maintenance,27.74,1
DT-0000672,WO-000296,2025-02-05,Morning,M01,Planned,Preventive maintenance,15.69,1
DT-0000673,WO-000297,2025-02-05,Afternoon,M01,Planned,Calibration,25.33,1
DT-0000674,WO-000297,2025-02-05,Afternoon,M01,Planned,Calibration,17.51,1
DT-0000675,WO-000298,2025-02-05,Morning,M02,Microstop,Material jam,22.94,0
DT-0000676,WO-000298,2025-02-05,Morning,M02,Process,Parameter adjustment,23.69,0
DT-0000677,WO-000298,2025-02-05,Morning,M02,Microstop,Material jam,4.34,0
DT-0000678,WO-000299,2025-02-05,Afternoon,M02,Microstop,Vision retry,29.46,0
DT-0000679,WO-000299,2025-02-05,Afternoon,M02,Breakdown,Sensor fault,38.15,0
DT-0000680,WO-000300,2025-02-05,Morning,M03,Process,Parameter adjustment,55.68,0
DT-0000681,WO-000300,2025-02-05,Morning,M03,Breakdown,Sensor fault,2.12,0
DT-0000682,WO-000301,2025-02-05,Afternoon,M03,Breakdown,Mechanical fault,1.12,0
DT-0000683,WO-000301,2025-02-05,Afternoon,M03,Breakdown,Sensor fault,28.58,0
DT-0000684,WO-000301,2025-02-05,Afternoon,M03,Breakdown,Mechanical fault,7.74,0
DT-0000685,WO-000301,2025-02-05,Afternoon,M03,Microstop,Vision retry,18.32,0
DT-0000686,WO-000302,2025-02-05,Morning,M04,Breakdown,Robot recovery,48.21,0
DT-0000687,WO-000302,2025-02-05,Morning,M04,Microstop,Vision retry,72.52,0
DT-0000688,WO-000303,2025-02-05,Afternoon,M04,Changeover,Planned changeover,15.15,1
DT-0000689,WO-000303,2025-02-05,Afternoon,M04,Changeover,Fixture setup,118.97,0
DT-0000690,WO-000304,2025-02-05,Morning,M05,Changeover,Tooling change,47.44,0
DT-0000691,WO-000304,2025-02-05,Morning,M05,Breakdown,Sensor fault,9.05,0
DT-0000692,WO-000305,2025-02-05,Afternoon,M05,Breakdown,Mechanical fault,44.32,0
DT-0000693,WO-000305,2025-02-05,Afternoon,M05,Breakdown,Mechanical fault,1.22,0
DT-0000694,WO-000305,2025-02-05,Afternoon,M05,Changeover,Tooling change,21.31,0
DT-0000695,WO-000306,2025-02-05,Morning,M06,Microstop,Vision retry,25.62,0
DT-0000696,WO-000307,2025-02-05,Afternoon,M06,Changeover,Tooling change,7.75,0
DT-0000697,WO-000307,2025-02-05,Afternoon,M06,Breakdown,Sensor fault,19.55,0
DT-0000698,WO-000308,2025-02-06,Morning,M01,Microstop,Material jam,6.38,0
DT-0000699,WO-000308,2025-02-06,Morning,M01,Changeover,Tooling change,30.0,0
DT-0000700,WO-000308,2025-02-06,Morning,M01,Material,Material shortage,13.46,0
DT-0000701,WO-000309,2025-02-06,Afternoon,M01,Changeover,Planned changeover,9.54,1
DT-0000702,WO-000309,2025-02-06,Afternoon,M01,Material,Material shortage,21.81,0
DT-0000703,WO-000309,2025-02-06,Afternoon,M01,Process,Parameter adjustment,5.35,0
DT-0000704,WO-000310,2025-02-06,Morning,M02,Planned,Preventive maintenance,5.29,1
DT-0000705,WO-000310,2025-02-06,Morning,M02,Breakdown,Sensor fault,42.58,0
DT-0000706,WO-000311,2025-02-06,Afternoon,M02,Planned,Calibration,27.08,1
DT-0000707,WO-000311,2025-02-06,Afternoon,M02,Breakdown,Mechanical fault,21.1,0
DT-0000708,WO-000312,2025-02-06,Morning,M03,Process,Parameter adjustment,33.95,0
DT-0000709,WO-000312,2025-02-06,Morning,M03,Breakdown,Mechanical fault,11.22,0
DT-0000710,WO-000313,2025-02-06,Afternoon,M03,Breakdown,Mechanical fault,45.25,0
DT-0000711,WO-000314,2025-02-06,Morning,M04,Breakdown,Robot recovery,26.78,0
DT-0000712,WO-000314,2025-02-06,Morning,M04,Breakdown,Sensor fault,2.84,0
DT-0000713,WO-000314,2025-02-06,Morning,M04,Changeover,Fixture setup,25.68,0
DT-0000714,WO-000314,2025-02-06,Morning,M04,Changeover,Fixture setup,29.81,0
DT-0000715,WO-000314,2025-02-06,Morning,M04,Changeover,Fixture setup,10.78,0
DT-0000716,WO-000315,2025-02-06,Afternoon,M04,Microstop,Torch cleaning,14.37,0
DT-0000717,WO-000315,2025-02-06,Afternoon,M04,Process,Weld parameter adjustment,62.83,0
DT-0000718,WO-000315,2025-02-06,Afternoon,M04,Changeover,Planned changeover,9.58,1
DT-0000719,WO-000315,2025-02-06,Afternoon,M04,Material,Material shortage,20.88,0
DT-0000720,WO-000316,2025-02-06,Morning,M05,Changeover,Tooling change,9.48,0
DT-0000721,WO-000316,2025-02-06,Morning,M05,Material,Material shortage,10.0,0
DT-0000722,WO-000316,2025-02-06,Morning,M05,Material,Material shortage,33.54,0
DT-0000723,WO-000317,2025-02-06,Afternoon,M05,Planned,Calibration,31.72,1
DT-0000724,WO-000317,2025-02-06,Afternoon,M05,Material,Material shortage,5.88,0
DT-0000725,WO-000317,2025-02-06,Afternoon,M05,Changeover,Tooling change,20.14,0
DT-0000726,WO-000318,2025-02-06,Morning,M06,Changeover,Tooling change,7.2,0
DT-0000727,WO-000318,2025-02-06,Morning,M06,Material,Material shortage,2.22,0
DT-0000728,WO-000318,2025-02-06,Morning,M06,Microstop,Vision retry,2.34,0
DT-0000729,WO-000318,2025-02-06,Morning,M06,Microstop,Vision retry,4.58,0
DT-0000730,WO-000318,2025-02-06,Morning,M06,Microstop,Material jam,0.97,0
DT-0000731,WO-000319,2025-02-06,Afternoon,M06,Material,Material shortage,2.1,0
DT-0000732,WO-000319,2025-02-06,Afternoon,M06,Microstop,Vision retry,27.41,0
DT-0000733,WO-000320,2025-02-07,Morning,M01,Process,Parameter adjustment,54.78,0
DT-0000734,WO-000321,2025-02-07,Afternoon,M01,Changeover,Planned changeover,41.6,1
DT-0000735,WO-000321,2025-02-07,Afternoon,M01,Material,Material shortage,7.01,0
DT-0000736,WO-000322,2025-02-07,Morning,M02,Microstop,Vision retry,43.35,0
DT-0000737,WO-000322,2025-02-07,Morning,M02,Breakdown,Mechanical fault,6.22,0
DT-0000738,WO-000322,2025-02-07,Morning,M02,Microstop,Vision retry,16.95,0
DT-0000739,WO-000323,2025-02-07,Afternoon,M02,Changeover,Planned changeover,55.3,1
DT-0000740,WO-000324,2025-02-07,Morning,M03,Planned,Calibration,27.7,1
DT-0000741,WO-000324,2025-02-07,Morning,M03,Changeover,Tooling change,11.27,0
DT-0000742,WO-000325,2025-02-07,Afternoon,M03,Microstop,Material jam,2.89,0
DT-0000743,WO-000325,2025-02-07,Afternoon,M03,Breakdown,Mechanical fault,13.89,0
DT-0000744,WO-000325,2025-02-07,Afternoon,M03,Changeover,Tooling change,1.15,0
DT-0000745,WO-000325,2025-02-07,Afternoon,M03,Microstop,Material jam,2.05,0
DT-0000746,WO-000325,2025-02-07,Afternoon,M03,Breakdown,Mechanical fault,17.94,0
DT-0000747,WO-000326,2025-02-07,Morning,M04,Process,Weld parameter adjustment,28.1,0
DT-0000748,WO-000326,2025-02-07,Morning,M04,Breakdown,Wire feeder fault,66.06,0
DT-0000749,WO-000326,2025-02-07,Morning,M04,Process,Parameter adjustment,11.95,0
DT-0000750,WO-000327,2025-02-07,Afternoon,M04,Changeover,Planned changeover,68.88,1
DT-0000751,WO-000327,2025-02-07,Afternoon,M04,Planned,Preventive maintenance,7.9,1
DT-0000752,WO-000327,2025-02-07,Afternoon,M04,Changeover,Planned changeover,36.29,1
DT-0000753,WO-000328,2025-02-07,Morning,M05,Breakdown,Mechanical fault,35.18,0
DT-0000754,WO-000328,2025-02-07,Morning,M05,Microstop,Material jam,1.49,0
DT-0000755,WO-000328,2025-02-07,Morning,M05,Breakdown,Sensor fault,13.47,0
DT-0000756,WO-000328,2025-02-07,Morning,M05,Breakdown,Sensor fault,6.35,0
DT-0000757,WO-000329,2025-02-07,Afternoon,M05,Breakdown,Mechanical fault,36.57,0
DT-0000758,WO-000329,2025-02-07,Afternoon,M05,Process,Parameter adjustment,32.1,0
DT-0000759,WO-000330,2025-02-07,Morning,M06,Process,Parameter adjustment,13.82,0
DT-0000760,WO-000331,2025-02-07,Afternoon,M06,Planned,Preventive maintenance,5.93,1
DT-0000761,WO-000331,2025-02-07,Afternoon,M06,Breakdown,Mechanical fault,15.23,0
DT-0000762,WO-000331,2025-02-07,Afternoon,M06,Process,Parameter adjustment,32.38,0
DT-0000763,WO-000332,2025-02-10,Morning,M01,Planned,Preventive maintenance,27.27,1
DT-0000764,WO-000332,2025-02-10,Morning,M01,Changeover,Planned changeover,2.83,1
DT-0000765,WO-000333,2025-02-10,Afternoon,M01,Process,Parameter adjustment,8.74,0
DT-0000766,WO-000333,2025-02-10,Afternoon,M01,Breakdown,Mechanical fault,44.15,0
DT-0000767,WO-000333,2025-02-10,Afternoon,M01,Material,Material shortage,0.99,0
DT-0000768,WO-000334,2025-02-10,Morning,M02,Microstop,Vision retry,62.86,0
DT-0000769,WO-000335,2025-02-10,Afternoon,M02,Microstop,Material jam,10.61,0
DT-0000770,WO-000335,2025-02-10,Afternoon,M02,Microstop,Material jam,21.33,0
DT-0000771,WO-000335,2025-02-10,Afternoon,M02,Changeover,Tooling change,10.46,0
DT-0000772,WO-000335,2025-02-10,Afternoon,M02,Breakdown,Mechanical fault,16.67,0
DT-0000773,WO-000335,2025-02-10,Afternoon,M02,Microstop,Vision retry,0.99,0
DT-0000774,WO-000336,2025-02-10,Morning,M03,Breakdown,Sensor fault,67.21,0
DT-0000775,WO-000337,2025-02-10,Afternoon,M03,Microstop,Material jam,63.84,0
DT-0000776,WO-000338,2025-02-10,Morning,M04,Material,Material shortage,24.81,0
DT-0000777,WO-000338,2025-02-10,Morning,M04,Changeover,Fixture setup,63.97,0
DT-0000778,WO-000338,2025-02-10,Morning,M04,Breakdown,Wire feeder fault,31.28,0
DT-0000779,WO-000339,2025-02-10,Afternoon,M04,Changeover,Fixture setup,42.27,0
DT-0000780,WO-000339,2025-02-10,Afternoon,M04,Microstop,Torch cleaning,17.58,0
DT-0000781,WO-000339,2025-02-10,Afternoon,M04,Microstop,Vision retry,53.67,0
DT-0000782,WO-000340,2025-02-10,Morning,M05,Microstop,Vision retry,1.2,0
DT-0000783,WO-000340,2025-02-10,Morning,M05,Microstop,Vision retry,11.33,0
DT-0000784,WO-000340,2025-02-10,Morning,M05,Planned,Preventive maintenance,31.2,1
DT-0000785,WO-000341,2025-02-10,Afternoon,M05,Breakdown,Mechanical fault,20.25,0
DT-0000786,WO-000341,2025-02-10,Afternoon,M05,Microstop,Vision retry,39.02,0
DT-0000787,WO-000342,2025-02-10,Morning,M06,Microstop,Material jam,34.27,0
DT-0000788,WO-000343,2025-02-10,Afternoon,M06,Breakdown,Mechanical fault,44.75,0
DT-0000789,WO-000344,2025-02-11,Morning,M01,Planned,Preventive maintenance,15.6,1
DT-0000790,WO-000344,2025-02-11,Morning,M01,Breakdown,Sensor fault,42.03,0
DT-0000791,WO-000344,2025-02-11,Morning,M01,Process,Parameter adjustment,1.0,0
DT-0000792,WO-000345,2025-02-11,Afternoon,M01,Microstop,Vision retry,66.13,0
DT-0000793,WO-000346,2025-02-11,Morning,M02,Microstop,Vision retry,37.06,0
DT-0000794,WO-000346,2025-02-11,Morning,M02,Breakdown,Mechanical fault,13.94,0
DT-0000795,WO-000347,2025-02-11,Afternoon,M02,Microstop,Material jam,58.64,0
DT-0000796,WO-000347,2025-02-11,Afternoon,M02,Process,Parameter adjustment,13.18,0
DT-0000797,WO-000347,2025-02-11,Afternoon,M02,Changeover,Planned changeover,4.15,1
DT-0000798,WO-000348,2025-02-11,Morning,M03,Breakdown,Mechanical fault,4.73,0
DT-0000799,WO-000348,2025-02-11,Morning,M03,Breakdown,Mechanical fault,1.83,0
DT-0000800,WO-000348,2025-02-11,Morning,M03,Microstop,Vision retry,34.57,0
DT-0000801,WO-000349,2025-02-11,Afternoon,M03,Changeover,Tooling change,35.49,0
DT-0000802,WO-000350,2025-02-11,Morning,M04,Changeover,Fixture setup,35.75,0
DT-0000803,WO-000350,2025-02-11,Morning,M04,Process,Parameter adjustment,21.29,0
DT-0000804,WO-000350,2025-02-11,Morning,M04,Process,Weld parameter adjustment,40.74,0
DT-0000805,WO-000351,2025-02-11,Afternoon,M04,Material,Material shortage,20.31,0
DT-0000806,WO-000351,2025-02-11,Afternoon,M04,Process,Weld parameter adjustment,44.45,0
DT-0000807,WO-000351,2025-02-11,Afternoon,M04,Breakdown,Mechanical fault,50.62,0
DT-0000808,WO-000352,2025-02-11,Morning,M05,Material,Material shortage,21.39,0
DT-0000809,WO-000352,2025-02-11,Morning,M05,Process,Parameter adjustment,15.64,0
DT-0000810,WO-000352,2025-02-11,Morning,M05,Microstop,Material jam,11.44,0
DT-0000811,WO-000353,2025-02-11,Afternoon,M05,Breakdown,Mechanical fault,30.61,0
DT-0000812,WO-000354,2025-02-11,Morning,M06,Microstop,Vision retry,28.65,0
DT-0000813,WO-000355,2025-02-11,Afternoon,M06,Breakdown,Sensor fault,30.89,0
DT-0000814,WO-000356,2025-02-12,Morning,M01,Microstop,Material jam,12.88,0
DT-0000815,WO-000356,2025-02-12,Morning,M01,Microstop,Material jam,33.1,0
DT-0000816,WO-000357,2025-02-12,Afternoon,M01,Process,Parameter adjustment,23.32,0
DT-0000817,WO-000357,2025-02-12,Afternoon,M01,Material,Material shortage,26.94,0
DT-0000818,WO-000358,2025-02-12,Morning,M02,Changeover,Tooling change,43.36,0
DT-0000819,WO-000358,2025-02-12,Morning,M02,Breakdown,Mechanical fault,6.56,0
DT-0000820,WO-000359,2025-02-12,Afternoon,M02,Material,Material shortage,34.03,0
DT-0000821,WO-000360,2025-02-12,Afternoon,M03,Process,Parameter adjustment,16.9,0
DT-0000822,WO-000360,2025-02-12,Afternoon,M03,Changeover,Planned changeover,29.4,1
DT-0000823,WO-000361,2025-02-12,Morning,M04,Changeover,Fixture setup,2.09,0
DT-0000824,WO-000361,2025-02-12,Morning,M04,Changeover,Planned changeover,101.92,1
DT-0000825,WO-000362,2025-02-12,Afternoon,M04,Changeover,Fixture setup,19.43,0
DT-0000826,WO-000362,2025-02-12,Afternoon,M04,Breakdown,Wire feeder fault,27.32,0
DT-0000827,WO-000362,2025-02-12,Afternoon,M04,Microstop,Torch cleaning,52.77,0
DT-0000828,WO-000363,2025-02-12,Morning,M05,Microstop,Material jam,14.03,0
DT-0000829,WO-000363,2025-02-12,Morning,M05,Process,Parameter adjustment,14.82,0
DT-0000830,WO-000363,2025-02-12,Morning,M05,Microstop,Vision retry,0.98,0
DT-0000831,WO-000364,2025-02-12,Afternoon,M05,Microstop,Vision retry,4.9,0
DT-0000832,WO-000364,2025-02-12,Afternoon,M05,Planned,Calibration,22.8,1
DT-0000833,WO-000364,2025-02-12,Afternoon,M05,Microstop,Material jam,20.95,0
DT-0000834,WO-000364,2025-02-12,Afternoon,M05,Changeover,Tooling change,16.28,0
DT-0000835,WO-000365,2025-02-12,Morning,M06,Microstop,Vision retry,16.13,0
DT-0000836,WO-000365,2025-02-12,Morning,M06,Breakdown,Sensor fault,11.99,0
DT-0000837,WO-000365,2025-02-12,Morning,M06,Breakdown,Mechanical fault,1.15,0
DT-0000838,WO-000366,2025-02-12,Afternoon,M06,Microstop,Material jam,32.26,0
DT-0000839,WO-000366,2025-02-12,Afternoon,M06,Microstop,Material jam,6.84,0
DT-0000840,WO-000367,2025-02-13,Morning,M01,Microstop,Material jam,29.38,0
DT-0000841,WO-000367,2025-02-13,Morning,M01,Material,Material shortage,0.99,0
DT-0000842,WO-000367,2025-02-13,Morning,M01,Microstop,Material jam,19.09,0
DT-0000843,WO-000367,2025-02-13,Morning,M01,Changeover,Tooling change,9.61,0
DT-0000844,WO-000368,2025-02-13,Afternoon,M01,Microstop,Material jam,36.43,0
DT-0000845,WO-000368,2025-02-13,Afternoon,M01,Material,Material shortage,2.89,0
DT-0000846,WO-000368,2025-02-13,Afternoon,M01,Planned,Preventive maintenance,26.76,1
DT-0000847,WO-000369,2025-02-13,Morning,M02,Breakdown,Mechanical fault,37.56,0
DT-0000848,WO-000369,2025-02-13,Morning,M02,Microstop,Vision retry,10.77,0
DT-0000849,WO-000370,2025-02-13,Afternoon,M02,Planned,Calibration,69.81,1
DT-0000850,WO-000371,2025-02-13,Morning,M03,Planned,Preventive maintenance,19.83,1
DT-0000851,WO-000371,2025-02-13,Morning,M03,Microstop,Material jam,11.25,0
DT-0000852,WO-000371,2025-02-13,Morning,M03,Microstop,Vision retry,9.03,0
DT-0000853,WO-000371,2025-02-13,Morning,M03,Planned,Preventive maintenance,2.44,1
DT-0000854,WO-000372,2025-02-13,Afternoon,M03,Material,Material shortage,38.72,0
DT-0000855,WO-000372,2025-02-13,Afternoon,M03,Material,Material shortage,2.75,0
DT-0000856,WO-000372,2025-02-13,Afternoon,M03,Breakdown,Sensor fault,2.82,0
DT-0000857,WO-000373,2025-02-13,Morning,M04,Breakdown,Robot recovery,2.5,0
DT-0000858,WO-000373,2025-02-13,Morning,M04,Changeover,Fixture setup,109.5,0
DT-0000859,WO-000374,2025-02-13,Afternoon,M04,Breakdown,Mechanical fault,5.47,0
DT-0000860,WO-000374,2025-02-13,Afternoon,M04,Changeover,Fixture setup,12.81,0
DT-0000861,WO-000374,2025-02-13,Afternoon,M04,Breakdown,Wire feeder fault,10.17,0
DT-0000862,WO-000374,2025-02-13,Afternoon,M04,Microstop,Vision retry,27.95,0
DT-0000863,WO-000374,2025-02-13,Afternoon,M04,Changeover,Fixture setup,71.88,0
DT-0000864,WO-000375,2025-02-13,Morning,M05,Microstop,Vision retry,0.98,0
DT-0000865,WO-000375,2025-02-13,Morning,M05,Process,Parameter adjustment,28.27,0
DT-0000866,WO-000375,2025-02-13,Morning,M05,Microstop,Material jam,5.63,0
DT-0000867,WO-000376,2025-02-13,Afternoon,M05,Process,Parameter adjustment,58.65,0
DT-0000868,WO-000377,2025-02-13,Morning,M06,Microstop,Vision retry,25.2,0
DT-0000869,WO-000377,2025-02-13,Morning,M06,Microstop,Vision retry,2.53,0
DT-0000870,WO-000377,2025-02-13,Morning,M06,Breakdown,Mechanical fault,12.47,0
DT-0000871,WO-000378,2025-02-13,Afternoon,M06,Microstop,Material jam,15.4,0
DT-0000872,WO-000378,2025-02-13,Afternoon,M06,Changeover,Tooling change,5.33,0
DT-0000873,WO-000378,2025-02-13,Afternoon,M06,Planned,Preventive maintenance,6.36,1
DT-0000874,WO-000379,2025-02-14,Morning,M01,Breakdown,Mechanical fault,23.98,0
DT-0000875,WO-000379,2025-02-14,Morning,M01,Process,Parameter adjustment,18.94,0
DT-0000876,WO-000379,2025-02-14,Morning,M01,Microstop,Material jam,14.63,0
DT-0000877,WO-000380,2025-02-14,Afternoon,M01,Process,Parameter adjustment,24.05,0
DT-0000878,WO-000380,2025-02-14,Afternoon,M01,Changeover,Tooling change,23.32,0
DT-0000879,WO-000381,2025-02-14,Morning,M02,Planned,Calibration,26.1,1
DT-0000880,WO-000382,2025-02-14,Afternoon,M02,Material,Material shortage,20.76,0
DT-0000881,WO-000382,2025-02-14,Afternoon,M02,Changeover,Planned changeover,24.97,1
DT-0000882,WO-000383,2025-02-14,Morning,M03,Microstop,Vision retry,3.5,0
DT-0000883,WO-000383,2025-02-14,Morning,M03,Changeover,Tooling change,36.01,0
DT-0000884,WO-000384,2025-02-14,Afternoon,M03,Breakdown,Sensor fault,17.9,0
DT-0000885,WO-000384,2025-02-14,Afternoon,M03,Microstop,Vision retry,0.97,0
DT-0000886,WO-000384,2025-02-14,Afternoon,M03,Process,Parameter adjustment,8.72,0
DT-0000887,WO-000384,2025-02-14,Afternoon,M03,Changeover,Tooling change,6.7,0
DT-0000888,WO-000385,2025-02-14,Morning,M04,Changeover,Fixture setup,63.93,0
DT-0000889,WO-000385,2025-02-14,Morning,M04,Changeover,Fixture setup,35.9,0
DT-0000890,WO-000386,2025-02-14,Afternoon,M04,Changeover,Planned changeover,116.82,1
DT-0000891,WO-000387,2025-02-14,Morning,M05,Breakdown,Mechanical fault,17.5,0
DT-0000892,WO-000387,2025-02-14,Morning,M05,Changeover,Tooling change,30.16,0
DT-0000893,WO-000388,2025-02-14,Afternoon,M05,Material,Material shortage,1.53,0
DT-0000894,WO-000388,2025-02-14,Afternoon,M05,Breakdown,Sensor fault,50.91,0
DT-0000895,WO-000389,2025-02-14,Morning,M06,Process,Parameter adjustment,24.9,0
DT-0000896,WO-000389,2025-02-14,Morning,M06,Microstop,Material jam,4.39,0
DT-0000897,WO-000390,2025-02-14,Afternoon,M06,Microstop,Vision retry,3.19,0
DT-0000898,WO-000390,2025-02-14,Afternoon,M06,Material,Material shortage,4.39,0
DT-0000899,WO-000390,2025-02-14,Afternoon,M06,Changeover,Planned changeover,19.98,1
DT-0000900,WO-000391,2025-02-17,Morning,M01,Breakdown,Sensor fault,52.52,0
DT-0000901,WO-000392,2025-02-17,Afternoon,M01,Planned,Preventive maintenance,26.0,1
DT-0000902,WO-000392,2025-02-17,Afternoon,M01,Material,Material shortage,9.34,0
DT-0000903,WO-000393,2025-02-17,Morning,M02,Microstop,Vision retry,40.38,0
DT-0000904,WO-000394,2025-02-17,Morning,M03,Process,Parameter adjustment,28.21,0
DT-0000905,WO-000395,2025-02-17,Afternoon,M03,Microstop,Material jam,40.17,0
DT-0000906,WO-000396,2025-02-17,Morning,M04,Breakdown,Robot recovery,16.09,0
DT-0000907,WO-000396,2025-02-17,Morning,M04,Breakdown,Robot recovery,45.24,0
DT-0000908,WO-000396,2025-02-17,Morning,M04,Planned,Preventive maintenance,25.06,1
DT-0000909,WO-000396,2025-02-17,Morning,M04,Microstop,Vision retry,7.62,0
DT-0000910,WO-000396,2025-02-17,Morning,M04,Planned,Preventive maintenance,17.72,1
DT-0000911,WO-000397,2025-02-17,Afternoon,M04,Breakdown,Robot recovery,23.93,0
DT-0000912,WO-000397,2025-02-17,Afternoon,M04,Breakdown,Wire feeder fault,48.14,0
DT-0000913,WO-000397,2025-02-17,Afternoon,M04,Process,Parameter adjustment,30.65,0
DT-0000914,WO-000398,2025-02-17,Morning,M05,Changeover,Tooling change,43.34,0
DT-0000915,WO-000398,2025-02-17,Morning,M05,Process,Parameter adjustment,21.98,0
DT-0000916,WO-000399,2025-02-17,Afternoon,M05,Changeover,Tooling change,44.76,0
DT-0000917,WO-000400,2025-02-17,Morning,M06,Microstop,Material jam,6.45,0
DT-0000918,WO-000400,2025-02-17,Morning,M06,Changeover,Tooling change,2.73,0
DT-0000919,WO-000400,2025-02-17,Morning,M06,Microstop,Material jam,21.17,0
DT-0000920,WO-000401,2025-02-17,Afternoon,M06,Process,Parameter adjustment,6.9,0
DT-0000921,WO-000401,2025-02-17,Afternoon,M06,Material,Material shortage,0.99,0
DT-0000922,WO-000401,2025-02-17,Afternoon,M06,Changeover,Planned changeover,19.11,1
DT-0000923,WO-000402,2025-02-18,Morning,M01,Breakdown,Sensor fault,15.24,0
DT-0000924,WO-000402,2025-02-18,Morning,M01,Material,Material shortage,3.74,0
DT-0000925,WO-000402,2025-02-18,Morning,M01,Breakdown,Sensor fault,24.5,0
DT-0000926,WO-000403,2025-02-18,Afternoon,M01,Breakdown,Mechanical fault,1.0,0
DT-0000927,WO-000403,2025-02-18,Afternoon,M01,Changeover,Tooling change,53.58,0
DT-0000928,WO-000404,2025-02-18,Morning,M02,Changeover,Tooling change,34.59,0
DT-0000929,WO-000404,2025-02-18,Morning,M02,Microstop,Vision retry,25.84,0
DT-0000930,WO-000404,2025-02-18,Morning,M02,Material,Material shortage,2.61,0
DT-0000931,WO-000405,2025-02-18,Afternoon,M02,Microstop,Material jam,1.72,0
DT-0000932,WO-000405,2025-02-18,Afternoon,M02,Breakdown,Mechanical fault,8.01,0
DT-0000933,WO-000405,2025-02-18,Afternoon,M02,Microstop,Vision retry,30.53,0
DT-0000934,WO-000405,2025-02-18,Afternoon,M02,Microstop,Vision retry,27.13,0
DT-0000935,WO-000406,2025-02-18,Morning,M03,Microstop,Material jam,15.18,0
DT-0000936,WO-000406,2025-02-18,Morning,M03,Planned,Calibration,24.55,1
DT-0000937,WO-000407,2025-02-18,Afternoon,M03,Breakdown,Sensor fault,39.9,0
DT-0000938,WO-000407,2025-02-18,Afternoon,M03,Planned,Calibration,7.01,1
DT-0000939,WO-000408,2025-02-18,Morning,M04,Breakdown,Wire feeder fault,68.76,0
DT-0000940,WO-000408,2025-02-18,Morning,M04,Process,Weld parameter adjustment,37.01,0
DT-0000941,WO-000409,2025-02-18,Afternoon,M04,Changeover,Fixture setup,76.35,0
DT-0000942,WO-000409,2025-02-18,Afternoon,M04,Breakdown,Robot recovery,22.59,0
DT-0000943,WO-000409,2025-02-18,Afternoon,M04,Microstop,Vision retry,30.18,0
DT-0000944,WO-000410,2025-02-18,Morning,M05,Process,Parameter adjustment,20.4,0
DT-0000945,WO-000410,2025-02-18,Morning,M05,Process,Parameter adjustment,4.97,0
DT-0000946,WO-000410,2025-02-18,Morning,M05,Process,Parameter adjustment,16.4,0
DT-0000947,WO-000411,2025-02-18,Afternoon,M05,Microstop,Vision retry,36.49,0
DT-0000948,WO-000411,2025-02-18,Afternoon,M05,Microstop,Vision retry,28.35,0
DT-0000949,WO-000412,2025-02-18,Morning,M06,Process,Parameter adjustment,10.35,0
DT-0000950,WO-000412,2025-02-18,Morning,M06,Changeover,Tooling change,14.96,0
DT-0000951,WO-000412,2025-02-18,Morning,M06,Breakdown,Sensor fault,6.74,0
DT-0000952,WO-000413,2025-02-18,Afternoon,M06,Breakdown,Sensor fault,4.95,0
DT-0000953,WO-000413,2025-02-18,Afternoon,M06,Microstop,Vision retry,5.91,0
DT-0000954,WO-000413,2025-02-18,Afternoon,M06,Material,Material shortage,15.7,0
DT-0000955,WO-000413,2025-02-18,Afternoon,M06,Breakdown,Sensor fault,1.79,0
DT-0000956,WO-000414,2025-02-19,Morning,M01,Changeover,Tooling change,3.62,0
DT-0000957,WO-000414,2025-02-19,Morning,M01,Material,Material shortage,5.72,0
DT-0000958,WO-000414,2025-02-19,Morning,M01,Microstop,Vision retry,15.15,0
DT-0000959,WO-000414,2025-02-19,Morning,M01,Planned,Preventive maintenance,0.98,1
DT-0000960,WO-000414,2025-02-19,Morning,M01,Microstop,Vision retry,3.27,0
DT-0000961,WO-000415,2025-02-19,Afternoon,M01,Process,Parameter adjustment,56.42,0
DT-0000962,WO-000416,2025-02-19,Morning,M02,Changeover,Tooling change,44.0,0
DT-0000963,WO-000416,2025-02-19,Morning,M02,Breakdown,Mechanical fault,6.96,0
DT-0000964,WO-000417,2025-02-19,Afternoon,M02,Process,Parameter adjustment,39.94,0
DT-0000965,WO-000417,2025-02-19,Afternoon,M02,Breakdown,Sensor fault,17.86,0
DT-0000966,WO-000418,2025-02-19,Morning,M03,Breakdown,Mechanical fault,43.57,0
DT-0000967,WO-000419,2025-02-19,Afternoon,M03,Changeover,Tooling change,1.95,0
DT-0000968,WO-000419,2025-02-19,Afternoon,M03,Microstop,Vision retry,25.91,0
DT-0000969,WO-000419,2025-02-19,Afternoon,M03,Planned,Calibration,10.12,1
DT-0000970,WO-000420,2025-02-19,Morning,M04,Process,Weld parameter adjustment,39.25,0
DT-0000971,WO-000420,2025-02-19,Morning,M04,Microstop,Vision retry,42.1,0
DT-0000972,WO-000421,2025-02-19,Afternoon,M04,Changeover,Fixture setup,39.89,0
DT-0000973,WO-000421,2025-02-19,Afternoon,M04,Process,Parameter adjustment,30.39,0
DT-0000974,WO-000421,2025-02-19,Afternoon,M04,Breakdown,Wire feeder fault,33.97,0
DT-0000975,WO-000421,2025-02-19,Afternoon,M04,Changeover,Fixture setup,4.68,0
DT-0000976,WO-000422,2025-02-19,Morning,M05,Microstop,Material jam,17.69,0
DT-0000977,WO-000423,2025-02-19,Afternoon,M05,Planned,Calibration,26.17,1
DT-0000978,WO-000423,2025-02-19,Afternoon,M05,Changeover,Tooling change,3.26,0
DT-0000979,WO-000423,2025-02-19,Afternoon,M05,Process,Parameter adjustment,2.75,0
DT-0000980,WO-000423,2025-02-19,Afternoon,M05,Breakdown,Mechanical fault,35.07,0
DT-0000981,WO-000424,2025-02-19,Morning,M06,Material,Material shortage,40.3,0
DT-0000982,WO-000425,2025-02-19,Afternoon,M06,Material,Material shortage,8.11,0
DT-0000983,WO-000425,2025-02-19,Afternoon,M06,Process,Parameter adjustment,15.77,0
DT-0000984,WO-000426,2025-02-20,Morning,M01,Changeover,Tooling change,55.12,0
DT-0000985,WO-000427,2025-02-20,Afternoon,M01,Breakdown,Sensor fault,1.0,0
DT-0000986,WO-000427,2025-02-20,Afternoon,M01,Planned,Preventive maintenance,32.6,1
DT-0000987,WO-000427,2025-02-20,Afternoon,M01,Material,Material shortage,18.21,0
DT-0000988,WO-000428,2025-02-20,Morning,M02,Process,Parameter adjustment,63.89,0
DT-0000989,WO-000429,2025-02-20,Afternoon,M02,Material,Material shortage,31.9,0
DT-0000990,WO-000429,2025-02-20,Afternoon,M02,Breakdown,Sensor fault,47.03,0
DT-0000991,WO-000430,2025-02-20,Morning,M03,Process,Parameter adjustment,0.97,0
DT-0000992,WO-000430,2025-02-20,Morning,M03,Breakdown,Mechanical fault,5.16,0
DT-0000993,WO-000430,2025-02-20,Morning,M03,Breakdown,Sensor fault,6.97,0
DT-0000994,WO-000430,2025-02-20,Morning,M03,Process,Parameter adjustment,8.02,0
DT-0000995,WO-000431,2025-02-20,Afternoon,M03,Microstop,Material jam,39.75,0
DT-0000996,WO-000431,2025-02-20,Afternoon,M03,Breakdown,Mechanical fault,3.55,0
DT-0000997,WO-000431,2025-02-20,Afternoon,M03,Microstop,Vision retry,12.26,0
DT-0000998,WO-000432,2025-02-20,Morning,M04,Breakdown,Wire feeder fault,7.09,0
DT-0000999,WO-000432,2025-02-20,Morning,M04,Changeover,Fixture setup,86.36,0
DT-0001000,WO-000433,2025-02-20,Afternoon,M04,Changeover,Fixture setup,20.47,0
DT-0001001,WO-000433,2025-02-20,Afternoon,M04,Material,Material shortage,45.84,0
DT-0001002,WO-000433,2025-02-20,Afternoon,M04,Changeover,Fixture setup,50.75,0
DT-0001003,WO-000434,2025-02-20,Morning,M05,Process,Parameter adjustment,3.62,0
DT-0001004,WO-000434,2025-02-20,Morning,M05,Planned,Preventive maintenance,11.89,1
DT-0001005,WO-000434,2025-02-20,Morning,M05,Material,Material shortage,1.52,0
DT-0001006,WO-000434,2025-02-20,Morning,M05,Breakdown,Mechanical fault,10.17,0
DT-0001007,WO-000434,2025-02-20,Morning,M05,Microstop,Vision retry,13.21,0
DT-0001008,WO-000435,2025-02-20,Afternoon,M05,Material,Material shortage,55.67,0
DT-0001009,WO-000436,2025-02-20,Morning,M06,Breakdown,Mechanical fault,5.21,0
DT-0001010,WO-000436,2025-02-20,Morning,M06,Microstop,Material jam,4.97,0
DT-0001011,WO-000436,2025-02-20,Morning,M06,Breakdown,Mechanical fault,6.88,0
DT-0001012,WO-000437,2025-02-20,Afternoon,M06,Breakdown,Sensor fault,12.8,0
DT-0001013,WO-000437,2025-02-20,Afternoon,M06,Microstop,Material jam,4.78,0
DT-0001014,WO-000437,2025-02-20,Afternoon,M06,Microstop,Vision retry,10.88,0
DT-0001015,WO-000437,2025-02-20,Afternoon,M06,Planned,Preventive maintenance,11.86,1
DT-0001016,WO-000438,2025-02-21,Morning,M01,Microstop,Material jam,31.72,0
DT-0001017,WO-000439,2025-02-21,Afternoon,M01,Planned,Calibration,2.6,1
DT-0001018,WO-000439,2025-02-21,Afternoon,M01,Planned,Calibration,42.43,1
DT-0001019,WO-000440,2025-02-21,Morning,M02,Microstop,Vision retry,45.04,0
DT-0001020,WO-000441,2025-02-21,Afternoon,M02,Breakdown,Mechanical fault,11.7,0
DT-0001021,WO-000441,2025-02-21,Afternoon,M02,Microstop,Material jam,55.67,0
DT-0001022,WO-000442,2025-02-21,Morning,M03,Breakdown,Sensor fault,22.68,0
DT-0001023,WO-000443,2025-02-21,Afternoon,M03,Process,Parameter adjustment,32.24,0
DT-0001024,WO-000443,2025-02-21,Afternoon,M03,Changeover,Tooling change,14.04,0
DT-0001025,WO-000443,2025-02-21,Afternoon,M03,Process,Parameter adjustment,0.98,0
DT-0001026,WO-000444,2025-02-21,Morning,M04,Breakdown,Robot recovery,119.8,0
DT-0001027,WO-000445,2025-02-21,Afternoon,M04,Changeover,Fixture setup,114.22,0
DT-0001028,WO-000446,2025-02-21,Morning,M05,Changeover,Tooling change,10.42,0
DT-0001029,WO-000446,2025-02-21,Morning,M05,Breakdown,Mechanical fault,24.13,0
DT-0001030,WO-000447,2025-02-21,Afternoon,M05,Planned,Preventive maintenance,56.19,1
DT-0001031,WO-000447,2025-02-21,Afternoon,M05,Breakdown,Sensor fault,16.89,0
DT-0001032,WO-000448,2025-02-21,Morning,M06,Breakdown,Mechanical fault,0.99,0
DT-0001033,WO-000448,2025-02-21,Morning,M06,Changeover,Tooling change,11.13,0
DT-0001034,WO-000448,2025-02-21,Morning,M06,Process,Parameter adjustment,13.72,0
DT-0001035,WO-000448,2025-02-21,Morning,M06,Breakdown,Mechanical fault,9.54,0
DT-0001036,WO-000449,2025-02-21,Afternoon,M06,Changeover,Planned changeover,17.33,1
DT-0001037,WO-000449,2025-02-21,Afternoon,M06,Microstop,Material jam,25.45,0
DT-0001038,WO-000449,2025-02-21,Afternoon,M06,Process,Parameter adjustment,16.73,0
DT-0001039,WO-000450,2025-02-24,Morning,M01,Breakdown,Mechanical fault,47.65,0
DT-0001040,WO-000450,2025-02-24,Morning,M01,Changeover,Tooling change,1.81,0
DT-0001041,WO-000450,2025-02-24,Morning,M01,Planned,Preventive maintenance,4.75,1
DT-0001042,WO-000451,2025-02-24,Afternoon,M01,Breakdown,Mechanical fault,18.0,0
DT-0001043,WO-000451,2025-02-24,Afternoon,M01,Microstop,Material jam,43.32,0
DT-0001044,WO-000452,2025-02-24,Morning,M02,Material,Material shortage,17.56,0
DT-0001045,WO-000452,2025-02-24,Morning,M02,Material,Material shortage,24.91,0
DT-0001046,WO-000453,2025-02-24,Afternoon,M02,Microstop,Vision retry,39.53,0
DT-0001047,WO-000453,2025-02-24,Afternoon,M02,Microstop,Material jam,12.99,0
DT-0001048,WO-000454,2025-02-24,Morning,M03,Microstop,Material jam,5.88,0
DT-0001049,WO-000454,2025-02-24,Morning,M03,Breakdown,Sensor fault,24.74,0
DT-0001050,WO-000454,2025-02-24,Morning,M03,Changeover,Tooling change,10.05,0
DT-0001051,WO-000455,2025-02-24,Afternoon,M03,Changeover,Tooling change,12.02,0
DT-0001052,WO-000455,2025-02-24,Afternoon,M03,Material,Material shortage,8.61,0
DT-0001053,WO-000455,2025-02-24,Afternoon,M03,Microstop,Material jam,13.92,0
DT-0001054,WO-000455,2025-02-24,Afternoon,M03,Changeover,Tooling change,8.49,0
DT-0001055,WO-000456,2025-02-24,Morning,M04,Process,Weld parameter adjustment,105.98,0
DT-0001056,WO-000457,2025-02-24,Afternoon,M04,Breakdown,Mechanical fault,121.44,0
DT-0001057,WO-000458,2025-02-24,Afternoon,M05,Microstop,Material jam,33.7,0
DT-0001058,WO-000458,2025-02-24,Afternoon,M05,Breakdown,Sensor fault,1.0,0
DT-0001059,WO-000458,2025-02-24,Afternoon,M05,Changeover,Planned changeover,27.13,1
DT-0001060,WO-000458,2025-02-24,Afternoon,M05,Material,Material shortage,9.74,0
DT-0001061,WO-000459,2025-02-24,Morning,M06,Breakdown,Mechanical fault,2.49,0
DT-0001062,WO-000459,2025-02-24,Morning,M06,Breakdown,Sensor fault,2.89,0
DT-0001063,WO-000459,2025-02-24,Morning,M06,Changeover,Tooling change,21.45,0
DT-0001064,WO-000459,2025-02-24,Morning,M06,Breakdown,Mechanical fault,6.88,0
DT-0001065,WO-000459,2025-02-24,Morning,M06,Changeover,Tooling change,7.12,0
DT-0001066,WO-000460,2025-02-24,Afternoon,M06,Breakdown,Mechanical fault,16.97,0
DT-0001067,WO-000460,2025-02-24,Afternoon,M06,Breakdown,Sensor fault,9.98,0
DT-0001068,WO-000461,2025-02-25,Morning,M01,Microstop,Vision retry,45.22,0
DT-0001069,WO-000461,2025-02-25,Morning,M01,Process,Parameter adjustment,2.49,0
DT-0001070,WO-000462,2025-02-25,Afternoon,M01,Process,Parameter adjustment,39.98,0
DT-0001071,WO-000462,2025-02-25,Afternoon,M01,Microstop,Material jam,2.47,0
DT-0001072,WO-000463,2025-02-25,Morning,M02,Microstop,Material jam,36.87,0
DT-0001073,WO-000463,2025-02-25,Morning,M02,Planned,Calibration,9.3,1
DT-0001074,WO-000463,2025-02-25,Morning,M02,Microstop,Vision retry,20.73,0
DT-0001075,WO-000464,2025-02-25,Afternoon,M02,Breakdown,Sensor fault,41.96,0
DT-0001076,WO-000464,2025-02-25,Afternoon,M02,Changeover,Planned changeover,25.91,1
DT-0001077,WO-000465,2025-02-25,Morning,M03,Changeover,Tooling change,25.46,0
DT-0001078,WO-000465,2025-02-25,Morning,M03,Material,Material shortage,18.32,0
DT-0001079,WO-000466,2025-02-25,Afternoon,M03,Material,Material shortage,52.89,0
DT-0001080,WO-000467,2025-02-25,Morning,M04,Changeover,Fixture setup,26.19,0
DT-0001081,WO-000467,2025-02-25,Morning,M04,Planned,Preventive maintenance,90.63,1
DT-0001082,WO-000468,2025-02-25,Afternoon,M04,Changeover,Fixture setup,28.1,0
DT-0001083,WO-000468,2025-02-25,Afternoon,M04,Microstop,Torch cleaning,1.42,0
DT-0001084,WO-000468,2025-02-25,Afternoon,M04,Process,Weld parameter adjustment,64.33,0
DT-0001085,WO-000468,2025-02-25,Afternoon,M04,Changeover,Fixture setup,4.87,0
DT-0001086,WO-000469,2025-02-25,Morning,M05,Breakdown,Sensor fault,27.43,0
DT-0001087,WO-000469,2025-02-25,Morning,M05,Material,Material shortage,14.33,0
DT-0001088,WO-000469,2025-02-25,Morning,M05,Changeover,Planned changeover,4.56,1
DT-0001089,WO-000470,2025-02-25,Afternoon,M05,Process,Parameter adjustment,24.43,0
DT-0001090,WO-000470,2025-02-25,Afternoon,M05,Breakdown,Sensor fault,7.45,0
DT-0001091,WO-000470,2025-02-25,Afternoon,M05,Changeover,Tooling change,6.16,0
DT-0001092,WO-000470,2025-02-25,Afternoon,M05,Material,Material shortage,36.01,0
DT-0001093,WO-000471,2025-02-25,Morning,M06,Process,Parameter adjustment,20.99,0
DT-0001094,WO-000471,2025-02-25,Morning,M06,Planned,Calibration,17.99,1
DT-0001095,WO-000472,2025-02-25,Afternoon,M06,Planned,Calibration,7.24,1
DT-0001096,WO-000472,2025-02-25,Afternoon,M06,Planned,Preventive maintenance,19.74,1
DT-0001097,WO-000472,2025-02-25,Afternoon,M06,Microstop,Material jam,0.99,0
DT-0001098,WO-000473,2025-02-26,Morning,M01,Changeover,Tooling change,35.96,0
DT-0001099,WO-000474,2025-02-26,Afternoon,M01,Changeover,Tooling change,0.99,0
DT-0001100,WO-000474,2025-02-26,Afternoon,M01,Planned,Calibration,53.19,1
DT-0001101,WO-000475,2025-02-26,Morning,M02,Breakdown,Sensor fault,45.69,0
DT-0001102,WO-000476,2025-02-26,Afternoon,M02,Changeover,Tooling change,37.96,0
DT-0001103,WO-000477,2025-02-26,Morning,M03,Material,Material shortage,18.99,0
DT-0001104,WO-000477,2025-02-26,Morning,M03,Changeover,Tooling change,9.64,0
DT-0001105,WO-000477,2025-02-26,Morning,M03,Process,Parameter adjustment,9.94,0
DT-0001106,WO-000477,2025-02-26,Morning,M03,Breakdown,Sensor fault,3.53,0
DT-0001107,WO-000478,2025-02-26,Afternoon,M03,Microstop,Vision retry,26.08,0
DT-0001108,WO-000478,2025-02-26,Afternoon,M03,Changeover,Planned changeover,2.42,1
DT-0001109,WO-000478,2025-02-26,Afternoon,M03,Changeover,Tooling change,8.69,0
DT-0001110,WO-000478,2025-02-26,Afternoon,M03,Microstop,Material jam,0.99,0
DT-0001111,WO-000479,2025-02-26,Morning,M04,Planned,Preventive maintenance,66.61,1
DT-0001112,WO-000479,2025-02-26,Morning,M04,Changeover,Fixture setup,30.19,0
DT-0001113,WO-000480,2025-02-26,Afternoon,M04,Changeover,Fixture setup,42.52,0
DT-0001114,WO-000480,2025-02-26,Afternoon,M04,Planned,Preventive maintenance,75.89,1
DT-0001115,WO-000481,2025-02-26,Morning,M05,Breakdown,Mechanical fault,52.25,0
DT-0001116,WO-000482,2025-02-26,Afternoon,M05,Breakdown,Mechanical fault,54.47,0
DT-0001117,WO-000483,2025-02-26,Morning,M06,Process,Parameter adjustment,2.94,0
DT-0001118,WO-000483,2025-02-26,Morning,M06,Planned,Preventive maintenance,1.36,1
DT-0001119,WO-000483,2025-02-26,Morning,M06,Process,Parameter adjustment,20.17,0
DT-0001120,WO-000483,2025-02-26,Morning,M06,Process,Parameter adjustment,2.06,0
DT-0001121,WO-000483,2025-02-26,Morning,M06,Material,Material shortage,2.14,0
DT-0001122,WO-000484,2025-02-26,Afternoon,M06,Material,Material shortage,5.1,0
DT-0001123,WO-000484,2025-02-26,Afternoon,M06,Microstop,Material jam,20.47,0
DT-0001124,WO-000484,2025-02-26,Afternoon,M06,Planned,Preventive maintenance,0.97,1
DT-0001125,WO-000485,2025-02-27,Morning,M01,Microstop,Material jam,10.46,0
DT-0001126,WO-000485,2025-02-27,Morning,M01,Breakdown,Mechanical fault,26.57,0
DT-0001127,WO-000486,2025-02-27,Morning,M02,Planned,Calibration,40.81,1
DT-0001128,WO-000486,2025-02-27,Morning,M02,Planned,Calibration,1.0,1
DT-0001129,WO-000487,2025-02-27,Afternoon,M02,Changeover,Planned changeover,41.42,1
DT-0001130,WO-000488,2025-02-27,Morning,M03,Process,Parameter adjustment,20.35,0
DT-0001131,WO-000488,2025-02-27,Morning,M03,Microstop,Vision retry,15.43,0
DT-0001132,WO-000489,2025-02-27,Afternoon,M03,Process,Parameter adjustment,48.37,0
DT-0001133,WO-000489,2025-02-27,Afternoon,M03,Breakdown,Sensor fault,11.01,0
DT-0001134,WO-000490,2025-02-27,Morning,M04,Changeover,Planned changeover,20.27,1
DT-0001135,WO-000490,2025-02-27,Morning,M04,Changeover,Fixture setup,13.24,0
DT-0001136,WO-000490,2025-02-27,Morning,M04,Changeover,Fixture setup,70.66,0
DT-0001137,WO-000491,2025-02-27,Afternoon,M04,Changeover,Fixture setup,107.96,0
DT-0001138,WO-000492,2025-02-27,Morning,M05,Changeover,Tooling change,21.99,0
DT-0001139,WO-000492,2025-02-27,Morning,M05,Changeover,Planned changeover,32.08,1
DT-0001140,WO-000493,2025-02-27,Afternoon,M05,Microstop,Material jam,33.44,0
DT-0001141,WO-000493,2025-02-27,Afternoon,M05,Planned,Preventive maintenance,1.24,1
DT-0001142,WO-000493,2025-02-27,Afternoon,M05,Changeover,Tooling change,11.57,0
DT-0001143,WO-000494,2025-02-27,Morning,M06,Microstop,Material jam,5.26,0
DT-0001144,WO-000494,2025-02-27,Morning,M06,Breakdown,Mechanical fault,12.9,0
DT-0001145,WO-000494,2025-02-27,Morning,M06,Microstop,Vision retry,14.77,0
DT-0001146,WO-000494,2025-02-27,Morning,M06,Material,Material shortage,0.99,0
DT-0001147,WO-000495,2025-02-27,Afternoon,M06,Breakdown,Mechanical fault,18.6,0
DT-0001148,WO-000495,2025-02-27,Afternoon,M06,Microstop,Vision retry,15.63,0
DT-0001149,WO-000496,2025-02-28,Morning,M01,Breakdown,Sensor fault,31.16,0
DT-0001150,WO-000496,2025-02-28,Morning,M01,Microstop,Vision retry,6.44,0
DT-0001151,WO-000497,2025-02-28,Afternoon,M01,Changeover,Tooling change,24.53,0
DT-0001152,WO-000497,2025-02-28,Afternoon,M01,Microstop,Vision retry,33.7,0
DT-0001153,WO-000497,2025-02-28,Afternoon,M01,Microstop,Material jam,0.99,0
DT-0001154,WO-000498,2025-02-28,Morning,M02,Microstop,Vision retry,56.99,0
DT-0001155,WO-000498,2025-02-28,Morning,M02,Breakdown,Sensor fault,2.92,0
DT-0001156,WO-000498,2025-02-28,Morning,M02,Breakdown,Mechanical fault,5.52,0
DT-0001157,WO-000499,2025-02-28,Afternoon,M02,Changeover,Planned changeover,37.16,1
DT-0001158,WO-000499,2025-02-28,Afternoon,M02,Microstop,Vision retry,1.94,0
DT-0001159,WO-000499,2025-02-28,Afternoon,M02,Breakdown,Mechanical fault,17.93,0
DT-0001160,WO-000500,2025-02-28,Morning,M03,Changeover,Tooling change,29.78,0
DT-0001161,WO-000501,2025-02-28,Afternoon,M03,Breakdown,Sensor fault,1.61,0
DT-0001162,WO-000501,2025-02-28,Afternoon,M03,Planned,Calibration,6.63,1
DT-0001163,WO-000501,2025-02-28,Afternoon,M03,Process,Parameter adjustment,12.9,0
DT-0001164,WO-000501,2025-02-28,Afternoon,M03,Changeover,Tooling change,28.45,0
DT-0001165,WO-000502,2025-02-28,Morning,M04,Breakdown,Robot recovery,25.79,0
DT-0001166,WO-000502,2025-02-28,Morning,M04,Breakdown,Robot recovery,78.43,0
DT-0001167,WO-000503,2025-02-28,Afternoon,M04,Planned,Calibration,14.07,1
DT-0001168,WO-000503,2025-02-28,Afternoon,M04,Changeover,Fixture setup,24.29,0
DT-0001169,WO-000503,2025-02-28,Afternoon,M04,Changeover,Planned changeover,2.53,1
DT-0001170,WO-000503,2025-02-28,Afternoon,M04,Planned,Preventive maintenance,27.31,1
DT-0001171,WO-000503,2025-02-28,Afternoon,M04,Breakdown,Sensor fault,50.51,0
DT-0001172,WO-000504,2025-02-28,Morning,M05,Breakdown,Mechanical fault,48.34,0
DT-0001173,WO-000505,2025-02-28,Afternoon,M05,Breakdown,Mechanical fault,54.19,0
DT-0001174,WO-000506,2025-02-28,Morning,M06,Process,Parameter adjustment,4.3,0
DT-0001175,WO-000506,2025-02-28,Morning,M06,Changeover,Tooling change,27.34,0
DT-0001176,WO-000507,2025-02-28,Afternoon,M06,Microstop,Material jam,52.08,0
DT-0001177,WO-000507,2025-02-28,Afternoon,M06,Changeover,Tooling change,2.75,0
DT-0001178,WO-000508,2025-03-03,Morning,M01,Breakdown,Mechanical fault,44.04,0
DT-0001179,WO-000509,2025-03-03,Afternoon,M01,Changeover,Tooling change,30.4,0
DT-0001180,WO-000509,2025-03-03,Afternoon,M01,Microstop,Vision retry,14.14,0
DT-0001181,WO-000509,2025-03-03,Afternoon,M01,Process,Parameter adjustment,16.3,0
DT-0001182,WO-000510,2025-03-03,Morning,M02,Microstop,Vision retry,34.37,0
DT-0001183,WO-000510,2025-03-03,Morning,M02,Breakdown,Mechanical fault,28.12,0
DT-0001184,WO-000511,2025-03-03,Afternoon,M02,Material,Material shortage,47.53,0
DT-0001185,WO-000512,2025-03-03,Morning,M03,Breakdown,Sensor fault,23.15,0
DT-0001186,WO-000513,2025-03-03,Afternoon,M03,Breakdown,Mechanical fault,11.9,0
DT-0001187,WO-000513,2025-03-03,Afternoon,M03,Breakdown,Sensor fault,29.38,0
DT-0001188,WO-000514,2025-03-03,Morning,M04,Changeover,Fixture setup,19.6,0
DT-0001189,WO-000514,2025-03-03,Morning,M04,Microstop,Torch cleaning,20.98,0
DT-0001190,WO-000514,2025-03-03,Morning,M04,Changeover,Planned changeover,17.75,1
DT-0001191,WO-000514,2025-03-03,Morning,M04,Microstop,Torch cleaning,41.21,0
DT-0001192,WO-000515,2025-03-03,Afternoon,M04,Planned,Preventive maintenance,1.0,1
DT-0001193,WO-000515,2025-03-03,Afternoon,M04,Planned,Preventive maintenance,97.2,1
DT-0001194,WO-000515,2025-03-03,Afternoon,M04,Microstop,Vision retry,4.33,0
DT-0001195,WO-000516,2025-03-03,Morning,M05,Material,Material shortage,30.09,0
DT-0001196,WO-000516,2025-03-03,Morning,M05,Changeover,Tooling change,1.42,0
DT-0001197,WO-000516,2025-03-03,Morning,M05,Microstop,Material jam,2.15,0
DT-0001198,WO-000517,2025-03-03,Afternoon,M05,Process,Parameter adjustment,10.45,0
DT-0001199,WO-000517,2025-03-03,Afternoon,M05,Planned,Preventive maintenance,1.28,1
DT-0001200,WO-000517,2025-03-03,Afternoon,M05,Changeover,Tooling change,9.32,0
DT-0001201,WO-000517,2025-03-03,Afternoon,M05,Breakdown,Sensor fault,2.84,0
DT-0001202,WO-000517,2025-03-03,Afternoon,M05,Material,Material shortage,24.2,0
DT-0001203,WO-000518,2025-03-03,Morning,M06,Planned,Calibration,12.9,1
DT-0001204,WO-000519,2025-03-03,Afternoon,M06,Planned,Preventive maintenance,51.55,1
DT-0001205,WO-000520,2025-03-04,Morning,M01,Changeover,Tooling change,17.37,0
DT-0001206,WO-000520,2025-03-04,Morning,M01,Breakdown,Sensor fault,24.14,0
DT-0001207,WO-000521,2025-03-04,Afternoon,M01,Changeover,Planned changeover,46.16,1
DT-0001208,WO-000521,2025-03-04,Afternoon,M01,Planned,Calibration,12.73,1
DT-0001209,WO-000522,2025-03-04,Morning,M02,Microstop,Material jam,29.66,0
DT-0001210,WO-000522,2025-03-04,Morning,M02,Breakdown,Mechanical fault,10.96,0
DT-0001211,WO-000523,2025-03-04,Afternoon,M02,Planned,Calibration,2.99,1
DT-0001212,WO-000523,2025-03-04,Afternoon,M02,Microstop,Material jam,65.34,0
DT-0001213,WO-000524,2025-03-04,Morning,M03,Material,Material shortage,14.3,0
DT-0001214,WO-000524,2025-03-04,Morning,M03,Changeover,Planned changeover,1.65,1
DT-0001215,WO-000524,2025-03-04,Morning,M03,Breakdown,Sensor fault,23.31,0
DT-0001216,WO-000525,2025-03-04,Afternoon,M03,Process,Parameter adjustment,33.11,0
DT-0001217,WO-000525,2025-03-04,Afternoon,M03,Changeover,Planned changeover,14.99,1
DT-0001218,WO-000525,2025-03-04,Afternoon,M03,Planned,Preventive maintenance,1.66,1
DT-0001219,WO-000526,2025-03-04,Morning,M04,Changeover,Fixture setup,29.72,0
DT-0001220,WO-000526,2025-03-04,Morning,M04,Process,Weld parameter adjustment,27.32,0
DT-0001221,WO-000526,2025-03-04,Morning,M04,Breakdown,Robot recovery,7.22,0
DT-0001222,WO-000526,2025-03-04,Morning,M04,Breakdown,Wire feeder fault,1.83,0
DT-0001223,WO-000526,2025-03-04,Morning,M04,Changeover,Fixture setup,49.72,0
DT-0001224,WO-000527,2025-03-04,Afternoon,M04,Microstop,Torch cleaning,104.83,0
DT-0001225,WO-000528,2025-03-04,Morning,M05,Planned,Calibration,8.13,1
DT-0001226,WO-000528,2025-03-04,Morning,M05,Changeover,Tooling change,42.72,0
DT-0001227,WO-000528,2025-03-04,Morning,M05,Breakdown,Mechanical fault,6.05,0
DT-0001228,WO-000529,2025-03-04,Afternoon,M05,Changeover,Tooling change,70.43,0
DT-0001229,WO-000530,2025-03-04,Morning,M06,Changeover,Tooling change,28.59,0
DT-0001230,WO-000531,2025-03-05,Morning,M01,Microstop,Vision retry,51.57,0
DT-0001231,WO-000532,2025-03-05,Afternoon,M01,Breakdown,Sensor fault,50.75,0
DT-0001232,WO-000532,2025-03-05,Afternoon,M01,Changeover,Planned changeover,1.15,1
DT-0001233,WO-000533,2025-03-05,Morning,M02,Microstop,Material jam,8.6,0
DT-0001234,WO-000533,2025-03-05,Morning,M02,Breakdown,Mechanical fault,5.62,0
DT-0001235,WO-000533,2025-03-05,Morning,M02,Changeover,Planned changeover,41.14,1
DT-0001236,WO-000534,2025-03-05,Afternoon,M02,Planned,Preventive maintenance,7.07,1
DT-0001237,WO-000534,2025-03-05,Afternoon,M02,Process,Parameter adjustment,66.34,0
DT-0001238,WO-000535,2025-03-05,Morning,M03,Process,Parameter adjustment,1.62,0
DT-0001239,WO-000535,2025-03-05,Morning,M03,Process,Parameter adjustment,18.67,0
DT-0001240,WO-000536,2025-03-05,Afternoon,M03,Microstop,Vision retry,26.63,0
DT-0001241,WO-000537,2025-03-05,Morning,M04,Changeover,Fixture setup,8.32,0
DT-0001242,WO-000537,2025-03-05,Morning,M04,Changeover,Planned changeover,86.04,1
DT-0001243,WO-000538,2025-03-05,Afternoon,M04,Process,Weld parameter adjustment,38.44,0
DT-0001244,WO-000538,2025-03-05,Afternoon,M04,Changeover,Fixture setup,38.87,0
DT-0001245,WO-000538,2025-03-05,Afternoon,M04,Breakdown,Sensor fault,41.06,0
DT-0001246,WO-000539,2025-03-05,Morning,M05,Process,Parameter adjustment,38.73,0
DT-0001247,WO-000539,2025-03-05,Morning,M05,Microstop,Material jam,3.9,0
DT-0001248,WO-000539,2025-03-05,Morning,M05,Planned,Preventive maintenance,25.48,1
DT-0001249,WO-000539,2025-03-05,Morning,M05,Breakdown,Mechanical fault,0.99,0
DT-0001250,WO-000540,2025-03-05,Afternoon,M05,Breakdown,Mechanical fault,60.67,0
DT-0001251,WO-000541,2025-03-05,Morning,M06,Changeover,Tooling change,24.95,0
DT-0001252,WO-000542,2025-03-05,Afternoon,M06,Breakdown,Sensor fault,4.71,0
DT-0001253,WO-000542,2025-03-05,Afternoon,M06,Material,Material shortage,6.84,0
DT-0001254,WO-000542,2025-03-05,Afternoon,M06,Planned,Calibration,26.76,1
DT-0001255,WO-000542,2025-03-05,Afternoon,M06,Microstop,Material jam,11.98,0
DT-0001256,WO-000542,2025-03-05,Afternoon,M06,Microstop,Material jam,0.99,0
DT-0001257,WO-000543,2025-03-06,Morning,M01,Changeover,Tooling change,7.74,0
DT-0001258,WO-000543,2025-03-06,Morning,M01,Microstop,Material jam,19.99,0
DT-0001259,WO-000544,2025-03-06,Afternoon,M01,Planned,Calibration,10.82,1
DT-0001260,WO-000544,2025-03-06,Afternoon,M01,Microstop,Vision retry,1.49,0
DT-0001261,WO-000544,2025-03-06,Afternoon,M01,Breakdown,Mechanical fault,38.77,0
DT-0001262,WO-000544,2025-03-06,Afternoon,M01,Microstop,Material jam,6.22,0
DT-0001263,WO-000545,2025-03-06,Morning,M02,Microstop,Material jam,11.16,0
DT-0001264,WO-000545,2025-03-06,Morning,M02,Breakdown,Mechanical fault,54.53,0
DT-0001265,WO-000545,2025-03-06,Morning,M02,Process,Parameter adjustment,0.99,0
DT-0001266,WO-000546,2025-03-06,Afternoon,M02,Changeover,Tooling change,59.14,0
DT-0001267,WO-000547,2025-03-06,Morning,M03,Breakdown,Mechanical fault,18.27,0
DT-0001268,WO-000547,2025-03-06,Morning,M03,Material,Material shortage,15.9,0
DT-0001269,WO-000547,2025-03-06,Morning,M03,Process,Parameter adjustment,1.04,0
DT-0001270,WO-000547,2025-03-06,Morning,M03,Breakdown,Sensor fault,4.51,0
DT-0001271,WO-000548,2025-03-06,Afternoon,M03,Breakdown,Sensor fault,22.41,0
DT-0001272,WO-000548,2025-03-06,Afternoon,M03,Changeover,Planned changeover,12.67,1
DT-0001273,WO-000548,2025-03-06,Afternoon,M03,Breakdown,Sensor fault,7.18,0
DT-0001274,WO-000549,2025-03-06,Morning,M04,Breakdown,Robot recovery,12.07,0
DT-0001275,WO-000549,2025-03-06,Morning,M04,Changeover,Fixture setup,7.43,0
DT-0001276,WO-000549,2025-03-06,Morning,M04,Changeover,Fixture setup,79.44,0
DT-0001277,WO-000550,2025-03-06,Afternoon,M04,Changeover,Fixture setup,137.37,0
DT-0001278,WO-000551,2025-03-06,Morning,M05,Process,Parameter adjustment,16.04,0
DT-0001279,WO-000551,2025-03-06,Morning,M05,Microstop,Vision retry,18.28,0
DT-0001280,WO-000552,2025-03-06,Afternoon,M05,Process,Parameter adjustment,55.13,0
DT-0001281,WO-000553,2025-03-06,Morning,M06,Process,Parameter adjustment,28.89,0
DT-0001282,WO-000554,2025-03-06,Afternoon,M06,Breakdown,Mechanical fault,24.57,0
DT-0001283,WO-000554,2025-03-06,Afternoon,M06,Breakdown,Sensor fault,0.99,0
DT-0001284,WO-000554,2025-03-06,Afternoon,M06,Changeover,Tooling change,12.45,0
DT-0001285,WO-000555,2025-03-07,Morning,M01,Material,Material shortage,20.07,0
DT-0001286,WO-000555,2025-03-07,Morning,M01,Microstop,Material jam,3.45,0
DT-0001287,WO-000555,2025-03-07,Morning,M01,Changeover,Tooling change,15.44,0
DT-0001288,WO-000556,2025-03-07,Afternoon,M01,Changeover,Tooling change,30.19,0
DT-0001289,WO-000556,2025-03-07,Afternoon,M01,Material,Material shortage,34.27,0
DT-0001290,WO-000557,2025-03-07,Morning,M02,Microstop,Vision retry,31.55,0
DT-0001291,WO-000558,2025-03-07,Afternoon,M02,Breakdown,Sensor fault,49.33,0
DT-0001292,WO-000558,2025-03-07,Afternoon,M02,Breakdown,Sensor fault,2.88,0
DT-0001293,WO-000559,2025-03-07,Morning,M03,Microstop,Material jam,6.05,0
DT-0001294,WO-000559,2025-03-07,Morning,M03,Material,Material shortage,14.53,0
DT-0001295,WO-000559,2025-03-07,Morning,M03,Process,Parameter adjustment,16.8,0
DT-0001296,WO-000560,2025-03-07,Afternoon,M03,Microstop,Material jam,21.66,0
DT-0001297,WO-000560,2025-03-07,Afternoon,M03,Breakdown,Sensor fault,23.52,0
DT-0001298,WO-000561,2025-03-07,Morning,M04,Microstop,Material jam,54.01,0
DT-0001299,WO-000561,2025-03-07,Morning,M04,Breakdown,Robot recovery,59.94,0
DT-0001300,WO-000562,2025-03-07,Afternoon,M04,Microstop,Torch cleaning,77.65,0
DT-0001301,WO-000562,2025-03-07,Afternoon,M04,Changeover,Fixture setup,26.91,0
DT-0001302,WO-000562,2025-03-07,Afternoon,M04,Planned,Preventive maintenance,14.72,1
DT-0001303,WO-000563,2025-03-07,Morning,M05,Changeover,Planned changeover,24.7,1
DT-0001304,WO-000563,2025-03-07,Morning,M05,Process,Parameter adjustment,19.93,0
DT-0001305,WO-000563,2025-03-07,Morning,M05,Material,Material shortage,4.12,0
DT-0001306,WO-000564,2025-03-07,Afternoon,M05,Material,Material shortage,59.12,0
DT-0001307,WO-000565,2025-03-07,Morning,M06,Microstop,Vision retry,24.86,0
DT-0001308,WO-000566,2025-03-07,Afternoon,M06,Breakdown,Sensor fault,17.97,0
DT-0001309,WO-000566,2025-03-07,Afternoon,M06,Microstop,Material jam,12.21,0
DT-0001310,WO-000567,2025-03-10,Morning,M01,Breakdown,Sensor fault,41.98,0
DT-0001311,WO-000568,2025-03-10,Afternoon,M01,Microstop,Vision retry,3.61,0
DT-0001312,WO-000568,2025-03-10,Afternoon,M01,Changeover,Planned changeover,3.08,1
DT-0001313,WO-000568,2025-03-10,Afternoon,M01,Microstop,Material jam,27.95,0
DT-0001314,WO-000568,2025-03-10,Afternoon,M01,Changeover,Planned changeover,33.02,1
DT-0001315,WO-000569,2025-03-10,Morning,M02,Planned,Preventive maintenance,24.88,1
DT-0001316,WO-000569,2025-03-10,Morning,M02,Breakdown,Mechanical fault,4.78,0
DT-0001317,WO-000569,2025-03-10,Morning,M02,Changeover,Tooling change,33.75,0
DT-0001318,WO-000570,2025-03-10,Afternoon,M02,Material,Material shortage,46.74,0
DT-0001319,WO-000570,2025-03-10,Afternoon,M02,Process,Parameter adjustment,12.55,0
DT-0001320,WO-000571,2025-03-10,Morning,M03,Microstop,Material jam,14.74,0
DT-0001321,WO-000571,2025-03-10,Morning,M03,Material,Material shortage,15.45,0
DT-0001322,WO-000571,2025-03-10,Morning,M03,Process,Parameter adjustment,4.9,0
DT-0001323,WO-000571,2025-03-10,Morning,M03,Microstop,Vision retry,4.2,0
DT-0001324,WO-000572,2025-03-10,Afternoon,M03,Microstop,Vision retry,9.76,0
DT-0001325,WO-000572,2025-03-10,Afternoon,M03,Planned,Preventive maintenance,0.99,1
DT-0001326,WO-000572,2025-03-10,Afternoon,M03,Breakdown,Mechanical fault,44.77,0
DT-0001327,WO-000573,2025-03-10,Morning,M04,Planned,Calibration,36.37,1
DT-0001328,WO-000573,2025-03-10,Morning,M04,Breakdown,Wire feeder fault,62.94,0
DT-0001329,WO-000574,2025-03-10,Afternoon,M04,Planned,Calibration,94.91,1
DT-0001330,WO-000574,2025-03-10,Afternoon,M04,Microstop,Torch cleaning,21.52,0
DT-0001331,WO-000575,2025-03-10,Afternoon,M05,Changeover,Planned changeover,32.28,1
DT-0001332,WO-000575,2025-03-10,Afternoon,M05,Planned,Preventive maintenance,19.87,1
DT-0001333,WO-000575,2025-03-10,Afternoon,M05,Changeover,Planned changeover,22.0,1
DT-0001334,WO-000576,2025-03-10,Morning,M06,Changeover,Tooling change,21.72,0
DT-0001335,WO-000576,2025-03-10,Morning,M06,Material,Material shortage,7.29,0
DT-0001336,WO-000576,2025-03-10,Morning,M06,Microstop,Material jam,2.32,0
DT-0001337,WO-000576,2025-03-10,Morning,M06,Material,Material shortage,5.49,0
DT-0001338,WO-000577,2025-03-10,Afternoon,M06,Breakdown,Sensor fault,31.83,0
DT-0001339,WO-000578,2025-03-11,Morning,M01,Process,Parameter adjustment,38.33,0
DT-0001340,WO-000578,2025-03-11,Morning,M01,Material,Material shortage,1.8,0
DT-0001341,WO-000578,2025-03-11,Morning,M01,Process,Parameter adjustment,2.23,0
DT-0001342,WO-000578,2025-03-11,Morning,M01,Breakdown,Sensor fault,1.35,0
DT-0001343,WO-000578,2025-03-11,Morning,M01,Changeover,Tooling change,1.39,0
DT-0001344,WO-000579,2025-03-11,Afternoon,M01,Microstop,Material jam,16.64,0
DT-0001345,WO-000579,2025-03-11,Afternoon,M01,Microstop,Material jam,19.54,0
DT-0001346,WO-000579,2025-03-11,Afternoon,M01,Material,Material shortage,33.86,0
DT-0001347,WO-000580,2025-03-11,Morning,M02,Planned,Preventive maintenance,18.43,1
DT-0001348,WO-000580,2025-03-11,Morning,M02,Changeover,Tooling change,2.22,0
DT-0001349,WO-000581,2025-03-11,Afternoon,M02,Breakdown,Mechanical fault,66.0,0
DT-0001350,WO-000581,2025-03-11,Afternoon,M02,Breakdown,Sensor fault,7.89,0
DT-0001351,WO-000581,2025-03-11,Afternoon,M02,Microstop,Vision retry,14.18,0
DT-0001352,WO-000581,2025-03-11,Afternoon,M02,Breakdown,Mechanical fault,1.08,0
DT-0001353,WO-000582,2025-03-11,Morning,M03,Changeover,Tooling change,8.47,0
DT-0001354,WO-000582,2025-03-11,Morning,M03,Process,Parameter adjustment,20.98,0
DT-0001355,WO-000583,2025-03-11,Afternoon,M03,Changeover,Tooling change,16.64,0
DT-0001356,WO-000583,2025-03-11,Afternoon,M03,Planned,Preventive maintenance,32.34,1
DT-0001357,WO-000584,2025-03-11,Morning,M04,Process,Parameter adjustment,62.92,0
DT-0001358,WO-000584,2025-03-11,Morning,M04,Changeover,Fixture setup,43.66,0
DT-0001359,WO-000585,2025-03-11,Afternoon,M04,Changeover,Fixture setup,92.19,0
DT-0001360,WO-000585,2025-03-11,Afternoon,M04,Planned,Preventive maintenance,17.41,1
DT-0001361,WO-000586,2025-03-11,Morning,M05,Microstop,Material jam,48.4,0
DT-0001362,WO-000586,2025-03-11,Morning,M05,Material,Material shortage,2.86,0
DT-0001363,WO-000587,2025-03-11,Afternoon,M05,Breakdown,Mechanical fault,33.98,0
DT-0001364,WO-000587,2025-03-11,Afternoon,M05,Process,Parameter adjustment,28.11,0
DT-0001365,WO-000588,2025-03-11,Morning,M06,Microstop,Material jam,8.37,0
DT-0001366,WO-000588,2025-03-11,Morning,M06,Process,Parameter adjustment,7.04,0
DT-0001367,WO-000588,2025-03-11,Morning,M06,Material,Material shortage,21.15,0
DT-0001368,WO-000589,2025-03-11,Afternoon,M06,Breakdown,Sensor fault,7.04,0
DT-0001369,WO-000589,2025-03-11,Afternoon,M06,Changeover,Tooling change,18.84,0
DT-0001370,WO-000589,2025-03-11,Afternoon,M06,Breakdown,Sensor fault,1.28,0
DT-0001371,WO-000589,2025-03-11,Afternoon,M06,Changeover,Tooling change,1.0,0
DT-0001372,WO-000590,2025-03-12,Morning,M01,Changeover,Planned changeover,45.17,1
DT-0001373,WO-000590,2025-03-12,Morning,M01,Breakdown,Mechanical fault,0.99,0
DT-0001374,WO-000591,2025-03-12,Afternoon,M01,Breakdown,Mechanical fault,0.97,0
DT-0001375,WO-000591,2025-03-12,Afternoon,M01,Process,Parameter adjustment,39.74,0
DT-0001376,WO-000591,2025-03-12,Afternoon,M01,Microstop,Material jam,0.97,0
DT-0001377,WO-000592,2025-03-12,Afternoon,M02,Microstop,Material jam,46.87,0
DT-0001378,WO-000593,2025-03-12,Morning,M03,Changeover,Tooling change,5.16,0
DT-0001379,WO-000593,2025-03-12,Morning,M03,Breakdown,Sensor fault,9.1,0
DT-0001380,WO-000593,2025-03-12,Morning,M03,Planned,Preventive maintenance,9.09,1
DT-0001381,WO-000593,2025-03-12,Morning,M03,Microstop,Vision retry,5.68,0
DT-0001382,WO-000593,2025-03-12,Morning,M03,Breakdown,Mechanical fault,3.09,0
DT-0001383,WO-000594,2025-03-12,Afternoon,M03,Planned,Preventive maintenance,2.29,1
DT-0001384,WO-000594,2025-03-12,Afternoon,M03,Material,Material shortage,68.31,0
DT-0001385,WO-000595,2025-03-12,Morning,M04,Breakdown,Sensor fault,93.07,0
DT-0001386,WO-000595,2025-03-12,Morning,M04,Changeover,Fixture setup,19.11,0
DT-0001387,WO-000595,2025-03-12,Morning,M04,Breakdown,Wire feeder fault,7.5,0
DT-0001388,WO-000596,2025-03-12,Afternoon,M04,Changeover,Fixture setup,118.38,0
DT-0001389,WO-000596,2025-03-12,Afternoon,M04,Changeover,Fixture setup,5.94,0
DT-0001390,WO-000597,2025-03-12,Morning,M05,Breakdown,Sensor fault,0.96,0
DT-0001391,WO-000597,2025-03-12,Morning,M05,Planned,Preventive maintenance,0.96,1
DT-0001392,WO-000597,2025-03-12,Morning,M05,Material,Material shortage,0.96,0
DT-0001393,WO-000597,2025-03-12,Morning,M05,Changeover,Tooling change,31.31,0
DT-0001394,WO-000597,2025-03-12,Morning,M05,Material,Material shortage,2.62,0
DT-0001395,WO-000598,2025-03-12,Afternoon,M05,Changeover,Planned changeover,49.62,1
DT-0001396,WO-000599,2025-03-12,Morning,M06,Material,Material shortage,45.69,0
DT-0001397,WO-000600,2025-03-12,Afternoon,M06,Changeover,Planned changeover,23.06,1
DT-0001398,WO-000600,2025-03-12,Afternoon,M06,Changeover,Tooling change,8.52,0
DT-0001399,WO-000601,2025-03-13,Morning,M01,Material,Material shortage,13.44,0
DT-0001400,WO-000601,2025-03-13,Morning,M01,Microstop,Material jam,20.33,0
DT-0001401,WO-000601,2025-03-13,Morning,M01,Microstop,Vision retry,15.92,0
DT-0001402,WO-000602,2025-03-13,Afternoon,M01,Breakdown,Sensor fault,59.64,0
DT-0001403,WO-000603,2025-03-13,Morning,M02,Breakdown,Mechanical fault,40.12,0
DT-0001404,WO-000603,2025-03-13,Morning,M02,Material,Material shortage,12.17,0
DT-0001405,WO-000604,2025-03-13,Afternoon,M02,Breakdown,Mechanical fault,10.99,0
DT-0001406,WO-000604,2025-03-13,Afternoon,M02,Changeover,Planned changeover,41.17,1
DT-0001407,WO-000604,2025-03-13,Afternoon,M02,Process,Parameter adjustment,10.55,0
DT-0001408,WO-000604,2025-03-13,Afternoon,M02,Material,Material shortage,0.99,0
DT-0001409,WO-000605,2025-03-13,Morning,M03,Microstop,Vision retry,8.2,0
DT-0001410,WO-000605,2025-03-13,Morning,M03,Breakdown,Mechanical fault,7.76,0
DT-0001411,WO-000605,2025-03-13,Morning,M03,Microstop,Vision retry,11.65,0
DT-0001412,WO-000605,2025-03-13,Morning,M03,Microstop,Material jam,4.97,0
DT-0001413,WO-000606,2025-03-13,Afternoon,M03,Process,Parameter adjustment,9.19,0
DT-0001414,WO-000606,2025-03-13,Afternoon,M03,Microstop,Vision retry,19.96,0
DT-0001415,WO-000606,2025-03-13,Afternoon,M03,Planned,Preventive maintenance,22.81,1
DT-0001416,WO-000607,2025-03-13,Morning,M04,Breakdown,Robot recovery,24.28,0
DT-0001417,WO-000607,2025-03-13,Morning,M04,Process,Weld parameter adjustment,48.04,0
DT-0001418,WO-000607,2025-03-13,Morning,M04,Changeover,Fixture setup,42.75,0
DT-0001419,WO-000608,2025-03-13,Afternoon,M04,Planned,Calibration,122.8,1
DT-0001420,WO-000609,2025-03-13,Morning,M05,Material,Material shortage,47.81,0
DT-0001421,WO-000609,2025-03-13,Morning,M05,Microstop,Material jam,22.26,0
DT-0001422,WO-000610,2025-03-13,Afternoon,M05,Process,Parameter adjustment,37.24,0
DT-0001423,WO-000610,2025-03-13,Afternoon,M05,Changeover,Planned changeover,4.72,1
DT-0001424,WO-000611,2025-03-13,Morning,M06,Breakdown,Mechanical fault,1.93,0
DT-0001425,WO-000611,2025-03-13,Morning,M06,Material,Material shortage,31.45,0
DT-0001426,WO-000611,2025-03-13,Morning,M06,Breakdown,Mechanical fault,16.62,0
DT-0001427,WO-000612,2025-03-13,Afternoon,M06,Changeover,Tooling change,43.02,0
DT-0001428,WO-000613,2025-03-14,Morning,M01,Breakdown,Sensor fault,17.97,0
DT-0001429,WO-000613,2025-03-14,Morning,M01,Breakdown,Sensor fault,14.99,0
DT-0001430,WO-000614,2025-03-14,Afternoon,M01,Planned,Preventive maintenance,4.58,1
DT-0001431,WO-000614,2025-03-14,Afternoon,M01,Breakdown,Sensor fault,38.85,0
DT-0001432,WO-000614,2025-03-14,Afternoon,M01,Microstop,Vision retry,3.88,0
DT-0001433,WO-000615,2025-03-14,Morning,M02,Process,Parameter adjustment,25.43,0
DT-0001434,WO-000615,2025-03-14,Morning,M02,Breakdown,Sensor fault,19.89,0
DT-0001435,WO-000615,2025-03-14,Morning,M02,Changeover,Planned changeover,1.74,1
DT-0001436,WO-000616,2025-03-14,Afternoon,M02,Microstop,Vision retry,0.99,0
DT-0001437,WO-000616,2025-03-14,Afternoon,M02,Breakdown,Mechanical fault,55.29,0
DT-0001438,WO-000616,2025-03-14,Afternoon,M02,Changeover,Tooling change,2.26,0
DT-0001439,WO-000617,2025-03-14,Afternoon,M03,Breakdown,Sensor fault,2.37,0
DT-0001440,WO-000617,2025-03-14,Afternoon,M03,Planned,Calibration,51.98,1
DT-0001441,WO-000618,2025-03-14,Morning,M04,Breakdown,Wire feeder fault,92.44,0
DT-0001442,WO-000619,2025-03-14,Afternoon,M04,Changeover,Fixture setup,125.94,0
DT-0001443,WO-000620,2025-03-14,Morning,M05,Microstop,Material jam,36.46,0
DT-0001444,WO-000621,2025-03-14,Afternoon,M05,Process,Parameter adjustment,43.77,0
DT-0001445,WO-000621,2025-03-14,Afternoon,M05,Microstop,Material jam,5.59,0
DT-0001446,WO-000622,2025-03-14,Morning,M06,Changeover,Tooling change,4.55,0
DT-0001447,WO-000622,2025-03-14,Morning,M06,Changeover,Tooling change,5.31,0
DT-0001448,WO-000622,2025-03-14,Morning,M06,Microstop,Material jam,13.16,0
DT-0001449,WO-000622,2025-03-14,Morning,M06,Breakdown,Mechanical fault,2.39,0
DT-0001450,WO-000623,2025-03-14,Afternoon,M06,Process,Parameter adjustment,53.02,0
DT-0001451,WO-000623,2025-03-14,Afternoon,M06,Changeover,Tooling change,2.63,0
DT-0001452,WO-000624,2025-03-17,Morning,M01,Changeover,Planned changeover,47.68,1
DT-0001453,WO-000625,2025-03-17,Afternoon,M01,Breakdown,Mechanical fault,35.27,0
DT-0001454,WO-000625,2025-03-17,Afternoon,M01,Microstop,Material jam,24.65,0
DT-0001455,WO-000626,2025-03-17,Morning,M02,Breakdown,Sensor fault,39.43,0
DT-0001456,WO-000626,2025-03-17,Morning,M02,Breakdown,Mechanical fault,6.58,0
DT-0001457,WO-000627,2025-03-17,Afternoon,M02,Planned,Calibration,18.53,1
DT-0001458,WO-000627,2025-03-17,Afternoon,M02,Microstop,Vision retry,8.83,0
DT-0001459,WO-000627,2025-03-17,Afternoon,M02,Breakdown,Mechanical fault,37.49,0
DT-0001460,WO-000628,2025-03-17,Morning,M03,Breakdown,Sensor fault,2.15,0
DT-0001461,WO-000628,2025-03-17,Morning,M03,Microstop,Material jam,32.08,0
DT-0001462,WO-000629,2025-03-17,Afternoon,M03,Breakdown,Sensor fault,4.69,0
DT-0001463,WO-000629,2025-03-17,Afternoon,M03,Breakdown,Mechanical fault,42.24,0
DT-0001464,WO-000630,2025-03-17,Morning,M04,Breakdown,Robot recovery,26.4,0
DT-0001465,WO-000630,2025-03-17,Morning,M04,Changeover,Fixture setup,12.43,0
DT-0001466,WO-000630,2025-03-17,Morning,M04,Breakdown,Wire feeder fault,59.0,0
DT-0001467,WO-000630,2025-03-17,Morning,M04,Breakdown,Robot recovery,8.53,0
DT-0001468,WO-000631,2025-03-17,Afternoon,M04,Microstop,Torch cleaning,58.08,0
DT-0001469,WO-000631,2025-03-17,Afternoon,M04,Microstop,Material jam,45.62,0
DT-0001470,WO-000632,2025-03-17,Morning,M05,Breakdown,Sensor fault,37.53,0
DT-0001471,WO-000632,2025-03-17,Morning,M05,Planned,Preventive maintenance,12.08,1
DT-0001472,WO-000632,2025-03-17,Morning,M05,Breakdown,Mechanical fault,1.23,0
DT-0001473,WO-000633,2025-03-17,Afternoon,M05,Breakdown,Sensor fault,34.42,0
DT-0001474,WO-000633,2025-03-17,Afternoon,M05,Process,Parameter adjustment,23.52,0
DT-0001475,WO-000633,2025-03-17,Afternoon,M05,Breakdown,Sensor fault,3.9,0
DT-0001476,WO-000634,2025-03-17,Morning,M06,Microstop,Material jam,12.9,0
DT-0001477,WO-000635,2025-03-17,Afternoon,M06,Process,Parameter adjustment,11.27,0
DT-0001478,WO-000635,2025-03-17,Afternoon,M06,Microstop,Material jam,3.56,0
DT-0001479,WO-000635,2025-03-17,Afternoon,M06,Microstop,Material jam,15.83,0
DT-0001480,WO-000636,2025-03-18,Morning,M01,Planned,Preventive maintenance,67.27,1
DT-0001481,WO-000637,2025-03-18,Afternoon,M01,Changeover,Tooling change,2.81,0
DT-0001482,WO-000637,2025-03-18,Afternoon,M01,Planned,Preventive maintenance,14.63,1
DT-0001483,WO-000637,2025-03-18,Afternoon,M01,Planned,Calibration,24.21,1
DT-0001484,WO-000638,2025-03-18,Morning,M02,Breakdown,Sensor fault,0.99,0
DT-0001485,WO-000638,2025-03-18,Morning,M02,Changeover,Planned changeover,62.7,1
DT-0001486,WO-000639,2025-03-18,Afternoon,M02,Breakdown,Mechanical fault,11.58,0
DT-0001487,WO-000639,2025-03-18,Afternoon,M02,Planned,Preventive maintenance,58.41,1
DT-0001488,WO-000640,2025-03-18,Morning,M03,Changeover,Tooling change,28.65,0
DT-0001489,WO-000641,2025-03-18,Afternoon,M03,Material,Material shortage,44.76,0
DT-0001490,WO-000642,2025-03-18,Morning,M04,Changeover,Fixture setup,5.21,0
DT-0001491,WO-000642,2025-03-18,Morning,M04,Microstop,Material jam,15.3,0
DT-0001492,WO-000642,2025-03-18,Morning,M04,Breakdown,Wire feeder fault,42.82,0
DT-0001493,WO-000642,2025-03-18,Morning,M04,Changeover,Fixture setup,11.27,0
DT-0001494,WO-000642,2025-03-18,Morning,M04,Microstop,Torch cleaning,18.69,0
DT-0001495,WO-000643,2025-03-18,Afternoon,M04,Changeover,Fixture setup,29.08,0
DT-0001496,WO-000643,2025-03-18,Afternoon,M04,Changeover,Fixture setup,17.41,0
DT-0001497,WO-000643,2025-03-18,Afternoon,M04,Process,Weld parameter adjustment,66.73,0
DT-0001498,WO-000644,2025-03-18,Morning,M05,Changeover,Tooling change,36.49,0
DT-0001499,WO-000644,2025-03-18,Morning,M05,Changeover,Tooling change,19.55,0
DT-0001500,WO-000644,2025-03-18,Morning,M05,Planned,Calibration,0.97,1
DT-0001501,WO-000644,2025-03-18,Morning,M05,Breakdown,Sensor fault,0.97,0
DT-0001502,WO-000645,2025-03-18,Afternoon,M05,Planned,Calibration,12.08,1
DT-0001503,WO-000645,2025-03-18,Afternoon,M05,Microstop,Material jam,61.8,0
DT-0001504,WO-000646,2025-03-18,Morning,M06,Changeover,Planned changeover,4.65,1
DT-0001505,WO-000646,2025-03-18,Morning,M06,Process,Parameter adjustment,9.87,0
DT-0001506,WO-000646,2025-03-18,Morning,M06,Planned,Preventive maintenance,1.97,1
DT-0001507,WO-000646,2025-03-18,Morning,M06,Microstop,Material jam,5.76,0
DT-0001508,WO-000646,2025-03-18,Morning,M06,Breakdown,Sensor fault,9.99,0
DT-0001509,WO-000647,2025-03-18,Afternoon,M06,Material,Material shortage,49.96,0
DT-0001510,WO-000648,2025-03-19,Morning,M01,Breakdown,Mechanical fault,4.36,0
DT-0001511,WO-000648,2025-03-19,Morning,M01,Microstop,Material jam,16.22,0
DT-0001512,WO-000648,2025-03-19,Morning,M01,Planned,Preventive maintenance,15.54,1
DT-0001513,WO-000649,2025-03-19,Afternoon,M01,Material,Material shortage,57.04,0
DT-0001514,WO-000650,2025-03-19,Morning,M02,Material,Material shortage,62.3,0
DT-0001515,WO-000651,2025-03-19,Afternoon,M02,Breakdown,Mechanical fault,68.65,0
DT-0001516,WO-000652,2025-03-19,Morning,M03,Changeover,Tooling change,25.06,0
DT-0001517,WO-000652,2025-03-19,Morning,M03,Microstop,Vision retry,1.0,0
DT-0001518,WO-000653,2025-03-19,Afternoon,M03,Process,Parameter adjustment,24.45,0
DT-0001519,WO-000653,2025-03-19,Afternoon,M03,Process,Parameter adjustment,14.92,0
DT-0001520,WO-000654,2025-03-19,Morning,M04,Changeover,Fixture setup,113.16,0
DT-0001521,WO-000655,2025-03-19,Afternoon,M04,Breakdown,Robot recovery,60.92,0
DT-0001522,WO-000655,2025-03-19,Afternoon,M04,Process,Weld parameter adjustment,1.75,0
DT-0001523,WO-000655,2025-03-19,Afternoon,M04,Planned,Preventive maintenance,3.08,1
DT-0001524,WO-000655,2025-03-19,Afternoon,M04,Process,Parameter adjustment,47.76,0
DT-0001525,WO-000656,2025-03-19,Morning,M05,Breakdown,Sensor fault,58.19,0
DT-0001526,WO-000657,2025-03-19,Afternoon,M05,Planned,Preventive maintenance,48.23,1
DT-0001527,WO-000658,2025-03-19,Morning,M06,Changeover,Tooling change,27.11,0
DT-0001528,WO-000659,2025-03-19,Afternoon,M06,Changeover,Tooling change,29.31,0
DT-0001529,WO-000659,2025-03-19,Afternoon,M06,Process,Parameter adjustment,1.37,0
DT-0001530,WO-000660,2025-03-20,Morning,M01,Material,Material shortage,7.42,0
DT-0001531,WO-000660,2025-03-20,Morning,M01,Planned,Preventive maintenance,12.91,1
DT-0001532,WO-000660,2025-03-20,Morning,M01,Breakdown,Sensor fault,6.55,0
DT-0001533,WO-000660,2025-03-20,Morning,M01,Microstop,Vision retry,6.68,0
DT-0001534,WO-000661,2025-03-20,Afternoon,M01,Microstop,Vision retry,37.65,0
DT-0001535,WO-000661,2025-03-20,Afternoon,M01,Breakdown,Sensor fault,7.82,0
DT-0001536,WO-000662,2025-03-20,Morning,M02,Process,Parameter adjustment,22.87,0
DT-0001537,WO-000662,2025-03-20,Morning,M02,Microstop,Vision retry,16.51,0
DT-0001538,WO-000663,2025-03-20,Afternoon,M02,Process,Parameter adjustment,23.78,0
DT-0001539,WO-000663,2025-03-20,Afternoon,M02,Breakdown,Sensor fault,3.35,0
DT-0001540,WO-000663,2025-03-20,Afternoon,M02,Microstop,Material jam,7.3,0
DT-0001541,WO-000663,2025-03-20,Afternoon,M02,Changeover,Tooling change,1.13,0
DT-0001542,WO-000663,2025-03-20,Afternoon,M02,Breakdown,Sensor fault,14.88,0
DT-0001543,WO-000664,2025-03-20,Morning,M03,Breakdown,Mechanical fault,4.1,0
DT-0001544,WO-000664,2025-03-20,Morning,M03,Breakdown,Mechanical fault,56.84,0
DT-0001545,WO-000665,2025-03-20,Afternoon,M03,Planned,Calibration,47.84,1
DT-0001546,WO-000665,2025-03-20,Afternoon,M03,Process,Parameter adjustment,12.97,0
DT-0001547,WO-000666,2025-03-20,Morning,M04,Changeover,Fixture setup,87.02,0
DT-0001548,WO-000667,2025-03-20,Afternoon,M04,Changeover,Fixture setup,29.79,0
DT-0001549,WO-000667,2025-03-20,Afternoon,M04,Planned,Calibration,75.09,1
DT-0001550,WO-000667,2025-03-20,Afternoon,M04,Changeover,Fixture setup,4.57,0
DT-0001551,WO-000667,2025-03-20,Afternoon,M04,Changeover,Fixture setup,22.17,0
DT-0001552,WO-000668,2025-03-20,Morning,M05,Changeover,Planned changeover,26.62,1
DT-0001553,WO-000668,2025-03-20,Morning,M05,Microstop,Vision retry,6.01,0
DT-0001554,WO-000668,2025-03-20,Morning,M05,Microstop,Material jam,8.06,0
DT-0001555,WO-000668,2025-03-20,Morning,M05,Breakdown,Sensor fault,7.65,0
DT-0001556,WO-000669,2025-03-20,Afternoon,M05,Breakdown,Sensor fault,29.78,0
DT-0001557,WO-000669,2025-03-20,Afternoon,M05,Changeover,Tooling change,33.89,0
DT-0001558,WO-000670,2025-03-20,Morning,M06,Breakdown,Sensor fault,2.43,0
DT-0001559,WO-000670,2025-03-20,Morning,M06,Material,Material shortage,11.85,0
DT-0001560,WO-000670,2025-03-20,Morning,M06,Microstop,Vision retry,2.1,0
DT-0001561,WO-000670,2025-03-20,Morning,M06,Microstop,Vision retry,6.78,0
DT-0001562,WO-000671,2025-03-20,Afternoon,M06,Changeover,Tooling change,5.69,0
DT-0001563,WO-000671,2025-03-20,Afternoon,M06,Changeover,Tooling change,40.17,0
DT-0001564,WO-000672,2025-03-21,Morning,M01,Changeover,Tooling change,13.53,0
DT-0001565,WO-000672,2025-03-21,Morning,M01,Changeover,Planned changeover,22.86,1
DT-0001566,WO-000672,2025-03-21,Morning,M01,Process,Parameter adjustment,16.42,0
DT-0001567,WO-000672,2025-03-21,Morning,M01,Changeover,Tooling change,0.98,0
DT-0001568,WO-000673,2025-03-21,Afternoon,M01,Planned,Calibration,10.56,1
DT-0001569,WO-000673,2025-03-21,Afternoon,M01,Process,Parameter adjustment,45.21,0
DT-0001570,WO-000674,2025-03-21,Morning,M02,Changeover,Planned changeover,28.51,1
DT-0001571,WO-000674,2025-03-21,Morning,M02,Microstop,Material jam,3.3,0
DT-0001572,WO-000674,2025-03-21,Morning,M02,Changeover,Planned changeover,11.19,1
DT-0001573,WO-000675,2025-03-21,Afternoon,M02,Microstop,Material jam,24.57,0
DT-0001574,WO-000675,2025-03-21,Afternoon,M02,Planned,Calibration,1.33,1
DT-0001575,WO-000675,2025-03-21,Afternoon,M02,Changeover,Tooling change,37.31,0
DT-0001576,WO-000676,2025-03-21,Morning,M03,Material,Material shortage,1.11,0
DT-0001577,WO-000676,2025-03-21,Morning,M03,Material,Material shortage,23.07,0
DT-0001578,WO-000676,2025-03-21,Morning,M03,Planned,Calibration,11.85,1
DT-0001579,WO-000677,2025-03-21,Afternoon,M03,Breakdown,Sensor fault,46.91,0
DT-0001580,WO-000678,2025-03-21,Morning,M04,Breakdown,Mechanical fault,89.39,0
DT-0001581,WO-000678,2025-03-21,Morning,M04,Process,Parameter adjustment,40.74,0
DT-0001582,WO-000679,2025-03-21,Afternoon,M04,Breakdown,Robot recovery,47.49,0
DT-0001583,WO-000679,2025-03-21,Afternoon,M04,Changeover,Tooling change,7.47,0
DT-0001584,WO-000679,2025-03-21,Afternoon,M04,Breakdown,Wire feeder fault,5.87,0
DT-0001585,WO-000679,2025-03-21,Afternoon,M04,Microstop,Torch cleaning,10.86,0
DT-0001586,WO-000679,2025-03-21,Afternoon,M04,Changeover,Fixture setup,21.13,0
DT-0001587,WO-000680,2025-03-21,Morning,M05,Planned,Preventive maintenance,52.69,1
DT-0001588,WO-000680,2025-03-21,Morning,M05,Microstop,Material jam,2.64,0
DT-0001589,WO-000681,2025-03-21,Afternoon,M05,Planned,Preventive maintenance,49.17,1
DT-0001590,WO-000682,2025-03-21,Morning,M06,Process,Parameter adjustment,11.94,0
DT-0001591,WO-000682,2025-03-21,Morning,M06,Changeover,Tooling change,11.71,0
DT-0001592,WO-000683,2025-03-21,Afternoon,M06,Process,Parameter adjustment,13.58,0
DT-0001593,WO-000683,2025-03-21,Afternoon,M06,Microstop,Material jam,6.14,0
DT-0001594,WO-000683,2025-03-21,Afternoon,M06,Material,Material shortage,10.48,0
DT-0001595,WO-000684,2025-03-24,Morning,M01,Process,Parameter adjustment,53.47,0
DT-0001596,WO-000685,2025-03-24,Afternoon,M01,Planned,Preventive maintenance,21.66,1
DT-0001597,WO-000685,2025-03-24,Afternoon,M01,Changeover,Tooling change,37.12,0
DT-0001598,WO-000686,2025-03-24,Morning,M02,Process,Parameter adjustment,1.09,0
DT-0001599,WO-000686,2025-03-24,Morning,M02,Material,Material shortage,53.73,0
DT-0001600,WO-000687,2025-03-24,Afternoon,M02,Changeover,Tooling change,37.84,0
DT-0001601,WO-000688,2025-03-24,Morning,M03,Planned,Calibration,4.33,1
DT-0001602,WO-000688,2025-03-24,Morning,M03,Changeover,Planned changeover,4.89,1
DT-0001603,WO-000688,2025-03-24,Morning,M03,Process,Parameter adjustment,5.91,0
DT-0001604,WO-000688,2025-03-24,Morning,M03,Process,Parameter adjustment,29.32,0
DT-0001605,WO-000689,2025-03-24,Afternoon,M03,Breakdown,Mechanical fault,30.79,0
DT-0001606,WO-000689,2025-03-24,Afternoon,M03,Changeover,Tooling change,10.97,0
DT-0001607,WO-000690,2025-03-24,Morning,M04,Changeover,Tooling change,74.74,0
DT-0001608,WO-000690,2025-03-24,Morning,M04,Process,Weld parameter adjustment,25.89,0
DT-0001609,WO-000690,2025-03-24,Morning,M04,Breakdown,Robot recovery,8.56,0
DT-0001610,WO-000691,2025-03-24,Afternoon,M04,Breakdown,Wire feeder fault,86.07,0
DT-0001611,WO-000691,2025-03-24,Afternoon,M04,Changeover,Fixture setup,40.87,0
DT-0001612,WO-000692,2025-03-24,Morning,M05,Microstop,Vision retry,4.05,0
DT-0001613,WO-000692,2025-03-24,Morning,M05,Changeover,Planned changeover,32.41,1
DT-0001614,WO-000692,2025-03-24,Morning,M05,Planned,Calibration,24.58,1
DT-0001615,WO-000693,2025-03-24,Afternoon,M05,Microstop,Material jam,19.72,0
DT-0001616,WO-000693,2025-03-24,Afternoon,M05,Breakdown,Mechanical fault,47.73,0
DT-0001617,WO-000694,2025-03-24,Morning,M06,Microstop,Material jam,8.81,0
DT-0001618,WO-000694,2025-03-24,Morning,M06,Planned,Preventive maintenance,24.15,1
DT-0001619,WO-000694,2025-03-24,Morning,M06,Microstop,Material jam,6.8,0
DT-0001620,WO-000695,2025-03-24,Afternoon,M06,Breakdown,Sensor fault,12.9,0
DT-0001621,WO-000696,2025-03-25,Morning,M01,Process,Parameter adjustment,15.22,0
DT-0001622,WO-000696,2025-03-25,Morning,M01,Process,Parameter adjustment,3.97,0
DT-0001623,WO-000696,2025-03-25,Morning,M01,Microstop,Vision retry,16.97,0
DT-0001624,WO-000697,2025-03-25,Afternoon,M01,Planned,Calibration,21.15,1
DT-0001625,WO-000697,2025-03-25,Afternoon,M01,Microstop,Vision retry,33.75,0
DT-0001626,WO-000698,2025-03-25,Morning,M02,Microstop,Vision retry,38.58,0
DT-0001627,WO-000698,2025-03-25,Morning,M02,Process,Parameter adjustment,27.56,0
DT-0001628,WO-000699,2025-03-25,Afternoon,M02,Breakdown,Sensor fault,50.09,0
DT-0001629,WO-000700,2025-03-25,Morning,M03,Breakdown,Sensor fault,29.69,0
DT-0001630,WO-000701,2025-03-25,Afternoon,M03,Process,Parameter adjustment,21.03,0
DT-0001631,WO-000701,2025-03-25,Afternoon,M03,Breakdown,Mechanical fault,8.82,0
DT-0001632,WO-000702,2025-03-25,Morning,M04,Process,Weld parameter adjustment,11.98,0
DT-0001633,WO-000702,2025-03-25,Morning,M04,Changeover,Fixture setup,52.62,0
DT-0001634,WO-000702,2025-03-25,Morning,M04,Breakdown,Robot recovery,20.51,0
DT-0001635,WO-000702,2025-03-25,Morning,M04,Process,Parameter adjustment,40.24,0
DT-0001636,WO-000703,2025-03-25,Afternoon,M04,Changeover,Fixture setup,13.38,0
DT-0001637,WO-000703,2025-03-25,Afternoon,M04,Breakdown,Mechanical fault,33.47,0
DT-0001638,WO-000703,2025-03-25,Afternoon,M04,Changeover,Fixture setup,55.23,0
DT-0001639,WO-000703,2025-03-25,Afternoon,M04,Breakdown,Wire feeder fault,5.6,0
DT-0001640,WO-000704,2025-03-25,Morning,M05,Planned,Preventive maintenance,59.98,1
DT-0001641,WO-000705,2025-03-25,Afternoon,M05,Planned,Preventive maintenance,26.83,1
DT-0001642,WO-000705,2025-03-25,Afternoon,M05,Breakdown,Mechanical fault,2.91,0
DT-0001643,WO-000705,2025-03-25,Afternoon,M05,Microstop,Material jam,7.5,0
DT-0001644,WO-000705,2025-03-25,Afternoon,M05,Microstop,Vision retry,15.54,0
DT-0001645,WO-000705,2025-03-25,Afternoon,M05,Microstop,Material jam,9.11,0
DT-0001646,WO-000706,2025-03-25,Morning,M06,Breakdown,Mechanical fault,7.61,0
DT-0001647,WO-000706,2025-03-25,Morning,M06,Changeover,Planned changeover,5.52,1
DT-0001648,WO-000706,2025-03-25,Morning,M06,Material,Material shortage,1.51,0
DT-0001649,WO-000706,2025-03-25,Morning,M06,Breakdown,Sensor fault,4.98,0
DT-0001650,WO-000707,2025-03-25,Afternoon,M06,Breakdown,Mechanical fault,33.49,0
DT-0001651,WO-000707,2025-03-25,Afternoon,M06,Changeover,Planned changeover,14.71,1
DT-0001652,WO-000707,2025-03-25,Afternoon,M06,Breakdown,Mechanical fault,3.04,0
DT-0001653,WO-000708,2025-03-26,Morning,M01,Microstop,Vision retry,27.69,0
DT-0001654,WO-000708,2025-03-26,Morning,M01,Breakdown,Sensor fault,23.23,0
DT-0001655,WO-000709,2025-03-26,Afternoon,M01,Changeover,Tooling change,12.11,0
DT-0001656,WO-000709,2025-03-26,Afternoon,M01,Microstop,Material jam,0.99,0
DT-0001657,WO-000709,2025-03-26,Afternoon,M01,Planned,Preventive maintenance,6.33,1
DT-0001658,WO-000709,2025-03-26,Afternoon,M01,Microstop,Vision retry,18.08,0
DT-0001659,WO-000709,2025-03-26,Afternoon,M01,Breakdown,Sensor fault,8.08,0
DT-0001660,WO-000710,2025-03-26,Morning,M02,Breakdown,Mechanical fault,31.03,0
DT-0001661,WO-000710,2025-03-26,Morning,M02,Process,Parameter adjustment,13.67,0
DT-0001662,WO-000710,2025-03-26,Morning,M02,Process,Parameter adjustment,9.1,0
DT-0001663,WO-000711,2025-03-26,Afternoon,M02,Breakdown,Mechanical fault,44.71,0
DT-0001664,WO-000711,2025-03-26,Afternoon,M02,Changeover,Tooling change,7.11,0
DT-0001665,WO-000712,2025-03-26,Morning,M03,Changeover,Tooling change,0.99,0
DT-0001666,WO-000712,2025-03-26,Morning,M03,Process,Parameter adjustment,3.66,0
DT-0001667,WO-000712,2025-03-26,Morning,M03,Planned,Calibration,3.32,1
DT-0001668,WO-000712,2025-03-26,Morning,M03,Microstop,Material jam,1.59,0
DT-0001669,WO-000712,2025-03-26,Morning,M03,Microstop,Vision retry,4.35,0
DT-0001670,WO-000713,2025-03-26,Afternoon,M03,Breakdown,Mechanical fault,65.25,0
DT-0001671,WO-000714,2025-03-26,Morning,M04,Microstop,Torch cleaning,22.76,0
DT-0001672,WO-000714,2025-03-26,Morning,M04,Changeover,Planned changeover,79.63,1
DT-0001673,WO-000715,2025-03-26,Afternoon,M04,Planned,Preventive maintenance,2.32,1
DT-0001674,WO-000715,2025-03-26,Afternoon,M04,Breakdown,Wire feeder fault,45.23,0
DT-0001675,WO-000715,2025-03-26,Afternoon,M04,Breakdown,Mechanical fault,52.76,0
DT-0001676,WO-000716,2025-03-26,Morning,M05,Breakdown,Sensor fault,1.78,0
DT-0001677,WO-000716,2025-03-26,Morning,M05,Breakdown,Mechanical fault,2.5,0
DT-0001678,WO-000716,2025-03-26,Morning,M05,Breakdown,Sensor fault,1.0,0
DT-0001679,WO-000716,2025-03-26,Morning,M05,Material,Material shortage,27.6,0
DT-0001680,WO-000716,2025-03-26,Morning,M05,Changeover,Tooling change,6.04,0
DT-0001681,WO-000717,2025-03-26,Afternoon,M05,Microstop,Material jam,11.35,0
DT-0001682,WO-000717,2025-03-26,Afternoon,M05,Material,Material shortage,46.14,0
DT-0001683,WO-000718,2025-03-26,Morning,M06,Process,Parameter adjustment,11.6,0
DT-0001684,WO-000718,2025-03-26,Morning,M06,Breakdown,Mechanical fault,3.05,0
DT-0001685,WO-000718,2025-03-26,Morning,M06,Changeover,Planned changeover,4.68,1
DT-0001686,WO-000718,2025-03-26,Morning,M06,Planned,Calibration,3.15,1
DT-0001687,WO-000719,2025-03-26,Afternoon,M06,Breakdown,Mechanical fault,9.28,0
DT-0001688,WO-000719,2025-03-26,Afternoon,M06,Planned,Preventive maintenance,36.03,1
DT-0001689,WO-000719,2025-03-26,Afternoon,M06,Changeover,Planned changeover,1.0,1
DT-0001690,WO-000720,2025-03-27,Morning,M01,Microstop,Vision retry,15.1,0
DT-0001691,WO-000720,2025-03-27,Morning,M01,Breakdown,Mechanical fault,6.25,0
DT-0001692,WO-000721,2025-03-27,Afternoon,M01,Changeover,Tooling change,17.48,0
DT-0001693,WO-000721,2025-03-27,Afternoon,M01,Changeover,Tooling change,29.7,0
DT-0001694,WO-000721,2025-03-27,Afternoon,M01,Material,Material shortage,4.65,0
DT-0001695,WO-000722,2025-03-27,Morning,M02,Material,Material shortage,46.07,0
DT-0001696,WO-000722,2025-03-27,Morning,M02,Process,Parameter adjustment,22.84,0
DT-0001697,WO-000723,2025-03-27,Afternoon,M02,Microstop,Vision retry,55.91,0
DT-0001698,WO-000723,2025-03-27,Afternoon,M02,Breakdown,Mechanical fault,13.97,0
DT-0001699,WO-000724,2025-03-27,Morning,M03,Planned,Preventive maintenance,20.61,1
DT-0001700,WO-000725,2025-03-27,Afternoon,M03,Breakdown,Sensor fault,2.62,0
DT-0001701,WO-000725,2025-03-27,Afternoon,M03,Process,Parameter adjustment,10.59,0
DT-0001702,WO-000725,2025-03-27,Afternoon,M03,Changeover,Tooling change,10.73,0
DT-0001703,WO-000725,2025-03-27,Afternoon,M03,Breakdown,Mechanical fault,2.62,0
DT-0001704,WO-000725,2025-03-27,Afternoon,M03,Changeover,Tooling change,0.97,0
DT-0001705,WO-000726,2025-03-27,Morning,M04,Changeover,Planned changeover,103.9,1
DT-0001706,WO-000727,2025-03-27,Afternoon,M04,Changeover,Fixture setup,45.24,0
DT-0001707,WO-000727,2025-03-27,Afternoon,M04,Changeover,Fixture setup,76.08,0
DT-0001708,WO-000728,2025-03-27,Morning,M05,Changeover,Planned changeover,10.45,1
DT-0001709,WO-000728,2025-03-27,Morning,M05,Breakdown,Sensor fault,22.96,0
DT-0001710,WO-000729,2025-03-27,Afternoon,M05,Microstop,Vision retry,84.33,0
DT-0001711,WO-000730,2025-03-27,Morning,M06,Planned,Calibration,12.61,1
DT-0001712,WO-000730,2025-03-27,Morning,M06,Breakdown,Sensor fault,0.97,0
DT-0001713,WO-000730,2025-03-27,Morning,M06,Microstop,Material jam,14.3,0
DT-0001714,WO-000731,2025-03-27,Afternoon,M06,Material,Material shortage,3.42,0
DT-0001715,WO-000731,2025-03-27,Afternoon,M06,Planned,Preventive maintenance,4.48,1
DT-0001716,WO-000731,2025-03-27,Afternoon,M06,Microstop,Vision retry,2.47,0
DT-0001717,WO-000731,2025-03-27,Afternoon,M06,Breakdown,Sensor fault,9.45,0
DT-0001718,WO-000732,2025-03-28,Morning,M01,Microstop,Material jam,5.49,0
DT-0001719,WO-000732,2025-03-28,Morning,M01,Process,Parameter adjustment,36.74,0
DT-0001720,WO-000733,2025-03-28,Afternoon,M01,Material,Material shortage,64.1,0
DT-0001721,WO-000733,2025-03-28,Afternoon,M01,Material,Material shortage,1.62,0
DT-0001722,WO-000734,2025-03-28,Morning,M02,Changeover,Tooling change,16.42,0
DT-0001723,WO-000734,2025-03-28,Morning,M02,Microstop,Material jam,16.43,0
DT-0001724,WO-000734,2025-03-28,Morning,M02,Microstop,Material jam,1.41,0
DT-0001725,WO-000735,2025-03-28,Afternoon,M02,Changeover,Planned changeover,63.31,1
DT-0001726,WO-000735,2025-03-28,Afternoon,M02,Changeover,Tooling change,3.57,0
DT-0001727,WO-000736,2025-03-28,Morning,M03,Process,Parameter adjustment,22.61,0
DT-0001728,WO-000737,2025-03-28,Afternoon,M03,Changeover,Planned changeover,36.46,1
DT-0001729,WO-000738,2025-03-28,Morning,M04,Process,Weld parameter adjustment,39.27,0
DT-0001730,WO-000738,2025-03-28,Morning,M04,Changeover,Fixture setup,17.83,0
DT-0001731,WO-000738,2025-03-28,Morning,M04,Process,Weld parameter adjustment,40.12,0
DT-0001732,WO-000738,2025-03-28,Morning,M04,Changeover,Planned changeover,0.98,1
DT-0001733,WO-000738,2025-03-28,Morning,M04,Planned,Preventive maintenance,0.98,1
DT-0001734,WO-000739,2025-03-28,Afternoon,M04,Planned,Preventive maintenance,18.26,1
DT-0001735,WO-000739,2025-03-28,Afternoon,M04,Changeover,Planned changeover,76.59,1
DT-0001736,WO-000740,2025-03-28,Morning,M05,Material,Material shortage,6.53,0
DT-0001737,WO-000740,2025-03-28,Morning,M05,Microstop,Material jam,14.29,0
DT-0001738,WO-000740,2025-03-28,Morning,M05,Changeover,Tooling change,7.57,0
DT-0001739,WO-000740,2025-03-28,Morning,M05,Breakdown,Mechanical fault,6.93,0
DT-0001740,WO-000740,2025-03-28,Morning,M05,Process,Parameter adjustment,7.17,0
DT-0001741,WO-000741,2025-03-28,Afternoon,M05,Changeover,Tooling change,25.51,0
DT-0001742,WO-000741,2025-03-28,Afternoon,M05,Process,Parameter adjustment,37.6,0
DT-0001743,WO-000742,2025-03-28,Morning,M06,Breakdown,Sensor fault,14.47,0
DT-0001744,WO-000742,2025-03-28,Morning,M06,Breakdown,Mechanical fault,10.03,0
DT-0001745,WO-000742,2025-03-28,Morning,M06,Process,Parameter adjustment,19.74,0
DT-0001746,WO-000743,2025-03-28,Afternoon,M06,Process,Parameter adjustment,36.87,0
DT-0001747,WO-000744,2025-03-31,Morning,M01,Material,Material shortage,11.59,0
DT-0001748,WO-000744,2025-03-31,Morning,M01,Breakdown,Sensor fault,12.57,0
DT-0001749,WO-000744,2025-03-31,Morning,M01,Breakdown,Mechanical fault,7.22,0
DT-0001750,WO-000744,2025-03-31,Morning,M01,Microstop,Material jam,21.32,0
DT-0001751,WO-000745,2025-03-31,Afternoon,M01,Changeover,Planned changeover,8.03,1
DT-0001752,WO-000745,2025-03-31,Afternoon,M01,Microstop,Material jam,45.28,0
DT-0001753,WO-000746,2025-03-31,Morning,M02,Breakdown,Sensor fault,25.65,0
DT-0001754,WO-000746,2025-03-31,Morning,M02,Material,Material shortage,2.2,0
DT-0001755,WO-000746,2025-03-31,Morning,M02,Breakdown,Mechanical fault,2.26,0
DT-0001756,WO-000746,2025-03-31,Morning,M02,Material,Material shortage,3.96,0
DT-0001757,WO-000746,2025-03-31,Morning,M02,Microstop,Material jam,11.19,0
DT-0001758,WO-000747,2025-03-31,Afternoon,M02,Microstop,Vision retry,36.59,0
DT-0001759,WO-000747,2025-03-31,Afternoon,M02,Process,Parameter adjustment,0.99,0
DT-0001760,WO-000747,2025-03-31,Afternoon,M02,Planned,Calibration,26.48,1
DT-0001761,WO-000748,2025-03-31,Morning,M03,Breakdown,Sensor fault,47.74,0
DT-0001762,WO-000749,2025-03-31,Afternoon,M03,Breakdown,Sensor fault,7.63,0
DT-0001763,WO-000749,2025-03-31,Afternoon,M03,Breakdown,Sensor fault,18.37,0
DT-0001764,WO-000750,2025-03-31,Morning,M04,Microstop,Vision retry,89.08,0
DT-0001765,WO-000751,2025-03-31,Afternoon,M04,Breakdown,Robot recovery,0.99,0
DT-0001766,WO-000751,2025-03-31,Afternoon,M04,Microstop,Torch cleaning,87.24,0
DT-0001767,WO-000751,2025-03-31,Afternoon,M04,Process,Parameter adjustment,18.21,0
DT-0001768,WO-000752,2025-03-31,Morning,M05,Changeover,Tooling change,18.92,0
DT-0001769,WO-000752,2025-03-31,Morning,M05,Microstop,Material jam,5.24,0
DT-0001770,WO-000752,2025-03-31,Morning,M05,Changeover,Tooling change,7.42,0
DT-0001771,WO-000752,2025-03-31,Morning,M05,Microstop,Material jam,17.99,0
DT-0001772,WO-000753,2025-03-31,Afternoon,M05,Breakdown,Sensor fault,3.62,0
DT-0001773,WO-000753,2025-03-31,Afternoon,M05,Microstop,Vision retry,9.03,0
DT-0001774,WO-000753,2025-03-31,Afternoon,M05,Material,Material shortage,26.76,0
DT-0001775,WO-000753,2025-03-31,Afternoon,M05,Process,Parameter adjustment,11.02,0
DT-0001776,WO-000753,2025-03-31,Afternoon,M05,Breakdown,Mechanical fault,0.99,0
DT-0001777,WO-000754,2025-03-31,Morning,M06,Process,Parameter adjustment,18.03,0
DT-0001778,WO-000754,2025-03-31,Morning,M06,Breakdown,Mechanical fault,13.28,0
DT-0001779,WO-000754,2025-03-31,Morning,M06,Process,Parameter adjustment,6.29,0
DT-0001780,WO-000755,2025-03-31,Afternoon,M06,Material,Material shortage,29.11,0
DT-0001781,WO-000755,2025-03-31,Afternoon,M06,Planned,Calibration,7.0,1
DT-0001782,WO-000755,2025-03-31,Afternoon,M06,Material,Material shortage,0.99,0
DT-0001783,WO-000756,2025-04-01,Morning,M01,Changeover,Tooling change,51.24,0
DT-0001784,WO-000757,2025-04-01,Afternoon,M01,Microstop,Vision retry,51.45,0
DT-0001785,WO-000757,2025-04-01,Afternoon,M01,Microstop,Material jam,19.15,0
DT-0001786,WO-000758,2025-04-01,Morning,M02,Process,Parameter adjustment,11.33,0
DT-0001787,WO-000758,2025-04-01,Morning,M02,Microstop,Vision retry,19.24,0
DT-0001788,WO-000758,2025-04-01,Morning,M02,Material,Material shortage,10.56,0
DT-0001789,WO-000759,2025-04-01,Afternoon,M02,Planned,Preventive maintenance,26.6,1
DT-0001790,WO-000759,2025-04-01,Afternoon,M02,Microstop,Vision retry,11.3,0
DT-0001791,WO-000759,2025-04-01,Afternoon,M02,Process,Parameter adjustment,4.06,0
DT-0001792,WO-000759,2025-04-01,Afternoon,M02,Microstop,Material jam,11.86,0
DT-0001793,WO-000759,2025-04-01,Afternoon,M02,Microstop,Vision retry,0.98,0
DT-0001794,WO-000760,2025-04-01,Morning,M03,Material,Material shortage,9.46,0
DT-0001795,WO-000760,2025-04-01,Morning,M03,Breakdown,Sensor fault,12.14,0
DT-0001796,WO-000761,2025-04-01,Afternoon,M03,Changeover,Tooling change,50.49,0
DT-0001797,WO-000762,2025-04-01,Morning,M04,Changeover,Planned changeover,99.17,1
DT-0001798,WO-000762,2025-04-01,Morning,M04,Breakdown,Robot recovery,10.44,0
DT-0001799,WO-000763,2025-04-01,Afternoon,M04,Breakdown,Robot recovery,72.71,0
DT-0001800,WO-000763,2025-04-01,Afternoon,M04,Breakdown,Sensor fault,13.05,0
DT-0001801,WO-000763,2025-04-01,Afternoon,M04,Microstop,Torch cleaning,15.39,0
DT-0001802,WO-000764,2025-04-01,Morning,M05,Breakdown,Mechanical fault,49.7,0
DT-0001803,WO-000765,2025-04-01,Afternoon,M05,Process,Parameter adjustment,54.26,0
DT-0001804,WO-000765,2025-04-01,Afternoon,M05,Breakdown,Sensor fault,6.52,0
DT-0001805,WO-000766,2025-04-01,Morning,M06,Material,Material shortage,0.98,0
DT-0001806,WO-000766,2025-04-01,Morning,M06,Changeover,Planned changeover,20.68,1
DT-0001807,WO-000767,2025-04-01,Afternoon,M06,Changeover,Tooling change,10.26,0
DT-0001808,WO-000767,2025-04-01,Afternoon,M06,Microstop,Vision retry,0.97,0
DT-0001809,WO-000767,2025-04-01,Afternoon,M06,Material,Material shortage,11.55,0
DT-0001810,WO-000767,2025-04-01,Afternoon,M06,Material,Material shortage,1.89,0
DT-0001811,WO-000767,2025-04-01,Afternoon,M06,Microstop,Material jam,1.81,0
DT-0001812,WO-000768,2025-04-02,Morning,M01,Changeover,Tooling change,55.96,0
DT-0001813,WO-000769,2025-04-02,Afternoon,M01,Material,Material shortage,69.76,0
DT-0001814,WO-000770,2025-04-02,Morning,M02,Planned,Calibration,7.85,1
DT-0001815,WO-000770,2025-04-02,Morning,M02,Planned,Calibration,22.24,1
DT-0001816,WO-000770,2025-04-02,Morning,M02,Breakdown,Mechanical fault,17.28,0
DT-0001817,WO-000770,2025-04-02,Morning,M02,Planned,Preventive maintenance,17.82,1
DT-0001818,WO-000771,2025-04-02,Afternoon,M02,Process,Parameter adjustment,1.0,0
DT-0001819,WO-000771,2025-04-02,Afternoon,M02,Microstop,Material jam,32.32,0
DT-0001820,WO-000771,2025-04-02,Afternoon,M02,Planned,Calibration,11.38,1
DT-0001821,WO-000772,2025-04-02,Morning,M03,Microstop,Vision retry,43.84,0
DT-0001822,WO-000773,2025-04-02,Afternoon,M03,Process,Parameter adjustment,55.82,0
DT-0001823,WO-000774,2025-04-02,Morning,M04,Microstop,Material jam,6.17,0
DT-0001824,WO-000774,2025-04-02,Morning,M04,Process,Weld parameter adjustment,1.0,0
DT-0001825,WO-000774,2025-04-02,Morning,M04,Breakdown,Mechanical fault,17.38,0
DT-0001826,WO-000774,2025-04-02,Morning,M04,Changeover,Fixture setup,2.08,0
DT-0001827,WO-000774,2025-04-02,Morning,M04,Microstop,Material jam,63.8,0
DT-0001828,WO-000775,2025-04-02,Afternoon,M04,Changeover,Fixture setup,1.57,0
DT-0001829,WO-000775,2025-04-02,Afternoon,M04,Changeover,Fixture setup,47.36,0
DT-0001830,WO-000775,2025-04-02,Afternoon,M04,Microstop,Material jam,34.44,0
DT-0001831,WO-000775,2025-04-02,Afternoon,M04,Changeover,Fixture setup,2.39,0
DT-0001832,WO-000775,2025-04-02,Afternoon,M04,Planned,Preventive maintenance,18.96,1
DT-0001833,WO-000776,2025-04-02,Morning,M05,Microstop,Vision retry,28.62,0
DT-0001834,WO-000776,2025-04-02,Morning,M05,Breakdown,Mechanical fault,1.19,0
DT-0001835,WO-000776,2025-04-02,Morning,M05,Planned,Calibration,7.55,1
DT-0001836,WO-000777,2025-04-02,Afternoon,M05,Process,Parameter adjustment,38.24,0
DT-0001837,WO-000777,2025-04-02,Afternoon,M05,Process,Parameter adjustment,10.15,0
DT-0001838,WO-000778,2025-04-02,Morning,M06,Material,Material shortage,19.42,0
DT-0001839,WO-000778,2025-04-02,Morning,M06,Microstop,Vision retry,19.51,0
DT-0001840,WO-000779,2025-04-02,Afternoon,M06,Microstop,Material jam,46.89,0
DT-0001841,WO-000780,2025-04-03,Morning,M01,Process,Parameter adjustment,2.65,0
DT-0001842,WO-000780,2025-04-03,Morning,M01,Material,Material shortage,34.08,0
DT-0001843,WO-000780,2025-04-03,Morning,M01,Planned,Calibration,14.18,1
DT-0001844,WO-000781,2025-04-03,Afternoon,M01,Planned,Preventive maintenance,46.35,1
DT-0001845,WO-000781,2025-04-03,Afternoon,M01,Process,Parameter adjustment,10.95,0
DT-0001846,WO-000782,2025-04-03,Morning,M02,Breakdown,Mechanical fault,9.7,0
DT-0001847,WO-000782,2025-04-03,Morning,M02,Breakdown,Sensor fault,30.58,0
DT-0001848,WO-000782,2025-04-03,Morning,M02,Changeover,Planned changeover,3.75,1
DT-0001849,WO-000783,2025-04-03,Afternoon,M02,Breakdown,Sensor fault,11.94,0
DT-0001850,WO-000783,2025-04-03,Afternoon,M02,Breakdown,Mechanical fault,2.04,0
DT-0001851,WO-000783,2025-04-03,Afternoon,M02,Microstop,Vision retry,2.61,0
DT-0001852,WO-000783,2025-04-03,Afternoon,M02,Process,Parameter adjustment,1.37,0
DT-0001853,WO-000783,2025-04-03,Afternoon,M02,Breakdown,Sensor fault,50.17,0
DT-0001854,WO-000784,2025-04-03,Morning,M03,Changeover,Tooling change,35.15,0
DT-0001855,WO-000785,2025-04-03,Afternoon,M03,Breakdown,Sensor fault,21.57,0
DT-0001856,WO-000785,2025-04-03,Afternoon,M03,Planned,Calibration,21.15,1
DT-0001857,WO-000785,2025-04-03,Afternoon,M03,Material,Material shortage,1.94,0
DT-0001858,WO-000786,2025-04-03,Morning,M04,Breakdown,Sensor fault,22.21,0
DT-0001859,WO-000786,2025-04-03,Morning,M04,Breakdown,Wire feeder fault,18.1,0
DT-0001860,WO-000786,2025-04-03,Morning,M04,Planned,Calibration,22.45,1
DT-0001861,WO-000786,2025-04-03,Morning,M04,Microstop,Torch cleaning,32.36,0
DT-0001862,WO-000787,2025-04-03,Afternoon,M04,Breakdown,Wire feeder fault,106.71,0
DT-0001863,WO-000788,2025-04-03,Morning,M05,Planned,Preventive maintenance,19.36,1
DT-0001864,WO-000788,2025-04-03,Morning,M05,Microstop,Material jam,19.71,0
DT-0001865,WO-000789,2025-04-03,Afternoon,M05,Breakdown,Sensor fault,63.6,0
DT-0001866,WO-000790,2025-04-03,Morning,M06,Breakdown,Mechanical fault,34.65,0
DT-0001867,WO-000791,2025-04-03,Afternoon,M06,Breakdown,Mechanical fault,22.14,0
DT-0001868,WO-000791,2025-04-03,Afternoon,M06,Microstop,Vision retry,31.09,0
DT-0001869,WO-000791,2025-04-03,Afternoon,M06,Process,Parameter adjustment,4.44,0
DT-0001870,WO-000792,2025-04-04,Morning,M01,Breakdown,Mechanical fault,10.56,0
DT-0001871,WO-000792,2025-04-04,Morning,M01,Microstop,Vision retry,6.57,0
DT-0001872,WO-000792,2025-04-04,Morning,M01,Changeover,Tooling change,26.23,0
DT-0001873,WO-000793,2025-04-04,Afternoon,M01,Microstop,Vision retry,10.99,0
DT-0001874,WO-000793,2025-04-04,Afternoon,M01,Breakdown,Mechanical fault,36.54,0
DT-0001875,WO-000793,2025-04-04,Afternoon,M01,Material,Material shortage,1.53,0
DT-0001876,WO-000794,2025-04-04,Morning,M02,Breakdown,Mechanical fault,3.04,0
DT-0001877,WO-000794,2025-04-04,Morning,M02,Microstop,Material jam,44.64,0
DT-0001878,WO-000794,2025-04-04,Morning,M02,Breakdown,Sensor fault,12.26,0
DT-0001879,WO-000795,2025-04-04,Afternoon,M02,Breakdown,Sensor fault,11.64,0
DT-0001880,WO-000795,2025-04-04,Afternoon,M02,Changeover,Tooling change,51.68,0
DT-0001881,WO-000796,2025-04-04,Morning,M03,Microstop,Vision retry,7.26,0
DT-0001882,WO-000796,2025-04-04,Morning,M03,Material,Material shortage,7.31,0
DT-0001883,WO-000796,2025-04-04,Morning,M03,Breakdown,Sensor fault,8.52,0
DT-0001884,WO-000796,2025-04-04,Morning,M03,Breakdown,Sensor fault,11.22,0
DT-0001885,WO-000796,2025-04-04,Morning,M03,Material,Material shortage,3.95,0
DT-0001886,WO-000797,2025-04-04,Afternoon,M03,Changeover,Planned changeover,22.46,1
DT-0001887,WO-000797,2025-04-04,Afternoon,M03,Microstop,Material jam,19.48,0
DT-0001888,WO-000797,2025-04-04,Afternoon,M03,Microstop,Vision retry,6.62,0
DT-0001889,WO-000798,2025-04-04,Morning,M04,Changeover,Fixture setup,43.56,0
DT-0001890,WO-000798,2025-04-04,Morning,M04,Changeover,Fixture setup,74.01,0
DT-0001891,WO-000799,2025-04-04,Afternoon,M04,Changeover,Fixture setup,11.75,0
DT-0001892,WO-000799,2025-04-04,Afternoon,M04,Changeover,Tooling change,6.6,0
DT-0001893,WO-000799,2025-04-04,Afternoon,M04,Changeover,Fixture setup,94.94,0
DT-0001894,WO-000800,2025-04-04,Morning,M05,Material,Material shortage,17.45,0
DT-0001895,WO-000800,2025-04-04,Morning,M05,Microstop,Material jam,1.81,0
DT-0001896,WO-000800,2025-04-04,Morning,M05,Microstop,Material jam,2.67,0
DT-0001897,WO-000800,2025-04-04,Morning,M05,Breakdown,Sensor fault,30.1,0
DT-0001898,WO-000801,2025-04-04,Afternoon,M05,Microstop,Material jam,44.66,0
DT-0001899,WO-000801,2025-04-04,Afternoon,M05,Breakdown,Mechanical fault,3.93,0
DT-0001900,WO-000801,2025-04-04,Afternoon,M05,Changeover,Tooling change,11.05,0
DT-0001901,WO-000802,2025-04-04,Morning,M06,Material,Material shortage,0.97,0
DT-0001902,WO-000802,2025-04-04,Morning,M06,Breakdown,Mechanical fault,13.55,0
DT-0001903,WO-000802,2025-04-04,Morning,M06,Microstop,Vision retry,10.95,0
DT-0001904,WO-000803,2025-04-04,Afternoon,M06,Breakdown,Sensor fault,6.42,0
DT-0001905,WO-000803,2025-04-04,Afternoon,M06,Microstop,Material jam,28.68,0
DT-0001906,WO-000804,2025-04-07,Morning,M01,Breakdown,Sensor fault,15.06,0
DT-0001907,WO-000804,2025-04-07,Morning,M01,Material,Material shortage,2.68,0
DT-0001908,WO-000804,2025-04-07,Morning,M01,Planned,Calibration,21.11,1
DT-0001909,WO-000805,2025-04-07,Afternoon,M01,Microstop,Vision retry,13.16,0
DT-0001910,WO-000805,2025-04-07,Afternoon,M01,Process,Parameter adjustment,2.5,0
DT-0001911,WO-000805,2025-04-07,Afternoon,M01,Material,Material shortage,36.08,0
DT-0001912,WO-000806,2025-04-07,Morning,M02,Changeover,Tooling change,15.92,0
DT-0001913,WO-000806,2025-04-07,Morning,M02,Changeover,Tooling change,10.33,0
DT-0001914,WO-000806,2025-04-07,Morning,M02,Microstop,Vision retry,10.06,0
DT-0001915,WO-000806,2025-04-07,Morning,M02,Changeover,Tooling change,0.99,0
DT-0001916,WO-000806,2025-04-07,Morning,M02,Breakdown,Mechanical fault,9.15,0
DT-0001917,WO-000807,2025-04-07,Afternoon,M02,Planned,Calibration,63.99,1
DT-0001918,WO-000808,2025-04-07,Morning,M03,Material,Material shortage,21.6,0
DT-0001919,WO-000808,2025-04-07,Morning,M03,Process,Parameter adjustment,9.11,0
DT-0001920,WO-000808,2025-04-07,Morning,M03,Changeover,Tooling change,3.2,0
DT-0001921,WO-000809,2025-04-07,Afternoon,M03,Material,Material shortage,3.93,0
DT-0001922,WO-000809,2025-04-07,Afternoon,M03,Changeover,Tooling change,4.49,0
DT-0001923,WO-000809,2025-04-07,Afternoon,M03,Planned,Preventive maintenance,3.94,1
DT-0001924,WO-000809,2025-04-07,Afternoon,M03,Microstop,Vision retry,20.74,0
DT-0001925,WO-000810,2025-04-07,Morning,M04,Changeover,Fixture setup,44.71,0
DT-0001926,WO-000810,2025-04-07,Morning,M04,Changeover,Fixture setup,11.16,0
DT-0001927,WO-000810,2025-04-07,Morning,M04,Breakdown,Robot recovery,49.76,0
DT-0001928,WO-000810,2025-04-07,Morning,M04,Changeover,Fixture setup,8.02,0
DT-0001929,WO-000810,2025-04-07,Morning,M04,Breakdown,Robot recovery,5.1,0
DT-0001930,WO-000811,2025-04-07,Afternoon,M04,Planned,Preventive maintenance,132.56,1
DT-0001931,WO-000812,2025-04-07,Morning,M05,Process,Parameter adjustment,11.77,0
DT-0001932,WO-000812,2025-04-07,Morning,M05,Process,Parameter adjustment,28.11,0
DT-0001933,WO-000813,2025-04-07,Afternoon,M05,Breakdown,Mechanical fault,19.47,0
DT-0001934,WO-000813,2025-04-07,Afternoon,M05,Breakdown,Mechanical fault,41.97,0
DT-0001935,WO-000814,2025-04-07,Morning,M06,Microstop,Vision retry,11.06,0
DT-0001936,WO-000814,2025-04-07,Morning,M06,Breakdown,Mechanical fault,8.14,0
DT-0001937,WO-000814,2025-04-07,Morning,M06,Process,Parameter adjustment,5.28,0
DT-0001938,WO-000815,2025-04-07,Afternoon,M06,Microstop,Vision retry,12.71,0
DT-0001939,WO-000815,2025-04-07,Afternoon,M06,Breakdown,Mechanical fault,25.65,0
DT-0001940,WO-000816,2025-04-08,Morning,M01,Microstop,Vision retry,37.02,0
DT-0001941,WO-000816,2025-04-08,Morning,M01,Process,Parameter adjustment,19.2,0
DT-0001942,WO-000817,2025-04-08,Afternoon,M01,Planned,Calibration,59.87,1
DT-0001943,WO-000818,2025-04-08,Morning,M02,Microstop,Vision retry,7.48,0
DT-0001944,WO-000818,2025-04-08,Morning,M02,Microstop,Material jam,10.73,0
DT-0001945,WO-000818,2025-04-08,Morning,M02,Planned,Calibration,31.9,1
DT-0001946,WO-000819,2025-04-08,Afternoon,M02,Process,Parameter adjustment,34.95,0
DT-0001947,WO-000819,2025-04-08,Afternoon,M02,Microstop,Vision retry,15.71,0
DT-0001948,WO-000820,2025-04-08,Morning,M03,Breakdown,Sensor fault,4.67,0
DT-0001949,WO-000820,2025-04-08,Morning,M03,Changeover,Planned changeover,35.87,1
DT-0001950,WO-000821,2025-04-08,Afternoon,M03,Microstop,Vision retry,38.37,0
DT-0001951,WO-000821,2025-04-08,Afternoon,M03,Material,Material shortage,5.14,0
DT-0001952,WO-000821,2025-04-08,Afternoon,M03,Breakdown,Mechanical fault,7.0,0
DT-0001953,WO-000822,2025-04-08,Morning,M04,Changeover,Fixture setup,46.85,0
DT-0001954,WO-000822,2025-04-08,Morning,M04,Changeover,Fixture setup,60.9,0
DT-0001955,WO-000823,2025-04-08,Afternoon,M04,Changeover,Fixture setup,114.13,0
DT-0001956,WO-000824,2025-04-08,Morning,M05,Changeover,Planned changeover,18.54,1
DT-0001957,WO-000824,2025-04-08,Morning,M05,Process,Parameter adjustment,2.31,0
DT-0001958,WO-000824,2025-04-08,Morning,M05,Planned,Preventive maintenance,14.18,1
DT-0001959,WO-000824,2025-04-08,Morning,M05,Process,Parameter adjustment,1.22,0
DT-0001960,WO-000825,2025-04-08,Afternoon,M05,Microstop,Material jam,17.35,0
DT-0001961,WO-000825,2025-04-08,Afternoon,M05,Planned,Calibration,21.33,1
DT-0001962,WO-000825,2025-04-08,Afternoon,M05,Planned,Calibration,0.99,1
DT-0001963,WO-000825,2025-04-08,Afternoon,M05,Breakdown,Mechanical fault,2.33,0
DT-0001964,WO-000826,2025-04-08,Morning,M06,Changeover,Tooling change,2.29,0
DT-0001965,WO-000826,2025-04-08,Morning,M06,Material,Material shortage,29.07,0
DT-0001966,WO-000827,2025-04-08,Afternoon,M06,Material,Material shortage,0.98,0
DT-0001967,WO-000827,2025-04-08,Afternoon,M06,Breakdown,Mechanical fault,4.29,0
DT-0001968,WO-000827,2025-04-08,Afternoon,M06,Material,Material shortage,42.27,0
DT-0001969,WO-000828,2025-04-09,Morning,M01,Microstop,Vision retry,17.16,0
DT-0001970,WO-000828,2025-04-09,Morning,M01,Material,Material shortage,8.9,0
DT-0001971,WO-000828,2025-04-09,Morning,M01,Changeover,Tooling change,21.87,0
DT-0001972,WO-000829,2025-04-09,Afternoon,M01,Microstop,Material jam,41.18,0
DT-0001973,WO-000830,2025-04-09,Morning,M02,Breakdown,Mechanical fault,43.66,0
DT-0001974,WO-000830,2025-04-09,Morning,M02,Microstop,Material jam,13.3,0
DT-0001975,WO-000831,2025-04-09,Afternoon,M02,Material,Material shortage,37.26,0
DT-0001976,WO-000831,2025-04-09,Afternoon,M02,Planned,Calibration,22.6,1
DT-0001977,WO-000832,2025-04-09,Morning,M03,Material,Material shortage,1.13,0
DT-0001978,WO-000832,2025-04-09,Morning,M03,Breakdown,Mechanical fault,29.41,0
DT-0001979,WO-000833,2025-04-09,Afternoon,M03,Changeover,Tooling change,7.78,0
DT-0001980,WO-000833,2025-04-09,Afternoon,M03,Microstop,Vision retry,0.99,0
DT-0001981,WO-000833,2025-04-09,Afternoon,M03,Changeover,Tooling change,15.02,0
DT-0001982,WO-000833,2025-04-09,Afternoon,M03,Microstop,Material jam,1.08,0
DT-0001983,WO-000834,2025-04-09,Morning,M04,Process,Weld parameter adjustment,20.48,0
DT-0001984,WO-000834,2025-04-09,Morning,M04,Changeover,Fixture setup,4.82,0
DT-0001985,WO-000834,2025-04-09,Morning,M04,Process,Weld parameter adjustment,17.79,0
DT-0001986,WO-000834,2025-04-09,Morning,M04,Breakdown,Mechanical fault,5.97,0
DT-0001987,WO-000834,2025-04-09,Morning,M04,Microstop,Torch cleaning,60.45,0
DT-0001988,WO-000835,2025-04-09,Afternoon,M04,Changeover,Fixture setup,41.31,0
DT-0001989,WO-000835,2025-04-09,Afternoon,M04,Changeover,Fixture setup,4.83,0
DT-0001990,WO-000835,2025-04-09,Afternoon,M04,Process,Weld parameter adjustment,70.23,0
DT-0001991,WO-000836,2025-04-09,Morning,M05,Breakdown,Mechanical fault,38.79,0
DT-0001992,WO-000837,2025-04-09,Afternoon,M05,Material,Material shortage,17.21,0
DT-0001993,WO-000837,2025-04-09,Afternoon,M05,Microstop,Material jam,11.49,0
DT-0001994,WO-000837,2025-04-09,Afternoon,M05,Breakdown,Sensor fault,2.7,0
DT-0001995,WO-000837,2025-04-09,Afternoon,M05,Microstop,Vision retry,40.88,0
DT-0001996,WO-000837,2025-04-09,Afternoon,M05,Process,Parameter adjustment,6.37,0
DT-0001997,WO-000838,2025-04-09,Morning,M06,Process,Parameter adjustment,35.79,0
DT-0001998,WO-000839,2025-04-09,Afternoon,M06,Changeover,Tooling change,39.57,0
DT-0001999,WO-000839,2025-04-09,Afternoon,M06,Breakdown,Sensor fault,1.28,0
DT-0002000,WO-000839,2025-04-09,Afternoon,M06,Changeover,Tooling change,14.11,0
DT-0002001,WO-000840,2025-04-10,Morning,M01,Breakdown,Mechanical fault,0.99,0
DT-0002002,WO-000840,2025-04-10,Morning,M01,Microstop,Vision retry,14.21,0
DT-0002003,WO-000840,2025-04-10,Morning,M01,Microstop,Vision retry,21.03,0
DT-0002004,WO-000841,2025-04-10,Afternoon,M01,Material,Material shortage,12.68,0
DT-0002005,WO-000841,2025-04-10,Afternoon,M01,Material,Material shortage,43.03,0
DT-0002006,WO-000842,2025-04-10,Morning,M02,Breakdown,Sensor fault,30.49,0
DT-0002007,WO-000842,2025-04-10,Morning,M02,Planned,Calibration,2.15,1
DT-0002008,WO-000842,2025-04-10,Morning,M02,Breakdown,Mechanical fault,4.53,0
DT-0002009,WO-000842,2025-04-10,Morning,M02,Process,Parameter adjustment,23.44,0
DT-0002010,WO-000843,2025-04-10,Afternoon,M02,Material,Material shortage,33.82,0
DT-0002011,WO-000843,2025-04-10,Afternoon,M02,Planned,Preventive maintenance,4.25,1
DT-0002012,WO-000843,2025-04-10,Afternoon,M02,Microstop,Material jam,16.98,0
DT-0002013,WO-000844,2025-04-10,Morning,M03,Material,Material shortage,47.97,0
DT-0002014,WO-000845,2025-04-10,Morning,M04,Microstop,Material jam,110.79,0
DT-0002015,WO-000846,2025-04-10,Afternoon,M04,Planned,Preventive maintenance,1.85,1
DT-0002016,WO-000846,2025-04-10,Afternoon,M04,Microstop,Vision retry,6.16,0
DT-0002017,WO-000846,2025-04-10,Afternoon,M04,Microstop,Material jam,80.7,0
DT-0002018,WO-000847,2025-04-10,Morning,M05,Process,Parameter adjustment,47.18,0
DT-0002019,WO-000848,2025-04-10,Afternoon,M05,Material,Material shortage,48.17,0
DT-0002020,WO-000848,2025-04-10,Afternoon,M05,Process,Parameter adjustment,13.07,0
DT-0002021,WO-000848,2025-04-10,Afternoon,M05,Breakdown,Mechanical fault,1.0,0
DT-0002022,WO-000848,2025-04-10,Afternoon,M05,Process,Parameter adjustment,9.2,0
DT-0002023,WO-000848,2025-04-10,Afternoon,M05,Microstop,Vision retry,3.95,0
DT-0002024,WO-000849,2025-04-10,Afternoon,M06,Microstop,Vision retry,1.0,0
DT-0002025,WO-000849,2025-04-10,Afternoon,M06,Breakdown,Mechanical fault,10.67,0
DT-0002026,WO-000849,2025-04-10,Afternoon,M06,Microstop,Vision retry,9.62,0
DT-0002027,WO-000849,2025-04-10,Afternoon,M06,Planned,Preventive maintenance,16.42,1
DT-0002028,WO-000849,2025-04-10,Afternoon,M06,Material,Material shortage,3.48,0
DT-0002029,WO-000850,2025-04-11,Morning,M01,Microstop,Material jam,6.35,0
DT-0002030,WO-000850,2025-04-11,Morning,M01,Breakdown,Sensor fault,29.38,0
DT-0002031,WO-000850,2025-04-11,Morning,M01,Breakdown,Mechanical fault,2.08,0
DT-0002032,WO-000850,2025-04-11,Morning,M01,Microstop,Material jam,9.58,0
DT-0002033,WO-000850,2025-04-11,Morning,M01,Process,Parameter adjustment,0.99,0
DT-0002034,WO-000851,2025-04-11,Afternoon,M01,Material,Material shortage,8.45,0
DT-0002035,WO-000851,2025-04-11,Afternoon,M01,Breakdown,Sensor fault,42.82,0
DT-0002036,WO-000851,2025-04-11,Afternoon,M01,Microstop,Vision retry,7.78,0
DT-0002037,WO-000852,2025-04-11,Morning,M02,Process,Parameter adjustment,11.28,0
DT-0002038,WO-000852,2025-04-11,Morning,M02,Planned,Preventive maintenance,19.98,1
DT-0002039,WO-000852,2025-04-11,Morning,M02,Changeover,Tooling change,24.81,0
DT-0002040,WO-000853,2025-04-11,Afternoon,M02,Process,Parameter adjustment,12.05,0
DT-0002041,WO-000853,2025-04-11,Afternoon,M02,Breakdown,Sensor fault,17.26,0
DT-0002042,WO-000853,2025-04-11,Afternoon,M02,Breakdown,Mechanical fault,14.54,0
DT-0002043,WO-000853,2025-04-11,Afternoon,M02,Breakdown,Mechanical fault,12.48,0
DT-0002044,WO-000854,2025-04-11,Morning,M03,Material,Material shortage,27.62,0
DT-0002045,WO-000854,2025-04-11,Morning,M03,Breakdown,Sensor fault,18.24,0
DT-0002046,WO-000855,2025-04-11,Afternoon,M03,Changeover,Tooling change,39.23,0
DT-0002047,WO-000855,2025-04-11,Afternoon,M03,Microstop,Material jam,6.39,0
DT-0002048,WO-000856,2025-04-11,Morning,M04,Breakdown,Robot recovery,57.66,0
DT-0002049,WO-000856,2025-04-11,Morning,M04,Breakdown,Sensor fault,19.72,0
DT-0002050,WO-000856,2025-04-11,Morning,M04,Changeover,Fixture setup,12.59,0
DT-0002051,WO-000857,2025-04-11,Afternoon,M04,Microstop,Torch cleaning,86.78,0
DT-0002052,WO-000857,2025-04-11,Afternoon,M04,Changeover,Tooling change,25.99,0
DT-0002053,WO-000858,2025-04-11,Morning,M05,Planned,Calibration,1.86,1
DT-0002054,WO-000858,2025-04-11,Morning,M05,Changeover,Tooling change,24.85,0
DT-0002055,WO-000858,2025-04-11,Morning,M05,Microstop,Vision retry,4.93,0
DT-0002056,WO-000858,2025-04-11,Morning,M05,Breakdown,Sensor fault,24.54,0
DT-0002057,WO-000859,2025-04-11,Afternoon,M05,Microstop,Vision retry,16.7,0
DT-0002058,WO-000859,2025-04-11,Afternoon,M05,Microstop,Vision retry,44.02,0
DT-0002059,WO-000860,2025-04-11,Morning,M06,Microstop,Material jam,3.65,0
DT-0002060,WO-000860,2025-04-11,Morning,M06,Breakdown,Mechanical fault,17.18,0
DT-0002061,WO-000861,2025-04-11,Afternoon,M06,Changeover,Tooling change,33.4,0
DT-0002062,WO-000861,2025-04-11,Afternoon,M06,Planned,Calibration,8.87,1
DT-0002063,WO-000862,2025-04-14,Morning,M01,Changeover,Planned changeover,3.49,1
DT-0002064,WO-000862,2025-04-14,Morning,M01,Material,Material shortage,9.4,0
DT-0002065,WO-000862,2025-04-14,Morning,M01,Microstop,Vision retry,24.21,0
DT-0002066,WO-000862,2025-04-14,Morning,M01,Microstop,Vision retry,8.48,0
DT-0002067,WO-000862,2025-04-14,Morning,M01,Breakdown,Sensor fault,0.99,0
DT-0002068,WO-000863,2025-04-14,Afternoon,M01,Changeover,Tooling change,18.9,0
DT-0002069,WO-000863,2025-04-14,Afternoon,M01,Changeover,Tooling change,22.43,0
DT-0002070,WO-000863,2025-04-14,Afternoon,M01,Process,Parameter adjustment,12.86,0
DT-0002071,WO-000864,2025-04-14,Morning,M02,Changeover,Planned changeover,62.89,1
DT-0002072,WO-000865,2025-04-14,Afternoon,M02,Process,Parameter adjustment,65.91,0
DT-0002073,WO-000866,2025-04-14,Morning,M03,Changeover,Planned changeover,28.46,1
DT-0002074,WO-000866,2025-04-14,Morning,M03,Breakdown,Sensor fault,17.31,0
DT-0002075,WO-000867,2025-04-14,Afternoon,M03,Planned,Preventive maintenance,24.94,1
DT-0002076,WO-000867,2025-04-14,Afternoon,M03,Microstop,Vision retry,26.43,0
DT-0002077,WO-000868,2025-04-14,Morning,M04,Changeover,Fixture setup,94.33,0
DT-0002078,WO-000869,2025-04-14,Afternoon,M04,Microstop,Torch cleaning,1.78,0
DT-0002079,WO-000869,2025-04-14,Afternoon,M04,Changeover,Fixture setup,6.59,0
DT-0002080,WO-000869,2025-04-14,Afternoon,M04,Changeover,Fixture setup,9.64,0
DT-0002081,WO-000869,2025-04-14,Afternoon,M04,Process,Weld parameter adjustment,93.85,0
DT-0002082,WO-000870,2025-04-14,Morning,M05,Process,Parameter adjustment,12.9,0
DT-0002083,WO-000870,2025-04-14,Morning,M05,Breakdown,Sensor fault,33.72,0
DT-0002084,WO-000871,2025-04-14,Afternoon,M05,Microstop,Vision retry,1.0,0
DT-0002085,WO-000871,2025-04-14,Afternoon,M05,Material,Material shortage,52.5,0
DT-0002086,WO-000872,2025-04-14,Morning,M06,Material,Material shortage,5.08,0
DT-0002087,WO-000872,2025-04-14,Morning,M06,Microstop,Material jam,33.48,0
DT-0002088,WO-000873,2025-04-14,Afternoon,M06,Breakdown,Mechanical fault,15.21,0
DT-0002089,WO-000873,2025-04-14,Afternoon,M06,Microstop,Material jam,23.85,0
DT-0002090,WO-000873,2025-04-14,Afternoon,M06,Breakdown,Sensor fault,3.54,0
DT-0002091,WO-000874,2025-04-15,Afternoon,M01,Breakdown,Mechanical fault,39.42,0
DT-0002092,WO-000875,2025-04-15,Morning,M02,Microstop,Material jam,67.75,0
DT-0002093,WO-000875,2025-04-15,Morning,M02,Breakdown,Mechanical fault,5.59,0
DT-0002094,WO-000876,2025-04-15,Afternoon,M02,Breakdown,Mechanical fault,22.61,0
DT-0002095,WO-000876,2025-04-15,Afternoon,M02,Process,Parameter adjustment,24.53,0
DT-0002096,WO-000877,2025-04-15,Morning,M03,Material,Material shortage,60.64,0
DT-0002097,WO-000878,2025-04-15,Afternoon,M03,Microstop,Material jam,0.99,0
DT-0002098,WO-000878,2025-04-15,Afternoon,M03,Microstop,Vision retry,45.1,0
DT-0002099,WO-000879,2025-04-15,Morning,M04,Breakdown,Robot recovery,116.66,0
DT-0002100,WO-000879,2025-04-15,Morning,M04,Breakdown,Wire feeder fault,1.0,0
DT-0002101,WO-000880,2025-04-15,Afternoon,M04,Breakdown,Robot recovery,38.72,0
DT-0002102,WO-000880,2025-04-15,Afternoon,M04,Microstop,Torch cleaning,69.96,0
DT-0002103,WO-000880,2025-04-15,Afternoon,M04,Planned,Calibration,1.0,1
DT-0002104,WO-000881,2025-04-15,Morning,M05,Material,Material shortage,11.5,0
DT-0002105,WO-000881,2025-04-15,Morning,M05,Microstop,Material jam,6.87,0
DT-0002106,WO-000881,2025-04-15,Morning,M05,Breakdown,Sensor fault,8.8,0
DT-0002107,WO-000881,2025-04-15,Morning,M05,Breakdown,Sensor fault,1.0,0
DT-0002108,WO-000881,2025-04-15,Morning,M05,Changeover,Tooling change,27.39,0
DT-0002109,WO-000882,2025-04-15,Afternoon,M05,Process,Parameter adjustment,64.82,0
DT-0002110,WO-000883,2025-04-15,Morning,M06,Breakdown,Mechanical fault,25.03,0
DT-0002111,WO-000884,2025-04-15,Afternoon,M06,Breakdown,Mechanical fault,44.67,0
DT-0002112,WO-000885,2025-04-16,Morning,M01,Microstop,Material jam,10.21,0
DT-0002113,WO-000885,2025-04-16,Morning,M01,Breakdown,Sensor fault,25.03,0
DT-0002114,WO-000885,2025-04-16,Morning,M01,Microstop,Vision retry,16.72,0
DT-0002115,WO-000885,2025-04-16,Morning,M01,Planned,Calibration,9.54,1
DT-0002116,WO-000886,2025-04-16,Afternoon,M01,Breakdown,Mechanical fault,3.36,0
DT-0002117,WO-000886,2025-04-16,Afternoon,M01,Changeover,Tooling change,37.08,0
DT-0002118,WO-000886,2025-04-16,Afternoon,M01,Microstop,Material jam,13.62,0
DT-0002119,WO-000887,2025-04-16,Morning,M02,Planned,Preventive maintenance,7.54,1
DT-0002120,WO-000887,2025-04-16,Morning,M02,Microstop,Vision retry,35.02,0
DT-0002121,WO-000887,2025-04-16,Morning,M02,Process,Parameter adjustment,6.36,0
DT-0002122,WO-000888,2025-04-16,Afternoon,M02,Planned,Preventive maintenance,83.72,1
DT-0002123,WO-000889,2025-04-16,Morning,M03,Breakdown,Sensor fault,41.77,0
DT-0002124,WO-000890,2025-04-16,Afternoon,M03,Planned,Preventive maintenance,8.41,1
DT-0002125,WO-000890,2025-04-16,Afternoon,M03,Breakdown,Mechanical fault,11.23,0
DT-0002126,WO-000890,2025-04-16,Afternoon,M03,Planned,Calibration,27.41,1
DT-0002127,WO-000891,2025-04-16,Morning,M04,Process,Weld parameter adjustment,15.65,0
DT-0002128,WO-000891,2025-04-16,Morning,M04,Microstop,Torch cleaning,23.51,0
DT-0002129,WO-000891,2025-04-16,Morning,M04,Process,Weld parameter adjustment,68.35,0
DT-0002130,WO-000892,2025-04-16,Afternoon,M04,Changeover,Planned changeover,95.11,1
DT-0002131,WO-000892,2025-04-16,Afternoon,M04,Process,Parameter adjustment,14.71,0
DT-0002132,WO-000893,2025-04-16,Morning,M05,Changeover,Tooling change,24.88,0
DT-0002133,WO-000894,2025-04-16,Afternoon,M05,Microstop,Vision retry,58.13,0
DT-0002134,WO-000895,2025-04-16,Morning,M06,Changeover,Planned changeover,0.98,1
DT-0002135,WO-000895,2025-04-16,Morning,M06,Process,Parameter adjustment,18.79,0
DT-0002136,WO-000896,2025-04-16,Afternoon,M06,Material,Material shortage,40.17,0
DT-0002137,WO-000897,2025-04-17,Morning,M01,Material,Material shortage,20.81,0
DT-0002138,WO-000897,2025-04-17,Morning,M01,Breakdown,Mechanical fault,7.41,0
DT-0002139,WO-000897,2025-04-17,Morning,M01,Microstop,Material jam,5.62,0
DT-0002140,WO-000897,2025-04-17,Morning,M01,Microstop,Vision retry,20.09,0
DT-0002141,WO-000898,2025-04-17,Afternoon,M01,Process,Parameter adjustment,10.54,0
DT-0002142,WO-000898,2025-04-17,Afternoon,M01,Changeover,Tooling change,24.95,0
DT-0002143,WO-000899,2025-04-17,Morning,M02,Planned,Preventive maintenance,0.98,1
DT-0002144,WO-000899,2025-04-17,Morning,M02,Breakdown,Sensor fault,39.96,0
DT-0002145,WO-000900,2025-04-17,Afternoon,M02,Breakdown,Sensor fault,25.13,0
DT-0002146,WO-000900,2025-04-17,Afternoon,M02,Breakdown,Sensor fault,27.49,0
DT-0002147,WO-000900,2025-04-17,Afternoon,M02,Microstop,Material jam,5.34,0
DT-0002148,WO-000901,2025-04-17,Morning,M03,Material,Material shortage,22.63,0
DT-0002149,WO-000901,2025-04-17,Morning,M03,Changeover,Tooling change,16.64,0
DT-0002150,WO-000902,2025-04-17,Afternoon,M03,Breakdown,Sensor fault,21.6,0
DT-0002151,WO-000902,2025-04-17,Afternoon,M03,Planned,Preventive maintenance,17.52,1
DT-0002152,WO-000902,2025-04-17,Afternoon,M03,Microstop,Vision retry,28.66,0
DT-0002153,WO-000903,2025-04-17,Morning,M04,Changeover,Fixture setup,84.74,0
DT-0002154,WO-000903,2025-04-17,Morning,M04,Changeover,Planned changeover,17.39,1
DT-0002155,WO-000904,2025-04-17,Afternoon,M04,Breakdown,Robot recovery,117.39,0
DT-0002156,WO-000905,2025-04-17,Morning,M05,Breakdown,Mechanical fault,23.56,0
DT-0002157,WO-000905,2025-04-17,Morning,M05,Breakdown,Mechanical fault,22.33,0
DT-0002158,WO-000906,2025-04-17,Afternoon,M05,Breakdown,Sensor fault,9.39,0
DT-0002159,WO-000906,2025-04-17,Afternoon,M05,Changeover,Tooling change,40.04,0
DT-0002160,WO-000907,2025-04-17,Afternoon,M06,Changeover,Tooling change,2.57,0
DT-0002161,WO-000907,2025-04-17,Afternoon,M06,Breakdown,Mechanical fault,1.65,0
DT-0002162,WO-000907,2025-04-17,Afternoon,M06,Process,Parameter adjustment,28.94,0
DT-0002163,WO-000908,2025-04-18,Morning,M01,Process,Parameter adjustment,63.16,0
DT-0002164,WO-000909,2025-04-18,Afternoon,M01,Changeover,Tooling change,9.02,0
DT-0002165,WO-000909,2025-04-18,Afternoon,M01,Breakdown,Sensor fault,24.49,0
DT-0002166,WO-000909,2025-04-18,Afternoon,M01,Planned,Calibration,9.98,1
DT-0002167,WO-000910,2025-04-18,Morning,M02,Planned,Calibration,10.0,1
DT-0002168,WO-000910,2025-04-18,Morning,M02,Process,Parameter adjustment,1.41,0
DT-0002169,WO-000910,2025-04-18,Morning,M02,Changeover,Planned changeover,32.55,1
DT-0002170,WO-000911,2025-04-18,Afternoon,M02,Microstop,Material jam,53.51,0
DT-0002171,WO-000912,2025-04-18,Morning,M03,Breakdown,Sensor fault,1.48,0
DT-0002172,WO-000912,2025-04-18,Morning,M03,Breakdown,Sensor fault,10.09,0
DT-0002173,WO-000912,2025-04-18,Morning,M03,Breakdown,Sensor fault,6.41,0
DT-0002174,WO-000913,2025-04-18,Afternoon,M03,Breakdown,Mechanical fault,2.79,0
DT-0002175,WO-000913,2025-04-18,Afternoon,M03,Microstop,Material jam,29.5,0
DT-0002176,WO-000913,2025-04-18,Afternoon,M03,Changeover,Tooling change,13.02,0
DT-0002177,WO-000914,2025-04-18,Morning,M04,Microstop,Material jam,22.67,0
DT-0002178,WO-000914,2025-04-18,Morning,M04,Breakdown,Mechanical fault,6.43,0
DT-0002179,WO-000914,2025-04-18,Morning,M04,Process,Weld parameter adjustment,82.14,0
DT-0002180,WO-000914,2025-04-18,Morning,M04,Breakdown,Robot recovery,8.22,0
DT-0002181,WO-000915,2025-04-18,Afternoon,M04,Process,Weld parameter adjustment,112.89,0
DT-0002182,WO-000916,2025-04-18,Morning,M05,Breakdown,Mechanical fault,6.72,0
DT-0002183,WO-000916,2025-04-18,Morning,M05,Microstop,Vision retry,44.24,0
DT-0002184,WO-000916,2025-04-18,Morning,M05,Changeover,Tooling change,1.0,0
DT-0002185,WO-000916,2025-04-18,Morning,M05,Microstop,Material jam,14.47,0
DT-0002186,WO-000917,2025-04-18,Afternoon,M05,Microstop,Vision retry,43.73,0
DT-0002187,WO-000917,2025-04-18,Afternoon,M05,Process,Parameter adjustment,10.1,0
DT-0002188,WO-000918,2025-04-18,Morning,M06,Breakdown,Mechanical fault,16.53,0
DT-0002189,WO-000918,2025-04-18,Morning,M06,Breakdown,Sensor fault,11.64,0
DT-0002190,WO-000919,2025-04-18,Afternoon,M06,Breakdown,Sensor fault,3.46,0
DT-0002191,WO-000919,2025-04-18,Afternoon,M06,Planned,Preventive maintenance,7.65,1
DT-0002192,WO-000919,2025-04-18,Afternoon,M06,Planned,Calibration,15.96,1
DT-0002193,WO-000920,2025-04-21,Morning,M01,Microstop,Material jam,63.95,0
DT-0002194,WO-000921,2025-04-21,Afternoon,M01,Process,Parameter adjustment,35.24,0
DT-0002195,WO-000922,2025-04-21,Morning,M02,Planned,Calibration,21.82,1
DT-0002196,WO-000922,2025-04-21,Morning,M02,Changeover,Tooling change,27.13,0
DT-0002197,WO-000923,2025-04-21,Afternoon,M02,Planned,Preventive maintenance,32.69,1
DT-0002198,WO-000923,2025-04-21,Afternoon,M02,Planned,Preventive maintenance,18.95,1
DT-0002199,WO-000924,2025-04-21,Morning,M03,Microstop,Vision retry,14.11,0
DT-0002200,WO-000924,2025-04-21,Morning,M03,Planned,Preventive maintenance,1.86,1
DT-0002201,WO-000924,2025-04-21,Morning,M03,Microstop,Material jam,12.7,0
DT-0002202,WO-000925,2025-04-21,Afternoon,M03,Process,Parameter adjustment,18.28,0
DT-0002203,WO-000925,2025-04-21,Afternoon,M03,Planned,Calibration,9.24,1
DT-0002204,WO-000925,2025-04-21,Afternoon,M03,Microstop,Material jam,5.89,0
DT-0002205,WO-000926,2025-04-21,Morning,M04,Changeover,Fixture setup,23.17,0
DT-0002206,WO-000926,2025-04-21,Morning,M04,Changeover,Fixture setup,15.51,0
DT-0002207,WO-000926,2025-04-21,Morning,M04,Changeover,Planned changeover,71.81,1
DT-0002208,WO-000926,2025-04-21,Morning,M04,Changeover,Fixture setup,10.14,0
DT-0002209,WO-000927,2025-04-21,Afternoon,M04,Changeover,Planned changeover,117.77,1
DT-0002210,WO-000928,2025-04-21,Morning,M05,Material,Material shortage,12.79,0
DT-0002211,WO-000928,2025-04-21,Morning,M05,Microstop,Material jam,32.65,0
DT-0002212,WO-000929,2025-04-21,Afternoon,M05,Material,Material shortage,2.09,0
DT-0002213,WO-000929,2025-04-21,Afternoon,M05,Material,Material shortage,45.44,0
DT-0002214,WO-000929,2025-04-21,Afternoon,M05,Process,Parameter adjustment,9.37,0
DT-0002215,WO-000930,2025-04-21,Morning,M06,Changeover,Tooling change,11.17,0
DT-0002216,WO-000930,2025-04-21,Morning,M06,Breakdown,Sensor fault,3.5,0
DT-0002217,WO-000930,2025-04-21,Morning,M06,Microstop,Material jam,2.66,0
DT-0002218,WO-000930,2025-04-21,Morning,M06,Material,Material shortage,2.24,0
DT-0002219,WO-000931,2025-04-21,Afternoon,M06,Changeover,Planned changeover,10.12,1
DT-0002220,WO-000931,2025-04-21,Afternoon,M06,Changeover,Tooling change,11.04,0
DT-0002221,WO-000932,2025-04-22,Morning,M01,Microstop,Vision retry,15.2,0
DT-0002222,WO-000932,2025-04-22,Morning,M01,Breakdown,Mechanical fault,41.53,0
DT-0002223,WO-000933,2025-04-22,Afternoon,M01,Planned,Calibration,45.48,1
DT-0002224,WO-000934,2025-04-22,Morning,M02,Process,Parameter adjustment,39.01,0
DT-0002225,WO-000935,2025-04-22,Afternoon,M02,Microstop,Material jam,69.6,0
DT-0002226,WO-000936,2025-04-22,Morning,M03,Changeover,Planned changeover,8.4,1
DT-0002227,WO-000936,2025-04-22,Morning,M03,Microstop,Material jam,9.88,0
DT-0002228,WO-000936,2025-04-22,Morning,M03,Changeover,Tooling change,12.62,0
DT-0002229,WO-000937,2025-04-22,Afternoon,M03,Microstop,Material jam,20.05,0
DT-0002230,WO-000937,2025-04-22,Afternoon,M03,Breakdown,Mechanical fault,11.85,0
DT-0002231,WO-000937,2025-04-22,Afternoon,M03,Breakdown,Mechanical fault,17.7,0
DT-0002232,WO-000938,2025-04-22,Morning,M04,Changeover,Fixture setup,26.35,0
DT-0002233,WO-000938,2025-04-22,Morning,M04,Changeover,Planned changeover,28.1,1
DT-0002234,WO-000938,2025-04-22,Morning,M04,Breakdown,Sensor fault,42.19,0
DT-0002235,WO-000939,2025-04-22,Afternoon,M04,Breakdown,Wire feeder fault,77.04,0
DT-0002236,WO-000939,2025-04-22,Afternoon,M04,Breakdown,Robot recovery,15.67,0
DT-0002237,WO-000939,2025-04-22,Afternoon,M04,Changeover,Fixture setup,12.36,0
DT-0002238,WO-000939,2025-04-22,Afternoon,M04,Breakdown,Sensor fault,1.44,0
DT-0002239,WO-000939,2025-04-22,Afternoon,M04,Breakdown,Robot recovery,7.43,0
DT-0002240,WO-000940,2025-04-22,Morning,M05,Changeover,Planned changeover,6.76,1
DT-0002241,WO-000940,2025-04-22,Morning,M05,Breakdown,Sensor fault,12.33,0
DT-0002242,WO-000940,2025-04-22,Morning,M05,Breakdown,Sensor fault,38.0,0
DT-0002243,WO-000941,2025-04-22,Afternoon,M05,Material,Material shortage,55.67,0
DT-0002244,WO-000941,2025-04-22,Afternoon,M05,Microstop,Material jam,0.99,0
DT-0002245,WO-000942,2025-04-22,Morning,M06,Process,Parameter adjustment,4.11,0
DT-0002246,WO-000942,2025-04-22,Morning,M06,Changeover,Planned changeover,18.02,1
DT-0002247,WO-000942,2025-04-22,Morning,M06,Changeover,Tooling change,10.45,0
DT-0002248,WO-000942,2025-04-22,Morning,M06,Changeover,Tooling change,10.92,0
DT-0002249,WO-000943,2025-04-22,Afternoon,M06,Material,Material shortage,22.46,0
DT-0002250,WO-000943,2025-04-22,Afternoon,M06,Planned,Calibration,2.72,1
DT-0002251,WO-000944,2025-04-23,Morning,M01,Microstop,Material jam,35.66,0
DT-0002252,WO-000944,2025-04-23,Morning,M01,Process,Parameter adjustment,23.27,0
DT-0002253,WO-000945,2025-04-23,Afternoon,M01,Planned,Preventive maintenance,15.24,1
DT-0002254,WO-000945,2025-04-23,Afternoon,M01,Breakdown,Mechanical fault,6.73,0
DT-0002255,WO-000945,2025-04-23,Afternoon,M01,Breakdown,Sensor fault,17.16,0
DT-0002256,WO-000946,2025-04-23,Morning,M02,Breakdown,Sensor fault,23.06,0
DT-0002257,WO-000946,2025-04-23,Morning,M02,Microstop,Vision retry,28.15,0
DT-0002258,WO-000947,2025-04-23,Afternoon,M02,Microstop,Material jam,56.16,0
DT-0002259,WO-000948,2025-04-23,Morning,M03,Process,Parameter adjustment,8.36,0
DT-0002260,WO-000948,2025-04-23,Morning,M03,Planned,Preventive maintenance,6.98,1
DT-0002261,WO-000948,2025-04-23,Morning,M03,Breakdown,Sensor fault,3.45,0
DT-0002262,WO-000949,2025-04-23,Morning,M04,Changeover,Planned changeover,15.97,1
DT-0002263,WO-000949,2025-04-23,Morning,M04,Breakdown,Robot recovery,28.7,0
DT-0002264,WO-000949,2025-04-23,Morning,M04,Changeover,Fixture setup,1.22,0
DT-0002265,WO-000949,2025-04-23,Morning,M04,Changeover,Tooling change,44.75,0
DT-0002266,WO-000949,2025-04-23,Morning,M04,Planned,Calibration,14.69,1
DT-0002267,WO-000950,2025-04-23,Afternoon,M04,Breakdown,Robot recovery,104.86,0
DT-0002268,WO-000951,2025-04-23,Morning,M05,Breakdown,Mechanical fault,2.49,0
DT-0002269,WO-000951,2025-04-23,Morning,M05,Changeover,Tooling change,4.15,0
DT-0002270,WO-000951,2025-04-23,Morning,M05,Material,Material shortage,36.64,0
DT-0002271,WO-000951,2025-04-23,Morning,M05,Process,Parameter adjustment,18.96,0
DT-0002272,WO-000952,2025-04-23,Afternoon,M05,Breakdown,Sensor fault,41.28,0
DT-0002273,WO-000953,2025-04-23,Morning,M06,Changeover,Tooling change,3.06,0
DT-0002274,WO-000953,2025-04-23,Morning,M06,Material,Material shortage,10.44,0
DT-0002275,WO-000954,2025-04-23,Afternoon,M06,Breakdown,Sensor fault,14.36,0
DT-0002276,WO-000954,2025-04-23,Afternoon,M06,Microstop,Material jam,28.9,0
DT-0002277,WO-000955,2025-04-24,Morning,M01,Breakdown,Mechanical fault,16.17,0
DT-0002278,WO-000955,2025-04-24,Morning,M01,Changeover,Tooling change,5.74,0
DT-0002279,WO-000955,2025-04-24,Morning,M01,Planned,Preventive maintenance,4.15,1
DT-0002280,WO-000955,2025-04-24,Morning,M01,Changeover,Tooling change,15.11,0
DT-0002281,WO-000955,2025-04-24,Morning,M01,Breakdown,Mechanical fault,20.61,0
DT-0002282,WO-000956,2025-04-24,Afternoon,M01,Breakdown,Sensor fault,33.58,0
DT-0002283,WO-000957,2025-04-24,Morning,M02,Breakdown,Sensor fault,39.4,0
DT-0002284,WO-000957,2025-04-24,Morning,M02,Changeover,Tooling change,10.67,0
DT-0002285,WO-000958,2025-04-24,Afternoon,M02,Process,Parameter adjustment,9.43,0
DT-0002286,WO-000958,2025-04-24,Afternoon,M02,Breakdown,Mechanical fault,19.89,0
DT-0002287,WO-000958,2025-04-24,Afternoon,M02,Breakdown,Sensor fault,30.94,0
DT-0002288,WO-000959,2025-04-24,Morning,M03,Planned,Calibration,42.34,1
DT-0002289,WO-000960,2025-04-24,Afternoon,M03,Microstop,Vision retry,3.83,0
DT-0002290,WO-000960,2025-04-24,Afternoon,M03,Breakdown,Mechanical fault,33.01,0
DT-0002291,WO-000960,2025-04-24,Afternoon,M03,Changeover,Tooling change,6.71,0
DT-0002292,WO-000961,2025-04-24,Morning,M04,Process,Weld parameter adjustment,37.37,0
DT-0002293,WO-000961,2025-04-24,Morning,M04,Changeover,Fixture setup,52.68,0
DT-0002294,WO-000961,2025-04-24,Morning,M04,Changeover,Planned changeover,7.68,1
DT-0002295,WO-000962,2025-04-24,Afternoon,M04,Changeover,Fixture setup,8.82,0
DT-0002296,WO-000962,2025-04-24,Afternoon,M04,Process,Weld parameter adjustment,74.15,0
DT-0002297,WO-000962,2025-04-24,Afternoon,M04,Changeover,Fixture setup,30.06,0
DT-0002298,WO-000963,2025-04-24,Morning,M05,Microstop,Material jam,42.82,0
DT-0002299,WO-000963,2025-04-24,Morning,M05,Material,Material shortage,22.95,0
DT-0002300,WO-000964,2025-04-24,Morning,M06,Microstop,Vision retry,14.54,0
DT-0002301,WO-000964,2025-04-24,Morning,M06,Changeover,Planned changeover,0.97,1
DT-0002302,WO-000964,2025-04-24,Morning,M06,Changeover,Tooling change,0.97,0
DT-0002303,WO-000964,2025-04-24,Morning,M06,Process,Parameter adjustment,5.37,0
DT-0002304,WO-000965,2025-04-24,Afternoon,M06,Breakdown,Sensor fault,18.04,0
DT-0002305,WO-000965,2025-04-24,Afternoon,M06,Process,Parameter adjustment,4.79,0
DT-0002306,WO-000966,2025-04-25,Morning,M01,Microstop,Material jam,5.32,0
DT-0002307,WO-000966,2025-04-25,Morning,M01,Changeover,Planned changeover,16.06,1
DT-0002308,WO-000966,2025-04-25,Morning,M01,Breakdown,Sensor fault,26.52,0
DT-0002309,WO-000967,2025-04-25,Afternoon,M01,Breakdown,Sensor fault,54.59,0
DT-0002310,WO-000968,2025-04-25,Morning,M02,Microstop,Vision retry,46.7,0
DT-0002311,WO-000968,2025-04-25,Morning,M02,Breakdown,Mechanical fault,6.54,0
DT-0002312,WO-000969,2025-04-25,Afternoon,M02,Microstop,Vision retry,76.63,0
DT-0002313,WO-000970,2025-04-25,Morning,M03,Breakdown,Mechanical fault,39.44,0
DT-0002314,WO-000971,2025-04-25,Afternoon,M03,Changeover,Tooling change,32.3,0
DT-0002315,WO-000972,2025-04-25,Morning,M04,Breakdown,Robot recovery,50.04,0
DT-0002316,WO-000972,2025-04-25,Morning,M04,Changeover,Fixture setup,52.88,0
DT-0002317,WO-000973,2025-04-25,Afternoon,M04,Changeover,Tooling change,100.23,0
DT-0002318,WO-000974,2025-04-25,Morning,M05,Microstop,Material jam,32.08,0
DT-0002319,WO-000974,2025-04-25,Morning,M05,Changeover,Tooling change,17.74,0
DT-0002320,WO-000975,2025-04-25,Afternoon,M05,Planned,Calibration,39.99,1
DT-0002321,WO-000976,2025-04-25,Morning,M06,Planned,Calibration,12.77,1
DT-0002322,WO-000976,2025-04-25,Morning,M06,Material,Material shortage,11.55,0
DT-0002323,WO-000976,2025-04-25,Morning,M06,Planned,Preventive maintenance,16.43,1
DT-0002324,WO-000977,2025-04-25,Afternoon,M06,Material,Material shortage,29.28,0
DT-0002325,WO-000977,2025-04-25,Afternoon,M06,Microstop,Vision retry,17.71,0
DT-0002326,WO-000978,2025-04-28,Morning,M01,Microstop,Material jam,0.99,0
DT-0002327,WO-000978,2025-04-28,Morning,M01,Planned,Calibration,6.09,1
DT-0002328,WO-000978,2025-04-28,Morning,M01,Microstop,Vision retry,13.87,0
DT-0002329,WO-000978,2025-04-28,Morning,M01,Process,Parameter adjustment,21.16,0
DT-0002330,WO-000978,2025-04-28,Morning,M01,Microstop,Vision retry,12.72,0
DT-0002331,WO-000979,2025-04-28,Afternoon,M01,Changeover,Tooling change,5.11,0
DT-0002332,WO-000979,2025-04-28,Afternoon,M01,Microstop,Material jam,49.9,0
DT-0002333,WO-000980,2025-04-28,Morning,M02,Process,Parameter adjustment,0.98,0
DT-0002334,WO-000980,2025-04-28,Morning,M02,Process,Parameter adjustment,48.64,0
DT-0002335,WO-000981,2025-04-28,Afternoon,M02,Microstop,Vision retry,16.5,0
DT-0002336,WO-000981,2025-04-28,Afternoon,M02,Breakdown,Sensor fault,30.79,0
DT-0002337,WO-000982,2025-04-28,Morning,M03,Breakdown,Mechanical fault,54.5,0
DT-0002338,WO-000983,2025-04-28,Afternoon,M03,Microstop,Material jam,6.92,0
DT-0002339,WO-000983,2025-04-28,Afternoon,M03,Process,Parameter adjustment,9.17,0
DT-0002340,WO-000983,2025-04-28,Afternoon,M03,Changeover,Tooling change,10.16,0
DT-0002341,WO-000983,2025-04-28,Afternoon,M03,Material,Material shortage,4.67,0
DT-0002342,WO-000983,2025-04-28,Afternoon,M03,Process,Parameter adjustment,26.42,0
DT-0002343,WO-000984,2025-04-28,Morning,M04,Changeover,Tooling change,41.05,0
DT-0002344,WO-000984,2025-04-28,Morning,M04,Breakdown,Robot recovery,1.0,0
DT-0002345,WO-000984,2025-04-28,Morning,M04,Changeover,Fixture setup,71.18,0
DT-0002346,WO-000985,2025-04-28,Afternoon,M04,Breakdown,Robot recovery,103.85,0
DT-0002347,WO-000986,2025-04-28,Morning,M05,Material,Material shortage,23.32,0
DT-0002348,WO-000986,2025-04-28,Morning,M05,Microstop,Material jam,15.56,0
DT-0002349,WO-000986,2025-04-28,Morning,M05,Changeover,Tooling change,9.33,0
DT-0002350,WO-000986,2025-04-28,Morning,M05,Microstop,Material jam,1.92,0
DT-0002351,WO-000987,2025-04-28,Afternoon,M05,Planned,Calibration,37.52,1
DT-0002352,WO-000987,2025-04-28,Afternoon,M05,Breakdown,Mechanical fault,1.54,0
DT-0002353,WO-000987,2025-04-28,Afternoon,M05,Breakdown,Mechanical fault,14.33,0
DT-0002354,WO-000987,2025-04-28,Afternoon,M05,Changeover,Tooling change,0.99,0
DT-0002355,WO-000987,2025-04-28,Afternoon,M05,Microstop,Material jam,1.68,0
DT-0002356,WO-000988,2025-04-28,Morning,M06,Breakdown,Sensor fault,4.96,0
DT-0002357,WO-000988,2025-04-28,Morning,M06,Breakdown,Sensor fault,9.57,0
DT-0002358,WO-000988,2025-04-28,Morning,M06,Changeover,Tooling change,6.89,0
DT-0002359,WO-000988,2025-04-28,Morning,M06,Microstop,Material jam,4.77,0
DT-0002360,WO-000989,2025-04-28,Afternoon,M06,Process,Parameter adjustment,27.4,0
DT-0002361,WO-000989,2025-04-28,Afternoon,M06,Material,Material shortage,2.69,0
DT-0002362,WO-000989,2025-04-28,Afternoon,M06,Breakdown,Mechanical fault,9.44,0
DT-0002363,WO-000990,2025-04-29,Morning,M01,Breakdown,Mechanical fault,0.96,0
DT-0002364,WO-000990,2025-04-29,Morning,M01,Process,Parameter adjustment,0.96,0
DT-0002365,WO-000990,2025-04-29,Morning,M01,Microstop,Vision retry,8.88,0
DT-0002366,WO-000990,2025-04-29,Morning,M01,Material,Material shortage,2.11,0
DT-0002367,WO-000991,2025-04-29,Afternoon,M01,Microstop,Material jam,15.31,0
DT-0002368,WO-000991,2025-04-29,Afternoon,M01,Breakdown,Mechanical fault,17.13,0
DT-0002369,WO-000991,2025-04-29,Afternoon,M01,Process,Parameter adjustment,20.68,0
DT-0002370,WO-000992,2025-04-29,Morning,M02,Process,Parameter adjustment,17.55,0
DT-0002371,WO-000992,2025-04-29,Morning,M02,Breakdown,Sensor fault,52.82,0
DT-0002372,WO-000993,2025-04-29,Afternoon,M02,Breakdown,Sensor fault,49.98,0
DT-0002373,WO-000993,2025-04-29,Afternoon,M02,Microstop,Material jam,3.07,0
DT-0002374,WO-000993,2025-04-29,Afternoon,M02,Planned,Preventive maintenance,2.08,1
DT-0002375,WO-000993,2025-04-29,Afternoon,M02,Changeover,Tooling change,5.66,0
DT-0002376,WO-000994,2025-04-29,Morning,M03,Changeover,Tooling change,3.39,0
DT-0002377,WO-000994,2025-04-29,Morning,M03,Breakdown,Mechanical fault,3.38,0
DT-0002378,WO-000994,2025-04-29,Morning,M03,Breakdown,Mechanical fault,14.03,0
DT-0002379,WO-000995,2025-04-29,Afternoon,M03,Planned,Calibration,2.92,1
DT-0002380,WO-000995,2025-04-29,Afternoon,M03,Changeover,Tooling change,33.02,0
DT-0002381,WO-000995,2025-04-29,Afternoon,M03,Process,Parameter adjustment,3.59,0
DT-0002382,WO-000995,2025-04-29,Afternoon,M03,Material,Material shortage,1.26,0
DT-0002383,WO-000996,2025-04-29,Morning,M04,Changeover,Fixture setup,85.94,0
DT-0002384,WO-000997,2025-04-29,Afternoon,M04,Process,Weld parameter adjustment,27.16,0
DT-0002385,WO-000997,2025-04-29,Afternoon,M04,Changeover,Tooling change,27.21,0
DT-0002386,WO-000997,2025-04-29,Afternoon,M04,Process,Weld parameter adjustment,47.68,0
DT-0002387,WO-000997,2025-04-29,Afternoon,M04,Material,Material shortage,17.14,0
DT-0002388,WO-000998,2025-04-29,Morning,M05,Planned,Preventive maintenance,35.73,1
DT-0002389,WO-000999,2025-04-29,Afternoon,M05,Planned,Calibration,56.71,1
DT-0002390,WO-001000,2025-04-29,Morning,M06,Material,Material shortage,10.38,0
DT-0002391,WO-001000,2025-04-29,Morning,M06,Changeover,Tooling change,33.38,0
DT-0002392,WO-001001,2025-04-29,Afternoon,M06,Breakdown,Mechanical fault,35.05,0
DT-0002393,WO-001002,2025-04-30,Morning,M01,Breakdown,Mechanical fault,21.69,0
DT-0002394,WO-001002,2025-04-30,Morning,M01,Planned,Preventive maintenance,33.64,1
DT-0002395,WO-001003,2025-04-30,Afternoon,M01,Process,Parameter adjustment,13.61,0
DT-0002396,WO-001003,2025-04-30,Afternoon,M01,Breakdown,Sensor fault,42.83,0
DT-0002397,WO-001004,2025-04-30,Morning,M02,Breakdown,Mechanical fault,37.01,0
DT-0002398,WO-001004,2025-04-30,Morning,M02,Breakdown,Mechanical fault,24.67,0
DT-0002399,WO-001005,2025-04-30,Afternoon,M02,Breakdown,Mechanical fault,3.84,0
DT-0002400,WO-001005,2025-04-30,Afternoon,M02,Process,Parameter adjustment,50.59,0
DT-0002401,WO-001005,2025-04-30,Afternoon,M02,Microstop,Material jam,1.37,0
DT-0002402,WO-001006,2025-04-30,Morning,M03,Breakdown,Sensor fault,13.32,0
DT-0002403,WO-001006,2025-04-30,Morning,M03,Material,Material shortage,15.77,0
DT-0002404,WO-001007,2025-04-30,Afternoon,M03,Breakdown,Sensor fault,2.3,0
DT-0002405,WO-001007,2025-04-30,Afternoon,M03,Material,Material shortage,10.65,0
DT-0002406,WO-001007,2025-04-30,Afternoon,M03,Breakdown,Mechanical fault,5.47,0
DT-0002407,WO-001007,2025-04-30,Afternoon,M03,Material,Material shortage,40.9,0
DT-0002408,WO-001008,2025-04-30,Morning,M04,Breakdown,Robot recovery,50.53,0
DT-0002409,WO-001008,2025-04-30,Morning,M04,Breakdown,Robot recovery,63.35,0
DT-0002410,WO-001009,2025-04-30,Afternoon,M04,Breakdown,Wire feeder fault,106.44,0
DT-0002411,WO-001010,2025-04-30,Morning,M05,Breakdown,Sensor fault,11.65,0
DT-0002412,WO-001010,2025-04-30,Morning,M05,Material,Material shortage,20.69,0
DT-0002413,WO-001010,2025-04-30,Morning,M05,Changeover,Tooling change,9.58,0
DT-0002414,WO-001011,2025-04-30,Afternoon,M05,Microstop,Vision retry,47.15,0
DT-0002415,WO-001011,2025-04-30,Afternoon,M05,Changeover,Planned changeover,11.57,1
DT-0002416,WO-001012,2025-04-30,Morning,M06,Microstop,Material jam,17.1,0
DT-0002417,WO-001012,2025-04-30,Morning,M06,Process,Parameter adjustment,15.45,0
DT-0002418,WO-001012,2025-04-30,Morning,M06,Microstop,Vision retry,18.7,0
DT-0002419,WO-001013,2025-04-30,Afternoon,M06,Material,Material shortage,25.72,0
DT-0002420,WO-001013,2025-04-30,Afternoon,M06,Breakdown,Mechanical fault,8.11,0
DT-0002421,WO-001014,2025-05-01,Morning,M01,Changeover,Tooling change,20.28,0
DT-0002422,WO-001014,2025-05-01,Morning,M01,Material,Material shortage,8.3,0
DT-0002423,WO-001014,2025-05-01,Morning,M01,Breakdown,Sensor fault,2.06,0
DT-0002424,WO-001015,2025-05-01,Afternoon,M01,Process,Parameter adjustment,21.11,0
DT-0002425,WO-001015,2025-05-01,Afternoon,M01,Microstop,Material jam,10.67,0
DT-0002426,WO-001015,2025-05-01,Afternoon,M01,Planned,Preventive maintenance,9.07,1
DT-0002427,WO-001015,2025-05-01,Afternoon,M01,Process,Parameter adjustment,8.18,0
DT-0002428,WO-001016,2025-05-01,Afternoon,M02,Process,Parameter adjustment,35.2,0
DT-0002429,WO-001016,2025-05-01,Afternoon,M02,Changeover,Tooling change,5.9,0
DT-0002430,WO-001016,2025-05-01,Afternoon,M02,Breakdown,Mechanical fault,12.77,0
DT-0002431,WO-001016,2025-05-01,Afternoon,M02,Breakdown,Mechanical fault,5.44,0
DT-0002432,WO-001017,2025-05-01,Morning,M03,Microstop,Material jam,34.06,0
DT-0002433,WO-001018,2025-05-01,Afternoon,M03,Planned,Calibration,46.86,1
DT-0002434,WO-001019,2025-05-01,Morning,M04,Changeover,Fixture setup,4.71,0
DT-0002435,WO-001019,2025-05-01,Morning,M04,Changeover,Fixture setup,50.99,0
DT-0002436,WO-001019,2025-05-01,Morning,M04,Changeover,Fixture setup,40.73,0
DT-0002437,WO-001020,2025-05-01,Afternoon,M04,Changeover,Fixture setup,34.45,0
DT-0002438,WO-001020,2025-05-01,Afternoon,M04,Process,Weld parameter adjustment,81.15,0
DT-0002439,WO-001021,2025-05-01,Morning,M05,Microstop,Vision retry,2.01,0
DT-0002440,WO-001021,2025-05-01,Morning,M05,Breakdown,Mechanical fault,8.76,0
DT-0002441,WO-001021,2025-05-01,Morning,M05,Microstop,Vision retry,14.65,0
DT-0002442,WO-001021,2025-05-01,Morning,M05,Microstop,Material jam,44.6,0
DT-0002443,WO-001022,2025-05-01,Afternoon,M05,Changeover,Tooling change,13.16,0
DT-0002444,WO-001022,2025-05-01,Afternoon,M05,Material,Material shortage,15.97,0
DT-0002445,WO-001022,2025-05-01,Afternoon,M05,Planned,Preventive maintenance,22.56,1
DT-0002446,WO-001022,2025-05-01,Afternoon,M05,Breakdown,Mechanical fault,5.1,0
DT-0002447,WO-001023,2025-05-01,Morning,M06,Breakdown,Mechanical fault,22.69,0
DT-0002448,WO-001024,2025-05-01,Afternoon,M06,Process,Parameter adjustment,12.11,0
DT-0002449,WO-001024,2025-05-01,Afternoon,M06,Changeover,Tooling change,21.15,0
DT-0002450,WO-001024,2025-05-01,Afternoon,M06,Breakdown,Sensor fault,6.92,0
DT-0002451,WO-001025,2025-05-02,Morning,M01,Changeover,Planned changeover,8.97,1
DT-0002452,WO-001025,2025-05-02,Morning,M01,Process,Parameter adjustment,55.07,0
DT-0002453,WO-001026,2025-05-02,Afternoon,M01,Changeover,Tooling change,48.91,0
DT-0002454,WO-001026,2025-05-02,Afternoon,M01,Planned,Preventive maintenance,11.25,1
DT-0002455,WO-001027,2025-05-02,Morning,M02,Breakdown,Mechanical fault,11.11,0
DT-0002456,WO-001027,2025-05-02,Morning,M02,Changeover,Tooling change,6.87,0
DT-0002457,WO-001027,2025-05-02,Morning,M02,Breakdown,Mechanical fault,10.27,0
DT-0002458,WO-001027,2025-05-02,Morning,M02,Microstop,Material jam,11.34,0
DT-0002459,WO-001027,2025-05-02,Morning,M02,Material,Material shortage,5.74,0
DT-0002460,WO-001028,2025-05-02,Afternoon,M02,Microstop,Material jam,16.28,0
DT-0002461,WO-001028,2025-05-02,Afternoon,M02,Process,Parameter adjustment,16.11,0
DT-0002462,WO-001028,2025-05-02,Afternoon,M02,Breakdown,Sensor fault,18.33,0
DT-0002463,WO-001029,2025-05-02,Morning,M03,Microstop,Material jam,26.09,0
DT-0002464,WO-001029,2025-05-02,Morning,M03,Planned,Calibration,5.6,1
DT-0002465,WO-001029,2025-05-02,Morning,M03,Changeover,Planned changeover,2.47,1
DT-0002466,WO-001030,2025-05-02,Afternoon,M03,Changeover,Planned changeover,22.35,1
DT-0002467,WO-001030,2025-05-02,Afternoon,M03,Material,Material shortage,13.26,0
DT-0002468,WO-001030,2025-05-02,Afternoon,M03,Process,Parameter adjustment,5.2,0
DT-0002469,WO-001031,2025-05-02,Morning,M04,Material,Material shortage,51.59,0
DT-0002470,WO-001031,2025-05-02,Morning,M04,Planned,Calibration,53.28,1
DT-0002471,WO-001032,2025-05-02,Afternoon,M04,Changeover,Fixture setup,95.59,0
DT-0002472,WO-001033,2025-05-02,Afternoon,M05,Planned,Calibration,66.43,1
DT-0002473,WO-001034,2025-05-02,Morning,M06,Material,Material shortage,27.99,0
DT-0002474,WO-001034,2025-05-02,Morning,M06,Microstop,Material jam,1.35,0
DT-0002475,WO-001035,2025-05-02,Afternoon,M06,Process,Parameter adjustment,18.93,0
DT-0002476,WO-001035,2025-05-02,Afternoon,M06,Breakdown,Sensor fault,36.89,0
DT-0002477,WO-001036,2025-05-05,Morning,M01,Breakdown,Mechanical fault,32.28,0
DT-0002478,WO-001036,2025-05-05,Morning,M01,Breakdown,Sensor fault,11.13,0
DT-0002479,WO-001037,2025-05-05,Afternoon,M01,Material,Material shortage,19.01,0
DT-0002480,WO-001037,2025-05-05,Afternoon,M01,Material,Material shortage,35.19,0
DT-0002481,WO-001038,2025-05-05,Morning,M02,Process,Parameter adjustment,12.22,0
DT-0002482,WO-001038,2025-05-05,Morning,M02,Breakdown,Mechanical fault,37.76,0
DT-0002483,WO-001039,2025-05-05,Afternoon,M02,Planned,Preventive maintenance,12.89,1
DT-0002484,WO-001039,2025-05-05,Afternoon,M02,Microstop,Material jam,26.63,0
DT-0002485,WO-001039,2025-05-05,Afternoon,M02,Process,Parameter adjustment,2.53,0
DT-0002486,WO-001039,2025-05-05,Afternoon,M02,Material,Material shortage,12.43,0
DT-0002487,WO-001040,2025-05-05,Morning,M03,Planned,Calibration,9.91,1
DT-0002488,WO-001040,2025-05-05,Morning,M03,Material,Material shortage,28.77,0
DT-0002489,WO-001041,2025-05-05,Afternoon,M03,Material,Material shortage,50.04,0
DT-0002490,WO-001042,2025-05-05,Morning,M04,Changeover,Fixture setup,74.81,0
DT-0002491,WO-001042,2025-05-05,Morning,M04,Breakdown,Robot recovery,30.84,0
DT-0002492,WO-001042,2025-05-05,Morning,M04,Breakdown,Robot recovery,15.64,0
DT-0002493,WO-001043,2025-05-05,Afternoon,M04,Planned,Calibration,31.79,1
DT-0002494,WO-001043,2025-05-05,Afternoon,M04,Changeover,Fixture setup,16.93,0
DT-0002495,WO-001043,2025-05-05,Afternoon,M04,Changeover,Fixture setup,99.32,0
DT-0002496,WO-001044,2025-05-05,Morning,M05,Breakdown,Sensor fault,33.98,0
DT-0002497,WO-001045,2025-05-05,Afternoon,M05,Breakdown,Sensor fault,0.99,0
DT-0002498,WO-001045,2025-05-05,Afternoon,M05,Planned,Calibration,7.77,1
DT-0002499,WO-001045,2025-05-05,Afternoon,M05,Microstop,Material jam,45.34,0
DT-0002500,WO-001046,2025-05-05,Morning,M06,Process,Parameter adjustment,9.37,0
DT-0002501,WO-001046,2025-05-05,Morning,M06,Microstop,Vision retry,11.2,0
DT-0002502,WO-001046,2025-05-05,Morning,M06,Process,Parameter adjustment,0.99,0
DT-0002503,WO-001046,2025-05-05,Morning,M06,Changeover,Planned changeover,3.17,1
DT-0002504,WO-001046,2025-05-05,Morning,M06,Planned,Preventive maintenance,1.1,1
DT-0002505,WO-001047,2025-05-05,Afternoon,M06,Changeover,Tooling change,22.01,0
DT-0002506,WO-001047,2025-05-05,Afternoon,M06,Breakdown,Mechanical fault,1.02,0
DT-0002507,WO-001047,2025-05-05,Afternoon,M06,Breakdown,Mechanical fault,7.35,0
DT-0002508,WO-001047,2025-05-05,Afternoon,M06,Microstop,Material jam,5.56,0
DT-0002509,WO-001048,2025-05-06,Morning,M01,Microstop,Material jam,47.97,0
DT-0002510,WO-001048,2025-05-06,Morning,M01,Material,Material shortage,12.57,0
DT-0002511,WO-001049,2025-05-06,Afternoon,M01,Changeover,Tooling change,41.61,0
DT-0002512,WO-001050,2025-05-06,Morning,M02,Microstop,Vision retry,4.8,0
DT-0002513,WO-001050,2025-05-06,Morning,M02,Breakdown,Sensor fault,0.97,0
DT-0002514,WO-001050,2025-05-06,Morning,M02,Breakdown,Mechanical fault,13.98,0
DT-0002515,WO-001050,2025-05-06,Morning,M02,Planned,Calibration,2.38,1
DT-0002516,WO-001050,2025-05-06,Morning,M02,Breakdown,Sensor fault,13.19,0
DT-0002517,WO-001051,2025-05-06,Afternoon,M02,Material,Material shortage,35.37,0
DT-0002518,WO-001051,2025-05-06,Afternoon,M02,Process,Parameter adjustment,13.37,0
DT-0002519,WO-001052,2025-05-06,Morning,M03,Material,Material shortage,8.67,0
DT-0002520,WO-001052,2025-05-06,Morning,M03,Microstop,Vision retry,6.11,0
DT-0002521,WO-001053,2025-05-06,Afternoon,M03,Microstop,Vision retry,20.63,0
DT-0002522,WO-001053,2025-05-06,Afternoon,M03,Microstop,Vision retry,13.76,0
DT-0002523,WO-001053,2025-05-06,Afternoon,M03,Breakdown,Mechanical fault,10.56,0
DT-0002524,WO-001054,2025-05-06,Morning,M04,Microstop,Torch cleaning,13.22,0
DT-0002525,WO-001054,2025-05-06,Morning,M04,Process,Weld parameter adjustment,98.86,0
DT-0002526,WO-001054,2025-05-06,Morning,M04,Breakdown,Wire feeder fault,5.37,0
DT-0002527,WO-001055,2025-05-06,Afternoon,M04,Changeover,Fixture setup,117.29,0
DT-0002528,WO-001056,2025-05-06,Morning,M05,Microstop,Material jam,44.16,0
DT-0002529,WO-001056,2025-05-06,Morning,M05,Changeover,Tooling change,11.53,0
DT-0002530,WO-001057,2025-05-06,Afternoon,M05,Breakdown,Sensor fault,10.32,0
DT-0002531,WO-001057,2025-05-06,Afternoon,M05,Planned,Preventive maintenance,41.08,1
DT-0002532,WO-001057,2025-05-06,Afternoon,M05,Changeover,Tooling change,1.89,0
DT-0002533,WO-001058,2025-05-06,Morning,M06,Breakdown,Mechanical fault,37.83,0
DT-0002534,WO-001059,2025-05-06,Afternoon,M06,Material,Material shortage,6.44,0
DT-0002535,WO-001059,2025-05-06,Afternoon,M06,Changeover,Tooling change,28.17,0
DT-0002536,WO-001060,2025-05-07,Morning,M01,Microstop,Vision retry,11.87,0
DT-0002537,WO-001060,2025-05-07,Morning,M01,Changeover,Tooling change,5.87,0
DT-0002538,WO-001060,2025-05-07,Morning,M01,Material,Material shortage,32.94,0
DT-0002539,WO-001061,2025-05-07,Afternoon,M01,Planned,Calibration,23.9,1
DT-0002540,WO-001061,2025-05-07,Afternoon,M01,Breakdown,Sensor fault,25.25,0
DT-0002541,WO-001061,2025-05-07,Afternoon,M01,Breakdown,Mechanical fault,3.4,0
DT-0002542,WO-001062,2025-05-07,Morning,M02,Microstop,Material jam,6.62,0
DT-0002543,WO-001062,2025-05-07,Morning,M02,Breakdown,Mechanical fault,7.87,0
DT-0002544,WO-001062,2025-05-07,Morning,M02,Material,Material shortage,2.13,0
DT-0002545,WO-001062,2025-05-07,Morning,M02,Material,Material shortage,8.93,0
DT-0002546,WO-001063,2025-05-07,Afternoon,M02,Planned,Preventive maintenance,29.48,1
DT-0002547,WO-001063,2025-05-07,Afternoon,M02,Breakdown,Mechanical fault,1.7,0
DT-0002548,WO-001063,2025-05-07,Afternoon,M02,Material,Material shortage,44.95,0
DT-0002549,WO-001064,2025-05-07,Morning,M03,Microstop,Vision retry,12.89,0
DT-0002550,WO-001064,2025-05-07,Morning,M03,Microstop,Vision retry,1.47,0
DT-0002551,WO-001064,2025-05-07,Morning,M03,Breakdown,Mechanical fault,5.77,0
DT-0002552,WO-001064,2025-05-07,Morning,M03,Microstop,Material jam,21.43,0
DT-0002553,WO-001065,2025-05-07,Afternoon,M03,Changeover,Planned changeover,13.88,1
DT-0002554,WO-001065,2025-05-07,Afternoon,M03,Changeover,Tooling change,18.84,0
DT-0002555,WO-001065,2025-05-07,Afternoon,M03,Material,Material shortage,6.53,0
DT-0002556,WO-001066,2025-05-07,Morning,M04,Planned,Calibration,12.77,1
DT-0002557,WO-001066,2025-05-07,Morning,M04,Process,Weld parameter adjustment,68.75,0
DT-0002558,WO-001067,2025-05-07,Afternoon,M04,Breakdown,Robot recovery,42.61,0
DT-0002559,WO-001067,2025-05-07,Afternoon,M04,Changeover,Fixture setup,66.83,0
DT-0002560,WO-001067,2025-05-07,Afternoon,M04,Breakdown,Sensor fault,2.82,0
DT-0002561,WO-001067,2025-05-07,Afternoon,M04,Changeover,Fixture setup,1.0,0
DT-0002562,WO-001068,2025-05-07,Morning,M05,Microstop,Vision retry,40.04,0
DT-0002563,WO-001069,2025-05-07,Afternoon,M05,Microstop,Material jam,39.62,0
DT-0002564,WO-001069,2025-05-07,Afternoon,M05,Breakdown,Sensor fault,18.05,0
DT-0002565,WO-001070,2025-05-07,Morning,M06,Breakdown,Sensor fault,12.9,0
DT-0002566,WO-001071,2025-05-07,Afternoon,M06,Microstop,Material jam,27.67,0
DT-0002567,WO-001071,2025-05-07,Afternoon,M06,Planned,Preventive maintenance,2.56,1
DT-0002568,WO-001072,2025-05-08,Morning,M01,Planned,Preventive maintenance,37.01,1
DT-0002569,WO-001072,2025-05-08,Morning,M01,Breakdown,Sensor fault,5.71,0
DT-0002570,WO-001073,2025-05-08,Afternoon,M01,Breakdown,Sensor fault,14.69,0
DT-0002571,WO-001073,2025-05-08,Afternoon,M01,Planned,Preventive maintenance,18.61,1
DT-0002572,WO-001073,2025-05-08,Afternoon,M01,Process,Parameter adjustment,7.6,0
DT-0002573,WO-001074,2025-05-08,Morning,M02,Microstop,Material jam,34.2,0
DT-0002574,WO-001074,2025-05-08,Morning,M02,Material,Material shortage,14.83,0
DT-0002575,WO-001075,2025-05-08,Afternoon,M02,Microstop,Vision retry,58.72,0
DT-0002576,WO-001075,2025-05-08,Afternoon,M02,Process,Parameter adjustment,0.99,0
DT-0002577,WO-001076,2025-05-08,Morning,M03,Planned,Preventive maintenance,14.51,1
DT-0002578,WO-001076,2025-05-08,Morning,M03,Material,Material shortage,0.98,0
DT-0002579,WO-001076,2025-05-08,Morning,M03,Breakdown,Sensor fault,19.48,0
DT-0002580,WO-001077,2025-05-08,Afternoon,M03,Planned,Calibration,0.99,1
DT-0002581,WO-001077,2025-05-08,Afternoon,M03,Breakdown,Mechanical fault,48.9,0
DT-0002582,WO-001078,2025-05-08,Morning,M04,Microstop,Torch cleaning,36.51,0
DT-0002583,WO-001078,2025-05-08,Morning,M04,Changeover,Fixture setup,69.48,0
DT-0002584,WO-001078,2025-05-08,Morning,M04,Process,Weld parameter adjustment,6.45,0
DT-0002585,WO-001079,2025-05-08,Afternoon,M04,Breakdown,Mechanical fault,6.0,0
DT-0002586,WO-001079,2025-05-08,Afternoon,M04,Planned,Preventive maintenance,121.47,1
DT-0002587,WO-001080,2025-05-08,Morning,M05,Breakdown,Mechanical fault,26.04,0
DT-0002588,WO-001080,2025-05-08,Morning,M05,Process,Parameter adjustment,38.01,0
DT-0002589,WO-001081,2025-05-08,Afternoon,M05,Material,Material shortage,35.32,0
DT-0002590,WO-001081,2025-05-08,Afternoon,M05,Material,Material shortage,12.09,0
DT-0002591,WO-001082,2025-05-08,Morning,M06,Material,Material shortage,19.41,0
DT-0002592,WO-001083,2025-05-08,Afternoon,M06,Changeover,Tooling change,1.97,0
DT-0002593,WO-001083,2025-05-08,Afternoon,M06,Planned,Preventive maintenance,16.9,1
DT-0002594,WO-001083,2025-05-08,Afternoon,M06,Breakdown,Mechanical fault,2.27,0
DT-0002595,WO-001083,2025-05-08,Afternoon,M06,Microstop,Vision retry,11.81,0
DT-0002596,WO-001084,2025-05-09,Morning,M01,Breakdown,Mechanical fault,10.2,0
DT-0002597,WO-001084,2025-05-09,Morning,M01,Microstop,Material jam,17.59,0
DT-0002598,WO-001084,2025-05-09,Morning,M01,Microstop,Vision retry,15.75,0
DT-0002599,WO-001085,2025-05-09,Afternoon,M01,Planned,Preventive maintenance,36.75,1
DT-0002600,WO-001085,2025-05-09,Afternoon,M01,Breakdown,Mechanical fault,38.0,0
DT-0002601,WO-001086,2025-05-09,Morning,M02,Microstop,Material jam,18.84,0
DT-0002602,WO-001086,2025-05-09,Morning,M02,Changeover,Tooling change,2.27,0
DT-0002603,WO-001086,2025-05-09,Morning,M02,Microstop,Material jam,5.3,0
DT-0002604,WO-001086,2025-05-09,Morning,M02,Planned,Calibration,7.06,1
DT-0002605,WO-001086,2025-05-09,Morning,M02,Microstop,Vision retry,25.41,0
DT-0002606,WO-001087,2025-05-09,Afternoon,M02,Microstop,Material jam,57.77,0
DT-0002607,WO-001088,2025-05-09,Morning,M03,Planned,Preventive maintenance,17.42,1
DT-0002608,WO-001088,2025-05-09,Morning,M03,Material,Material shortage,23.28,0
DT-0002609,WO-001089,2025-05-09,Afternoon,M03,Microstop,Material jam,1.0,0
DT-0002610,WO-001089,2025-05-09,Afternoon,M03,Microstop,Material jam,47.39,0
DT-0002611,WO-001090,2025-05-09,Morning,M04,Changeover,Fixture setup,102.31,0
DT-0002612,WO-001091,2025-05-09,Afternoon,M04,Microstop,Torch cleaning,35.45,0
DT-0002613,WO-001091,2025-05-09,Afternoon,M04,Changeover,Fixture setup,76.63,0
DT-0002614,WO-001092,2025-05-09,Morning,M05,Process,Parameter adjustment,29.66,0
DT-0002615,WO-001092,2025-05-09,Morning,M05,Microstop,Vision retry,1.42,0
DT-0002616,WO-001092,2025-05-09,Morning,M05,Microstop,Material jam,3.62,0
DT-0002617,WO-001092,2025-05-09,Morning,M05,Process,Parameter adjustment,6.05,0
DT-0002618,WO-001092,2025-05-09,Morning,M05,Process,Parameter adjustment,6.92,0
DT-0002619,WO-001093,2025-05-09,Afternoon,M05,Changeover,Planned changeover,52.0,1
DT-0002620,WO-001093,2025-05-09,Afternoon,M05,Breakdown,Sensor fault,11.57,0
DT-0002621,WO-001094,2025-05-09,Morning,M06,Breakdown,Sensor fault,4.54,0
DT-0002622,WO-001094,2025-05-09,Morning,M06,Process,Parameter adjustment,4.23,0
DT-0002623,WO-001094,2025-05-09,Morning,M06,Microstop,Material jam,4.13,0
DT-0002624,WO-001095,2025-05-09,Afternoon,M06,Microstop,Vision retry,3.98,0
DT-0002625,WO-001095,2025-05-09,Afternoon,M06,Changeover,Tooling change,28.28,0
DT-0002626,WO-001096,2025-05-12,Morning,M01,Planned,Calibration,21.07,1
DT-0002627,WO-001096,2025-05-12,Morning,M01,Material,Material shortage,26.49,0
DT-0002628,WO-001097,2025-05-12,Afternoon,M01,Planned,Preventive maintenance,2.04,1
DT-0002629,WO-001097,2025-05-12,Afternoon,M01,Microstop,Material jam,21.91,0
DT-0002630,WO-001097,2025-05-12,Afternoon,M01,Microstop,Material jam,22.46,0
DT-0002631,WO-001097,2025-05-12,Afternoon,M01,Material,Material shortage,19.36,0
DT-0002632,WO-001098,2025-05-12,Morning,M02,Material,Material shortage,53.96,0
DT-0002633,WO-001098,2025-05-12,Morning,M02,Microstop,Vision retry,6.61,0
DT-0002634,WO-001099,2025-05-12,Afternoon,M02,Microstop,Material jam,4.35,0
DT-0002635,WO-001099,2025-05-12,Afternoon,M02,Process,Parameter adjustment,6.8,0
DT-0002636,WO-001099,2025-05-12,Afternoon,M02,Process,Parameter adjustment,45.34,0
DT-0002637,WO-001099,2025-05-12,Afternoon,M02,Material,Material shortage,1.56,0
DT-0002638,WO-001100,2025-05-12,Morning,M03,Changeover,Tooling change,12.76,0
DT-0002639,WO-001100,2025-05-12,Morning,M03,Material,Material shortage,0.95,0
DT-0002640,WO-001100,2025-05-12,Morning,M03,Breakdown,Mechanical fault,6.82,0
DT-0002641,WO-001101,2025-05-12,Afternoon,M03,Breakdown,Mechanical fault,70.91,0
DT-0002642,WO-001102,2025-05-12,Morning,M04,Changeover,Planned changeover,90.99,1
DT-0002643,WO-001103,2025-05-12,Afternoon,M04,Changeover,Planned changeover,123.75,1
DT-0002644,WO-001104,2025-05-12,Morning,M05,Changeover,Planned changeover,51.56,1
DT-0002645,WO-001105,2025-05-12,Afternoon,M05,Breakdown,Sensor fault,22.86,0
DT-0002646,WO-001105,2025-05-12,Afternoon,M05,Planned,Calibration,11.69,1
DT-0002647,WO-001105,2025-05-12,Afternoon,M05,Breakdown,Sensor fault,20.51,0
DT-0002648,WO-001106,2025-05-12,Morning,M06,Microstop,Material jam,24.62,0
DT-0002649,WO-001107,2025-05-12,Afternoon,M06,Microstop,Material jam,6.01,0
DT-0002650,WO-001107,2025-05-12,Afternoon,M06,Breakdown,Sensor fault,6.84,0
DT-0002651,WO-001107,2025-05-12,Afternoon,M06,Breakdown,Mechanical fault,24.53,0
DT-0002652,WO-001108,2025-05-13,Morning,M01,Changeover,Tooling change,26.47,0
DT-0002653,WO-001108,2025-05-13,Morning,M01,Planned,Preventive maintenance,2.9,1
DT-0002654,WO-001108,2025-05-13,Morning,M01,Process,Parameter adjustment,0.98,0
DT-0002655,WO-001109,2025-05-13,Afternoon,M01,Planned,Calibration,16.53,1
DT-0002656,WO-001109,2025-05-13,Afternoon,M01,Changeover,Tooling change,1.0,0
DT-0002657,WO-001109,2025-05-13,Afternoon,M01,Planned,Preventive maintenance,13.93,1
DT-0002658,WO-001109,2025-05-13,Afternoon,M01,Breakdown,Mechanical fault,13.45,0
DT-0002659,WO-001110,2025-05-13,Morning,M02,Breakdown,Mechanical fault,23.31,0
DT-0002660,WO-001110,2025-05-13,Morning,M02,Microstop,Vision retry,0.98,0
DT-0002661,WO-001111,2025-05-13,Afternoon,M02,Changeover,Planned changeover,1.31,1
DT-0002662,WO-001111,2025-05-13,Afternoon,M02,Microstop,Material jam,6.54,0
DT-0002663,WO-001111,2025-05-13,Afternoon,M02,Changeover,Tooling change,46.92,0
DT-0002664,WO-001111,2025-05-13,Afternoon,M02,Microstop,Vision retry,1.48,0
DT-0002665,WO-001111,2025-05-13,Afternoon,M02,Microstop,Vision retry,2.88,0
DT-0002666,WO-001112,2025-05-13,Morning,M03,Microstop,Material jam,5.5,0
DT-0002667,WO-001112,2025-05-13,Morning,M03,Changeover,Tooling change,0.96,0
DT-0002668,WO-001112,2025-05-13,Morning,M03,Changeover,Tooling change,12.76,0
DT-0002669,WO-001113,2025-05-13,Afternoon,M03,Microstop,Material jam,16.21,0
DT-0002670,WO-001113,2025-05-13,Afternoon,M03,Breakdown,Sensor fault,9.09,0
DT-0002671,WO-001113,2025-05-13,Afternoon,M03,Changeover,Planned changeover,15.3,1
DT-0002672,WO-001114,2025-05-13,Morning,M04,Changeover,Fixture setup,38.42,0
DT-0002673,WO-001114,2025-05-13,Morning,M04,Breakdown,Robot recovery,11.02,0
DT-0002674,WO-001114,2025-05-13,Morning,M04,Breakdown,Wire feeder fault,27.98,0
DT-0002675,WO-001114,2025-05-13,Morning,M04,Process,Weld parameter adjustment,19.66,0
DT-0002676,WO-001115,2025-05-13,Afternoon,M04,Microstop,Torch cleaning,115.5,0
DT-0002677,WO-001116,2025-05-13,Morning,M05,Microstop,Material jam,7.65,0
DT-0002678,WO-001116,2025-05-13,Morning,M05,Microstop,Material jam,27.86,0
DT-0002679,WO-001116,2025-05-13,Morning,M05,Planned,Calibration,21.49,1
DT-0002680,WO-001116,2025-05-13,Morning,M05,Changeover,Tooling change,3.85,0
DT-0002681,WO-001117,2025-05-13,Afternoon,M05,Microstop,Material jam,24.44,0
DT-0002682,WO-001117,2025-05-13,Afternoon,M05,Breakdown,Sensor fault,3.47,0
DT-0002683,WO-001117,2025-05-13,Afternoon,M05,Material,Material shortage,37.16,0
DT-0002684,WO-001118,2025-05-13,Morning,M06,Microstop,Vision retry,28.39,0
DT-0002685,WO-001119,2025-05-13,Afternoon,M06,Microstop,Vision retry,10.36,0
DT-0002686,WO-001119,2025-05-13,Afternoon,M06,Breakdown,Sensor fault,28.79,0
DT-0002687,WO-001119,2025-05-13,Afternoon,M06,Breakdown,Mechanical fault,1.58,0
DT-0002688,WO-001120,2025-05-14,Afternoon,M01,Planned,Preventive maintenance,50.11,1
DT-0002689,WO-001121,2025-05-14,Morning,M02,Microstop,Vision retry,4.42,0
DT-0002690,WO-001121,2025-05-14,Morning,M02,Changeover,Tooling change,65.14,0
DT-0002691,WO-001122,2025-05-14,Afternoon,M02,Process,Parameter adjustment,61.82,0
DT-0002692,WO-001122,2025-05-14,Afternoon,M02,Process,Parameter adjustment,1.64,0
DT-0002693,WO-001123,2025-05-14,Morning,M03,Microstop,Vision retry,6.5,0
DT-0002694,WO-001123,2025-05-14,Morning,M03,Breakdown,Mechanical fault,3.16,0
DT-0002695,WO-001123,2025-05-14,Morning,M03,Material,Material shortage,19.78,0
DT-0002696,WO-001124,2025-05-14,Afternoon,M03,Planned,Calibration,2.06,1
DT-0002697,WO-001124,2025-05-14,Afternoon,M03,Material,Material shortage,1.08,0
DT-0002698,WO-001124,2025-05-14,Afternoon,M03,Breakdown,Sensor fault,48.16,0
DT-0002699,WO-001125,2025-05-14,Morning,M04,Breakdown,Robot recovery,1.69,0
DT-0002700,WO-001125,2025-05-14,Morning,M04,Planned,Calibration,76.38,1
DT-0002701,WO-001125,2025-05-14,Morning,M04,Changeover,Fixture setup,17.33,0
DT-0002702,WO-001126,2025-05-14,Afternoon,M04,Process,Weld parameter adjustment,73.0,0
DT-0002703,WO-001126,2025-05-14,Afternoon,M04,Process,Weld parameter adjustment,20.53,0
DT-0002704,WO-001127,2025-05-14,Morning,M05,Microstop,Vision retry,4.38,0
DT-0002705,WO-001127,2025-05-14,Morning,M05,Breakdown,Mechanical fault,1.99,0
DT-0002706,WO-001127,2025-05-14,Morning,M05,Microstop,Material jam,39.84,0
DT-0002707,WO-001128,2025-05-14,Afternoon,M05,Microstop,Material jam,3.18,0
DT-0002708,WO-001128,2025-05-14,Afternoon,M05,Changeover,Tooling change,39.01,0
DT-0002709,WO-001129,2025-05-14,Morning,M06,Process,Parameter adjustment,15.99,0
DT-0002710,WO-001129,2025-05-14,Morning,M06,Changeover,Planned changeover,8.91,1
DT-0002711,WO-001129,2025-05-14,Morning,M06,Material,Material shortage,12.63,0
DT-0002712,WO-001130,2025-05-14,Afternoon,M06,Changeover,Tooling change,23.15,0
DT-0002713,WO-001130,2025-05-14,Afternoon,M06,Microstop,Material jam,19.95,0
DT-0002714,WO-001131,2025-05-15,Morning,M01,Microstop,Vision retry,9.29,0
DT-0002715,WO-001131,2025-05-15,Morning,M01,Breakdown,Sensor fault,9.84,0
DT-0002716,WO-001131,2025-05-15,Morning,M01,Planned,Preventive maintenance,10.82,1
DT-0002717,WO-001132,2025-05-15,Afternoon,M01,Changeover,Planned changeover,15.56,1
DT-0002718,WO-001132,2025-05-15,Afternoon,M01,Planned,Calibration,2.23,1
DT-0002719,WO-001132,2025-05-15,Afternoon,M01,Process,Parameter adjustment,16.25,0
DT-0002720,WO-001133,2025-05-15,Morning,M02,Process,Parameter adjustment,15.13,0
DT-0002721,WO-001133,2025-05-15,Morning,M02,Microstop,Material jam,22.34,0
DT-0002722,WO-001134,2025-05-15,Afternoon,M02,Breakdown,Sensor fault,11.23,0
DT-0002723,WO-001134,2025-05-15,Afternoon,M02,Microstop,Material jam,30.64,0
DT-0002724,WO-001134,2025-05-15,Afternoon,M02,Planned,Calibration,14.91,1
DT-0002725,WO-001135,2025-05-15,Morning,M03,Microstop,Material jam,41.01,0
DT-0002726,WO-001135,2025-05-15,Morning,M03,Process,Parameter adjustment,2.0,0
DT-0002727,WO-001136,2025-05-15,Afternoon,M03,Breakdown,Sensor fault,39.44,0
DT-0002728,WO-001136,2025-05-15,Afternoon,M03,Changeover,Tooling change,12.98,0
DT-0002729,WO-001136,2025-05-15,Afternoon,M03,Microstop,Material jam,1.14,0
DT-0002730,WO-001137,2025-05-15,Morning,M04,Changeover,Fixture setup,49.47,0
DT-0002731,WO-001137,2025-05-15,Morning,M04,Breakdown,Robot recovery,6.85,0
DT-0002732,WO-001137,2025-05-15,Morning,M04,Microstop,Vision retry,42.57,0
DT-0002733,WO-001138,2025-05-15,Afternoon,M04,Process,Weld parameter adjustment,113.2,0
DT-0002734,WO-001139,2025-05-15,Morning,M05,Material,Material shortage,6.91,0
DT-0002735,WO-001139,2025-05-15,Morning,M05,Material,Material shortage,4.57,0
DT-0002736,WO-001139,2025-05-15,Morning,M05,Microstop,Vision retry,41.77,0
DT-0002737,WO-001140,2025-05-15,Afternoon,M05,Changeover,Tooling change,32.59,0
DT-0002738,WO-001140,2025-05-15,Afternoon,M05,Material,Material shortage,0.98,0
DT-0002739,WO-001140,2025-05-15,Afternoon,M05,Changeover,Tooling change,13.96,0
DT-0002740,WO-001141,2025-05-15,Morning,M06,Material,Material shortage,1.51,0
DT-0002741,WO-001141,2025-05-15,Morning,M06,Microstop,Material jam,26.51,0
DT-0002742,WO-001141,2025-05-15,Morning,M06,Process,Parameter adjustment,2.4,0
DT-0002743,WO-001142,2025-05-15,Afternoon,M06,Breakdown,Mechanical fault,4.36,0
DT-0002744,WO-001142,2025-05-15,Afternoon,M06,Microstop,Vision retry,18.1,0
DT-0002745,WO-001142,2025-05-15,Afternoon,M06,Microstop,Material jam,4.73,0
DT-0002746,WO-001143,2025-05-16,Morning,M01,Material,Material shortage,2.41,0
DT-0002747,WO-001143,2025-05-16,Morning,M01,Changeover,Tooling change,5.49,0
DT-0002748,WO-001143,2025-05-16,Morning,M01,Changeover,Tooling change,28.83,0
DT-0002749,WO-001143,2025-05-16,Morning,M01,Microstop,Material jam,2.82,0
DT-0002750,WO-001143,2025-05-16,Morning,M01,Material,Material shortage,12.05,0
DT-0002751,WO-001144,2025-05-16,Afternoon,M01,Microstop,Material jam,6.22,0
DT-0002752,WO-001144,2025-05-16,Afternoon,M01,Changeover,Tooling change,51.5,0
DT-0002753,WO-001145,2025-05-16,Morning,M02,Microstop,Material jam,42.68,0
DT-0002754,WO-001146,2025-05-16,Afternoon,M02,Changeover,Planned changeover,0.99,1
DT-0002755,WO-001146,2025-05-16,Afternoon,M02,Process,Parameter adjustment,48.33,0
DT-0002756,WO-001147,2025-05-16,Morning,M03,Process,Parameter adjustment,0.99,0
DT-0002757,WO-001147,2025-05-16,Morning,M03,Breakdown,Mechanical fault,10.89,0
DT-0002758,WO-001147,2025-05-16,Morning,M03,Changeover,Tooling change,22.35,0
DT-0002759,WO-001147,2025-05-16,Morning,M03,Process,Parameter adjustment,13.85,0
DT-0002760,WO-001148,2025-05-16,Afternoon,M03,Material,Material shortage,7.49,0
DT-0002761,WO-001148,2025-05-16,Afternoon,M03,Breakdown,Mechanical fault,2.17,0
DT-0002762,WO-001148,2025-05-16,Afternoon,M03,Changeover,Planned changeover,32.42,1
DT-0002763,WO-001149,2025-05-16,Morning,M04,Planned,Preventive maintenance,97.15,1
DT-0002764,WO-001150,2025-05-16,Afternoon,M04,Microstop,Torch cleaning,120.78,0
DT-0002765,WO-001151,2025-05-16,Morning,M05,Breakdown,Mechanical fault,5.68,0
DT-0002766,WO-001151,2025-05-16,Morning,M05,Microstop,Vision retry,6.18,0
DT-0002767,WO-001151,2025-05-16,Morning,M05,Process,Parameter adjustment,3.19,0
DT-0002768,WO-001151,2025-05-16,Morning,M05,Breakdown,Sensor fault,28.8,0
DT-0002769,WO-001152,2025-05-16,Afternoon,M05,Breakdown,Sensor fault,40.23,0
DT-0002770,WO-001152,2025-05-16,Afternoon,M05,Planned,Preventive maintenance,34.28,1
DT-0002771,WO-001153,2025-05-16,Morning,M06,Breakdown,Mechanical fault,24.09,0
DT-0002772,WO-001154,2025-05-16,Afternoon,M06,Changeover,Planned changeover,35.14,1
DT-0002773,WO-001155,2025-05-19,Morning,M01,Breakdown,Sensor fault,65.09,0
DT-0002774,WO-001156,2025-05-19,Afternoon,M01,Process,Parameter adjustment,24.93,0
DT-0002775,WO-001156,2025-05-19,Afternoon,M01,Material,Material shortage,0.99,0
DT-0002776,WO-001156,2025-05-19,Afternoon,M01,Changeover,Tooling change,14.9,0
DT-0002777,WO-001157,2025-05-19,Morning,M02,Changeover,Tooling change,12.22,0
DT-0002778,WO-001157,2025-05-19,Morning,M02,Process,Parameter adjustment,57.48,0
DT-0002779,WO-001158,2025-05-19,Afternoon,M02,Microstop,Vision retry,59.51,0
DT-0002780,WO-001159,2025-05-19,Morning,M03,Material,Material shortage,3.58,0
DT-0002781,WO-001159,2025-05-19,Morning,M03,Changeover,Tooling change,1.28,0
DT-0002782,WO-001159,2025-05-19,Morning,M03,Microstop,Vision retry,15.41,0
DT-0002783,WO-001159,2025-05-19,Morning,M03,Microstop,Vision retry,15.9,0
DT-0002784,WO-001160,2025-05-19,Afternoon,M03,Process,Parameter adjustment,5.6,0
DT-0002785,WO-001160,2025-05-19,Afternoon,M03,Changeover,Tooling change,34.89,0
DT-0002786,WO-001161,2025-05-19,Morning,M04,Changeover,Fixture setup,33.37,0
DT-0002787,WO-001161,2025-05-19,Morning,M04,Changeover,Fixture setup,99.21,0
DT-0002788,WO-001162,2025-05-19,Afternoon,M04,Breakdown,Robot recovery,34.39,0
DT-0002789,WO-001162,2025-05-19,Afternoon,M04,Process,Weld parameter adjustment,26.97,0
DT-0002790,WO-001162,2025-05-19,Afternoon,M04,Process,Parameter adjustment,16.33,0
DT-0002791,WO-001162,2025-05-19,Afternoon,M04,Changeover,Fixture setup,43.07,0
DT-0002792,WO-001163,2025-05-19,Morning,M05,Microstop,Vision retry,13.9,0
DT-0002793,WO-001163,2025-05-19,Morning,M05,Microstop,Vision retry,29.61,0
DT-0002794,WO-001164,2025-05-19,Afternoon,M05,Changeover,Tooling change,62.71,0
DT-0002795,WO-001165,2025-05-19,Morning,M06,Breakdown,Sensor fault,14.77,0
DT-0002796,WO-001165,2025-05-19,Morning,M06,Breakdown,Mechanical fault,8.16,0
DT-0002797,WO-001165,2025-05-19,Morning,M06,Process,Parameter adjustment,7.34,0
DT-0002798,WO-001166,2025-05-19,Afternoon,M06,Microstop,Vision retry,12.6,0
DT-0002799,WO-001166,2025-05-19,Afternoon,M06,Breakdown,Mechanical fault,7.95,0
DT-0002800,WO-001166,2025-05-19,Afternoon,M06,Changeover,Tooling change,14.55,0
DT-0002801,WO-001167,2025-05-20,Morning,M01,Breakdown,Sensor fault,41.09,0
DT-0002802,WO-001167,2025-05-20,Morning,M01,Planned,Calibration,3.96,1
DT-0002803,WO-001167,2025-05-20,Morning,M01,Breakdown,Mechanical fault,5.12,0
DT-0002804,WO-001168,2025-05-20,Afternoon,M01,Planned,Preventive maintenance,3.2,1
DT-0002805,WO-001168,2025-05-20,Afternoon,M01,Changeover,Tooling change,28.77,0
DT-0002806,WO-001169,2025-05-20,Morning,M02,Changeover,Tooling change,1.29,0
DT-0002807,WO-001169,2025-05-20,Morning,M02,Material,Material shortage,49.42,0
DT-0002808,WO-001170,2025-05-20,Afternoon,M02,Changeover,Planned changeover,18.04,1
DT-0002809,WO-001170,2025-05-20,Afternoon,M02,Breakdown,Sensor fault,8.83,0
DT-0002810,WO-001170,2025-05-20,Afternoon,M02,Changeover,Tooling change,26.0,0
DT-0002811,WO-001171,2025-05-20,Morning,M03,Breakdown,Mechanical fault,8.13,0
DT-0002812,WO-001171,2025-05-20,Morning,M03,Breakdown,Sensor fault,18.2,0
DT-0002813,WO-001171,2025-05-20,Morning,M03,Microstop,Vision retry,4.39,0
DT-0002814,WO-001172,2025-05-20,Afternoon,M03,Changeover,Tooling change,6.67,0
DT-0002815,WO-001172,2025-05-20,Afternoon,M03,Breakdown,Sensor fault,3.48,0
DT-0002816,WO-001172,2025-05-20,Afternoon,M03,Microstop,Material jam,32.76,0
DT-0002817,WO-001173,2025-05-20,Morning,M04,Microstop,Torch cleaning,53.63,0
DT-0002818,WO-001173,2025-05-20,Morning,M04,Breakdown,Robot recovery,60.44,0
DT-0002819,WO-001174,2025-05-20,Afternoon,M04,Changeover,Tooling change,104.29,0
DT-0002820,WO-001175,2025-05-20,Morning,M05,Changeover,Tooling change,32.2,0
DT-0002821,WO-001175,2025-05-20,Morning,M05,Microstop,Vision retry,1.36,0
DT-0002822,WO-001175,2025-05-20,Morning,M05,Microstop,Vision retry,13.79,0
DT-0002823,WO-001176,2025-05-20,Afternoon,M05,Breakdown,Sensor fault,3.73,0
DT-0002824,WO-001176,2025-05-20,Afternoon,M05,Microstop,Material jam,11.51,0
DT-0002825,WO-001176,2025-05-20,Afternoon,M05,Microstop,Material jam,11.67,0
DT-0002826,WO-001176,2025-05-20,Afternoon,M05,Breakdown,Mechanical fault,43.45,0
DT-0002827,WO-001177,2025-05-20,Morning,M06,Process,Parameter adjustment,34.83,0
DT-0002828,WO-001177,2025-05-20,Morning,M06,Breakdown,Mechanical fault,3.78,0
DT-0002829,WO-001177,2025-05-20,Morning,M06,Microstop,Vision retry,0.98,0
DT-0002830,WO-001178,2025-05-20,Afternoon,M06,Changeover,Tooling change,22.34,0
DT-0002831,WO-001178,2025-05-20,Afternoon,M06,Microstop,Material jam,19.47,0
DT-0002832,WO-001179,2025-05-21,Morning,M01,Changeover,Tooling change,51.21,0
DT-0002833,WO-001179,2025-05-21,Morning,M01,Microstop,Vision retry,1.87,0
DT-0002834,WO-001180,2025-05-21,Afternoon,M01,Planned,Preventive maintenance,45.09,1
DT-0002835,WO-001181,2025-05-21,Morning,M02,Breakdown,Sensor fault,15.73,0
DT-0002836,WO-001181,2025-05-21,Morning,M02,Breakdown,Mechanical fault,19.42,0
DT-0002837,WO-001181,2025-05-21,Morning,M02,Breakdown,Sensor fault,14.07,0
DT-0002838,WO-001181,2025-05-21,Morning,M02,Material,Material shortage,5.1,0
DT-0002839,WO-001182,2025-05-21,Afternoon,M02,Breakdown,Mechanical fault,4.54,0
DT-0002840,WO-001182,2025-05-21,Afternoon,M02,Changeover,Tooling change,42.59,0
DT-0002841,WO-001182,2025-05-21,Afternoon,M02,Microstop,Material jam,8.77,0
DT-0002842,WO-001183,2025-05-21,Afternoon,M03,Breakdown,Sensor fault,32.08,0
DT-0002843,WO-001183,2025-05-21,Afternoon,M03,Microstop,Vision retry,21.47,0
DT-0002844,WO-001184,2025-05-21,Morning,M04,Microstop,Torch cleaning,115.78,0
DT-0002845,WO-001185,2025-05-21,Afternoon,M04,Changeover,Fixture setup,32.4,0
DT-0002846,WO-001185,2025-05-21,Afternoon,M04,Changeover,Fixture setup,106.16,0
DT-0002847,WO-001186,2025-05-21,Morning,M05,Microstop,Material jam,55.21,0
DT-0002848,WO-001187,2025-05-21,Afternoon,M05,Microstop,Vision retry,12.96,0
DT-0002849,WO-001187,2025-05-21,Afternoon,M05,Planned,Calibration,28.45,1
DT-0002850,WO-001188,2025-05-21,Morning,M06,Microstop,Vision retry,25.18,0
DT-0002851,WO-001188,2025-05-21,Morning,M06,Material,Material shortage,6.1,0
DT-0002852,WO-001188,2025-05-21,Morning,M06,Microstop,Vision retry,1.58,0
DT-0002853,WO-001189,2025-05-21,Afternoon,M06,Microstop,Vision retry,8.33,0
DT-0002854,WO-001189,2025-05-21,Afternoon,M06,Changeover,Tooling change,4.12,0
DT-0002855,WO-001189,2025-05-21,Afternoon,M06,Microstop,Vision retry,16.28,0
DT-0002856,WO-001190,2025-05-22,Morning,M01,Breakdown,Sensor fault,1.16,0
DT-0002857,WO-001190,2025-05-22,Morning,M01,Breakdown,Sensor fault,12.29,0
DT-0002858,WO-001190,2025-05-22,Morning,M01,Changeover,Planned changeover,18.82,1
DT-0002859,WO-001191,2025-05-22,Afternoon,M01,Breakdown,Mechanical fault,56.28,0
DT-0002860,WO-001192,2025-05-22,Morning,M02,Breakdown,Sensor fault,63.41,0
DT-0002861,WO-001193,2025-05-22,Afternoon,M02,Breakdown,Sensor fault,69.77,0
DT-0002862,WO-001194,2025-05-22,Morning,M03,Microstop,Material jam,25.45,0
DT-0002863,WO-001194,2025-05-22,Morning,M03,Planned,Calibration,4.31,1
DT-0002864,WO-001195,2025-05-22,Afternoon,M03,Breakdown,Mechanical fault,39.58,0
DT-0002865,WO-001195,2025-05-22,Afternoon,M03,Breakdown,Mechanical fault,12.22,0
DT-0002866,WO-001196,2025-05-22,Morning,M04,Changeover,Fixture setup,78.09,0
DT-0002867,WO-001196,2025-05-22,Morning,M04,Changeover,Fixture setup,17.26,0
DT-0002868,WO-001196,2025-05-22,Morning,M04,Material,Material shortage,11.42,0
DT-0002869,WO-001197,2025-05-22,Afternoon,M04,Changeover,Tooling change,92.39,0
DT-0002870,WO-001197,2025-05-22,Afternoon,M04,Changeover,Fixture setup,16.47,0
DT-0002871,WO-001198,2025-05-22,Morning,M05,Process,Parameter adjustment,13.57,0
DT-0002872,WO-001198,2025-05-22,Morning,M05,Planned,Calibration,22.55,1
DT-0002873,WO-001198,2025-05-22,Morning,M05,Planned,Preventive maintenance,12.04,1
DT-0002874,WO-001199,2025-05-22,Afternoon,M06,Breakdown,Sensor fault,40.41,0
DT-0002875,WO-001200,2025-05-23,Morning,M01,Material,Material shortage,34.1,0
DT-0002876,WO-001200,2025-05-23,Morning,M01,Microstop,Material jam,8.98,0
DT-0002877,WO-001201,2025-05-23,Afternoon,M01,Changeover,Tooling change,59.24,0
DT-0002878,WO-001201,2025-05-23,Afternoon,M01,Microstop,Vision retry,1.41,0
DT-0002879,WO-001202,2025-05-23,Morning,M02,Breakdown,Mechanical fault,52.66,0
DT-0002880,WO-001203,2025-05-23,Afternoon,M02,Microstop,Vision retry,67.24,0
DT-0002881,WO-001204,2025-05-23,Morning,M03,Breakdown,Mechanical fault,46.05,0
DT-0002882,WO-001205,2025-05-23,Afternoon,M03,Planned,Calibration,33.2,1
DT-0002883,WO-001205,2025-05-23,Afternoon,M03,Breakdown,Mechanical fault,6.3,0
DT-0002884,WO-001206,2025-05-23,Morning,M04,Changeover,Planned changeover,104.44,1
DT-0002885,WO-001207,2025-05-23,Afternoon,M04,Changeover,Tooling change,122.5,0
DT-0002886,WO-001208,2025-05-23,Morning,M05,Breakdown,Sensor fault,3.02,0
DT-0002887,WO-001208,2025-05-23,Morning,M05,Planned,Preventive maintenance,11.48,1
DT-0002888,WO-001208,2025-05-23,Morning,M05,Planned,Calibration,37.23,1
DT-0002889,WO-001209,2025-05-23,Afternoon,M05,Microstop,Vision retry,21.5,0
DT-0002890,WO-001209,2025-05-23,Afternoon,M05,Material,Material shortage,32.54,0
DT-0002891,WO-001209,2025-05-23,Afternoon,M05,Process,Parameter adjustment,7.49,0
DT-0002892,WO-001209,2025-05-23,Afternoon,M05,Material,Material shortage,0.98,0
DT-0002893,WO-001209,2025-05-23,Afternoon,M05,Microstop,Material jam,0.98,0
DT-0002894,WO-001210,2025-05-23,Morning,M06,Changeover,Tooling change,15.78,0
DT-0002895,WO-001210,2025-05-23,Morning,M06,Changeover,Planned changeover,3.44,1
DT-0002896,WO-001210,2025-05-23,Morning,M06,Planned,Calibration,4.72,1
DT-0002897,WO-001211,2025-05-23,Afternoon,M06,Planned,Calibration,37.56,1
DT-0002898,WO-001212,2025-05-26,Morning,M01,Microstop,Vision retry,54.15,0
DT-0002899,WO-001213,2025-05-26,Afternoon,M01,Process,Parameter adjustment,14.6,0
DT-0002900,WO-001213,2025-05-26,Afternoon,M01,Planned,Calibration,28.02,1
DT-0002901,WO-001213,2025-05-26,Afternoon,M01,Breakdown,Sensor fault,23.71,0
DT-0002902,WO-001214,2025-05-26,Morning,M02,Planned,Calibration,41.55,1
DT-0002903,WO-001214,2025-05-26,Morning,M02,Changeover,Tooling change,3.85,0
DT-0002904,WO-001214,2025-05-26,Morning,M02,Breakdown,Sensor fault,18.85,0
DT-0002905,WO-001214,2025-05-26,Morning,M02,Process,Parameter adjustment,1.48,0
DT-0002906,WO-001214,2025-05-26,Morning,M02,Microstop,Vision retry,5.27,0
DT-0002907,WO-001215,2025-05-26,Afternoon,M02,Breakdown,Mechanical fault,58.48,0
DT-0002908,WO-001216,2025-05-26,Morning,M03,Microstop,Vision retry,18.4,0
DT-0002909,WO-001216,2025-05-26,Morning,M03,Breakdown,Mechanical fault,1.36,0
DT-0002910,WO-001216,2025-05-26,Morning,M03,Microstop,Vision retry,7.19,0
DT-0002911,WO-001216,2025-05-26,Morning,M03,Microstop,Material jam,12.75,0
DT-0002912,WO-001217,2025-05-26,Afternoon,M03,Breakdown,Mechanical fault,6.81,0
DT-0002913,WO-001217,2025-05-26,Afternoon,M03,Microstop,Material jam,7.95,0
DT-0002914,WO-001217,2025-05-26,Afternoon,M03,Process,Parameter adjustment,33.26,0
DT-0002915,WO-001218,2025-05-26,Morning,M04,Changeover,Planned changeover,105.42,1
DT-0002916,WO-001219,2025-05-26,Afternoon,M04,Breakdown,Sensor fault,118.48,0
DT-0002917,WO-001220,2025-05-26,Morning,M05,Breakdown,Mechanical fault,4.92,0
DT-0002918,WO-001220,2025-05-26,Morning,M05,Planned,Preventive maintenance,26.66,1
DT-0002919,WO-001221,2025-05-26,Afternoon,M05,Microstop,Material jam,26.8,0
DT-0002920,WO-001221,2025-05-26,Afternoon,M05,Microstop,Vision retry,25.25,0
DT-0002921,WO-001221,2025-05-26,Afternoon,M05,Planned,Calibration,9.27,1
DT-0002922,WO-001222,2025-05-26,Morning,M06,Breakdown,Sensor fault,39.51,0
DT-0002923,WO-001223,2025-05-26,Afternoon,M06,Process,Parameter adjustment,0.99,0
DT-0002924,WO-001223,2025-05-26,Afternoon,M06,Planned,Preventive maintenance,25.38,1
DT-0002925,WO-001223,2025-05-26,Afternoon,M06,Changeover,Planned changeover,16.06,1
DT-0002926,WO-001224,2025-05-27,Morning,M01,Material,Material shortage,39.42,0
DT-0002927,WO-001225,2025-05-27,Afternoon,M01,Microstop,Vision retry,14.05,0
DT-0002928,WO-001225,2025-05-27,Afternoon,M01,Process,Parameter adjustment,11.6,0
DT-0002929,WO-001225,2025-05-27,Afternoon,M01,Planned,Preventive maintenance,9.08,1
DT-0002930,WO-001225,2025-05-27,Afternoon,M01,Process,Parameter adjustment,18.05,0
DT-0002931,WO-001226,2025-05-27,Morning,M02,Changeover,Tooling change,29.35,0
DT-0002932,WO-001227,2025-05-27,Afternoon,M02,Material,Material shortage,18.47,0
DT-0002933,WO-001227,2025-05-27,Afternoon,M02,Breakdown,Sensor fault,5.93,0
DT-0002934,WO-001227,2025-05-27,Afternoon,M02,Microstop,Material jam,1.0,0
DT-0002935,WO-001227,2025-05-27,Afternoon,M02,Microstop,Material jam,31.39,0
DT-0002936,WO-001228,2025-05-27,Morning,M03,Planned,Calibration,4.72,1
DT-0002937,WO-001228,2025-05-27,Morning,M03,Breakdown,Mechanical fault,4.22,0
DT-0002938,WO-001228,2025-05-27,Morning,M03,Changeover,Tooling change,23.58,0
DT-0002939,WO-001229,2025-05-27,Afternoon,M03,Microstop,Material jam,10.51,0
DT-0002940,WO-001229,2025-05-27,Afternoon,M03,Microstop,Material jam,7.65,0
DT-0002941,WO-001229,2025-05-27,Afternoon,M03,Changeover,Planned changeover,27.93,1
DT-0002942,WO-001229,2025-05-27,Afternoon,M03,Breakdown,Sensor fault,0.98,0
DT-0002943,WO-001230,2025-05-27,Morning,M04,Changeover,Planned changeover,82.76,1
DT-0002944,WO-001230,2025-05-27,Morning,M04,Changeover,Fixture setup,31.42,0
DT-0002945,WO-001231,2025-05-27,Afternoon,M04,Changeover,Fixture setup,127.06,0
DT-0002946,WO-001232,2025-05-27,Morning,M05,Changeover,Tooling change,22.4,0
DT-0002947,WO-001232,2025-05-27,Morning,M05,Changeover,Tooling change,33.46,0
DT-0002948,WO-001233,2025-05-27,Afternoon,M05,Changeover,Tooling change,44.6,0
DT-0002949,WO-001233,2025-05-27,Afternoon,M05,Planned,Preventive maintenance,7.02,1
DT-0002950,WO-001233,2025-05-27,Afternoon,M05,Microstop,Material jam,12.41,0
DT-0002951,WO-001234,2025-05-27,Morning,M06,Process,Parameter adjustment,19.02,0
DT-0002952,WO-001234,2025-05-27,Morning,M06,Breakdown,Sensor fault,4.43,0
DT-0002953,WO-001234,2025-05-27,Morning,M06,Breakdown,Sensor fault,3.94,0
DT-0002954,WO-001235,2025-05-27,Afternoon,M06,Changeover,Tooling change,10.55,0
DT-0002955,WO-001235,2025-05-27,Afternoon,M06,Breakdown,Mechanical fault,8.19,0
DT-0002956,WO-001235,2025-05-27,Afternoon,M06,Material,Material shortage,17.7,0
DT-0002957,WO-001235,2025-05-27,Afternoon,M06,Breakdown,Sensor fault,0.98,0
DT-0002958,WO-001236,2025-05-28,Morning,M01,Planned,Preventive maintenance,54.01,1
DT-0002959,WO-001236,2025-05-28,Morning,M01,Process,Parameter adjustment,1.68,0
DT-0002960,WO-001236,2025-05-28,Morning,M01,Process,Parameter adjustment,0.98,0
DT-0002961,WO-001237,2025-05-28,Afternoon,M01,Changeover,Planned changeover,46.03,1
DT-0002962,WO-001237,2025-05-28,Afternoon,M01,Changeover,Tooling change,3.35,0
DT-0002963,WO-001238,2025-05-28,Morning,M02,Process,Parameter adjustment,10.4,0
DT-0002964,WO-001238,2025-05-28,Morning,M02,Microstop,Material jam,36.49,0
DT-0002965,WO-001239,2025-05-28,Afternoon,M02,Material,Material shortage,10.14,0
DT-0002966,WO-001239,2025-05-28,Afternoon,M02,Process,Parameter adjustment,8.61,0
DT-0002967,WO-001239,2025-05-28,Afternoon,M02,Breakdown,Sensor fault,27.02,0
DT-0002968,WO-001240,2025-05-28,Morning,M03,Changeover,Tooling change,59.34,0
DT-0002969,WO-001241,2025-05-28,Afternoon,M03,Material,Material shortage,4.25,0
DT-0002970,WO-001241,2025-05-28,Afternoon,M03,Process,Parameter adjustment,7.34,0
DT-0002971,WO-001241,2025-05-28,Afternoon,M03,Breakdown,Mechanical fault,22.44,0
DT-0002972,WO-001242,2025-05-28,Morning,M04,Changeover,Fixture setup,102.84,0
DT-0002973,WO-001243,2025-05-28,Afternoon,M04,Changeover,Fixture setup,29.07,0
DT-0002974,WO-001243,2025-05-28,Afternoon,M04,Changeover,Fixture setup,93.14,0
DT-0002975,WO-001243,2025-05-28,Afternoon,M04,Changeover,Planned changeover,9.1,1
DT-0002976,WO-001244,2025-05-28,Morning,M05,Changeover,Tooling change,54.83,0
DT-0002977,WO-001244,2025-05-28,Morning,M05,Material,Material shortage,1.6,0
DT-0002978,WO-001245,2025-05-28,Afternoon,M05,Changeover,Planned changeover,45.56,1
DT-0002979,WO-001245,2025-05-28,Afternoon,M05,Microstop,Vision retry,17.74,0
DT-0002980,WO-001246,2025-05-28,Morning,M06,Process,Parameter adjustment,5.73,0
DT-0002981,WO-001246,2025-05-28,Morning,M06,Microstop,Material jam,13.31,0
DT-0002982,WO-001247,2025-05-29,Morning,M01,Microstop,Material jam,30.53,0
DT-0002983,WO-001247,2025-05-29,Morning,M01,Material,Material shortage,3.05,0
DT-0002984,WO-001248,2025-05-29,Afternoon,M01,Microstop,Vision retry,2.99,0
DT-0002985,WO-001248,2025-05-29,Afternoon,M01,Process,Parameter adjustment,26.25,0
DT-0002986,WO-001248,2025-05-29,Afternoon,M01,Material,Material shortage,8.38,0
DT-0002987,WO-001249,2025-05-29,Morning,M02,Microstop,Vision retry,35.84,0
DT-0002988,WO-001249,2025-05-29,Morning,M02,Material,Material shortage,9.22,0
DT-0002989,WO-001250,2025-05-29,Afternoon,M02,Planned,Preventive maintenance,31.44,1
DT-0002990,WO-001250,2025-05-29,Afternoon,M02,Microstop,Material jam,37.87,0
DT-0002991,WO-001250,2025-05-29,Afternoon,M02,Microstop,Material jam,10.58,0
DT-0002992,WO-001251,2025-05-29,Morning,M03,Changeover,Tooling change,37.38,0
DT-0002993,WO-001251,2025-05-29,Morning,M03,Planned,Calibration,1.7,1
DT-0002994,WO-001251,2025-05-29,Morning,M03,Breakdown,Mechanical fault,5.01,0
DT-0002995,WO-001252,2025-05-29,Afternoon,M03,Microstop,Vision retry,53.3,0
DT-0002996,WO-001253,2025-05-29,Morning,M04,Breakdown,Sensor fault,56.57,0
DT-0002997,WO-001253,2025-05-29,Morning,M04,Breakdown,Robot recovery,37.06,0
DT-0002998,WO-001253,2025-05-29,Morning,M04,Changeover,Fixture setup,3.47,0
DT-0002999,WO-001254,2025-05-29,Afternoon,M04,Microstop,Torch cleaning,115.14,0
DT-0003000,WO-001255,2025-05-29,Morning,M05,Material,Material shortage,2.54,0
DT-0003001,WO-001255,2025-05-29,Morning,M05,Breakdown,Mechanical fault,1.0,0
DT-0003002,WO-001255,2025-05-29,Morning,M05,Material,Material shortage,15.68,0
DT-0003003,WO-001255,2025-05-29,Morning,M05,Changeover,Tooling change,34.33,0
DT-0003004,WO-001256,2025-05-29,Afternoon,M05,Changeover,Planned changeover,15.11,1
DT-0003005,WO-001256,2025-05-29,Afternoon,M05,Material,Material shortage,22.56,0
DT-0003006,WO-001256,2025-05-29,Afternoon,M05,Changeover,Planned changeover,16.2,1
DT-0003007,WO-001257,2025-05-29,Morning,M06,Microstop,Material jam,6.08,0
DT-0003008,WO-001257,2025-05-29,Morning,M06,Material,Material shortage,11.7,0
DT-0003009,WO-001257,2025-05-29,Morning,M06,Breakdown,Sensor fault,3.24,0
DT-0003010,WO-001258,2025-05-29,Afternoon,M06,Breakdown,Mechanical fault,22.67,0
DT-0003011,WO-001258,2025-05-29,Afternoon,M06,Microstop,Material jam,7.87,0
DT-0003012,WO-001259,2025-05-30,Morning,M01,Breakdown,Mechanical fault,23.88,0
DT-0003013,WO-001259,2025-05-30,Morning,M01,Microstop,Vision retry,30.69,0
DT-0003014,WO-001260,2025-05-30,Afternoon,M01,Microstop,Vision retry,12.66,0
DT-0003015,WO-001260,2025-05-30,Afternoon,M01,Breakdown,Mechanical fault,6.91,0
DT-0003016,WO-001260,2025-05-30,Afternoon,M01,Material,Material shortage,11.29,0
DT-0003017,WO-001260,2025-05-30,Afternoon,M01,Microstop,Vision retry,30.39,0
DT-0003018,WO-001261,2025-05-30,Morning,M02,Microstop,Vision retry,64.04,0
DT-0003019,WO-001262,2025-05-30,Morning,M03,Process,Parameter adjustment,45.36,0
DT-0003020,WO-001263,2025-05-30,Afternoon,M03,Planned,Calibration,9.7,1
DT-0003021,WO-001263,2025-05-30,Afternoon,M03,Changeover,Planned changeover,7.53,1
DT-0003022,WO-001263,2025-05-30,Afternoon,M03,Changeover,Tooling change,35.78,0
DT-0003023,WO-001264,2025-05-30,Morning,M04,Planned,Calibration,72.8,1
DT-0003024,WO-001264,2025-05-30,Morning,M04,Changeover,Fixture setup,33.51,0
DT-0003025,WO-001265,2025-05-30,Afternoon,M04,Planned,Calibration,39.29,1
DT-0003026,WO-001265,2025-05-30,Afternoon,M04,Breakdown,Robot recovery,68.61,0
DT-0003027,WO-001266,2025-05-30,Morning,M05,Microstop,Vision retry,68.08,0
DT-0003028,WO-001267,2025-05-30,Afternoon,M05,Breakdown,Sensor fault,16.18,0
DT-0003029,WO-001267,2025-05-30,Afternoon,M05,Process,Parameter adjustment,9.94,0
DT-0003030,WO-001267,2025-05-30,Afternoon,M05,Microstop,Vision retry,16.47,0
DT-0003031,WO-001268,2025-05-30,Morning,M06,Changeover,Planned changeover,9.57,1
DT-0003032,WO-001268,2025-05-30,Morning,M06,Microstop,Vision retry,1.74,0
DT-0003033,WO-001268,2025-05-30,Morning,M06,Microstop,Material jam,12.06,0
DT-0003034,WO-001269,2025-05-30,Afternoon,M06,Changeover,Tooling change,1.83,0
DT-0003035,WO-001269,2025-05-30,Afternoon,M06,Planned,Calibration,40.72,1
DT-0003036,WO-001270,2025-06-02,Morning,M01,Material,Material shortage,33.04,0
DT-0003037,WO-001270,2025-06-02,Morning,M01,Microstop,Vision retry,17.02,0
DT-0003038,WO-001270,2025-06-02,Morning,M01,Changeover,Tooling change,4.54,0
DT-0003039,WO-001271,2025-06-02,Afternoon,M01,Microstop,Vision retry,10.53,0
DT-0003040,WO-001271,2025-06-02,Afternoon,M01,Changeover,Planned changeover,1.89,1
DT-0003041,WO-001271,2025-06-02,Afternoon,M01,Process,Parameter adjustment,21.32,0
DT-0003042,WO-001271,2025-06-02,Afternoon,M01,Changeover,Tooling change,31.94,0
DT-0003043,WO-001272,2025-06-02,Morning,M02,Breakdown,Mechanical fault,55.78,0
DT-0003044,WO-001273,2025-06-02,Afternoon,M02,Process,Parameter adjustment,28.4,0
DT-0003045,WO-001273,2025-06-02,Afternoon,M02,Changeover,Tooling change,8.62,0
DT-0003046,WO-001273,2025-06-02,Afternoon,M02,Process,Parameter adjustment,17.35,0
DT-0003047,WO-001274,2025-06-02,Morning,M03,Material,Material shortage,35.88,0
DT-0003048,WO-001274,2025-06-02,Morning,M03,Breakdown,Mechanical fault,3.01,0
DT-0003049,WO-001274,2025-06-02,Morning,M03,Planned,Preventive maintenance,11.73,1
DT-0003050,WO-001275,2025-06-02,Afternoon,M03,Microstop,Vision retry,45.92,0
DT-0003051,WO-001276,2025-06-02,Morning,M04,Planned,Calibration,46.16,1
DT-0003052,WO-001276,2025-06-02,Morning,M04,Breakdown,Robot recovery,75.27,0
DT-0003053,WO-001277,2025-06-02,Afternoon,M04,Planned,Calibration,29.6,1
DT-0003054,WO-001277,2025-06-02,Afternoon,M04,Breakdown,Robot recovery,51.51,0
DT-0003055,WO-001277,2025-06-02,Afternoon,M04,Microstop,Vision retry,2.42,0
DT-0003056,WO-001277,2025-06-02,Afternoon,M04,Microstop,Material jam,30.06,0
DT-0003057,WO-001278,2025-06-02,Morning,M05,Changeover,Tooling change,42.56,0
DT-0003058,WO-001278,2025-06-02,Morning,M05,Changeover,Planned changeover,11.25,1
DT-0003059,WO-001279,2025-06-02,Afternoon,M05,Material,Material shortage,1.96,0
DT-0003060,WO-001279,2025-06-02,Afternoon,M05,Microstop,Material jam,48.4,0
DT-0003061,WO-001280,2025-06-02,Morning,M06,Material,Material shortage,6.82,0
DT-0003062,WO-001280,2025-06-02,Morning,M06,Breakdown,Sensor fault,5.07,0
DT-0003063,WO-001280,2025-06-02,Morning,M06,Breakdown,Mechanical fault,25.37,0
DT-0003064,WO-001281,2025-06-02,Afternoon,M06,Microstop,Vision retry,30.01,0
DT-0003065,WO-001282,2025-06-03,Morning,M01,Microstop,Material jam,17.79,0
DT-0003066,WO-001282,2025-06-03,Morning,M01,Microstop,Vision retry,24.63,0
DT-0003067,WO-001283,2025-06-03,Afternoon,M01,Breakdown,Mechanical fault,27.92,0
DT-0003068,WO-001283,2025-06-03,Afternoon,M01,Planned,Preventive maintenance,14.65,1
DT-0003069,WO-001284,2025-06-03,Morning,M02,Planned,Calibration,10.85,1
DT-0003070,WO-001284,2025-06-03,Morning,M02,Microstop,Vision retry,56.92,0
DT-0003071,WO-001285,2025-06-03,Afternoon,M02,Breakdown,Sensor fault,29.65,0
DT-0003072,WO-001285,2025-06-03,Afternoon,M02,Microstop,Material jam,33.18,0
DT-0003073,WO-001286,2025-06-03,Morning,M03,Changeover,Tooling change,36.84,0
DT-0003074,WO-001287,2025-06-03,Afternoon,M03,Changeover,Planned changeover,1.31,1
DT-0003075,WO-001287,2025-06-03,Afternoon,M03,Breakdown,Mechanical fault,38.78,0
DT-0003076,WO-001288,2025-06-03,Morning,M05,Microstop,Material jam,5.73,0
DT-0003077,WO-001288,2025-06-03,Morning,M05,Material,Material shortage,15.75,0
DT-0003078,WO-001288,2025-06-03,Morning,M05,Microstop,Vision retry,8.33,0
DT-0003079,WO-001288,2025-06-03,Morning,M05,Breakdown,Mechanical fault,5.37,0
DT-0003080,WO-001288,2025-06-03,Morning,M05,Breakdown,Mechanical fault,10.68,0
DT-0003081,WO-001289,2025-06-03,Afternoon,M05,Microstop,Material jam,30.97,0
DT-0003082,WO-001289,2025-06-03,Afternoon,M05,Microstop,Material jam,26.53,0
DT-0003083,WO-001290,2025-06-03,Morning,M06,Process,Parameter adjustment,26.35,0
DT-0003084,WO-001290,2025-06-03,Morning,M06,Microstop,Vision retry,3.65,0
DT-0003085,WO-001291,2025-06-03,Afternoon,M06,Breakdown,Mechanical fault,40.38,0
DT-0003086,WO-001291,2025-06-03,Afternoon,M06,Changeover,Tooling change,5.99,0
DT-0003087,WO-001291,2025-06-03,Afternoon,M06,Breakdown,Sensor fault,5.37,0
DT-0003088,WO-001292,2025-06-04,Morning,M01,Breakdown,Sensor fault,7.21,0
DT-0003089,WO-001292,2025-06-04,Morning,M01,Breakdown,Mechanical fault,15.5,0
DT-0003090,WO-001292,2025-06-04,Morning,M01,Microstop,Material jam,21.07,0
DT-0003091,WO-001293,2025-06-04,Afternoon,M01,Microstop,Vision retry,2.72,0
DT-0003092,WO-001293,2025-06-04,Afternoon,M01,Microstop,Vision retry,40.01,0
DT-0003093,WO-001293,2025-06-04,Afternoon,M01,Microstop,Material jam,0.99,0
DT-0003094,WO-001293,2025-06-04,Afternoon,M01,Material,Material shortage,20.58,0
DT-0003095,WO-001294,2025-06-04,Morning,M02,Planned,Calibration,36.71,1
DT-0003096,WO-001295,2025-06-04,Afternoon,M02,Material,Material shortage,55.8,0
DT-0003097,WO-001295,2025-06-04,Afternoon,M02,Microstop,Material jam,1.0,0
DT-0003098,WO-001296,2025-06-04,Afternoon,M03,Breakdown,Mechanical fault,5.99,0
DT-0003099,WO-001296,2025-06-04,Afternoon,M03,Changeover,Tooling change,2.17,0
DT-0003100,WO-001296,2025-06-04,Afternoon,M03,Changeover,Tooling change,24.78,0
DT-0003101,WO-001297,2025-06-04,Morning,M04,Planned,Preventive maintenance,81.95,1
DT-0003102,WO-001297,2025-06-04,Morning,M04,Planned,Preventive maintenance,12.76,1
DT-0003103,WO-001297,2025-06-04,Morning,M04,Changeover,Planned changeover,10.93,1
DT-0003104,WO-001298,2025-06-04,Afternoon,M04,Process,Parameter adjustment,8.63,0
DT-0003105,WO-001298,2025-06-04,Afternoon,M04,Breakdown,Sensor fault,6.72,0
DT-0003106,WO-001298,2025-06-04,Afternoon,M04,Changeover,Fixture setup,1.0,0
DT-0003107,WO-001298,2025-06-04,Afternoon,M04,Changeover,Fixture setup,76.67,0
DT-0003108,WO-001298,2025-06-04,Afternoon,M04,Changeover,Fixture setup,10.35,0
DT-0003109,WO-001299,2025-06-04,Morning,M05,Breakdown,Mechanical fault,2.1,0
DT-0003110,WO-001299,2025-06-04,Morning,M05,Material,Material shortage,31.43,0
DT-0003111,WO-001300,2025-06-04,Afternoon,M05,Breakdown,Mechanical fault,7.72,0
DT-0003112,WO-001300,2025-06-04,Afternoon,M05,Breakdown,Sensor fault,14.09,0
DT-0003113,WO-001300,2025-06-04,Afternoon,M05,Planned,Calibration,36.25,1
DT-0003114,WO-001301,2025-06-04,Morning,M06,Breakdown,Sensor fault,14.63,0
DT-0003115,WO-001301,2025-06-04,Morning,M06,Changeover,Planned changeover,27.8,1
DT-0003116,WO-001302,2025-06-04,Afternoon,M06,Breakdown,Sensor fault,2.72,0
DT-0003117,WO-001302,2025-06-04,Afternoon,M06,Changeover,Tooling change,47.07,0
DT-0003118,WO-001303,2025-06-05,Morning,M01,Microstop,Material jam,57.65,0
DT-0003119,WO-001304,2025-06-05,Afternoon,M01,Breakdown,Sensor fault,6.34,0
DT-0003120,WO-001304,2025-06-05,Afternoon,M01,Microstop,Material jam,27.55,0
DT-0003121,WO-001304,2025-06-05,Afternoon,M01,Microstop,Vision retry,0.97,0
DT-0003122,WO-001305,2025-06-05,Morning,M02,Breakdown,Mechanical fault,5.99,0
DT-0003123,WO-001305,2025-06-05,Morning,M02,Breakdown,Mechanical fault,46.08,0
DT-0003124,WO-001306,2025-06-05,Afternoon,M02,Microstop,Vision retry,4.93,0
DT-0003125,WO-001306,2025-06-05,Afternoon,M02,Material,Material shortage,31.45,0
DT-0003126,WO-001306,2025-06-05,Afternoon,M02,Planned,Preventive maintenance,2.74,1
DT-0003127,WO-001307,2025-06-05,Morning,M03,Breakdown,Mechanical fault,43.39,0
DT-0003128,WO-001308,2025-06-05,Afternoon,M03,Material,Material shortage,11.91,0
DT-0003129,WO-001308,2025-06-05,Afternoon,M03,Breakdown,Sensor fault,1.0,0
DT-0003130,WO-001308,2025-06-05,Afternoon,M03,Microstop,Vision retry,19.56,0
DT-0003131,WO-001308,2025-06-05,Afternoon,M03,Process,Parameter adjustment,12.39,0
DT-0003132,WO-001309,2025-06-05,Morning,M04,Breakdown,Mechanical fault,56.65,0
DT-0003133,WO-001309,2025-06-05,Morning,M04,Changeover,Fixture setup,31.65,0
DT-0003134,WO-001310,2025-06-05,Afternoon,M04,Changeover,Fixture setup,36.63,0
DT-0003135,WO-001310,2025-06-05,Afternoon,M04,Process,Weld parameter adjustment,85.38,0
DT-0003136,WO-001311,2025-06-05,Morning,M05,Material,Material shortage,19.3,0
DT-0003137,WO-001311,2025-06-05,Morning,M05,Microstop,Vision retry,4.72,0
DT-0003138,WO-001311,2025-06-05,Morning,M05,Material,Material shortage,24.3,0
DT-0003139,WO-001312,2025-06-05,Afternoon,M05,Process,Parameter adjustment,35.14,0
DT-0003140,WO-001312,2025-06-05,Afternoon,M05,Material,Material shortage,14.9,0
DT-0003141,WO-001313,2025-06-05,Morning,M06,Material,Material shortage,19.39,0
DT-0003142,WO-001313,2025-06-05,Morning,M06,Material,Material shortage,5.85,0
DT-0003143,WO-001313,2025-06-05,Morning,M06,Changeover,Tooling change,12.99,0
DT-0003144,WO-001314,2025-06-05,Afternoon,M06,Material,Material shortage,1.33,0
DT-0003145,WO-001314,2025-06-05,Afternoon,M06,Process,Parameter adjustment,8.96,0
DT-0003146,WO-001314,2025-06-05,Afternoon,M06,Process,Parameter adjustment,15.02,0
DT-0003147,WO-001314,2025-06-05,Afternoon,M06,Changeover,Planned changeover,12.38,1
DT-0003148,WO-001315,2025-06-06,Morning,M01,Process,Parameter adjustment,30.04,0
DT-0003149,WO-001315,2025-06-06,Morning,M01,Breakdown,Sensor fault,1.03,0
DT-0003150,WO-001315,2025-06-06,Morning,M01,Breakdown,Sensor fault,6.24,0
DT-0003151,WO-001315,2025-06-06,Morning,M01,Planned,Calibration,2.69,1
DT-0003152,WO-001315,2025-06-06,Morning,M01,Material,Material shortage,20.18,0
DT-0003153,WO-001316,2025-06-06,Afternoon,M01,Microstop,Vision retry,0.98,0
DT-0003154,WO-001316,2025-06-06,Afternoon,M01,Breakdown,Sensor fault,44.81,0
DT-0003155,WO-001317,2025-06-06,Morning,M02,Planned,Preventive maintenance,74.38,1
DT-0003156,WO-001318,2025-06-06,Afternoon,M02,Microstop,Vision retry,24.85,0
DT-0003157,WO-001318,2025-06-06,Afternoon,M02,Material,Material shortage,29.02,0
DT-0003158,WO-001319,2025-06-06,Morning,M03,Changeover,Tooling change,15.65,0
DT-0003159,WO-001319,2025-06-06,Morning,M03,Process,Parameter adjustment,13.03,0
DT-0003160,WO-001320,2025-06-06,Morning,M04,Microstop,Torch cleaning,88.24,0
DT-0003161,WO-001320,2025-06-06,Morning,M04,Changeover,Fixture setup,6.3,0
DT-0003162,WO-001321,2025-06-06,Afternoon,M04,Changeover,Fixture setup,11.74,0
DT-0003163,WO-001321,2025-06-06,Afternoon,M04,Material,Material shortage,14.9,0
DT-0003164,WO-001321,2025-06-06,Afternoon,M04,Changeover,Planned changeover,19.36,1
DT-0003165,WO-001321,2025-06-06,Afternoon,M04,Changeover,Fixture setup,56.97,0
DT-0003166,WO-001322,2025-06-06,Morning,M05,Material,Material shortage,29.78,0
DT-0003167,WO-001322,2025-06-06,Morning,M05,Material,Material shortage,12.37,0
DT-0003168,WO-001323,2025-06-06,Afternoon,M05,Process,Parameter adjustment,0.97,0
DT-0003169,WO-001323,2025-06-06,Afternoon,M05,Breakdown,Sensor fault,15.26,0
DT-0003170,WO-001323,2025-06-06,Afternoon,M05,Material,Material shortage,21.95,0
DT-0003171,WO-001324,2025-06-06,Morning,M06,Breakdown,Mechanical fault,6.39,0
DT-0003172,WO-001324,2025-06-06,Morning,M06,Changeover,Planned changeover,6.51,1
DT-0003173,WO-001325,2025-06-06,Afternoon,M06,Material,Material shortage,10.82,0
DT-0003174,WO-001325,2025-06-06,Afternoon,M06,Breakdown,Mechanical fault,5.77,0
DT-0003175,WO-001325,2025-06-06,Afternoon,M06,Planned,Preventive maintenance,23.94,1
DT-0003176,WO-001326,2025-06-09,Morning,M01,Microstop,Vision retry,39.28,0
DT-0003177,WO-001327,2025-06-09,Afternoon,M01,Changeover,Tooling change,27.49,0
DT-0003178,WO-001327,2025-06-09,Afternoon,M01,Process,Parameter adjustment,4.65,0
DT-0003179,WO-001327,2025-06-09,Afternoon,M01,Material,Material shortage,10.07,0
DT-0003180,WO-001328,2025-06-09,Morning,M02,Process,Parameter adjustment,48.2,0
DT-0003181,WO-001328,2025-06-09,Morning,M02,Microstop,Vision retry,16.24,0
DT-0003182,WO-001329,2025-06-09,Afternoon,M02,Breakdown,Mechanical fault,42.19,0
DT-0003183,WO-001329,2025-06-09,Afternoon,M02,Planned,Calibration,22.21,1
DT-0003184,WO-001330,2025-06-09,Morning,M03,Microstop,Vision retry,9.94,0
DT-0003185,WO-001330,2025-06-09,Morning,M03,Material,Material shortage,22.94,0
DT-0003186,WO-001331,2025-06-09,Afternoon,M03,Microstop,Material jam,4.17,0
DT-0003187,WO-001331,2025-06-09,Afternoon,M03,Material,Material shortage,12.76,0
DT-0003188,WO-001331,2025-06-09,Afternoon,M03,Breakdown,Sensor fault,37.12,0
DT-0003189,WO-001332,2025-06-09,Morning,M04,Changeover,Fixture setup,25.09,0
DT-0003190,WO-001332,2025-06-09,Morning,M04,Changeover,Fixture setup,7.56,0
DT-0003191,WO-001332,2025-06-09,Morning,M04,Changeover,Fixture setup,16.88,0
DT-0003192,WO-001332,2025-06-09,Morning,M04,Changeover,Fixture setup,55.32,0
DT-0003193,WO-001332,2025-06-09,Morning,M04,Breakdown,Mechanical fault,12.54,0
DT-0003194,WO-001333,2025-06-09,Afternoon,M04,Changeover,Fixture setup,15.7,0
DT-0003195,WO-001333,2025-06-09,Afternoon,M04,Changeover,Planned changeover,31.01,1
DT-0003196,WO-001333,2025-06-09,Afternoon,M04,Planned,Calibration,63.73,1
DT-0003197,WO-001334,2025-06-09,Morning,M05,Microstop,Vision retry,39.27,0
DT-0003198,WO-001335,2025-06-09,Afternoon,M05,Changeover,Tooling change,5.8,0
DT-0003199,WO-001335,2025-06-09,Afternoon,M05,Changeover,Tooling change,3.14,0
DT-0003200,WO-001335,2025-06-09,Afternoon,M05,Process,Parameter adjustment,49.97,0
DT-0003201,WO-001336,2025-06-09,Morning,M06,Process,Parameter adjustment,20.21,0
DT-0003202,WO-001336,2025-06-09,Morning,M06,Breakdown,Sensor fault,6.78,0
DT-0003203,WO-001337,2025-06-09,Afternoon,M06,Changeover,Tooling change,34.43,0
DT-0003204,WO-001338,2025-06-10,Morning,M01,Planned,Calibration,49.43,1
DT-0003205,WO-001338,2025-06-10,Morning,M01,Microstop,Vision retry,2.59,0
DT-0003206,WO-001339,2025-06-10,Afternoon,M01,Breakdown,Mechanical fault,54.94,0
DT-0003207,WO-001340,2025-06-10,Morning,M02,Changeover,Planned changeover,7.7,1
DT-0003208,WO-001340,2025-06-10,Morning,M02,Material,Material shortage,32.69,0
DT-0003209,WO-001340,2025-06-10,Morning,M02,Breakdown,Mechanical fault,1.59,0
DT-0003210,WO-001341,2025-06-10,Afternoon,M02,Microstop,Material jam,72.13,0
DT-0003211,WO-001342,2025-06-10,Morning,M03,Breakdown,Sensor fault,13.26,0
DT-0003212,WO-001342,2025-06-10,Morning,M03,Breakdown,Sensor fault,20.11,0
DT-0003213,WO-001343,2025-06-10,Afternoon,M03,Microstop,Material jam,11.55,0
DT-0003214,WO-001343,2025-06-10,Afternoon,M03,Material,Material shortage,32.03,0
DT-0003215,WO-001344,2025-06-10,Morning,M04,Changeover,Fixture setup,110.92,0
DT-0003216,WO-001345,2025-06-10,Afternoon,M04,Changeover,Fixture setup,41.4,0
DT-0003217,WO-001345,2025-06-10,Afternoon,M04,Breakdown,Sensor fault,53.05,0
DT-0003218,WO-001346,2025-06-10,Morning,M05,Changeover,Tooling change,34.75,0
DT-0003219,WO-001346,2025-06-10,Morning,M05,Changeover,Planned changeover,20.09,1
DT-0003220,WO-001347,2025-06-10,Afternoon,M05,Microstop,Vision retry,30.7,0
DT-0003221,WO-001347,2025-06-10,Afternoon,M05,Microstop,Material jam,16.49,0
DT-0003222,WO-001348,2025-06-10,Morning,M06,Changeover,Planned changeover,21.48,1
DT-0003223,WO-001349,2025-06-10,Afternoon,M06,Changeover,Tooling change,0.96,0
DT-0003224,WO-001349,2025-06-10,Afternoon,M06,Breakdown,Mechanical fault,9.45,0
DT-0003225,WO-001349,2025-06-10,Afternoon,M06,Material,Material shortage,0.96,0
DT-0003226,WO-001349,2025-06-10,Afternoon,M06,Material,Material shortage,4.89,0
DT-0003227,WO-001349,2025-06-10,Afternoon,M06,Breakdown,Sensor fault,7.08,0
DT-0003228,WO-001350,2025-06-11,Morning,M01,Planned,Calibration,12.4,1
DT-0003229,WO-001350,2025-06-11,Morning,M01,Material,Material shortage,2.86,0
DT-0003230,WO-001350,2025-06-11,Morning,M01,Changeover,Planned changeover,20.41,1
DT-0003231,WO-001351,2025-06-11,Afternoon,M01,Planned,Calibration,53.4,1
DT-0003232,WO-001352,2025-06-11,Morning,M02,Material,Material shortage,32.7,0
DT-0003233,WO-001353,2025-06-11,Afternoon,M02,Changeover,Tooling change,42.0,0
DT-0003234,WO-001353,2025-06-11,Afternoon,M02,Microstop,Vision retry,3.53,0
DT-0003235,WO-001353,2025-06-11,Afternoon,M02,Microstop,Material jam,8.13,0
DT-0003236,WO-001353,2025-06-11,Afternoon,M02,Process,Parameter adjustment,25.61,0
DT-0003237,WO-001353,2025-06-11,Afternoon,M02,Microstop,Vision retry,6.5,0
DT-0003238,WO-001354,2025-06-11,Morning,M03,Breakdown,Mechanical fault,33.44,0
DT-0003239,WO-001354,2025-06-11,Morning,M03,Microstop,Vision retry,1.0,0
DT-0003240,WO-001354,2025-06-11,Morning,M03,Planned,Preventive maintenance,6.1,1
DT-0003241,WO-001355,2025-06-11,Afternoon,M03,Material,Material shortage,16.39,0
DT-0003242,WO-001355,2025-06-11,Afternoon,M03,Breakdown,Mechanical fault,1.59,0
DT-0003243,WO-001355,2025-06-11,Afternoon,M03,Planned,Preventive maintenance,17.3,1
DT-0003244,WO-001356,2025-06-11,Morning,M04,Breakdown,Robot recovery,116.57,0
DT-0003245,WO-001357,2025-06-11,Afternoon,M04,Changeover,Planned changeover,4.41,1
DT-0003246,WO-001357,2025-06-11,Afternoon,M04,Microstop,Vision retry,125.82,0
DT-0003247,WO-001358,2025-06-11,Morning,M05,Changeover,Tooling change,10.84,0
DT-0003248,WO-001358,2025-06-11,Morning,M05,Microstop,Material jam,31.09,0
DT-0003249,WO-001358,2025-06-11,Morning,M05,Changeover,Tooling change,8.93,0
DT-0003250,WO-001359,2025-06-11,Afternoon,M05,Microstop,Material jam,33.67,0
DT-0003251,WO-001359,2025-06-11,Afternoon,M05,Microstop,Vision retry,9.84,0
DT-0003252,WO-001359,2025-06-11,Afternoon,M05,Microstop,Vision retry,6.7,0
DT-0003253,WO-001359,2025-06-11,Afternoon,M05,Breakdown,Sensor fault,13.47,0
DT-0003254,WO-001360,2025-06-11,Morning,M06,Changeover,Planned changeover,1.08,1
DT-0003255,WO-001360,2025-06-11,Morning,M06,Material,Material shortage,6.79,0
DT-0003256,WO-001360,2025-06-11,Morning,M06,Breakdown,Mechanical fault,22.05,0
DT-0003257,WO-001360,2025-06-11,Morning,M06,Microstop,Material jam,5.05,0
DT-0003258,WO-001361,2025-06-11,Afternoon,M06,Process,Parameter adjustment,51.23,0
DT-0003259,WO-001362,2025-06-12,Morning,M01,Process,Parameter adjustment,13.98,0
DT-0003260,WO-001362,2025-06-12,Morning,M01,Breakdown,Mechanical fault,14.46,0
DT-0003261,WO-001362,2025-06-12,Morning,M01,Changeover,Tooling change,4.65,0
DT-0003262,WO-001362,2025-06-12,Morning,M01,Material,Material shortage,21.54,0
DT-0003263,WO-001363,2025-06-12,Afternoon,M01,Process,Parameter adjustment,4.9,0
DT-0003264,WO-001363,2025-06-12,Afternoon,M01,Breakdown,Mechanical fault,16.25,0
DT-0003265,WO-001363,2025-06-12,Afternoon,M01,Planned,Preventive maintenance,0.99,1
DT-0003266,WO-001363,2025-06-12,Afternoon,M01,Planned,Calibration,31.72,1
DT-0003267,WO-001364,2025-06-12,Morning,M02,Breakdown,Sensor fault,23.71,0
DT-0003268,WO-001364,2025-06-12,Morning,M02,Microstop,Vision retry,42.95,0
DT-0003269,WO-001365,2025-06-12,Afternoon,M02,Microstop,Material jam,12.29,0
DT-0003270,WO-001365,2025-06-12,Afternoon,M02,Breakdown,Sensor fault,5.41,0
DT-0003271,WO-001365,2025-06-12,Afternoon,M02,Changeover,Tooling change,0.98,0
DT-0003272,WO-001365,2025-06-12,Afternoon,M02,Changeover,Tooling change,21.02,0
DT-0003273,WO-001365,2025-06-12,Afternoon,M02,Changeover,Planned changeover,8.38,1
DT-0003274,WO-001366,2025-06-12,Morning,M03,Breakdown,Sensor fault,24.18,0
DT-0003275,WO-001366,2025-06-12,Morning,M03,Microstop,Material jam,7.74,0
DT-0003276,WO-001367,2025-06-12,Afternoon,M03,Changeover,Tooling change,14.48,0
DT-0003277,WO-001367,2025-06-12,Afternoon,M03,Microstop,Vision retry,14.3,0
DT-0003278,WO-001367,2025-06-12,Afternoon,M03,Breakdown,Sensor fault,4.93,0
DT-0003279,WO-001368,2025-06-12,Morning,M04,Breakdown,Robot recovery,90.12,0
DT-0003280,WO-001369,2025-06-12,Afternoon,M04,Process,Weld parameter adjustment,110.68,0
DT-0003281,WO-001370,2025-06-12,Morning,M05,Microstop,Vision retry,10.83,0
DT-0003282,WO-001370,2025-06-12,Morning,M05,Changeover,Tooling change,12.86,0
DT-0003283,WO-001370,2025-06-12,Morning,M05,Microstop,Vision retry,15.04,0
DT-0003284,WO-001370,2025-06-12,Morning,M05,Process,Parameter adjustment,7.49,0
DT-0003285,WO-001371,2025-06-12,Afternoon,M05,Changeover,Tooling change,12.56,0
DT-0003286,WO-001371,2025-06-12,Afternoon,M05,Breakdown,Sensor fault,28.91,0
DT-0003287,WO-001372,2025-06-12,Morning,M06,Process,Parameter adjustment,15.62,0
DT-0003288,WO-001372,2025-06-12,Morning,M06,Process,Parameter adjustment,2.24,0
DT-0003289,WO-001372,2025-06-12,Morning,M06,Material,Material shortage,2.99,0
DT-0003290,WO-001373,2025-06-12,Afternoon,M06,Breakdown,Mechanical fault,1.19,0
DT-0003291,WO-001373,2025-06-12,Afternoon,M06,Microstop,Vision retry,9.95,0
DT-0003292,WO-001373,2025-06-12,Afternoon,M06,Changeover,Planned changeover,2.61,1
DT-0003293,WO-001373,2025-06-12,Afternoon,M06,Material,Material shortage,21.1,0
DT-0003294,WO-001374,2025-06-13,Morning,M01,Planned,Calibration,29.72,1
DT-0003295,WO-001374,2025-06-13,Morning,M01,Changeover,Planned changeover,1.89,1
DT-0003296,WO-001375,2025-06-13,Afternoon,M01,Breakdown,Mechanical fault,22.37,0
DT-0003297,WO-001375,2025-06-13,Afternoon,M01,Material,Material shortage,47.69,0
DT-0003298,WO-001375,2025-06-13,Afternoon,M01,Breakdown,Mechanical fault,5.34,0
DT-0003299,WO-001376,2025-06-13,Morning,M02,Breakdown,Mechanical fault,46.75,0
DT-0003300,WO-001377,2025-06-13,Afternoon,M02,Material,Material shortage,9.87,0
DT-0003301,WO-001377,2025-06-13,Afternoon,M02,Changeover,Planned changeover,27.12,1
DT-0003302,WO-001377,2025-06-13,Afternoon,M02,Changeover,Planned changeover,9.63,1
DT-0003303,WO-001377,2025-06-13,Afternoon,M02,Microstop,Vision retry,21.55,0
DT-0003304,WO-001378,2025-06-13,Morning,M03,Process,Parameter adjustment,2.61,0
DT-0003305,WO-001378,2025-06-13,Morning,M03,Microstop,Material jam,9.12,0
DT-0003306,WO-001378,2025-06-13,Morning,M03,Breakdown,Sensor fault,23.82,0
DT-0003307,WO-001379,2025-06-13,Afternoon,M03,Breakdown,Mechanical fault,21.42,0
DT-0003308,WO-001379,2025-06-13,Afternoon,M03,Breakdown,Sensor fault,19.01,0
DT-0003309,WO-001379,2025-06-13,Afternoon,M03,Process,Parameter adjustment,15.45,0
DT-0003310,WO-001380,2025-06-13,Morning,M04,Changeover,Fixture setup,47.2,0
DT-0003311,WO-001380,2025-06-13,Morning,M04,Breakdown,Wire feeder fault,0.99,0
DT-0003312,WO-001380,2025-06-13,Morning,M04,Process,Parameter adjustment,16.29,0
DT-0003313,WO-001380,2025-06-13,Morning,M04,Changeover,Fixture setup,12.03,0
DT-0003314,WO-001380,2025-06-13,Morning,M04,Microstop,Vision retry,6.39,0
DT-0003315,WO-001381,2025-06-13,Afternoon,M04,Planned,Calibration,101.65,1
DT-0003316,WO-001382,2025-06-13,Morning,M05,Material,Material shortage,24.72,0
DT-0003317,WO-001382,2025-06-13,Morning,M05,Material,Material shortage,26.67,0
DT-0003318,WO-001383,2025-06-13,Afternoon,M05,Breakdown,Sensor fault,55.62,0
DT-0003319,WO-001384,2025-06-13,Morning,M06,Planned,Preventive maintenance,8.65,1
DT-0003320,WO-001384,2025-06-13,Morning,M06,Microstop,Material jam,17.96,0
DT-0003321,WO-001385,2025-06-13,Afternoon,M06,Material,Material shortage,27.14,0
DT-0003322,WO-001386,2025-06-16,Morning,M01,Process,Parameter adjustment,59.43,0
DT-0003323,WO-001387,2025-06-16,Afternoon,M01,Microstop,Material jam,59.56,0
DT-0003324,WO-001388,2025-06-16,Morning,M02,Microstop,Material jam,50.95,0
DT-0003325,WO-001388,2025-06-16,Morning,M02,Changeover,Planned changeover,1.67,1
DT-0003326,WO-001389,2025-06-16,Afternoon,M02,Breakdown,Sensor fault,24.3,0
DT-0003327,WO-001389,2025-06-16,Afternoon,M02,Planned,Calibration,42.21,1
DT-0003328,WO-001390,2025-06-16,Morning,M03,Process,Parameter adjustment,53.78,0
DT-0003329,WO-001391,2025-06-16,Afternoon,M03,Material,Material shortage,8.49,0
DT-0003330,WO-001391,2025-06-16,Afternoon,M03,Changeover,Tooling change,1.29,0
DT-0003331,WO-001391,2025-06-16,Afternoon,M03,Changeover,Tooling change,21.86,0
DT-0003332,WO-001391,2025-06-16,Afternoon,M03,Material,Material shortage,18.69,0
DT-0003333,WO-001392,2025-06-16,Morning,M04,Changeover,Fixture setup,70.03,0
DT-0003334,WO-001392,2025-06-16,Morning,M04,Breakdown,Mechanical fault,34.37,0
DT-0003335,WO-001393,2025-06-16,Afternoon,M04,Microstop,Torch cleaning,73.07,0
DT-0003336,WO-001393,2025-06-16,Afternoon,M04,Breakdown,Robot recovery,0.99,0
DT-0003337,WO-001393,2025-06-16,Afternoon,M04,Changeover,Fixture setup,6.17,0
DT-0003338,WO-001393,2025-06-16,Afternoon,M04,Changeover,Planned changeover,23.64,1
DT-0003339,WO-001394,2025-06-16,Morning,M05,Breakdown,Mechanical fault,29.73,0
DT-0003340,WO-001394,2025-06-16,Morning,M05,Process,Parameter adjustment,10.57,0
DT-0003341,WO-001395,2025-06-16,Afternoon,M05,Microstop,Material jam,69.52,0
DT-0003342,WO-001396,2025-06-16,Morning,M06,Changeover,Tooling change,39.85,0
DT-0003343,WO-001397,2025-06-16,Afternoon,M06,Planned,Preventive maintenance,42.69,1
DT-0003344,WO-001398,2025-06-17,Morning,M01,Breakdown,Sensor fault,20.92,0
DT-0003345,WO-001398,2025-06-17,Morning,M01,Changeover,Planned changeover,18.53,1
DT-0003346,WO-001398,2025-06-17,Morning,M01,Process,Parameter adjustment,0.99,0
DT-0003347,WO-001399,2025-06-17,Afternoon,M01,Microstop,Material jam,49.42,0
DT-0003348,WO-001400,2025-06-17,Morning,M02,Microstop,Vision retry,3.03,0
DT-0003349,WO-001400,2025-06-17,Morning,M02,Microstop,Material jam,2.15,0
DT-0003350,WO-001400,2025-06-17,Morning,M02,Microstop,Vision retry,49.86,0
DT-0003351,WO-001400,2025-06-17,Morning,M02,Breakdown,Sensor fault,4.8,0
DT-0003352,WO-001401,2025-06-17,Afternoon,M02,Microstop,Vision retry,49.69,0
DT-0003353,WO-001401,2025-06-17,Afternoon,M02,Microstop,Material jam,0.99,0
DT-0003354,WO-001401,2025-06-17,Afternoon,M02,Microstop,Vision retry,8.94,0
DT-0003355,WO-001402,2025-06-17,Morning,M03,Breakdown,Mechanical fault,16.5,0
DT-0003356,WO-001402,2025-06-17,Morning,M03,Process,Parameter adjustment,3.04,0
DT-0003357,WO-001403,2025-06-17,Afternoon,M03,Planned,Preventive maintenance,10.12,1
DT-0003358,WO-001403,2025-06-17,Afternoon,M03,Breakdown,Sensor fault,15.48,0
DT-0003359,WO-001403,2025-06-17,Afternoon,M03,Material,Material shortage,34.56,0
DT-0003360,WO-001404,2025-06-17,Morning,M04,Microstop,Vision retry,91.78,0
DT-0003361,WO-001405,2025-06-17,Afternoon,M04,Changeover,Planned changeover,69.69,1
DT-0003362,WO-001405,2025-06-17,Afternoon,M04,Breakdown,Robot recovery,42.08,0
DT-0003363,WO-001405,2025-06-17,Afternoon,M04,Planned,Preventive maintenance,1.0,1
DT-0003364,WO-001406,2025-06-17,Morning,M05,Changeover,Tooling change,49.88,0
DT-0003365,WO-001407,2025-06-17,Afternoon,M05,Microstop,Vision retry,0.99,0
DT-0003366,WO-001407,2025-06-17,Afternoon,M05,Material,Material shortage,31.03,0
DT-0003367,WO-001407,2025-06-17,Afternoon,M05,Material,Material shortage,20.77,0
DT-0003368,WO-001408,2025-06-17,Morning,M06,Breakdown,Sensor fault,2.39,0
DT-0003369,WO-001408,2025-06-17,Morning,M06,Microstop,Material jam,22.34,0
DT-0003370,WO-001408,2025-06-17,Morning,M06,Changeover,Tooling change,13.85,0
DT-0003371,WO-001409,2025-06-17,Afternoon,M06,Planned,Calibration,2.16,1
DT-0003372,WO-001409,2025-06-17,Afternoon,M06,Changeover,Planned changeover,3.07,1
DT-0003373,WO-001409,2025-06-17,Afternoon,M06,Microstop,Vision retry,6.14,0
DT-0003374,WO-001409,2025-06-17,Afternoon,M06,Material,Material shortage,2.13,0
DT-0003375,WO-001409,2025-06-17,Afternoon,M06,Material,Material shortage,14.3,0
DT-0003376,WO-001410,2025-06-18,Morning,M01,Changeover,Planned changeover,0.99,1
DT-0003377,WO-001410,2025-06-18,Morning,M01,Material,Material shortage,9.1,0
DT-0003378,WO-001410,2025-06-18,Morning,M01,Process,Parameter adjustment,35.74,0
DT-0003379,WO-001411,2025-06-18,Morning,M02,Changeover,Planned changeover,1.29,1
DT-0003380,WO-001411,2025-06-18,Morning,M02,Changeover,Tooling change,15.29,0
DT-0003381,WO-001411,2025-06-18,Morning,M02,Planned,Preventive maintenance,36.69,1
DT-0003382,WO-001412,2025-06-18,Afternoon,M02,Process,Parameter adjustment,71.59,0
DT-0003383,WO-001412,2025-06-18,Afternoon,M02,Changeover,Tooling change,2.33,0
DT-0003384,WO-001413,2025-06-18,Morning,M03,Process,Parameter adjustment,6.33,0
DT-0003385,WO-001413,2025-06-18,Morning,M03,Changeover,Tooling change,0.99,0
DT-0003386,WO-001413,2025-06-18,Morning,M03,Material,Material shortage,15.82,0
DT-0003387,WO-001413,2025-06-18,Morning,M03,Material,Material shortage,24.85,0
DT-0003388,WO-001414,2025-06-18,Afternoon,M03,Process,Parameter adjustment,25.02,0
DT-0003389,WO-001414,2025-06-18,Afternoon,M03,Planned,Preventive maintenance,24.98,1
DT-0003390,WO-001415,2025-06-18,Morning,M04,Breakdown,Wire feeder fault,112.12,0
DT-0003391,WO-001416,2025-06-18,Afternoon,M04,Changeover,Fixture setup,47.5,0
DT-0003392,WO-001416,2025-06-18,Afternoon,M04,Breakdown,Wire feeder fault,30.49,0
DT-0003393,WO-001416,2025-06-18,Afternoon,M04,Breakdown,Sensor fault,45.24,0
DT-0003394,WO-001417,2025-06-18,Morning,M05,Process,Parameter adjustment,36.54,0
DT-0003395,WO-001417,2025-06-18,Morning,M05,Microstop,Material jam,29.16,0
DT-0003396,WO-001418,2025-06-18,Afternoon,M05,Microstop,Vision retry,71.23,0
DT-0003397,WO-001419,2025-06-18,Morning,M06,Process,Parameter adjustment,42.8,0
DT-0003398,WO-001420,2025-06-18,Afternoon,M06,Planned,Preventive maintenance,40.16,1
DT-0003399,WO-001421,2025-06-19,Morning,M01,Microstop,Vision retry,15.13,0
DT-0003400,WO-001421,2025-06-19,Morning,M01,Process,Parameter adjustment,30.84,0
DT-0003401,WO-001422,2025-06-19,Afternoon,M01,Material,Material shortage,52.41,0
DT-0003402,WO-001423,2025-06-19,Morning,M02,Breakdown,Mechanical fault,28.66,0
DT-0003403,WO-001423,2025-06-19,Morning,M02,Breakdown,Mechanical fault,29.58,0
DT-0003404,WO-001424,2025-06-19,Afternoon,M02,Breakdown,Sensor fault,48.84,0
DT-0003405,WO-001424,2025-06-19,Afternoon,M02,Microstop,Vision retry,14.21,0
DT-0003406,WO-001425,2025-06-19,Morning,M03,Changeover,Tooling change,28.32,0
DT-0003407,WO-001426,2025-06-19,Afternoon,M03,Planned,Preventive maintenance,25.0,1
DT-0003408,WO-001426,2025-06-19,Afternoon,M03,Process,Parameter adjustment,17.06,0
DT-0003409,WO-001426,2025-06-19,Afternoon,M03,Planned,Calibration,7.72,1
DT-0003410,WO-001427,2025-06-19,Morning,M04,Microstop,Torch cleaning,55.3,0
DT-0003411,WO-001427,2025-06-19,Morning,M04,Changeover,Fixture setup,57.67,0
DT-0003412,WO-001428,2025-06-19,Afternoon,M04,Changeover,Fixture setup,14.28,0
DT-0003413,WO-001428,2025-06-19,Afternoon,M04,Breakdown,Wire feeder fault,88.13,0
DT-0003414,WO-001429,2025-06-19,Morning,M05,Changeover,Planned changeover,45.93,1
DT-0003415,WO-001429,2025-06-19,Morning,M05,Planned,Calibration,16.04,1
DT-0003416,WO-001430,2025-06-19,Afternoon,M05,Process,Parameter adjustment,24.14,0
DT-0003417,WO-001430,2025-06-19,Afternoon,M05,Breakdown,Mechanical fault,1.49,0
DT-0003418,WO-001430,2025-06-19,Afternoon,M05,Breakdown,Sensor fault,22.49,0
DT-0003419,WO-001431,2025-06-19,Morning,M06,Process,Parameter adjustment,1.86,0
DT-0003420,WO-001431,2025-06-19,Morning,M06,Material,Material shortage,4.61,0
DT-0003421,WO-001431,2025-06-19,Morning,M06,Breakdown,Sensor fault,10.63,0
DT-0003422,WO-001431,2025-06-19,Morning,M06,Microstop,Vision retry,2.02,0
DT-0003423,WO-001431,2025-06-19,Morning,M06,Microstop,Vision retry,6.89,0
DT-0003424,WO-001432,2025-06-19,Afternoon,M06,Breakdown,Mechanical fault,10.4,0
DT-0003425,WO-001432,2025-06-19,Afternoon,M06,Changeover,Tooling change,29.0,0
DT-0003426,WO-001432,2025-06-19,Afternoon,M06,Planned,Calibration,3.97,1
DT-0003427,WO-001432,2025-06-19,Afternoon,M06,Material,Material shortage,1.27,0
DT-0003428,WO-001432,2025-06-19,Afternoon,M06,Material,Material shortage,11.89,0
DT-0003429,WO-001433,2025-06-20,Morning,M01,Changeover,Tooling change,1.63,0
DT-0003430,WO-001433,2025-06-20,Morning,M01,Breakdown,Sensor fault,0.96,0
DT-0003431,WO-001433,2025-06-20,Morning,M01,Changeover,Tooling change,14.14,0
DT-0003432,WO-001434,2025-06-20,Afternoon,M01,Changeover,Tooling change,54.09,0
DT-0003433,WO-001435,2025-06-20,Afternoon,M02,Planned,Preventive maintenance,78.47,1
DT-0003434,WO-001436,2025-06-20,Morning,M03,Changeover,Tooling change,20.87,0
DT-0003435,WO-001436,2025-06-20,Morning,M03,Material,Material shortage,5.13,0
DT-0003436,WO-001437,2025-06-20,Afternoon,M03,Changeover,Tooling change,42.8,0
DT-0003437,WO-001438,2025-06-20,Morning,M04,Changeover,Fixture setup,114.16,0
DT-0003438,WO-001439,2025-06-20,Afternoon,M04,Changeover,Fixture setup,45.03,0
DT-0003439,WO-001439,2025-06-20,Afternoon,M04,Process,Weld parameter adjustment,74.68,0
DT-0003440,WO-001440,2025-06-20,Morning,M05,Microstop,Vision retry,37.27,0
DT-0003441,WO-001441,2025-06-20,Afternoon,M05,Microstop,Vision retry,19.38,0
DT-0003442,WO-001441,2025-06-20,Afternoon,M05,Breakdown,Sensor fault,34.69,0
DT-0003443,WO-001442,2025-06-20,Morning,M06,Changeover,Planned changeover,29.81,1
DT-0003444,WO-001443,2025-06-20,Afternoon,M06,Breakdown,Mechanical fault,28.7,0
DT-0003445,WO-001443,2025-06-20,Afternoon,M06,Microstop,Vision retry,7.01,0
DT-0003446,WO-001443,2025-06-20,Afternoon,M06,Microstop,Vision retry,9.11,0
DT-0003447,WO-001444,2025-06-23,Morning,M01,Microstop,Vision retry,16.17,0
DT-0003448,WO-001444,2025-06-23,Morning,M01,Material,Material shortage,24.21,0
DT-0003449,WO-001444,2025-06-23,Morning,M01,Process,Parameter adjustment,10.37,0
DT-0003450,WO-001445,2025-06-23,Afternoon,M01,Breakdown,Sensor fault,50.77,0
DT-0003451,WO-001446,2025-06-23,Morning,M02,Breakdown,Mechanical fault,47.89,0
DT-0003452,WO-001447,2025-06-23,Afternoon,M02,Microstop,Vision retry,37.82,0
DT-0003453,WO-001447,2025-06-23,Afternoon,M02,Breakdown,Sensor fault,26.02,0
DT-0003454,WO-001448,2025-06-23,Morning,M03,Planned,Calibration,42.2,1
DT-0003455,WO-001448,2025-06-23,Morning,M03,Planned,Preventive maintenance,12.05,1
DT-0003456,WO-001449,2025-06-23,Afternoon,M03,Planned,Calibration,41.82,1
DT-0003457,WO-001449,2025-06-23,Afternoon,M03,Changeover,Tooling change,9.24,0
DT-0003458,WO-001450,2025-06-23,Morning,M04,Planned,Calibration,78.3,1
DT-0003459,WO-001450,2025-06-23,Morning,M04,Breakdown,Robot recovery,13.77,0
DT-0003460,WO-001451,2025-06-23,Afternoon,M04,Process,Parameter adjustment,95.14,0
DT-0003461,WO-001451,2025-06-23,Afternoon,M04,Changeover,Fixture setup,26.68,0
DT-0003462,WO-001451,2025-06-23,Afternoon,M04,Changeover,Fixture setup,3.57,0
DT-0003463,WO-001452,2025-06-23,Morning,M05,Microstop,Vision retry,42.25,0
DT-0003464,WO-001453,2025-06-23,Afternoon,M05,Planned,Preventive maintenance,50.85,1
DT-0003465,WO-001453,2025-06-23,Afternoon,M05,Process,Parameter adjustment,14.78,0
DT-0003466,WO-001454,2025-06-23,Morning,M06,Breakdown,Sensor fault,8.04,0
DT-0003467,WO-001454,2025-06-23,Morning,M06,Process,Parameter adjustment,5.08,0
DT-0003468,WO-001455,2025-06-23,Afternoon,M06,Planned,Calibration,5.29,1
DT-0003469,WO-001455,2025-06-23,Afternoon,M06,Changeover,Planned changeover,1.02,1
DT-0003470,WO-001455,2025-06-23,Afternoon,M06,Changeover,Tooling change,29.26,0
DT-0003471,WO-001456,2025-06-24,Morning,M01,Material,Material shortage,53.67,0
DT-0003472,WO-001456,2025-06-24,Morning,M01,Microstop,Vision retry,0.99,0
DT-0003473,WO-001457,2025-06-24,Afternoon,M01,Microstop,Vision retry,5.25,0
DT-0003474,WO-001457,2025-06-24,Afternoon,M01,Breakdown,Mechanical fault,7.78,0
DT-0003475,WO-001457,2025-06-24,Afternoon,M01,Breakdown,Mechanical fault,14.14,0
DT-0003476,WO-001457,2025-06-24,Afternoon,M01,Microstop,Material jam,2.07,0
DT-0003477,WO-001457,2025-06-24,Afternoon,M01,Microstop,Material jam,22.45,0
DT-0003478,WO-001458,2025-06-24,Morning,M02,Microstop,Material jam,50.14,0
DT-0003479,WO-001459,2025-06-24,Afternoon,M02,Process,Parameter adjustment,88.78,0
DT-0003480,WO-001460,2025-06-24,Morning,M03,Microstop,Vision retry,28.39,0
DT-0003481,WO-001460,2025-06-24,Morning,M03,Microstop,Vision retry,7.81,0
DT-0003482,WO-001461,2025-06-24,Afternoon,M03,Process,Parameter adjustment,10.49,0
DT-0003483,WO-001461,2025-06-24,Afternoon,M03,Breakdown,Mechanical fault,43.69,0
DT-0003484,WO-001462,2025-06-24,Morning,M04,Microstop,Vision retry,69.5,0
DT-0003485,WO-001462,2025-06-24,Morning,M04,Process,Parameter adjustment,3.69,0
DT-0003486,WO-001462,2025-06-24,Morning,M04,Planned,Calibration,25.94,1
DT-0003487,WO-001463,2025-06-24,Afternoon,M04,Changeover,Fixture setup,93.92,0
DT-0003488,WO-001463,2025-06-24,Afternoon,M04,Breakdown,Robot recovery,0.99,0
DT-0003489,WO-001464,2025-06-24,Morning,M05,Breakdown,Mechanical fault,41.93,0
DT-0003490,WO-001465,2025-06-24,Afternoon,M05,Changeover,Tooling change,41.74,0
DT-0003491,WO-001466,2025-06-24,Morning,M06,Microstop,Material jam,6.51,0
DT-0003492,WO-001466,2025-06-24,Morning,M06,Material,Material shortage,4.32,0
DT-0003493,WO-001466,2025-06-24,Morning,M06,Planned,Preventive maintenance,4.87,1
DT-0003494,WO-001466,2025-06-24,Morning,M06,Microstop,Vision retry,1.29,0
DT-0003495,WO-001466,2025-06-24,Morning,M06,Changeover,Tooling change,16.36,0
DT-0003496,WO-001467,2025-06-24,Afternoon,M06,Changeover,Tooling change,40.78,0
DT-0003497,WO-001468,2025-06-25,Morning,M01,Microstop,Vision retry,67.04,0
DT-0003498,WO-001469,2025-06-25,Afternoon,M01,Material,Material shortage,14.93,0
DT-0003499,WO-001469,2025-06-25,Afternoon,M01,Planned,Calibration,49.25,1
DT-0003500,WO-001470,2025-06-25,Morning,M02,Planned,Preventive maintenance,33.27,1
DT-0003501,WO-001471,2025-06-25,Afternoon,M02,Process,Parameter adjustment,80.15,0
DT-0003502,WO-001472,2025-06-25,Morning,M03,Process,Parameter adjustment,4.52,0
DT-0003503,WO-001472,2025-06-25,Morning,M03,Changeover,Tooling change,21.81,0
DT-0003504,WO-001472,2025-06-25,Morning,M03,Microstop,Material jam,18.17,0
DT-0003505,WO-001473,2025-06-25,Afternoon,M03,Breakdown,Sensor fault,54.39,0
DT-0003506,WO-001474,2025-06-25,Morning,M04,Breakdown,Wire feeder fault,17.59,0
DT-0003507,WO-001474,2025-06-25,Morning,M04,Breakdown,Robot recovery,85.59,0
DT-0003508,WO-001475,2025-06-25,Afternoon,M04,Process,Weld parameter adjustment,2.56,0
DT-0003509,WO-001475,2025-06-25,Afternoon,M04,Microstop,Torch cleaning,21.1,0
DT-0003510,WO-001475,2025-06-25,Afternoon,M04,Planned,Preventive maintenance,96.95,1
DT-0003511,WO-001476,2025-06-25,Morning,M05,Material,Material shortage,41.61,0
DT-0003512,WO-001477,2025-06-25,Afternoon,M05,Microstop,Material jam,1.76,0
DT-0003513,WO-001477,2025-06-25,Afternoon,M05,Breakdown,Mechanical fault,35.8,0
DT-0003514,WO-001478,2025-06-25,Morning,M06,Breakdown,Mechanical fault,11.6,0
DT-0003515,WO-001478,2025-06-25,Morning,M06,Process,Parameter adjustment,3.33,0
DT-0003516,WO-001478,2025-06-25,Morning,M06,Breakdown,Mechanical fault,1.62,0
DT-0003517,WO-001479,2025-06-25,Afternoon,M06,Material,Material shortage,23.22,0
DT-0003518,WO-001480,2025-06-26,Morning,M01,Breakdown,Mechanical fault,9.68,0
DT-0003519,WO-001480,2025-06-26,Morning,M01,Material,Material shortage,26.55,0
DT-0003520,WO-001481,2025-06-26,Afternoon,M01,Breakdown,Mechanical fault,23.47,0
DT-0003521,WO-001481,2025-06-26,Afternoon,M01,Microstop,Material jam,0.99,0
DT-0003522,WO-001482,2025-06-26,Morning,M02,Breakdown,Mechanical fault,3.75,0
DT-0003523,WO-001482,2025-06-26,Morning,M02,Planned,Calibration,12.97,1
DT-0003524,WO-001482,2025-06-26,Morning,M02,Planned,Preventive maintenance,22.41,1
DT-0003525,WO-001482,2025-06-26,Morning,M02,Microstop,Vision retry,14.96,0
DT-0003526,WO-001483,2025-06-26,Afternoon,M02,Breakdown,Sensor fault,55.04,0
DT-0003527,WO-001484,2025-06-26,Morning,M03,Microstop,Vision retry,36.29,0
DT-0003528,WO-001485,2025-06-26,Afternoon,M03,Microstop,Material jam,5.38,0
DT-0003529,WO-001485,2025-06-26,Afternoon,M03,Microstop,Material jam,10.54,0
DT-0003530,WO-001485,2025-06-26,Afternoon,M03,Process,Parameter adjustment,22.73,0
DT-0003531,WO-001486,2025-06-26,Morning,M04,Breakdown,Robot recovery,112.59,0
DT-0003532,WO-001487,2025-06-26,Afternoon,M04,Changeover,Fixture setup,114.21,0
DT-0003533,WO-001488,2025-06-26,Morning,M05,Material,Material shortage,6.9,0
DT-0003534,WO-001488,2025-06-26,Morning,M05,Breakdown,Sensor fault,34.21,0
DT-0003535,WO-001489,2025-06-26,Afternoon,M05,Planned,Preventive maintenance,0.99,1
DT-0003536,WO-001489,2025-06-26,Afternoon,M05,Material,Material shortage,40.84,0
DT-0003537,WO-001489,2025-06-26,Afternoon,M05,Material,Material shortage,11.59,0
DT-0003538,WO-001489,2025-06-26,Afternoon,M05,Microstop,Vision retry,2.91,0
DT-0003539,WO-001490,2025-06-26,Morning,M06,Microstop,Vision retry,14.03,0
DT-0003540,WO-001490,2025-06-26,Morning,M06,Breakdown,Sensor fault,14.74,0
DT-0003541,WO-001491,2025-06-26,Afternoon,M06,Planned,Calibration,28.85,1
DT-0003542,WO-001492,2025-06-27,Morning,M01,Changeover,Planned changeover,18.12,1
DT-0003543,WO-001492,2025-06-27,Morning,M01,Planned,Calibration,40.64,1
DT-0003544,WO-001493,2025-06-27,Afternoon,M01,Material,Material shortage,5.98,0
DT-0003545,WO-001493,2025-06-27,Afternoon,M01,Changeover,Tooling change,30.37,0
DT-0003546,WO-001493,2025-06-27,Afternoon,M01,Breakdown,Sensor fault,7.42,0
DT-0003547,WO-001494,2025-06-27,Morning,M02,Planned,Calibration,15.28,1
DT-0003548,WO-001494,2025-06-27,Morning,M02,Changeover,Planned changeover,30.58,1
DT-0003549,WO-001495,2025-06-27,Afternoon,M02,Planned,Preventive maintenance,20.56,1
DT-0003550,WO-001495,2025-06-27,Afternoon,M02,Microstop,Material jam,38.89,0
DT-0003551,WO-001496,2025-06-27,Morning,M03,Changeover,Tooling change,49.07,0
DT-0003552,WO-001497,2025-06-27,Afternoon,M03,Microstop,Material jam,63.2,0
DT-0003553,WO-001498,2025-06-27,Morning,M04,Microstop,Material jam,103.18,0
DT-0003554,WO-001499,2025-06-27,Afternoon,M04,Microstop,Torch cleaning,49.73,0
DT-0003555,WO-001499,2025-06-27,Afternoon,M04,Process,Parameter adjustment,11.96,0
DT-0003556,WO-001499,2025-06-27,Afternoon,M04,Breakdown,Robot recovery,39.72,0
DT-0003557,WO-001499,2025-06-27,Afternoon,M04,Breakdown,Mechanical fault,4.95,0
DT-0003558,WO-001499,2025-06-27,Afternoon,M04,Changeover,Fixture setup,30.53,0
DT-0003559,WO-001500,2025-06-27,Morning,M05,Microstop,Vision retry,29.64,0
DT-0003560,WO-001500,2025-06-27,Morning,M05,Process,Parameter adjustment,1.51,0
DT-0003561,WO-001500,2025-06-27,Morning,M05,Changeover,Tooling change,7.96,0
DT-0003562,WO-001501,2025-06-27,Afternoon,M05,Material,Material shortage,43.2,0
DT-0003563,WO-001501,2025-06-27,Afternoon,M05,Breakdown,Mechanical fault,16.78,0
DT-0003564,WO-001502,2025-06-27,Morning,M06,Material,Material shortage,19.66,0
DT-0003565,WO-001502,2025-06-27,Morning,M06,Microstop,Vision retry,27.45,0
DT-0003566,WO-001502,2025-06-27,Morning,M06,Microstop,Vision retry,10.06,0
DT-0003567,WO-001503,2025-06-27,Afternoon,M06,Process,Parameter adjustment,1.57,0
DT-0003568,WO-001503,2025-06-27,Afternoon,M06,Planned,Preventive maintenance,2.01,1
DT-0003569,WO-001503,2025-06-27,Afternoon,M06,Breakdown,Mechanical fault,13.3,0
DT-0003570,WO-001503,2025-06-27,Afternoon,M06,Planned,Preventive maintenance,10.12,1
DT-0003571,WO-001503,2025-06-27,Afternoon,M06,Changeover,Tooling change,5.08,0
DT-0003572,WO-001504,2025-06-30,Morning,M01,Breakdown,Sensor fault,1.86,0
DT-0003573,WO-001504,2025-06-30,Morning,M01,Material,Material shortage,15.03,0
DT-0003574,WO-001504,2025-06-30,Morning,M01,Microstop,Vision retry,38.79,0
DT-0003575,WO-001505,2025-06-30,Afternoon,M01,Breakdown,Sensor fault,21.78,0
DT-0003576,WO-001505,2025-06-30,Afternoon,M01,Planned,Preventive maintenance,5.73,1
DT-0003577,WO-001505,2025-06-30,Afternoon,M01,Material,Material shortage,1.5,0
DT-0003578,WO-001505,2025-06-30,Afternoon,M01,Breakdown,Sensor fault,16.62,0
DT-0003579,WO-001506,2025-06-30,Morning,M02,Planned,Calibration,62.78,1
DT-0003580,WO-001507,2025-06-30,Afternoon,M02,Microstop,Material jam,61.12,0
DT-0003581,WO-001508,2025-06-30,Morning,M03,Breakdown,Sensor fault,3.85,0
DT-0003582,WO-001508,2025-06-30,Morning,M03,Microstop,Material jam,0.99,0
DT-0003583,WO-001508,2025-06-30,Morning,M03,Material,Material shortage,63.34,0
DT-0003584,WO-001509,2025-06-30,Afternoon,M03,Breakdown,Mechanical fault,47.84,0
DT-0003585,WO-001510,2025-06-30,Morning,M04,Changeover,Fixture setup,76.53,0
DT-0003586,WO-001510,2025-06-30,Morning,M04,Breakdown,Robot recovery,37.42,0
DT-0003587,WO-001511,2025-06-30,Afternoon,M04,Microstop,Torch cleaning,76.51,0
DT-0003588,WO-001511,2025-06-30,Afternoon,M04,Planned,Preventive maintenance,33.25,1
DT-0003589,WO-001512,2025-06-30,Morning,M05,Process,Parameter adjustment,23.5,0
DT-0003590,WO-001513,2025-06-30,Afternoon,M05,Breakdown,Mechanical fault,54.73,0
DT-0003591,WO-001514,2025-06-30,Morning,M06,Breakdown,Mechanical fault,1.15,0
DT-0003592,WO-001514,2025-06-30,Morning,M06,Breakdown,Sensor fault,39.29,0
DT-0003593,WO-001515,2025-06-30,Afternoon,M06,Planned,Calibration,30.07,1
DT-0003594,WO-001516,2025-07-01,Morning,M01,Planned,Preventive maintenance,3.11,1
DT-0003595,WO-001516,2025-07-01,Morning,M01,Changeover,Tooling change,33.56,0
DT-0003596,WO-001517,2025-07-01,Afternoon,M01,Breakdown,Mechanical fault,5.0,0
DT-0003597,WO-001517,2025-07-01,Afternoon,M01,Changeover,Tooling change,57.79,0
DT-0003598,WO-001518,2025-07-01,Morning,M02,Material,Material shortage,16.08,0
DT-0003599,WO-001518,2025-07-01,Morning,M02,Microstop,Vision retry,10.97,0
DT-0003600,WO-001518,2025-07-01,Morning,M02,Breakdown,Sensor fault,37.34,0
DT-0003601,WO-001519,2025-07-01,Afternoon,M02,Process,Parameter adjustment,0.98,0
DT-0003602,WO-001519,2025-07-01,Afternoon,M02,Process,Parameter adjustment,41.67,0
DT-0003603,WO-001519,2025-07-01,Afternoon,M02,Breakdown,Mechanical fault,15.61,0
DT-0003604,WO-001520,2025-07-01,Morning,M03,Process,Parameter adjustment,1.34,0
DT-0003605,WO-001520,2025-07-01,Morning,M03,Microstop,Vision retry,26.22,0
DT-0003606,WO-001521,2025-07-01,Afternoon,M03,Process,Parameter adjustment,8.78,0
DT-0003607,WO-001521,2025-07-01,Afternoon,M03,Microstop,Vision retry,36.54,0
DT-0003608,WO-001522,2025-07-01,Morning,M04,Breakdown,Wire feeder fault,39.93,0
DT-0003609,WO-001522,2025-07-01,Morning,M04,Breakdown,Robot recovery,48.78,0
DT-0003610,WO-001522,2025-07-01,Morning,M04,Process,Weld parameter adjustment,12.04,0
DT-0003611,WO-001523,2025-07-01,Afternoon,M04,Changeover,Fixture setup,33.35,0
DT-0003612,WO-001523,2025-07-01,Afternoon,M04,Changeover,Planned changeover,70.42,1
DT-0003613,WO-001523,2025-07-01,Afternoon,M04,Breakdown,Mechanical fault,8.18,0
DT-0003614,WO-001524,2025-07-01,Morning,M05,Process,Parameter adjustment,0.98,0
DT-0003615,WO-001524,2025-07-01,Morning,M05,Breakdown,Mechanical fault,7.64,0
DT-0003616,WO-001524,2025-07-01,Morning,M05,Microstop,Material jam,35.31,0
DT-0003617,WO-001525,2025-07-01,Afternoon,M05,Material,Material shortage,22.12,0
DT-0003618,WO-001525,2025-07-01,Afternoon,M05,Microstop,Vision retry,19.74,0
DT-0003619,WO-001525,2025-07-01,Afternoon,M05,Changeover,Tooling change,13.76,0
DT-0003620,WO-001526,2025-07-01,Morning,M06,Process,Parameter adjustment,13.58,0
DT-0003621,WO-001526,2025-07-01,Morning,M06,Planned,Calibration,6.92,1
DT-0003622,WO-001527,2025-07-01,Afternoon,M06,Microstop,Vision retry,6.51,0
DT-0003623,WO-001527,2025-07-01,Afternoon,M06,Microstop,Vision retry,6.39,0
DT-0003624,WO-001528,2025-07-02,Morning,M01,Breakdown,Mechanical fault,3.88,0
DT-0003625,WO-001528,2025-07-02,Morning,M01,Microstop,Vision retry,5.62,0
DT-0003626,WO-001528,2025-07-02,Morning,M01,Material,Material shortage,36.76,0
DT-0003627,WO-001529,2025-07-02,Afternoon,M01,Microstop,Material jam,46.98,0
DT-0003628,WO-001530,2025-07-02,Morning,M02,Breakdown,Mechanical fault,7.07,0
DT-0003629,WO-001530,2025-07-02,Morning,M02,Changeover,Tooling change,28.39,0
DT-0003630,WO-001531,2025-07-02,Afternoon,M02,Breakdown,Mechanical fault,6.89,0
DT-0003631,WO-001531,2025-07-02,Afternoon,M02,Microstop,Material jam,27.82,0
DT-0003632,WO-001531,2025-07-02,Afternoon,M02,Breakdown,Mechanical fault,23.62,0
DT-0003633,WO-001531,2025-07-02,Afternoon,M02,Material,Material shortage,5.57,0
DT-0003634,WO-001531,2025-07-02,Afternoon,M02,Changeover,Tooling change,11.27,0
DT-0003635,WO-001532,2025-07-02,Morning,M03,Changeover,Planned changeover,40.21,1
DT-0003636,WO-001533,2025-07-02,Morning,M04,Changeover,Tooling change,26.42,0
DT-0003637,WO-001533,2025-07-02,Morning,M04,Planned,Preventive maintenance,45.85,1
DT-0003638,WO-001533,2025-07-02,Morning,M04,Breakdown,Robot recovery,26.31,0
DT-0003639,WO-001534,2025-07-02,Morning,M05,Breakdown,Sensor fault,32.52,0
DT-0003640,WO-001535,2025-07-02,Afternoon,M05,Planned,Calibration,59.42,1
DT-0003641,WO-001535,2025-07-02,Afternoon,M05,Process,Parameter adjustment,8.79,0
DT-0003642,WO-001536,2025-07-02,Morning,M06,Changeover,Planned changeover,45.43,1
DT-0003643,WO-001537,2025-07-02,Afternoon,M06,Breakdown,Sensor fault,6.24,0
DT-0003644,WO-001537,2025-07-02,Afternoon,M06,Process,Parameter adjustment,7.67,0
DT-0003645,WO-001537,2025-07-02,Afternoon,M06,Breakdown,Mechanical fault,11.49,0
DT-0003646,WO-001537,2025-07-02,Afternoon,M06,Microstop,Material jam,9.41,0
DT-0003647,WO-001538,2025-07-03,Morning,M01,Microstop,Material jam,36.38,0
DT-0003648,WO-001539,2025-07-03,Afternoon,M01,Process,Parameter adjustment,5.88,0
DT-0003649,WO-001539,2025-07-03,Afternoon,M01,Planned,Calibration,28.52,1
DT-0003650,WO-001539,2025-07-03,Afternoon,M01,Breakdown,Sensor fault,15.48,0
DT-0003651,WO-001540,2025-07-03,Morning,M02,Changeover,Planned changeover,25.31,1
DT-0003652,WO-001540,2025-07-03,Morning,M02,Process,Parameter adjustment,26.77,0
DT-0003653,WO-001541,2025-07-03,Afternoon,M02,Breakdown,Mechanical fault,69.63,0
DT-0003654,WO-001541,2025-07-03,Afternoon,M02,Planned,Preventive maintenance,1.09,1
DT-0003655,WO-001542,2025-07-03,Morning,M03,Microstop,Material jam,25.88,0
DT-0003656,WO-001542,2025-07-03,Morning,M03,Breakdown,Mechanical fault,22.38,0
DT-0003657,WO-001543,2025-07-03,Afternoon,M03,Material,Material shortage,2.15,0
DT-0003658,WO-001543,2025-07-03,Afternoon,M03,Microstop,Vision retry,2.95,0
DT-0003659,WO-001543,2025-07-03,Afternoon,M03,Microstop,Vision retry,17.72,0
DT-0003660,WO-001543,2025-07-03,Afternoon,M03,Breakdown,Sensor fault,1.0,0
DT-0003661,WO-001543,2025-07-03,Afternoon,M03,Microstop,Material jam,11.74,0
DT-0003662,WO-001544,2025-07-03,Morning,M04,Microstop,Vision retry,3.75,0
DT-0003663,WO-001544,2025-07-03,Morning,M04,Planned,Preventive maintenance,107.81,1
DT-0003664,WO-001545,2025-07-03,Afternoon,M04,Changeover,Planned changeover,45.16,1
DT-0003665,WO-001545,2025-07-03,Afternoon,M04,Changeover,Fixture setup,42.71,0
DT-0003666,WO-001545,2025-07-03,Afternoon,M04,Changeover,Planned changeover,17.6,1
DT-0003667,WO-001546,2025-07-03,Morning,M05,Breakdown,Mechanical fault,2.34,0
DT-0003668,WO-001546,2025-07-03,Morning,M05,Breakdown,Sensor fault,1.91,0
DT-0003669,WO-001546,2025-07-03,Morning,M05,Microstop,Vision retry,2.76,0
DT-0003670,WO-001546,2025-07-03,Morning,M05,Changeover,Tooling change,55.93,0
DT-0003671,WO-001547,2025-07-03,Afternoon,M05,Changeover,Tooling change,25.92,0
DT-0003672,WO-001547,2025-07-03,Afternoon,M05,Planned,Calibration,11.55,1
DT-0003673,WO-001547,2025-07-03,Afternoon,M05,Material,Material shortage,3.03,0
DT-0003674,WO-001547,2025-07-03,Afternoon,M05,Breakdown,Sensor fault,4.58,0
DT-0003675,WO-001547,2025-07-03,Afternoon,M05,Changeover,Planned changeover,23.01,1
DT-0003676,WO-001548,2025-07-03,Morning,M06,Process,Parameter adjustment,8.56,0
DT-0003677,WO-001548,2025-07-03,Morning,M06,Process,Parameter adjustment,18.2,0
DT-0003678,WO-001548,2025-07-03,Morning,M06,Microstop,Vision retry,0.98,0
DT-0003679,WO-001548,2025-07-03,Morning,M06,Breakdown,Mechanical fault,4.79,0
DT-0003680,WO-001549,2025-07-03,Afternoon,M06,Microstop,Material jam,10.92,0
DT-0003681,WO-001549,2025-07-03,Afternoon,M06,Breakdown,Sensor fault,1.98,0
DT-0003682,WO-001550,2025-07-04,Morning,M01,Breakdown,Mechanical fault,59.34,0
DT-0003683,WO-001551,2025-07-04,Afternoon,M01,Process,Parameter adjustment,49.99,0
DT-0003684,WO-001551,2025-07-04,Afternoon,M01,Changeover,Tooling change,9.59,0
DT-0003685,WO-001552,2025-07-04,Morning,M02,Process,Parameter adjustment,48.86,0
DT-0003686,WO-001552,2025-07-04,Morning,M02,Process,Parameter adjustment,19.96,0
DT-0003687,WO-001553,2025-07-04,Afternoon,M02,Planned,Calibration,11.96,1
DT-0003688,WO-001553,2025-07-04,Afternoon,M02,Planned,Calibration,39.32,1
DT-0003689,WO-001554,2025-07-04,Morning,M03,Microstop,Vision retry,21.6,0
DT-0003690,WO-001554,2025-07-04,Morning,M03,Planned,Calibration,29.53,1
DT-0003691,WO-001555,2025-07-04,Afternoon,M03,Changeover,Tooling change,49.08,0
DT-0003692,WO-001556,2025-07-04,Morning,M04,Planned,Preventive maintenance,16.84,1
DT-0003693,WO-001556,2025-07-04,Morning,M04,Process,Weld parameter adjustment,9.38,0
DT-0003694,WO-001556,2025-07-04,Morning,M04,Breakdown,Robot recovery,44.6,0
DT-0003695,WO-001556,2025-07-04,Morning,M04,Breakdown,Robot recovery,50.02,0
DT-0003696,WO-001557,2025-07-04,Afternoon,M04,Microstop,Torch cleaning,103.5,0
DT-0003697,WO-001557,2025-07-04,Afternoon,M04,Planned,Calibration,21.08,1
DT-0003698,WO-001558,2025-07-04,Morning,M05,Changeover,Planned changeover,36.68,1
DT-0003699,WO-001559,2025-07-04,Afternoon,M05,Microstop,Vision retry,2.79,0
DT-0003700,WO-001559,2025-07-04,Afternoon,M05,Breakdown,Mechanical fault,29.57,0
DT-0003701,WO-001559,2025-07-04,Afternoon,M05,Changeover,Tooling change,19.37,0
DT-0003702,WO-001560,2025-07-04,Morning,M06,Process,Parameter adjustment,11.92,0
DT-0003703,WO-001560,2025-07-04,Morning,M06,Breakdown,Sensor fault,10.23,0
DT-0003704,WO-001561,2025-07-04,Afternoon,M06,Planned,Preventive maintenance,17.05,1
DT-0003705,WO-001561,2025-07-04,Afternoon,M06,Microstop,Vision retry,18.05,0
DT-0003706,WO-001562,2025-07-07,Morning,M01,Changeover,Tooling change,0.99,0
DT-0003707,WO-001562,2025-07-07,Morning,M01,Microstop,Vision retry,4.42,0
DT-0003708,WO-001562,2025-07-07,Morning,M01,Breakdown,Sensor fault,29.93,0
DT-0003709,WO-001562,2025-07-07,Morning,M01,Changeover,Tooling change,20.08,0
DT-0003710,WO-001563,2025-07-07,Afternoon,M01,Changeover,Planned changeover,19.24,1
DT-0003711,WO-001563,2025-07-07,Afternoon,M01,Planned,Preventive maintenance,18.93,1
DT-0003712,WO-001563,2025-07-07,Afternoon,M01,Breakdown,Sensor fault,18.18,0
DT-0003713,WO-001563,2025-07-07,Afternoon,M01,Material,Material shortage,1.7,0
DT-0003714,WO-001564,2025-07-07,Morning,M02,Breakdown,Mechanical fault,12.59,0
DT-0003715,WO-001564,2025-07-07,Morning,M02,Breakdown,Mechanical fault,21.93,0
DT-0003716,WO-001564,2025-07-07,Morning,M02,Material,Material shortage,24.86,0
DT-0003717,WO-001564,2025-07-07,Morning,M02,Microstop,Vision retry,6.13,0
DT-0003718,WO-001565,2025-07-07,Afternoon,M02,Changeover,Tooling change,47.06,0
DT-0003719,WO-001566,2025-07-07,Morning,M03,Process,Parameter adjustment,34.92,0
DT-0003720,WO-001567,2025-07-07,Afternoon,M03,Breakdown,Mechanical fault,23.97,0
DT-0003721,WO-001567,2025-07-07,Afternoon,M03,Changeover,Tooling change,21.9,0
DT-0003722,WO-001568,2025-07-07,Morning,M04,Changeover,Planned changeover,102.28,1
DT-0003723,WO-001569,2025-07-07,Afternoon,M04,Process,Weld parameter adjustment,116.71,0
DT-0003724,WO-001570,2025-07-07,Morning,M05,Planned,Calibration,5.57,1
DT-0003725,WO-001570,2025-07-07,Morning,M05,Breakdown,Sensor fault,3.19,0
DT-0003726,WO-001570,2025-07-07,Morning,M05,Material,Material shortage,10.43,0
DT-0003727,WO-001570,2025-07-07,Morning,M05,Breakdown,Mechanical fault,24.43,0
DT-0003728,WO-001571,2025-07-07,Afternoon,M05,Planned,Preventive maintenance,9.29,1
DT-0003729,WO-001571,2025-07-07,Afternoon,M05,Breakdown,Sensor fault,4.09,0
DT-0003730,WO-001571,2025-07-07,Afternoon,M05,Planned,Preventive maintenance,46.21,1
DT-0003731,WO-001571,2025-07-07,Afternoon,M05,Microstop,Material jam,4.47,0
DT-0003732,WO-001572,2025-07-07,Morning,M06,Changeover,Tooling change,7.6,0
DT-0003733,WO-001572,2025-07-07,Morning,M06,Breakdown,Sensor fault,12.11,0
DT-0003734,WO-001572,2025-07-07,Morning,M06,Process,Parameter adjustment,12.47,0
DT-0003735,WO-001573,2025-07-07,Afternoon,M06,Process,Parameter adjustment,15.59,0
DT-0003736,WO-001573,2025-07-07,Afternoon,M06,Changeover,Planned changeover,1.4,1
DT-0003737,WO-001573,2025-07-07,Afternoon,M06,Material,Material shortage,1.42,0
DT-0003738,WO-001574,2025-07-08,Morning,M01,Microstop,Vision retry,47.69,0
DT-0003739,WO-001575,2025-07-08,Afternoon,M01,Process,Parameter adjustment,33.1,0
DT-0003740,WO-001575,2025-07-08,Afternoon,M01,Process,Parameter adjustment,11.66,0
DT-0003741,WO-001575,2025-07-08,Afternoon,M01,Breakdown,Sensor fault,14.91,0
DT-0003742,WO-001576,2025-07-08,Morning,M02,Changeover,Tooling change,1.84,0
DT-0003743,WO-001576,2025-07-08,Morning,M02,Microstop,Vision retry,55.26,0
DT-0003744,WO-001576,2025-07-08,Morning,M02,Breakdown,Mechanical fault,3.82,0
DT-0003745,WO-001577,2025-07-08,Afternoon,M02,Changeover,Tooling change,23.96,0
DT-0003746,WO-001577,2025-07-08,Afternoon,M02,Microstop,Vision retry,35.39,0
DT-0003747,WO-001577,2025-07-08,Afternoon,M02,Material,Material shortage,3.99,0
DT-0003748,WO-001578,2025-07-08,Morning,M03,Material,Material shortage,32.39,0
DT-0003749,WO-001579,2025-07-08,Afternoon,M03,Planned,Calibration,2.07,1
DT-0003750,WO-001579,2025-07-08,Afternoon,M03,Breakdown,Sensor fault,28.28,0
DT-0003751,WO-001579,2025-07-08,Afternoon,M03,Planned,Calibration,5.78,1
DT-0003752,WO-001579,2025-07-08,Afternoon,M03,Microstop,Vision retry,9.87,0
DT-0003753,WO-001580,2025-07-08,Morning,M04,Breakdown,Robot recovery,44.19,0
DT-0003754,WO-001580,2025-07-08,Morning,M04,Planned,Calibration,67.66,1
DT-0003755,WO-001581,2025-07-08,Afternoon,M04,Process,Weld parameter adjustment,85.74,0
DT-0003756,WO-001581,2025-07-08,Afternoon,M04,Process,Weld parameter adjustment,24.64,0
DT-0003757,WO-001582,2025-07-08,Morning,M05,Material,Material shortage,34.31,0
DT-0003758,WO-001583,2025-07-08,Afternoon,M05,Breakdown,Mechanical fault,58.42,0
DT-0003759,WO-001583,2025-07-08,Afternoon,M05,Microstop,Material jam,2.52,0
DT-0003760,WO-001583,2025-07-08,Afternoon,M05,Microstop,Vision retry,2.66,0
DT-0003761,WO-001584,2025-07-08,Morning,M06,Planned,Preventive maintenance,23.53,1
DT-0003762,WO-001585,2025-07-08,Afternoon,M06,Microstop,Vision retry,51.17,0
DT-0003763,WO-001586,2025-07-09,Morning,M01,Microstop,Material jam,34.5,0
DT-0003764,WO-001586,2025-07-09,Morning,M01,Breakdown,Sensor fault,11.29,0
DT-0003765,WO-001586,2025-07-09,Morning,M01,Changeover,Tooling change,6.38,0
DT-0003766,WO-001587,2025-07-09,Afternoon,M01,Material,Material shortage,45.74,0
DT-0003767,WO-001588,2025-07-09,Morning,M02,Material,Material shortage,58.29,0
DT-0003768,WO-001589,2025-07-09,Afternoon,M02,Breakdown,Sensor fault,48.04,0
DT-0003769,WO-001589,2025-07-09,Afternoon,M02,Microstop,Vision retry,16.5,0
DT-0003770,WO-001590,2025-07-09,Morning,M03,Breakdown,Mechanical fault,29.03,0
DT-0003771,WO-001590,2025-07-09,Morning,M03,Microstop,Material jam,4.19,0
DT-0003772,WO-001590,2025-07-09,Morning,M03,Process,Parameter adjustment,2.83,0
DT-0003773,WO-001591,2025-07-09,Afternoon,M03,Planned,Calibration,5.71,1
DT-0003774,WO-001591,2025-07-09,Afternoon,M03,Breakdown,Sensor fault,3.33,0
DT-0003775,WO-001591,2025-07-09,Afternoon,M03,Material,Material shortage,21.37,0
DT-0003776,WO-001591,2025-07-09,Afternoon,M03,Microstop,Vision retry,4.91,0
DT-0003777,WO-001592,2025-07-09,Morning,M04,Planned,Preventive maintenance,108.89,1
DT-0003778,WO-001593,2025-07-09,Afternoon,M04,Changeover,Fixture setup,6.37,0
DT-0003779,WO-001593,2025-07-09,Afternoon,M04,Planned,Calibration,17.35,1
DT-0003780,WO-001593,2025-07-09,Afternoon,M04,Changeover,Tooling change,78.99,0
DT-0003781,WO-001594,2025-07-09,Morning,M05,Process,Parameter adjustment,26.52,0
DT-0003782,WO-001595,2025-07-09,Afternoon,M05,Breakdown,Sensor fault,42.54,0
DT-0003783,WO-001595,2025-07-09,Afternoon,M05,Process,Parameter adjustment,8.92,0
DT-0003784,WO-001596,2025-07-09,Morning,M06,Material,Material shortage,26.32,0
DT-0003785,WO-001597,2025-07-09,Afternoon,M06,Process,Parameter adjustment,6.18,0
DT-0003786,WO-001597,2025-07-09,Afternoon,M06,Microstop,Vision retry,22.61,0
DT-0003787,WO-001598,2025-07-10,Morning,M01,Planned,Calibration,17.06,1
DT-0003788,WO-001598,2025-07-10,Morning,M01,Changeover,Tooling change,24.04,0
DT-0003789,WO-001598,2025-07-10,Morning,M01,Material,Material shortage,4.21,0
DT-0003790,WO-001598,2025-07-10,Morning,M01,Microstop,Material jam,2.21,0
DT-0003791,WO-001599,2025-07-10,Afternoon,M01,Changeover,Planned changeover,52.44,1
DT-0003792,WO-001600,2025-07-10,Morning,M02,Breakdown,Mechanical fault,61.19,0
DT-0003793,WO-001601,2025-07-10,Afternoon,M02,Microstop,Material jam,17.69,0
DT-0003794,WO-001601,2025-07-10,Afternoon,M02,Microstop,Material jam,25.5,0
DT-0003795,WO-001601,2025-07-10,Afternoon,M02,Material,Material shortage,13.68,0
DT-0003796,WO-001602,2025-07-10,Afternoon,M03,Changeover,Tooling change,48.69,0
DT-0003797,WO-001603,2025-07-10,Morning,M04,Changeover,Planned changeover,87.16,1
DT-0003798,WO-001604,2025-07-10,Afternoon,M04,Changeover,Fixture setup,39.94,0
DT-0003799,WO-001604,2025-07-10,Afternoon,M04,Process,Weld parameter adjustment,5.06,0
DT-0003800,WO-001604,2025-07-10,Afternoon,M04,Material,Material shortage,55.64,0
DT-0003801,WO-001604,2025-07-10,Afternoon,M04,Breakdown,Sensor fault,2.31,0
DT-0003802,WO-001605,2025-07-10,Morning,M05,Planned,Preventive maintenance,9.49,1
DT-0003803,WO-001605,2025-07-10,Morning,M05,Microstop,Material jam,5.63,0
DT-0003804,WO-001605,2025-07-10,Morning,M05,Breakdown,Mechanical fault,15.2,0
DT-0003805,WO-001605,2025-07-10,Morning,M05,Material,Material shortage,16.52,0
DT-0003806,WO-001606,2025-07-10,Afternoon,M05,Microstop,Material jam,66.91,0
DT-0003807,WO-001607,2025-07-10,Morning,M06,Microstop,Vision retry,18.39,0
DT-0003808,WO-001607,2025-07-10,Morning,M06,Microstop,Material jam,6.49,0
DT-0003809,WO-001608,2025-07-10,Afternoon,M06,Breakdown,Sensor fault,3.11,0
DT-0003810,WO-001608,2025-07-10,Afternoon,M06,Material,Material shortage,14.96,0
DT-0003811,WO-001608,2025-07-10,Afternoon,M06,Microstop,Vision retry,12.07,0
DT-0003812,WO-001609,2025-07-11,Morning,M01,Breakdown,Mechanical fault,46.47,0
DT-0003813,WO-001610,2025-07-11,Afternoon,M01,Microstop,Vision retry,45.21,0
DT-0003814,WO-001611,2025-07-11,Morning,M02,Material,Material shortage,58.99,0
DT-0003815,WO-001612,2025-07-11,Afternoon,M02,Changeover,Tooling change,51.37,0
DT-0003816,WO-001612,2025-07-11,Afternoon,M02,Breakdown,Mechanical fault,12.22,0
DT-0003817,WO-001613,2025-07-11,Morning,M03,Microstop,Material jam,20.8,0
DT-0003818,WO-001614,2025-07-11,Afternoon,M03,Microstop,Material jam,50.82,0
DT-0003819,WO-001615,2025-07-11,Morning,M04,Breakdown,Wire feeder fault,115.36,0
DT-0003820,WO-001616,2025-07-11,Afternoon,M04,Changeover,Planned changeover,18.77,1
DT-0003821,WO-001616,2025-07-11,Afternoon,M04,Breakdown,Mechanical fault,77.59,0
DT-0003822,WO-001617,2025-07-11,Morning,M05,Process,Parameter adjustment,44.85,0
DT-0003823,WO-001618,2025-07-11,Afternoon,M05,Breakdown,Mechanical fault,15.5,0
DT-0003824,WO-001618,2025-07-11,Afternoon,M05,Planned,Calibration,29.04,1
DT-0003825,WO-001619,2025-07-11,Morning,M06,Breakdown,Sensor fault,5.48,0
DT-0003826,WO-001619,2025-07-11,Morning,M06,Changeover,Tooling change,13.53,0
DT-0003827,WO-001619,2025-07-11,Morning,M06,Process,Parameter adjustment,9.12,0
DT-0003828,WO-001620,2025-07-11,Afternoon,M06,Material,Material shortage,10.44,0
DT-0003829,WO-001620,2025-07-11,Afternoon,M06,Breakdown,Sensor fault,15.97,0
DT-0003830,WO-001621,2025-07-14,Morning,M01,Planned,Calibration,3.82,1
DT-0003831,WO-001621,2025-07-14,Morning,M01,Planned,Preventive maintenance,7.64,1
DT-0003832,WO-001621,2025-07-14,Morning,M01,Breakdown,Sensor fault,22.69,0
DT-0003833,WO-001622,2025-07-14,Afternoon,M01,Microstop,Material jam,44.29,0
DT-0003834,WO-001623,2025-07-14,Morning,M02,Process,Parameter adjustment,58.58,0
DT-0003835,WO-001624,2025-07-14,Afternoon,M02,Changeover,Tooling change,1.22,0
DT-0003836,WO-001624,2025-07-14,Afternoon,M02,Process,Parameter adjustment,48.96,0
DT-0003837,WO-001625,2025-07-14,Morning,M03,Microstop,Vision retry,15.61,0
DT-0003838,WO-001625,2025-07-14,Morning,M03,Breakdown,Mechanical fault,2.58,0
DT-0003839,WO-001625,2025-07-14,Morning,M03,Breakdown,Sensor fault,11.6,0
DT-0003840,WO-001625,2025-07-14,Morning,M03,Changeover,Tooling change,11.27,0
DT-0003841,WO-001625,2025-07-14,Morning,M03,Breakdown,Sensor fault,8.4,0
DT-0003842,WO-001626,2025-07-14,Afternoon,M03,Microstop,Vision retry,23.74,0
DT-0003843,WO-001626,2025-07-14,Afternoon,M03,Breakdown,Sensor fault,2.98,0
DT-0003844,WO-001626,2025-07-14,Afternoon,M03,Process,Parameter adjustment,42.64,0
DT-0003845,WO-001627,2025-07-14,Morning,M04,Breakdown,Sensor fault,82.31,0
DT-0003846,WO-001627,2025-07-14,Morning,M04,Microstop,Vision retry,35.82,0
DT-0003847,WO-001628,2025-07-14,Afternoon,M04,Changeover,Fixture setup,104.69,0
DT-0003848,WO-001628,2025-07-14,Afternoon,M04,Planned,Preventive maintenance,1.52,1
DT-0003849,WO-001629,2025-07-14,Morning,M05,Microstop,Vision retry,8.48,0
DT-0003850,WO-001629,2025-07-14,Morning,M05,Breakdown,Sensor fault,17.55,0
DT-0003851,WO-001629,2025-07-14,Morning,M05,Process,Parameter adjustment,34.74,0
DT-0003852,WO-001630,2025-07-14,Afternoon,M05,Breakdown,Sensor fault,0.99,0
DT-0003853,WO-001630,2025-07-14,Afternoon,M05,Breakdown,Sensor fault,48.34,0
DT-0003854,WO-001631,2025-07-14,Morning,M06,Breakdown,Sensor fault,5.27,0
DT-0003855,WO-001631,2025-07-14,Morning,M06,Breakdown,Mechanical fault,7.63,0
DT-0003856,WO-001632,2025-07-14,Afternoon,M06,Changeover,Tooling change,1.07,0
DT-0003857,WO-001632,2025-07-14,Afternoon,M06,Microstop,Vision retry,16.71,0
DT-0003858,WO-001632,2025-07-14,Afternoon,M06,Planned,Calibration,4.71,1
DT-0003859,WO-001633,2025-07-15,Morning,M01,Breakdown,Mechanical fault,31.58,0
DT-0003860,WO-001633,2025-07-15,Morning,M01,Breakdown,Mechanical fault,12.27,0
DT-0003861,WO-001633,2025-07-15,Morning,M01,Breakdown,Mechanical fault,8.18,0
DT-0003862,WO-001634,2025-07-15,Afternoon,M01,Material,Material shortage,1.0,0
DT-0003863,WO-001634,2025-07-15,Afternoon,M01,Planned,Calibration,40.69,1
DT-0003864,WO-001634,2025-07-15,Afternoon,M01,Microstop,Material jam,30.82,0
DT-0003865,WO-001634,2025-07-15,Afternoon,M01,Microstop,Material jam,1.73,0
DT-0003866,WO-001635,2025-07-15,Morning,M02,Process,Parameter adjustment,12.92,0
DT-0003867,WO-001635,2025-07-15,Morning,M02,Microstop,Vision retry,21.13,0
DT-0003868,WO-001635,2025-07-15,Morning,M02,Microstop,Vision retry,0.99,0
DT-0003869,WO-001635,2025-07-15,Morning,M02,Breakdown,Mechanical fault,6.49,0
DT-0003870,WO-001636,2025-07-15,Afternoon,M02,Microstop,Material jam,62.75,0
DT-0003871,WO-001636,2025-07-15,Afternoon,M02,Breakdown,Mechanical fault,0.99,0
DT-0003872,WO-001637,2025-07-15,Morning,M03,Material,Material shortage,8.12,0
DT-0003873,WO-001637,2025-07-15,Morning,M03,Changeover,Planned changeover,24.53,1
DT-0003874,WO-001637,2025-07-15,Morning,M03,Breakdown,Sensor fault,6.54,0
DT-0003875,WO-001638,2025-07-15,Afternoon,M03,Microstop,Material jam,34.23,0
DT-0003876,WO-001638,2025-07-15,Afternoon,M03,Material,Material shortage,9.57,0
DT-0003877,WO-001638,2025-07-15,Afternoon,M03,Microstop,Vision retry,3.58,0
DT-0003878,WO-001639,2025-07-15,Morning,M04,Breakdown,Wire feeder fault,109.57,0
DT-0003879,WO-001640,2025-07-15,Afternoon,M04,Planned,Preventive maintenance,122.45,1
DT-0003880,WO-001641,2025-07-15,Morning,M05,Breakdown,Sensor fault,32.82,0
DT-0003881,WO-001641,2025-07-15,Morning,M05,Changeover,Tooling change,8.47,0
DT-0003882,WO-001642,2025-07-15,Afternoon,M05,Microstop,Vision retry,22.97,0
DT-0003883,WO-001642,2025-07-15,Afternoon,M05,Microstop,Vision retry,17.06,0
DT-0003884,WO-001642,2025-07-15,Afternoon,M05,Planned,Calibration,15.12,1
DT-0003885,WO-001643,2025-07-15,Morning,M06,Changeover,Tooling change,3.49,0
DT-0003886,WO-001643,2025-07-15,Morning,M06,Microstop,Vision retry,9.41,0
DT-0003887,WO-001644,2025-07-15,Afternoon,M06,Breakdown,Mechanical fault,31.79,0
DT-0003888,WO-001645,2025-07-16,Morning,M01,Microstop,Material jam,2.24,0
DT-0003889,WO-001645,2025-07-16,Morning,M01,Breakdown,Mechanical fault,28.83,0
DT-0003890,WO-001646,2025-07-16,Afternoon,M01,Breakdown,Sensor fault,10.9,0
DT-0003891,WO-001646,2025-07-16,Afternoon,M01,Process,Parameter adjustment,10.06,0
DT-0003892,WO-001646,2025-07-16,Afternoon,M01,Planned,Calibration,25.26,1
DT-0003893,WO-001647,2025-07-16,Morning,M02,Planned,Preventive maintenance,55.71,1
DT-0003894,WO-001647,2025-07-16,Morning,M02,Changeover,Tooling change,3.96,0
DT-0003895,WO-001647,2025-07-16,Morning,M02,Process,Parameter adjustment,11.41,0
DT-0003896,WO-001648,2025-07-16,Afternoon,M02,Microstop,Vision retry,1.34,0
DT-0003897,WO-001648,2025-07-16,Afternoon,M02,Changeover,Planned changeover,4.88,1
DT-0003898,WO-001648,2025-07-16,Afternoon,M02,Breakdown,Sensor fault,25.76,0
DT-0003899,WO-001648,2025-07-16,Afternoon,M02,Planned,Preventive maintenance,23.61,1
DT-0003900,WO-001649,2025-07-16,Morning,M03,Changeover,Tooling change,4.94,0
DT-0003901,WO-001649,2025-07-16,Morning,M03,Material,Material shortage,12.57,0
DT-0003902,WO-001649,2025-07-16,Morning,M03,Planned,Preventive maintenance,6.8,1
DT-0003903,WO-001650,2025-07-16,Afternoon,M03,Microstop,Material jam,25.39,0
DT-0003904,WO-001650,2025-07-16,Afternoon,M03,Microstop,Vision retry,11.11,0
DT-0003905,WO-001650,2025-07-16,Afternoon,M03,Breakdown,Mechanical fault,12.79,0
DT-0003906,WO-001651,2025-07-16,Morning,M04,Process,Parameter adjustment,37.47,0
DT-0003907,WO-001651,2025-07-16,Morning,M04,Process,Parameter adjustment,42.53,0
DT-0003908,WO-001651,2025-07-16,Morning,M04,Changeover,Fixture setup,29.09,0
DT-0003909,WO-001652,2025-07-16,Afternoon,M04,Changeover,Fixture setup,102.73,0
DT-0003910,WO-001653,2025-07-16,Morning,M05,Process,Parameter adjustment,35.08,0
DT-0003911,WO-001653,2025-07-16,Morning,M05,Material,Material shortage,8.35,0
DT-0003912,WO-001653,2025-07-16,Morning,M05,Breakdown,Sensor fault,6.14,0
DT-0003913,WO-001654,2025-07-16,Afternoon,M05,Changeover,Tooling change,60.08,0
DT-0003914,WO-001655,2025-07-16,Morning,M06,Breakdown,Mechanical fault,7.95,0
DT-0003915,WO-001655,2025-07-16,Morning,M06,Breakdown,Mechanical fault,6.01,0
DT-0003916,WO-001656,2025-07-16,Afternoon,M06,Breakdown,Sensor fault,10.88,0
DT-0003917,WO-001656,2025-07-16,Afternoon,M06,Breakdown,Sensor fault,15.8,0
DT-0003918,WO-001656,2025-07-16,Afternoon,M06,Breakdown,Mechanical fault,4.83,0
DT-0003919,WO-001656,2025-07-16,Afternoon,M06,Microstop,Material jam,11.0,0
DT-0003920,WO-001657,2025-07-17,Morning,M01,Breakdown,Sensor fault,11.29,0
DT-0003921,WO-001657,2025-07-17,Morning,M01,Microstop,Vision retry,3.27,0
DT-0003922,WO-001657,2025-07-17,Morning,M01,Material,Material shortage,30.4,0
DT-0003923,WO-001658,2025-07-17,Afternoon,M01,Changeover,Planned changeover,55.24,1
DT-0003924,WO-001659,2025-07-17,Morning,M02,Process,Parameter adjustment,5.98,0
DT-0003925,WO-001659,2025-07-17,Morning,M02,Planned,Preventive maintenance,26.14,1
DT-0003926,WO-001659,2025-07-17,Morning,M02,Planned,Preventive maintenance,8.58,1
DT-0003927,WO-001659,2025-07-17,Morning,M02,Microstop,Vision retry,7.05,0
DT-0003928,WO-001659,2025-07-17,Morning,M02,Process,Parameter adjustment,1.17,0
DT-0003929,WO-001660,2025-07-17,Afternoon,M02,Material,Material shortage,21.42,0
DT-0003930,WO-001660,2025-07-17,Afternoon,M02,Breakdown,Mechanical fault,29.52,0
DT-0003931,WO-001661,2025-07-17,Morning,M03,Microstop,Vision retry,0.94,0
DT-0003932,WO-001661,2025-07-17,Morning,M03,Process,Parameter adjustment,12.14,0
DT-0003933,WO-001662,2025-07-17,Afternoon,M03,Breakdown,Mechanical fault,2.93,0
DT-0003934,WO-001662,2025-07-17,Afternoon,M03,Material,Material shortage,37.13,0
DT-0003935,WO-001662,2025-07-17,Afternoon,M03,Changeover,Tooling change,14.11,0
DT-0003936,WO-001662,2025-07-17,Afternoon,M03,Process,Parameter adjustment,0.99,0
DT-0003937,WO-001663,2025-07-17,Afternoon,M04,Planned,Preventive maintenance,50.26,1
DT-0003938,WO-001663,2025-07-17,Afternoon,M04,Changeover,Fixture setup,22.55,0
DT-0003939,WO-001663,2025-07-17,Afternoon,M04,Breakdown,Robot recovery,48.48,0
DT-0003940,WO-001664,2025-07-17,Morning,M05,Microstop,Material jam,10.99,0
DT-0003941,WO-001664,2025-07-17,Morning,M05,Process,Parameter adjustment,38.52,0
DT-0003942,WO-001665,2025-07-17,Afternoon,M05,Material,Material shortage,37.86,0
DT-0003943,WO-001665,2025-07-17,Afternoon,M05,Changeover,Planned changeover,26.99,1
DT-0003944,WO-001666,2025-07-17,Morning,M06,Process,Parameter adjustment,41.89,0
DT-0003945,WO-001666,2025-07-17,Morning,M06,Process,Parameter adjustment,0.99,0
DT-0003946,WO-001667,2025-07-17,Afternoon,M06,Microstop,Material jam,22.52,0
DT-0003947,WO-001667,2025-07-17,Afternoon,M06,Planned,Preventive maintenance,9.01,1
DT-0003948,WO-001667,2025-07-17,Afternoon,M06,Changeover,Tooling change,2.0,0
DT-0003949,WO-001667,2025-07-17,Afternoon,M06,Changeover,Tooling change,5.32,0
DT-0003950,WO-001667,2025-07-17,Afternoon,M06,Microstop,Material jam,1.35,0
DT-0003951,WO-001668,2025-07-18,Morning,M01,Changeover,Planned changeover,17.98,1
DT-0003952,WO-001668,2025-07-18,Morning,M01,Microstop,Vision retry,5.25,0
DT-0003953,WO-001668,2025-07-18,Morning,M01,Changeover,Tooling change,23.88,0
DT-0003954,WO-001669,2025-07-18,Afternoon,M01,Planned,Calibration,7.34,1
DT-0003955,WO-001669,2025-07-18,Afternoon,M01,Microstop,Vision retry,13.58,0
DT-0003956,WO-001669,2025-07-18,Afternoon,M01,Material,Material shortage,12.42,0
DT-0003957,WO-001669,2025-07-18,Afternoon,M01,Breakdown,Mechanical fault,6.9,0
DT-0003958,WO-001669,2025-07-18,Afternoon,M01,Microstop,Material jam,3.8,0
DT-0003959,WO-001670,2025-07-18,Morning,M02,Breakdown,Mechanical fault,18.58,0
DT-0003960,WO-001670,2025-07-18,Morning,M02,Microstop,Material jam,8.46,0
DT-0003961,WO-001670,2025-07-18,Morning,M02,Changeover,Tooling change,16.81,0
DT-0003962,WO-001671,2025-07-18,Afternoon,M02,Microstop,Vision retry,36.28,0
DT-0003963,WO-001671,2025-07-18,Afternoon,M02,Process,Parameter adjustment,14.57,0
DT-0003964,WO-001671,2025-07-18,Afternoon,M02,Changeover,Planned changeover,4.75,1
DT-0003965,WO-001672,2025-07-18,Morning,M03,Microstop,Material jam,5.05,0
DT-0003966,WO-001672,2025-07-18,Morning,M03,Breakdown,Sensor fault,15.21,0
DT-0003967,WO-001672,2025-07-18,Morning,M03,Microstop,Vision retry,4.78,0
DT-0003968,WO-001673,2025-07-18,Afternoon,M03,Material,Material shortage,27.98,0
DT-0003969,WO-001673,2025-07-18,Afternoon,M03,Breakdown,Sensor fault,1.98,0
DT-0003970,WO-001673,2025-07-18,Afternoon,M03,Changeover,Planned changeover,4.92,1
DT-0003971,WO-001673,2025-07-18,Afternoon,M03,Material,Material shortage,4.72,0
DT-0003972,WO-001674,2025-07-18,Morning,M04,Breakdown,Robot recovery,89.78,0
DT-0003973,WO-001674,2025-07-18,Morning,M04,Breakdown,Robot recovery,20.44,0
DT-0003974,WO-001675,2025-07-18,Afternoon,M04,Changeover,Fixture setup,105.9,0
DT-0003975,WO-001676,2025-07-18,Morning,M05,Microstop,Vision retry,10.25,0
DT-0003976,WO-001676,2025-07-18,Morning,M05,Breakdown,Sensor fault,35.25,0
DT-0003977,WO-001677,2025-07-18,Afternoon,M05,Changeover,Tooling change,15.9,0
DT-0003978,WO-001677,2025-07-18,Afternoon,M05,Changeover,Tooling change,41.05,0
DT-0003979,WO-001677,2025-07-18,Afternoon,M05,Microstop,Material jam,2.79,0
DT-0003980,WO-001678,2025-07-18,Morning,M06,Material,Material shortage,6.59,0
DT-0003981,WO-001678,2025-07-18,Morning,M06,Microstop,Material jam,6.87,0
DT-0003982,WO-001678,2025-07-18,Morning,M06,Breakdown,Sensor fault,32.47,0
DT-0003983,WO-001679,2025-07-18,Afternoon,M06,Microstop,Material jam,29.43,0
DT-0003984,WO-001680,2025-07-21,Morning,M01,Microstop,Material jam,41.1,0
DT-0003985,WO-001681,2025-07-21,Afternoon,M01,Breakdown,Mechanical fault,17.13,0
DT-0003986,WO-001681,2025-07-21,Afternoon,M01,Microstop,Material jam,2.95,0
DT-0003987,WO-001681,2025-07-21,Afternoon,M01,Breakdown,Mechanical fault,42.36,0
DT-0003988,WO-001682,2025-07-21,Morning,M02,Microstop,Material jam,47.97,0
DT-0003989,WO-001683,2025-07-21,Afternoon,M02,Material,Material shortage,53.57,0
DT-0003990,WO-001684,2025-07-21,Morning,M03,Breakdown,Sensor fault,22.29,0
DT-0003991,WO-001684,2025-07-21,Morning,M03,Microstop,Material jam,5.85,0
DT-0003992,WO-001684,2025-07-21,Morning,M03,Microstop,Vision retry,9.51,0
DT-0003993,WO-001685,2025-07-21,Afternoon,M03,Breakdown,Mechanical fault,0.97,0
DT-0003994,WO-001685,2025-07-21,Afternoon,M03,Changeover,Tooling change,15.62,0
DT-0003995,WO-001685,2025-07-21,Afternoon,M03,Material,Material shortage,9.29,0
DT-0003996,WO-001685,2025-07-21,Afternoon,M03,Breakdown,Sensor fault,8.85,0
DT-0003997,WO-001685,2025-07-21,Afternoon,M03,Material,Material shortage,0.97,0
DT-0003998,WO-001686,2025-07-21,Morning,M04,Changeover,Fixture setup,80.14,0
DT-0003999,WO-001686,2025-07-21,Morning,M04,Changeover,Planned changeover,19.32,1
DT-0004000,WO-001686,2025-07-21,Morning,M04,Microstop,Torch cleaning,4.71,0
DT-0004001,WO-001687,2025-07-21,Afternoon,M04,Microstop,Material jam,0.99,0
DT-0004002,WO-001687,2025-07-21,Afternoon,M04,Breakdown,Robot recovery,51.2,0
DT-0004003,WO-001687,2025-07-21,Afternoon,M04,Changeover,Planned changeover,51.78,1
DT-0004004,WO-001688,2025-07-21,Morning,M05,Material,Material shortage,4.78,0
DT-0004005,WO-001688,2025-07-21,Morning,M05,Microstop,Vision retry,25.88,0
DT-0004006,WO-001688,2025-07-21,Morning,M05,Microstop,Vision retry,16.69,0
DT-0004007,WO-001689,2025-07-21,Afternoon,M05,Breakdown,Mechanical fault,73.42,0
DT-0004008,WO-001690,2025-07-21,Morning,M06,Planned,Preventive maintenance,0.98,1
DT-0004009,WO-001690,2025-07-21,Morning,M06,Planned,Preventive maintenance,23.63,1
DT-0004010,WO-001691,2025-07-21,Afternoon,M06,Microstop,Vision retry,8.12,0
DT-0004011,WO-001691,2025-07-21,Afternoon,M06,Microstop,Material jam,5.25,0
DT-0004012,WO-001692,2025-07-22,Morning,M01,Changeover,Tooling change,32.73,0
DT-0004013,WO-001693,2025-07-22,Afternoon,M01,Breakdown,Mechanical fault,54.3,0
DT-0004014,WO-001694,2025-07-22,Morning,M02,Microstop,Material jam,17.25,0
DT-0004015,WO-001694,2025-07-22,Morning,M02,Changeover,Planned changeover,4.55,1
DT-0004016,WO-001694,2025-07-22,Morning,M02,Material,Material shortage,43.72,0
DT-0004017,WO-001695,2025-07-22,Afternoon,M02,Changeover,Tooling change,40.35,0
DT-0004018,WO-001695,2025-07-22,Afternoon,M02,Microstop,Vision retry,13.8,0
DT-0004019,WO-001695,2025-07-22,Afternoon,M02,Microstop,Material jam,16.66,0
DT-0004020,WO-001696,2025-07-22,Morning,M03,Breakdown,Mechanical fault,36.43,0
DT-0004021,WO-001696,2025-07-22,Morning,M03,Microstop,Material jam,11.72,0
DT-0004022,WO-001697,2025-07-22,Afternoon,M03,Breakdown,Sensor fault,4.34,0
DT-0004023,WO-001697,2025-07-22,Afternoon,M03,Process,Parameter adjustment,3.66,0
DT-0004024,WO-001697,2025-07-22,Afternoon,M03,Breakdown,Sensor fault,21.39,0
DT-0004025,WO-001697,2025-07-22,Afternoon,M03,Microstop,Vision retry,28.2,0
DT-0004026,WO-001698,2025-07-22,Morning,M04,Process,Weld parameter adjustment,72.55,0
DT-0004027,WO-001698,2025-07-22,Morning,M04,Changeover,Fixture setup,40.97,0
DT-0004028,WO-001699,2025-07-22,Afternoon,M04,Breakdown,Robot recovery,27.11,0
DT-0004029,WO-001699,2025-07-22,Afternoon,M04,Microstop,Vision retry,77.74,0
DT-0004030,WO-001700,2025-07-22,Morning,M05,Material,Material shortage,23.09,0
DT-0004031,WO-001701,2025-07-22,Afternoon,M05,Process,Parameter adjustment,2.85,0
DT-0004032,WO-001701,2025-07-22,Afternoon,M05,Breakdown,Sensor fault,44.09,0
DT-0004033,WO-001701,2025-07-22,Afternoon,M05,Microstop,Vision retry,10.01,0
DT-0004034,WO-001702,2025-07-22,Morning,M06,Breakdown,Sensor fault,7.85,0
DT-0004035,WO-001702,2025-07-22,Morning,M06,Breakdown,Sensor fault,10.14,0
DT-0004036,WO-001702,2025-07-22,Morning,M06,Microstop,Material jam,5.58,0
DT-0004037,WO-001703,2025-07-22,Afternoon,M06,Microstop,Vision retry,52.81,0
DT-0004038,WO-001703,2025-07-22,Afternoon,M06,Breakdown,Mechanical fault,3.77,0
DT-0004039,WO-001704,2025-07-23,Morning,M01,Breakdown,Sensor fault,7.76,0
DT-0004040,WO-001704,2025-07-23,Morning,M01,Material,Material shortage,39.96,0
DT-0004041,WO-001705,2025-07-23,Afternoon,M01,Changeover,Tooling change,60.13,0
DT-0004042,WO-001706,2025-07-23,Morning,M02,Breakdown,Sensor fault,20.95,0
DT-0004043,WO-001706,2025-07-23,Morning,M02,Planned,Preventive maintenance,38.47,1
DT-0004044,WO-001707,2025-07-23,Afternoon,M02,Planned,Preventive maintenance,63.97,1
DT-0004045,WO-001707,2025-07-23,Afternoon,M02,Process,Parameter adjustment,13.78,0
DT-0004046,WO-001708,2025-07-23,Morning,M03,Changeover,Planned changeover,31.13,1
DT-0004047,WO-001709,2025-07-23,Afternoon,M03,Breakdown,Mechanical fault,10.82,0
DT-0004048,WO-001709,2025-07-23,Afternoon,M03,Microstop,Vision retry,13.89,0
DT-0004049,WO-001710,2025-07-23,Morning,M04,Changeover,Fixture setup,110.74,0
DT-0004050,WO-001711,2025-07-23,Afternoon,M04,Microstop,Material jam,72.5,0
DT-0004051,WO-001711,2025-07-23,Afternoon,M04,Changeover,Fixture setup,25.26,0
DT-0004052,WO-001711,2025-07-23,Afternoon,M04,Changeover,Planned changeover,34.35,1
DT-0004053,WO-001712,2025-07-23,Morning,M05,Planned,Preventive maintenance,58.63,1
DT-0004054,WO-001713,2025-07-23,Afternoon,M05,Changeover,Tooling change,46.97,0
DT-0004055,WO-001714,2025-07-23,Morning,M06,Material,Material shortage,13.59,0
DT-0004056,WO-001715,2025-07-23,Afternoon,M06,Process,Parameter adjustment,55.19,0
DT-0004057,WO-001716,2025-07-24,Morning,M01,Breakdown,Sensor fault,5.12,0
DT-0004058,WO-001716,2025-07-24,Morning,M01,Microstop,Vision retry,4.01,0
DT-0004059,WO-001716,2025-07-24,Morning,M01,Process,Parameter adjustment,6.51,0
DT-0004060,WO-001716,2025-07-24,Morning,M01,Changeover,Tooling change,1.07,0
DT-0004061,WO-001716,2025-07-24,Morning,M01,Microstop,Material jam,16.95,0
DT-0004062,WO-001717,2025-07-24,Afternoon,M01,Breakdown,Mechanical fault,19.52,0
DT-0004063,WO-001717,2025-07-24,Afternoon,M01,Breakdown,Mechanical fault,11.74,0
DT-0004064,WO-001717,2025-07-24,Afternoon,M01,Breakdown,Mechanical fault,13.49,0
DT-0004065,WO-001718,2025-07-24,Morning,M02,Process,Parameter adjustment,19.21,0
DT-0004066,WO-001718,2025-07-24,Morning,M02,Changeover,Tooling change,56.97,0
DT-0004067,WO-001719,2025-07-24,Afternoon,M02,Changeover,Tooling change,22.05,0
DT-0004068,WO-001719,2025-07-24,Afternoon,M02,Breakdown,Sensor fault,11.49,0
DT-0004069,WO-001719,2025-07-24,Afternoon,M02,Microstop,Vision retry,5.0,0
DT-0004070,WO-001719,2025-07-24,Afternoon,M02,Process,Parameter adjustment,6.45,0
DT-0004071,WO-001719,2025-07-24,Afternoon,M02,Process,Parameter adjustment,11.5,0
DT-0004072,WO-001720,2025-07-24,Morning,M03,Breakdown,Sensor fault,13.13,0
DT-0004073,WO-001720,2025-07-24,Morning,M03,Breakdown,Mechanical fault,9.5,0
DT-0004074,WO-001720,2025-07-24,Morning,M03,Breakdown,Mechanical fault,9.67,0
DT-0004075,WO-001720,2025-07-24,Morning,M03,Breakdown,Mechanical fault,23.71,0
DT-0004076,WO-001721,2025-07-24,Afternoon,M03,Changeover,Planned changeover,61.66,1
DT-0004077,WO-001722,2025-07-24,Morning,M04,Changeover,Fixture setup,26.17,0
DT-0004078,WO-001722,2025-07-24,Morning,M04,Breakdown,Robot recovery,48.13,0
DT-0004079,WO-001722,2025-07-24,Morning,M04,Changeover,Fixture setup,36.2,0
DT-0004080,WO-001723,2025-07-24,Afternoon,M04,Planned,Preventive maintenance,65.06,1
DT-0004081,WO-001723,2025-07-24,Afternoon,M04,Breakdown,Wire feeder fault,22.93,0
DT-0004082,WO-001723,2025-07-24,Afternoon,M04,Microstop,Material jam,24.94,0
DT-0004083,WO-001724,2025-07-24,Morning,M05,Planned,Calibration,12.16,1
DT-0004084,WO-001724,2025-07-24,Morning,M05,Process,Parameter adjustment,3.14,0
DT-0004085,WO-001724,2025-07-24,Morning,M05,Material,Material shortage,36.45,0
DT-0004086,WO-001724,2025-07-24,Morning,M05,Breakdown,Sensor fault,1.97,0
DT-0004087,WO-001725,2025-07-24,Afternoon,M05,Planned,Calibration,68.53,1
DT-0004088,WO-001726,2025-07-24,Morning,M06,Planned,Calibration,21.58,1
DT-0004089,WO-001726,2025-07-24,Morning,M06,Changeover,Tooling change,18.9,0
DT-0004090,WO-001727,2025-07-24,Afternoon,M06,Microstop,Vision retry,12.06,0
DT-0004091,WO-001727,2025-07-24,Afternoon,M06,Breakdown,Sensor fault,12.05,0
DT-0004092,WO-001727,2025-07-24,Afternoon,M06,Changeover,Tooling change,14.56,0
DT-0004093,WO-001728,2025-07-25,Morning,M01,Changeover,Tooling change,40.91,0
DT-0004094,WO-001728,2025-07-25,Morning,M01,Planned,Preventive maintenance,10.51,1
DT-0004095,WO-001729,2025-07-25,Afternoon,M01,Changeover,Tooling change,34.06,0
DT-0004096,WO-001729,2025-07-25,Afternoon,M01,Microstop,Material jam,16.95,0
DT-0004097,WO-001730,2025-07-25,Morning,M02,Material,Material shortage,33.9,0
DT-0004098,WO-001730,2025-07-25,Morning,M02,Process,Parameter adjustment,10.66,0
DT-0004099,WO-001731,2025-07-25,Afternoon,M02,Breakdown,Sensor fault,8.36,0
DT-0004100,WO-001731,2025-07-25,Afternoon,M02,Process,Parameter adjustment,43.35,0
DT-0004101,WO-001731,2025-07-25,Afternoon,M02,Material,Material shortage,3.5,0
DT-0004102,WO-001732,2025-07-25,Morning,M03,Breakdown,Sensor fault,3.21,0
DT-0004103,WO-001732,2025-07-25,Morning,M03,Process,Parameter adjustment,35.63,0
DT-0004104,WO-001732,2025-07-25,Morning,M03,Breakdown,Mechanical fault,3.2,0
DT-0004105,WO-001733,2025-07-25,Afternoon,M03,Planned,Preventive maintenance,19.78,1
DT-0004106,WO-001733,2025-07-25,Afternoon,M03,Microstop,Material jam,21.68,0
DT-0004107,WO-001734,2025-07-25,Morning,M04,Changeover,Fixture setup,33.57,0
DT-0004108,WO-001734,2025-07-25,Morning,M04,Microstop,Vision retry,72.8,0
DT-0004109,WO-001735,2025-07-25,Afternoon,M04,Changeover,Fixture setup,110.87,0
DT-0004110,WO-001736,2025-07-25,Morning,M05,Material,Material shortage,49.76,0
DT-0004111,WO-001737,2025-07-25,Afternoon,M05,Microstop,Material jam,18.71,0
DT-0004112,WO-001737,2025-07-25,Afternoon,M05,Breakdown,Mechanical fault,32.96,0
DT-0004113,WO-001738,2025-07-25,Morning,M06,Material,Material shortage,20.1,0
DT-0004114,WO-001739,2025-07-25,Afternoon,M06,Process,Parameter adjustment,27.23,0
DT-0004115,WO-001739,2025-07-25,Afternoon,M06,Process,Parameter adjustment,1.4,0
DT-0004116,WO-001739,2025-07-25,Afternoon,M06,Process,Parameter adjustment,1.34,0
DT-0004117,WO-001739,2025-07-25,Afternoon,M06,Planned,Preventive maintenance,0.98,1
DT-0004118,WO-001739,2025-07-25,Afternoon,M06,Changeover,Tooling change,7.88,0
DT-0004119,WO-001740,2025-07-28,Morning,M01,Planned,Calibration,21.8,1
DT-0004120,WO-001740,2025-07-28,Morning,M01,Changeover,Tooling change,20.42,0
DT-0004121,WO-001741,2025-07-28,Afternoon,M01,Changeover,Tooling change,22.43,0
DT-0004122,WO-001741,2025-07-28,Afternoon,M01,Material,Material shortage,38.74,0
DT-0004123,WO-001742,2025-07-28,Morning,M02,Microstop,Material jam,41.12,0
DT-0004124,WO-001743,2025-07-28,Afternoon,M02,Changeover,Tooling change,43.98,0
DT-0004125,WO-001743,2025-07-28,Afternoon,M02,Microstop,Vision retry,7.04,0
DT-0004126,WO-001744,2025-07-28,Morning,M03,Breakdown,Mechanical fault,10.53,0
DT-0004127,WO-001744,2025-07-28,Morning,M03,Changeover,Tooling change,18.09,0
DT-0004128,WO-001744,2025-07-28,Morning,M03,Material,Material shortage,8.29,0
DT-0004129,WO-001744,2025-07-28,Morning,M03,Material,Material shortage,7.76,0
DT-0004130,WO-001744,2025-07-28,Morning,M03,Breakdown,Sensor fault,8.72,0
DT-0004131,WO-001745,2025-07-28,Afternoon,M03,Breakdown,Sensor fault,15.49,0
DT-0004132,WO-001745,2025-07-28,Afternoon,M03,Changeover,Tooling change,30.47,0
DT-0004133,WO-001745,2025-07-28,Afternoon,M03,Material,Material shortage,5.74,0
DT-0004134,WO-001746,2025-07-28,Morning,M04,Changeover,Planned changeover,74.28,1
DT-0004135,WO-001746,2025-07-28,Morning,M04,Breakdown,Wire feeder fault,4.81,0
DT-0004136,WO-001746,2025-07-28,Morning,M04,Material,Material shortage,26.21,0
DT-0004137,WO-001747,2025-07-28,Afternoon,M04,Changeover,Fixture setup,47.74,0
DT-0004138,WO-001747,2025-07-28,Afternoon,M04,Planned,Preventive maintenance,23.48,1
DT-0004139,WO-001747,2025-07-28,Afternoon,M04,Changeover,Fixture setup,40.37,0
DT-0004140,WO-001748,2025-07-28,Morning,M05,Changeover,Tooling change,30.38,0
DT-0004141,WO-001748,2025-07-28,Morning,M05,Microstop,Material jam,12.06,0
DT-0004142,WO-001748,2025-07-28,Morning,M05,Changeover,Tooling change,10.67,0
DT-0004143,WO-001749,2025-07-28,Afternoon,M05,Changeover,Tooling change,53.37,0
DT-0004144,WO-001750,2025-07-28,Morning,M06,Material,Material shortage,8.54,0
DT-0004145,WO-001750,2025-07-28,Morning,M06,Material,Material shortage,2.49,0
DT-0004146,WO-001750,2025-07-28,Morning,M06,Microstop,Vision retry,2.48,0
DT-0004147,WO-001750,2025-07-28,Morning,M06,Material,Material shortage,5.52,0
DT-0004148,WO-001750,2025-07-28,Morning,M06,Process,Parameter adjustment,20.98,0
DT-0004149,WO-001751,2025-07-28,Afternoon,M06,Microstop,Vision retry,27.39,0
DT-0004150,WO-001752,2025-07-29,Morning,M01,Breakdown,Mechanical fault,38.13,0
DT-0004151,WO-001752,2025-07-29,Morning,M01,Planned,Calibration,1.86,1
DT-0004152,WO-001753,2025-07-29,Afternoon,M01,Microstop,Vision retry,24.0,0
DT-0004153,WO-001753,2025-07-29,Afternoon,M01,Changeover,Tooling change,13.39,0
DT-0004154,WO-001753,2025-07-29,Afternoon,M01,Process,Parameter adjustment,3.83,0
DT-0004155,WO-001754,2025-07-29,Morning,M02,Planned,Preventive maintenance,65.08,1
DT-0004156,WO-001755,2025-07-29,Afternoon,M02,Changeover,Planned changeover,19.36,1
DT-0004157,WO-001755,2025-07-29,Afternoon,M02,Microstop,Material jam,2.89,0
DT-0004158,WO-001755,2025-07-29,Afternoon,M02,Material,Material shortage,32.47,0
DT-0004159,WO-001755,2025-07-29,Afternoon,M02,Material,Material shortage,24.31,0
DT-0004160,WO-001756,2025-07-29,Morning,M03,Material,Material shortage,6.37,0
DT-0004161,WO-001756,2025-07-29,Morning,M03,Breakdown,Mechanical fault,37.29,0
DT-0004162,WO-001756,2025-07-29,Morning,M03,Process,Parameter adjustment,11.95,0
DT-0004163,WO-001757,2025-07-29,Afternoon,M03,Microstop,Vision retry,33.96,0
DT-0004164,WO-001757,2025-07-29,Afternoon,M03,Microstop,Material jam,1.2,0
DT-0004165,WO-001757,2025-07-29,Afternoon,M03,Breakdown,Sensor fault,12.26,0
DT-0004166,WO-001758,2025-07-29,Morning,M04,Planned,Preventive maintenance,7.85,1
DT-0004167,WO-001758,2025-07-29,Morning,M04,Breakdown,Robot recovery,81.78,0
DT-0004168,WO-001759,2025-07-29,Afternoon,M04,Process,Weld parameter adjustment,42.52,0
DT-0004169,WO-001759,2025-07-29,Afternoon,M04,Changeover,Fixture setup,73.21,0
DT-0004170,WO-001760,2025-07-29,Morning,M05,Material,Material shortage,49.93,0
DT-0004171,WO-001761,2025-07-29,Afternoon,M05,Changeover,Tooling change,26.0,0
DT-0004172,WO-001761,2025-07-29,Afternoon,M05,Planned,Calibration,33.15,1
DT-0004173,WO-001762,2025-07-29,Morning,M06,Changeover,Tooling change,9.45,0
DT-0004174,WO-001762,2025-07-29,Morning,M06,Planned,Preventive maintenance,19.87,1
DT-0004175,WO-001762,2025-07-29,Morning,M06,Planned,Preventive maintenance,7.2,1
DT-0004176,WO-001763,2025-07-29,Afternoon,M06,Breakdown,Sensor fault,27.43,0
DT-0004177,WO-001763,2025-07-29,Afternoon,M06,Material,Material shortage,10.51,0
DT-0004178,WO-001764,2025-07-30,Morning,M01,Breakdown,Sensor fault,5.87,0
DT-0004179,WO-001764,2025-07-30,Morning,M01,Planned,Preventive maintenance,12.96,1
DT-0004180,WO-001764,2025-07-30,Morning,M01,Changeover,Tooling change,28.57,0
DT-0004181,WO-001765,2025-07-30,Afternoon,M01,Breakdown,Mechanical fault,44.47,0
DT-0004182,WO-001765,2025-07-30,Afternoon,M01,Breakdown,Mechanical fault,1.46,0
DT-0004183,WO-001765,2025-07-30,Afternoon,M01,Planned,Preventive maintenance,21.67,1
DT-0004184,WO-001766,2025-07-30,Morning,M02,Material,Material shortage,8.47,0
DT-0004185,WO-001766,2025-07-30,Morning,M02,Material,Material shortage,19.45,0
DT-0004186,WO-001766,2025-07-30,Morning,M02,Planned,Preventive maintenance,15.59,1
DT-0004187,WO-001767,2025-07-30,Afternoon,M02,Material,Material shortage,6.28,0
DT-0004188,WO-001767,2025-07-30,Afternoon,M02,Planned,Calibration,6.61,1
DT-0004189,WO-001767,2025-07-30,Afternoon,M02,Breakdown,Sensor fault,36.9,0
DT-0004190,WO-001768,2025-07-30,Morning,M03,Changeover,Planned changeover,46.06,1
DT-0004191,WO-001769,2025-07-30,Afternoon,M03,Microstop,Material jam,58.56,0
DT-0004192,WO-001770,2025-07-30,Morning,M04,Breakdown,Mechanical fault,107.04,0
DT-0004193,WO-001771,2025-07-30,Afternoon,M04,Microstop,Torch cleaning,98.06,0
DT-0004194,WO-001771,2025-07-30,Afternoon,M04,Process,Weld parameter adjustment,2.01,0
DT-0004195,WO-001772,2025-07-30,Morning,M05,Planned,Preventive maintenance,26.54,1
DT-0004196,WO-001772,2025-07-30,Morning,M05,Planned,Calibration,22.92,1
DT-0004197,WO-001772,2025-07-30,Morning,M05,Material,Material shortage,11.15,0
DT-0004198,WO-001773,2025-07-30,Afternoon,M05,Microstop,Material jam,19.96,0
DT-0004199,WO-001773,2025-07-30,Afternoon,M05,Material,Material shortage,22.89,0
DT-0004200,WO-001773,2025-07-30,Afternoon,M05,Process,Parameter adjustment,26.03,0
DT-0004201,WO-001774,2025-07-30,Morning,M06,Microstop,Material jam,3.0,0
DT-0004202,WO-001774,2025-07-30,Morning,M06,Planned,Calibration,14.24,1
DT-0004203,WO-001774,2025-07-30,Morning,M06,Planned,Preventive maintenance,9.13,1
DT-0004204,WO-001775,2025-07-30,Afternoon,M06,Microstop,Vision retry,15.8,0
DT-0004205,WO-001775,2025-07-30,Afternoon,M06,Breakdown,Mechanical fault,2.43,0
DT-0004206,WO-001775,2025-07-30,Afternoon,M06,Breakdown,Mechanical fault,0.99,0
DT-0004207,WO-001776,2025-07-31,Morning,M01,Microstop,Material jam,41.66,0
DT-0004208,WO-001777,2025-07-31,Afternoon,M01,Changeover,Planned changeover,3.41,1
DT-0004209,WO-001777,2025-07-31,Afternoon,M01,Material,Material shortage,1.0,0
DT-0004210,WO-001777,2025-07-31,Afternoon,M01,Material,Material shortage,1.91,0
DT-0004211,WO-001777,2025-07-31,Afternoon,M01,Breakdown,Mechanical fault,60.23,0
DT-0004212,WO-001778,2025-07-31,Morning,M02,Planned,Preventive maintenance,22.93,1
DT-0004213,WO-001778,2025-07-31,Morning,M02,Material,Material shortage,23.25,0
DT-0004214,WO-001779,2025-07-31,Afternoon,M02,Breakdown,Mechanical fault,71.37,0
DT-0004215,WO-001780,2025-07-31,Morning,M03,Breakdown,Sensor fault,29.42,0
DT-0004216,WO-001780,2025-07-31,Morning,M03,Breakdown,Mechanical fault,2.46,0
DT-0004217,WO-001781,2025-07-31,Afternoon,M03,Process,Parameter adjustment,2.23,0
DT-0004218,WO-001781,2025-07-31,Afternoon,M03,Planned,Preventive maintenance,17.14,1
DT-0004219,WO-001781,2025-07-31,Afternoon,M03,Changeover,Tooling change,24.16,0
DT-0004220,WO-001781,2025-07-31,Afternoon,M03,Breakdown,Mechanical fault,6.75,0
DT-0004221,WO-001781,2025-07-31,Afternoon,M03,Material,Material shortage,6.06,0
DT-0004222,WO-001782,2025-07-31,Morning,M04,Changeover,Fixture setup,9.98,0
DT-0004223,WO-001782,2025-07-31,Morning,M04,Breakdown,Wire feeder fault,34.71,0
DT-0004224,WO-001782,2025-07-31,Morning,M04,Breakdown,Robot recovery,5.21,0
DT-0004225,WO-001782,2025-07-31,Morning,M04,Breakdown,Wire feeder fault,29.0,0
DT-0004226,WO-001782,2025-07-31,Morning,M04,Changeover,Fixture setup,23.34,0
DT-0004227,WO-001783,2025-07-31,Morning,M05,Microstop,Material jam,21.62,0
DT-0004228,WO-001783,2025-07-31,Morning,M05,Breakdown,Sensor fault,39.7,0
DT-0004229,WO-001784,2025-07-31,Afternoon,M05,Breakdown,Mechanical fault,51.12,0
DT-0004230,WO-001785,2025-07-31,Morning,M06,Planned,Calibration,50.23,1
DT-0004231,WO-001786,2025-07-31,Afternoon,M06,Material,Material shortage,16.07,0
DT-0004232,WO-001786,2025-07-31,Afternoon,M06,Changeover,Tooling change,3.0,0
DT-0004233,WO-001787,2025-08-01,Morning,M01,Material,Material shortage,1.0,0
DT-0004234,WO-001787,2025-08-01,Morning,M01,Changeover,Tooling change,42.15,0
DT-0004235,WO-001787,2025-08-01,Morning,M01,Microstop,Vision retry,11.11,0
DT-0004236,WO-001788,2025-08-01,Afternoon,M01,Microstop,Material jam,38.49,0
DT-0004237,WO-001789,2025-08-01,Morning,M02,Breakdown,Mechanical fault,55.62,0
DT-0004238,WO-001790,2025-08-01,Afternoon,M02,Microstop,Material jam,8.96,0
DT-0004239,WO-001790,2025-08-01,Afternoon,M02,Process,Parameter adjustment,4.56,0
DT-0004240,WO-001790,2025-08-01,Afternoon,M02,Breakdown,Sensor fault,17.47,0
DT-0004241,WO-001790,2025-08-01,Afternoon,M02,Breakdown,Mechanical fault,13.9,0
DT-0004242,WO-001790,2025-08-01,Afternoon,M02,Breakdown,Sensor fault,11.97,0
DT-0004243,WO-001791,2025-08-01,Morning,M03,Process,Parameter adjustment,18.05,0
DT-0004244,WO-001792,2025-08-01,Morning,M04,Microstop,Material jam,95.5,0
DT-0004245,WO-001793,2025-08-01,Afternoon,M04,Changeover,Fixture setup,65.69,0
DT-0004246,WO-001793,2025-08-01,Afternoon,M04,Breakdown,Robot recovery,49.1,0
DT-0004247,WO-001794,2025-08-01,Morning,M05,Changeover,Tooling change,3.18,0
DT-0004248,WO-001794,2025-08-01,Morning,M05,Microstop,Vision retry,5.84,0
DT-0004249,WO-001794,2025-08-01,Morning,M05,Changeover,Tooling change,15.65,0
DT-0004250,WO-001794,2025-08-01,Morning,M05,Breakdown,Mechanical fault,28.13,0
DT-0004251,WO-001795,2025-08-01,Afternoon,M05,Breakdown,Sensor fault,79.72,0
DT-0004252,WO-001796,2025-08-01,Afternoon,M06,Material,Material shortage,22.61,0
DT-0004253,WO-001796,2025-08-01,Afternoon,M06,Microstop,Vision retry,27.44,0
DT-0004254,WO-001797,2025-08-04,Morning,M01,Changeover,Planned changeover,1.0,1
DT-0004255,WO-001797,2025-08-04,Morning,M01,Changeover,Tooling change,34.47,0
DT-0004256,WO-001797,2025-08-04,Morning,M01,Breakdown,Sensor fault,11.83,0
DT-0004257,WO-001798,2025-08-04,Afternoon,M01,Material,Material shortage,15.87,0
DT-0004258,WO-001798,2025-08-04,Afternoon,M01,Microstop,Material jam,19.3,0
DT-0004259,WO-001798,2025-08-04,Afternoon,M01,Changeover,Tooling change,13.77,0
DT-0004260,WO-001799,2025-08-04,Morning,M02,Planned,Preventive maintenance,31.55,1
DT-0004261,WO-001799,2025-08-04,Morning,M02,Process,Parameter adjustment,12.31,0
DT-0004262,WO-001800,2025-08-04,Afternoon,M02,Breakdown,Mechanical fault,59.26,0
DT-0004263,WO-001800,2025-08-04,Afternoon,M02,Microstop,Material jam,15.69,0
DT-0004264,WO-001801,2025-08-04,Morning,M03,Material,Material shortage,34.24,0
DT-0004265,WO-001802,2025-08-04,Afternoon,M03,Breakdown,Mechanical fault,2.08,0
DT-0004266,WO-001802,2025-08-04,Afternoon,M03,Changeover,Planned changeover,23.14,1
DT-0004267,WO-001803,2025-08-04,Morning,M04,Changeover,Fixture setup,93.46,0
DT-0004268,WO-001803,2025-08-04,Morning,M04,Breakdown,Sensor fault,6.69,0
DT-0004269,WO-001804,2025-08-04,Afternoon,M04,Planned,Preventive maintenance,12.22,1
DT-0004270,WO-001804,2025-08-04,Afternoon,M04,Process,Weld parameter adjustment,32.68,0
DT-0004271,WO-001804,2025-08-04,Afternoon,M04,Changeover,Planned changeover,63.81,1
DT-0004272,WO-001805,2025-08-04,Morning,M05,Changeover,Planned changeover,0.99,1
DT-0004273,WO-001805,2025-08-04,Morning,M05,Process,Parameter adjustment,38.79,0
DT-0004274,WO-001806,2025-08-04,Morning,M06,Material,Material shortage,1.59,0
DT-0004275,WO-001806,2025-08-04,Morning,M06,Breakdown,Mechanical fault,3.33,0
DT-0004276,WO-001806,2025-08-04,Morning,M06,Microstop,Vision retry,15.26,0
DT-0004277,WO-001807,2025-08-04,Afternoon,M06,Microstop,Material jam,21.12,0
DT-0004278,WO-001807,2025-08-04,Afternoon,M06,Breakdown,Sensor fault,7.11,0
DT-0004279,WO-001808,2025-08-05,Morning,M01,Microstop,Vision retry,60.06,0
DT-0004280,WO-001809,2025-08-05,Afternoon,M01,Changeover,Tooling change,3.11,0
DT-0004281,WO-001809,2025-08-05,Afternoon,M01,Planned,Preventive maintenance,40.8,1
DT-0004282,WO-001809,2025-08-05,Afternoon,M01,Microstop,Material jam,13.97,0
DT-0004283,WO-001810,2025-08-05,Morning,M02,Changeover,Tooling change,27.09,0
DT-0004284,WO-001810,2025-08-05,Morning,M02,Breakdown,Mechanical fault,18.33,0
DT-0004285,WO-001811,2025-08-05,Afternoon,M02,Changeover,Tooling change,81.35,0
DT-0004286,WO-001812,2025-08-05,Morning,M03,Breakdown,Mechanical fault,15.97,0
DT-0004287,WO-001812,2025-08-05,Morning,M03,Changeover,Tooling change,4.94,0
DT-0004288,WO-001812,2025-08-05,Morning,M03,Breakdown,Mechanical fault,19.79,0
DT-0004289,WO-001813,2025-08-05,Afternoon,M03,Material,Material shortage,64.52,0
DT-0004290,WO-001814,2025-08-05,Afternoon,M04,Changeover,Fixture setup,131.11,0
DT-0004291,WO-001815,2025-08-05,Morning,M05,Breakdown,Mechanical fault,2.89,0
DT-0004292,WO-001815,2025-08-05,Morning,M05,Changeover,Planned changeover,12.73,1
DT-0004293,WO-001815,2025-08-05,Morning,M05,Changeover,Tooling change,23.25,0
DT-0004294,WO-001816,2025-08-05,Afternoon,M05,Breakdown,Mechanical fault,43.76,0
DT-0004295,WO-001816,2025-08-05,Afternoon,M05,Changeover,Planned changeover,17.08,1
DT-0004296,WO-001817,2025-08-05,Morning,M06,Planned,Preventive maintenance,5.72,1
DT-0004297,WO-001817,2025-08-05,Morning,M06,Material,Material shortage,4.3,0
DT-0004298,WO-001817,2025-08-05,Morning,M06,Breakdown,Mechanical fault,2.88,0
DT-0004299,WO-001818,2025-08-05,Afternoon,M06,Planned,Calibration,2.63,1
DT-0004300,WO-001818,2025-08-05,Afternoon,M06,Process,Parameter adjustment,23.99,0
DT-0004301,WO-001818,2025-08-05,Afternoon,M06,Changeover,Tooling change,1.7,0
DT-0004302,WO-001819,2025-08-06,Morning,M01,Material,Material shortage,29.95,0
DT-0004303,WO-001819,2025-08-06,Morning,M01,Process,Parameter adjustment,13.16,0
DT-0004304,WO-001820,2025-08-06,Afternoon,M01,Breakdown,Mechanical fault,5.67,0
DT-0004305,WO-001820,2025-08-06,Afternoon,M01,Breakdown,Sensor fault,46.37,0
DT-0004306,WO-001820,2025-08-06,Afternoon,M01,Material,Material shortage,14.05,0
DT-0004307,WO-001821,2025-08-06,Morning,M02,Microstop,Material jam,53.56,0
DT-0004308,WO-001822,2025-08-06,Afternoon,M02,Changeover,Tooling change,65.94,0
DT-0004309,WO-001823,2025-08-06,Morning,M03,Process,Parameter adjustment,32.51,0
DT-0004310,WO-001823,2025-08-06,Morning,M03,Planned,Preventive maintenance,4.95,1
DT-0004311,WO-001823,2025-08-06,Morning,M03,Material,Material shortage,0.99,0
DT-0004312,WO-001824,2025-08-06,Afternoon,M03,Microstop,Vision retry,0.98,0
DT-0004313,WO-001824,2025-08-06,Afternoon,M03,Changeover,Tooling change,41.52,0
DT-0004314,WO-001825,2025-08-06,Morning,M04,Breakdown,Wire feeder fault,8.88,0
DT-0004315,WO-001825,2025-08-06,Morning,M04,Process,Weld parameter adjustment,84.57,0
DT-0004316,WO-001826,2025-08-06,Afternoon,M04,Microstop,Material jam,69.73,0
DT-0004317,WO-001826,2025-08-06,Afternoon,M04,Changeover,Fixture setup,34.9,0
DT-0004318,WO-001826,2025-08-06,Afternoon,M04,Microstop,Torch cleaning,4.63,0
DT-0004319,WO-001827,2025-08-06,Morning,M05,Breakdown,Sensor fault,5.31,0
DT-0004320,WO-001827,2025-08-06,Morning,M05,Material,Material shortage,36.44,0
DT-0004321,WO-001827,2025-08-06,Morning,M05,Microstop,Material jam,7.68,0
DT-0004322,WO-001827,2025-08-06,Morning,M05,Breakdown,Sensor fault,8.63,0
DT-0004323,WO-001828,2025-08-06,Afternoon,M05,Breakdown,Sensor fault,24.37,0
DT-0004324,WO-001828,2025-08-06,Afternoon,M05,Material,Material shortage,18.41,0
DT-0004325,WO-001828,2025-08-06,Afternoon,M05,Microstop,Vision retry,15.94,0
DT-0004326,WO-001829,2025-08-06,Morning,M06,Microstop,Material jam,9.04,0
DT-0004327,WO-001829,2025-08-06,Morning,M06,Process,Parameter adjustment,0.88,0
DT-0004328,WO-001829,2025-08-06,Morning,M06,Changeover,Tooling change,0.88,0
DT-0004329,WO-001829,2025-08-06,Morning,M06,Microstop,Material jam,2.09,0
DT-0004330,WO-001830,2025-08-07,Afternoon,M01,Microstop,Vision retry,32.28,0
DT-0004331,WO-001830,2025-08-07,Afternoon,M01,Microstop,Material jam,15.12,0
DT-0004332,WO-001831,2025-08-07,Morning,M02,Planned,Calibration,67.01,1
DT-0004333,WO-001831,2025-08-07,Morning,M02,Material,Material shortage,5.67,0
DT-0004334,WO-001832,2025-08-07,Afternoon,M02,Changeover,Tooling change,46.23,0
DT-0004335,WO-001832,2025-08-07,Afternoon,M02,Process,Parameter adjustment,2.89,0
DT-0004336,WO-001832,2025-08-07,Afternoon,M02,Process,Parameter adjustment,5.48,0
DT-0004337,WO-001833,2025-08-07,Morning,M03,Changeover,Tooling change,12.15,0
DT-0004338,WO-001833,2025-08-07,Morning,M03,Changeover,Planned changeover,37.52,1
DT-0004339,WO-001834,2025-08-07,Afternoon,M03,Process,Parameter adjustment,1.8,0
DT-0004340,WO-001834,2025-08-07,Afternoon,M03,Microstop,Material jam,27.8,0
DT-0004341,WO-001834,2025-08-07,Afternoon,M03,Microstop,Vision retry,9.2,0
DT-0004342,WO-001835,2025-08-07,Morning,M04,Breakdown,Sensor fault,105.18,0
DT-0004343,WO-001836,2025-08-07,Afternoon,M04,Planned,Calibration,100.21,1
DT-0004344,WO-001837,2025-08-07,Morning,M05,Microstop,Material jam,41.53,0
DT-0004345,WO-001837,2025-08-07,Morning,M05,Planned,Preventive maintenance,5.63,1
DT-0004346,WO-001838,2025-08-07,Afternoon,M05,Changeover,Tooling change,71.35,0
DT-0004347,WO-001839,2025-08-07,Morning,M06,Process,Parameter adjustment,10.06,0
DT-0004348,WO-001839,2025-08-07,Morning,M06,Microstop,Material jam,2.01,0
DT-0004349,WO-001839,2025-08-07,Morning,M06,Breakdown,Mechanical fault,31.31,0
DT-0004350,WO-001840,2025-08-07,Afternoon,M06,Planned,Calibration,44.52,1
DT-0004351,WO-001841,2025-08-08,Morning,M01,Microstop,Vision retry,24.91,0
DT-0004352,WO-001841,2025-08-08,Morning,M01,Microstop,Vision retry,3.62,0
DT-0004353,WO-001841,2025-08-08,Morning,M01,Breakdown,Sensor fault,7.37,0
DT-0004354,WO-001842,2025-08-08,Afternoon,M01,Microstop,Material jam,59.02,0
DT-0004355,WO-001843,2025-08-08,Morning,M02,Microstop,Material jam,47.35,0
DT-0004356,WO-001844,2025-08-08,Morning,M03,Changeover,Tooling change,9.07,0
DT-0004357,WO-001844,2025-08-08,Morning,M03,Material,Material shortage,10.83,0
DT-0004358,WO-001844,2025-08-08,Morning,M03,Process,Parameter adjustment,17.08,0
DT-0004359,WO-001844,2025-08-08,Morning,M03,Process,Parameter adjustment,11.37,0
DT-0004360,WO-001845,2025-08-08,Afternoon,M03,Material,Material shortage,45.17,0
DT-0004361,WO-001845,2025-08-08,Afternoon,M03,Breakdown,Sensor fault,5.03,0
DT-0004362,WO-001845,2025-08-08,Afternoon,M03,Changeover,Tooling change,0.99,0
DT-0004363,WO-001845,2025-08-08,Afternoon,M03,Changeover,Planned changeover,8.71,1
DT-0004364,WO-001846,2025-08-08,Morning,M04,Microstop,Material jam,3.45,0
DT-0004365,WO-001846,2025-08-08,Morning,M04,Planned,Preventive maintenance,57.45,1
DT-0004366,WO-001846,2025-08-08,Morning,M04,Planned,Preventive maintenance,59.78,1
DT-0004367,WO-001847,2025-08-08,Morning,M05,Process,Parameter adjustment,46.29,0
DT-0004368,WO-001848,2025-08-08,Afternoon,M05,Changeover,Tooling change,45.67,0
DT-0004369,WO-001848,2025-08-08,Afternoon,M05,Breakdown,Mechanical fault,7.57,0
DT-0004370,WO-001849,2025-08-08,Morning,M06,Breakdown,Mechanical fault,9.46,0
DT-0004371,WO-001849,2025-08-08,Morning,M06,Breakdown,Mechanical fault,6.53,0
DT-0004372,WO-001849,2025-08-08,Morning,M06,Microstop,Material jam,5.7,0
DT-0004373,WO-001850,2025-08-08,Afternoon,M06,Microstop,Vision retry,4.92,0
DT-0004374,WO-001850,2025-08-08,Afternoon,M06,Material,Material shortage,18.05,0
DT-0004375,WO-001851,2025-08-11,Morning,M01,Planned,Preventive maintenance,43.04,1
DT-0004376,WO-001852,2025-08-11,Morning,M02,Breakdown,Mechanical fault,28.87,0
DT-0004377,WO-001852,2025-08-11,Morning,M02,Microstop,Material jam,5.22,0
DT-0004378,WO-001852,2025-08-11,Morning,M02,Microstop,Vision retry,22.05,0
DT-0004379,WO-001852,2025-08-11,Morning,M02,Breakdown,Mechanical fault,1.39,0
DT-0004380,WO-001853,2025-08-11,Afternoon,M02,Breakdown,Mechanical fault,57.37,0
DT-0004381,WO-001853,2025-08-11,Afternoon,M02,Material,Material shortage,11.25,0
DT-0004382,WO-001854,2025-08-11,Morning,M03,Breakdown,Sensor fault,54.63,0
DT-0004383,WO-001855,2025-08-11,Afternoon,M03,Changeover,Planned changeover,58.49,1
DT-0004384,WO-001856,2025-08-11,Morning,M04,Microstop,Material jam,100.27,0
DT-0004385,WO-001857,2025-08-11,Afternoon,M04,Changeover,Fixture setup,8.11,0
DT-0004386,WO-001857,2025-08-11,Afternoon,M04,Changeover,Fixture setup,68.74,0
DT-0004387,WO-001857,2025-08-11,Afternoon,M04,Changeover,Fixture setup,7.98,0
DT-0004388,WO-001857,2025-08-11,Afternoon,M04,Changeover,Fixture setup,7.6,0
DT-0004389,WO-001858,2025-08-11,Morning,M05,Breakdown,Mechanical fault,23.09,0
DT-0004390,WO-001858,2025-08-11,Morning,M05,Changeover,Planned changeover,34.37,1
DT-0004391,WO-001859,2025-08-11,Afternoon,M05,Microstop,Material jam,17.19,0
DT-0004392,WO-001859,2025-08-11,Afternoon,M05,Material,Material shortage,41.14,0
DT-0004393,WO-001860,2025-08-11,Morning,M06,Microstop,Material jam,3.66,0
DT-0004394,WO-001860,2025-08-11,Morning,M06,Breakdown,Mechanical fault,8.22,0
DT-0004395,WO-001860,2025-08-11,Morning,M06,Material,Material shortage,0.98,0
DT-0004396,WO-001860,2025-08-11,Morning,M06,Breakdown,Mechanical fault,4.77,0
DT-0004397,WO-001860,2025-08-11,Morning,M06,Planned,Preventive maintenance,6.85,1
DT-0004398,WO-001861,2025-08-11,Afternoon,M06,Changeover,Tooling change,3.83,0
DT-0004399,WO-001861,2025-08-11,Afternoon,M06,Breakdown,Mechanical fault,18.16,0
DT-0004400,WO-001861,2025-08-11,Afternoon,M06,Breakdown,Sensor fault,18.27,0
DT-0004401,WO-001862,2025-08-12,Morning,M01,Breakdown,Sensor fault,16.1,0
DT-0004402,WO-001862,2025-08-12,Morning,M01,Process,Parameter adjustment,0.99,0
DT-0004403,WO-001862,2025-08-12,Morning,M01,Microstop,Vision retry,22.0,0
DT-0004404,WO-001863,2025-08-12,Afternoon,M01,Changeover,Planned changeover,10.72,1
DT-0004405,WO-001863,2025-08-12,Afternoon,M01,Microstop,Material jam,58.1,0
DT-0004406,WO-001864,2025-08-12,Morning,M02,Microstop,Vision retry,20.02,0
DT-0004407,WO-001864,2025-08-12,Morning,M02,Breakdown,Sensor fault,5.84,0
DT-0004408,WO-001864,2025-08-12,Morning,M02,Microstop,Material jam,24.48,0
DT-0004409,WO-001865,2025-08-12,Afternoon,M02,Process,Parameter adjustment,21.84,0
DT-0004410,WO-001865,2025-08-12,Afternoon,M02,Microstop,Material jam,46.81,0
DT-0004411,WO-001865,2025-08-12,Afternoon,M02,Material,Material shortage,0.99,0
DT-0004412,WO-001866,2025-08-12,Morning,M03,Material,Material shortage,12.32,0
DT-0004413,WO-001866,2025-08-12,Morning,M03,Microstop,Vision retry,9.17,0
DT-0004414,WO-001866,2025-08-12,Morning,M03,Breakdown,Mechanical fault,23.24,0
DT-0004415,WO-001866,2025-08-12,Morning,M03,Process,Parameter adjustment,3.07,0
DT-0004416,WO-001867,2025-08-12,Afternoon,M03,Breakdown,Sensor fault,32.51,0
DT-0004417,WO-001867,2025-08-12,Afternoon,M03,Material,Material shortage,24.83,0
DT-0004418,WO-001868,2025-08-12,Morning,M04,Breakdown,Wire feeder fault,26.45,0
DT-0004419,WO-001868,2025-08-12,Morning,M04,Changeover,Fixture setup,10.77,0
DT-0004420,WO-001868,2025-08-12,Morning,M04,Process,Weld parameter adjustment,54.74,0
DT-0004421,WO-001869,2025-08-12,Afternoon,M04,Breakdown,Robot recovery,112.23,0
DT-0004422,WO-001870,2025-08-12,Morning,M05,Process,Parameter adjustment,44.65,0
DT-0004423,WO-001871,2025-08-12,Afternoon,M05,Microstop,Material jam,33.0,0
DT-0004424,WO-001871,2025-08-12,Afternoon,M05,Material,Material shortage,10.96,0
DT-0004425,WO-001871,2025-08-12,Afternoon,M05,Breakdown,Mechanical fault,5.91,0
DT-0004426,WO-001872,2025-08-12,Morning,M06,Changeover,Planned changeover,0.98,1
DT-0004427,WO-001872,2025-08-12,Morning,M06,Planned,Preventive maintenance,2.76,1
DT-0004428,WO-001872,2025-08-12,Morning,M06,Changeover,Planned changeover,9.17,1
DT-0004429,WO-001873,2025-08-12,Afternoon,M06,Material,Material shortage,2.04,0
DT-0004430,WO-001873,2025-08-12,Afternoon,M06,Material,Material shortage,7.35,0
DT-0004431,WO-001873,2025-08-12,Afternoon,M06,Microstop,Vision retry,8.37,0
DT-0004432,WO-001873,2025-08-12,Afternoon,M06,Planned,Calibration,15.69,1
DT-0004433,WO-001874,2025-08-13,Morning,M01,Planned,Preventive maintenance,13.01,1
DT-0004434,WO-001874,2025-08-13,Morning,M01,Microstop,Material jam,37.07,0
DT-0004435,WO-001875,2025-08-13,Afternoon,M01,Process,Parameter adjustment,6.72,0
DT-0004436,WO-001875,2025-08-13,Afternoon,M01,Breakdown,Sensor fault,10.12,0
DT-0004437,WO-001875,2025-08-13,Afternoon,M01,Microstop,Material jam,33.02,0
DT-0004438,WO-001876,2025-08-13,Morning,M02,Material,Material shortage,14.34,0
DT-0004439,WO-001876,2025-08-13,Morning,M02,Process,Parameter adjustment,32.58,0
DT-0004440,WO-001876,2025-08-13,Morning,M02,Microstop,Material jam,11.47,0
DT-0004441,WO-001877,2025-08-13,Afternoon,M02,Breakdown,Sensor fault,14.53,0
DT-0004442,WO-001877,2025-08-13,Afternoon,M02,Breakdown,Sensor fault,0.98,0
DT-0004443,WO-001877,2025-08-13,Afternoon,M02,Breakdown,Sensor fault,32.01,0
DT-0004444,WO-001877,2025-08-13,Afternoon,M02,Microstop,Vision retry,6.41,0
DT-0004445,WO-001878,2025-08-13,Morning,M03,Planned,Preventive maintenance,24.79,1
DT-0004446,WO-001878,2025-08-13,Morning,M03,Breakdown,Sensor fault,30.75,0
DT-0004447,WO-001878,2025-08-13,Morning,M03,Changeover,Tooling change,3.67,0
DT-0004448,WO-001879,2025-08-13,Afternoon,M03,Material,Material shortage,47.12,0
DT-0004449,WO-001879,2025-08-13,Afternoon,M03,Microstop,Vision retry,4.25,0
DT-0004450,WO-001880,2025-08-13,Morning,M04,Planned,Calibration,101.23,1
DT-0004451,WO-001880,2025-08-13,Morning,M04,Changeover,Fixture setup,13.33,0
DT-0004452,WO-001881,2025-08-13,Afternoon,M04,Changeover,Fixture setup,73.16,0
DT-0004453,WO-001881,2025-08-13,Afternoon,M04,Changeover,Fixture setup,12.07,0
DT-0004454,WO-001881,2025-08-13,Afternoon,M04,Breakdown,Mechanical fault,22.49,0
DT-0004455,WO-001882,2025-08-13,Morning,M05,Breakdown,Mechanical fault,63.84,0
DT-0004456,WO-001883,2025-08-13,Afternoon,M05,Planned,Preventive maintenance,33.98,1
DT-0004457,WO-001883,2025-08-13,Afternoon,M05,Planned,Preventive maintenance,21.47,1
DT-0004458,WO-001884,2025-08-13,Morning,M06,Breakdown,Sensor fault,6.48,0
DT-0004459,WO-001884,2025-08-13,Morning,M06,Material,Material shortage,10.14,0
DT-0004460,WO-001884,2025-08-13,Morning,M06,Breakdown,Sensor fault,13.72,0
DT-0004461,WO-001884,2025-08-13,Morning,M06,Changeover,Tooling change,6.81,0
DT-0004462,WO-001885,2025-08-13,Afternoon,M06,Microstop,Material jam,38.17,0
DT-0004463,WO-001886,2025-08-14,Morning,M01,Microstop,Vision retry,17.4,0
DT-0004464,WO-001886,2025-08-14,Morning,M01,Breakdown,Mechanical fault,15.39,0
DT-0004465,WO-001886,2025-08-14,Morning,M01,Microstop,Material jam,5.54,0
DT-0004466,WO-001887,2025-08-14,Afternoon,M01,Material,Material shortage,34.68,0
DT-0004467,WO-001887,2025-08-14,Afternoon,M01,Changeover,Planned changeover,14.72,1
DT-0004468,WO-001888,2025-08-14,Morning,M02,Microstop,Vision retry,16.63,0
DT-0004469,WO-001888,2025-08-14,Morning,M02,Breakdown,Sensor fault,10.32,0
DT-0004470,WO-001888,2025-08-14,Morning,M02,Planned,Preventive maintenance,16.2,1
DT-0004471,WO-001889,2025-08-14,Afternoon,M02,Changeover,Planned changeover,67.78,1
DT-0004472,WO-001890,2025-08-14,Morning,M03,Breakdown,Sensor fault,33.59,0
DT-0004473,WO-001891,2025-08-14,Afternoon,M03,Breakdown,Mechanical fault,53.27,0
DT-0004474,WO-001891,2025-08-14,Afternoon,M03,Breakdown,Sensor fault,1.47,0
DT-0004475,WO-001891,2025-08-14,Afternoon,M03,Breakdown,Mechanical fault,5.31,0
DT-0004476,WO-001892,2025-08-14,Morning,M04,Breakdown,Robot recovery,90.15,0
DT-0004477,WO-001893,2025-08-14,Morning,M05,Breakdown,Sensor fault,16.68,0
DT-0004478,WO-001893,2025-08-14,Morning,M05,Process,Parameter adjustment,23.77,0
DT-0004479,WO-001894,2025-08-14,Morning,M06,Microstop,Vision retry,6.46,0
DT-0004480,WO-001894,2025-08-14,Morning,M06,Process,Parameter adjustment,8.68,0
DT-0004481,WO-001894,2025-08-14,Morning,M06,Changeover,Tooling change,12.89,0
DT-0004482,WO-001895,2025-08-14,Afternoon,M06,Material,Material shortage,43.53,0
DT-0004483,WO-001896,2025-08-15,Afternoon,M01,Changeover,Tooling change,63.91,0
DT-0004484,WO-001897,2025-08-15,Morning,M02,Planned,Preventive maintenance,50.27,1
DT-0004485,WO-001897,2025-08-15,Morning,M02,Microstop,Material jam,8.05,0
DT-0004486,WO-001897,2025-08-15,Morning,M02,Material,Material shortage,6.28,0
DT-0004487,WO-001898,2025-08-15,Afternoon,M02,Microstop,Material jam,50.15,0
DT-0004488,WO-001899,2025-08-15,Morning,M03,Breakdown,Mechanical fault,16.38,0
DT-0004489,WO-001899,2025-08-15,Morning,M03,Microstop,Vision retry,28.63,0
DT-0004490,WO-001900,2025-08-15,Afternoon,M03,Material,Material shortage,19.19,0
DT-0004491,WO-001900,2025-08-15,Afternoon,M03,Planned,Calibration,17.48,1
DT-0004492,WO-001900,2025-08-15,Afternoon,M03,Breakdown,Mechanical fault,10.05,0
DT-0004493,WO-001901,2025-08-15,Morning,M04,Process,Weld parameter adjustment,16.96,0
DT-0004494,WO-001901,2025-08-15,Morning,M04,Process,Weld parameter adjustment,84.48,0
DT-0004495,WO-001902,2025-08-15,Afternoon,M04,Breakdown,Mechanical fault,49.5,0
DT-0004496,WO-001902,2025-08-15,Afternoon,M04,Material,Material shortage,56.24,0
DT-0004497,WO-001903,2025-08-15,Morning,M05,Material,Material shortage,2.9,0
DT-0004498,WO-001903,2025-08-15,Morning,M05,Changeover,Tooling change,50.72,0
DT-0004499,WO-001904,2025-08-15,Afternoon,M05,Planned,Preventive maintenance,5.22,1
DT-0004500,WO-001904,2025-08-15,Afternoon,M05,Breakdown,Mechanical fault,23.97,0
DT-0004501,WO-001904,2025-08-15,Afternoon,M05,Microstop,Vision retry,17.47,0
DT-0004502,WO-001905,2025-08-15,Morning,M06,Breakdown,Sensor fault,15.47,0
DT-0004503,WO-001905,2025-08-15,Morning,M06,Planned,Calibration,1.0,1
DT-0004504,WO-001905,2025-08-15,Morning,M06,Microstop,Material jam,2.5,0
DT-0004505,WO-001905,2025-08-15,Morning,M06,Material,Material shortage,11.94,0
DT-0004506,WO-001906,2025-08-15,Afternoon,M06,Breakdown,Mechanical fault,20.26,0
DT-0004507,WO-001907,2025-08-18,Morning,M01,Microstop,Material jam,1.7,0
DT-0004508,WO-001907,2025-08-18,Morning,M01,Breakdown,Sensor fault,7.4,0
DT-0004509,WO-001907,2025-08-18,Morning,M01,Planned,Preventive maintenance,24.43,1
DT-0004510,WO-001907,2025-08-18,Morning,M01,Breakdown,Sensor fault,7.68,0
DT-0004511,WO-001907,2025-08-18,Morning,M01,Changeover,Planned changeover,3.69,1
DT-0004512,WO-001908,2025-08-18,Afternoon,M01,Microstop,Material jam,9.45,0
DT-0004513,WO-001908,2025-08-18,Afternoon,M01,Breakdown,Sensor fault,28.82,0
DT-0004514,WO-001908,2025-08-18,Afternoon,M01,Planned,Preventive maintenance,0.99,1
DT-0004515,WO-001908,2025-08-18,Afternoon,M01,Microstop,Material jam,17.79,0
DT-0004516,WO-001909,2025-08-18,Morning,M02,Microstop,Material jam,41.34,0
DT-0004517,WO-001909,2025-08-18,Morning,M02,Microstop,Material jam,4.83,0
DT-0004518,WO-001910,2025-08-18,Morning,M03,Process,Parameter adjustment,23.47,0
DT-0004519,WO-001910,2025-08-18,Morning,M03,Breakdown,Sensor fault,8.46,0
DT-0004520,WO-001910,2025-08-18,Morning,M03,Changeover,Tooling change,10.51,0
DT-0004521,WO-001911,2025-08-18,Afternoon,M03,Microstop,Material jam,48.75,0
DT-0004522,WO-001912,2025-08-18,Morning,M04,Changeover,Fixture setup,7.79,0
DT-0004523,WO-001912,2025-08-18,Morning,M04,Changeover,Tooling change,58.2,0
DT-0004524,WO-001912,2025-08-18,Morning,M04,Changeover,Fixture setup,26.34,0
DT-0004525,WO-001912,2025-08-18,Morning,M04,Changeover,Planned changeover,26.32,1
DT-0004526,WO-001913,2025-08-18,Afternoon,M04,Changeover,Fixture setup,31.06,0
DT-0004527,WO-001913,2025-08-18,Afternoon,M04,Process,Weld parameter adjustment,30.1,0
DT-0004528,WO-001913,2025-08-18,Afternoon,M04,Changeover,Fixture setup,4.56,0
DT-0004529,WO-001913,2025-08-18,Afternoon,M04,Planned,Calibration,16.0,1
DT-0004530,WO-001913,2025-08-18,Afternoon,M04,Breakdown,Robot recovery,22.04,0
DT-0004531,WO-001914,2025-08-18,Morning,M05,Material,Material shortage,62.44,0
DT-0004532,WO-001915,2025-08-18,Afternoon,M05,Changeover,Tooling change,23.18,0
DT-0004533,WO-001915,2025-08-18,Afternoon,M05,Microstop,Vision retry,17.67,0
DT-0004534,WO-001915,2025-08-18,Afternoon,M05,Changeover,Planned changeover,8.31,1
DT-0004535,WO-001915,2025-08-18,Afternoon,M05,Planned,Preventive maintenance,6.28,1
DT-0004536,WO-001916,2025-08-18,Afternoon,M06,Breakdown,Mechanical fault,15.2,0
DT-0004537,WO-001916,2025-08-18,Afternoon,M06,Material,Material shortage,0.95,0
DT-0004538,WO-001917,2025-08-19,Morning,M01,Microstop,Vision retry,18.08,0
DT-0004539,WO-001917,2025-08-19,Morning,M01,Breakdown,Sensor fault,16.81,0
DT-0004540,WO-001917,2025-08-19,Morning,M01,Material,Material shortage,1.03,0
DT-0004541,WO-001918,2025-08-19,Afternoon,M01,Material,Material shortage,57.08,0
DT-0004542,WO-001919,2025-08-19,Morning,M02,Material,Material shortage,4.97,0
DT-0004543,WO-001919,2025-08-19,Morning,M02,Changeover,Tooling change,47.9,0
DT-0004544,WO-001919,2025-08-19,Morning,M02,Process,Parameter adjustment,11.73,0
DT-0004545,WO-001919,2025-08-19,Morning,M02,Microstop,Material jam,0.99,0
DT-0004546,WO-001920,2025-08-19,Afternoon,M02,Microstop,Vision retry,71.08,0
DT-0004547,WO-001921,2025-08-19,Morning,M03,Changeover,Tooling change,35.09,0
DT-0004548,WO-001921,2025-08-19,Morning,M03,Material,Material shortage,11.78,0
DT-0004549,WO-001921,2025-08-19,Morning,M03,Material,Material shortage,7.67,0
DT-0004550,WO-001921,2025-08-19,Morning,M03,Breakdown,Sensor fault,3.82,0
DT-0004551,WO-001922,2025-08-19,Afternoon,M03,Breakdown,Sensor fault,0.99,0
DT-0004552,WO-001922,2025-08-19,Afternoon,M03,Breakdown,Sensor fault,39.41,0
DT-0004553,WO-001923,2025-08-19,Morning,M04,Planned,Calibration,77.13,1
DT-0004554,WO-001923,2025-08-19,Morning,M04,Changeover,Fixture setup,18.17,0
DT-0004555,WO-001924,2025-08-19,Afternoon,M04,Planned,Preventive maintenance,102.84,1
DT-0004556,WO-001925,2025-08-19,Afternoon,M05,Breakdown,Sensor fault,70.94,0
DT-0004557,WO-001926,2025-08-19,Morning,M06,Changeover,Tooling change,9.99,0
DT-0004558,WO-001926,2025-08-19,Morning,M06,Microstop,Vision retry,12.31,0
DT-0004559,WO-001927,2025-08-19,Afternoon,M06,Material,Material shortage,11.97,0
DT-0004560,WO-001927,2025-08-19,Afternoon,M06,Planned,Calibration,16.8,1
DT-0004561,WO-001927,2025-08-19,Afternoon,M06,Breakdown,Mechanical fault,21.18,0
DT-0004562,WO-001928,2025-08-20,Morning,M01,Planned,Calibration,62.0,1
DT-0004563,WO-001929,2025-08-20,Afternoon,M01,Changeover,Tooling change,1.35,0
DT-0004564,WO-001929,2025-08-20,Afternoon,M01,Material,Material shortage,60.43,0
DT-0004565,WO-001930,2025-08-20,Morning,M02,Microstop,Vision retry,63.42,0
DT-0004566,WO-001931,2025-08-20,Afternoon,M02,Changeover,Tooling change,73.47,0
DT-0004567,WO-001932,2025-08-20,Morning,M03,Microstop,Vision retry,9.04,0
DT-0004568,WO-001932,2025-08-20,Morning,M03,Material,Material shortage,21.47,0
DT-0004569,WO-001933,2025-08-20,Afternoon,M03,Process,Parameter adjustment,49.65,0
DT-0004570,WO-001933,2025-08-20,Afternoon,M03,Process,Parameter adjustment,8.76,0
DT-0004571,WO-001934,2025-08-20,Morning,M04,Microstop,Torch cleaning,77.97,0
DT-0004572,WO-001934,2025-08-20,Morning,M04,Process,Weld parameter adjustment,36.79,0
DT-0004573,WO-001935,2025-08-20,Afternoon,M04,Breakdown,Robot recovery,95.98,0
DT-0004574,WO-001935,2025-08-20,Afternoon,M04,Breakdown,Wire feeder fault,20.61,0
DT-0004575,WO-001936,2025-08-20,Morning,M05,Microstop,Vision retry,4.14,0
DT-0004576,WO-001936,2025-08-20,Morning,M05,Breakdown,Mechanical fault,28.09,0
DT-0004577,WO-001936,2025-08-20,Morning,M05,Microstop,Material jam,16.36,0
DT-0004578,WO-001937,2025-08-20,Afternoon,M05,Breakdown,Sensor fault,70.51,0
DT-0004579,WO-001938,2025-08-20,Morning,M06,Breakdown,Sensor fault,9.28,0
DT-0004580,WO-001938,2025-08-20,Morning,M06,Process,Parameter adjustment,19.19,0
DT-0004581,WO-001939,2025-08-20,Afternoon,M06,Breakdown,Mechanical fault,26.14,0
DT-0004582,WO-001939,2025-08-20,Afternoon,M06,Process,Parameter adjustment,5.23,0
DT-0004583,WO-001940,2025-08-21,Morning,M01,Changeover,Tooling change,35.94,0
DT-0004584,WO-001940,2025-08-21,Morning,M01,Microstop,Material jam,20.31,0
DT-0004585,WO-001941,2025-08-21,Afternoon,M01,Material,Material shortage,20.71,0
DT-0004586,WO-001941,2025-08-21,Afternoon,M01,Material,Material shortage,44.58,0
DT-0004587,WO-001942,2025-08-21,Morning,M02,Changeover,Tooling change,44.19,0
DT-0004588,WO-001943,2025-08-21,Afternoon,M02,Microstop,Material jam,19.71,0
DT-0004589,WO-001943,2025-08-21,Afternoon,M02,Changeover,Planned changeover,30.67,1
DT-0004590,WO-001943,2025-08-21,Afternoon,M02,Breakdown,Sensor fault,18.59,0
DT-0004591,WO-001944,2025-08-21,Morning,M03,Breakdown,Sensor fault,11.35,0
DT-0004592,WO-001944,2025-08-21,Morning,M03,Breakdown,Mechanical fault,12.5,0
DT-0004593,WO-001944,2025-08-21,Morning,M03,Planned,Preventive maintenance,36.88,1
DT-0004594,WO-001945,2025-08-21,Afternoon,M03,Microstop,Material jam,7.46,0
DT-0004595,WO-001945,2025-08-21,Afternoon,M03,Breakdown,Sensor fault,34.95,0
DT-0004596,WO-001945,2025-08-21,Afternoon,M03,Breakdown,Sensor fault,13.5,0
DT-0004597,WO-001946,2025-08-21,Morning,M04,Changeover,Fixture setup,95.96,0
DT-0004598,WO-001947,2025-08-21,Afternoon,M04,Breakdown,Robot recovery,104.8,0
DT-0004599,WO-001948,2025-08-21,Morning,M05,Process,Parameter adjustment,41.75,0
DT-0004600,WO-001949,2025-08-21,Morning,M06,Microstop,Vision retry,1.41,0
DT-0004601,WO-001949,2025-08-21,Morning,M06,Breakdown,Mechanical fault,19.15,0
DT-0004602,WO-001949,2025-08-21,Morning,M06,Process,Parameter adjustment,24.13,0
DT-0004603,WO-001950,2025-08-22,Morning,M01,Microstop,Vision retry,24.9,0
DT-0004604,WO-001950,2025-08-22,Morning,M01,Planned,Preventive maintenance,11.68,1
DT-0004605,WO-001951,2025-08-22,Afternoon,M01,Changeover,Tooling change,56.78,0
DT-0004606,WO-001952,2025-08-22,Morning,M02,Microstop,Material jam,13.45,0
DT-0004607,WO-001952,2025-08-22,Morning,M02,Planned,Calibration,27.59,1
DT-0004608,WO-001953,2025-08-22,Afternoon,M02,Process,Parameter adjustment,4.12,0
DT-0004609,WO-001953,2025-08-22,Afternoon,M02,Process,Parameter adjustment,26.85,0
DT-0004610,WO-001953,2025-08-22,Afternoon,M02,Material,Material shortage,8.54,0
DT-0004611,WO-001953,2025-08-22,Afternoon,M02,Material,Material shortage,39.23,0
DT-0004612,WO-001954,2025-08-22,Morning,M03,Microstop,Vision retry,5.47,0
DT-0004613,WO-001954,2025-08-22,Morning,M03,Material,Material shortage,11.85,0
DT-0004614,WO-001954,2025-08-22,Morning,M03,Process,Parameter adjustment,3.77,0
DT-0004615,WO-001954,2025-08-22,Morning,M03,Breakdown,Sensor fault,15.89,0
DT-0004616,WO-001954,2025-08-22,Morning,M03,Planned,Preventive maintenance,6.98,1
DT-0004617,WO-001955,2025-08-22,Afternoon,M03,Material,Material shortage,4.29,0
DT-0004618,WO-001955,2025-08-22,Afternoon,M03,Process,Parameter adjustment,34.48,0
DT-0004619,WO-001956,2025-08-22,Afternoon,M04,Breakdown,Mechanical fault,21.74,0
DT-0004620,WO-001956,2025-08-22,Afternoon,M04,Changeover,Fixture setup,45.82,0
DT-0004621,WO-001956,2025-08-22,Afternoon,M04,Breakdown,Robot recovery,41.91,0
DT-0004622,WO-001957,2025-08-22,Morning,M05,Material,Material shortage,25.47,0
DT-0004623,WO-001957,2025-08-22,Morning,M05,Changeover,Tooling change,26.01,0
DT-0004624,WO-001958,2025-08-22,Afternoon,M05,Breakdown,Mechanical fault,32.34,0
DT-0004625,WO-001958,2025-08-22,Afternoon,M05,Material,Material shortage,21.09,0
DT-0004626,WO-001959,2025-08-22,Morning,M06,Microstop,Vision retry,0.98,0
DT-0004627,WO-001959,2025-08-22,Morning,M06,Changeover,Tooling change,35.33,0
DT-0004628,WO-001960,2025-08-22,Afternoon,M06,Material,Material shortage,23.31,0
DT-0004629,WO-001960,2025-08-22,Afternoon,M06,Breakdown,Mechanical fault,4.31,0
DT-0004630,WO-001961,2025-08-25,Morning,M01,Planned,Preventive maintenance,14.15,1
DT-0004631,WO-001961,2025-08-25,Morning,M01,Material,Material shortage,38.63,0
DT-0004632,WO-001962,2025-08-25,Afternoon,M01,Microstop,Material jam,41.31,0
DT-0004633,WO-001963,2025-08-25,Morning,M02,Changeover,Planned changeover,31.07,1
DT-0004634,WO-001963,2025-08-25,Morning,M02,Microstop,Vision retry,13.04,0
DT-0004635,WO-001964,2025-08-25,Afternoon,M02,Breakdown,Sensor fault,10.62,0
DT-0004636,WO-001964,2025-08-25,Afternoon,M02,Microstop,Material jam,32.03,0
DT-0004637,WO-001964,2025-08-25,Afternoon,M02,Breakdown,Sensor fault,3.81,0
DT-0004638,WO-001964,2025-08-25,Afternoon,M02,Breakdown,Sensor fault,1.22,0
DT-0004639,WO-001964,2025-08-25,Afternoon,M02,Material,Material shortage,7.24,0
DT-0004640,WO-001965,2025-08-25,Morning,M03,Planned,Calibration,35.71,1
DT-0004641,WO-001966,2025-08-25,Afternoon,M03,Changeover,Planned changeover,37.18,1
DT-0004642,WO-001966,2025-08-25,Afternoon,M03,Breakdown,Mechanical fault,2.67,0
DT-0004643,WO-001967,2025-08-25,Morning,M04,Changeover,Fixture setup,6.91,0
DT-0004644,WO-001967,2025-08-25,Morning,M04,Breakdown,Robot recovery,70.26,0
DT-0004645,WO-001967,2025-08-25,Morning,M04,Changeover,Tooling change,17.6,0
DT-0004646,WO-001968,2025-08-25,Afternoon,M04,Changeover,Fixture setup,6.7,0
DT-0004647,WO-001968,2025-08-25,Afternoon,M04,Process,Weld parameter adjustment,97.67,0
DT-0004648,WO-001968,2025-08-25,Afternoon,M04,Changeover,Planned changeover,14.46,1
DT-0004649,WO-001969,2025-08-25,Morning,M05,Changeover,Planned changeover,10.97,1
DT-0004650,WO-001969,2025-08-25,Morning,M05,Microstop,Vision retry,13.87,0
DT-0004651,WO-001969,2025-08-25,Morning,M05,Breakdown,Mechanical fault,20.47,0
DT-0004652,WO-001970,2025-08-25,Afternoon,M05,Microstop,Material jam,63.77,0
DT-0004653,WO-001971,2025-08-25,Morning,M06,Changeover,Tooling change,24.28,0
DT-0004654,WO-001971,2025-08-25,Morning,M06,Breakdown,Mechanical fault,7.88,0
DT-0004655,WO-001972,2025-08-25,Afternoon,M06,Microstop,Material jam,39.08,0
DT-0004656,WO-001973,2025-08-26,Morning,M01,Breakdown,Sensor fault,42.03,0
DT-0004657,WO-001974,2025-08-26,Afternoon,M01,Microstop,Vision retry,48.7,0
DT-0004658,WO-001974,2025-08-26,Afternoon,M01,Material,Material shortage,6.94,0
DT-0004659,WO-001975,2025-08-26,Morning,M02,Material,Material shortage,4.92,0
DT-0004660,WO-001975,2025-08-26,Morning,M02,Material,Material shortage,2.08,0
DT-0004661,WO-001975,2025-08-26,Morning,M02,Breakdown,Sensor fault,48.12,0
DT-0004662,WO-001976,2025-08-26,Afternoon,M02,Planned,Preventive maintenance,4.49,1
DT-0004663,WO-001976,2025-08-26,Afternoon,M02,Changeover,Planned changeover,3.4,1
DT-0004664,WO-001976,2025-08-26,Afternoon,M02,Material,Material shortage,25.68,0
DT-0004665,WO-001976,2025-08-26,Afternoon,M02,Microstop,Vision retry,23.09,0
DT-0004666,WO-001977,2025-08-26,Morning,M03,Breakdown,Mechanical fault,54.27,0
DT-0004667,WO-001978,2025-08-26,Afternoon,M03,Breakdown,Mechanical fault,32.89,0
DT-0004668,WO-001978,2025-08-26,Afternoon,M03,Microstop,Material jam,1.81,0
DT-0004669,WO-001978,2025-08-26,Afternoon,M03,Breakdown,Mechanical fault,0.99,0
DT-0004670,WO-001979,2025-08-26,Morning,M04,Planned,Preventive maintenance,6.93,1
DT-0004671,WO-001979,2025-08-26,Morning,M04,Microstop,Torch cleaning,9.63,0
DT-0004672,WO-001979,2025-08-26,Morning,M04,Changeover,Fixture setup,89.49,0
DT-0004673,WO-001980,2025-08-26,Afternoon,M04,Microstop,Vision retry,31.49,0
DT-0004674,WO-001980,2025-08-26,Afternoon,M04,Process,Weld parameter adjustment,86.85,0
DT-0004675,WO-001981,2025-08-26,Afternoon,M05,Planned,Calibration,31.79,1
DT-0004676,WO-001981,2025-08-26,Afternoon,M05,Microstop,Material jam,26.23,0
DT-0004677,WO-001982,2025-08-26,Morning,M06,Changeover,Tooling change,30.24,0
DT-0004678,WO-001983,2025-08-26,Afternoon,M06,Process,Parameter adjustment,38.11,0
DT-0004679,WO-001983,2025-08-26,Afternoon,M06,Material,Material shortage,5.83,0
DT-0004680,WO-001984,2025-08-27,Morning,M01,Changeover,Tooling change,49.48,0
DT-0004681,WO-001984,2025-08-27,Morning,M01,Changeover,Planned changeover,5.82,1
DT-0004682,WO-001985,2025-08-27,Afternoon,M01,Process,Parameter adjustment,3.37,0
DT-0004683,WO-001985,2025-08-27,Afternoon,M01,Breakdown,Mechanical fault,32.37,0
DT-0004684,WO-001985,2025-08-27,Afternoon,M01,Material,Material shortage,6.36,0
DT-0004685,WO-001986,2025-08-27,Morning,M02,Microstop,Material jam,31.25,0
DT-0004686,WO-001986,2025-08-27,Morning,M02,Process,Parameter adjustment,36.98,0
DT-0004687,WO-001987,2025-08-27,Afternoon,M02,Material,Material shortage,75.47,0
DT-0004688,WO-001988,2025-08-27,Morning,M03,Breakdown,Mechanical fault,0.97,0
DT-0004689,WO-001988,2025-08-27,Morning,M03,Microstop,Vision retry,26.16,0
DT-0004690,WO-001989,2025-08-27,Afternoon,M03,Microstop,Vision retry,29.8,0
DT-0004691,WO-001989,2025-08-27,Afternoon,M03,Breakdown,Sensor fault,2.18,0
DT-0004692,WO-001989,2025-08-27,Afternoon,M03,Process,Parameter adjustment,27.86,0
DT-0004693,WO-001990,2025-08-27,Morning,M04,Microstop,Vision retry,24.87,0
DT-0004694,WO-001990,2025-08-27,Morning,M04,Breakdown,Wire feeder fault,67.91,0
DT-0004695,WO-001991,2025-08-27,Afternoon,M04,Material,Material shortage,52.81,0
DT-0004696,WO-001991,2025-08-27,Afternoon,M04,Breakdown,Wire feeder fault,32.25,0
DT-0004697,WO-001991,2025-08-27,Afternoon,M04,Changeover,Fixture setup,1.0,0
DT-0004698,WO-001991,2025-08-27,Afternoon,M04,Changeover,Fixture setup,28.12,0
DT-0004699,WO-001992,2025-08-27,Morning,M05,Process,Parameter adjustment,2.06,0
DT-0004700,WO-001992,2025-08-27,Morning,M05,Planned,Calibration,10.49,1
DT-0004701,WO-001992,2025-08-27,Morning,M05,Breakdown,Sensor fault,14.5,0
DT-0004702,WO-001992,2025-08-27,Morning,M05,Microstop,Material jam,0.98,0
DT-0004703,WO-001993,2025-08-27,Afternoon,M05,Changeover,Tooling change,59.88,0
DT-0004704,WO-001994,2025-08-27,Morning,M06,Material,Material shortage,0.98,0
DT-0004705,WO-001994,2025-08-27,Morning,M06,Planned,Preventive maintenance,19.36,1
DT-0004706,WO-001994,2025-08-27,Morning,M06,Breakdown,Sensor fault,4.05,0
DT-0004707,WO-001994,2025-08-27,Morning,M06,Microstop,Material jam,10.21,0
DT-0004708,WO-001994,2025-08-27,Morning,M06,Planned,Preventive maintenance,6.41,1
DT-0004709,WO-001995,2025-08-27,Afternoon,M06,Breakdown,Mechanical fault,11.97,0
DT-0004710,WO-001995,2025-08-27,Afternoon,M06,Microstop,Vision retry,0.93,0
DT-0004711,WO-001996,2025-08-28,Morning,M01,Planned,Calibration,11.03,1
DT-0004712,WO-001996,2025-08-28,Morning,M01,Material,Material shortage,26.25,0
DT-0004713,WO-001997,2025-08-28,Afternoon,M01,Breakdown,Mechanical fault,15.18,0
DT-0004714,WO-001997,2025-08-28,Afternoon,M01,Changeover,Tooling change,32.82,0
DT-0004715,WO-001998,2025-08-28,Morning,M02,Changeover,Planned changeover,61.32,1
DT-0004716,WO-001999,2025-08-28,Afternoon,M02,Microstop,Material jam,58.55,0
DT-0004717,WO-002000,2025-08-28,Morning,M03,Process,Parameter adjustment,16.42,0
DT-0004718,WO-002000,2025-08-28,Morning,M03,Microstop,Vision retry,14.98,0
DT-0004719,WO-002001,2025-08-28,Afternoon,M03,Microstop,Vision retry,17.4,0
DT-0004720,WO-002001,2025-08-28,Afternoon,M03,Microstop,Material jam,8.44,0
DT-0004721,WO-002001,2025-08-28,Afternoon,M03,Microstop,Material jam,6.65,0
DT-0004722,WO-002001,2025-08-28,Afternoon,M03,Breakdown,Mechanical fault,0.99,0
DT-0004723,WO-002001,2025-08-28,Afternoon,M03,Process,Parameter adjustment,8.75,0
DT-0004724,WO-002002,2025-08-28,Morning,M04,Breakdown,Wire feeder fault,36.96,0
DT-0004725,WO-002002,2025-08-28,Morning,M04,Breakdown,Robot recovery,16.33,0
DT-0004726,WO-002002,2025-08-28,Morning,M04,Process,Weld parameter adjustment,45.93,0
DT-0004727,WO-002003,2025-08-28,Afternoon,M04,Breakdown,Robot recovery,38.61,0
DT-0004728,WO-002003,2025-08-28,Afternoon,M04,Breakdown,Robot recovery,79.5,0
DT-0004729,WO-002004,2025-08-28,Morning,M05,Material,Material shortage,14.76,0
DT-0004730,WO-002004,2025-08-28,Morning,M05,Changeover,Planned changeover,15.28,1
DT-0004731,WO-002004,2025-08-28,Morning,M05,Breakdown,Mechanical fault,10.34,0
DT-0004732,WO-002005,2025-08-28,Morning,M06,Microstop,Vision retry,22.32,0
DT-0004733,WO-002006,2025-08-28,Afternoon,M06,Process,Parameter adjustment,24.59,0
DT-0004734,WO-002006,2025-08-28,Afternoon,M06,Microstop,Vision retry,10.0,0
DT-0004735,WO-002007,2025-08-29,Morning,M01,Process,Parameter adjustment,1.96,0
DT-0004736,WO-002007,2025-08-29,Morning,M01,Microstop,Material jam,20.56,0
DT-0004737,WO-002007,2025-08-29,Morning,M01,Microstop,Material jam,36.84,0
DT-0004738,WO-002008,2025-08-29,Afternoon,M01,Microstop,Vision retry,43.63,0
DT-0004739,WO-002008,2025-08-29,Afternoon,M01,Breakdown,Sensor fault,3.67,0
DT-0004740,WO-002009,2025-08-29,Morning,M02,Material,Material shortage,13.22,0
DT-0004741,WO-002009,2025-08-29,Morning,M02,Breakdown,Sensor fault,51.25,0
DT-0004742,WO-002010,2025-08-29,Afternoon,M02,Process,Parameter adjustment,56.74,0
DT-0004743,WO-002010,2025-08-29,Afternoon,M02,Changeover,Tooling change,2.92,0
DT-0004744,WO-002011,2025-08-29,Morning,M03,Microstop,Material jam,12.81,0
DT-0004745,WO-002011,2025-08-29,Morning,M03,Changeover,Planned changeover,41.31,1
DT-0004746,WO-002012,2025-08-29,Afternoon,M03,Material,Material shortage,4.42,0
DT-0004747,WO-002012,2025-08-29,Afternoon,M03,Breakdown,Mechanical fault,31.35,0
DT-0004748,WO-002012,2025-08-29,Afternoon,M03,Breakdown,Sensor fault,15.81,0
DT-0004749,WO-002013,2025-08-29,Morning,M04,Changeover,Planned changeover,102.63,1
DT-0004750,WO-002014,2025-08-29,Afternoon,M04,Changeover,Planned changeover,48.34,1
DT-0004751,WO-002014,2025-08-29,Afternoon,M04,Changeover,Fixture setup,73.05,0
DT-0004752,WO-002015,2025-08-29,Morning,M05,Breakdown,Mechanical fault,0.99,0
DT-0004753,WO-002015,2025-08-29,Morning,M05,Changeover,Tooling change,23.44,0
DT-0004754,WO-002015,2025-08-29,Morning,M05,Material,Material shortage,38.02,0
DT-0004755,WO-002016,2025-08-29,Afternoon,M05,Changeover,Tooling change,5.92,0
DT-0004756,WO-002016,2025-08-29,Afternoon,M05,Microstop,Vision retry,3.74,0
DT-0004757,WO-002016,2025-08-29,Afternoon,M05,Changeover,Tooling change,3.8,0
DT-0004758,WO-002016,2025-08-29,Afternoon,M05,Planned,Preventive maintenance,49.45,1
DT-0004759,WO-002017,2025-08-29,Morning,M06,Breakdown,Mechanical fault,8.38,0
DT-0004760,WO-002017,2025-08-29,Morning,M06,Material,Material shortage,2.15,0
DT-0004761,WO-002017,2025-08-29,Morning,M06,Planned,Preventive maintenance,6.13,1
DT-0004762,WO-002017,2025-08-29,Morning,M06,Breakdown,Sensor fault,8.19,0
DT-0004763,WO-002018,2025-08-29,Afternoon,M06,Material,Material shortage,49.27,0
DT-0004764,WO-002019,2025-09-01,Morning,M01,Planned,Preventive maintenance,45.07,1
DT-0004765,WO-002019,2025-09-01,Morning,M01,Microstop,Vision retry,1.0,0
DT-0004766,WO-002019,2025-09-01,Morning,M01,Material,Material shortage,10.8,0
DT-0004767,WO-002020,2025-09-01,Afternoon,M01,Breakdown,Mechanical fault,53.88,0
DT-0004768,WO-002021,2025-09-01,Morning,M02,Changeover,Planned changeover,47.48,1
DT-0004769,WO-002022,2025-09-01,Afternoon,M02,Process,Parameter adjustment,7.26,0
DT-0004770,WO-002022,2025-09-01,Afternoon,M02,Process,Parameter adjustment,50.04,0
DT-0004771,WO-002023,2025-09-01,Morning,M03,Breakdown,Sensor fault,40.35,0
DT-0004772,WO-002024,2025-09-01,Afternoon,M03,Changeover,Tooling change,28.81,0
DT-0004773,WO-002025,2025-09-01,Morning,M04,Changeover,Tooling change,103.7,0
DT-0004774,WO-002026,2025-09-01,Afternoon,M04,Breakdown,Robot recovery,4.78,0
DT-0004775,WO-002026,2025-09-01,Afternoon,M04,Process,Parameter adjustment,48.82,0
DT-0004776,WO-002026,2025-09-01,Afternoon,M04,Breakdown,Robot recovery,7.53,0
DT-0004777,WO-002026,2025-09-01,Afternoon,M04,Process,Parameter adjustment,52.86,0
DT-0004778,WO-002026,2025-09-01,Afternoon,M04,Breakdown,Robot recovery,4.97,0
DT-0004779,WO-002027,2025-09-01,Morning,M05,Process,Parameter adjustment,5.38,0
DT-0004780,WO-002027,2025-09-01,Morning,M05,Breakdown,Sensor fault,42.54,0
DT-0004781,WO-002028,2025-09-01,Afternoon,M05,Microstop,Vision retry,14.43,0
DT-0004782,WO-002028,2025-09-01,Afternoon,M05,Process,Parameter adjustment,7.35,0
DT-0004783,WO-002028,2025-09-01,Afternoon,M05,Planned,Preventive maintenance,10.65,1
DT-0004784,WO-002028,2025-09-01,Afternoon,M05,Changeover,Tooling change,40.05,0
DT-0004785,WO-002029,2025-09-01,Morning,M06,Process,Parameter adjustment,21.05,0
DT-0004786,WO-002029,2025-09-01,Morning,M06,Process,Parameter adjustment,3.02,0
DT-0004787,WO-002030,2025-09-01,Afternoon,M06,Material,Material shortage,36.03,0
DT-0004788,WO-002031,2025-09-02,Morning,M01,Process,Parameter adjustment,2.6,0
DT-0004789,WO-002031,2025-09-02,Morning,M01,Changeover,Planned changeover,25.84,1
DT-0004790,WO-002032,2025-09-02,Afternoon,M01,Breakdown,Mechanical fault,10.19,0
DT-0004791,WO-002032,2025-09-02,Afternoon,M01,Changeover,Tooling change,4.67,0
DT-0004792,WO-002032,2025-09-02,Afternoon,M01,Breakdown,Mechanical fault,33.54,0
DT-0004793,WO-002032,2025-09-02,Afternoon,M01,Breakdown,Mechanical fault,1.23,0
DT-0004794,WO-002033,2025-09-02,Afternoon,M02,Planned,Preventive maintenance,6.05,1
DT-0004795,WO-002033,2025-09-02,Afternoon,M02,Planned,Preventive maintenance,13.64,1
DT-0004796,WO-002033,2025-09-02,Afternoon,M02,Breakdown,Mechanical fault,41.64,0
DT-0004797,WO-002034,2025-09-02,Morning,M03,Microstop,Vision retry,8.0,0
DT-0004798,WO-002034,2025-09-02,Morning,M03,Breakdown,Mechanical fault,0.99,0
DT-0004799,WO-002034,2025-09-02,Morning,M03,Changeover,Tooling change,12.68,0
DT-0004800,WO-002034,2025-09-02,Morning,M03,Breakdown,Mechanical fault,13.97,0
DT-0004801,WO-002035,2025-09-02,Afternoon,M03,Material,Material shortage,12.57,0
DT-0004802,WO-002035,2025-09-02,Afternoon,M03,Breakdown,Sensor fault,14.79,0
DT-0004803,WO-002036,2025-09-02,Morning,M04,Process,Weld parameter adjustment,117.96,0
DT-0004804,WO-002037,2025-09-02,Afternoon,M04,Microstop,Material jam,40.03,0
DT-0004805,WO-002037,2025-09-02,Afternoon,M04,Changeover,Planned changeover,9.88,1
DT-0004806,WO-002037,2025-09-02,Afternoon,M04,Microstop,Torch cleaning,40.55,0
DT-0004807,WO-002038,2025-09-02,Morning,M05,Microstop,Material jam,14.15,0
DT-0004808,WO-002038,2025-09-02,Morning,M05,Changeover,Planned changeover,35.46,1
DT-0004809,WO-002039,2025-09-02,Afternoon,M05,Breakdown,Mechanical fault,30.96,0
DT-0004810,WO-002039,2025-09-02,Afternoon,M05,Changeover,Tooling change,18.79,0
DT-0004811,WO-002039,2025-09-02,Afternoon,M05,Breakdown,Mechanical fault,21.85,0
DT-0004812,WO-002039,2025-09-02,Afternoon,M05,Microstop,Material jam,9.04,0
DT-0004813,WO-002040,2025-09-02,Morning,M06,Breakdown,Sensor fault,4.25,0
DT-0004814,WO-002040,2025-09-02,Morning,M06,Breakdown,Mechanical fault,6.75,0
DT-0004815,WO-002040,2025-09-02,Morning,M06,Process,Parameter adjustment,4.82,0
DT-0004816,WO-002041,2025-09-02,Afternoon,M06,Changeover,Tooling change,3.38,0
DT-0004817,WO-002041,2025-09-02,Afternoon,M06,Microstop,Vision retry,4.88,0
DT-0004818,WO-002041,2025-09-02,Afternoon,M06,Breakdown,Sensor fault,10.48,0
DT-0004819,WO-002041,2025-09-02,Afternoon,M06,Microstop,Material jam,6.07,0
DT-0004820,WO-002041,2025-09-02,Afternoon,M06,Material,Material shortage,1.0,0
DT-0004821,WO-002042,2025-09-03,Morning,M01,Changeover,Planned changeover,11.92,1
DT-0004822,WO-002042,2025-09-03,Morning,M01,Breakdown,Mechanical fault,6.94,0
DT-0004823,WO-002043,2025-09-03,Afternoon,M01,Breakdown,Sensor fault,46.89,0
DT-0004824,WO-002043,2025-09-03,Afternoon,M01,Material,Material shortage,9.73,0
DT-0004825,WO-002044,2025-09-03,Morning,M02,Breakdown,Sensor fault,32.84,0
DT-0004826,WO-002044,2025-09-03,Morning,M02,Breakdown,Sensor fault,26.94,0
DT-0004827,WO-002045,2025-09-03,Afternoon,M02,Changeover,Planned changeover,64.03,1
DT-0004828,WO-002046,2025-09-03,Morning,M03,Microstop,Material jam,12.8,0
DT-0004829,WO-002046,2025-09-03,Morning,M03,Microstop,Material jam,18.07,0
DT-0004830,WO-002046,2025-09-03,Morning,M03,Planned,Calibration,5.72,1
DT-0004831,WO-002046,2025-09-03,Morning,M03,Process,Parameter adjustment,3.31,0
DT-0004832,WO-002046,2025-09-03,Morning,M03,Material,Material shortage,9.9,0
DT-0004833,WO-002047,2025-09-03,Afternoon,M03,Process,Parameter adjustment,22.63,0
DT-0004834,WO-002047,2025-09-03,Afternoon,M03,Microstop,Material jam,0.99,0
DT-0004835,WO-002047,2025-09-03,Afternoon,M03,Material,Material shortage,3.19,0
DT-0004836,WO-002047,2025-09-03,Afternoon,M03,Planned,Calibration,32.01,1
DT-0004837,WO-002047,2025-09-03,Afternoon,M03,Breakdown,Sensor fault,4.63,0
DT-0004838,WO-002048,2025-09-03,Morning,M04,Changeover,Fixture setup,21.21,0
DT-0004839,WO-002048,2025-09-03,Morning,M04,Breakdown,Wire feeder fault,1.58,0
DT-0004840,WO-002048,2025-09-03,Morning,M04,Breakdown,Robot recovery,77.94,0
DT-0004841,WO-002048,2025-09-03,Morning,M04,Breakdown,Robot recovery,5.73,0
DT-0004842,WO-002049,2025-09-03,Afternoon,M04,Changeover,Fixture setup,119.49,0
DT-0004843,WO-002050,2025-09-03,Morning,M05,Changeover,Tooling change,59.01,0
DT-0004844,WO-002050,2025-09-03,Morning,M05,Material,Material shortage,5.72,0
DT-0004845,WO-002051,2025-09-03,Afternoon,M05,Microstop,Vision retry,43.83,0
DT-0004846,WO-002051,2025-09-03,Afternoon,M05,Process,Parameter adjustment,15.86,0
DT-0004847,WO-002052,2025-09-03,Morning,M06,Planned,Preventive maintenance,23.81,1
DT-0004848,WO-002052,2025-09-03,Morning,M06,Breakdown,Sensor fault,8.67,0
DT-0004849,WO-002052,2025-09-03,Morning,M06,Planned,Calibration,15.2,1
DT-0004850,WO-002053,2025-09-03,Afternoon,M06,Breakdown,Sensor fault,46.52,0
DT-0004851,WO-002053,2025-09-03,Afternoon,M06,Microstop,Vision retry,1.84,0
DT-0004852,WO-002054,2025-09-04,Morning,M01,Changeover,Tooling change,12.11,0
DT-0004853,WO-002054,2025-09-04,Morning,M01,Material,Material shortage,4.16,0
DT-0004854,WO-002054,2025-09-04,Morning,M01,Microstop,Material jam,10.38,0
DT-0004855,WO-002054,2025-09-04,Morning,M01,Microstop,Vision retry,0.98,0
DT-0004856,WO-002054,2025-09-04,Morning,M01,Microstop,Vision retry,21.86,0
DT-0004857,WO-002055,2025-09-04,Afternoon,M01,Material,Material shortage,56.75,0
DT-0004858,WO-002056,2025-09-04,Morning,M02,Process,Parameter adjustment,60.27,0
DT-0004859,WO-002057,2025-09-04,Afternoon,M02,Material,Material shortage,63.9,0
DT-0004860,WO-002058,2025-09-04,Morning,M03,Material,Material shortage,35.95,0
DT-0004861,WO-002059,2025-09-04,Afternoon,M03,Microstop,Material jam,5.06,0
DT-0004862,WO-002059,2025-09-04,Afternoon,M03,Changeover,Tooling change,12.2,0
DT-0004863,WO-002059,2025-09-04,Afternoon,M03,Breakdown,Sensor fault,6.05,0
DT-0004864,WO-002059,2025-09-04,Afternoon,M03,Changeover,Tooling change,24.56,0
DT-0004865,WO-002060,2025-09-04,Morning,M04,Changeover,Fixture setup,47.48,0
DT-0004866,WO-002060,2025-09-04,Morning,M04,Changeover,Fixture setup,41.85,0
DT-0004867,WO-002061,2025-09-04,Afternoon,M04,Changeover,Fixture setup,28.83,0
DT-0004868,WO-002061,2025-09-04,Afternoon,M04,Material,Material shortage,17.94,0
DT-0004869,WO-002061,2025-09-04,Afternoon,M04,Changeover,Fixture setup,70.63,0
DT-0004870,WO-002062,2025-09-04,Morning,M05,Microstop,Material jam,17.68,0
DT-0004871,WO-002062,2025-09-04,Morning,M05,Material,Material shortage,14.39,0
DT-0004872,WO-002062,2025-09-04,Morning,M05,Microstop,Vision retry,6.12,0
DT-0004873,WO-002063,2025-09-04,Afternoon,M05,Changeover,Tooling change,65.79,0
DT-0004874,WO-002064,2025-09-04,Morning,M06,Process,Parameter adjustment,13.92,0
DT-0004875,WO-002064,2025-09-04,Morning,M06,Material,Material shortage,0.95,0
DT-0004876,WO-002065,2025-09-04,Afternoon,M06,Microstop,Material jam,1.6,0
DT-0004877,WO-002065,2025-09-04,Afternoon,M06,Changeover,Planned changeover,26.76,1
DT-0004878,WO-002065,2025-09-04,Afternoon,M06,Microstop,Material jam,2.76,0
DT-0004879,WO-002066,2025-09-05,Morning,M01,Changeover,Tooling change,9.91,0
DT-0004880,WO-002066,2025-09-05,Morning,M01,Breakdown,Mechanical fault,36.63,0
DT-0004881,WO-002067,2025-09-05,Afternoon,M01,Changeover,Tooling change,5.18,0
DT-0004882,WO-002067,2025-09-05,Afternoon,M01,Planned,Calibration,16.66,1
DT-0004883,WO-002067,2025-09-05,Afternoon,M01,Breakdown,Mechanical fault,5.37,0
DT-0004884,WO-002067,2025-09-05,Afternoon,M01,Microstop,Material jam,20.23,0
DT-0004885,WO-002068,2025-09-05,Morning,M02,Microstop,Vision retry,5.11,0
DT-0004886,WO-002068,2025-09-05,Morning,M02,Breakdown,Mechanical fault,24.84,0
DT-0004887,WO-002069,2025-09-05,Afternoon,M02,Microstop,Material jam,0.98,0
DT-0004888,WO-002069,2025-09-05,Afternoon,M02,Microstop,Vision retry,36.77,0
DT-0004889,WO-002069,2025-09-05,Afternoon,M02,Changeover,Planned changeover,14.37,1
DT-0004890,WO-002070,2025-09-05,Morning,M03,Process,Parameter adjustment,36.03,0
DT-0004891,WO-002070,2025-09-05,Morning,M03,Microstop,Material jam,4.06,0
DT-0004892,WO-002071,2025-09-05,Afternoon,M03,Microstop,Material jam,0.99,0
DT-0004893,WO-002071,2025-09-05,Afternoon,M03,Planned,Preventive maintenance,5.09,1
DT-0004894,WO-002071,2025-09-05,Afternoon,M03,Changeover,Planned changeover,32.97,1
DT-0004895,WO-002072,2025-09-05,Morning,M04,Changeover,Fixture setup,72.24,0
DT-0004896,WO-002072,2025-09-05,Morning,M04,Breakdown,Robot recovery,36.42,0
DT-0004897,WO-002072,2025-09-05,Morning,M04,Planned,Preventive maintenance,1.0,1
DT-0004898,WO-002073,2025-09-05,Afternoon,M04,Changeover,Tooling change,74.51,0
DT-0004899,WO-002073,2025-09-05,Afternoon,M04,Changeover,Fixture setup,32.29,0
DT-0004900,WO-002073,2025-09-05,Afternoon,M04,Changeover,Fixture setup,8.03,0
DT-0004901,WO-002074,2025-09-05,Morning,M05,Breakdown,Sensor fault,23.81,0
DT-0004902,WO-002074,2025-09-05,Morning,M05,Breakdown,Sensor fault,10.11,0
DT-0004903,WO-002074,2025-09-05,Morning,M05,Planned,Calibration,14.62,1
DT-0004904,WO-002075,2025-09-05,Afternoon,M05,Breakdown,Mechanical fault,70.9,0
DT-0004905,WO-002076,2025-09-05,Morning,M06,Process,Parameter adjustment,11.85,0
DT-0004906,WO-002076,2025-09-05,Morning,M06,Process,Parameter adjustment,1.05,0
DT-0004907,WO-002077,2025-09-05,Afternoon,M06,Breakdown,Sensor fault,29.81,0
DT-0004908,WO-002077,2025-09-05,Afternoon,M06,Breakdown,Sensor fault,1.5,0
DT-0004909,WO-002078,2025-09-08,Morning,M01,Material,Material shortage,28.92,0
DT-0004910,WO-002078,2025-09-08,Morning,M01,Breakdown,Sensor fault,4.45,0
DT-0004911,WO-002078,2025-09-08,Morning,M01,Changeover,Planned changeover,19.99,1
DT-0004912,WO-002079,2025-09-08,Afternoon,M01,Material,Material shortage,13.86,0
DT-0004913,WO-002079,2025-09-08,Afternoon,M01,Process,Parameter adjustment,6.22,0
DT-0004914,WO-002079,2025-09-08,Afternoon,M01,Microstop,Material jam,30.13,0
DT-0004915,WO-002080,2025-09-08,Morning,M02,Breakdown,Mechanical fault,6.74,0
DT-0004916,WO-002080,2025-09-08,Morning,M02,Breakdown,Sensor fault,8.14,0
DT-0004917,WO-002080,2025-09-08,Morning,M02,Changeover,Tooling change,44.86,0
DT-0004918,WO-002081,2025-09-08,Afternoon,M02,Material,Material shortage,36.4,0
DT-0004919,WO-002081,2025-09-08,Afternoon,M02,Planned,Preventive maintenance,17.36,1
DT-0004920,WO-002082,2025-09-08,Morning,M03,Process,Parameter adjustment,2.38,0
DT-0004921,WO-002082,2025-09-08,Morning,M03,Microstop,Vision retry,19.11,0
DT-0004922,WO-002083,2025-09-08,Afternoon,M03,Breakdown,Mechanical fault,38.69,0
DT-0004923,WO-002084,2025-09-08,Morning,M04,Changeover,Fixture setup,3.79,0
DT-0004924,WO-002084,2025-09-08,Morning,M04,Material,Material shortage,101.17,0
DT-0004925,WO-002085,2025-09-08,Afternoon,M04,Process,Weld parameter adjustment,93.32,0
DT-0004926,WO-002085,2025-09-08,Afternoon,M04,Planned,Calibration,0.99,1
DT-0004927,WO-002085,2025-09-08,Afternoon,M04,Microstop,Material jam,6.37,0
DT-0004928,WO-002086,2025-09-08,Morning,M05,Microstop,Vision retry,49.63,0
DT-0004929,WO-002086,2025-09-08,Morning,M05,Planned,Preventive maintenance,7.94,1
DT-0004930,WO-002087,2025-09-08,Afternoon,M05,Material,Material shortage,39.43,0
DT-0004931,WO-002087,2025-09-08,Afternoon,M05,Material,Material shortage,17.49,0
DT-0004932,WO-002087,2025-09-08,Afternoon,M05,Breakdown,Sensor fault,8.63,0
DT-0004933,WO-002088,2025-09-08,Morning,M06,Planned,Calibration,24.51,1
DT-0004934,WO-002089,2025-09-08,Afternoon,M06,Material,Material shortage,24.26,0
DT-0004935,WO-002089,2025-09-08,Afternoon,M06,Changeover,Tooling change,11.74,0
DT-0004936,WO-002089,2025-09-08,Afternoon,M06,Process,Parameter adjustment,27.72,0
DT-0004937,WO-002089,2025-09-08,Afternoon,M06,Microstop,Material jam,2.31,0
DT-0004938,WO-002090,2025-09-09,Morning,M01,Microstop,Material jam,50.33,0
DT-0004939,WO-002091,2025-09-09,Morning,M02,Microstop,Material jam,50.02,0
DT-0004940,WO-002091,2025-09-09,Morning,M02,Planned,Preventive maintenance,11.87,1
DT-0004941,WO-002092,2025-09-09,Afternoon,M02,Changeover,Tooling change,24.47,0
DT-0004942,WO-002092,2025-09-09,Afternoon,M02,Breakdown,Sensor fault,52.13,0
DT-0004943,WO-002093,2025-09-09,Morning,M03,Breakdown,Mechanical fault,37.1,0
DT-0004944,WO-002093,2025-09-09,Morning,M03,Breakdown,Sensor fault,3.93,0
DT-0004945,WO-002094,2025-09-09,Afternoon,M03,Breakdown,Sensor fault,2.59,0
DT-0004946,WO-002094,2025-09-09,Afternoon,M03,Breakdown,Sensor fault,8.97,0
DT-0004947,WO-002094,2025-09-09,Afternoon,M03,Changeover,Tooling change,8.29,0
DT-0004948,WO-002094,2025-09-09,Afternoon,M03,Microstop,Material jam,2.07,0
DT-0004949,WO-002094,2025-09-09,Afternoon,M03,Process,Parameter adjustment,6.92,0
DT-0004950,WO-002095,2025-09-09,Morning,M04,Changeover,Fixture setup,90.22,0
DT-0004951,WO-002095,2025-09-09,Morning,M04,Changeover,Fixture setup,18.85,0
DT-0004952,WO-002096,2025-09-09,Afternoon,M04,Planned,Calibration,3.63,1
DT-0004953,WO-002096,2025-09-09,Afternoon,M04,Material,Material shortage,64.94,0
DT-0004954,WO-002096,2025-09-09,Afternoon,M04,Changeover,Planned changeover,16.14,1
DT-0004955,WO-002096,2025-09-09,Afternoon,M04,Breakdown,Robot recovery,16.6,0
DT-0004956,WO-002097,2025-09-09,Morning,M05,Changeover,Tooling change,33.14,0
DT-0004957,WO-002098,2025-09-09,Afternoon,M05,Planned,Preventive maintenance,9.63,1
DT-0004958,WO-002098,2025-09-09,Afternoon,M05,Changeover,Planned changeover,4.96,1
DT-0004959,WO-002098,2025-09-09,Afternoon,M05,Material,Material shortage,33.48,0
DT-0004960,WO-002099,2025-09-09,Morning,M06,Changeover,Tooling change,7.73,0
DT-0004961,WO-002099,2025-09-09,Morning,M06,Microstop,Vision retry,22.22,0
DT-0004962,WO-002100,2025-09-09,Afternoon,M06,Planned,Calibration,8.46,1
DT-0004963,WO-002100,2025-09-09,Afternoon,M06,Material,Material shortage,25.02,0
DT-0004964,WO-002101,2025-09-10,Morning,M01,Material,Material shortage,59.17,0
DT-0004965,WO-002102,2025-09-10,Afternoon,M01,Breakdown,Sensor fault,30.65,0
DT-0004966,WO-002102,2025-09-10,Afternoon,M01,Process,Parameter adjustment,6.93,0
DT-0004967,WO-002102,2025-09-10,Afternoon,M01,Breakdown,Mechanical fault,13.4,0
DT-0004968,WO-002103,2025-09-10,Morning,M02,Material,Material shortage,12.0,0
DT-0004969,WO-002103,2025-09-10,Morning,M02,Breakdown,Sensor fault,44.71,0
DT-0004970,WO-002104,2025-09-10,Afternoon,M02,Changeover,Planned changeover,46.98,1
DT-0004971,WO-002104,2025-09-10,Afternoon,M02,Breakdown,Sensor fault,16.27,0
DT-0004972,WO-002105,2025-09-10,Morning,M03,Material,Material shortage,36.45,0
DT-0004973,WO-002105,2025-09-10,Morning,M03,Changeover,Planned changeover,3.85,1
DT-0004974,WO-002106,2025-09-10,Afternoon,M03,Breakdown,Sensor fault,24.86,0
DT-0004975,WO-002106,2025-09-10,Afternoon,M03,Breakdown,Mechanical fault,2.45,0
DT-0004976,WO-002106,2025-09-10,Afternoon,M03,Microstop,Vision retry,33.15,0
DT-0004977,WO-002107,2025-09-10,Morning,M04,Microstop,Torch cleaning,110.41,0
DT-0004978,WO-002108,2025-09-10,Afternoon,M04,Changeover,Fixture setup,32.98,0
DT-0004979,WO-002108,2025-09-10,Afternoon,M04,Material,Material shortage,2.73,0
DT-0004980,WO-002108,2025-09-10,Afternoon,M04,Breakdown,Wire feeder fault,34.09,0
DT-0004981,WO-002108,2025-09-10,Afternoon,M04,Changeover,Fixture setup,47.47,0
DT-0004982,WO-002109,2025-09-10,Afternoon,M05,Planned,Calibration,11.94,1
DT-0004983,WO-002109,2025-09-10,Afternoon,M05,Changeover,Planned changeover,54.24,1
DT-0004984,WO-002110,2025-09-10,Morning,M06,Breakdown,Sensor fault,8.11,0
DT-0004985,WO-002110,2025-09-10,Morning,M06,Planned,Calibration,8.38,1
DT-0004986,WO-002111,2025-09-10,Afternoon,M06,Planned,Preventive maintenance,39.26,1
DT-0004987,WO-002112,2025-09-11,Morning,M01,Microstop,Vision retry,24.4,0
DT-0004988,WO-002113,2025-09-11,Afternoon,M01,Breakdown,Mechanical fault,38.19,0
DT-0004989,WO-002113,2025-09-11,Afternoon,M01,Microstop,Vision retry,13.93,0
DT-0004990,WO-002113,2025-09-11,Afternoon,M01,Changeover,Tooling change,1.1,0
DT-0004991,WO-002114,2025-09-11,Morning,M02,Changeover,Planned changeover,35.91,1
DT-0004992,WO-002114,2025-09-11,Morning,M02,Breakdown,Mechanical fault,1.96,0
DT-0004993,WO-002114,2025-09-11,Morning,M02,Changeover,Tooling change,27.04,0
DT-0004994,WO-002115,2025-09-11,Afternoon,M02,Process,Parameter adjustment,72.43,0
DT-0004995,WO-002116,2025-09-11,Afternoon,M03,Material,Material shortage,20.57,0
DT-0004996,WO-002116,2025-09-11,Afternoon,M03,Breakdown,Mechanical fault,7.01,0
DT-0004997,WO-002117,2025-09-11,Morning,M04,Changeover,Tooling change,0.99,0
DT-0004998,WO-002117,2025-09-11,Morning,M04,Changeover,Fixture setup,98.98,0
DT-0004999,WO-002117,2025-09-11,Morning,M04,Breakdown,Robot recovery,10.95,0
DT-0005000,WO-002118,2025-09-11,Afternoon,M04,Changeover,Fixture setup,68.71,0
DT-0005001,WO-002118,2025-09-11,Afternoon,M04,Planned,Preventive maintenance,17.42,1
DT-0005002,WO-002118,2025-09-11,Afternoon,M04,Breakdown,Robot recovery,17.73,0
DT-0005003,WO-002119,2025-09-11,Morning,M05,Planned,Preventive maintenance,12.62,1
DT-0005004,WO-002119,2025-09-11,Morning,M05,Changeover,Tooling change,11.45,0
DT-0005005,WO-002119,2025-09-11,Morning,M05,Changeover,Tooling change,30.55,0
DT-0005006,WO-002120,2025-09-11,Afternoon,M05,Microstop,Material jam,49.77,0
DT-0005007,WO-002121,2025-09-11,Morning,M06,Changeover,Planned changeover,2.8,1
DT-0005008,WO-002121,2025-09-11,Morning,M06,Breakdown,Mechanical fault,10.1,0
DT-0005009,WO-002122,2025-09-11,Afternoon,M06,Material,Material shortage,0.97,0
DT-0005010,WO-002122,2025-09-11,Afternoon,M06,Breakdown,Sensor fault,8.87,0
DT-0005011,WO-002122,2025-09-11,Afternoon,M06,Microstop,Material jam,21.19,0
DT-0005012,WO-002123,2025-09-12,Morning,M01,Breakdown,Sensor fault,13.19,0
DT-0005013,WO-002123,2025-09-12,Morning,M01,Material,Material shortage,32.27,0
DT-0005014,WO-002124,2025-09-12,Afternoon,M01,Changeover,Tooling change,36.65,0
DT-0005015,WO-002125,2025-09-12,Morning,M02,Process,Parameter adjustment,40.87,0
DT-0005016,WO-002125,2025-09-12,Morning,M02,Breakdown,Sensor fault,15.3,0
DT-0005017,WO-002126,2025-09-12,Afternoon,M02,Breakdown,Mechanical fault,58.49,0
DT-0005018,WO-002127,2025-09-12,Morning,M03,Process,Parameter adjustment,5.34,0
DT-0005019,WO-002127,2025-09-12,Morning,M03,Microstop,Vision retry,25.54,0
DT-0005020,WO-002127,2025-09-12,Morning,M03,Breakdown,Sensor fault,13.88,0
DT-0005021,WO-002128,2025-09-12,Afternoon,M03,Planned,Calibration,52.16,1
DT-0005022,WO-002128,2025-09-12,Afternoon,M03,Material,Material shortage,4.48,0
DT-0005023,WO-002129,2025-09-12,Morning,M04,Planned,Preventive maintenance,4.5,1
DT-0005024,WO-002129,2025-09-12,Morning,M04,Breakdown,Sensor fault,30.62,0
DT-0005025,WO-002129,2025-09-12,Morning,M04,Breakdown,Mechanical fault,18.96,0
DT-0005026,WO-002129,2025-09-12,Morning,M04,Changeover,Fixture setup,41.77,0
DT-0005027,WO-002130,2025-09-12,Afternoon,M04,Breakdown,Robot recovery,82.7,0
DT-0005028,WO-002130,2025-09-12,Afternoon,M04,Planned,Calibration,10.71,1
DT-0005029,WO-002130,2025-09-12,Afternoon,M04,Breakdown,Robot recovery,25.28,0
DT-0005030,WO-002131,2025-09-12,Morning,M05,Planned,Calibration,4.1,1
DT-0005031,WO-002131,2025-09-12,Morning,M05,Breakdown,Mechanical fault,23.46,0
DT-0005032,WO-002131,2025-09-12,Morning,M05,Breakdown,Sensor fault,18.0,0
DT-0005033,WO-002132,2025-09-12,Afternoon,M05,Process,Parameter adjustment,40.67,0
DT-0005034,WO-002133,2025-09-12,Morning,M06,Planned,Calibration,21.75,1
DT-0005035,WO-002134,2025-09-12,Afternoon,M06,Material,Material shortage,0.97,0
DT-0005036,WO-002134,2025-09-12,Afternoon,M06,Process,Parameter adjustment,32.64,0
DT-0005037,WO-002135,2025-09-15,Morning,M01,Process,Parameter adjustment,48.76,0
DT-0005038,WO-002135,2025-09-15,Morning,M01,Microstop,Material jam,0.99,0
DT-0005039,WO-002135,2025-09-15,Morning,M01,Process,Parameter adjustment,2.87,0
DT-0005040,WO-002135,2025-09-15,Morning,M01,Breakdown,Mechanical fault,3.39,0
DT-0005041,WO-002136,2025-09-15,Afternoon,M01,Process,Parameter adjustment,29.0,0
DT-0005042,WO-002136,2025-09-15,Afternoon,M01,Planned,Preventive maintenance,3.65,1
DT-0005043,WO-002136,2025-09-15,Afternoon,M01,Process,Parameter adjustment,4.12,0
DT-0005044,WO-002136,2025-09-15,Afternoon,M01,Microstop,Material jam,9.63,0
DT-0005045,WO-002137,2025-09-15,Morning,M02,Process,Parameter adjustment,25.99,0
DT-0005046,WO-002137,2025-09-15,Morning,M02,Changeover,Tooling change,14.1,0
DT-0005047,WO-002137,2025-09-15,Morning,M02,Planned,Calibration,16.8,1
DT-0005048,WO-002138,2025-09-15,Afternoon,M02,Microstop,Vision retry,26.55,0
DT-0005049,WO-002138,2025-09-15,Afternoon,M02,Planned,Preventive maintenance,30.01,1
DT-0005050,WO-002139,2025-09-15,Morning,M03,Changeover,Tooling change,2.63,0
DT-0005051,WO-002139,2025-09-15,Morning,M03,Breakdown,Sensor fault,47.11,0
DT-0005052,WO-002139,2025-09-15,Morning,M03,Process,Parameter adjustment,3.16,0
DT-0005053,WO-002140,2025-09-15,Afternoon,M03,Breakdown,Sensor fault,22.58,0
DT-0005054,WO-002140,2025-09-15,Afternoon,M03,Microstop,Material jam,29.15,0
DT-0005055,WO-002141,2025-09-15,Morning,M04,Process,Weld parameter adjustment,10.79,0
DT-0005056,WO-002141,2025-09-15,Morning,M04,Process,Weld parameter adjustment,75.86,0
DT-0005057,WO-002142,2025-09-15,Afternoon,M04,Breakdown,Robot recovery,2.1,0
DT-0005058,WO-002142,2025-09-15,Afternoon,M04,Changeover,Fixture setup,84.07,0
DT-0005059,WO-002143,2025-09-15,Morning,M05,Material,Material shortage,40.97,0
DT-0005060,WO-002144,2025-09-15,Afternoon,M05,Changeover,Planned changeover,66.47,1
DT-0005061,WO-002145,2025-09-15,Morning,M06,Breakdown,Mechanical fault,17.43,0
DT-0005062,WO-002145,2025-09-15,Morning,M06,Material,Material shortage,7.55,0
DT-0005063,WO-002145,2025-09-15,Morning,M06,Microstop,Material jam,25.56,0
DT-0005064,WO-002145,2025-09-15,Morning,M06,Breakdown,Mechanical fault,2.94,0
DT-0005065,WO-002145,2025-09-15,Morning,M06,Changeover,Tooling change,4.86,0
DT-0005066,WO-002146,2025-09-15,Afternoon,M06,Changeover,Planned changeover,38.23,1
DT-0005067,WO-002147,2025-09-16,Morning,M01,Microstop,Vision retry,23.14,0
DT-0005068,WO-002147,2025-09-16,Morning,M01,Breakdown,Mechanical fault,5.62,0
DT-0005069,WO-002148,2025-09-16,Afternoon,M01,Changeover,Planned changeover,2.4,1
DT-0005070,WO-002148,2025-09-16,Afternoon,M01,Breakdown,Sensor fault,43.57,0
DT-0005071,WO-002149,2025-09-16,Morning,M02,Breakdown,Mechanical fault,59.29,0
DT-0005072,WO-002150,2025-09-16,Afternoon,M02,Process,Parameter adjustment,14.08,0
DT-0005073,WO-002150,2025-09-16,Afternoon,M02,Process,Parameter adjustment,48.15,0
DT-0005074,WO-002151,2025-09-16,Morning,M03,Changeover,Tooling change,18.27,0
DT-0005075,WO-002151,2025-09-16,Morning,M03,Planned,Preventive maintenance,6.72,1
DT-0005076,WO-002151,2025-09-16,Morning,M03,Planned,Calibration,12.68,1
DT-0005077,WO-002152,2025-09-16,Afternoon,M03,Breakdown,Mechanical fault,15.23,0
DT-0005078,WO-002152,2025-09-16,Afternoon,M03,Breakdown,Mechanical fault,29.77,0
DT-0005079,WO-002153,2025-09-16,Morning,M04,Microstop,Material jam,21.65,0
DT-0005080,WO-002153,2025-09-16,Morning,M04,Breakdown,Robot recovery,43.89,0
DT-0005081,WO-002153,2025-09-16,Morning,M04,Process,Weld parameter adjustment,48.0,0
DT-0005082,WO-002154,2025-09-16,Morning,M05,Microstop,Vision retry,37.41,0
DT-0005083,WO-002155,2025-09-16,Afternoon,M05,Changeover,Tooling change,9.9,0
DT-0005084,WO-002155,2025-09-16,Afternoon,M05,Microstop,Vision retry,8.35,0
DT-0005085,WO-002155,2025-09-16,Afternoon,M05,Breakdown,Mechanical fault,24.98,0
DT-0005086,WO-002155,2025-09-16,Afternoon,M05,Breakdown,Mechanical fault,15.42,0
DT-0005087,WO-002155,2025-09-16,Afternoon,M05,Material,Material shortage,1.64,0
DT-0005088,WO-002156,2025-09-16,Morning,M06,Changeover,Tooling change,14.64,0
DT-0005089,WO-002156,2025-09-16,Morning,M06,Changeover,Tooling change,14.22,0
DT-0005090,WO-002156,2025-09-16,Morning,M06,Breakdown,Mechanical fault,10.94,0
DT-0005091,WO-002157,2025-09-16,Afternoon,M06,Planned,Preventive maintenance,17.81,1
DT-0005092,WO-002157,2025-09-16,Afternoon,M06,Process,Parameter adjustment,7.62,0
DT-0005093,WO-002158,2025-09-17,Morning,M01,Planned,Calibration,10.22,1
DT-0005094,WO-002158,2025-09-17,Morning,M01,Changeover,Tooling change,7.29,0
DT-0005095,WO-002158,2025-09-17,Morning,M01,Material,Material shortage,33.65,0
DT-0005096,WO-002159,2025-09-17,Afternoon,M01,Material,Material shortage,34.91,0
DT-0005097,WO-002159,2025-09-17,Afternoon,M01,Material,Material shortage,22.75,0
DT-0005098,WO-002160,2025-09-17,Morning,M02,Process,Parameter adjustment,66.98,0
DT-0005099,WO-002160,2025-09-17,Morning,M02,Breakdown,Mechanical fault,13.37,0
DT-0005100,WO-002161,2025-09-17,Afternoon,M02,Changeover,Tooling change,29.16,0
DT-0005101,WO-002161,2025-09-17,Afternoon,M02,Microstop,Vision retry,3.79,0
DT-0005102,WO-002161,2025-09-17,Afternoon,M02,Planned,Preventive maintenance,16.63,1
DT-0005103,WO-002162,2025-09-17,Morning,M03,Process,Parameter adjustment,7.59,0
DT-0005104,WO-002162,2025-09-17,Morning,M03,Microstop,Vision retry,31.3,0
DT-0005105,WO-002163,2025-09-17,Afternoon,M03,Microstop,Vision retry,7.61,0
DT-0005106,WO-002163,2025-09-17,Afternoon,M03,Changeover,Tooling change,35.02,0
DT-0005107,WO-002163,2025-09-17,Afternoon,M03,Material,Material shortage,10.78,0
DT-0005108,WO-002164,2025-09-17,Morning,M04,Changeover,Tooling change,101.34,0
DT-0005109,WO-002165,2025-09-17,Afternoon,M04,Changeover,Fixture setup,45.55,0
DT-0005110,WO-002165,2025-09-17,Afternoon,M04,Changeover,Fixture setup,74.95,0
DT-0005111,WO-002166,2025-09-17,Morning,M05,Microstop,Vision retry,48.39,0
DT-0005112,WO-002167,2025-09-17,Afternoon,M05,Breakdown,Mechanical fault,22.24,0
DT-0005113,WO-002167,2025-09-17,Afternoon,M05,Breakdown,Sensor fault,19.74,0
DT-0005114,WO-002167,2025-09-17,Afternoon,M05,Material,Material shortage,5.56,0
DT-0005115,WO-002167,2025-09-17,Afternoon,M05,Changeover,Tooling change,12.45,0
DT-0005116,WO-002168,2025-09-17,Morning,M06,Microstop,Vision retry,6.51,0
DT-0005117,WO-002168,2025-09-17,Morning,M06,Material,Material shortage,8.5,0
DT-0005118,WO-002169,2025-09-17,Afternoon,M06,Breakdown,Sensor fault,20.71,0
DT-0005119,WO-002169,2025-09-17,Afternoon,M06,Microstop,Vision retry,4.88,0
DT-0005120,WO-002170,2025-09-18,Morning,M01,Planned,Preventive maintenance,11.02,1
DT-0005121,WO-002170,2025-09-18,Morning,M01,Breakdown,Sensor fault,35.87,0
DT-0005122,WO-002170,2025-09-18,Morning,M01,Process,Parameter adjustment,10.45,0
DT-0005123,WO-002170,2025-09-18,Morning,M01,Microstop,Material jam,1.0,0
DT-0005124,WO-002171,2025-09-18,Afternoon,M01,Microstop,Vision retry,46.9,0
DT-0005125,WO-002172,2025-09-18,Morning,M02,Breakdown,Mechanical fault,3.89,0
DT-0005126,WO-002172,2025-09-18,Morning,M02,Process,Parameter adjustment,60.02,0
DT-0005127,WO-002173,2025-09-18,Afternoon,M02,Breakdown,Mechanical fault,47.08,0
DT-0005128,WO-002174,2025-09-18,Morning,M03,Microstop,Vision retry,33.2,0
DT-0005129,WO-002175,2025-09-18,Morning,M04,Process,Weld parameter adjustment,95.2,0
DT-0005130,WO-002176,2025-09-18,Afternoon,M04,Changeover,Fixture setup,127.57,0
DT-0005131,WO-002177,2025-09-18,Morning,M05,Breakdown,Sensor fault,7.02,0
DT-0005132,WO-002177,2025-09-18,Morning,M05,Process,Parameter adjustment,17.82,0
DT-0005133,WO-002177,2025-09-18,Morning,M05,Breakdown,Mechanical fault,13.21,0
DT-0005134,WO-002177,2025-09-18,Morning,M05,Changeover,Tooling change,6.7,0
DT-0005135,WO-002177,2025-09-18,Morning,M05,Changeover,Tooling change,1.3,0
DT-0005136,WO-002178,2025-09-18,Afternoon,M05,Breakdown,Mechanical fault,8.61,0
DT-0005137,WO-002178,2025-09-18,Afternoon,M05,Microstop,Material jam,49.42,0
DT-0005138,WO-002179,2025-09-18,Morning,M06,Microstop,Vision retry,33.42,0
DT-0005139,WO-002180,2025-09-18,Afternoon,M06,Breakdown,Sensor fault,22.68,0
DT-0005140,WO-002181,2025-09-19,Morning,M01,Material,Material shortage,31.0,0
DT-0005141,WO-002181,2025-09-19,Morning,M01,Breakdown,Mechanical fault,19.29,0
DT-0005142,WO-002182,2025-09-19,Afternoon,M01,Process,Parameter adjustment,4.03,0
DT-0005143,WO-002182,2025-09-19,Afternoon,M01,Planned,Preventive maintenance,45.24,1
DT-0005144,WO-002183,2025-09-19,Morning,M02,Material,Material shortage,21.87,0
DT-0005145,WO-002183,2025-09-19,Morning,M02,Changeover,Tooling change,31.02,0
DT-0005146,WO-002184,2025-09-19,Afternoon,M02,Material,Material shortage,45.99,0
DT-0005147,WO-002185,2025-09-19,Morning,M03,Process,Parameter adjustment,44.07,0
DT-0005148,WO-002186,2025-09-19,Afternoon,M03,Material,Material shortage,9.65,0
DT-0005149,WO-002186,2025-09-19,Afternoon,M03,Breakdown,Mechanical fault,33.3,0
DT-0005150,WO-002187,2025-09-19,Morning,M04,Changeover,Planned changeover,20.74,1
DT-0005151,WO-002187,2025-09-19,Morning,M04,Changeover,Fixture setup,10.21,0
DT-0005152,WO-002187,2025-09-19,Morning,M04,Planned,Calibration,82.1,1
DT-0005153,WO-002188,2025-09-19,Afternoon,M04,Planned,Preventive maintenance,126.95,1
DT-0005154,WO-002189,2025-09-19,Morning,M05,Planned,Calibration,21.43,1
DT-0005155,WO-002189,2025-09-19,Morning,M05,Material,Material shortage,12.85,0
DT-0005156,WO-002189,2025-09-19,Morning,M05,Process,Parameter adjustment,17.85,0
DT-0005157,WO-002189,2025-09-19,Morning,M05,Material,Material shortage,19.93,0
DT-0005158,WO-002190,2025-09-19,Afternoon,M05,Breakdown,Sensor fault,65.53,0
DT-0005159,WO-002191,2025-09-19,Morning,M06,Changeover,Tooling change,5.78,0
DT-0005160,WO-002191,2025-09-19,Morning,M06,Material,Material shortage,11.28,0
DT-0005161,WO-002192,2025-09-19,Afternoon,M06,Microstop,Material jam,8.14,0
DT-0005162,WO-002192,2025-09-19,Afternoon,M06,Changeover,Planned changeover,32.08,1
DT-0005163,WO-002193,2025-09-22,Morning,M01,Changeover,Tooling change,1.44,0
DT-0005164,WO-002193,2025-09-22,Morning,M01,Microstop,Vision retry,34.24,0
DT-0005165,WO-002194,2025-09-22,Afternoon,M01,Planned,Calibration,29.34,1
DT-0005166,WO-002194,2025-09-22,Afternoon,M01,Breakdown,Sensor fault,24.16,0
DT-0005167,WO-002195,2025-09-22,Morning,M02,Process,Parameter adjustment,33.2,0
DT-0005168,WO-002196,2025-09-22,Afternoon,M02,Process,Parameter adjustment,59.15,0
DT-0005169,WO-002196,2025-09-22,Afternoon,M02,Planned,Calibration,0.98,1
DT-0005170,WO-002196,2025-09-22,Afternoon,M02,Process,Parameter adjustment,2.23,0
DT-0005171,WO-002197,2025-09-22,Morning,M03,Planned,Calibration,7.19,1
DT-0005172,WO-002197,2025-09-22,Morning,M03,Process,Parameter adjustment,33.03,0
DT-0005173,WO-002198,2025-09-22,Afternoon,M03,Breakdown,Sensor fault,17.68,0
DT-0005174,WO-002198,2025-09-22,Afternoon,M03,Breakdown,Mechanical fault,0.95,0
DT-0005175,WO-002199,2025-09-22,Morning,M04,Material,Material shortage,50.01,0
DT-0005176,WO-002199,2025-09-22,Morning,M04,Changeover,Fixture setup,10.11,0
DT-0005177,WO-002199,2025-09-22,Morning,M04,Changeover,Fixture setup,7.11,0
DT-0005178,WO-002199,2025-09-22,Morning,M04,Changeover,Fixture setup,29.26,0
DT-0005179,WO-002200,2025-09-22,Afternoon,M04,Breakdown,Wire feeder fault,1.3,0
DT-0005180,WO-002200,2025-09-22,Afternoon,M04,Planned,Preventive maintenance,117.67,1
DT-0005181,WO-002201,2025-09-22,Morning,M05,Changeover,Tooling change,10.01,0
DT-0005182,WO-002201,2025-09-22,Morning,M05,Process,Parameter adjustment,32.4,0
DT-0005183,WO-002201,2025-09-22,Morning,M05,Microstop,Material jam,3.93,0
DT-0005184,WO-002202,2025-09-22,Afternoon,M05,Microstop,Vision retry,63.44,0
DT-0005185,WO-002203,2025-09-22,Morning,M06,Material,Material shortage,7.75,0
DT-0005186,WO-002203,2025-09-22,Morning,M06,Changeover,Tooling change,5.6,0
DT-0005187,WO-002203,2025-09-22,Morning,M06,Microstop,Material jam,7.81,0
DT-0005188,WO-002204,2025-09-22,Afternoon,M06,Breakdown,Sensor fault,11.93,0
DT-0005189,WO-002204,2025-09-22,Afternoon,M06,Breakdown,Sensor fault,14.34,0
DT-0005190,WO-002205,2025-09-23,Morning,M01,Changeover,Tooling change,22.27,0
DT-0005191,WO-002205,2025-09-23,Morning,M01,Microstop,Material jam,17.41,0
DT-0005192,WO-002205,2025-09-23,Morning,M01,Material,Material shortage,1.18,0
DT-0005193,WO-002205,2025-09-23,Morning,M01,Changeover,Tooling change,8.47,0
DT-0005194,WO-002205,2025-09-23,Morning,M01,Microstop,Material jam,0.99,0
DT-0005195,WO-002206,2025-09-23,Afternoon,M01,Microstop,Material jam,68.95,0
DT-0005196,WO-002207,2025-09-23,Morning,M02,Material,Material shortage,6.22,0
DT-0005197,WO-002207,2025-09-23,Morning,M02,Process,Parameter adjustment,26.61,0
DT-0005198,WO-002207,2025-09-23,Morning,M02,Breakdown,Mechanical fault,5.19,0
DT-0005199,WO-002207,2025-09-23,Morning,M02,Changeover,Tooling change,7.59,0
DT-0005200,WO-002208,2025-09-23,Afternoon,M02,Changeover,Tooling change,22.04,0
DT-0005201,WO-002208,2025-09-23,Afternoon,M02,Changeover,Planned changeover,16.85,1
DT-0005202,WO-002208,2025-09-23,Afternoon,M02,Microstop,Vision retry,28.5,0
DT-0005203,WO-002209,2025-09-23,Morning,M03,Material,Material shortage,30.9,0
DT-0005204,WO-002209,2025-09-23,Morning,M03,Process,Parameter adjustment,18.31,0
DT-0005205,WO-002210,2025-09-23,Afternoon,M03,Microstop,Material jam,2.03,0
DT-0005206,WO-002210,2025-09-23,Afternoon,M03,Breakdown,Mechanical fault,15.33,0
DT-0005207,WO-002210,2025-09-23,Afternoon,M03,Material,Material shortage,21.79,0
DT-0005208,WO-002211,2025-09-23,Morning,M04,Microstop,Material jam,93.03,0
DT-0005209,WO-002212,2025-09-23,Afternoon,M04,Breakdown,Wire feeder fault,111.57,0
DT-0005210,WO-002213,2025-09-23,Morning,M05,Changeover,Tooling change,6.06,0
DT-0005211,WO-002213,2025-09-23,Morning,M05,Process,Parameter adjustment,11.93,0
DT-0005212,WO-002213,2025-09-23,Morning,M05,Microstop,Material jam,18.12,0
DT-0005213,WO-002214,2025-09-23,Afternoon,M05,Microstop,Vision retry,1.0,0
DT-0005214,WO-002214,2025-09-23,Afternoon,M05,Microstop,Material jam,49.83,0
DT-0005215,WO-002215,2025-09-23,Morning,M06,Material,Material shortage,4.85,0
DT-0005216,WO-002215,2025-09-23,Morning,M06,Microstop,Vision retry,24.56,0
DT-0005217,WO-002216,2025-09-23,Afternoon,M06,Material,Material shortage,4.15,0
DT-0005218,WO-002216,2025-09-23,Afternoon,M06,Microstop,Material jam,9.85,0
DT-0005219,WO-002216,2025-09-23,Afternoon,M06,Planned,Preventive maintenance,4.12,1
DT-0005220,WO-002216,2025-09-23,Afternoon,M06,Breakdown,Sensor fault,13.32,0
DT-0005221,WO-002217,2025-09-24,Morning,M01,Process,Parameter adjustment,46.32,0
DT-0005222,WO-002218,2025-09-24,Afternoon,M01,Microstop,Material jam,10.64,0
DT-0005223,WO-002218,2025-09-24,Afternoon,M01,Breakdown,Sensor fault,40.28,0
DT-0005224,WO-002219,2025-09-24,Morning,M02,Breakdown,Sensor fault,33.56,0
DT-0005225,WO-002220,2025-09-24,Afternoon,M02,Process,Parameter adjustment,45.22,0
DT-0005226,WO-002221,2025-09-24,Morning,M03,Planned,Preventive maintenance,1.27,1
DT-0005227,WO-002221,2025-09-24,Morning,M03,Changeover,Planned changeover,16.97,1
DT-0005228,WO-002222,2025-09-24,Afternoon,M03,Microstop,Material jam,12.96,0
DT-0005229,WO-002222,2025-09-24,Afternoon,M03,Changeover,Planned changeover,14.68,1
DT-0005230,WO-002222,2025-09-24,Afternoon,M03,Breakdown,Sensor fault,1.0,0
DT-0005231,WO-002222,2025-09-24,Afternoon,M03,Planned,Calibration,7.46,1
DT-0005232,WO-002223,2025-09-24,Morning,M04,Breakdown,Robot recovery,2.62,0
DT-0005233,WO-002223,2025-09-24,Morning,M04,Changeover,Tooling change,22.93,0
DT-0005234,WO-002223,2025-09-24,Morning,M04,Microstop,Torch cleaning,11.02,0
DT-0005235,WO-002223,2025-09-24,Morning,M04,Changeover,Planned changeover,66.29,1
DT-0005236,WO-002223,2025-09-24,Morning,M04,Breakdown,Sensor fault,0.99,0
DT-0005237,WO-002224,2025-09-24,Afternoon,M04,Planned,Calibration,127.15,1
DT-0005238,WO-002225,2025-09-24,Morning,M05,Planned,Calibration,34.55,1
DT-0005239,WO-002226,2025-09-24,Afternoon,M05,Changeover,Tooling change,22.66,0
DT-0005240,WO-002226,2025-09-24,Afternoon,M05,Process,Parameter adjustment,13.58,0
DT-0005241,WO-002226,2025-09-24,Afternoon,M05,Material,Material shortage,5.24,0
DT-0005242,WO-002226,2025-09-24,Afternoon,M05,Microstop,Vision retry,15.45,0
DT-0005243,WO-002227,2025-09-24,Morning,M06,Changeover,Tooling change,1.31,0
DT-0005244,WO-002227,2025-09-24,Morning,M06,Breakdown,Sensor fault,1.74,0
DT-0005245,WO-002227,2025-09-24,Morning,M06,Process,Parameter adjustment,18.75,0
DT-0005246,WO-002227,2025-09-24,Morning,M06,Process,Parameter adjustment,1.67,0
DT-0005247,WO-002227,2025-09-24,Morning,M06,Material,Material shortage,4.41,0
DT-0005248,WO-002228,2025-09-24,Afternoon,M06,Material,Material shortage,0.99,0
DT-0005249,WO-002228,2025-09-24,Afternoon,M06,Process,Parameter adjustment,28.07,0
DT-0005250,WO-002228,2025-09-24,Afternoon,M06,Changeover,Planned changeover,5.61,1
DT-0005251,WO-002228,2025-09-24,Afternoon,M06,Microstop,Vision retry,7.15,0
DT-0005252,WO-002229,2025-09-25,Morning,M01,Changeover,Tooling change,18.8,0
DT-0005253,WO-002229,2025-09-25,Morning,M01,Microstop,Material jam,3.36,0
DT-0005254,WO-002230,2025-09-25,Afternoon,M01,Microstop,Material jam,45.47,0
DT-0005255,WO-002230,2025-09-25,Afternoon,M01,Microstop,Vision retry,17.41,0
DT-0005256,WO-002231,2025-09-25,Morning,M02,Changeover,Planned changeover,53.98,1
DT-0005257,WO-002232,2025-09-25,Afternoon,M02,Microstop,Vision retry,47.97,0
DT-0005258,WO-002232,2025-09-25,Afternoon,M02,Process,Parameter adjustment,11.66,0
DT-0005259,WO-002233,2025-09-25,Morning,M03,Planned,Preventive maintenance,60.4,1
DT-0005260,WO-002234,2025-09-25,Afternoon,M03,Changeover,Tooling change,19.9,0
DT-0005261,WO-002234,2025-09-25,Afternoon,M03,Microstop,Vision retry,8.86,0
DT-0005262,WO-002235,2025-09-25,Morning,M04,Planned,Preventive maintenance,22.19,1
DT-0005263,WO-002235,2025-09-25,Morning,M04,Process,Weld parameter adjustment,12.05,0
DT-0005264,WO-002235,2025-09-25,Morning,M04,Microstop,Torch cleaning,28.03,0
DT-0005265,WO-002235,2025-09-25,Morning,M04,Process,Weld parameter adjustment,34.24,0
DT-0005266,WO-002236,2025-09-25,Afternoon,M04,Process,Weld parameter adjustment,5.17,0
DT-0005267,WO-002236,2025-09-25,Afternoon,M04,Breakdown,Robot recovery,70.39,0
DT-0005268,WO-002236,2025-09-25,Afternoon,M04,Planned,Calibration,16.51,1
DT-0005269,WO-002236,2025-09-25,Afternoon,M04,Changeover,Fixture setup,17.28,0
DT-0005270,WO-002237,2025-09-25,Morning,M05,Breakdown,Sensor fault,0.98,0
DT-0005271,WO-002237,2025-09-25,Morning,M05,Breakdown,Mechanical fault,4.8,0
DT-0005272,WO-002237,2025-09-25,Morning,M05,Material,Material shortage,4.88,0
DT-0005273,WO-002237,2025-09-25,Morning,M05,Material,Material shortage,11.57,0
DT-0005274,WO-002237,2025-09-25,Morning,M05,Changeover,Planned changeover,9.08,1
DT-0005275,WO-002238,2025-09-25,Afternoon,M05,Process,Parameter adjustment,5.12,0
DT-0005276,WO-002238,2025-09-25,Afternoon,M05,Changeover,Planned changeover,39.56,1
DT-0005277,WO-002239,2025-09-25,Morning,M06,Microstop,Material jam,41.06,0
DT-0005278,WO-002240,2025-09-25,Afternoon,M06,Planned,Preventive maintenance,0.99,1
DT-0005279,WO-002240,2025-09-25,Afternoon,M06,Microstop,Vision retry,30.95,0
DT-0005280,WO-002241,2025-09-26,Morning,M01,Breakdown,Mechanical fault,4.11,0
DT-0005281,WO-002241,2025-09-26,Morning,M01,Changeover,Tooling change,33.34,0
DT-0005282,WO-002242,2025-09-26,Afternoon,M01,Microstop,Vision retry,52.63,0
DT-0005283,WO-002243,2025-09-26,Morning,M02,Changeover,Planned changeover,15.44,1
DT-0005284,WO-002243,2025-09-26,Morning,M02,Planned,Calibration,27.21,1
DT-0005285,WO-002243,2025-09-26,Morning,M02,Changeover,Tooling change,5.24,0
DT-0005286,WO-002244,2025-09-26,Afternoon,M02,Breakdown,Mechanical fault,21.14,0
DT-0005287,WO-002244,2025-09-26,Afternoon,M02,Breakdown,Sensor fault,18.04,0
DT-0005288,WO-002244,2025-09-26,Afternoon,M02,Breakdown,Mechanical fault,9.24,0
DT-0005289,WO-002245,2025-09-26,Morning,M03,Changeover,Tooling change,43.33,0
DT-0005290,WO-002246,2025-09-26,Afternoon,M03,Planned,Calibration,5.31,1
DT-0005291,WO-002246,2025-09-26,Afternoon,M03,Breakdown,Sensor fault,0.98,0
DT-0005292,WO-002246,2025-09-26,Afternoon,M03,Breakdown,Sensor fault,24.04,0
DT-0005293,WO-002247,2025-09-26,Morning,M04,Microstop,Vision retry,73.73,0
DT-0005294,WO-002247,2025-09-26,Morning,M04,Breakdown,Wire feeder fault,26.72,0
DT-0005295,WO-002247,2025-09-26,Morning,M04,Changeover,Fixture setup,13.03,0
DT-0005296,WO-002248,2025-09-26,Afternoon,M04,Breakdown,Wire feeder fault,108.07,0
DT-0005297,WO-002249,2025-09-26,Morning,M05,Changeover,Tooling change,55.27,0
DT-0005298,WO-002250,2025-09-26,Afternoon,M05,Material,Material shortage,63.24,0
DT-0005299,WO-002251,2025-09-26,Morning,M06,Material,Material shortage,10.23,0
DT-0005300,WO-002251,2025-09-26,Morning,M06,Changeover,Planned changeover,2.67,1
DT-0005301,WO-002252,2025-09-26,Afternoon,M06,Process,Parameter adjustment,39.64,0
DT-0005302,WO-002253,2025-09-29,Morning,M01,Material,Material shortage,50.4,0
DT-0005303,WO-002254,2025-09-29,Afternoon,M01,Process,Parameter adjustment,42.43,0
DT-0005304,WO-002255,2025-09-29,Morning,M02,Breakdown,Sensor fault,14.83,0
DT-0005305,WO-002255,2025-09-29,Morning,M02,Breakdown,Sensor fault,33.32,0
DT-0005306,WO-002255,2025-09-29,Morning,M02,Microstop,Vision retry,4.5,0
DT-0005307,WO-002256,2025-09-29,Afternoon,M02,Process,Parameter adjustment,3.99,0
DT-0005308,WO-002256,2025-09-29,Afternoon,M02,Changeover,Tooling change,16.12,0
DT-0005309,WO-002256,2025-09-29,Afternoon,M02,Breakdown,Sensor fault,5.13,0
DT-0005310,WO-002256,2025-09-29,Afternoon,M02,Microstop,Material jam,14.46,0
DT-0005311,WO-002256,2025-09-29,Afternoon,M02,Material,Material shortage,22.56,0
DT-0005312,WO-002257,2025-09-29,Morning,M03,Process,Parameter adjustment,23.94,0
DT-0005313,WO-002258,2025-09-29,Afternoon,M03,Microstop,Material jam,6.36,0
DT-0005314,WO-002258,2025-09-29,Afternoon,M03,Microstop,Material jam,15.78,0
DT-0005315,WO-002259,2025-09-29,Morning,M04,Breakdown,Mechanical fault,2.41,0
DT-0005316,WO-002259,2025-09-29,Morning,M04,Changeover,Fixture setup,59.77,0
DT-0005317,WO-002259,2025-09-29,Morning,M04,Material,Material shortage,33.41,0
DT-0005318,WO-002260,2025-09-29,Afternoon,M04,Changeover,Tooling change,3.71,0
DT-0005319,WO-002260,2025-09-29,Afternoon,M04,Material,Material shortage,23.95,0
DT-0005320,WO-002260,2025-09-29,Afternoon,M04,Changeover,Fixture setup,15.63,0
DT-0005321,WO-002260,2025-09-29,Afternoon,M04,Changeover,Fixture setup,61.68,0
DT-0005322,WO-002261,2025-09-29,Morning,M05,Breakdown,Sensor fault,40.22,0
DT-0005323,WO-002262,2025-09-29,Afternoon,M05,Changeover,Planned changeover,53.15,1
DT-0005324,WO-002263,2025-09-29,Morning,M06,Microstop,Material jam,1.47,0
DT-0005325,WO-002263,2025-09-29,Morning,M06,Microstop,Vision retry,1.6,0
DT-0005326,WO-002263,2025-09-29,Morning,M06,Planned,Calibration,14.06,1
DT-0005327,WO-002264,2025-09-29,Afternoon,M06,Breakdown,Sensor fault,34.84,0
DT-0005328,WO-002265,2025-09-30,Morning,M01,Planned,Calibration,34.49,1
DT-0005329,WO-002265,2025-09-30,Morning,M01,Breakdown,Mechanical fault,9.63,0
DT-0005330,WO-002266,2025-09-30,Afternoon,M01,Changeover,Planned changeover,34.08,1
DT-0005331,WO-002266,2025-09-30,Afternoon,M01,Planned,Preventive maintenance,17.05,1
DT-0005332,WO-002267,2025-09-30,Morning,M02,Breakdown,Mechanical fault,79.46,0
DT-0005333,WO-002268,2025-09-30,Afternoon,M02,Planned,Calibration,55.34,1
DT-0005334,WO-002269,2025-09-30,Morning,M03,Microstop,Vision retry,33.46,0
DT-0005335,WO-002269,2025-09-30,Morning,M03,Material,Material shortage,0.99,0
DT-0005336,WO-002269,2025-09-30,Morning,M03,Process,Parameter adjustment,4.33,0
DT-0005337,WO-002270,2025-09-30,Afternoon,M03,Changeover,Planned changeover,35.33,1
DT-0005338,WO-002270,2025-09-30,Afternoon,M03,Process,Parameter adjustment,7.09,0
DT-0005339,WO-002271,2025-09-30,Morning,M04,Changeover,Fixture setup,122.51,0
DT-0005340,WO-002272,2025-09-30,Afternoon,M04,Breakdown,Robot recovery,47.93,0
DT-0005341,WO-002272,2025-09-30,Afternoon,M04,Changeover,Planned changeover,33.88,1
DT-0005342,WO-002272,2025-09-30,Afternoon,M04,Changeover,Fixture setup,13.33,0
DT-0005343,WO-002272,2025-09-30,Afternoon,M04,Breakdown,Robot recovery,4.83,0
DT-0005344,WO-002272,2025-09-30,Afternoon,M04,Breakdown,Wire feeder fault,3.78,0
DT-0005345,WO-002273,2025-09-30,Morning,M05,Planned,Calibration,38.13,1
DT-0005346,WO-002273,2025-09-30,Morning,M05,Process,Parameter adjustment,16.9,0
DT-0005347,WO-002274,2025-09-30,Afternoon,M05,Planned,Calibration,24.51,1
DT-0005348,WO-002274,2025-09-30,Afternoon,M05,Microstop,Material jam,3.95,0
DT-0005349,WO-002274,2025-09-30,Afternoon,M05,Microstop,Material jam,29.58,0
DT-0005350,WO-002275,2025-09-30,Morning,M06,Material,Material shortage,21.11,0
DT-0005351,WO-002275,2025-09-30,Morning,M06,Planned,Preventive maintenance,2.32,1
DT-0005352,WO-002276,2025-09-30,Afternoon,M06,Planned,Preventive maintenance,29.69,1
DT-0005353,WO-002277,2025-10-01,Morning,M01,Changeover,Tooling change,4.58,0
DT-0005354,WO-002277,2025-10-01,Morning,M01,Breakdown,Sensor fault,20.3,0
DT-0005355,WO-002277,2025-10-01,Morning,M01,Breakdown,Sensor fault,13.05,0
DT-0005356,WO-002278,2025-10-01,Afternoon,M01,Microstop,Vision retry,51.78,0
DT-0005357,WO-002278,2025-10-01,Afternoon,M01,Microstop,Vision retry,3.83,0
DT-0005358,WO-002279,2025-10-01,Morning,M02,Breakdown,Mechanical fault,14.47,0
DT-0005359,WO-002279,2025-10-01,Morning,M02,Microstop,Vision retry,22.22,0
DT-0005360,WO-002279,2025-10-01,Morning,M02,Planned,Preventive maintenance,4.79,1
DT-0005361,WO-002279,2025-10-01,Morning,M02,Material,Material shortage,15.21,0
DT-0005362,WO-002280,2025-10-01,Afternoon,M02,Changeover,Planned changeover,36.12,1
DT-0005363,WO-002280,2025-10-01,Afternoon,M02,Material,Material shortage,13.54,0
DT-0005364,WO-002281,2025-10-01,Morning,M03,Process,Parameter adjustment,6.75,0
DT-0005365,WO-002281,2025-10-01,Morning,M03,Planned,Calibration,34.06,1
DT-0005366,WO-002282,2025-10-01,Afternoon,M03,Planned,Preventive maintenance,32.3,1
DT-0005367,WO-002282,2025-10-01,Afternoon,M03,Material,Material shortage,13.23,0
DT-0005368,WO-002283,2025-10-01,Morning,M04,Changeover,Fixture setup,10.57,0
DT-0005369,WO-002283,2025-10-01,Morning,M04,Material,Material shortage,89.63,0
DT-0005370,WO-002284,2025-10-01,Afternoon,M04,Microstop,Torch cleaning,26.85,0
DT-0005371,WO-002284,2025-10-01,Afternoon,M04,Breakdown,Robot recovery,107.96,0
DT-0005372,WO-002285,2025-10-01,Morning,M05,Changeover,Planned changeover,30.28,1
DT-0005373,WO-002285,2025-10-01,Morning,M05,Process,Parameter adjustment,16.47,0
DT-0005374,WO-002285,2025-10-01,Morning,M05,Microstop,Vision retry,9.6,0
DT-0005375,WO-002285,2025-10-01,Morning,M05,Microstop,Material jam,2.8,0
DT-0005376,WO-002286,2025-10-01,Afternoon,M05,Microstop,Vision retry,21.76,0
DT-0005377,WO-002286,2025-10-01,Afternoon,M05,Process,Parameter adjustment,37.46,0
DT-0005378,WO-002287,2025-10-01,Morning,M06,Material,Material shortage,13.13,0
DT-0005379,WO-002287,2025-10-01,Morning,M06,Breakdown,Sensor fault,0.98,0
DT-0005380,WO-002287,2025-10-01,Morning,M06,Process,Parameter adjustment,2.32,0
DT-0005381,WO-002287,2025-10-01,Morning,M06,Material,Material shortage,5.25,0
DT-0005382,WO-002287,2025-10-01,Morning,M06,Microstop,Vision retry,7.17,0
DT-0005383,WO-002288,2025-10-01,Afternoon,M06,Process,Parameter adjustment,2.98,0
DT-0005384,WO-002288,2025-10-01,Afternoon,M06,Planned,Calibration,4.22,1
DT-0005385,WO-002288,2025-10-01,Afternoon,M06,Breakdown,Sensor fault,5.12,0
DT-0005386,WO-002288,2025-10-01,Afternoon,M06,Breakdown,Sensor fault,3.27,0
DT-0005387,WO-002289,2025-10-02,Morning,M01,Breakdown,Mechanical fault,21.76,0
DT-0005388,WO-002289,2025-10-02,Morning,M01,Breakdown,Sensor fault,20.16,0
DT-0005389,WO-002290,2025-10-02,Afternoon,M01,Microstop,Material jam,50.55,0
DT-0005390,WO-002291,2025-10-02,Morning,M02,Breakdown,Sensor fault,23.54,0
DT-0005391,WO-002291,2025-10-02,Morning,M02,Microstop,Vision retry,1.93,0
DT-0005392,WO-002292,2025-10-02,Afternoon,M02,Material,Material shortage,83.41,0
DT-0005393,WO-002293,2025-10-02,Morning,M03,Breakdown,Mechanical fault,1.47,0
DT-0005394,WO-002293,2025-10-02,Morning,M03,Process,Parameter adjustment,12.79,0
DT-0005395,WO-002293,2025-10-02,Morning,M03,Microstop,Material jam,2.6,0
DT-0005396,WO-002293,2025-10-02,Morning,M03,Material,Material shortage,8.16,0
DT-0005397,WO-002293,2025-10-02,Morning,M03,Planned,Preventive maintenance,22.26,1
DT-0005398,WO-002294,2025-10-02,Afternoon,M03,Breakdown,Sensor fault,12.31,0
DT-0005399,WO-002294,2025-10-02,Afternoon,M03,Material,Material shortage,1.16,0
DT-0005400,WO-002294,2025-10-02,Afternoon,M03,Microstop,Material jam,1.71,0
DT-0005401,WO-002294,2025-10-02,Afternoon,M03,Microstop,Material jam,0.99,0
DT-0005402,WO-002294,2025-10-02,Afternoon,M03,Changeover,Tooling change,16.88,0
DT-0005403,WO-002295,2025-10-02,Morning,M04,Microstop,Torch cleaning,92.18,0
DT-0005404,WO-002296,2025-10-02,Afternoon,M04,Breakdown,Wire feeder fault,21.18,0
DT-0005405,WO-002296,2025-10-02,Afternoon,M04,Microstop,Material jam,2.07,0
DT-0005406,WO-002296,2025-10-02,Afternoon,M04,Planned,Preventive maintenance,40.47,1
DT-0005407,WO-002296,2025-10-02,Afternoon,M04,Breakdown,Sensor fault,20.84,0
DT-0005408,WO-002296,2025-10-02,Afternoon,M04,Breakdown,Robot recovery,10.79,0
DT-0005409,WO-002297,2025-10-02,Morning,M05,Breakdown,Sensor fault,2.65,0
DT-0005410,WO-002297,2025-10-02,Morning,M05,Process,Parameter adjustment,57.03,0
DT-0005411,WO-002297,2025-10-02,Morning,M05,Microstop,Vision retry,2.28,0
DT-0005412,WO-002298,2025-10-02,Afternoon,M05,Material,Material shortage,49.92,0
DT-0005413,WO-002298,2025-10-02,Afternoon,M05,Microstop,Vision retry,12.24,0
DT-0005414,WO-002299,2025-10-02,Morning,M06,Microstop,Material jam,23.18,0
DT-0005415,WO-002300,2025-10-02,Afternoon,M06,Planned,Preventive maintenance,1.16,1
DT-0005416,WO-002300,2025-10-02,Afternoon,M06,Material,Material shortage,3.91,0
DT-0005417,WO-002300,2025-10-02,Afternoon,M06,Material,Material shortage,23.87,0
DT-0005418,WO-002301,2025-10-03,Morning,M01,Microstop,Material jam,32.79,0
DT-0005419,WO-002301,2025-10-03,Morning,M01,Process,Parameter adjustment,14.88,0
DT-0005420,WO-002302,2025-10-03,Afternoon,M01,Breakdown,Mechanical fault,43.78,0
DT-0005421,WO-002302,2025-10-03,Afternoon,M01,Microstop,Material jam,12.71,0
DT-0005422,WO-002303,2025-10-03,Morning,M02,Breakdown,Mechanical fault,15.88,0
DT-0005423,WO-002303,2025-10-03,Morning,M02,Changeover,Tooling change,14.82,0
DT-0005424,WO-002303,2025-10-03,Morning,M02,Breakdown,Mechanical fault,2.33,0
DT-0005425,WO-002304,2025-10-03,Afternoon,M02,Microstop,Vision retry,41.07,0
DT-0005426,WO-002304,2025-10-03,Afternoon,M02,Breakdown,Mechanical fault,17.81,0
DT-0005427,WO-002305,2025-10-03,Morning,M03,Changeover,Tooling change,5.46,0
DT-0005428,WO-002305,2025-10-03,Morning,M03,Microstop,Material jam,3.16,0
DT-0005429,WO-002305,2025-10-03,Morning,M03,Breakdown,Mechanical fault,37.22,0
DT-0005430,WO-002306,2025-10-03,Afternoon,M03,Microstop,Vision retry,45.87,0
DT-0005431,WO-002306,2025-10-03,Afternoon,M03,Planned,Preventive maintenance,18.09,1
DT-0005432,WO-002307,2025-10-03,Morning,M04,Changeover,Fixture setup,14.07,0
DT-0005433,WO-002307,2025-10-03,Morning,M04,Breakdown,Robot recovery,113.05,0
DT-0005434,WO-002308,2025-10-03,Afternoon,M04,Microstop,Material jam,71.18,0
DT-0005435,WO-002308,2025-10-03,Afternoon,M04,Process,Parameter adjustment,1.7,0
DT-0005436,WO-002308,2025-10-03,Afternoon,M04,Changeover,Fixture setup,28.28,0
DT-0005437,WO-002309,2025-10-03,Morning,M05,Breakdown,Mechanical fault,1.18,0
DT-0005438,WO-002309,2025-10-03,Morning,M05,Process,Parameter adjustment,47.12,0
DT-0005439,WO-002309,2025-10-03,Morning,M05,Process,Parameter adjustment,10.26,0
DT-0005440,WO-002310,2025-10-03,Afternoon,M05,Microstop,Material jam,64.12,0
DT-0005441,WO-002310,2025-10-03,Afternoon,M05,Changeover,Tooling change,4.26,0
DT-0005442,WO-002311,2025-10-03,Morning,M06,Changeover,Tooling change,4.51,0
DT-0005443,WO-002311,2025-10-03,Morning,M06,Microstop,Vision retry,5.27,0
DT-0005444,WO-002311,2025-10-03,Morning,M06,Changeover,Tooling change,11.4,0
DT-0005445,WO-002312,2025-10-03,Afternoon,M06,Breakdown,Mechanical fault,7.26,0
DT-0005446,WO-002312,2025-10-03,Afternoon,M06,Microstop,Vision retry,1.2,0
DT-0005447,WO-002312,2025-10-03,Afternoon,M06,Process,Parameter adjustment,1.34,0
DT-0005448,WO-002312,2025-10-03,Afternoon,M06,Microstop,Vision retry,22.32,0
DT-0005449,WO-002312,2025-10-03,Afternoon,M06,Material,Material shortage,4.77,0
DT-0005450,WO-002313,2025-10-06,Morning,M01,Breakdown,Mechanical fault,61.58,0
DT-0005451,WO-002314,2025-10-06,Afternoon,M01,Breakdown,Sensor fault,31.01,0
DT-0005452,WO-002314,2025-10-06,Afternoon,M01,Process,Parameter adjustment,27.54,0
DT-0005453,WO-002315,2025-10-06,Morning,M02,Planned,Preventive maintenance,22.1,1
DT-0005454,WO-002315,2025-10-06,Morning,M02,Material,Material shortage,2.14,0
DT-0005455,WO-002315,2025-10-06,Morning,M02,Process,Parameter adjustment,17.16,0
DT-0005456,WO-002316,2025-10-06,Afternoon,M02,Material,Material shortage,3.94,0
DT-0005457,WO-002316,2025-10-06,Afternoon,M02,Process,Parameter adjustment,36.17,0
DT-0005458,WO-002316,2025-10-06,Afternoon,M02,Breakdown,Mechanical fault,34.1,0
DT-0005459,WO-002316,2025-10-06,Afternoon,M02,Changeover,Tooling change,1.17,0
DT-0005460,WO-002317,2025-10-06,Morning,M03,Breakdown,Sensor fault,10.22,0
DT-0005461,WO-002317,2025-10-06,Morning,M03,Planned,Preventive maintenance,9.23,1
DT-0005462,WO-002318,2025-10-06,Afternoon,M03,Process,Parameter adjustment,29.24,0
DT-0005463,WO-002318,2025-10-06,Afternoon,M03,Microstop,Vision retry,5.24,0
DT-0005464,WO-002319,2025-10-06,Morning,M04,Process,Weld parameter adjustment,7.63,0
DT-0005465,WO-002319,2025-10-06,Morning,M04,Changeover,Planned changeover,39.88,1
DT-0005466,WO-002319,2025-10-06,Morning,M04,Breakdown,Mechanical fault,44.33,0
DT-0005467,WO-002320,2025-10-06,Afternoon,M04,Planned,Calibration,49.65,1
DT-0005468,WO-002320,2025-10-06,Afternoon,M04,Changeover,Fixture setup,51.22,0
DT-0005469,WO-002320,2025-10-06,Afternoon,M04,Changeover,Fixture setup,2.75,0
DT-0005470,WO-002321,2025-10-06,Morning,M05,Breakdown,Mechanical fault,35.62,0
DT-0005471,WO-002321,2025-10-06,Morning,M05,Process,Parameter adjustment,9.45,0
DT-0005472,WO-002322,2025-10-06,Afternoon,M05,Planned,Preventive maintenance,10.23,1
DT-0005473,WO-002322,2025-10-06,Afternoon,M05,Changeover,Planned changeover,33.11,1
DT-0005474,WO-002322,2025-10-06,Afternoon,M05,Breakdown,Sensor fault,36.98,0
DT-0005475,WO-002323,2025-10-06,Morning,M06,Process,Parameter adjustment,14.93,0
DT-0005476,WO-002323,2025-10-06,Morning,M06,Breakdown,Mechanical fault,13.38,0
DT-0005477,WO-002323,2025-10-06,Morning,M06,Material,Material shortage,3.63,0
DT-0005478,WO-002324,2025-10-06,Afternoon,M06,Material,Material shortage,3.23,0
DT-0005479,WO-002324,2025-10-06,Afternoon,M06,Breakdown,Sensor fault,1.0,0
DT-0005480,WO-002324,2025-10-06,Afternoon,M06,Material,Material shortage,23.8,0
DT-0005481,WO-002325,2025-10-07,Morning,M01,Breakdown,Sensor fault,21.36,0
DT-0005482,WO-002325,2025-10-07,Morning,M01,Process,Parameter adjustment,20.91,0
DT-0005483,WO-002325,2025-10-07,Morning,M01,Process,Parameter adjustment,10.96,0
DT-0005484,WO-002326,2025-10-07,Afternoon,M01,Changeover,Tooling change,40.9,0
DT-0005485,WO-002326,2025-10-07,Afternoon,M01,Breakdown,Mechanical fault,16.93,0
DT-0005486,WO-002327,2025-10-07,Morning,M02,Process,Parameter adjustment,11.4,0
DT-0005487,WO-002327,2025-10-07,Morning,M02,Changeover,Tooling change,10.22,0
DT-0005488,WO-002327,2025-10-07,Morning,M02,Material,Material shortage,21.38,0
DT-0005489,WO-002327,2025-10-07,Morning,M02,Material,Material shortage,15.7,0
DT-0005490,WO-002328,2025-10-07,Afternoon,M02,Microstop,Vision retry,57.08,0
DT-0005491,WO-002329,2025-10-07,Morning,M03,Breakdown,Mechanical fault,7.73,0
DT-0005492,WO-002329,2025-10-07,Morning,M03,Planned,Calibration,13.98,1
DT-0005493,WO-002329,2025-10-07,Morning,M03,Breakdown,Mechanical fault,24.91,0
DT-0005494,WO-002330,2025-10-07,Afternoon,M03,Breakdown,Mechanical fault,3.5,0
DT-0005495,WO-002330,2025-10-07,Afternoon,M03,Material,Material shortage,46.45,0
DT-0005496,WO-002331,2025-10-07,Morning,M04,Breakdown,Wire feeder fault,121.73,0
DT-0005497,WO-002332,2025-10-07,Afternoon,M04,Microstop,Vision retry,11.14,0
DT-0005498,WO-002332,2025-10-07,Afternoon,M04,Breakdown,Wire feeder fault,8.3,0
DT-0005499,WO-002332,2025-10-07,Afternoon,M04,Breakdown,Wire feeder fault,10.8,0
DT-0005500,WO-002332,2025-10-07,Afternoon,M04,Microstop,Torch cleaning,75.09,0
DT-0005501,WO-002333,2025-10-07,Morning,M05,Breakdown,Mechanical fault,34.69,0
DT-0005502,WO-002333,2025-10-07,Morning,M05,Planned,Preventive maintenance,2.24,1
DT-0005503,WO-002334,2025-10-07,Afternoon,M05,Breakdown,Mechanical fault,37.8,0
DT-0005504,WO-002334,2025-10-07,Afternoon,M05,Material,Material shortage,3.7,0
DT-0005505,WO-002334,2025-10-07,Afternoon,M05,Breakdown,Mechanical fault,7.13,0
DT-0005506,WO-002335,2025-10-07,Morning,M06,Changeover,Planned changeover,4.0,1
DT-0005507,WO-002335,2025-10-07,Morning,M06,Breakdown,Mechanical fault,32.23,0
DT-0005508,WO-002335,2025-10-07,Morning,M06,Breakdown,Mechanical fault,9.14,0
DT-0005509,WO-002336,2025-10-07,Afternoon,M06,Process,Parameter adjustment,26.65,0
DT-0005510,WO-002336,2025-10-07,Afternoon,M06,Microstop,Vision retry,6.08,0
DT-0005511,WO-002337,2025-10-08,Morning,M01,Material,Material shortage,54.3,0
DT-0005512,WO-002338,2025-10-08,Afternoon,M01,Process,Parameter adjustment,62.86,0
DT-0005513,WO-002338,2025-10-08,Afternoon,M01,Microstop,Material jam,2.95,0
DT-0005514,WO-002338,2025-10-08,Afternoon,M01,Planned,Preventive maintenance,5.33,1
DT-0005515,WO-002339,2025-10-08,Morning,M02,Material,Material shortage,16.18,0
DT-0005516,WO-002339,2025-10-08,Morning,M02,Microstop,Material jam,36.49,0
DT-0005517,WO-002340,2025-10-08,Afternoon,M02,Process,Parameter adjustment,0.99,0
DT-0005518,WO-002340,2025-10-08,Afternoon,M02,Changeover,Tooling change,52.06,0
DT-0005519,WO-002340,2025-10-08,Afternoon,M02,Changeover,Tooling change,8.26,0
DT-0005520,WO-002341,2025-10-08,Morning,M03,Changeover,Planned changeover,15.31,1
DT-0005521,WO-002341,2025-10-08,Morning,M03,Microstop,Vision retry,18.36,0
DT-0005522,WO-002341,2025-10-08,Morning,M03,Process,Parameter adjustment,10.11,0
DT-0005523,WO-002342,2025-10-08,Afternoon,M03,Microstop,Material jam,12.53,0
DT-0005524,WO-002342,2025-10-08,Afternoon,M03,Microstop,Vision retry,13.48,0
DT-0005525,WO-002342,2025-10-08,Afternoon,M03,Changeover,Tooling change,5.68,0
DT-0005526,WO-002343,2025-10-08,Morning,M04,Microstop,Torch cleaning,7.02,0
DT-0005527,WO-002343,2025-10-08,Morning,M04,Planned,Calibration,52.09,1
DT-0005528,WO-002343,2025-10-08,Morning,M04,Microstop,Torch cleaning,33.09,0
DT-0005529,WO-002343,2025-10-08,Morning,M04,Process,Weld parameter adjustment,25.09,0
DT-0005530,WO-002344,2025-10-08,Afternoon,M04,Breakdown,Robot recovery,31.25,0
DT-0005531,WO-002344,2025-10-08,Afternoon,M04,Changeover,Fixture setup,87.43,0
DT-0005532,WO-002345,2025-10-08,Morning,M05,Process,Parameter adjustment,47.87,0
DT-0005533,WO-002346,2025-10-08,Afternoon,M05,Process,Parameter adjustment,19.52,0
DT-0005534,WO-002346,2025-10-08,Afternoon,M05,Breakdown,Mechanical fault,43.56,0
DT-0005535,WO-002347,2025-10-08,Morning,M06,Microstop,Vision retry,8.53,0
DT-0005536,WO-002347,2025-10-08,Morning,M06,Changeover,Tooling change,21.58,0
DT-0005537,WO-002347,2025-10-08,Morning,M06,Breakdown,Sensor fault,1.0,0
DT-0005538,WO-002347,2025-10-08,Morning,M06,Microstop,Vision retry,23.11,0
DT-0005539,WO-002348,2025-10-08,Afternoon,M06,Material,Material shortage,44.74,0
DT-0005540,WO-002349,2025-10-09,Morning,M01,Process,Parameter adjustment,33.62,0
DT-0005541,WO-002350,2025-10-09,Afternoon,M01,Planned,Calibration,20.76,1
DT-0005542,WO-002350,2025-10-09,Afternoon,M01,Planned,Calibration,22.13,1
DT-0005543,WO-002350,2025-10-09,Afternoon,M01,Material,Material shortage,8.13,0
DT-0005544,WO-002351,2025-10-09,Morning,M02,Breakdown,Sensor fault,24.87,0
DT-0005545,WO-002351,2025-10-09,Morning,M02,Planned,Preventive maintenance,24.64,1
DT-0005546,WO-002351,2025-10-09,Morning,M02,Microstop,Material jam,17.74,0
DT-0005547,WO-002352,2025-10-09,Afternoon,M02,Changeover,Planned changeover,23.12,1
DT-0005548,WO-002352,2025-10-09,Afternoon,M02,Material,Material shortage,24.22,0
DT-0005549,WO-002353,2025-10-09,Morning,M03,Material,Material shortage,9.27,0
DT-0005550,WO-002353,2025-10-09,Morning,M03,Changeover,Tooling change,10.67,0
DT-0005551,WO-002353,2025-10-09,Morning,M03,Material,Material shortage,5.25,0
DT-0005552,WO-002354,2025-10-09,Afternoon,M03,Material,Material shortage,23.31,0
DT-0005553,WO-002354,2025-10-09,Afternoon,M03,Planned,Calibration,0.98,1
DT-0005554,WO-002355,2025-10-09,Morning,M04,Breakdown,Sensor fault,1.53,0
DT-0005555,WO-002355,2025-10-09,Morning,M04,Process,Parameter adjustment,59.19,0
DT-0005556,WO-002355,2025-10-09,Morning,M04,Changeover,Planned changeover,6.66,1
DT-0005557,WO-002355,2025-10-09,Morning,M04,Changeover,Fixture setup,44.51,0
DT-0005558,WO-002356,2025-10-09,Afternoon,M04,Microstop,Torch cleaning,23.77,0
DT-0005559,WO-002356,2025-10-09,Afternoon,M04,Planned,Calibration,54.37,1
DT-0005560,WO-002356,2025-10-09,Afternoon,M04,Changeover,Fixture setup,23.52,0
DT-0005561,WO-002357,2025-10-09,Morning,M05,Changeover,Tooling change,55.64,0
DT-0005562,WO-002357,2025-10-09,Morning,M05,Microstop,Vision retry,6.88,0
DT-0005563,WO-002358,2025-10-09,Afternoon,M05,Material,Material shortage,40.91,0
DT-0005564,WO-002358,2025-10-09,Afternoon,M05,Material,Material shortage,27.83,0
DT-0005565,WO-002358,2025-10-09,Afternoon,M05,Microstop,Material jam,2.46,0
DT-0005566,WO-002359,2025-10-09,Morning,M06,Microstop,Material jam,20.0,0
DT-0005567,WO-002360,2025-10-09,Afternoon,M06,Microstop,Material jam,45.9,0
DT-0005568,WO-002361,2025-10-10,Morning,M01,Planned,Calibration,42.96,1
DT-0005569,WO-002361,2025-10-10,Morning,M01,Process,Parameter adjustment,8.34,0
DT-0005570,WO-002361,2025-10-10,Morning,M01,Process,Parameter adjustment,2.99,0
DT-0005571,WO-002362,2025-10-10,Afternoon,M01,Process,Parameter adjustment,46.77,0
DT-0005572,WO-002362,2025-10-10,Afternoon,M01,Planned,Calibration,5.42,1
DT-0005573,WO-002362,2025-10-10,Afternoon,M01,Microstop,Vision retry,5.72,0
DT-0005574,WO-002363,2025-10-10,Morning,M02,Process,Parameter adjustment,15.18,0
DT-0005575,WO-002363,2025-10-10,Morning,M02,Breakdown,Mechanical fault,46.12,0
DT-0005576,WO-002364,2025-10-10,Afternoon,M02,Breakdown,Mechanical fault,58.87,0
DT-0005577,WO-002365,2025-10-10,Morning,M03,Material,Material shortage,27.8,0
DT-0005578,WO-002366,2025-10-10,Morning,M04,Microstop,Material jam,95.49,0
DT-0005579,WO-002367,2025-10-10,Morning,M05,Microstop,Material jam,14.49,0
DT-0005580,WO-002367,2025-10-10,Morning,M05,Breakdown,Mechanical fault,19.77,0
DT-0005581,WO-002368,2025-10-10,Afternoon,M05,Breakdown,Sensor fault,61.41,0
DT-0005582,WO-002369,2025-10-10,Morning,M06,Microstop,Material jam,7.2,0
DT-0005583,WO-002369,2025-10-10,Morning,M06,Changeover,Planned changeover,8.48,1
DT-0005584,WO-002369,2025-10-10,Morning,M06,Process,Parameter adjustment,15.8,0
DT-0005585,WO-002370,2025-10-10,Afternoon,M06,Process,Parameter adjustment,40.36,0
DT-0005586,WO-002371,2025-10-13,Morning,M01,Planned,Calibration,8.1,1
DT-0005587,WO-002371,2025-10-13,Morning,M01,Microstop,Material jam,18.28,0
DT-0005588,WO-002371,2025-10-13,Morning,M01,Microstop,Vision retry,12.33,0
DT-0005589,WO-002371,2025-10-13,Morning,M01,Breakdown,Mechanical fault,4.3,0
DT-0005590,WO-002372,2025-10-13,Afternoon,M01,Microstop,Vision retry,0.99,0
DT-0005591,WO-002372,2025-10-13,Afternoon,M01,Breakdown,Mechanical fault,53.52,0
DT-0005592,WO-002373,2025-10-13,Morning,M02,Breakdown,Sensor fault,1.28,0
DT-0005593,WO-002373,2025-10-13,Morning,M02,Breakdown,Mechanical fault,69.29,0
DT-0005594,WO-002374,2025-10-13,Afternoon,M02,Microstop,Vision retry,6.1,0
DT-0005595,WO-002374,2025-10-13,Afternoon,M02,Process,Parameter adjustment,67.27,0
DT-0005596,WO-002375,2025-10-13,Morning,M03,Breakdown,Sensor fault,14.83,0
DT-0005597,WO-002375,2025-10-13,Morning,M03,Breakdown,Mechanical fault,29.12,0
DT-0005598,WO-002376,2025-10-13,Afternoon,M03,Process,Parameter adjustment,24.15,0
DT-0005599,WO-002376,2025-10-13,Afternoon,M03,Changeover,Tooling change,8.91,0
DT-0005600,WO-002377,2025-10-13,Morning,M04,Changeover,Fixture setup,51.9,0
DT-0005601,WO-002377,2025-10-13,Morning,M04,Breakdown,Robot recovery,54.6,0
DT-0005602,WO-002378,2025-10-13,Afternoon,M04,Changeover,Planned changeover,62.2,1
DT-0005603,WO-002378,2025-10-13,Afternoon,M04,Changeover,Fixture setup,8.44,0
DT-0005604,WO-002378,2025-10-13,Afternoon,M04,Breakdown,Robot recovery,52.22,0
DT-0005605,WO-002379,2025-10-13,Morning,M05,Material,Material shortage,15.91,0
DT-0005606,WO-002379,2025-10-13,Morning,M05,Changeover,Tooling change,32.54,0
DT-0005607,WO-002380,2025-10-13,Afternoon,M05,Changeover,Tooling change,4.43,0
DT-0005608,WO-002380,2025-10-13,Afternoon,M05,Breakdown,Mechanical fault,17.02,0
DT-0005609,WO-002380,2025-10-13,Afternoon,M05,Changeover,Tooling change,32.25,0
DT-0005610,WO-002380,2025-10-13,Afternoon,M05,Breakdown,Sensor fault,1.0,0
DT-0005611,WO-002381,2025-10-13,Morning,M06,Changeover,Tooling change,14.53,0
DT-0005612,WO-002381,2025-10-13,Morning,M06,Breakdown,Sensor fault,24.84,0
DT-0005613,WO-002381,2025-10-13,Morning,M06,Planned,Calibration,0.99,1
DT-0005614,WO-002382,2025-10-13,Afternoon,M06,Breakdown,Sensor fault,31.38,0
DT-0005615,WO-002383,2025-10-14,Morning,M01,Process,Parameter adjustment,15.02,0
DT-0005616,WO-002383,2025-10-14,Morning,M01,Process,Parameter adjustment,9.48,0
DT-0005617,WO-002383,2025-10-14,Morning,M01,Material,Material shortage,5.11,0
DT-0005618,WO-002383,2025-10-14,Morning,M01,Breakdown,Sensor fault,1.04,0
DT-0005619,WO-002383,2025-10-14,Morning,M01,Microstop,Vision retry,6.73,0
DT-0005620,WO-002384,2025-10-14,Afternoon,M01,Material,Material shortage,45.28,0
DT-0005621,WO-002384,2025-10-14,Afternoon,M01,Microstop,Vision retry,16.66,0
DT-0005622,WO-002384,2025-10-14,Afternoon,M01,Planned,Calibration,2.78,1
DT-0005623,WO-002385,2025-10-14,Morning,M02,Breakdown,Mechanical fault,20.81,0
DT-0005624,WO-002385,2025-10-14,Morning,M02,Microstop,Vision retry,39.33,0
DT-0005625,WO-002386,2025-10-14,Afternoon,M02,Breakdown,Mechanical fault,25.87,0
DT-0005626,WO-002386,2025-10-14,Afternoon,M02,Breakdown,Sensor fault,38.02,0
DT-0005627,WO-002387,2025-10-14,Morning,M03,Planned,Preventive maintenance,23.4,1
DT-0005628,WO-002387,2025-10-14,Morning,M03,Process,Parameter adjustment,13.39,0
DT-0005629,WO-002387,2025-10-14,Morning,M03,Breakdown,Mechanical fault,1.0,0
DT-0005630,WO-002388,2025-10-14,Afternoon,M03,Changeover,Planned changeover,5.32,1
DT-0005631,WO-002388,2025-10-14,Afternoon,M03,Changeover,Tooling change,4.77,0
DT-0005632,WO-002388,2025-10-14,Afternoon,M03,Breakdown,Sensor fault,25.75,0
DT-0005633,WO-002389,2025-10-14,Morning,M04,Planned,Preventive maintenance,57.1,1
DT-0005634,WO-002389,2025-10-14,Morning,M04,Changeover,Fixture setup,3.72,0
DT-0005635,WO-002389,2025-10-14,Morning,M04,Microstop,Vision retry,42.25,0
DT-0005636,WO-002390,2025-10-14,Afternoon,M04,Changeover,Fixture setup,97.48,0
DT-0005637,WO-002391,2025-10-14,Morning,M05,Breakdown,Mechanical fault,37.23,0
DT-0005638,WO-002391,2025-10-14,Morning,M05,Microstop,Vision retry,8.93,0
DT-0005639,WO-002391,2025-10-14,Morning,M05,Changeover,Tooling change,1.0,0
DT-0005640,WO-002392,2025-10-14,Afternoon,M05,Material,Material shortage,13.05,0
DT-0005641,WO-002392,2025-10-14,Afternoon,M05,Breakdown,Sensor fault,32.19,0
DT-0005642,WO-002392,2025-10-14,Afternoon,M05,Microstop,Material jam,14.26,0
DT-0005643,WO-002393,2025-10-14,Morning,M06,Microstop,Vision retry,12.9,0
DT-0005644,WO-002394,2025-10-14,Afternoon,M06,Breakdown,Sensor fault,29.47,0
DT-0005645,WO-002395,2025-10-15,Morning,M01,Material,Material shortage,6.02,0
DT-0005646,WO-002395,2025-10-15,Morning,M01,Breakdown,Mechanical fault,31.47,0
DT-0005647,WO-002396,2025-10-15,Afternoon,M01,Material,Material shortage,4.9,0
DT-0005648,WO-002396,2025-10-15,Afternoon,M01,Microstop,Material jam,47.66,0
DT-0005649,WO-002397,2025-10-15,Morning,M02,Material,Material shortage,15.54,0
DT-0005650,WO-002397,2025-10-15,Morning,M02,Breakdown,Mechanical fault,29.15,0
DT-0005651,WO-002398,2025-10-15,Afternoon,M02,Material,Material shortage,11.07,0
DT-0005652,WO-002398,2025-10-15,Afternoon,M02,Planned,Preventive maintenance,22.31,1
DT-0005653,WO-002398,2025-10-15,Afternoon,M02,Changeover,Planned changeover,32.08,1
DT-0005654,WO-002399,2025-10-15,Morning,M03,Microstop,Vision retry,1.23,0
DT-0005655,WO-002399,2025-10-15,Morning,M03,Microstop,Vision retry,15.39,0
DT-0005656,WO-002399,2025-10-15,Morning,M03,Microstop,Material jam,22.98,0
DT-0005657,WO-002400,2025-10-15,Afternoon,M03,Changeover,Planned changeover,7.86,1
DT-0005658,WO-002400,2025-10-15,Afternoon,M03,Changeover,Planned changeover,2.47,1
DT-0005659,WO-002400,2025-10-15,Afternoon,M03,Material,Material shortage,11.07,0
DT-0005660,WO-002400,2025-10-15,Afternoon,M03,Microstop,Material jam,1.72,0
DT-0005661,WO-002400,2025-10-15,Afternoon,M03,Process,Parameter adjustment,31.19,0
DT-0005662,WO-002401,2025-10-15,Morning,M04,Process,Weld parameter adjustment,17.21,0
DT-0005663,WO-002401,2025-10-15,Morning,M04,Changeover,Tooling change,16.69,0
DT-0005664,WO-002401,2025-10-15,Morning,M04,Changeover,Planned changeover,11.54,1
DT-0005665,WO-002401,2025-10-15,Morning,M04,Changeover,Fixture setup,46.46,0
DT-0005666,WO-002402,2025-10-15,Afternoon,M04,Planned,Preventive maintenance,15.92,1
DT-0005667,WO-002402,2025-10-15,Afternoon,M04,Changeover,Fixture setup,19.75,0
DT-0005668,WO-002402,2025-10-15,Afternoon,M04,Breakdown,Robot recovery,47.93,0
DT-0005669,WO-002402,2025-10-15,Afternoon,M04,Microstop,Torch cleaning,8.5,0
DT-0005670,WO-002402,2025-10-15,Afternoon,M04,Planned,Calibration,33.99,1
DT-0005671,WO-002403,2025-10-15,Morning,M05,Breakdown,Sensor fault,13.66,0
DT-0005672,WO-002403,2025-10-15,Morning,M05,Planned,Calibration,46.86,1
DT-0005673,WO-002404,2025-10-15,Afternoon,M05,Breakdown,Sensor fault,10.33,0
DT-0005674,WO-002404,2025-10-15,Afternoon,M05,Microstop,Vision retry,8.78,0
DT-0005675,WO-002404,2025-10-15,Afternoon,M05,Microstop,Vision retry,46.12,0
DT-0005676,WO-002405,2025-10-15,Morning,M06,Microstop,Material jam,21.35,0
DT-0005677,WO-002406,2025-10-15,Afternoon,M06,Process,Parameter adjustment,3.11,0
DT-0005678,WO-002406,2025-10-15,Afternoon,M06,Process,Parameter adjustment,26.92,0
DT-0005679,WO-002407,2025-10-16,Morning,M01,Process,Parameter adjustment,21.69,0
DT-0005680,WO-002407,2025-10-16,Morning,M01,Changeover,Tooling change,0.99,0
DT-0005681,WO-002407,2025-10-16,Morning,M01,Breakdown,Mechanical fault,19.82,0
DT-0005682,WO-002407,2025-10-16,Morning,M01,Planned,Calibration,6.34,1
DT-0005683,WO-002408,2025-10-16,Afternoon,M01,Breakdown,Sensor fault,30.95,0
DT-0005684,WO-002408,2025-10-16,Afternoon,M01,Breakdown,Sensor fault,11.39,0
DT-0005685,WO-002409,2025-10-16,Morning,M02,Microstop,Material jam,59.29,0
DT-0005686,WO-002409,2025-10-16,Morning,M02,Process,Parameter adjustment,1.91,0
DT-0005687,WO-002409,2025-10-16,Morning,M02,Changeover,Tooling change,1.0,0
DT-0005688,WO-002410,2025-10-16,Afternoon,M02,Microstop,Vision retry,47.42,0
DT-0005689,WO-002411,2025-10-16,Morning,M03,Breakdown,Sensor fault,1.98,0
DT-0005690,WO-002411,2025-10-16,Morning,M03,Breakdown,Sensor fault,23.06,0
DT-0005691,WO-002411,2025-10-16,Morning,M03,Planned,Preventive maintenance,18.72,1
DT-0005692,WO-002411,2025-10-16,Morning,M03,Microstop,Material jam,11.33,0
DT-0005693,WO-002412,2025-10-16,Afternoon,M03,Breakdown,Sensor fault,42.3,0
DT-0005694,WO-002412,2025-10-16,Afternoon,M03,Breakdown,Sensor fault,3.5,0
DT-0005695,WO-002413,2025-10-16,Morning,M04,Breakdown,Robot recovery,33.02,0
DT-0005696,WO-002413,2025-10-16,Morning,M04,Changeover,Fixture setup,7.94,0
DT-0005697,WO-002413,2025-10-16,Morning,M04,Breakdown,Robot recovery,62.68,0
DT-0005698,WO-002414,2025-10-16,Afternoon,M04,Breakdown,Wire feeder fault,39.9,0
DT-0005699,WO-002414,2025-10-16,Afternoon,M04,Changeover,Planned changeover,57.16,1
DT-0005700,WO-002415,2025-10-16,Morning,M05,Material,Material shortage,15.11,0
DT-0005701,WO-002415,2025-10-16,Morning,M05,Microstop,Vision retry,10.24,0
DT-0005702,WO-002416,2025-10-16,Afternoon,M05,Changeover,Tooling change,28.78,0
DT-0005703,WO-002416,2025-10-16,Afternoon,M05,Breakdown,Sensor fault,14.91,0
DT-0005704,WO-002416,2025-10-16,Afternoon,M05,Microstop,Vision retry,20.33,0
DT-0005705,WO-002417,2025-10-16,Morning,M06,Breakdown,Mechanical fault,6.63,0
DT-0005706,WO-002417,2025-10-16,Morning,M06,Planned,Preventive maintenance,27.33,1
DT-0005707,WO-002417,2025-10-16,Morning,M06,Changeover,Tooling change,9.54,0
DT-0005708,WO-002417,2025-10-16,Morning,M06,Breakdown,Sensor fault,2.63,0
DT-0005709,WO-002418,2025-10-16,Afternoon,M06,Material,Material shortage,13.73,0
DT-0005710,WO-002418,2025-10-16,Afternoon,M06,Breakdown,Sensor fault,26.04,0
DT-0005711,WO-002419,2025-10-17,Morning,M01,Changeover,Tooling change,23.16,0
DT-0005712,WO-002419,2025-10-17,Morning,M01,Changeover,Tooling change,23.52,0
DT-0005713,WO-002419,2025-10-17,Morning,M01,Breakdown,Sensor fault,1.0,0
DT-0005714,WO-002420,2025-10-17,Afternoon,M01,Breakdown,Sensor fault,20.9,0
DT-0005715,WO-002420,2025-10-17,Afternoon,M01,Planned,Calibration,20.53,1
DT-0005716,WO-002421,2025-10-17,Morning,M02,Breakdown,Mechanical fault,54.17,0
DT-0005717,WO-002421,2025-10-17,Morning,M02,Material,Material shortage,4.21,0
DT-0005718,WO-002422,2025-10-17,Afternoon,M02,Breakdown,Sensor fault,2.28,0
DT-0005719,WO-002422,2025-10-17,Afternoon,M02,Breakdown,Mechanical fault,7.96,0
DT-0005720,WO-002422,2025-10-17,Afternoon,M02,Planned,Calibration,36.55,1
DT-0005721,WO-002423,2025-10-17,Morning,M03,Process,Parameter adjustment,5.23,0
DT-0005722,WO-002423,2025-10-17,Morning,M03,Process,Parameter adjustment,32.24,0
DT-0005723,WO-002423,2025-10-17,Morning,M03,Breakdown,Sensor fault,3.29,0
DT-0005724,WO-002424,2025-10-17,Afternoon,M03,Microstop,Material jam,5.76,0
DT-0005725,WO-002424,2025-10-17,Afternoon,M03,Microstop,Vision retry,10.94,0
DT-0005726,WO-002424,2025-10-17,Afternoon,M03,Microstop,Vision retry,18.69,0
DT-0005727,WO-002425,2025-10-17,Morning,M04,Breakdown,Robot recovery,108.39,0
DT-0005728,WO-002426,2025-10-17,Afternoon,M04,Changeover,Fixture setup,10.69,0
DT-0005729,WO-002426,2025-10-17,Afternoon,M04,Microstop,Vision retry,6.6,0
DT-0005730,WO-002426,2025-10-17,Afternoon,M04,Breakdown,Robot recovery,50.33,0
DT-0005731,WO-002426,2025-10-17,Afternoon,M04,Process,Parameter adjustment,36.51,0
DT-0005732,WO-002426,2025-10-17,Afternoon,M04,Changeover,Fixture setup,5.42,0
DT-0005733,WO-002427,2025-10-17,Morning,M05,Process,Parameter adjustment,6.51,0
DT-0005734,WO-002427,2025-10-17,Morning,M05,Planned,Preventive maintenance,26.14,1
DT-0005735,WO-002428,2025-10-17,Afternoon,M05,Material,Material shortage,46.61,0
DT-0005736,WO-002428,2025-10-17,Afternoon,M05,Changeover,Planned changeover,6.04,1
DT-0005737,WO-002428,2025-10-17,Afternoon,M05,Breakdown,Mechanical fault,8.33,0
DT-0005738,WO-002429,2025-10-17,Morning,M06,Process,Parameter adjustment,26.28,0
DT-0005739,WO-002429,2025-10-17,Morning,M06,Microstop,Material jam,32.57,0
DT-0005740,WO-002430,2025-10-17,Afternoon,M06,Microstop,Material jam,24.1,0
DT-0005741,WO-002430,2025-10-17,Afternoon,M06,Changeover,Tooling change,7.27,0
DT-0005742,WO-002431,2025-10-20,Morning,M01,Changeover,Planned changeover,0.98,1
DT-0005743,WO-002431,2025-10-20,Morning,M01,Breakdown,Mechanical fault,51.16,0
DT-0005744,WO-002432,2025-10-20,Afternoon,M01,Breakdown,Mechanical fault,32.56,0
DT-0005745,WO-002432,2025-10-20,Afternoon,M01,Breakdown,Mechanical fault,2.02,0
DT-0005746,WO-002432,2025-10-20,Afternoon,M01,Process,Parameter adjustment,26.67,0
DT-0005747,WO-002433,2025-10-20,Morning,M02,Microstop,Vision retry,5.93,0
DT-0005748,WO-002433,2025-10-20,Morning,M02,Breakdown,Mechanical fault,18.06,0
DT-0005749,WO-002433,2025-10-20,Morning,M02,Changeover,Tooling change,13.41,0
DT-0005750,WO-002434,2025-10-20,Afternoon,M02,Planned,Preventive maintenance,10.04,1
DT-0005751,WO-002434,2025-10-20,Afternoon,M02,Breakdown,Mechanical fault,38.67,0
DT-0005752,WO-002435,2025-10-20,Morning,M03,Changeover,Tooling change,17.17,0
DT-0005753,WO-002435,2025-10-20,Morning,M03,Planned,Calibration,1.4,1
DT-0005754,WO-002435,2025-10-20,Morning,M03,Microstop,Material jam,4.51,0
DT-0005755,WO-002435,2025-10-20,Morning,M03,Process,Parameter adjustment,5.22,0
DT-0005756,WO-002435,2025-10-20,Morning,M03,Planned,Calibration,1.6,1
DT-0005757,WO-002436,2025-10-20,Afternoon,M03,Microstop,Vision retry,4.17,0
DT-0005758,WO-002436,2025-10-20,Afternoon,M03,Process,Parameter adjustment,14.19,0
DT-0005759,WO-002436,2025-10-20,Afternoon,M03,Microstop,Material jam,2.14,0
DT-0005760,WO-002436,2025-10-20,Afternoon,M03,Planned,Preventive maintenance,26.12,1
DT-0005761,WO-002437,2025-10-20,Morning,M04,Changeover,Planned changeover,31.5,1
DT-0005762,WO-002437,2025-10-20,Morning,M04,Process,Weld parameter adjustment,46.11,0
DT-0005763,WO-002437,2025-10-20,Morning,M04,Changeover,Fixture setup,22.58,0
DT-0005764,WO-002437,2025-10-20,Morning,M04,Changeover,Fixture setup,10.76,0
DT-0005765,WO-002438,2025-10-20,Afternoon,M04,Process,Parameter adjustment,53.97,0
DT-0005766,WO-002438,2025-10-20,Afternoon,M04,Changeover,Fixture setup,63.97,0
DT-0005767,WO-002439,2025-10-20,Morning,M05,Material,Material shortage,69.97,0
DT-0005768,WO-002440,2025-10-20,Afternoon,M05,Changeover,Tooling change,47.36,0
DT-0005769,WO-002441,2025-10-20,Morning,M06,Changeover,Tooling change,1.3,0
DT-0005770,WO-002441,2025-10-20,Morning,M06,Microstop,Vision retry,16.91,0
DT-0005771,WO-002441,2025-10-20,Morning,M06,Changeover,Tooling change,6.42,0
DT-0005772,WO-002442,2025-10-20,Afternoon,M06,Breakdown,Sensor fault,15.89,0
DT-0005773,WO-002442,2025-10-20,Afternoon,M06,Breakdown,Mechanical fault,16.33,0
DT-0005774,WO-002443,2025-10-21,Morning,M01,Breakdown,Mechanical fault,28.53,0
DT-0005775,WO-002443,2025-10-21,Morning,M01,Changeover,Planned changeover,24.69,1
DT-0005776,WO-002443,2025-10-21,Morning,M01,Microstop,Material jam,0.99,0
DT-0005777,WO-002443,2025-10-21,Morning,M01,Planned,Calibration,3.85,1
DT-0005778,WO-002444,2025-10-21,Afternoon,M01,Material,Material shortage,16.35,0
DT-0005779,WO-002444,2025-10-21,Afternoon,M01,Material,Material shortage,37.56,0
DT-0005780,WO-002445,2025-10-21,Afternoon,M02,Microstop,Material jam,54.6,0
DT-0005781,WO-002445,2025-10-21,Afternoon,M02,Changeover,Tooling change,1.19,0
DT-0005782,WO-002446,2025-10-21,Morning,M03,Breakdown,Mechanical fault,33.03,0
DT-0005783,WO-002446,2025-10-21,Morning,M03,Changeover,Tooling change,1.38,0
DT-0005784,WO-002447,2025-10-21,Afternoon,M03,Breakdown,Sensor fault,3.6,0
DT-0005785,WO-002447,2025-10-21,Afternoon,M03,Microstop,Vision retry,15.68,0
DT-0005786,WO-002447,2025-10-21,Afternoon,M03,Microstop,Vision retry,11.17,0
DT-0005787,WO-002448,2025-10-21,Morning,M04,Material,Material shortage,94.1,0
DT-0005788,WO-002449,2025-10-21,Afternoon,M04,Planned,Preventive maintenance,10.57,1
DT-0005789,WO-002449,2025-10-21,Afternoon,M04,Changeover,Fixture setup,0.99,0
DT-0005790,WO-002449,2025-10-21,Afternoon,M04,Process,Weld parameter adjustment,1.07,0
DT-0005791,WO-002449,2025-10-21,Afternoon,M04,Planned,Calibration,31.02,1
DT-0005792,WO-002449,2025-10-21,Afternoon,M04,Breakdown,Robot recovery,52.35,0
DT-0005793,WO-002450,2025-10-21,Morning,M05,Planned,Calibration,50.18,1
DT-0005794,WO-002450,2025-10-21,Morning,M05,Breakdown,Sensor fault,1.07,0
DT-0005795,WO-002450,2025-10-21,Morning,M05,Process,Parameter adjustment,16.42,0
DT-0005796,WO-002451,2025-10-21,Afternoon,M05,Changeover,Planned changeover,5.43,1
DT-0005797,WO-002451,2025-10-21,Afternoon,M05,Breakdown,Sensor fault,14.87,0
DT-0005798,WO-002451,2025-10-21,Afternoon,M05,Material,Material shortage,29.14,0
DT-0005799,WO-002452,2025-10-21,Morning,M06,Microstop,Vision retry,13.14,0
DT-0005800,WO-002452,2025-10-21,Morning,M06,Changeover,Planned changeover,9.9,1
DT-0005801,WO-002453,2025-10-21,Afternoon,M06,Material,Material shortage,4.7,0
DT-0005802,WO-002453,2025-10-21,Afternoon,M06,Material,Material shortage,20.51,0
DT-0005803,WO-002454,2025-10-22,Morning,M01,Microstop,Vision retry,36.15,0
DT-0005804,WO-002454,2025-10-22,Morning,M01,Changeover,Tooling change,1.89,0
DT-0005805,WO-002454,2025-10-22,Morning,M01,Material,Material shortage,4.05,0
DT-0005806,WO-002455,2025-10-22,Afternoon,M01,Breakdown,Sensor fault,54.85,0
DT-0005807,WO-002456,2025-10-22,Morning,M02,Microstop,Material jam,28.83,0
DT-0005808,WO-002456,2025-10-22,Morning,M02,Changeover,Planned changeover,37.44,1
DT-0005809,WO-002457,2025-10-22,Afternoon,M02,Material,Material shortage,17.68,0
DT-0005810,WO-002457,2025-10-22,Afternoon,M02,Planned,Calibration,29.35,1
DT-0005811,WO-002457,2025-10-22,Afternoon,M02,Material,Material shortage,9.36,0
DT-0005812,WO-002458,2025-10-22,Morning,M03,Microstop,Material jam,36.93,0
DT-0005813,WO-002458,2025-10-22,Morning,M03,Planned,Preventive maintenance,20.04,1
DT-0005814,WO-002459,2025-10-22,Afternoon,M03,Microstop,Vision retry,21.59,0
DT-0005815,WO-002459,2025-10-22,Afternoon,M03,Breakdown,Mechanical fault,15.89,0
DT-0005816,WO-002459,2025-10-22,Afternoon,M03,Microstop,Vision retry,20.42,0
DT-0005817,WO-002460,2025-10-22,Morning,M04,Changeover,Fixture setup,108.14,0
DT-0005818,WO-002461,2025-10-22,Afternoon,M04,Breakdown,Robot recovery,106.81,0
DT-0005819,WO-002461,2025-10-22,Afternoon,M04,Changeover,Fixture setup,4.63,0
DT-0005820,WO-002461,2025-10-22,Afternoon,M04,Microstop,Material jam,14.77,0
DT-0005821,WO-002462,2025-10-22,Morning,M05,Changeover,Tooling change,34.53,0
DT-0005822,WO-002462,2025-10-22,Morning,M05,Planned,Calibration,13.9,1
DT-0005823,WO-002463,2025-10-22,Afternoon,M05,Material,Material shortage,9.54,0
DT-0005824,WO-002463,2025-10-22,Afternoon,M05,Changeover,Tooling change,30.84,0
DT-0005825,WO-002463,2025-10-22,Afternoon,M05,Breakdown,Mechanical fault,11.51,0
DT-0005826,WO-002464,2025-10-22,Morning,M06,Material,Material shortage,11.71,0
DT-0005827,WO-002464,2025-10-22,Morning,M06,Planned,Preventive maintenance,1.46,1
DT-0005828,WO-002464,2025-10-22,Morning,M06,Microstop,Material jam,5.06,0
DT-0005829,WO-002465,2025-10-22,Afternoon,M06,Microstop,Material jam,8.12,0
DT-0005830,WO-002465,2025-10-22,Afternoon,M06,Breakdown,Mechanical fault,34.23,0
DT-0005831,WO-002466,2025-10-23,Morning,M01,Process,Parameter adjustment,13.92,0
DT-0005832,WO-002466,2025-10-23,Morning,M01,Microstop,Vision retry,1.43,0
DT-0005833,WO-002466,2025-10-23,Morning,M01,Changeover,Tooling change,33.54,0
DT-0005834,WO-002466,2025-10-23,Morning,M01,Changeover,Planned changeover,8.2,1
DT-0005835,WO-002467,2025-10-23,Afternoon,M01,Breakdown,Sensor fault,61.13,0
DT-0005836,WO-002468,2025-10-23,Morning,M02,Microstop,Vision retry,30.3,0
DT-0005837,WO-002468,2025-10-23,Morning,M02,Material,Material shortage,11.17,0
DT-0005838,WO-002469,2025-10-23,Afternoon,M02,Microstop,Material jam,60.11,0
DT-0005839,WO-002470,2025-10-23,Morning,M03,Planned,Preventive maintenance,31.61,1
DT-0005840,WO-002471,2025-10-23,Afternoon,M03,Microstop,Material jam,39.21,0
DT-0005841,WO-002471,2025-10-23,Afternoon,M03,Process,Parameter adjustment,2.34,0
DT-0005842,WO-002471,2025-10-23,Afternoon,M03,Process,Parameter adjustment,6.04,0
DT-0005843,WO-002472,2025-10-23,Morning,M04,Changeover,Tooling change,39.27,0
DT-0005844,WO-002472,2025-10-23,Morning,M04,Changeover,Fixture setup,78.36,0
DT-0005845,WO-002472,2025-10-23,Morning,M04,Microstop,Torch cleaning,8.19,0
DT-0005846,WO-002473,2025-10-23,Afternoon,M04,Breakdown,Wire feeder fault,11.81,0
DT-0005847,WO-002473,2025-10-23,Afternoon,M04,Changeover,Fixture setup,12.19,0
DT-0005848,WO-002473,2025-10-23,Afternoon,M04,Changeover,Planned changeover,47.76,1
DT-0005849,WO-002473,2025-10-23,Afternoon,M04,Microstop,Vision retry,45.08,0
DT-0005850,WO-002474,2025-10-23,Morning,M05,Breakdown,Sensor fault,31.22,0
DT-0005851,WO-002475,2025-10-23,Afternoon,M05,Process,Parameter adjustment,31.01,0
DT-0005852,WO-002476,2025-10-23,Morning,M06,Process,Parameter adjustment,8.77,0
DT-0005853,WO-002476,2025-10-23,Morning,M06,Breakdown,Mechanical fault,30.39,0
DT-0005854,WO-002476,2025-10-23,Morning,M06,Breakdown,Mechanical fault,7.85,0
DT-0005855,WO-002477,2025-10-23,Afternoon,M06,Material,Material shortage,9.08,0
DT-0005856,WO-002477,2025-10-23,Afternoon,M06,Changeover,Tooling change,20.3,0
DT-0005857,WO-002478,2025-10-24,Morning,M01,Planned,Preventive maintenance,14.78,1
DT-0005858,WO-002478,2025-10-24,Morning,M01,Microstop,Vision retry,41.34,0
DT-0005859,WO-002478,2025-10-24,Morning,M01,Microstop,Material jam,5.04,0
DT-0005860,WO-002479,2025-10-24,Afternoon,M01,Changeover,Planned changeover,45.95,1
DT-0005861,WO-002479,2025-10-24,Afternoon,M01,Changeover,Tooling change,13.37,0
DT-0005862,WO-002480,2025-10-24,Morning,M02,Material,Material shortage,32.72,0
DT-0005863,WO-002481,2025-10-24,Afternoon,M02,Planned,Preventive maintenance,33.96,1
DT-0005864,WO-002481,2025-10-24,Afternoon,M02,Planned,Calibration,4.62,1
DT-0005865,WO-002481,2025-10-24,Afternoon,M02,Microstop,Material jam,9.97,0
DT-0005866,WO-002481,2025-10-24,Afternoon,M02,Breakdown,Mechanical fault,4.33,0
DT-0005867,WO-002481,2025-10-24,Afternoon,M02,Microstop,Material jam,0.99,0
DT-0005868,WO-002482,2025-10-24,Morning,M03,Breakdown,Sensor fault,24.22,0
DT-0005869,WO-002482,2025-10-24,Morning,M03,Changeover,Tooling change,17.65,0
DT-0005870,WO-002483,2025-10-24,Afternoon,M03,Planned,Calibration,6.49,1
DT-0005871,WO-002483,2025-10-24,Afternoon,M03,Breakdown,Mechanical fault,4.25,0
DT-0005872,WO-002483,2025-10-24,Afternoon,M03,Microstop,Vision retry,11.72,0
DT-0005873,WO-002483,2025-10-24,Afternoon,M03,Planned,Calibration,12.58,1
DT-0005874,WO-002484,2025-10-24,Morning,M04,Breakdown,Robot recovery,4.53,0
DT-0005875,WO-002484,2025-10-24,Morning,M04,Process,Weld parameter adjustment,45.29,0
DT-0005876,WO-002484,2025-10-24,Morning,M04,Microstop,Torch cleaning,5.95,0
DT-0005877,WO-002484,2025-10-24,Morning,M04,Changeover,Planned changeover,50.05,1
DT-0005878,WO-002485,2025-10-24,Afternoon,M04,Planned,Preventive maintenance,123.61,1
DT-0005879,WO-002486,2025-10-24,Morning,M05,Microstop,Vision retry,24.78,0
DT-0005880,WO-002486,2025-10-24,Morning,M05,Breakdown,Sensor fault,31.38,0
DT-0005881,WO-002486,2025-10-24,Morning,M05,Changeover,Tooling change,13.43,0
DT-0005882,WO-002487,2025-10-24,Afternoon,M05,Changeover,Planned changeover,49.32,1
DT-0005883,WO-002488,2025-10-24,Morning,M06,Changeover,Tooling change,12.37,0
DT-0005884,WO-002488,2025-10-24,Morning,M06,Planned,Calibration,7.62,1
DT-0005885,WO-002489,2025-10-24,Afternoon,M06,Changeover,Planned changeover,4.78,1
DT-0005886,WO-002489,2025-10-24,Afternoon,M06,Process,Parameter adjustment,34.0,0
DT-0005887,WO-002490,2025-10-27,Morning,M01,Microstop,Vision retry,8.58,0
DT-0005888,WO-002490,2025-10-27,Morning,M01,Microstop,Material jam,50.32,0
DT-0005889,WO-002490,2025-10-27,Morning,M01,Process,Parameter adjustment,3.29,0
DT-0005890,WO-002490,2025-10-27,Morning,M01,Microstop,Vision retry,0.99,0
DT-0005891,WO-002490,2025-10-27,Morning,M01,Microstop,Vision retry,7.19,0
DT-0005892,WO-002491,2025-10-27,Afternoon,M01,Breakdown,Mechanical fault,18.74,0
DT-0005893,WO-002491,2025-10-27,Afternoon,M01,Microstop,Material jam,13.59,0
DT-0005894,WO-002491,2025-10-27,Afternoon,M01,Changeover,Tooling change,4.16,0
DT-0005895,WO-002491,2025-10-27,Afternoon,M01,Changeover,Planned changeover,3.94,1
DT-0005896,WO-002492,2025-10-27,Morning,M02,Breakdown,Sensor fault,35.24,0
DT-0005897,WO-002493,2025-10-27,Afternoon,M02,Planned,Preventive maintenance,14.65,1
DT-0005898,WO-002493,2025-10-27,Afternoon,M02,Planned,Preventive maintenance,17.05,1
DT-0005899,WO-002493,2025-10-27,Afternoon,M02,Microstop,Material jam,28.32,0
DT-0005900,WO-002494,2025-10-27,Morning,M03,Microstop,Vision retry,17.78,0
DT-0005901,WO-002494,2025-10-27,Morning,M03,Planned,Calibration,16.85,1
DT-0005902,WO-002495,2025-10-27,Afternoon,M03,Microstop,Material jam,5.57,0
DT-0005903,WO-002495,2025-10-27,Afternoon,M03,Process,Parameter adjustment,33.15,0
DT-0005904,WO-002496,2025-10-27,Morning,M04,Breakdown,Mechanical fault,5.17,0
DT-0005905,WO-002496,2025-10-27,Morning,M04,Planned,Preventive maintenance,44.37,1
DT-0005906,WO-002496,2025-10-27,Morning,M04,Changeover,Fixture setup,30.86,0
DT-0005907,WO-002496,2025-10-27,Morning,M04,Planned,Calibration,33.06,1
DT-0005908,WO-002497,2025-10-27,Afternoon,M04,Changeover,Planned changeover,86.61,1
DT-0005909,WO-002497,2025-10-27,Afternoon,M04,Changeover,Fixture setup,22.35,0
DT-0005910,WO-002498,2025-10-27,Morning,M05,Planned,Calibration,53.89,1
DT-0005911,WO-002499,2025-10-27,Afternoon,M05,Process,Parameter adjustment,1.25,0
DT-0005912,WO-002499,2025-10-27,Afternoon,M05,Breakdown,Mechanical fault,4.52,0
DT-0005913,WO-002499,2025-10-27,Afternoon,M05,Changeover,Tooling change,31.79,0
DT-0005914,WO-002500,2025-10-27,Morning,M06,Changeover,Planned changeover,3.43,1
DT-0005915,WO-002500,2025-10-27,Morning,M06,Material,Material shortage,21.93,0
DT-0005916,WO-002501,2025-10-27,Afternoon,M06,Process,Parameter adjustment,32.72,0
DT-0005917,WO-002501,2025-10-27,Afternoon,M06,Microstop,Material jam,8.97,0
DT-0005918,WO-002502,2025-10-28,Morning,M01,Breakdown,Mechanical fault,10.33,0
DT-0005919,WO-002502,2025-10-28,Morning,M01,Breakdown,Mechanical fault,3.64,0
DT-0005920,WO-002502,2025-10-28,Morning,M01,Material,Material shortage,22.46,0
DT-0005921,WO-002503,2025-10-28,Afternoon,M01,Changeover,Tooling change,13.46,0
DT-0005922,WO-002503,2025-10-28,Afternoon,M01,Breakdown,Sensor fault,17.77,0
DT-0005923,WO-002503,2025-10-28,Afternoon,M01,Planned,Calibration,11.39,1
DT-0005924,WO-002504,2025-10-28,Morning,M02,Breakdown,Mechanical fault,68.05,0
DT-0005925,WO-002505,2025-10-28,Afternoon,M02,Microstop,Material jam,67.27,0
DT-0005926,WO-002505,2025-10-28,Afternoon,M02,Microstop,Material jam,13.46,0
DT-0005927,WO-002506,2025-10-28,Morning,M03,Material,Material shortage,52.14,0
DT-0005928,WO-002507,2025-10-28,Afternoon,M03,Changeover,Planned changeover,22.65,1
DT-0005929,WO-002507,2025-10-28,Afternoon,M03,Breakdown,Sensor fault,11.29,0
DT-0005930,WO-002507,2025-10-28,Afternoon,M03,Changeover,Tooling change,19.61,0
DT-0005931,WO-002508,2025-10-28,Morning,M04,Breakdown,Mechanical fault,105.41,0
DT-0005932,WO-002508,2025-10-28,Morning,M04,Changeover,Fixture setup,20.55,0
DT-0005933,WO-002509,2025-10-28,Afternoon,M04,Changeover,Fixture setup,49.49,0
DT-0005934,WO-002509,2025-10-28,Afternoon,M04,Planned,Calibration,37.77,1
DT-0005935,WO-002509,2025-10-28,Afternoon,M04,Microstop,Torch cleaning,33.92,0
DT-0005936,WO-002510,2025-10-28,Morning,M05,Microstop,Material jam,0.99,0
DT-0005937,WO-002510,2025-10-28,Morning,M05,Microstop,Vision retry,50.72,0
DT-0005938,WO-002511,2025-10-28,Afternoon,M05,Planned,Preventive maintenance,58.65,1
DT-0005939,WO-002512,2025-10-28,Morning,M06,Breakdown,Mechanical fault,9.47,0
DT-0005940,WO-002512,2025-10-28,Morning,M06,Process,Parameter adjustment,2.93,0
DT-0005941,WO-002512,2025-10-28,Morning,M06,Microstop,Material jam,5.73,0
DT-0005942,WO-002512,2025-10-28,Morning,M06,Material,Material shortage,3.15,0
DT-0005943,WO-002513,2025-10-28,Afternoon,M06,Breakdown,Mechanical fault,1.97,0
DT-0005944,WO-002513,2025-10-28,Afternoon,M06,Microstop,Vision retry,18.58,0
DT-0005945,WO-002513,2025-10-28,Afternoon,M06,Microstop,Material jam,7.14,0
DT-0005946,WO-002514,2025-10-29,Morning,M01,Changeover,Planned changeover,6.78,1
DT-0005947,WO-002514,2025-10-29,Morning,M01,Material,Material shortage,7.27,0
DT-0005948,WO-002514,2025-10-29,Morning,M01,Planned,Calibration,41.44,1
DT-0005949,WO-002515,2025-10-29,Afternoon,M01,Changeover,Planned changeover,36.25,1
DT-0005950,WO-002515,2025-10-29,Afternoon,M01,Process,Parameter adjustment,12.78,0
DT-0005951,WO-002515,2025-10-29,Afternoon,M01,Microstop,Vision retry,4.19,0
DT-0005952,WO-002516,2025-10-29,Morning,M02,Changeover,Planned changeover,26.88,1
DT-0005953,WO-002516,2025-10-29,Morning,M02,Material,Material shortage,23.32,0
DT-0005954,WO-002517,2025-10-29,Afternoon,M02,Microstop,Vision retry,1.47,0
DT-0005955,WO-002517,2025-10-29,Afternoon,M02,Process,Parameter adjustment,64.02,0
DT-0005956,WO-002518,2025-10-29,Morning,M03,Material,Material shortage,34.52,0
DT-0005957,WO-002519,2025-10-29,Afternoon,M03,Microstop,Material jam,22.53,0
DT-0005958,WO-002519,2025-10-29,Afternoon,M03,Microstop,Vision retry,0.98,0
DT-0005959,WO-002519,2025-10-29,Afternoon,M03,Changeover,Planned changeover,5.84,1
DT-0005960,WO-002519,2025-10-29,Afternoon,M03,Microstop,Material jam,4.2,0
DT-0005961,WO-002519,2025-10-29,Afternoon,M03,Planned,Preventive maintenance,5.79,1
DT-0005962,WO-002520,2025-10-29,Morning,M04,Breakdown,Robot recovery,17.56,0
DT-0005963,WO-002520,2025-10-29,Morning,M04,Process,Weld parameter adjustment,95.19,0
DT-0005964,WO-002520,2025-10-29,Morning,M04,Changeover,Planned changeover,6.17,1
DT-0005965,WO-002521,2025-10-29,Afternoon,M04,Breakdown,Robot recovery,107.6,0
DT-0005966,WO-002522,2025-10-29,Morning,M05,Microstop,Material jam,20.55,0
DT-0005967,WO-002522,2025-10-29,Morning,M05,Breakdown,Sensor fault,19.04,0
DT-0005968,WO-002522,2025-10-29,Morning,M05,Breakdown,Mechanical fault,7.7,0
DT-0005969,WO-002523,2025-10-29,Afternoon,M05,Breakdown,Mechanical fault,19.38,0
DT-0005970,WO-002523,2025-10-29,Afternoon,M05,Breakdown,Mechanical fault,34.61,0
DT-0005971,WO-002524,2025-10-29,Morning,M06,Breakdown,Sensor fault,17.6,0
DT-0005972,WO-002525,2025-10-29,Afternoon,M06,Microstop,Material jam,22.09,0
DT-0005973,WO-002526,2025-10-30,Morning,M01,Breakdown,Sensor fault,13.6,0
DT-0005974,WO-002526,2025-10-30,Morning,M01,Microstop,Material jam,22.11,0
DT-0005975,WO-002526,2025-10-30,Morning,M01,Microstop,Material jam,5.54,0
DT-0005976,WO-002527,2025-10-30,Afternoon,M01,Microstop,Material jam,30.87,0
DT-0005977,WO-002527,2025-10-30,Afternoon,M01,Microstop,Vision retry,33.74,0
DT-0005978,WO-002528,2025-10-30,Morning,M02,Breakdown,Sensor fault,3.37,0
DT-0005979,WO-002528,2025-10-30,Morning,M02,Breakdown,Mechanical fault,32.78,0
DT-0005980,WO-002528,2025-10-30,Morning,M02,Planned,Calibration,1.0,1
DT-0005981,WO-002528,2025-10-30,Morning,M02,Planned,Preventive maintenance,18.19,1
DT-0005982,WO-002529,2025-10-30,Afternoon,M02,Planned,Preventive maintenance,70.25,1
DT-0005983,WO-002530,2025-10-30,Morning,M03,Breakdown,Mechanical fault,22.71,0
DT-0005984,WO-002530,2025-10-30,Morning,M03,Breakdown,Sensor fault,0.99,0
DT-0005985,WO-002530,2025-10-30,Morning,M03,Process,Parameter adjustment,3.98,0
DT-0005986,WO-002531,2025-10-30,Afternoon,M03,Material,Material shortage,3.25,0
DT-0005987,WO-002531,2025-10-30,Afternoon,M03,Material,Material shortage,49.78,0
DT-0005988,WO-002532,2025-10-30,Morning,M04,Breakdown,Sensor fault,73.65,0
DT-0005989,WO-002532,2025-10-30,Morning,M04,Process,Weld parameter adjustment,13.24,0
DT-0005990,WO-002532,2025-10-30,Morning,M04,Microstop,Torch cleaning,17.92,0
DT-0005991,WO-002533,2025-10-30,Morning,M05,Process,Parameter adjustment,6.54,0
DT-0005992,WO-002533,2025-10-30,Morning,M05,Microstop,Vision retry,20.82,0
DT-0005993,WO-002533,2025-10-30,Morning,M05,Breakdown,Sensor fault,19.55,0
DT-0005994,WO-002534,2025-10-30,Afternoon,M05,Process,Parameter adjustment,75.39,0
DT-0005995,WO-002535,2025-10-30,Morning,M06,Material,Material shortage,15.54,0
DT-0005996,WO-002535,2025-10-30,Morning,M06,Breakdown,Sensor fault,1.04,0
DT-0005997,WO-002536,2025-10-30,Afternoon,M06,Process,Parameter adjustment,25.82,0
DT-0005998,WO-002537,2025-10-31,Morning,M01,Microstop,Vision retry,9.85,0
DT-0005999,WO-002537,2025-10-31,Morning,M01,Breakdown,Mechanical fault,42.25,0
DT-0006000,WO-002538,2025-10-31,Afternoon,M01,Changeover,Tooling change,0.99,0
DT-0006001,WO-002538,2025-10-31,Afternoon,M01,Changeover,Tooling change,20.05,0
DT-0006002,WO-002538,2025-10-31,Afternoon,M01,Microstop,Vision retry,1.08,0
DT-0006003,WO-002538,2025-10-31,Afternoon,M01,Changeover,Tooling change,20.2,0
DT-0006004,WO-002539,2025-10-31,Morning,M02,Planned,Preventive maintenance,29.08,1
DT-0006005,WO-002539,2025-10-31,Morning,M02,Breakdown,Mechanical fault,15.99,0
DT-0006006,WO-002540,2025-10-31,Afternoon,M02,Material,Material shortage,4.35,0
DT-0006007,WO-002540,2025-10-31,Afternoon,M02,Microstop,Vision retry,53.69,0
DT-0006008,WO-002540,2025-10-31,Afternoon,M02,Planned,Preventive maintenance,1.0,1
DT-0006009,WO-002541,2025-10-31,Morning,M03,Changeover,Tooling change,50.74,0
DT-0006010,WO-002542,2025-10-31,Afternoon,M03,Changeover,Tooling change,0.98,0
DT-0006011,WO-002542,2025-10-31,Afternoon,M03,Microstop,Material jam,19.8,0
DT-0006012,WO-002542,2025-10-31,Afternoon,M03,Microstop,Material jam,17.95,0
DT-0006013,WO-002542,2025-10-31,Afternoon,M03,Changeover,Tooling change,2.29,0
DT-0006014,WO-002543,2025-10-31,Morning,M04,Microstop,Torch cleaning,18.87,0
DT-0006015,WO-002543,2025-10-31,Morning,M04,Changeover,Fixture setup,11.48,0
DT-0006016,WO-002543,2025-10-31,Morning,M04,Changeover,Fixture setup,76.16,0
DT-0006017,WO-002544,2025-10-31,Afternoon,M04,Changeover,Planned changeover,50.14,1
DT-0006018,WO-002544,2025-10-31,Afternoon,M04,Breakdown,Robot recovery,22.73,0
DT-0006019,WO-002544,2025-10-31,Afternoon,M04,Changeover,Fixture setup,35.16,0
DT-0006020,WO-002545,2025-10-31,Morning,M05,Process,Parameter adjustment,11.27,0
DT-0006021,WO-002545,2025-10-31,Morning,M05,Changeover,Tooling change,2.29,0
DT-0006022,WO-002545,2025-10-31,Morning,M05,Planned,Preventive maintenance,7.46,1
DT-0006023,WO-002545,2025-10-31,Morning,M05,Microstop,Material jam,12.44,0
DT-0006024,WO-002545,2025-10-31,Morning,M05,Process,Parameter adjustment,14.4,0
DT-0006025,WO-002546,2025-10-31,Afternoon,M05,Process,Parameter adjustment,27.97,0
DT-0006026,WO-002546,2025-10-31,Afternoon,M05,Planned,Calibration,27.7,1
DT-0006027,WO-002547,2025-10-31,Morning,M06,Microstop,Vision retry,11.99,0
DT-0006028,WO-002547,2025-10-31,Morning,M06,Microstop,Material jam,8.5,0
DT-0006029,WO-002547,2025-10-31,Morning,M06,Changeover,Tooling change,2.82,0
DT-0006030,WO-002547,2025-10-31,Morning,M06,Planned,Calibration,12.2,1
DT-0006031,WO-002548,2025-10-31,Afternoon,M06,Microstop,Material jam,34.03,0
DT-0006032,WO-002548,2025-10-31,Afternoon,M06,Planned,Calibration,5.93,1
DT-0006033,WO-002549,2025-11-03,Morning,M01,Changeover,Tooling change,9.5,0
DT-0006034,WO-002549,2025-11-03,Morning,M01,Microstop,Material jam,3.94,0
DT-0006035,WO-002549,2025-11-03,Morning,M01,Process,Parameter adjustment,15.04,0
DT-0006036,WO-002549,2025-11-03,Morning,M01,Breakdown,Mechanical fault,1.75,0
DT-0006037,WO-002550,2025-11-03,Afternoon,M01,Process,Parameter adjustment,53.64,0
DT-0006038,WO-002551,2025-11-03,Morning,M02,Process,Parameter adjustment,44.23,0
DT-0006039,WO-002552,2025-11-03,Afternoon,M02,Material,Material shortage,28.88,0
DT-0006040,WO-002552,2025-11-03,Afternoon,M02,Breakdown,Mechanical fault,26.69,0
DT-0006041,WO-002552,2025-11-03,Afternoon,M02,Breakdown,Mechanical fault,8.92,0
DT-0006042,WO-002553,2025-11-03,Morning,M03,Material,Material shortage,42.04,0
DT-0006043,WO-002554,2025-11-03,Afternoon,M03,Process,Parameter adjustment,43.65,0
DT-0006044,WO-002555,2025-11-03,Morning,M04,Changeover,Fixture setup,21.92,0
DT-0006045,WO-002555,2025-11-03,Morning,M04,Changeover,Planned changeover,72.99,1
DT-0006046,WO-002556,2025-11-03,Afternoon,M04,Changeover,Fixture setup,113.48,0
DT-0006047,WO-002556,2025-11-03,Afternoon,M04,Planned,Calibration,0.99,1
DT-0006048,WO-002557,2025-11-03,Morning,M05,Planned,Preventive maintenance,5.87,1
DT-0006049,WO-002557,2025-11-03,Morning,M05,Material,Material shortage,12.18,0
DT-0006050,WO-002557,2025-11-03,Morning,M05,Changeover,Tooling change,25.34,0
DT-0006051,WO-002557,2025-11-03,Morning,M05,Process,Parameter adjustment,0.99,0
DT-0006052,WO-002558,2025-11-03,Afternoon,M05,Breakdown,Mechanical fault,30.19,0
DT-0006053,WO-002558,2025-11-03,Afternoon,M05,Changeover,Planned changeover,27.51,1
DT-0006054,WO-002559,2025-11-03,Morning,M06,Breakdown,Mechanical fault,15.14,0
DT-0006055,WO-002559,2025-11-03,Morning,M06,Breakdown,Mechanical fault,11.26,0
DT-0006056,WO-002560,2025-11-03,Afternoon,M06,Changeover,Tooling change,10.95,0
DT-0006057,WO-002560,2025-11-03,Afternoon,M06,Microstop,Material jam,10.62,0
DT-0006058,WO-002561,2025-11-04,Morning,M01,Microstop,Vision retry,5.82,0
DT-0006059,WO-002561,2025-11-04,Morning,M01,Changeover,Planned changeover,40.48,1
DT-0006060,WO-002561,2025-11-04,Morning,M01,Changeover,Tooling change,2.69,0
DT-0006061,WO-002562,2025-11-04,Afternoon,M01,Breakdown,Sensor fault,48.88,0
DT-0006062,WO-002563,2025-11-04,Morning,M02,Planned,Preventive maintenance,10.31,1
DT-0006063,WO-002563,2025-11-04,Morning,M02,Material,Material shortage,41.01,0
DT-0006064,WO-002564,2025-11-04,Afternoon,M02,Material,Material shortage,13.64,0
DT-0006065,WO-002564,2025-11-04,Afternoon,M02,Changeover,Tooling change,2.45,0
DT-0006066,WO-002564,2025-11-04,Afternoon,M02,Microstop,Material jam,24.21,0
DT-0006067,WO-002564,2025-11-04,Afternoon,M02,Process,Parameter adjustment,14.42,0
DT-0006068,WO-002564,2025-11-04,Afternoon,M02,Breakdown,Sensor fault,3.59,0
DT-0006069,WO-002565,2025-11-04,Morning,M03,Material,Material shortage,29.12,0
DT-0006070,WO-002565,2025-11-04,Morning,M03,Changeover,Tooling change,0.98,0
DT-0006071,WO-002565,2025-11-04,Morning,M03,Process,Parameter adjustment,2.92,0
DT-0006072,WO-002565,2025-11-04,Morning,M03,Material,Material shortage,6.06,0
DT-0006073,WO-002566,2025-11-04,Afternoon,M03,Process,Parameter adjustment,0.99,0
DT-0006074,WO-002566,2025-11-04,Afternoon,M03,Microstop,Material jam,5.24,0
DT-0006075,WO-002566,2025-11-04,Afternoon,M03,Changeover,Tooling change,43.17,0
DT-0006076,WO-002567,2025-11-04,Morning,M04,Microstop,Torch cleaning,19.91,0
DT-0006077,WO-002567,2025-11-04,Morning,M04,Breakdown,Wire feeder fault,90.43,0
DT-0006078,WO-002568,2025-11-04,Afternoon,M04,Changeover,Fixture setup,20.79,0
DT-0006079,WO-002568,2025-11-04,Afternoon,M04,Changeover,Fixture setup,8.41,0
DT-0006080,WO-002568,2025-11-04,Afternoon,M04,Changeover,Planned changeover,2.07,1
DT-0006081,WO-002568,2025-11-04,Afternoon,M04,Changeover,Planned changeover,4.45,1
DT-0006082,WO-002568,2025-11-04,Afternoon,M04,Breakdown,Robot recovery,88.05,0
DT-0006083,WO-002569,2025-11-04,Morning,M05,Microstop,Material jam,11.62,0
DT-0006084,WO-002569,2025-11-04,Morning,M05,Process,Parameter adjustment,18.79,0
DT-0006085,WO-002569,2025-11-04,Morning,M05,Breakdown,Mechanical fault,15.51,0
DT-0006086,WO-002570,2025-11-04,Afternoon,M05,Microstop,Material jam,31.28,0
DT-0006087,WO-002570,2025-11-04,Afternoon,M05,Process,Parameter adjustment,8.05,0
DT-0006088,WO-002570,2025-11-04,Afternoon,M05,Material,Material shortage,13.35,0
DT-0006089,WO-002571,2025-11-04,Afternoon,M06,Microstop,Vision retry,26.81,0
DT-0006090,WO-002571,2025-11-04,Afternoon,M06,Microstop,Vision retry,1.12,0
DT-0006091,WO-002571,2025-11-04,Afternoon,M06,Microstop,Vision retry,2.46,0
DT-0006092,WO-002572,2025-11-05,Morning,M01,Microstop,Vision retry,17.69,0
DT-0006093,WO-002572,2025-11-05,Morning,M01,Changeover,Planned changeover,9.16,1
DT-0006094,WO-002572,2025-11-05,Morning,M01,Breakdown,Mechanical fault,30.11,0
DT-0006095,WO-002573,2025-11-05,Afternoon,M01,Changeover,Planned changeover,48.52,1
DT-0006096,WO-002574,2025-11-05,Morning,M02,Material,Material shortage,55.71,0
DT-0006097,WO-002574,2025-11-05,Morning,M02,Breakdown,Mechanical fault,5.27,0
DT-0006098,WO-002575,2025-11-05,Afternoon,M02,Changeover,Planned changeover,7.43,1
DT-0006099,WO-002575,2025-11-05,Afternoon,M02,Planned,Preventive maintenance,16.38,1
DT-0006100,WO-002575,2025-11-05,Afternoon,M02,Microstop,Material jam,36.74,0
DT-0006101,WO-002575,2025-11-05,Afternoon,M02,Process,Parameter adjustment,10.2,0
DT-0006102,WO-002576,2025-11-05,Morning,M03,Changeover,Planned changeover,20.44,1
DT-0006103,WO-002576,2025-11-05,Morning,M03,Microstop,Material jam,27.72,0
DT-0006104,WO-002577,2025-11-05,Afternoon,M03,Changeover,Planned changeover,56.27,1
DT-0006105,WO-002578,2025-11-05,Morning,M04,Changeover,Fixture setup,42.26,0
DT-0006106,WO-002578,2025-11-05,Morning,M04,Material,Material shortage,60.3,0
DT-0006107,WO-002579,2025-11-05,Afternoon,M04,Planned,Calibration,82.85,1
DT-0006108,WO-002580,2025-11-05,Morning,M05,Breakdown,Mechanical fault,46.61,0
DT-0006109,WO-002581,2025-11-05,Afternoon,M05,Material,Material shortage,23.32,0
DT-0006110,WO-002581,2025-11-05,Afternoon,M05,Changeover,Tooling change,4.5,0
DT-0006111,WO-002581,2025-11-05,Afternoon,M05,Planned,Preventive maintenance,33.23,1
DT-0006112,WO-002581,2025-11-05,Afternoon,M05,Changeover,Planned changeover,1.22,1
DT-0006113,WO-002582,2025-11-05,Morning,M06,Process,Parameter adjustment,3.97,0
DT-0006114,WO-002582,2025-11-05,Morning,M06,Breakdown,Mechanical fault,14.12,0
DT-0006115,WO-002582,2025-11-05,Morning,M06,Breakdown,Sensor fault,7.86,0
DT-0006116,WO-002583,2025-11-05,Afternoon,M06,Breakdown,Sensor fault,11.18,0
DT-0006117,WO-002583,2025-11-05,Afternoon,M06,Breakdown,Sensor fault,25.39,0
DT-0006118,WO-002583,2025-11-05,Afternoon,M06,Breakdown,Sensor fault,5.32,0
DT-0006119,WO-002584,2025-11-06,Morning,M01,Changeover,Tooling change,11.01,0
DT-0006120,WO-002584,2025-11-06,Morning,M01,Microstop,Material jam,27.42,0
DT-0006121,WO-002584,2025-11-06,Morning,M01,Process,Parameter adjustment,2.49,0
DT-0006122,WO-002585,2025-11-06,Afternoon,M01,Breakdown,Mechanical fault,23.15,0
DT-0006123,WO-002585,2025-11-06,Afternoon,M01,Breakdown,Mechanical fault,4.96,0
DT-0006124,WO-002585,2025-11-06,Afternoon,M01,Changeover,Tooling change,5.16,0
DT-0006125,WO-002585,2025-11-06,Afternoon,M01,Microstop,Vision retry,4.01,0
DT-0006126,WO-002585,2025-11-06,Afternoon,M01,Microstop,Vision retry,7.19,0
DT-0006127,WO-002586,2025-11-06,Morning,M02,Microstop,Material jam,10.0,0
DT-0006128,WO-002586,2025-11-06,Morning,M02,Material,Material shortage,28.14,0
DT-0006129,WO-002586,2025-11-06,Morning,M02,Breakdown,Mechanical fault,37.88,0
DT-0006130,WO-002587,2025-11-06,Afternoon,M02,Changeover,Tooling change,68.0,0
DT-0006131,WO-002588,2025-11-06,Morning,M03,Microstop,Vision retry,10.65,0
DT-0006132,WO-002588,2025-11-06,Morning,M03,Changeover,Planned changeover,8.3,1
DT-0006133,WO-002588,2025-11-06,Morning,M03,Changeover,Planned changeover,18.43,1
DT-0006134,WO-002589,2025-11-06,Afternoon,M03,Microstop,Vision retry,22.84,0
DT-0006135,WO-002589,2025-11-06,Afternoon,M03,Process,Parameter adjustment,30.65,0
DT-0006136,WO-002590,2025-11-06,Morning,M04,Changeover,Fixture setup,5.77,0
DT-0006137,WO-002590,2025-11-06,Morning,M04,Changeover,Fixture setup,98.42,0
DT-0006138,WO-002591,2025-11-06,Afternoon,M04,Planned,Preventive maintenance,42.76,1
DT-0006139,WO-002591,2025-11-06,Afternoon,M04,Planned,Calibration,81.95,1
DT-0006140,WO-002592,2025-11-06,Morning,M05,Microstop,Vision retry,14.98,0
DT-0006141,WO-002592,2025-11-06,Morning,M05,Planned,Calibration,39.08,1
DT-0006142,WO-002593,2025-11-06,Afternoon,M05,Material,Material shortage,3.85,0
DT-0006143,WO-002593,2025-11-06,Afternoon,M05,Material,Material shortage,10.8,0
DT-0006144,WO-002593,2025-11-06,Afternoon,M05,Microstop,Material jam,0.99,0
DT-0006145,WO-002593,2025-11-06,Afternoon,M05,Changeover,Tooling change,22.76,0
DT-0006146,WO-002593,2025-11-06,Afternoon,M05,Changeover,Planned changeover,5.23,1
DT-0006147,WO-002594,2025-11-06,Morning,M06,Process,Parameter adjustment,17.95,0
DT-0006148,WO-002594,2025-11-06,Morning,M06,Planned,Preventive maintenance,2.91,1
DT-0006149,WO-002595,2025-11-06,Afternoon,M06,Breakdown,Mechanical fault,20.32,0
DT-0006150,WO-002596,2025-11-07,Morning,M01,Changeover,Tooling change,2.75,0
DT-0006151,WO-002596,2025-11-07,Morning,M01,Microstop,Vision retry,16.8,0
DT-0006152,WO-002596,2025-11-07,Morning,M01,Changeover,Tooling change,39.88,0
DT-0006153,WO-002597,2025-11-07,Afternoon,M01,Planned,Preventive maintenance,3.32,1
DT-0006154,WO-002597,2025-11-07,Afternoon,M01,Process,Parameter adjustment,39.04,0
DT-0006155,WO-002597,2025-11-07,Afternoon,M01,Breakdown,Mechanical fault,18.76,0
DT-0006156,WO-002598,2025-11-07,Morning,M02,Microstop,Material jam,18.61,0
DT-0006157,WO-002598,2025-11-07,Morning,M02,Microstop,Material jam,31.91,0
DT-0006158,WO-002599,2025-11-07,Afternoon,M02,Process,Parameter adjustment,15.79,0
DT-0006159,WO-002599,2025-11-07,Afternoon,M02,Microstop,Vision retry,6.94,0
DT-0006160,WO-002599,2025-11-07,Afternoon,M02,Microstop,Vision retry,22.16,0
DT-0006161,WO-002599,2025-11-07,Afternoon,M02,Changeover,Tooling change,9.51,0
DT-0006162,WO-002600,2025-11-07,Morning,M03,Breakdown,Mechanical fault,5.28,0
DT-0006163,WO-002600,2025-11-07,Morning,M03,Breakdown,Sensor fault,7.79,0
DT-0006164,WO-002600,2025-11-07,Morning,M03,Breakdown,Sensor fault,2.56,0
DT-0006165,WO-002601,2025-11-07,Afternoon,M03,Planned,Preventive maintenance,48.68,1
DT-0006166,WO-002602,2025-11-07,Morning,M04,Process,Weld parameter adjustment,113.26,0
DT-0006167,WO-002603,2025-11-07,Afternoon,M04,Breakdown,Robot recovery,64.98,0
DT-0006168,WO-002603,2025-11-07,Afternoon,M04,Microstop,Torch cleaning,57.27,0
DT-0006169,WO-002604,2025-11-07,Morning,M05,Material,Material shortage,60.59,0
DT-0006170,WO-002605,2025-11-07,Afternoon,M05,Material,Material shortage,14.79,0
DT-0006171,WO-002605,2025-11-07,Afternoon,M05,Planned,Calibration,4.7,1
DT-0006172,WO-002605,2025-11-07,Afternoon,M05,Changeover,Tooling change,16.24,0
DT-0006173,WO-002605,2025-11-07,Afternoon,M05,Changeover,Planned changeover,6.21,1
DT-0006174,WO-002605,2025-11-07,Afternoon,M05,Process,Parameter adjustment,3.92,0
DT-0006175,WO-002606,2025-11-07,Morning,M06,Process,Parameter adjustment,30.17,0
DT-0006176,WO-002607,2025-11-07,Afternoon,M06,Process,Parameter adjustment,13.41,0
DT-0006177,WO-002607,2025-11-07,Afternoon,M06,Material,Material shortage,12.66,0
DT-0006178,WO-002607,2025-11-07,Afternoon,M06,Planned,Preventive maintenance,17.6,1
DT-0006179,WO-002608,2025-11-10,Morning,M01,Microstop,Vision retry,9.03,0
DT-0006180,WO-002608,2025-11-10,Morning,M01,Changeover,Tooling change,25.87,0
DT-0006181,WO-002609,2025-11-10,Afternoon,M01,Breakdown,Sensor fault,49.93,0
DT-0006182,WO-002610,2025-11-10,Morning,M02,Material,Material shortage,12.36,0
DT-0006183,WO-002610,2025-11-10,Morning,M02,Material,Material shortage,4.96,0
DT-0006184,WO-002610,2025-11-10,Morning,M02,Breakdown,Mechanical fault,9.38,0
DT-0006185,WO-002610,2025-11-10,Morning,M02,Breakdown,Sensor fault,34.6,0
DT-0006186,WO-002610,2025-11-10,Morning,M02,Microstop,Material jam,0.99,0
DT-0006187,WO-002611,2025-11-10,Afternoon,M02,Planned,Preventive maintenance,9.87,1
DT-0006188,WO-002611,2025-11-10,Afternoon,M02,Microstop,Vision retry,10.28,0
DT-0006189,WO-002611,2025-11-10,Afternoon,M02,Planned,Preventive maintenance,5.49,1
DT-0006190,WO-002611,2025-11-10,Afternoon,M02,Changeover,Tooling change,44.09,0
DT-0006191,WO-002611,2025-11-10,Afternoon,M02,Changeover,Planned changeover,4.31,1
DT-0006192,WO-002612,2025-11-10,Morning,M03,Process,Parameter adjustment,16.65,0
DT-0006193,WO-002612,2025-11-10,Morning,M03,Process,Parameter adjustment,11.25,0
DT-0006194,WO-002612,2025-11-10,Morning,M03,Planned,Calibration,7.75,1
DT-0006195,WO-002612,2025-11-10,Morning,M03,Changeover,Tooling change,1.85,0
DT-0006196,WO-002613,2025-11-10,Afternoon,M03,Microstop,Material jam,22.67,0
DT-0006197,WO-002613,2025-11-10,Afternoon,M03,Breakdown,Sensor fault,3.34,0
DT-0006198,WO-002613,2025-11-10,Afternoon,M03,Material,Material shortage,9.69,0
DT-0006199,WO-002614,2025-11-10,Morning,M04,Breakdown,Mechanical fault,14.18,0
DT-0006200,WO-002614,2025-11-10,Morning,M04,Changeover,Fixture setup,17.97,0
DT-0006201,WO-002614,2025-11-10,Morning,M04,Microstop,Material jam,19.47,0
DT-0006202,WO-002614,2025-11-10,Morning,M04,Microstop,Vision retry,37.45,0
DT-0006203,WO-002615,2025-11-10,Afternoon,M04,Material,Material shortage,102.64,0
DT-0006204,WO-002615,2025-11-10,Afternoon,M04,Changeover,Fixture setup,2.35,0
DT-0006205,WO-002616,2025-11-10,Morning,M05,Process,Parameter adjustment,30.39,0
DT-0006206,WO-002616,2025-11-10,Morning,M05,Breakdown,Mechanical fault,16.34,0
DT-0006207,WO-002617,2025-11-10,Afternoon,M05,Breakdown,Mechanical fault,24.17,0
DT-0006208,WO-002617,2025-11-10,Afternoon,M05,Material,Material shortage,29.02,0
DT-0006209,WO-002618,2025-11-10,Morning,M06,Breakdown,Mechanical fault,4.37,0
DT-0006210,WO-002618,2025-11-10,Morning,M06,Process,Parameter adjustment,1.06,0
DT-0006211,WO-002618,2025-11-10,Morning,M06,Breakdown,Mechanical fault,11.07,0
DT-0006212,WO-002619,2025-11-10,Afternoon,M06,Microstop,Material jam,12.7,0
DT-0006213,WO-002619,2025-11-10,Afternoon,M06,Breakdown,Sensor fault,12.3,0
DT-0006214,WO-002620,2025-11-11,Morning,M01,Changeover,Tooling change,6.0,0
DT-0006215,WO-002620,2025-11-11,Morning,M01,Breakdown,Sensor fault,33.05,0
DT-0006216,WO-002620,2025-11-11,Morning,M01,Breakdown,Sensor fault,1.0,0
DT-0006217,WO-002620,2025-11-11,Morning,M01,Microstop,Material jam,1.27,0
DT-0006218,WO-002621,2025-11-11,Afternoon,M01,Microstop,Vision retry,42.45,0
DT-0006219,WO-002622,2025-11-11,Morning,M02,Microstop,Vision retry,7.22,0
DT-0006220,WO-002622,2025-11-11,Morning,M02,Microstop,Material jam,52.94,0
DT-0006221,WO-002622,2025-11-11,Morning,M02,Microstop,Vision retry,11.19,0
DT-0006222,WO-002623,2025-11-11,Afternoon,M02,Changeover,Tooling change,3.73,0
DT-0006223,WO-002623,2025-11-11,Afternoon,M02,Breakdown,Sensor fault,41.14,0
DT-0006224,WO-002624,2025-11-11,Morning,M03,Process,Parameter adjustment,26.11,0
DT-0006225,WO-002624,2025-11-11,Morning,M03,Material,Material shortage,6.29,0
DT-0006226,WO-002625,2025-11-11,Afternoon,M03,Breakdown,Mechanical fault,44.47,0
DT-0006227,WO-002626,2025-11-11,Morning,M04,Process,Weld parameter adjustment,98.76,0
DT-0006228,WO-002627,2025-11-11,Afternoon,M04,Breakdown,Wire feeder fault,59.38,0
DT-0006229,WO-002627,2025-11-11,Afternoon,M04,Changeover,Fixture setup,18.05,0
DT-0006230,WO-002627,2025-11-11,Afternoon,M04,Changeover,Planned changeover,0.99,1
DT-0006231,WO-002627,2025-11-11,Afternoon,M04,Changeover,Tooling change,23.87,0
DT-0006232,WO-002627,2025-11-11,Afternoon,M04,Changeover,Fixture setup,5.53,0
DT-0006233,WO-002628,2025-11-11,Morning,M05,Planned,Preventive maintenance,13.41,1
DT-0006234,WO-002628,2025-11-11,Morning,M05,Planned,Calibration,8.48,1
DT-0006235,WO-002628,2025-11-11,Morning,M05,Microstop,Material jam,37.29,0
DT-0006236,WO-002629,2025-11-11,Afternoon,M05,Material,Material shortage,27.43,0
DT-0006237,WO-002629,2025-11-11,Afternoon,M05,Changeover,Tooling change,28.56,0
DT-0006238,WO-002630,2025-11-11,Morning,M06,Breakdown,Sensor fault,30.98,0
DT-0006239,WO-002630,2025-11-11,Morning,M06,Breakdown,Mechanical fault,2.65,0
DT-0006240,WO-002630,2025-11-11,Morning,M06,Planned,Preventive maintenance,4.55,1
DT-0006241,WO-002631,2025-11-11,Afternoon,M06,Planned,Calibration,21.02,1
DT-0006242,WO-002631,2025-11-11,Afternoon,M06,Process,Parameter adjustment,1.0,0
DT-0006243,WO-002631,2025-11-11,Afternoon,M06,Changeover,Tooling change,11.13,0
DT-0006244,WO-002631,2025-11-11,Afternoon,M06,Breakdown,Mechanical fault,5.15,0
DT-0006245,WO-002631,2025-11-11,Afternoon,M06,Microstop,Vision retry,5.75,0
DT-0006246,WO-002632,2025-11-12,Morning,M01,Planned,Preventive maintenance,23.78,1
DT-0006247,WO-002632,2025-11-12,Morning,M01,Material,Material shortage,18.42,0
DT-0006248,WO-002633,2025-11-12,Afternoon,M01,Process,Parameter adjustment,5.25,0
DT-0006249,WO-002633,2025-11-12,Afternoon,M01,Microstop,Material jam,7.43,0
DT-0006250,WO-002633,2025-11-12,Afternoon,M01,Changeover,Tooling change,5.13,0
DT-0006251,WO-002633,2025-11-12,Afternoon,M01,Microstop,Material jam,29.07,0
DT-0006252,WO-002634,2025-11-12,Morning,M02,Material,Material shortage,30.77,0
DT-0006253,WO-002634,2025-11-12,Morning,M02,Breakdown,Sensor fault,37.16,0
DT-0006254,WO-002635,2025-11-12,Afternoon,M02,Process,Parameter adjustment,49.95,0
DT-0006255,WO-002635,2025-11-12,Afternoon,M02,Microstop,Material jam,6.6,0
DT-0006256,WO-002635,2025-11-12,Afternoon,M02,Planned,Preventive maintenance,15.55,1
DT-0006257,WO-002636,2025-11-12,Morning,M03,Breakdown,Mechanical fault,10.19,0
DT-0006258,WO-002636,2025-11-12,Morning,M03,Planned,Calibration,4.88,1
DT-0006259,WO-002636,2025-11-12,Morning,M03,Material,Material shortage,1.02,0
DT-0006260,WO-002637,2025-11-12,Afternoon,M03,Breakdown,Mechanical fault,55.88,0
DT-0006261,WO-002637,2025-11-12,Afternoon,M03,Microstop,Material jam,3.11,0
DT-0006262,WO-002638,2025-11-12,Morning,M04,Breakdown,Robot recovery,45.15,0
DT-0006263,WO-002638,2025-11-12,Morning,M04,Microstop,Vision retry,4.32,0
DT-0006264,WO-002638,2025-11-12,Morning,M04,Changeover,Fixture setup,13.96,0
DT-0006265,WO-002638,2025-11-12,Morning,M04,Breakdown,Robot recovery,44.78,0
DT-0006266,WO-002639,2025-11-12,Afternoon,M04,Changeover,Planned changeover,78.34,1
DT-0006267,WO-002639,2025-11-12,Afternoon,M04,Process,Weld parameter adjustment,51.57,0
DT-0006268,WO-002639,2025-11-12,Afternoon,M04,Changeover,Planned changeover,1.26,1
DT-0006269,WO-002640,2025-11-12,Morning,M05,Breakdown,Mechanical fault,36.15,0
DT-0006270,WO-002641,2025-11-12,Afternoon,M05,Process,Parameter adjustment,26.0,0
DT-0006271,WO-002641,2025-11-12,Afternoon,M05,Microstop,Material jam,16.15,0
DT-0006272,WO-002642,2025-11-12,Morning,M06,Breakdown,Mechanical fault,18.31,0
DT-0006273,WO-002643,2025-11-12,Afternoon,M06,Material,Material shortage,15.9,0
DT-0006274,WO-002644,2025-11-13,Morning,M01,Changeover,Planned changeover,38.76,1
DT-0006275,WO-002644,2025-11-13,Morning,M01,Material,Material shortage,0.98,0
DT-0006276,WO-002645,2025-11-13,Afternoon,M01,Changeover,Planned changeover,59.43,1
DT-0006277,WO-002646,2025-11-13,Morning,M02,Process,Parameter adjustment,46.16,0
DT-0006278,WO-002646,2025-11-13,Morning,M02,Microstop,Material jam,8.67,0
DT-0006279,WO-002647,2025-11-13,Afternoon,M02,Microstop,Material jam,18.68,0
DT-0006280,WO-002647,2025-11-13,Afternoon,M02,Process,Parameter adjustment,17.55,0
DT-0006281,WO-002647,2025-11-13,Afternoon,M02,Microstop,Vision retry,14.76,0
DT-0006282,WO-002648,2025-11-13,Morning,M03,Changeover,Tooling change,40.06,0
DT-0006283,WO-002649,2025-11-13,Afternoon,M03,Breakdown,Mechanical fault,44.29,0
DT-0006284,WO-002649,2025-11-13,Afternoon,M03,Breakdown,Mechanical fault,2.64,0
DT-0006285,WO-002650,2025-11-13,Morning,M05,Microstop,Vision retry,0.98,0
DT-0006286,WO-002650,2025-11-13,Morning,M05,Planned,Calibration,10.65,1
DT-0006287,WO-002650,2025-11-13,Morning,M05,Planned,Preventive maintenance,16.05,1
DT-0006288,WO-002650,2025-11-13,Morning,M05,Breakdown,Mechanical fault,5.24,0
DT-0006289,WO-002651,2025-11-13,Afternoon,M05,Changeover,Tooling change,75.4,0
DT-0006290,WO-002652,2025-11-13,Morning,M06,Material,Material shortage,7.84,0
DT-0006291,WO-002652,2025-11-13,Morning,M06,Process,Parameter adjustment,20.94,0
DT-0006292,WO-002653,2025-11-13,Afternoon,M06,Breakdown,Sensor fault,37.38,0
DT-0006293,WO-002654,2025-11-14,Morning,M01,Breakdown,Mechanical fault,21.64,0
DT-0006294,WO-002654,2025-11-14,Morning,M01,Changeover,Tooling change,4.56,0
DT-0006295,WO-002654,2025-11-14,Morning,M01,Process,Parameter adjustment,23.7,0
DT-0006296,WO-002654,2025-11-14,Morning,M01,Microstop,Material jam,1.0,0
DT-0006297,WO-002655,2025-11-14,Afternoon,M01,Microstop,Material jam,47.31,0
DT-0006298,WO-002656,2025-11-14,Morning,M02,Breakdown,Mechanical fault,3.98,0
DT-0006299,WO-002656,2025-11-14,Morning,M02,Microstop,Material jam,30.97,0
DT-0006300,WO-002656,2025-11-14,Morning,M02,Process,Parameter adjustment,14.6,0
DT-0006301,WO-002657,2025-11-14,Afternoon,M02,Planned,Calibration,35.14,1
DT-0006302,WO-002657,2025-11-14,Afternoon,M02,Changeover,Tooling change,15.87,0
DT-0006303,WO-002657,2025-11-14,Afternoon,M02,Breakdown,Sensor fault,9.18,0
DT-0006304,WO-002658,2025-11-14,Morning,M03,Microstop,Material jam,18.82,0
DT-0006305,WO-002658,2025-11-14,Morning,M03,Changeover,Planned changeover,1.83,1
DT-0006306,WO-002659,2025-11-14,Afternoon,M03,Breakdown,Sensor fault,66.31,0
DT-0006307,WO-002660,2025-11-14,Morning,M04,Breakdown,Wire feeder fault,106.3,0
DT-0006308,WO-002661,2025-11-14,Afternoon,M04,Process,Weld parameter adjustment,57.81,0
DT-0006309,WO-002661,2025-11-14,Afternoon,M04,Changeover,Fixture setup,20.31,0
DT-0006310,WO-002661,2025-11-14,Afternoon,M04,Process,Weld parameter adjustment,13.68,0
DT-0006311,WO-002661,2025-11-14,Afternoon,M04,Changeover,Fixture setup,18.18,0
DT-0006312,WO-002662,2025-11-14,Morning,M05,Microstop,Material jam,11.22,0
DT-0006313,WO-002662,2025-11-14,Morning,M05,Microstop,Vision retry,24.53,0
DT-0006314,WO-002662,2025-11-14,Morning,M05,Microstop,Material jam,8.81,0
DT-0006315,WO-002663,2025-11-14,Afternoon,M05,Microstop,Vision retry,29.87,0
DT-0006316,WO-002663,2025-11-14,Afternoon,M05,Microstop,Material jam,4.82,0
DT-0006317,WO-002663,2025-11-14,Afternoon,M05,Changeover,Planned changeover,26.02,1
DT-0006318,WO-002664,2025-11-14,Morning,M06,Breakdown,Sensor fault,6.02,0
DT-0006319,WO-002664,2025-11-14,Morning,M06,Microstop,Material jam,11.39,0
DT-0006320,WO-002664,2025-11-14,Morning,M06,Breakdown,Sensor fault,2.45,0
DT-0006321,WO-002665,2025-11-14,Afternoon,M06,Material,Material shortage,14.29,0
DT-0006322,WO-002665,2025-11-14,Afternoon,M06,Changeover,Planned changeover,10.46,1
DT-0006323,WO-002665,2025-11-14,Afternoon,M06,Breakdown,Sensor fault,1.59,0
DT-0006324,WO-002665,2025-11-14,Afternoon,M06,Microstop,Vision retry,9.49,0
DT-0006325,WO-002666,2025-11-17,Morning,M01,Changeover,Tooling change,47.52,0
DT-0006326,WO-002667,2025-11-17,Afternoon,M01,Planned,Preventive maintenance,41.43,1
DT-0006327,WO-002667,2025-11-17,Afternoon,M01,Breakdown,Mechanical fault,1.88,0
DT-0006328,WO-002668,2025-11-17,Morning,M02,Process,Parameter adjustment,4.35,0
DT-0006329,WO-002668,2025-11-17,Morning,M02,Changeover,Planned changeover,11.85,1
DT-0006330,WO-002668,2025-11-17,Morning,M02,Breakdown,Mechanical fault,28.59,0
DT-0006331,WO-002668,2025-11-17,Morning,M02,Material,Material shortage,5.81,0
DT-0006332,WO-002669,2025-11-17,Morning,M03,Microstop,Material jam,0.99,0
DT-0006333,WO-002669,2025-11-17,Morning,M03,Breakdown,Sensor fault,22.23,0
DT-0006334,WO-002670,2025-11-17,Afternoon,M03,Changeover,Planned changeover,24.48,1
DT-0006335,WO-002670,2025-11-17,Afternoon,M03,Microstop,Vision retry,29.87,0
DT-0006336,WO-002671,2025-11-17,Morning,M04,Process,Parameter adjustment,1.46,0
DT-0006337,WO-002671,2025-11-17,Morning,M04,Breakdown,Sensor fault,69.13,0
DT-0006338,WO-002671,2025-11-17,Morning,M04,Breakdown,Wire feeder fault,30.84,0
DT-0006339,WO-002672,2025-11-17,Afternoon,M04,Microstop,Vision retry,64.55,0
DT-0006340,WO-002672,2025-11-17,Afternoon,M04,Breakdown,Sensor fault,45.3,0
DT-0006341,WO-002672,2025-11-17,Afternoon,M04,Changeover,Fixture setup,20.36,0
DT-0006342,WO-002673,2025-11-17,Morning,M05,Planned,Preventive maintenance,29.47,1
DT-0006343,WO-002673,2025-11-17,Morning,M05,Breakdown,Sensor fault,17.68,0
DT-0006344,WO-002673,2025-11-17,Morning,M05,Material,Material shortage,0.99,0
DT-0006345,WO-002674,2025-11-17,Afternoon,M05,Microstop,Vision retry,17.32,0
DT-0006346,WO-002674,2025-11-17,Afternoon,M05,Breakdown,Mechanical fault,60.45,0
DT-0006347,WO-002675,2025-11-17,Morning,M06,Microstop,Vision retry,56.3,0
DT-0006348,WO-002676,2025-11-17,Afternoon,M06,Microstop,Vision retry,28.39,0
DT-0006349,WO-002677,2025-11-18,Morning,M01,Planned,Preventive maintenance,9.63,1
DT-0006350,WO-002677,2025-11-18,Morning,M01,Microstop,Material jam,8.4,0
DT-0006351,WO-002677,2025-11-18,Morning,M01,Changeover,Tooling change,2.16,0
DT-0006352,WO-002677,2025-11-18,Morning,M01,Material,Material shortage,19.14,0
DT-0006353,WO-002677,2025-11-18,Morning,M01,Process,Parameter adjustment,9.6,0
DT-0006354,WO-002678,2025-11-18,Afternoon,M01,Planned,Calibration,3.49,1
DT-0006355,WO-002678,2025-11-18,Afternoon,M01,Microstop,Vision retry,52.65,0
DT-0006356,WO-002679,2025-11-18,Morning,M02,Planned,Preventive maintenance,10.68,1
DT-0006357,WO-002679,2025-11-18,Morning,M02,Material,Material shortage,18.51,0
DT-0006358,WO-002679,2025-11-18,Morning,M02,Material,Material shortage,14.06,0
DT-0006359,WO-002680,2025-11-18,Afternoon,M02,Changeover,Tooling change,5.9,0
DT-0006360,WO-002680,2025-11-18,Afternoon,M02,Process,Parameter adjustment,55.49,0
DT-0006361,WO-002681,2025-11-18,Morning,M03,Material,Material shortage,19.01,0
DT-0006362,WO-002681,2025-11-18,Morning,M03,Microstop,Vision retry,14.82,0
DT-0006363,WO-002682,2025-11-18,Afternoon,M03,Material,Material shortage,12.94,0
DT-0006364,WO-002682,2025-11-18,Afternoon,M03,Process,Parameter adjustment,16.74,0
DT-0006365,WO-002682,2025-11-18,Afternoon,M03,Microstop,Vision retry,25.81,0
DT-0006366,WO-002683,2025-11-18,Morning,M04,Microstop,Vision retry,78.95,0
DT-0006367,WO-002683,2025-11-18,Morning,M04,Microstop,Torch cleaning,24.33,0
DT-0006368,WO-002684,2025-11-18,Afternoon,M04,Breakdown,Wire feeder fault,82.98,0
DT-0006369,WO-002684,2025-11-18,Afternoon,M04,Changeover,Fixture setup,30.87,0
DT-0006370,WO-002684,2025-11-18,Afternoon,M04,Material,Material shortage,24.69,0
DT-0006371,WO-002685,2025-11-18,Morning,M05,Material,Material shortage,11.18,0
DT-0006372,WO-002685,2025-11-18,Morning,M05,Microstop,Vision retry,40.5,0
DT-0006373,WO-002686,2025-11-18,Afternoon,M05,Material,Material shortage,12.84,0
DT-0006374,WO-002686,2025-11-18,Afternoon,M05,Changeover,Tooling change,64.81,0
DT-0006375,WO-002687,2025-11-18,Morning,M06,Microstop,Material jam,18.85,0
DT-0006376,WO-002688,2025-11-18,Afternoon,M06,Planned,Preventive maintenance,9.55,1
DT-0006377,WO-002688,2025-11-18,Afternoon,M06,Microstop,Vision retry,1.0,0
DT-0006378,WO-002688,2025-11-18,Afternoon,M06,Changeover,Tooling change,11.74,0
DT-0006379,WO-002688,2025-11-18,Afternoon,M06,Breakdown,Mechanical fault,4.23,0
DT-0006380,WO-002688,2025-11-18,Afternoon,M06,Microstop,Vision retry,1.08,0
DT-0006381,WO-002689,2025-11-19,Morning,M01,Material,Material shortage,36.5,0
DT-0006382,WO-002690,2025-11-19,Afternoon,M01,Microstop,Material jam,5.66,0
DT-0006383,WO-002690,2025-11-19,Afternoon,M01,Planned,Calibration,36.72,1
DT-0006384,WO-002691,2025-11-19,Morning,M02,Breakdown,Mechanical fault,18.41,0
DT-0006385,WO-002691,2025-11-19,Morning,M02,Material,Material shortage,31.1,0
DT-0006386,WO-002691,2025-11-19,Morning,M02,Microstop,Material jam,10.63,0
DT-0006387,WO-002692,2025-11-19,Afternoon,M02,Material,Material shortage,62.87,0
DT-0006388,WO-002693,2025-11-19,Morning,M03,Microstop,Vision retry,33.05,0
DT-0006389,WO-002693,2025-11-19,Morning,M03,Changeover,Tooling change,16.68,0
DT-0006390,WO-002694,2025-11-19,Afternoon,M03,Breakdown,Sensor fault,2.66,0
DT-0006391,WO-002694,2025-11-19,Afternoon,M03,Process,Parameter adjustment,22.13,0
DT-0006392,WO-002694,2025-11-19,Afternoon,M03,Changeover,Tooling change,11.07,0
DT-0006393,WO-002695,2025-11-19,Morning,M04,Breakdown,Robot recovery,108.98,0
DT-0006394,WO-002696,2025-11-19,Afternoon,M04,Breakdown,Wire feeder fault,70.68,0
DT-0006395,WO-002696,2025-11-19,Afternoon,M04,Changeover,Fixture setup,8.33,0
DT-0006396,WO-002696,2025-11-19,Afternoon,M04,Changeover,Fixture setup,1.0,0
DT-0006397,WO-002696,2025-11-19,Afternoon,M04,Breakdown,Robot recovery,35.87,0
DT-0006398,WO-002696,2025-11-19,Afternoon,M04,Changeover,Fixture setup,22.36,0
DT-0006399,WO-002697,2025-11-19,Afternoon,M05,Material,Material shortage,23.69,0
DT-0006400,WO-002697,2025-11-19,Afternoon,M05,Breakdown,Mechanical fault,19.68,0
DT-0006401,WO-002697,2025-11-19,Afternoon,M05,Process,Parameter adjustment,9.18,0
DT-0006402,WO-002698,2025-11-19,Morning,M06,Microstop,Material jam,25.72,0
DT-0006403,WO-002699,2025-11-19,Afternoon,M06,Changeover,Tooling change,25.8,0
DT-0006404,WO-002700,2025-11-20,Morning,M01,Process,Parameter adjustment,14.47,0
DT-0006405,WO-002700,2025-11-20,Morning,M01,Breakdown,Mechanical fault,22.76,0
DT-0006406,WO-002701,2025-11-20,Afternoon,M01,Process,Parameter adjustment,20.26,0
DT-0006407,WO-002701,2025-11-20,Afternoon,M01,Changeover,Tooling change,7.14,0
DT-0006408,WO-002701,2025-11-20,Afternoon,M01,Microstop,Material jam,27.29,0
DT-0006409,WO-002702,2025-11-20,Morning,M02,Breakdown,Mechanical fault,22.37,0
DT-0006410,WO-002702,2025-11-20,Morning,M02,Material,Material shortage,37.96,0
DT-0006411,WO-002703,2025-11-20,Afternoon,M02,Breakdown,Mechanical fault,34.06,0
DT-0006412,WO-002703,2025-11-20,Afternoon,M02,Process,Parameter adjustment,23.82,0
DT-0006413,WO-002703,2025-11-20,Afternoon,M02,Planned,Calibration,1.92,1
DT-0006414,WO-002704,2025-11-20,Morning,M03,Material,Material shortage,7.57,0
DT-0006415,WO-002704,2025-11-20,Morning,M03,Breakdown,Mechanical fault,10.52,0
DT-0006416,WO-002704,2025-11-20,Morning,M03,Breakdown,Sensor fault,7.06,0
DT-0006417,WO-002704,2025-11-20,Morning,M03,Material,Material shortage,28.11,0
DT-0006418,WO-002705,2025-11-20,Afternoon,M03,Planned,Calibration,29.24,1
DT-0006419,WO-002705,2025-11-20,Afternoon,M03,Microstop,Material jam,2.62,0
DT-0006420,WO-002705,2025-11-20,Afternoon,M03,Planned,Preventive maintenance,7.87,1
DT-0006421,WO-002706,2025-11-20,Morning,M04,Changeover,Fixture setup,82.17,0
DT-0006422,WO-002706,2025-11-20,Morning,M04,Breakdown,Wire feeder fault,12.39,0
DT-0006423,WO-002707,2025-11-20,Afternoon,M04,Process,Parameter adjustment,4.29,0
DT-0006424,WO-002707,2025-11-20,Afternoon,M04,Breakdown,Wire feeder fault,60.61,0
DT-0006425,WO-002707,2025-11-20,Afternoon,M04,Breakdown,Sensor fault,39.45,0
DT-0006426,WO-002708,2025-11-20,Morning,M05,Planned,Calibration,55.47,1
DT-0006427,WO-002709,2025-11-20,Afternoon,M05,Breakdown,Mechanical fault,21.69,0
DT-0006428,WO-002709,2025-11-20,Afternoon,M05,Changeover,Tooling change,4.42,0
DT-0006429,WO-002709,2025-11-20,Afternoon,M05,Planned,Calibration,33.43,1
DT-0006430,WO-002710,2025-11-20,Morning,M06,Changeover,Planned changeover,37.25,1
DT-0006431,WO-002711,2025-11-20,Afternoon,M06,Breakdown,Sensor fault,16.18,0
DT-0006432,WO-002711,2025-11-20,Afternoon,M06,Changeover,Planned changeover,0.99,1
DT-0006433,WO-002711,2025-11-20,Afternoon,M06,Breakdown,Mechanical fault,14.36,0
DT-0006434,WO-002712,2025-11-21,Morning,M01,Changeover,Tooling change,40.21,0
DT-0006435,WO-002713,2025-11-21,Afternoon,M01,Microstop,Material jam,43.23,0
DT-0006436,WO-002714,2025-11-21,Morning,M02,Breakdown,Mechanical fault,50.76,0
DT-0006437,WO-002715,2025-11-21,Afternoon,M02,Process,Parameter adjustment,79.1,0
DT-0006438,WO-002716,2025-11-21,Morning,M03,Changeover,Tooling change,11.22,0
DT-0006439,WO-002716,2025-11-21,Morning,M03,Material,Material shortage,1.4,0
DT-0006440,WO-002716,2025-11-21,Morning,M03,Changeover,Tooling change,2.18,0
DT-0006441,WO-002716,2025-11-21,Morning,M03,Changeover,Tooling change,2.53,0
DT-0006442,WO-002717,2025-11-21,Afternoon,M03,Breakdown,Sensor fault,39.29,0
DT-0006443,WO-002718,2025-11-21,Morning,M04,Planned,Calibration,46.29,1
DT-0006444,WO-002718,2025-11-21,Morning,M04,Changeover,Fixture setup,25.79,0
DT-0006445,WO-002718,2025-11-21,Morning,M04,Microstop,Torch cleaning,18.09,0
DT-0006446,WO-002718,2025-11-21,Morning,M04,Process,Weld parameter adjustment,5.31,0
DT-0006447,WO-002719,2025-11-21,Afternoon,M04,Process,Weld parameter adjustment,22.36,0
DT-0006448,WO-002719,2025-11-21,Afternoon,M04,Changeover,Tooling change,2.66,0
DT-0006449,WO-002719,2025-11-21,Afternoon,M04,Breakdown,Robot recovery,100.76,0
DT-0006450,WO-002720,2025-11-21,Morning,M05,Changeover,Tooling change,17.5,0
DT-0006451,WO-002720,2025-11-21,Morning,M05,Microstop,Material jam,15.66,0
DT-0006452,WO-002720,2025-11-21,Morning,M05,Changeover,Tooling change,20.26,0
DT-0006453,WO-002720,2025-11-21,Morning,M05,Planned,Preventive maintenance,2.97,1
DT-0006454,WO-002721,2025-11-21,Afternoon,M05,Process,Parameter adjustment,24.55,0
DT-0006455,WO-002721,2025-11-21,Afternoon,M05,Breakdown,Sensor fault,31.31,0
DT-0006456,WO-002722,2025-11-21,Morning,M06,Microstop,Material jam,0.98,0
DT-0006457,WO-002722,2025-11-21,Morning,M06,Material,Material shortage,4.3,0
DT-0006458,WO-002722,2025-11-21,Morning,M06,Microstop,Material jam,10.53,0
DT-0006459,WO-002722,2025-11-21,Morning,M06,Material,Material shortage,5.06,0
DT-0006460,WO-002722,2025-11-21,Morning,M06,Microstop,Material jam,14.22,0
DT-0006461,WO-002723,2025-11-21,Afternoon,M06,Planned,Preventive maintenance,45.04,1
DT-0006462,WO-002723,2025-11-21,Afternoon,M06,Planned,Preventive maintenance,5.56,1
DT-0006463,WO-002724,2025-11-24,Morning,M01,Breakdown,Mechanical fault,2.49,0
DT-0006464,WO-002724,2025-11-24,Morning,M01,Planned,Calibration,2.63,1
DT-0006465,WO-002724,2025-11-24,Morning,M01,Breakdown,Mechanical fault,14.7,0
DT-0006466,WO-002724,2025-11-24,Morning,M01,Material,Material shortage,25.38,0
DT-0006467,WO-002725,2025-11-24,Morning,M02,Process,Parameter adjustment,7.5,0
DT-0006468,WO-002725,2025-11-24,Morning,M02,Material,Material shortage,41.52,0
DT-0006469,WO-002726,2025-11-24,Afternoon,M02,Breakdown,Sensor fault,7.92,0
DT-0006470,WO-002726,2025-11-24,Afternoon,M02,Changeover,Tooling change,13.14,0
DT-0006471,WO-002726,2025-11-24,Afternoon,M02,Microstop,Material jam,25.37,0
DT-0006472,WO-002727,2025-11-24,Morning,M03,Microstop,Vision retry,6.06,0
DT-0006473,WO-002727,2025-11-24,Morning,M03,Planned,Calibration,46.87,1
DT-0006474,WO-002728,2025-11-24,Afternoon,M03,Breakdown,Sensor fault,38.97,0
DT-0006475,WO-002729,2025-11-24,Morning,M04,Changeover,Fixture setup,27.63,0
DT-0006476,WO-002729,2025-11-24,Morning,M04,Microstop,Torch cleaning,80.23,0
DT-0006477,WO-002730,2025-11-24,Afternoon,M04,Breakdown,Robot recovery,27.11,0
DT-0006478,WO-002730,2025-11-24,Afternoon,M04,Planned,Preventive maintenance,0.99,1
DT-0006479,WO-002730,2025-11-24,Afternoon,M04,Changeover,Tooling change,85.77,0
DT-0006480,WO-002731,2025-11-24,Morning,M05,Breakdown,Mechanical fault,27.06,0
DT-0006481,WO-002731,2025-11-24,Morning,M05,Breakdown,Sensor fault,6.95,0
DT-0006482,WO-002732,2025-11-24,Afternoon,M05,Planned,Preventive maintenance,29.97,1
DT-0006483,WO-002732,2025-11-24,Afternoon,M05,Breakdown,Mechanical fault,26.87,0
DT-0006484,WO-002732,2025-11-24,Afternoon,M05,Breakdown,Mechanical fault,2.87,0
DT-0006485,WO-002733,2025-11-24,Morning,M06,Material,Material shortage,6.56,0
DT-0006486,WO-002733,2025-11-24,Morning,M06,Microstop,Material jam,16.31,0
DT-0006487,WO-002733,2025-11-24,Morning,M06,Planned,Preventive maintenance,11.86,1
DT-0006488,WO-002734,2025-11-24,Afternoon,M06,Microstop,Material jam,1.0,0
DT-0006489,WO-002734,2025-11-24,Afternoon,M06,Planned,Preventive maintenance,6.05,1
DT-0006490,WO-002734,2025-11-24,Afternoon,M06,Microstop,Material jam,34.71,0
DT-0006491,WO-002735,2025-11-25,Morning,M01,Microstop,Material jam,0.99,0
DT-0006492,WO-002735,2025-11-25,Morning,M01,Microstop,Material jam,1.89,0
DT-0006493,WO-002735,2025-11-25,Morning,M01,Breakdown,Mechanical fault,4.76,0
DT-0006494,WO-002735,2025-11-25,Morning,M01,Changeover,Tooling change,3.52,0
DT-0006495,WO-002735,2025-11-25,Morning,M01,Breakdown,Sensor fault,17.21,0
DT-0006496,WO-002736,2025-11-25,Afternoon,M01,Breakdown,Sensor fault,18.73,0
DT-0006497,WO-002736,2025-11-25,Afternoon,M01,Changeover,Planned changeover,4.66,1
DT-0006498,WO-002736,2025-11-25,Afternoon,M01,Planned,Preventive maintenance,21.42,1
DT-0006499,WO-002736,2025-11-25,Afternoon,M01,Changeover,Tooling change,20.48,0
DT-0006500,WO-002736,2025-11-25,Afternoon,M01,Breakdown,Mechanical fault,4.11,0
DT-0006501,WO-002737,2025-11-25,Morning,M02,Microstop,Vision retry,6.72,0
DT-0006502,WO-002737,2025-11-25,Morning,M02,Planned,Calibration,32.55,1
DT-0006503,WO-002738,2025-11-25,Afternoon,M02,Planned,Calibration,3.92,1
DT-0006504,WO-002738,2025-11-25,Afternoon,M02,Microstop,Vision retry,27.7,0
DT-0006505,WO-002738,2025-11-25,Afternoon,M02,Breakdown,Sensor fault,35.98,0
DT-0006506,WO-002739,2025-11-25,Morning,M03,Breakdown,Sensor fault,42.92,0
DT-0006507,WO-002740,2025-11-25,Afternoon,M03,Microstop,Material jam,17.17,0
DT-0006508,WO-002740,2025-11-25,Afternoon,M03,Material,Material shortage,26.77,0
DT-0006509,WO-002741,2025-11-25,Morning,M04,Microstop,Material jam,96.38,0
DT-0006510,WO-002742,2025-11-25,Afternoon,M04,Process,Weld parameter adjustment,79.18,0
DT-0006511,WO-002742,2025-11-25,Afternoon,M04,Changeover,Tooling change,39.91,0
DT-0006512,WO-002743,2025-11-25,Morning,M05,Process,Parameter adjustment,54.27,0
DT-0006513,WO-002743,2025-11-25,Morning,M05,Material,Material shortage,3.16,0
DT-0006514,WO-002744,2025-11-25,Afternoon,M05,Material,Material shortage,11.72,0
DT-0006515,WO-002744,2025-11-25,Afternoon,M05,Material,Material shortage,15.68,0
DT-0006516,WO-002744,2025-11-25,Afternoon,M05,Microstop,Material jam,2.31,0
DT-0006517,WO-002744,2025-11-25,Afternoon,M05,Planned,Calibration,3.77,1
DT-0006518,WO-002745,2025-11-25,Morning,M06,Material,Material shortage,23.02,0
DT-0006519,WO-002745,2025-11-25,Morning,M06,Microstop,Material jam,7.87,0
DT-0006520,WO-002746,2025-11-25,Afternoon,M06,Changeover,Tooling change,1.74,0
DT-0006521,WO-002746,2025-11-25,Afternoon,M06,Changeover,Planned changeover,3.19,1
DT-0006522,WO-002746,2025-11-25,Afternoon,M06,Microstop,Material jam,1.0,0
DT-0006523,WO-002746,2025-11-25,Afternoon,M06,Breakdown,Sensor fault,12.42,0
DT-0006524,WO-002747,2025-11-26,Morning,M01,Breakdown,Mechanical fault,29.35,0
DT-0006525,WO-002747,2025-11-26,Morning,M01,Microstop,Vision retry,16.42,0
DT-0006526,WO-002748,2025-11-26,Afternoon,M01,Microstop,Vision retry,49.16,0
DT-0006527,WO-002749,2025-11-26,Morning,M02,Breakdown,Sensor fault,31.38,0
DT-0006528,WO-002749,2025-11-26,Morning,M02,Microstop,Material jam,27.88,0
DT-0006529,WO-002750,2025-11-26,Afternoon,M02,Material,Material shortage,31.27,0
DT-0006530,WO-002750,2025-11-26,Afternoon,M02,Planned,Calibration,23.07,1
DT-0006531,WO-002751,2025-11-26,Morning,M03,Planned,Calibration,46.12,1
DT-0006532,WO-002752,2025-11-26,Afternoon,M03,Breakdown,Mechanical fault,10.39,0
DT-0006533,WO-002752,2025-11-26,Afternoon,M03,Microstop,Vision retry,51.5,0
DT-0006534,WO-002753,2025-11-26,Morning,M04,Breakdown,Robot recovery,112.73,0
DT-0006535,WO-002754,2025-11-26,Afternoon,M04,Changeover,Fixture setup,110.03,0
DT-0006536,WO-002755,2025-11-26,Morning,M05,Planned,Calibration,3.14,1
DT-0006537,WO-002755,2025-11-26,Morning,M05,Material,Material shortage,10.17,0
DT-0006538,WO-002755,2025-11-26,Morning,M05,Microstop,Material jam,20.97,0
DT-0006539,WO-002755,2025-11-26,Morning,M05,Planned,Preventive maintenance,5.26,1
DT-0006540,WO-002756,2025-11-26,Afternoon,M05,Microstop,Vision retry,46.26,0
DT-0006541,WO-002757,2025-11-26,Morning,M06,Material,Material shortage,7.02,0
DT-0006542,WO-002757,2025-11-26,Morning,M06,Breakdown,Mechanical fault,16.52,0
DT-0006543,WO-002758,2025-11-26,Afternoon,M06,Breakdown,Sensor fault,17.59,0
DT-0006544,WO-002758,2025-11-26,Afternoon,M06,Changeover,Tooling change,37.46,0
DT-0006545,WO-002759,2025-11-27,Morning,M01,Breakdown,Sensor fault,20.52,0
DT-0006546,WO-002759,2025-11-27,Morning,M01,Material,Material shortage,9.0,0
DT-0006547,WO-002759,2025-11-27,Morning,M01,Material,Material shortage,6.45,0
DT-0006548,WO-002760,2025-11-27,Afternoon,M01,Microstop,Material jam,9.24,0
DT-0006549,WO-002760,2025-11-27,Afternoon,M01,Microstop,Vision retry,24.27,0
DT-0006550,WO-002760,2025-11-27,Afternoon,M01,Material,Material shortage,27.2,0
DT-0006551,WO-002761,2025-11-27,Morning,M02,Microstop,Vision retry,20.33,0
DT-0006552,WO-002761,2025-11-27,Morning,M02,Planned,Preventive maintenance,34.35,1
DT-0006553,WO-002762,2025-11-27,Afternoon,M02,Breakdown,Sensor fault,20.52,0
DT-0006554,WO-002762,2025-11-27,Afternoon,M02,Process,Parameter adjustment,17.14,0
DT-0006555,WO-002762,2025-11-27,Afternoon,M02,Microstop,Material jam,21.82,0
DT-0006556,WO-002762,2025-11-27,Afternoon,M02,Breakdown,Mechanical fault,4.86,0
DT-0006557,WO-002762,2025-11-27,Afternoon,M02,Changeover,Planned changeover,1.5,1
DT-0006558,WO-002763,2025-11-27,Morning,M03,Material,Material shortage,8.74,0
DT-0006559,WO-002763,2025-11-27,Morning,M03,Breakdown,Mechanical fault,3.82,0
DT-0006560,WO-002763,2025-11-27,Morning,M03,Changeover,Tooling change,1.75,0
DT-0006561,WO-002763,2025-11-27,Morning,M03,Breakdown,Sensor fault,0.98,0
DT-0006562,WO-002763,2025-11-27,Morning,M03,Material,Material shortage,9.91,0
DT-0006563,WO-002764,2025-11-27,Afternoon,M03,Process,Parameter adjustment,39.68,0
DT-0006564,WO-002765,2025-11-27,Morning,M04,Changeover,Fixture setup,31.45,0
DT-0006565,WO-002765,2025-11-27,Morning,M04,Planned,Calibration,63.88,1
DT-0006566,WO-002766,2025-11-27,Afternoon,M04,Changeover,Fixture setup,118.84,0
DT-0006567,WO-002767,2025-11-27,Morning,M05,Changeover,Planned changeover,53.38,1
DT-0006568,WO-002767,2025-11-27,Morning,M05,Material,Material shortage,8.32,0
DT-0006569,WO-002768,2025-11-27,Afternoon,M05,Microstop,Vision retry,56.8,0
DT-0006570,WO-002768,2025-11-27,Afternoon,M05,Material,Material shortage,4.62,0
DT-0006571,WO-002769,2025-11-27,Morning,M06,Breakdown,Mechanical fault,6.28,0
DT-0006572,WO-002769,2025-11-27,Morning,M06,Material,Material shortage,1.0,0
DT-0006573,WO-002769,2025-11-27,Morning,M06,Material,Material shortage,14.76,0
DT-0006574,WO-002769,2025-11-27,Morning,M06,Planned,Calibration,1.23,1
DT-0006575,WO-002769,2025-11-27,Morning,M06,Microstop,Vision retry,20.46,0
DT-0006576,WO-002770,2025-11-27,Afternoon,M06,Changeover,Planned changeover,0.99,1
DT-0006577,WO-002770,2025-11-27,Afternoon,M06,Breakdown,Sensor fault,10.67,0
DT-0006578,WO-002770,2025-11-27,Afternoon,M06,Microstop,Material jam,24.89,0
DT-0006579,WO-002771,2025-11-28,Morning,M01,Breakdown,Mechanical fault,22.74,0
DT-0006580,WO-002772,2025-11-28,Afternoon,M01,Changeover,Tooling change,40.95,0
DT-0006581,WO-002773,2025-11-28,Morning,M02,Changeover,Tooling change,25.71,0
DT-0006582,WO-002773,2025-11-28,Morning,M02,Planned,Preventive maintenance,10.78,1
DT-0006583,WO-002773,2025-11-28,Morning,M02,Breakdown,Mechanical fault,13.38,0
DT-0006584,WO-002774,2025-11-28,Afternoon,M02,Material,Material shortage,19.81,0
DT-0006585,WO-002774,2025-11-28,Afternoon,M02,Microstop,Material jam,2.15,0
DT-0006586,WO-002774,2025-11-28,Afternoon,M02,Breakdown,Mechanical fault,4.3,0
DT-0006587,WO-002774,2025-11-28,Afternoon,M02,Breakdown,Sensor fault,26.25,0
DT-0006588,WO-002775,2025-11-28,Morning,M03,Breakdown,Mechanical fault,42.2,0
DT-0006589,WO-002776,2025-11-28,Afternoon,M03,Microstop,Vision retry,0.98,0
DT-0006590,WO-002776,2025-11-28,Afternoon,M03,Planned,Calibration,42.06,1
DT-0006591,WO-002777,2025-11-28,Morning,M04,Changeover,Fixture setup,108.85,0
DT-0006592,WO-002778,2025-11-28,Afternoon,M04,Changeover,Planned changeover,76.79,1
DT-0006593,WO-002778,2025-11-28,Afternoon,M04,Breakdown,Wire feeder fault,24.18,0
DT-0006594,WO-002778,2025-11-28,Afternoon,M04,Changeover,Fixture setup,31.04,0
DT-0006595,WO-002779,2025-11-28,Morning,M05,Changeover,Planned changeover,27.41,1
DT-0006596,WO-002779,2025-11-28,Morning,M05,Process,Parameter adjustment,30.95,0
DT-0006597,WO-002779,2025-11-28,Morning,M05,Microstop,Material jam,4.98,0
DT-0006598,WO-002780,2025-11-28,Afternoon,M05,Planned,Calibration,62.96,1
DT-0006599,WO-002781,2025-11-28,Morning,M06,Microstop,Vision retry,7.73,0
DT-0006600,WO-002781,2025-11-28,Morning,M06,Microstop,Material jam,16.44,0
DT-0006601,WO-002782,2025-11-28,Afternoon,M06,Breakdown,Sensor fault,30.98,0
DT-0006602,WO-002783,2025-12-01,Morning,M01,Microstop,Material jam,5.32,0
DT-0006603,WO-002783,2025-12-01,Morning,M01,Process,Parameter adjustment,14.57,0
DT-0006604,WO-002783,2025-12-01,Morning,M01,Breakdown,Sensor fault,12.0,0
DT-0006605,WO-002784,2025-12-01,Afternoon,M01,Microstop,Material jam,43.94,0
DT-0006606,WO-002785,2025-12-01,Morning,M02,Changeover,Tooling change,46.61,0
DT-0006607,WO-002785,2025-12-01,Morning,M02,Microstop,Material jam,15.44,0
DT-0006608,WO-002786,2025-12-01,Afternoon,M02,Microstop,Vision retry,86.32,0
DT-0006609,WO-002787,2025-12-01,Morning,M03,Planned,Calibration,22.28,1
DT-0006610,WO-002787,2025-12-01,Morning,M03,Breakdown,Sensor fault,22.65,0
DT-0006611,WO-002788,2025-12-01,Afternoon,M03,Process,Parameter adjustment,62.07,0
DT-0006612,WO-002789,2025-12-01,Morning,M04,Changeover,Fixture setup,122.85,0
DT-0006613,WO-002790,2025-12-01,Afternoon,M04,Breakdown,Robot recovery,39.86,0
DT-0006614,WO-002790,2025-12-01,Afternoon,M04,Microstop,Material jam,81.39,0
DT-0006615,WO-002791,2025-12-01,Morning,M05,Microstop,Material jam,23.57,0
DT-0006616,WO-002791,2025-12-01,Morning,M05,Material,Material shortage,23.36,0
DT-0006617,WO-002791,2025-12-01,Morning,M05,Material,Material shortage,13.78,0
DT-0006618,WO-002792,2025-12-01,Afternoon,M05,Changeover,Tooling change,13.78,0
DT-0006619,WO-002792,2025-12-01,Afternoon,M05,Planned,Preventive maintenance,43.46,1
DT-0006620,WO-002793,2025-12-01,Morning,M06,Breakdown,Mechanical fault,31.25,0
DT-0006621,WO-002794,2025-12-01,Afternoon,M06,Process,Parameter adjustment,28.07,0
DT-0006622,WO-002795,2025-12-02,Morning,M01,Changeover,Tooling change,15.69,0
DT-0006623,WO-002795,2025-12-02,Morning,M01,Process,Parameter adjustment,22.64,0
DT-0006624,WO-002796,2025-12-02,Afternoon,M01,Planned,Calibration,58.26,1
DT-0006625,WO-002796,2025-12-02,Afternoon,M01,Microstop,Vision retry,7.99,0
DT-0006626,WO-002797,2025-12-02,Morning,M02,Process,Parameter adjustment,11.87,0
DT-0006627,WO-002797,2025-12-02,Morning,M02,Breakdown,Sensor fault,11.37,0
DT-0006628,WO-002797,2025-12-02,Morning,M02,Planned,Calibration,48.93,1
DT-0006629,WO-002798,2025-12-02,Afternoon,M02,Material,Material shortage,7.51,0
DT-0006630,WO-002798,2025-12-02,Afternoon,M02,Breakdown,Sensor fault,66.35,0
DT-0006631,WO-002799,2025-12-02,Morning,M03,Process,Parameter adjustment,32.76,0
DT-0006632,WO-002800,2025-12-02,Afternoon,M03,Microstop,Vision retry,1.5,0
DT-0006633,WO-002800,2025-12-02,Afternoon,M03,Microstop,Vision retry,0.99,0
DT-0006634,WO-002800,2025-12-02,Afternoon,M03,Microstop,Vision retry,48.78,0
DT-0006635,WO-002801,2025-12-02,Morning,M04,Breakdown,Robot recovery,104.76,0
DT-0006636,WO-002802,2025-12-02,Afternoon,M04,Changeover,Fixture setup,58.98,0
DT-0006637,WO-002802,2025-12-02,Afternoon,M04,Changeover,Fixture setup,48.75,0
DT-0006638,WO-002803,2025-12-02,Morning,M05,Microstop,Vision retry,30.1,0
DT-0006639,WO-002803,2025-12-02,Morning,M05,Microstop,Vision retry,11.61,0
DT-0006640,WO-002804,2025-12-02,Afternoon,M05,Breakdown,Sensor fault,4.28,0
DT-0006641,WO-002804,2025-12-02,Afternoon,M05,Breakdown,Sensor fault,55.74,0
DT-0006642,WO-002805,2025-12-02,Morning,M06,Microstop,Vision retry,20.24,0
DT-0006643,WO-002805,2025-12-02,Morning,M06,Breakdown,Sensor fault,8.96,0
DT-0006644,WO-002806,2025-12-02,Afternoon,M06,Process,Parameter adjustment,0.99,0
DT-0006645,WO-002806,2025-12-02,Afternoon,M06,Process,Parameter adjustment,10.79,0
DT-0006646,WO-002806,2025-12-02,Afternoon,M06,Process,Parameter adjustment,27.83,0
DT-0006647,WO-002806,2025-12-02,Afternoon,M06,Breakdown,Sensor fault,3.85,0
DT-0006648,WO-002807,2025-12-03,Morning,M01,Changeover,Tooling change,36.89,0
DT-0006649,WO-002808,2025-12-03,Afternoon,M01,Breakdown,Mechanical fault,2.98,0
DT-0006650,WO-002808,2025-12-03,Afternoon,M01,Microstop,Material jam,1.82,0
DT-0006651,WO-002808,2025-12-03,Afternoon,M01,Breakdown,Mechanical fault,63.57,0
DT-0006652,WO-002809,2025-12-03,Morning,M02,Planned,Preventive maintenance,42.49,1
DT-0006653,WO-002809,2025-12-03,Morning,M02,Breakdown,Mechanical fault,5.94,0
DT-0006654,WO-002810,2025-12-03,Afternoon,M02,Planned,Calibration,57.69,1
DT-0006655,WO-002811,2025-12-03,Morning,M03,Microstop,Vision retry,12.56,0
DT-0006656,WO-002811,2025-12-03,Morning,M03,Material,Material shortage,15.31,0
DT-0006657,WO-002811,2025-12-03,Morning,M03,Microstop,Material jam,8.41,0
DT-0006658,WO-002811,2025-12-03,Morning,M03,Changeover,Tooling change,13.8,0
DT-0006659,WO-002812,2025-12-03,Afternoon,M03,Microstop,Vision retry,18.29,0
DT-0006660,WO-002812,2025-12-03,Afternoon,M03,Microstop,Material jam,26.03,0
DT-0006661,WO-002813,2025-12-03,Morning,M04,Changeover,Fixture setup,114.3,0
DT-0006662,WO-002813,2025-12-03,Morning,M04,Changeover,Fixture setup,4.24,0
DT-0006663,WO-002814,2025-12-03,Afternoon,M04,Microstop,Torch cleaning,33.03,0
DT-0006664,WO-002814,2025-12-03,Afternoon,M04,Process,Parameter adjustment,46.27,0
DT-0006665,WO-002814,2025-12-03,Afternoon,M04,Planned,Preventive maintenance,10.98,1
DT-0006666,WO-002814,2025-12-03,Afternoon,M04,Changeover,Fixture setup,30.39,0
DT-0006667,WO-002815,2025-12-03,Morning,M05,Breakdown,Sensor fault,9.17,0
DT-0006668,WO-002815,2025-12-03,Morning,M05,Breakdown,Sensor fault,32.91,0
DT-0006669,WO-002816,2025-12-03,Morning,M06,Material,Material shortage,31.08,0
DT-0006670,WO-002817,2025-12-03,Afternoon,M06,Material,Material shortage,15.73,0
DT-0006671,WO-002817,2025-12-03,Afternoon,M06,Microstop,Vision retry,35.1,0
DT-0006672,WO-002818,2025-12-04,Morning,M01,Breakdown,Mechanical fault,46.65,0
DT-0006673,WO-002818,2025-12-04,Morning,M01,Process,Parameter adjustment,1.15,0
DT-0006674,WO-002819,2025-12-04,Afternoon,M01,Material,Material shortage,48.7,0
DT-0006675,WO-002819,2025-12-04,Afternoon,M01,Breakdown,Sensor fault,7.38,0
DT-0006676,WO-002819,2025-12-04,Afternoon,M01,Planned,Calibration,8.4,1
DT-0006677,WO-002819,2025-12-04,Afternoon,M01,Planned,Calibration,0.99,1
DT-0006678,WO-002820,2025-12-04,Morning,M02,Breakdown,Sensor fault,9.94,0
DT-0006679,WO-002820,2025-12-04,Morning,M02,Breakdown,Mechanical fault,34.05,0
DT-0006680,WO-002820,2025-12-04,Morning,M02,Changeover,Tooling change,19.69,0
DT-0006681,WO-002821,2025-12-04,Afternoon,M02,Microstop,Material jam,66.87,0
DT-0006682,WO-002821,2025-12-04,Afternoon,M02,Breakdown,Sensor fault,10.6,0
DT-0006683,WO-002822,2025-12-04,Morning,M03,Breakdown,Mechanical fault,0.97,0
DT-0006684,WO-002822,2025-12-04,Morning,M03,Microstop,Material jam,8.25,0
DT-0006685,WO-002822,2025-12-04,Morning,M03,Changeover,Tooling change,6.54,0
DT-0006686,WO-002822,2025-12-04,Morning,M03,Changeover,Planned changeover,5.87,1
DT-0006687,WO-002822,2025-12-04,Morning,M03,Breakdown,Mechanical fault,11.59,0
DT-0006688,WO-002823,2025-12-04,Afternoon,M03,Material,Material shortage,13.47,0
DT-0006689,WO-002823,2025-12-04,Afternoon,M03,Microstop,Material jam,9.19,0
DT-0006690,WO-002823,2025-12-04,Afternoon,M03,Microstop,Vision retry,1.39,0
DT-0006691,WO-002823,2025-12-04,Afternoon,M03,Microstop,Material jam,26.46,0
DT-0006692,WO-002824,2025-12-04,Morning,M04,Changeover,Fixture setup,39.06,0
DT-0006693,WO-002824,2025-12-04,Morning,M04,Planned,Preventive maintenance,26.95,1
DT-0006694,WO-002824,2025-12-04,Morning,M04,Process,Weld parameter adjustment,40.18,0
DT-0006695,WO-002825,2025-12-04,Afternoon,M04,Changeover,Fixture setup,88.67,0
DT-0006696,WO-002825,2025-12-04,Afternoon,M04,Changeover,Fixture setup,43.52,0
DT-0006697,WO-002826,2025-12-04,Morning,M05,Process,Parameter adjustment,1.87,0
DT-0006698,WO-002826,2025-12-04,Morning,M05,Changeover,Tooling change,7.45,0
DT-0006699,WO-002826,2025-12-04,Morning,M05,Microstop,Vision retry,6.89,0
DT-0006700,WO-002826,2025-12-04,Morning,M05,Breakdown,Mechanical fault,19.48,0
DT-0006701,WO-002826,2025-12-04,Morning,M05,Process,Parameter adjustment,11.63,0
DT-0006702,WO-002827,2025-12-04,Afternoon,M05,Material,Material shortage,30.25,0
DT-0006703,WO-002827,2025-12-04,Afternoon,M05,Changeover,Tooling change,37.46,0
DT-0006704,WO-002828,2025-12-04,Morning,M06,Planned,Calibration,1.28,1
DT-0006705,WO-002828,2025-12-04,Morning,M06,Material,Material shortage,24.66,0
DT-0006706,WO-002829,2025-12-04,Afternoon,M06,Material,Material shortage,40.53,0
DT-0006707,WO-002830,2025-12-05,Morning,M01,Changeover,Tooling change,6.42,0
DT-0006708,WO-002830,2025-12-05,Morning,M01,Breakdown,Sensor fault,11.88,0
DT-0006709,WO-002830,2025-12-05,Morning,M01,Microstop,Vision retry,2.59,0
DT-0006710,WO-002831,2025-12-05,Afternoon,M01,Changeover,Tooling change,16.73,0
DT-0006711,WO-002831,2025-12-05,Afternoon,M01,Microstop,Material jam,13.88,0
DT-0006712,WO-002831,2025-12-05,Afternoon,M01,Material,Material shortage,13.89,0
DT-0006713,WO-002832,2025-12-05,Morning,M02,Process,Parameter adjustment,3.39,0
DT-0006714,WO-002832,2025-12-05,Morning,M02,Planned,Calibration,31.5,1
DT-0006715,WO-002833,2025-12-05,Afternoon,M02,Breakdown,Sensor fault,24.99,0
DT-0006716,WO-002833,2025-12-05,Afternoon,M02,Process,Parameter adjustment,48.97,0
DT-0006717,WO-002833,2025-12-05,Afternoon,M02,Changeover,Planned changeover,4.47,1
DT-0006718,WO-002834,2025-12-05,Morning,M03,Changeover,Planned changeover,27.91,1
DT-0006719,WO-002834,2025-12-05,Morning,M03,Microstop,Material jam,5.18,0
DT-0006720,WO-002835,2025-12-05,Afternoon,M03,Breakdown,Mechanical fault,45.07,0
DT-0006721,WO-002836,2025-12-05,Morning,M04,Changeover,Fixture setup,12.32,0
DT-0006722,WO-002836,2025-12-05,Morning,M04,Changeover,Planned changeover,90.55,1
DT-0006723,WO-002837,2025-12-05,Afternoon,M04,Material,Material shortage,107.66,0
DT-0006724,WO-002838,2025-12-05,Morning,M05,Material,Material shortage,6.47,0
DT-0006725,WO-002838,2025-12-05,Morning,M05,Process,Parameter adjustment,37.09,0
DT-0006726,WO-002839,2025-12-05,Afternoon,M05,Planned,Preventive maintenance,24.58,1
DT-0006727,WO-002839,2025-12-05,Afternoon,M05,Planned,Preventive maintenance,21.08,1
DT-0006728,WO-002840,2025-12-05,Morning,M06,Material,Material shortage,12.92,0
DT-0006729,WO-002840,2025-12-05,Morning,M06,Changeover,Tooling change,2.5,0
DT-0006730,WO-002840,2025-12-05,Morning,M06,Breakdown,Sensor fault,12.27,0
DT-0006731,WO-002841,2025-12-05,Afternoon,M06,Microstop,Material jam,13.64,0
DT-0006732,WO-002841,2025-12-05,Afternoon,M06,Process,Parameter adjustment,1.02,0
DT-0006733,WO-002841,2025-12-05,Afternoon,M06,Changeover,Tooling change,4.47,0
DT-0006734,WO-002841,2025-12-05,Afternoon,M06,Planned,Preventive maintenance,2.95,1
DT-0006735,WO-002841,2025-12-05,Afternoon,M06,Microstop,Material jam,4.83,0
DT-0006736,WO-002842,2025-12-08,Morning,M01,Process,Parameter adjustment,2.12,0
DT-0006737,WO-002842,2025-12-08,Morning,M01,Planned,Preventive maintenance,13.36,1
DT-0006738,WO-002842,2025-12-08,Morning,M01,Microstop,Material jam,17.26,0
DT-0006739,WO-002843,2025-12-08,Afternoon,M01,Microstop,Material jam,57.64,0
DT-0006740,WO-002844,2025-12-08,Morning,M02,Planned,Preventive maintenance,32.57,1
DT-0006741,WO-002845,2025-12-08,Afternoon,M02,Breakdown,Mechanical fault,55.99,0
DT-0006742,WO-002846,2025-12-08,Morning,M03,Microstop,Material jam,14.91,0
DT-0006743,WO-002846,2025-12-08,Morning,M03,Planned,Calibration,12.93,1
DT-0006744,WO-002846,2025-12-08,Morning,M03,Changeover,Tooling change,11.74,0
DT-0006745,WO-002847,2025-12-08,Afternoon,M03,Microstop,Vision retry,23.42,0
DT-0006746,WO-002847,2025-12-08,Afternoon,M03,Changeover,Tooling change,17.79,0
DT-0006747,WO-002847,2025-12-08,Afternoon,M03,Breakdown,Sensor fault,1.0,0
DT-0006748,WO-002848,2025-12-08,Morning,M04,Changeover,Fixture setup,20.75,0
DT-0006749,WO-002848,2025-12-08,Morning,M04,Changeover,Fixture setup,55.0,0
DT-0006750,WO-002848,2025-12-08,Morning,M04,Material,Material shortage,32.08,0
DT-0006751,WO-002849,2025-12-08,Afternoon,M04,Changeover,Fixture setup,105.6,0
DT-0006752,WO-002850,2025-12-08,Afternoon,M05,Microstop,Vision retry,1.12,0
DT-0006753,WO-002850,2025-12-08,Afternoon,M05,Microstop,Vision retry,6.79,0
DT-0006754,WO-002850,2025-12-08,Afternoon,M05,Process,Parameter adjustment,12.33,0
DT-0006755,WO-002850,2025-12-08,Afternoon,M05,Breakdown,Sensor fault,29.0,0
DT-0006756,WO-002850,2025-12-08,Afternoon,M05,Material,Material shortage,3.82,0
DT-0006757,WO-002851,2025-12-08,Morning,M06,Microstop,Vision retry,6.64,0
DT-0006758,WO-002851,2025-12-08,Morning,M06,Changeover,Planned changeover,7.88,1
DT-0006759,WO-002852,2025-12-08,Afternoon,M06,Process,Parameter adjustment,15.91,0
DT-0006760,WO-002852,2025-12-08,Afternoon,M06,Process,Parameter adjustment,17.76,0
DT-0006761,WO-002853,2025-12-09,Morning,M01,Process,Parameter adjustment,0.98,0
DT-0006762,WO-002853,2025-12-09,Morning,M01,Microstop,Vision retry,39.62,0
DT-0006763,WO-002854,2025-12-09,Afternoon,M01,Material,Material shortage,45.03,0
DT-0006764,WO-002854,2025-12-09,Afternoon,M01,Breakdown,Mechanical fault,10.4,0
DT-0006765,WO-002855,2025-12-09,Morning,M02,Microstop,Vision retry,9.56,0
DT-0006766,WO-002855,2025-12-09,Morning,M02,Planned,Preventive maintenance,5.67,1
DT-0006767,WO-002855,2025-12-09,Morning,M02,Changeover,Planned changeover,35.62,1
DT-0006768,WO-002856,2025-12-09,Afternoon,M02,Microstop,Material jam,66.23,0
DT-0006769,WO-002857,2025-12-09,Morning,M03,Breakdown,Mechanical fault,30.83,0
DT-0006770,WO-002857,2025-12-09,Morning,M03,Process,Parameter adjustment,3.6,0
DT-0006771,WO-002858,2025-12-09,Afternoon,M03,Microstop,Material jam,14.05,0
DT-0006772,WO-002858,2025-12-09,Afternoon,M03,Material,Material shortage,13.71,0
DT-0006773,WO-002858,2025-12-09,Afternoon,M03,Breakdown,Mechanical fault,17.7,0
DT-0006774,WO-002858,2025-12-09,Afternoon,M03,Breakdown,Mechanical fault,12.81,0
DT-0006775,WO-002859,2025-12-09,Morning,M04,Microstop,Material jam,103.06,0
DT-0006776,WO-002860,2025-12-09,Morning,M05,Microstop,Vision retry,58.02,0
DT-0006777,WO-002861,2025-12-09,Afternoon,M05,Microstop,Material jam,21.65,0
DT-0006778,WO-002861,2025-12-09,Afternoon,M05,Breakdown,Sensor fault,38.17,0
DT-0006779,WO-002862,2025-12-09,Morning,M06,Material,Material shortage,9.4,0
DT-0006780,WO-002862,2025-12-09,Morning,M06,Changeover,Tooling change,2.37,0
DT-0006781,WO-002862,2025-12-09,Morning,M06,Material,Material shortage,3.33,0
DT-0006782,WO-002862,2025-12-09,Morning,M06,Material,Material shortage,3.41,0
DT-0006783,WO-002863,2025-12-09,Afternoon,M06,Material,Material shortage,28.44,0
DT-0006784,WO-002864,2025-12-10,Morning,M01,Planned,Calibration,6.68,1
DT-0006785,WO-002864,2025-12-10,Morning,M01,Microstop,Material jam,23.56,0
DT-0006786,WO-002865,2025-12-10,Afternoon,M01,Breakdown,Mechanical fault,55.27,0
DT-0006787,WO-002866,2025-12-10,Morning,M02,Microstop,Material jam,45.46,0
DT-0006788,WO-002866,2025-12-10,Morning,M02,Microstop,Material jam,14.5,0
DT-0006789,WO-002866,2025-12-10,Morning,M02,Breakdown,Mechanical fault,3.33,0
DT-0006790,WO-002867,2025-12-10,Afternoon,M02,Breakdown,Sensor fault,11.11,0
DT-0006791,WO-002867,2025-12-10,Afternoon,M02,Changeover,Tooling change,17.83,0
DT-0006792,WO-002867,2025-12-10,Afternoon,M02,Material,Material shortage,13.62,0
DT-0006793,WO-002867,2025-12-10,Afternoon,M02,Microstop,Vision retry,14.49,0
DT-0006794,WO-002867,2025-12-10,Afternoon,M02,Process,Parameter adjustment,15.31,0
DT-0006795,WO-002868,2025-12-10,Morning,M03,Microstop,Material jam,21.85,0
DT-0006796,WO-002868,2025-12-10,Morning,M03,Changeover,Planned changeover,8.62,1
DT-0006797,WO-002869,2025-12-10,Morning,M04,Changeover,Fixture setup,37.41,0
DT-0006798,WO-002869,2025-12-10,Morning,M04,Process,Weld parameter adjustment,24.98,0
DT-0006799,WO-002869,2025-12-10,Morning,M04,Breakdown,Wire feeder fault,24.89,0
DT-0006800,WO-002869,2025-12-10,Morning,M04,Changeover,Fixture setup,8.89,0
DT-0006801,WO-002870,2025-12-10,Afternoon,M04,Microstop,Material jam,115.93,0
DT-0006802,WO-002871,2025-12-10,Morning,M05,Process,Parameter adjustment,57.1,0
DT-0006803,WO-002871,2025-12-10,Morning,M05,Microstop,Material jam,5.49,0
DT-0006804,WO-002872,2025-12-10,Afternoon,M05,Process,Parameter adjustment,42.54,0
DT-0006805,WO-002872,2025-12-10,Afternoon,M05,Microstop,Vision retry,13.38,0
DT-0006806,WO-002873,2025-12-10,Morning,M06,Microstop,Material jam,11.95,0
DT-0006807,WO-002873,2025-12-10,Morning,M06,Process,Parameter adjustment,0.95,0
DT-0006808,WO-002874,2025-12-10,Afternoon,M06,Process,Parameter adjustment,13.33,0
DT-0006809,WO-002874,2025-12-10,Afternoon,M06,Material,Material shortage,5.69,0
DT-0006810,WO-002874,2025-12-10,Afternoon,M06,Breakdown,Sensor fault,15.35,0
DT-0006811,WO-002875,2025-12-11,Morning,M01,Microstop,Material jam,35.03,0
DT-0006812,WO-002875,2025-12-11,Morning,M01,Material,Material shortage,18.22,0
DT-0006813,WO-002876,2025-12-11,Afternoon,M01,Planned,Calibration,20.17,1
DT-0006814,WO-002876,2025-12-11,Afternoon,M01,Changeover,Tooling change,21.12,0
DT-0006815,WO-002877,2025-12-11,Morning,M02,Material,Material shortage,25.42,0
DT-0006816,WO-002877,2025-12-11,Morning,M02,Planned,Calibration,9.25,1
DT-0006817,WO-002877,2025-12-11,Morning,M02,Microstop,Material jam,4.28,0
DT-0006818,WO-002877,2025-12-11,Morning,M02,Microstop,Material jam,1.69,0
DT-0006819,WO-002877,2025-12-11,Morning,M02,Changeover,Tooling change,18.55,0
DT-0006820,WO-002878,2025-12-11,Afternoon,M02,Material,Material shortage,43.38,0
DT-0006821,WO-002878,2025-12-11,Afternoon,M02,Microstop,Vision retry,31.11,0
DT-0006822,WO-002879,2025-12-11,Morning,M03,Changeover,Tooling change,0.93,0
DT-0006823,WO-002879,2025-12-11,Morning,M03,Breakdown,Sensor fault,9.22,0
DT-0006824,WO-002879,2025-12-11,Morning,M03,Microstop,Vision retry,6.39,0
DT-0006825,WO-002879,2025-12-11,Morning,M03,Changeover,Tooling change,0.93,0
DT-0006826,WO-002879,2025-12-11,Morning,M03,Microstop,Material jam,0.93,0
DT-0006827,WO-002880,2025-12-11,Afternoon,M03,Microstop,Vision retry,4.47,0
DT-0006828,WO-002880,2025-12-11,Afternoon,M03,Changeover,Planned changeover,30.07,1
DT-0006829,WO-002880,2025-12-11,Afternoon,M03,Breakdown,Sensor fault,17.71,0
DT-0006830,WO-002881,2025-12-11,Morning,M04,Microstop,Vision retry,110.09,0
DT-0006831,WO-002882,2025-12-11,Afternoon,M04,Process,Parameter adjustment,116.56,0
DT-0006832,WO-002883,2025-12-11,Morning,M05,Breakdown,Mechanical fault,15.05,0
DT-0006833,WO-002883,2025-12-11,Morning,M05,Microstop,Material jam,39.48,0
DT-0006834,WO-002884,2025-12-11,Afternoon,M05,Material,Material shortage,47.06,0
DT-0006835,WO-002884,2025-12-11,Afternoon,M05,Microstop,Vision retry,13.46,0
DT-0006836,WO-002885,2025-12-11,Morning,M06,Breakdown,Mechanical fault,21.89,0
DT-0006837,WO-002885,2025-12-11,Morning,M06,Breakdown,Mechanical fault,7.41,0
DT-0006838,WO-002886,2025-12-11,Afternoon,M06,Microstop,Material jam,5.57,0
DT-0006839,WO-002886,2025-12-11,Afternoon,M06,Microstop,Vision retry,35.62,0
DT-0006840,WO-002887,2025-12-12,Morning,M01,Process,Parameter adjustment,13.49,0
DT-0006841,WO-002887,2025-12-12,Morning,M01,Changeover,Planned changeover,15.12,1
DT-0006842,WO-002887,2025-12-12,Morning,M01,Microstop,Material jam,20.55,0
DT-0006843,WO-002888,2025-12-12,Afternoon,M01,Process,Parameter adjustment,32.87,0
DT-0006844,WO-002888,2025-12-12,Afternoon,M01,Material,Material shortage,22.84,0
DT-0006845,WO-002889,2025-12-12,Morning,M02,Microstop,Material jam,6.84,0
DT-0006846,WO-002889,2025-12-12,Morning,M02,Changeover,Tooling change,16.21,0
DT-0006847,WO-002889,2025-12-12,Morning,M02,Changeover,Tooling change,9.51,0
DT-0006848,WO-002889,2025-12-12,Morning,M02,Changeover,Planned changeover,8.74,1
DT-0006849,WO-002890,2025-12-12,Afternoon,M02,Material,Material shortage,3.9,0
DT-0006850,WO-002890,2025-12-12,Afternoon,M02,Breakdown,Sensor fault,13.3,0
DT-0006851,WO-002890,2025-12-12,Afternoon,M02,Process,Parameter adjustment,10.81,0
DT-0006852,WO-002890,2025-12-12,Afternoon,M02,Changeover,Planned changeover,13.74,1
DT-0006853,WO-002891,2025-12-12,Morning,M03,Changeover,Tooling change,29.12,0
DT-0006854,WO-002892,2025-12-12,Afternoon,M03,Changeover,Tooling change,9.69,0
DT-0006855,WO-002892,2025-12-12,Afternoon,M03,Material,Material shortage,15.9,0
DT-0006856,WO-002892,2025-12-12,Afternoon,M03,Process,Parameter adjustment,3.8,0
DT-0006857,WO-002892,2025-12-12,Afternoon,M03,Process,Parameter adjustment,10.1,0
DT-0006858,WO-002892,2025-12-12,Afternoon,M03,Changeover,Planned changeover,0.99,1
DT-0006859,WO-002893,2025-12-12,Morning,M04,Changeover,Fixture setup,1.95,0
DT-0006860,WO-002893,2025-12-12,Morning,M04,Breakdown,Robot recovery,111.48,0
DT-0006861,WO-002894,2025-12-12,Afternoon,M04,Microstop,Vision retry,42.03,0
DT-0006862,WO-002894,2025-12-12,Afternoon,M04,Breakdown,Robot recovery,19.49,0
DT-0006863,WO-002894,2025-12-12,Afternoon,M04,Breakdown,Sensor fault,38.76,0
DT-0006864,WO-002895,2025-12-12,Morning,M05,Planned,Calibration,3.06,1
DT-0006865,WO-002895,2025-12-12,Morning,M05,Material,Material shortage,6.25,0
DT-0006866,WO-002895,2025-12-12,Morning,M05,Breakdown,Mechanical fault,10.62,0
DT-0006867,WO-002895,2025-12-12,Morning,M05,Planned,Preventive maintenance,13.17,1
DT-0006868,WO-002896,2025-12-12,Afternoon,M05,Microstop,Vision retry,21.39,0
DT-0006869,WO-002896,2025-12-12,Afternoon,M05,Microstop,Vision retry,41.64,0
DT-0006870,WO-002897,2025-12-12,Morning,M06,Breakdown,Mechanical fault,9.62,0
DT-0006871,WO-002897,2025-12-12,Morning,M06,Microstop,Vision retry,16.9,0
DT-0006872,WO-002898,2025-12-15,Morning,M01,Breakdown,Mechanical fault,38.99,0
DT-0006873,WO-002898,2025-12-15,Morning,M01,Breakdown,Sensor fault,1.48,0
DT-0006874,WO-002899,2025-12-15,Afternoon,M01,Material,Material shortage,23.06,0
DT-0006875,WO-002899,2025-12-15,Afternoon,M01,Changeover,Tooling change,20.43,0
DT-0006876,WO-002900,2025-12-15,Morning,M02,Material,Material shortage,44.62,0
DT-0006877,WO-002900,2025-12-15,Morning,M02,Changeover,Tooling change,4.29,0
DT-0006878,WO-002900,2025-12-15,Morning,M02,Process,Parameter adjustment,2.29,0
DT-0006879,WO-002901,2025-12-15,Afternoon,M02,Microstop,Material jam,3.18,0
DT-0006880,WO-002901,2025-12-15,Afternoon,M02,Changeover,Tooling change,6.04,0
DT-0006881,WO-002901,2025-12-15,Afternoon,M02,Microstop,Material jam,49.2,0
DT-0006882,WO-002901,2025-12-15,Afternoon,M02,Changeover,Tooling change,2.05,0
DT-0006883,WO-002901,2025-12-15,Afternoon,M02,Breakdown,Mechanical fault,7.75,0
DT-0006884,WO-002902,2025-12-15,Morning,M03,Material,Material shortage,6.82,0
DT-0006885,WO-002902,2025-12-15,Morning,M03,Breakdown,Mechanical fault,46.54,0
DT-0006886,WO-002903,2025-12-15,Afternoon,M03,Microstop,Material jam,3.97,0
DT-0006887,WO-002903,2025-12-15,Afternoon,M03,Material,Material shortage,17.3,0
DT-0006888,WO-002903,2025-12-15,Afternoon,M03,Material,Material shortage,18.28,0
DT-0006889,WO-002904,2025-12-15,Morning,M04,Changeover,Fixture setup,64.86,0
DT-0006890,WO-002904,2025-12-15,Morning,M04,Planned,Calibration,51.11,1
DT-0006891,WO-002905,2025-12-15,Afternoon,M04,Changeover,Fixture setup,16.58,0
DT-0006892,WO-002905,2025-12-15,Afternoon,M04,Planned,Preventive maintenance,21.78,1
DT-0006893,WO-002905,2025-12-15,Afternoon,M04,Changeover,Fixture setup,37.06,0
DT-0006894,WO-002905,2025-12-15,Afternoon,M04,Changeover,Fixture setup,27.05,0
DT-0006895,WO-002906,2025-12-15,Morning,M05,Breakdown,Mechanical fault,32.75,0
DT-0006896,WO-002906,2025-12-15,Morning,M05,Breakdown,Mechanical fault,22.96,0
DT-0006897,WO-002907,2025-12-15,Afternoon,M05,Breakdown,Sensor fault,48.55,0
DT-0006898,WO-002908,2025-12-15,Morning,M06,Planned,Preventive maintenance,21.19,1
DT-0006899,WO-002908,2025-12-15,Morning,M06,Process,Parameter adjustment,0.98,0
DT-0006900,WO-002908,2025-12-15,Morning,M06,Microstop,Material jam,15.7,0
DT-0006901,WO-002909,2025-12-15,Afternoon,M06,Changeover,Planned changeover,17.84,1
DT-0006902,WO-002909,2025-12-15,Afternoon,M06,Microstop,Vision retry,7.21,0
DT-0006903,WO-002910,2025-12-16,Morning,M01,Process,Parameter adjustment,23.91,0
DT-0006904,WO-002911,2025-12-16,Afternoon,M01,Breakdown,Mechanical fault,11.31,0
DT-0006905,WO-002911,2025-12-16,Afternoon,M01,Microstop,Vision retry,34.84,0
DT-0006906,WO-002911,2025-12-16,Afternoon,M01,Changeover,Tooling change,9.71,0
DT-0006907,WO-002912,2025-12-16,Morning,M02,Material,Material shortage,58.62,0
DT-0006908,WO-002913,2025-12-16,Afternoon,M02,Changeover,Tooling change,26.85,0
DT-0006909,WO-002913,2025-12-16,Afternoon,M02,Microstop,Material jam,41.87,0
DT-0006910,WO-002913,2025-12-16,Afternoon,M02,Breakdown,Sensor fault,2.18,0
DT-0006911,WO-002914,2025-12-16,Morning,M03,Material,Material shortage,5.62,0
DT-0006912,WO-002914,2025-12-16,Morning,M03,Breakdown,Mechanical fault,7.74,0
DT-0006913,WO-002914,2025-12-16,Morning,M03,Microstop,Material jam,4.7,0
DT-0006914,WO-002914,2025-12-16,Morning,M03,Breakdown,Sensor fault,2.25,0
DT-0006915,WO-002915,2025-12-16,Afternoon,M03,Breakdown,Mechanical fault,20.73,0
DT-0006916,WO-002915,2025-12-16,Afternoon,M03,Breakdown,Sensor fault,25.48,0
DT-0006917,WO-002916,2025-12-16,Morning,M04,Changeover,Fixture setup,106.22,0
DT-0006918,WO-002916,2025-12-16,Morning,M04,Microstop,Material jam,12.69,0
DT-0006919,WO-002917,2025-12-16,Afternoon,M04,Microstop,Torch cleaning,18.27,0
DT-0006920,WO-002917,2025-12-16,Afternoon,M04,Breakdown,Robot recovery,77.02,0
DT-0006921,WO-002918,2025-12-16,Morning,M05,Microstop,Vision retry,5.12,0
DT-0006922,WO-002918,2025-12-16,Morning,M05,Breakdown,Mechanical fault,21.03,0
DT-0006923,WO-002918,2025-12-16,Morning,M05,Breakdown,Mechanical fault,6.72,0
DT-0006924,WO-002918,2025-12-16,Morning,M05,Planned,Calibration,20.3,1
DT-0006925,WO-002919,2025-12-16,Afternoon,M05,Process,Parameter adjustment,37.43,0
DT-0006926,WO-002919,2025-12-16,Afternoon,M05,Material,Material shortage,13.24,0
DT-0006927,WO-002919,2025-12-16,Afternoon,M05,Microstop,Material jam,8.13,0
DT-0006928,WO-002920,2025-12-16,Morning,M06,Microstop,Vision retry,9.72,0
DT-0006929,WO-002920,2025-12-16,Morning,M06,Microstop,Vision retry,0.95,0
DT-0006930,WO-002920,2025-12-16,Morning,M06,Material,Material shortage,0.95,0
DT-0006931,WO-002920,2025-12-16,Morning,M06,Microstop,Vision retry,5.9,0
DT-0006932,WO-002920,2025-12-16,Morning,M06,Microstop,Vision retry,6.23,0
DT-0006933,WO-002921,2025-12-16,Afternoon,M06,Breakdown,Sensor fault,21.17,0
DT-0006934,WO-002921,2025-12-16,Afternoon,M06,Material,Material shortage,15.66,0
DT-0006935,WO-002922,2025-12-17,Afternoon,M01,Changeover,Tooling change,1.0,0
DT-0006936,WO-002922,2025-12-17,Afternoon,M01,Planned,Calibration,39.97,1
DT-0006937,WO-002922,2025-12-17,Afternoon,M01,Microstop,Vision retry,1.5,0
DT-0006938,WO-002923,2025-12-17,Morning,M02,Changeover,Tooling change,19.67,0
DT-0006939,WO-002923,2025-12-17,Morning,M02,Microstop,Vision retry,31.8,0
DT-0006940,WO-002923,2025-12-17,Morning,M02,Material,Material shortage,6.3,0
DT-0006941,WO-002924,2025-12-17,Afternoon,M02,Process,Parameter adjustment,62.81,0
DT-0006942,WO-002925,2025-12-17,Morning,M03,Microstop,Material jam,18.85,0
DT-0006943,WO-002925,2025-12-17,Morning,M03,Process,Parameter adjustment,1.63,0
DT-0006944,WO-002925,2025-12-17,Morning,M03,Changeover,Planned changeover,37.97,1
DT-0006945,WO-002926,2025-12-17,Afternoon,M03,Planned,Calibration,22.44,1
DT-0006946,WO-002926,2025-12-17,Afternoon,M03,Microstop,Vision retry,2.7,0
DT-0006947,WO-002926,2025-12-17,Afternoon,M03,Planned,Preventive maintenance,15.66,1
DT-0006948,WO-002926,2025-12-17,Afternoon,M03,Material,Material shortage,5.34,0
DT-0006949,WO-002926,2025-12-17,Afternoon,M03,Process,Parameter adjustment,1.68,0
DT-0006950,WO-002927,2025-12-17,Morning,M04,Breakdown,Robot recovery,29.88,0
DT-0006951,WO-002927,2025-12-17,Morning,M04,Breakdown,Mechanical fault,13.97,0
DT-0006952,WO-002927,2025-12-17,Morning,M04,Process,Parameter adjustment,58.17,0
DT-0006953,WO-002927,2025-12-17,Morning,M04,Planned,Preventive maintenance,1.0,1
DT-0006954,WO-002928,2025-12-17,Afternoon,M04,Breakdown,Sensor fault,118.74,0
DT-0006955,WO-002929,2025-12-17,Morning,M05,Microstop,Material jam,42.35,0
DT-0006956,WO-002930,2025-12-17,Afternoon,M05,Changeover,Planned changeover,18.23,1
DT-0006957,WO-002930,2025-12-17,Afternoon,M05,Material,Material shortage,31.43,0
DT-0006958,WO-002930,2025-12-17,Afternoon,M05,Material,Material shortage,0.99,0
DT-0006959,WO-002931,2025-12-17,Morning,M06,Material,Material shortage,10.45,0
DT-0006960,WO-002931,2025-12-17,Morning,M06,Microstop,Vision retry,9.66,0
DT-0006961,WO-002932,2025-12-17,Afternoon,M06,Planned,Calibration,66.08,1
DT-0006962,WO-002933,2025-12-18,Morning,M01,Planned,Preventive maintenance,4.48,1
DT-0006963,WO-002933,2025-12-18,Morning,M01,Process,Parameter adjustment,25.67,0
DT-0006964,WO-002933,2025-12-18,Morning,M01,Process,Parameter adjustment,16.58,0
DT-0006965,WO-002933,2025-12-18,Morning,M01,Process,Parameter adjustment,10.8,0
DT-0006966,WO-002934,2025-12-18,Afternoon,M01,Microstop,Vision retry,4.35,0
DT-0006967,WO-002934,2025-12-18,Afternoon,M01,Microstop,Vision retry,71.89,0
DT-0006968,WO-002935,2025-12-18,Morning,M02,Process,Parameter adjustment,7.26,0
DT-0006969,WO-002935,2025-12-18,Morning,M02,Material,Material shortage,44.21,0
DT-0006970,WO-002936,2025-12-18,Afternoon,M02,Changeover,Planned changeover,29.27,1
DT-0006971,WO-002936,2025-12-18,Afternoon,M02,Material,Material shortage,23.12,0
DT-0006972,WO-002937,2025-12-18,Morning,M03,Microstop,Material jam,49.23,0
DT-0006973,WO-002938,2025-12-18,Afternoon,M03,Changeover,Tooling change,49.75,0
DT-0006974,WO-002938,2025-12-18,Afternoon,M03,Material,Material shortage,1.98,0
DT-0006975,WO-002939,2025-12-18,Morning,M04,Process,Weld parameter adjustment,58.5,0
DT-0006976,WO-002939,2025-12-18,Morning,M04,Breakdown,Robot recovery,1.77,0
DT-0006977,WO-002939,2025-12-18,Morning,M04,Changeover,Fixture setup,36.33,0
DT-0006978,WO-002940,2025-12-18,Afternoon,M04,Changeover,Planned changeover,52.62,1
DT-0006979,WO-002940,2025-12-18,Afternoon,M04,Planned,Preventive maintenance,41.63,1
DT-0006980,WO-002940,2025-12-18,Afternoon,M04,Planned,Calibration,22.26,1
DT-0006981,WO-002941,2025-12-18,Morning,M05,Microstop,Material jam,11.28,0
DT-0006982,WO-002941,2025-12-18,Morning,M05,Planned,Calibration,7.28,1
DT-0006983,WO-002941,2025-12-18,Morning,M05,Breakdown,Sensor fault,33.94,0
DT-0006984,WO-002942,2025-12-18,Afternoon,M05,Planned,Calibration,53.91,1
DT-0006985,WO-002943,2025-12-18,Morning,M06,Microstop,Material jam,27.29,0
DT-0006986,WO-002943,2025-12-18,Morning,M06,Microstop,Vision retry,6.01,0
DT-0006987,WO-002944,2025-12-18,Afternoon,M06,Material,Material shortage,17.68,0
DT-0006988,WO-002944,2025-12-18,Afternoon,M06,Microstop,Material jam,3.43,0
DT-0006989,WO-002945,2025-12-19,Morning,M01,Material,Material shortage,13.86,0
DT-0006990,WO-002945,2025-12-19,Morning,M01,Microstop,Vision retry,0.98,0
DT-0006991,WO-002945,2025-12-19,Morning,M01,Breakdown,Sensor fault,21.98,0
DT-0006992,WO-002945,2025-12-19,Morning,M01,Planned,Calibration,5.89,1
DT-0006993,WO-002946,2025-12-19,Afternoon,M01,Changeover,Tooling change,48.12,0
DT-0006994,WO-002947,2025-12-19,Morning,M02,Changeover,Tooling change,47.52,0
DT-0006995,WO-002947,2025-12-19,Morning,M02,Microstop,Material jam,11.78,0
DT-0006996,WO-002948,2025-12-19,Afternoon,M02,Planned,Calibration,44.08,1
DT-0006997,WO-002948,2025-12-19,Afternoon,M02,Process,Parameter adjustment,9.79,0
DT-0006998,WO-002949,2025-12-19,Morning,M03,Microstop,Material jam,28.24,0
DT-0006999,WO-002949,2025-12-19,Morning,M03,Breakdown,Mechanical fault,7.79,0
DT-0007000,WO-002950,2025-12-19,Afternoon,M03,Planned,Calibration,4.96,1
DT-0007001,WO-002950,2025-12-19,Afternoon,M03,Breakdown,Mechanical fault,0.98,0
DT-0007002,WO-002950,2025-12-19,Afternoon,M03,Microstop,Vision retry,38.48,0
DT-0007003,WO-002951,2025-12-19,Morning,M04,Process,Weld parameter adjustment,15.65,0
DT-0007004,WO-002951,2025-12-19,Morning,M04,Planned,Calibration,40.92,1
DT-0007005,WO-002951,2025-12-19,Morning,M04,Breakdown,Robot recovery,37.6,0
DT-0007006,WO-002951,2025-12-19,Morning,M04,Changeover,Fixture setup,3.46,0
DT-0007007,WO-002951,2025-12-19,Morning,M04,Process,Weld parameter adjustment,9.41,0
DT-0007008,WO-002952,2025-12-19,Afternoon,M04,Breakdown,Robot recovery,69.12,0
DT-0007009,WO-002952,2025-12-19,Afternoon,M04,Breakdown,Robot recovery,27.23,0
DT-0007010,WO-002953,2025-12-19,Morning,M05,Microstop,Material jam,22.66,0
DT-0007011,WO-002953,2025-12-19,Morning,M05,Breakdown,Mechanical fault,14.34,0
DT-0007012,WO-002953,2025-12-19,Morning,M05,Microstop,Material jam,6.2,0
DT-0007013,WO-002954,2025-12-19,Afternoon,M05,Changeover,Planned changeover,23.57,1
DT-0007014,WO-002954,2025-12-19,Afternoon,M05,Changeover,Planned changeover,31.88,1
DT-0007015,WO-002955,2025-12-19,Morning,M06,Changeover,Planned changeover,16.64,1
DT-0007016,WO-002955,2025-12-19,Morning,M06,Planned,Calibration,6.92,1
DT-0007017,WO-002955,2025-12-19,Morning,M06,Microstop,Material jam,2.15,0
DT-0007018,WO-002955,2025-12-19,Morning,M06,Microstop,Vision retry,3.11,0
DT-0007019,WO-002956,2025-12-19,Afternoon,M06,Changeover,Tooling change,27.62,0
DT-0007020,WO-002956,2025-12-19,Afternoon,M06,Microstop,Vision retry,10.91,0
DT-0007021,WO-002957,2025-12-22,Morning,M01,Material,Material shortage,61.12,0
DT-0007022,WO-002958,2025-12-22,Afternoon,M01,Process,Parameter adjustment,7.33,0
DT-0007023,WO-002958,2025-12-22,Afternoon,M01,Process,Parameter adjustment,33.22,0
DT-0007024,WO-002958,2025-12-22,Afternoon,M01,Breakdown,Sensor fault,4.61,0
DT-0007025,WO-002959,2025-12-22,Morning,M02,Microstop,Material jam,2.17,0
DT-0007026,WO-002959,2025-12-22,Morning,M02,Breakdown,Sensor fault,6.82,0
DT-0007027,WO-002959,2025-12-22,Morning,M02,Breakdown,Mechanical fault,40.33,0
DT-0007028,WO-002960,2025-12-22,Afternoon,M02,Microstop,Vision retry,30.41,0
DT-0007029,WO-002960,2025-12-22,Afternoon,M02,Microstop,Vision retry,16.89,0
DT-0007030,WO-002960,2025-12-22,Afternoon,M02,Changeover,Tooling change,19.34,0
DT-0007031,WO-002961,2025-12-22,Morning,M03,Process,Parameter adjustment,49.29,0
DT-0007032,WO-002962,2025-12-22,Afternoon,M03,Material,Material shortage,25.4,0
DT-0007033,WO-002963,2025-12-22,Morning,M04,Changeover,Fixture setup,98.85,0
DT-0007034,WO-002964,2025-12-22,Afternoon,M04,Planned,Preventive maintenance,109.22,1
DT-0007035,WO-002965,2025-12-22,Morning,M05,Breakdown,Mechanical fault,19.96,0
DT-0007036,WO-002965,2025-12-22,Morning,M05,Planned,Calibration,32.66,1
DT-0007037,WO-002966,2025-12-22,Afternoon,M05,Breakdown,Mechanical fault,3.69,0
DT-0007038,WO-002966,2025-12-22,Afternoon,M05,Material,Material shortage,50.31,0
DT-0007039,WO-002967,2025-12-22,Morning,M06,Process,Parameter adjustment,31.8,0
DT-0007040,WO-002967,2025-12-22,Morning,M06,Breakdown,Sensor fault,10.18,0
DT-0007041,WO-002968,2025-12-22,Afternoon,M06,Planned,Calibration,45.69,1
DT-0007042,WO-002969,2025-12-23,Morning,M01,Breakdown,Mechanical fault,40.37,0
DT-0007043,WO-002969,2025-12-23,Morning,M01,Microstop,Vision retry,8.34,0
DT-0007044,WO-002970,2025-12-23,Afternoon,M01,Microstop,Vision retry,18.22,0
DT-0007045,WO-002970,2025-12-23,Afternoon,M01,Process,Parameter adjustment,24.33,0
DT-0007046,WO-002971,2025-12-23,Morning,M02,Changeover,Tooling change,10.74,0
DT-0007047,WO-002971,2025-12-23,Morning,M02,Material,Material shortage,35.22,0
DT-0007048,WO-002972,2025-12-23,Afternoon,M02,Changeover,Planned changeover,42.94,1
DT-0007049,WO-002972,2025-12-23,Afternoon,M02,Breakdown,Sensor fault,13.76,0
DT-0007050,WO-002972,2025-12-23,Afternoon,M02,Microstop,Vision retry,19.04,0
DT-0007051,WO-002973,2025-12-23,Morning,M03,Microstop,Material jam,0.99,0
DT-0007052,WO-002973,2025-12-23,Morning,M03,Microstop,Vision retry,42.06,0
DT-0007053,WO-002974,2025-12-23,Afternoon,M03,Microstop,Vision retry,4.57,0
DT-0007054,WO-002974,2025-12-23,Afternoon,M03,Material,Material shortage,18.72,0
DT-0007055,WO-002974,2025-12-23,Afternoon,M03,Breakdown,Sensor fault,16.48,0
DT-0007056,WO-002974,2025-12-23,Afternoon,M03,Breakdown,Sensor fault,8.8,0
DT-0007057,WO-002975,2025-12-23,Morning,M04,Planned,Calibration,41.24,1
DT-0007058,WO-002975,2025-12-23,Morning,M04,Changeover,Fixture setup,11.07,0
DT-0007059,WO-002975,2025-12-23,Morning,M04,Changeover,Fixture setup,44.5,0
DT-0007060,WO-002975,2025-12-23,Morning,M04,Changeover,Fixture setup,12.16,0
DT-0007061,WO-002976,2025-12-23,Afternoon,M04,Microstop,Material jam,114.17,0
DT-0007062,WO-002977,2025-12-23,Morning,M05,Microstop,Material jam,7.82,0
DT-0007063,WO-002977,2025-12-23,Morning,M05,Material,Material shortage,1.63,0
DT-0007064,WO-002977,2025-12-23,Morning,M05,Material,Material shortage,27.05,0
DT-0007065,WO-002977,2025-12-23,Morning,M05,Process,Parameter adjustment,13.87,0
DT-0007066,WO-002977,2025-12-23,Morning,M05,Changeover,Tooling change,1.89,0
DT-0007067,WO-002978,2025-12-23,Afternoon,M05,Process,Parameter adjustment,40.96,0
DT-0007068,WO-002978,2025-12-23,Afternoon,M05,Process,Parameter adjustment,12.6,0
DT-0007069,WO-002979,2025-12-23,Morning,M06,Planned,Calibration,27.23,1
DT-0007070,WO-002979,2025-12-23,Morning,M06,Microstop,Vision retry,4.84,0
DT-0007071,WO-002980,2025-12-23,Afternoon,M06,Microstop,Vision retry,15.62,0
DT-0007072,WO-002980,2025-12-23,Afternoon,M06,Planned,Preventive maintenance,8.63,1
DT-0007073,WO-002980,2025-12-23,Afternoon,M06,Breakdown,Mechanical fault,1.12,0
DT-0007074,WO-002981,2025-12-24,Morning,M01,Process,Parameter adjustment,0.99,0
DT-0007075,WO-002981,2025-12-24,Morning,M01,Planned,Preventive maintenance,30.83,1
DT-0007076,WO-002982,2025-12-24,Afternoon,M01,Microstop,Material jam,16.52,0
DT-0007077,WO-002982,2025-12-24,Afternoon,M01,Breakdown,Mechanical fault,18.69,0
DT-0007078,WO-002982,2025-12-24,Afternoon,M01,Breakdown,Sensor fault,0.99,0
DT-0007079,WO-002983,2025-12-24,Morning,M02,Process,Parameter adjustment,19.88,0
DT-0007080,WO-002983,2025-12-24,Morning,M02,Changeover,Planned changeover,49.02,1
DT-0007081,WO-002984,2025-12-24,Afternoon,M02,Changeover,Tooling change,20.47,0
DT-0007082,WO-002984,2025-12-24,Afternoon,M02,Changeover,Tooling change,15.6,0
DT-0007083,WO-002984,2025-12-24,Afternoon,M02,Planned,Calibration,26.57,1
DT-0007084,WO-002985,2025-12-24,Morning,M03,Microstop,Material jam,49.59,0
DT-0007085,WO-002986,2025-12-24,Afternoon,M03,Breakdown,Mechanical fault,18.54,0
DT-0007086,WO-002986,2025-12-24,Afternoon,M03,Planned,Calibration,28.1,1
DT-0007087,WO-002987,2025-12-24,Morning,M04,Planned,Calibration,99.31,1
DT-0007088,WO-002987,2025-12-24,Morning,M04,Breakdown,Sensor fault,2.63,0
DT-0007089,WO-002988,2025-12-24,Afternoon,M04,Changeover,Fixture setup,0.99,0
DT-0007090,WO-002988,2025-12-24,Afternoon,M04,Process,Parameter adjustment,30.94,0
DT-0007091,WO-002988,2025-12-24,Afternoon,M04,Breakdown,Robot recovery,35.68,0
DT-0007092,WO-002988,2025-12-24,Afternoon,M04,Breakdown,Mechanical fault,54.6,0
DT-0007093,WO-002989,2025-12-24,Morning,M05,Microstop,Vision retry,1.0,0
DT-0007094,WO-002989,2025-12-24,Morning,M05,Microstop,Vision retry,28.54,0
DT-0007095,WO-002989,2025-12-24,Morning,M05,Material,Material shortage,5.56,0
DT-0007096,WO-002989,2025-12-24,Morning,M05,Material,Material shortage,9.37,0
DT-0007097,WO-002990,2025-12-24,Afternoon,M05,Microstop,Vision retry,5.13,0
DT-0007098,WO-002990,2025-12-24,Afternoon,M05,Breakdown,Sensor fault,13.89,0
DT-0007099,WO-002990,2025-12-24,Afternoon,M05,Process,Parameter adjustment,41.31,0
DT-0007100,WO-002991,2025-12-24,Morning,M06,Microstop,Vision retry,30.71,0
DT-0007101,WO-002991,2025-12-24,Morning,M06,Microstop,Vision retry,23.73,0
DT-0007102,WO-002992,2025-12-24,Afternoon,M06,Changeover,Tooling change,15.38,0
DT-0007103,WO-002992,2025-12-24,Afternoon,M06,Changeover,Planned changeover,29.75,1
DT-0007104,WO-002992,2025-12-24,Afternoon,M06,Material,Material shortage,7.78,0
DT-0007105,WO-002993,2025-12-25,Morning,M01,Microstop,Material jam,21.7,0
DT-0007106,WO-002993,2025-12-25,Morning,M01,Material,Material shortage,2.2,0
DT-0007107,WO-002993,2025-12-25,Morning,M01,Changeover,Tooling change,9.94,0
DT-0007108,WO-002993,2025-12-25,Morning,M01,Microstop,Material jam,4.99,0
DT-0007109,WO-002994,2025-12-25,Afternoon,M01,Microstop,Material jam,36.18,0
DT-0007110,WO-002994,2025-12-25,Afternoon,M01,Changeover,Tooling change,24.54,0
DT-0007111,WO-002995,2025-12-25,Morning,M02,Breakdown,Sensor fault,42.59,0
DT-0007112,WO-002995,2025-12-25,Morning,M02,Planned,Preventive maintenance,23.08,1
DT-0007113,WO-002996,2025-12-25,Afternoon,M02,Material,Material shortage,12.39,0
DT-0007114,WO-002996,2025-12-25,Afternoon,M02,Planned,Calibration,57.02,1
DT-0007115,WO-002997,2025-12-25,Morning,M03,Planned,Calibration,19.16,1
DT-0007116,WO-002997,2025-12-25,Morning,M03,Microstop,Material jam,10.42,0
DT-0007117,WO-002997,2025-12-25,Morning,M03,Process,Parameter adjustment,3.53,0
DT-0007118,WO-002998,2025-12-25,Afternoon,M03,Microstop,Vision retry,15.68,0
DT-0007119,WO-002998,2025-12-25,Afternoon,M03,Changeover,Tooling change,33.19,0
DT-0007120,WO-002998,2025-12-25,Afternoon,M03,Microstop,Material jam,3.09,0
DT-0007121,WO-002999,2025-12-25,Morning,M04,Breakdown,Mechanical fault,9.76,0
DT-0007122,WO-002999,2025-12-25,Morning,M04,Changeover,Fixture setup,48.8,0
DT-0007123,WO-002999,2025-12-25,Morning,M04,Microstop,Material jam,15.09,0
DT-0007124,WO-002999,2025-12-25,Morning,M04,Breakdown,Wire feeder fault,30.22,0
DT-0007125,WO-002999,2025-12-25,Morning,M04,Breakdown,Robot recovery,4.4,0
DT-0007126,WO-003000,2025-12-25,Afternoon,M04,Changeover,Planned changeover,43.34,1
DT-0007127,WO-003000,2025-12-25,Afternoon,M04,Changeover,Fixture setup,6.59,0
DT-0007128,WO-003000,2025-12-25,Afternoon,M04,Process,Weld parameter adjustment,33.65,0
DT-0007129,WO-003000,2025-12-25,Afternoon,M04,Planned,Preventive maintenance,23.78,1
DT-0007130,WO-003001,2025-12-25,Morning,M05,Breakdown,Mechanical fault,56.45,0
DT-0007131,WO-003002,2025-12-25,Afternoon,M05,Microstop,Material jam,25.14,0
DT-0007132,WO-003002,2025-12-25,Afternoon,M05,Microstop,Material jam,5.67,0
DT-0007133,WO-003002,2025-12-25,Afternoon,M05,Material,Material shortage,19.15,0
DT-0007134,WO-003002,2025-12-25,Afternoon,M05,Changeover,Tooling change,1.34,0
DT-0007135,WO-003002,2025-12-25,Afternoon,M05,Breakdown,Mechanical fault,5.93,0
DT-0007136,WO-003003,2025-12-25,Morning,M06,Microstop,Material jam,34.98,0
DT-0007137,WO-003003,2025-12-25,Morning,M06,Material,Material shortage,8.41,0
DT-0007138,WO-003003,2025-12-25,Morning,M06,Planned,Preventive maintenance,1.66,1
DT-0007139,WO-003004,2025-12-25,Afternoon,M06,Process,Parameter adjustment,5.22,0
DT-0007140,WO-003004,2025-12-25,Afternoon,M06,Breakdown,Sensor fault,5.8,0
DT-0007141,WO-003004,2025-12-25,Afternoon,M06,Changeover,Planned changeover,2.77,1
DT-0007142,WO-003004,2025-12-25,Afternoon,M06,Microstop,Material jam,4.42,0
DT-0007143,WO-003005,2025-12-26,Morning,M01,Microstop,Material jam,4.08,0
DT-0007144,WO-003005,2025-12-26,Morning,M01,Changeover,Tooling change,9.45,0
DT-0007145,WO-003005,2025-12-26,Morning,M01,Breakdown,Sensor fault,47.27,0
DT-0007146,WO-003006,2025-12-26,Afternoon,M01,Planned,Calibration,17.63,1
DT-0007147,WO-003006,2025-12-26,Afternoon,M01,Material,Material shortage,8.67,0
DT-0007148,WO-003006,2025-12-26,Afternoon,M01,Planned,Preventive maintenance,14.08,1
DT-0007149,WO-003007,2025-12-26,Morning,M02,Breakdown,Sensor fault,42.77,0
DT-0007150,WO-003007,2025-12-26,Morning,M02,Breakdown,Mechanical fault,13.5,0
DT-0007151,WO-003008,2025-12-26,Afternoon,M02,Breakdown,Sensor fault,17.65,0
DT-0007152,WO-003008,2025-12-26,Afternoon,M02,Breakdown,Mechanical fault,32.03,0
DT-0007153,WO-003008,2025-12-26,Afternoon,M02,Material,Material shortage,1.91,0
DT-0007154,WO-003009,2025-12-26,Morning,M03,Microstop,Vision retry,7.55,0
DT-0007155,WO-003009,2025-12-26,Morning,M03,Microstop,Material jam,23.4,0
DT-0007156,WO-003009,2025-12-26,Morning,M03,Breakdown,Mechanical fault,16.15,0
DT-0007157,WO-003010,2025-12-26,Afternoon,M03,Breakdown,Sensor fault,3.81,0
DT-0007158,WO-003010,2025-12-26,Afternoon,M03,Planned,Preventive maintenance,12.82,1
DT-0007159,WO-003010,2025-12-26,Afternoon,M03,Process,Parameter adjustment,27.47,0
DT-0007160,WO-003010,2025-12-26,Afternoon,M03,Process,Parameter adjustment,7.93,0
DT-0007161,WO-003011,2025-12-26,Morning,M04,Breakdown,Robot recovery,37.24,0
DT-0007162,WO-003011,2025-12-26,Morning,M04,Planned,Calibration,29.07,1
DT-0007163,WO-003011,2025-12-26,Morning,M04,Breakdown,Sensor fault,30.81,0
DT-0007164,WO-003012,2025-12-26,Afternoon,M04,Changeover,Fixture setup,16.38,0
DT-0007165,WO-003012,2025-12-26,Afternoon,M04,Material,Material shortage,108.65,0
DT-0007166,WO-003013,2025-12-26,Morning,M05,Material,Material shortage,67.07,0
DT-0007167,WO-003014,2025-12-26,Afternoon,M05,Changeover,Tooling change,62.22,0
DT-0007168,WO-003015,2025-12-26,Morning,M06,Material,Material shortage,7.54,0
DT-0007169,WO-003015,2025-12-26,Morning,M06,Material,Material shortage,23.8,0
DT-0007170,WO-003016,2025-12-26,Afternoon,M06,Changeover,Tooling change,22.95,0
DT-0007171,WO-003016,2025-12-26,Afternoon,M06,Process,Parameter adjustment,19.39,0
DT-0007172,WO-003017,2025-12-29,Morning,M01,Microstop,Material jam,54.24,0
DT-0007173,WO-003018,2025-12-29,Afternoon,M01,Breakdown,Mechanical fault,24.37,0
DT-0007174,WO-003018,2025-12-29,Afternoon,M01,Changeover,Tooling change,48.52,0
DT-0007175,WO-003018,2025-12-29,Afternoon,M01,Material,Material shortage,3.23,0
DT-0007176,WO-003019,2025-12-29,Morning,M02,Process,Parameter adjustment,28.62,0
DT-0007177,WO-003019,2025-12-29,Morning,M02,Planned,Calibration,8.78,1
DT-0007178,WO-003020,2025-12-29,Afternoon,M02,Microstop,Material jam,15.24,0
DT-0007179,WO-003020,2025-12-29,Afternoon,M02,Planned,Preventive maintenance,11.34,1
DT-0007180,WO-003020,2025-12-29,Afternoon,M02,Microstop,Vision retry,10.48,0
DT-0007181,WO-003020,2025-12-29,Afternoon,M02,Breakdown,Mechanical fault,4.93,0
DT-0007182,WO-003020,2025-12-29,Afternoon,M02,Breakdown,Sensor fault,18.21,0
DT-0007183,WO-003021,2025-12-29,Morning,M03,Changeover,Tooling change,1.0,0
DT-0007184,WO-003021,2025-12-29,Morning,M03,Microstop,Vision retry,21.82,0
DT-0007185,WO-003021,2025-12-29,Morning,M03,Material,Material shortage,18.38,0
DT-0007186,WO-003022,2025-12-29,Afternoon,M03,Microstop,Vision retry,8.78,0
DT-0007187,WO-003022,2025-12-29,Afternoon,M03,Breakdown,Mechanical fault,2.87,0
DT-0007188,WO-003022,2025-12-29,Afternoon,M03,Changeover,Planned changeover,28.03,1
DT-0007189,WO-003022,2025-12-29,Afternoon,M03,Changeover,Tooling change,5.26,0
DT-0007190,WO-003023,2025-12-29,Morning,M04,Planned,Calibration,106.65,1
DT-0007191,WO-003023,2025-12-29,Morning,M04,Breakdown,Robot recovery,8.37,0
DT-0007192,WO-003024,2025-12-29,Afternoon,M04,Breakdown,Wire feeder fault,110.05,0
DT-0007193,WO-003025,2025-12-29,Morning,M05,Changeover,Tooling change,49.14,0
DT-0007194,WO-003026,2025-12-29,Afternoon,M05,Microstop,Vision retry,52.95,0
DT-0007195,WO-003027,2025-12-29,Morning,M06,Material,Material shortage,15.92,0
DT-0007196,WO-003027,2025-12-29,Morning,M06,Material,Material shortage,8.58,0
DT-0007197,WO-003027,2025-12-29,Morning,M06,Microstop,Vision retry,9.29,0
DT-0007198,WO-003028,2025-12-29,Afternoon,M06,Process,Parameter adjustment,11.64,0
DT-0007199,WO-003028,2025-12-29,Afternoon,M06,Microstop,Vision retry,16.63,0
DT-0007200,WO-003028,2025-12-29,Afternoon,M06,Breakdown,Mechanical fault,0.98,0
DT-0007201,WO-003029,2025-12-30,Morning,M01,Microstop,Vision retry,38.83,0
DT-0007202,WO-003029,2025-12-30,Morning,M01,Process,Parameter adjustment,5.87,0
DT-0007203,WO-003030,2025-12-30,Afternoon,M01,Microstop,Vision retry,36.83,0
DT-0007204,WO-003030,2025-12-30,Afternoon,M01,Breakdown,Mechanical fault,15.79,0
DT-0007205,WO-003031,2025-12-30,Morning,M02,Microstop,Material jam,31.02,0
DT-0007206,WO-003031,2025-12-30,Morning,M02,Changeover,Tooling change,26.87,0
DT-0007207,WO-003032,2025-12-30,Afternoon,M02,Microstop,Vision retry,25.84,0
DT-0007208,WO-003032,2025-12-30,Afternoon,M02,Microstop,Material jam,1.0,0
DT-0007209,WO-003032,2025-12-30,Afternoon,M02,Material,Material shortage,25.76,0
DT-0007210,WO-003032,2025-12-30,Afternoon,M02,Breakdown,Sensor fault,4.59,0
DT-0007211,WO-003033,2025-12-30,Morning,M03,Changeover,Planned changeover,20.62,1
DT-0007212,WO-003033,2025-12-30,Morning,M03,Changeover,Tooling change,5.93,0
DT-0007213,WO-003033,2025-12-30,Morning,M03,Microstop,Vision retry,15.84,0
DT-0007214,WO-003033,2025-12-30,Morning,M03,Planned,Calibration,8.28,1
DT-0007215,WO-003034,2025-12-30,Afternoon,M03,Microstop,Vision retry,8.68,0
DT-0007216,WO-003034,2025-12-30,Afternoon,M03,Microstop,Material jam,4.09,0
DT-0007217,WO-003034,2025-12-30,Afternoon,M03,Planned,Preventive maintenance,35.28,1
DT-0007218,WO-003035,2025-12-30,Morning,M04,Changeover,Fixture setup,59.89,0
DT-0007219,WO-003035,2025-12-30,Morning,M04,Planned,Preventive maintenance,30.21,1
DT-0007220,WO-003035,2025-12-30,Morning,M04,Breakdown,Robot recovery,2.04,0
DT-0007221,WO-003035,2025-12-30,Morning,M04,Breakdown,Wire feeder fault,11.97,0
DT-0007222,WO-003036,2025-12-30,Afternoon,M04,Changeover,Fixture setup,74.88,0
DT-0007223,WO-003036,2025-12-30,Afternoon,M04,Process,Parameter adjustment,2.93,0
DT-0007224,WO-003036,2025-12-30,Afternoon,M04,Changeover,Fixture setup,28.38,0
DT-0007225,WO-003037,2025-12-30,Morning,M05,Process,Parameter adjustment,54.34,0
DT-0007226,WO-003037,2025-12-30,Morning,M05,Changeover,Tooling change,0.98,0
DT-0007227,WO-003038,2025-12-30,Afternoon,M05,Changeover,Tooling change,12.34,0
DT-0007228,WO-003038,2025-12-30,Afternoon,M05,Microstop,Material jam,40.62,0
DT-0007229,WO-003039,2025-12-30,Morning,M06,Breakdown,Sensor fault,21.51,0
DT-0007230,WO-003040,2025-12-30,Afternoon,M06,Breakdown,Sensor fault,33.8,0
DT-0007231,WO-003040,2025-12-30,Afternoon,M06,Breakdown,Mechanical fault,21.19,0
DT-0007232,WO-003041,2025-12-31,Morning,M01,Breakdown,Mechanical fault,40.45,0
DT-0007233,WO-003042,2025-12-31,Afternoon,M01,Microstop,Vision retry,17.03,0
DT-0007234,WO-003042,2025-12-31,Afternoon,M01,Microstop,Vision retry,37.37,0
DT-0007235,WO-003043,2025-12-31,Afternoon,M02,Microstop,Vision retry,16.84,0
DT-0007236,WO-003043,2025-12-31,Afternoon,M02,Material,Material shortage,31.97,0
DT-0007237,WO-003044,2025-12-31,Morning,M03,Material,Material shortage,31.32,0
DT-0007238,WO-003044,2025-12-31,Morning,M03,Planned,Preventive maintenance,15.65,1
DT-0007239,WO-003044,2025-12-31,Morning,M03,Breakdown,Sensor fault,4.48,0
DT-0007240,WO-003045,2025-12-31,Afternoon,M03,Breakdown,Sensor fault,34.32,0
DT-0007241,WO-003045,2025-12-31,Afternoon,M03,Process,Parameter adjustment,1.63,0
DT-0007242,WO-003045,2025-12-31,Afternoon,M03,Breakdown,Sensor fault,3.1,0
DT-0007243,WO-003046,2025-12-31,Morning,M04,Breakdown,Mechanical fault,15.8,0
DT-0007244,WO-003046,2025-12-31,Morning,M04,Breakdown,Sensor fault,16.2,0
DT-0007245,WO-003046,2025-12-31,Morning,M04,Process,Parameter adjustment,69.21,0
DT-0007246,WO-003047,2025-12-31,Afternoon,M04,Breakdown,Robot recovery,69.9,0
DT-0007247,WO-003047,2025-12-31,Afternoon,M04,Changeover,Fixture setup,40.73,0
DT-0007248,WO-003048,2025-12-31,Morning,M05,Material,Material shortage,25.76,0
DT-0007249,WO-003048,2025-12-31,Morning,M05,Changeover,Tooling change,18.49,0
DT-0007250,WO-003048,2025-12-31,Morning,M05,Material,Material shortage,17.65,0
DT-0007251,WO-003049,2025-12-31,Afternoon,M05,Changeover,Tooling change,42.2,0
DT-0007252,WO-003050,2025-12-31,Morning,M06,Microstop,Material jam,26.39,0
DT-0007253,WO-003051,2025-12-31,Afternoon,M06,Changeover,Planned changeover,27.65,1
DT-0007254,WO-003052,2026-01-01,Morning,M01,Breakdown,Sensor fault,17.38,0
DT-0007255,WO-003052,2026-01-01,Morning,M01,Material,Material shortage,37.76,0
DT-0007256,WO-003052,2026-01-01,Morning,M01,Planned,Preventive maintenance,3.06,1
DT-0007257,WO-003053,2026-01-01,Afternoon,M01,Material,Material shortage,4.41,0
DT-0007258,WO-003053,2026-01-01,Afternoon,M01,Breakdown,Sensor fault,46.99,0
DT-0007259,WO-003053,2026-01-01,Afternoon,M01,Breakdown,Sensor fault,18.08,0
DT-0007260,WO-003054,2026-01-01,Morning,M02,Breakdown,Mechanical fault,0.99,0
DT-0007261,WO-003054,2026-01-01,Morning,M02,Changeover,Tooling change,51.76,0
DT-0007262,WO-003054,2026-01-01,Morning,M02,Breakdown,Sensor fault,10.3,0
DT-0007263,WO-003055,2026-01-01,Afternoon,M02,Material,Material shortage,34.98,0
DT-0007264,WO-003055,2026-01-01,Afternoon,M02,Breakdown,Mechanical fault,18.74,0
DT-0007265,WO-003056,2026-01-01,Morning,M03,Process,Parameter adjustment,8.39,0
DT-0007266,WO-003056,2026-01-01,Morning,M03,Planned,Preventive maintenance,1.52,1
DT-0007267,WO-003056,2026-01-01,Morning,M03,Breakdown,Mechanical fault,6.56,0
DT-0007268,WO-003056,2026-01-01,Morning,M03,Microstop,Material jam,22.25,0
DT-0007269,WO-003057,2026-01-01,Afternoon,M03,Breakdown,Mechanical fault,10.59,0
DT-0007270,WO-003057,2026-01-01,Afternoon,M03,Process,Parameter adjustment,23.78,0
DT-0007271,WO-003057,2026-01-01,Afternoon,M03,Process,Parameter adjustment,6.42,0
DT-0007272,WO-003057,2026-01-01,Afternoon,M03,Planned,Calibration,2.01,1
DT-0007273,WO-003058,2026-01-01,Morning,M04,Changeover,Fixture setup,42.29,0
DT-0007274,WO-003058,2026-01-01,Morning,M04,Changeover,Fixture setup,5.33,0
DT-0007275,WO-003058,2026-01-01,Morning,M04,Planned,Calibration,59.96,1
DT-0007276,WO-003059,2026-01-01,Afternoon,M04,Breakdown,Robot recovery,111.71,0
DT-0007277,WO-003060,2026-01-01,Morning,M05,Planned,Calibration,41.97,1
DT-0007278,WO-003060,2026-01-01,Morning,M05,Microstop,Vision retry,3.25,0
DT-0007279,WO-003061,2026-01-01,Afternoon,M05,Changeover,Tooling change,28.6,0
DT-0007280,WO-003061,2026-01-01,Afternoon,M05,Planned,Calibration,15.59,1
DT-0007281,WO-003061,2026-01-01,Afternoon,M05,Microstop,Material jam,1.82,0
DT-0007282,WO-003061,2026-01-01,Afternoon,M05,Breakdown,Sensor fault,24.63,0
DT-0007283,WO-003062,2026-01-01,Morning,M06,Breakdown,Mechanical fault,54.51,0
DT-0007284,WO-003063,2026-01-01,Afternoon,M06,Breakdown,Mechanical fault,20.71,0
DT-0007285,WO-003063,2026-01-01,Afternoon,M06,Changeover,Tooling change,8.56,0
DT-0007286,WO-003063,2026-01-01,Afternoon,M06,Breakdown,Sensor fault,17.98,0
DT-0007287,WO-003064,2026-01-02,Morning,M01,Microstop,Material jam,3.32,0
DT-0007288,WO-003064,2026-01-02,Morning,M01,Changeover,Tooling change,26.63,0
DT-0007289,WO-003065,2026-01-02,Afternoon,M01,Changeover,Tooling change,3.38,0
DT-0007290,WO-003065,2026-01-02,Afternoon,M01,Changeover,Planned changeover,0.97,1
DT-0007291,WO-003065,2026-01-02,Afternoon,M01,Changeover,Tooling change,0.97,0
DT-0007292,WO-003065,2026-01-02,Afternoon,M01,Changeover,Planned changeover,35.7,1
DT-0007293,WO-003065,2026-01-02,Afternoon,M01,Process,Parameter adjustment,6.6,0
DT-0007294,WO-003066,2026-01-02,Morning,M02,Breakdown,Mechanical fault,53.72,0
DT-0007295,WO-003067,2026-01-02,Afternoon,M02,Process,Parameter adjustment,20.29,0
DT-0007296,WO-003067,2026-01-02,Afternoon,M02,Microstop,Vision retry,45.77,0
DT-0007297,WO-003068,2026-01-02,Morning,M03,Changeover,Tooling change,5.58,0
DT-0007298,WO-003068,2026-01-02,Morning,M03,Process,Parameter adjustment,28.57,0
DT-0007299,WO-003069,2026-01-02,Afternoon,M03,Planned,Calibration,57.55,1
DT-0007300,WO-003070,2026-01-02,Morning,M04,Changeover,Planned changeover,100.29,1
DT-0007301,WO-003071,2026-01-02,Afternoon,M04,Breakdown,Sensor fault,65.2,0
DT-0007302,WO-003071,2026-01-02,Afternoon,M04,Changeover,Fixture setup,35.14,0
DT-0007303,WO-003072,2026-01-02,Morning,M05,Material,Material shortage,13.99,0
DT-0007304,WO-003072,2026-01-02,Morning,M05,Process,Parameter adjustment,26.43,0
DT-0007305,WO-003072,2026-01-02,Morning,M05,Microstop,Vision retry,11.86,0
DT-0007306,WO-003073,2026-01-02,Afternoon,M05,Microstop,Vision retry,22.02,0
DT-0007307,WO-003073,2026-01-02,Afternoon,M05,Changeover,Planned changeover,15.78,1
DT-0007308,WO-003074,2026-01-02,Morning,M06,Microstop,Material jam,19.99,0
DT-0007309,WO-003074,2026-01-02,Morning,M06,Process,Parameter adjustment,14.83,0
DT-0007310,WO-003075,2026-01-02,Afternoon,M06,Changeover,Tooling change,2.97,0
DT-0007311,WO-003075,2026-01-02,Afternoon,M06,Process,Parameter adjustment,16.18,0
DT-0007312,WO-003075,2026-01-02,Afternoon,M06,Breakdown,Mechanical fault,17.27,0
DT-0007313,WO-003076,2026-01-05,Morning,M01,Microstop,Vision retry,3.28,0
DT-0007314,WO-003076,2026-01-05,Morning,M01,Breakdown,Sensor fault,8.85,0
DT-0007315,WO-003076,2026-01-05,Morning,M01,Process,Parameter adjustment,18.62,0
DT-0007316,WO-003077,2026-01-05,Afternoon,M01,Process,Parameter adjustment,18.72,0
DT-0007317,WO-003077,2026-01-05,Afternoon,M01,Process,Parameter adjustment,1.0,0
DT-0007318,WO-003077,2026-01-05,Afternoon,M01,Material,Material shortage,18.83,0
DT-0007319,WO-003077,2026-01-05,Afternoon,M01,Planned,Preventive maintenance,7.38,1
DT-0007320,WO-003078,2026-01-05,Morning,M02,Process,Parameter adjustment,20.17,0
DT-0007321,WO-003078,2026-01-05,Morning,M02,Changeover,Tooling change,25.07,0
DT-0007322,WO-003079,2026-01-05,Afternoon,M02,Breakdown,Mechanical fault,25.16,0
DT-0007323,WO-003079,2026-01-05,Afternoon,M02,Material,Material shortage,58.58,0
DT-0007324,WO-003080,2026-01-05,Morning,M03,Breakdown,Sensor fault,10.97,0
DT-0007325,WO-003080,2026-01-05,Morning,M03,Microstop,Material jam,31.23,0
DT-0007326,WO-003081,2026-01-05,Afternoon,M03,Changeover,Planned changeover,34.92,1
DT-0007327,WO-003081,2026-01-05,Afternoon,M03,Process,Parameter adjustment,10.84,0
DT-0007328,WO-003081,2026-01-05,Afternoon,M03,Material,Material shortage,10.55,0
DT-0007329,WO-003082,2026-01-05,Morning,M04,Changeover,Tooling change,116.26,0
DT-0007330,WO-003083,2026-01-05,Afternoon,M04,Changeover,Fixture setup,111.85,0
DT-0007331,WO-003083,2026-01-05,Afternoon,M04,Changeover,Fixture setup,6.7,0
DT-0007332,WO-003083,2026-01-05,Afternoon,M04,Changeover,Fixture setup,6.18,0
DT-0007333,WO-003084,2026-01-05,Morning,M05,Material,Material shortage,2.28,0
DT-0007334,WO-003084,2026-01-05,Morning,M05,Process,Parameter adjustment,22.97,0
DT-0007335,WO-003084,2026-01-05,Morning,M05,Microstop,Vision retry,20.54,0
DT-0007336,WO-003085,2026-01-05,Afternoon,M05,Process,Parameter adjustment,49.69,0
DT-0007337,WO-003086,2026-01-05,Morning,M06,Microstop,Vision retry,37.24,0
DT-0007338,WO-003086,2026-01-05,Morning,M06,Breakdown,Mechanical fault,1.99,0
DT-0007339,WO-003087,2026-01-05,Afternoon,M06,Process,Parameter adjustment,0.98,0
DT-0007340,WO-003087,2026-01-05,Afternoon,M06,Breakdown,Sensor fault,11.55,0
DT-0007341,WO-003087,2026-01-05,Afternoon,M06,Breakdown,Mechanical fault,15.33,0
DT-0007342,WO-003087,2026-01-05,Afternoon,M06,Microstop,Vision retry,6.44,0
DT-0007343,WO-003087,2026-01-05,Afternoon,M06,Material,Material shortage,7.37,0
DT-0007344,WO-003088,2026-01-06,Morning,M01,Breakdown,Mechanical fault,9.82,0
DT-0007345,WO-003088,2026-01-06,Morning,M01,Changeover,Tooling change,30.99,0
DT-0007346,WO-003088,2026-01-06,Morning,M01,Microstop,Material jam,16.04,0
DT-0007347,WO-003088,2026-01-06,Morning,M01,Changeover,Tooling change,5.08,0
DT-0007348,WO-003089,2026-01-06,Afternoon,M01,Material,Material shortage,4.96,0
DT-0007349,WO-003089,2026-01-06,Afternoon,M01,Microstop,Material jam,0.99,0
DT-0007350,WO-003089,2026-01-06,Afternoon,M01,Process,Parameter adjustment,27.65,0
DT-0007351,WO-003089,2026-01-06,Afternoon,M01,Microstop,Material jam,13.2,0
DT-0007352,WO-003090,2026-01-06,Morning,M02,Microstop,Vision retry,5.13,0
DT-0007353,WO-003090,2026-01-06,Morning,M02,Process,Parameter adjustment,0.99,0
DT-0007354,WO-003090,2026-01-06,Morning,M02,Microstop,Material jam,22.74,0
DT-0007355,WO-003090,2026-01-06,Morning,M02,Changeover,Tooling change,6.14,0
DT-0007356,WO-003091,2026-01-06,Afternoon,M02,Material,Material shortage,59.99,0
DT-0007357,WO-003092,2026-01-06,Morning,M03,Planned,Preventive maintenance,9.47,1
DT-0007358,WO-003092,2026-01-06,Morning,M03,Microstop,Vision retry,21.59,0
DT-0007359,WO-003092,2026-01-06,Morning,M03,Planned,Preventive maintenance,8.35,1
DT-0007360,WO-003093,2026-01-06,Afternoon,M03,Breakdown,Sensor fault,50.07,0
DT-0007361,WO-003094,2026-01-06,Morning,M04,Breakdown,Robot recovery,32.17,0
DT-0007362,WO-003094,2026-01-06,Morning,M04,Microstop,Torch cleaning,65.87,0
DT-0007363,WO-003095,2026-01-06,Afternoon,M04,Microstop,Torch cleaning,123.55,0
DT-0007364,WO-003096,2026-01-06,Afternoon,M05,Planned,Preventive maintenance,11.28,1
DT-0007365,WO-003096,2026-01-06,Afternoon,M05,Planned,Calibration,2.21,1
DT-0007366,WO-003096,2026-01-06,Afternoon,M05,Material,Material shortage,5.76,0
DT-0007367,WO-003096,2026-01-06,Afternoon,M05,Process,Parameter adjustment,15.24,0
DT-0007368,WO-003096,2026-01-06,Afternoon,M05,Microstop,Vision retry,24.93,0
DT-0007369,WO-003097,2026-01-06,Morning,M06,Breakdown,Sensor fault,30.19,0
DT-0007370,WO-003097,2026-01-06,Morning,M06,Breakdown,Sensor fault,5.39,0
DT-0007371,WO-003097,2026-01-06,Morning,M06,Changeover,Tooling change,18.42,0
DT-0007372,WO-003098,2026-01-06,Afternoon,M06,Microstop,Vision retry,34.24,0
DT-0007373,WO-003098,2026-01-06,Afternoon,M06,Microstop,Vision retry,9.37,0
DT-0007374,WO-003098,2026-01-06,Afternoon,M06,Planned,Calibration,3.94,1
DT-0007375,WO-003099,2026-01-07,Morning,M01,Planned,Preventive maintenance,1.84,1
DT-0007376,WO-003099,2026-01-07,Morning,M01,Material,Material shortage,21.49,0
DT-0007377,WO-003099,2026-01-07,Morning,M01,Changeover,Planned changeover,16.6,1
DT-0007378,WO-003100,2026-01-07,Afternoon,M01,Material,Material shortage,28.72,0
DT-0007379,WO-003100,2026-01-07,Afternoon,M01,Changeover,Planned changeover,15.72,1
DT-0007380,WO-003100,2026-01-07,Afternoon,M01,Microstop,Vision retry,7.03,0
DT-0007381,WO-003100,2026-01-07,Afternoon,M01,Microstop,Vision retry,5.58,0
DT-0007382,WO-003101,2026-01-07,Morning,M02,Planned,Calibration,53.51,1
DT-0007383,WO-003102,2026-01-07,Afternoon,M02,Breakdown,Mechanical fault,68.96,0
DT-0007384,WO-003103,2026-01-07,Morning,M03,Planned,Calibration,36.86,1
DT-0007385,WO-003104,2026-01-07,Afternoon,M03,Breakdown,Sensor fault,12.97,0
DT-0007386,WO-003104,2026-01-07,Afternoon,M03,Microstop,Material jam,46.45,0
DT-0007387,WO-003105,2026-01-07,Morning,M04,Changeover,Fixture setup,16.12,0
DT-0007388,WO-003105,2026-01-07,Morning,M04,Changeover,Fixture setup,1.0,0
DT-0007389,WO-003105,2026-01-07,Morning,M04,Changeover,Fixture setup,32.87,0
DT-0007390,WO-003105,2026-01-07,Morning,M04,Breakdown,Robot recovery,11.1,0
DT-0007391,WO-003105,2026-01-07,Morning,M04,Changeover,Fixture setup,34.22,0
DT-0007392,WO-003106,2026-01-07,Afternoon,M04,Changeover,Fixture setup,23.15,0
DT-0007393,WO-003106,2026-01-07,Afternoon,M04,Changeover,Planned changeover,96.57,1
DT-0007394,WO-003107,2026-01-07,Morning,M05,Changeover,Tooling change,5.58,0
DT-0007395,WO-003107,2026-01-07,Morning,M05,Changeover,Tooling change,44.91,0
DT-0007396,WO-003108,2026-01-07,Afternoon,M05,Microstop,Material jam,1.38,0
DT-0007397,WO-003108,2026-01-07,Afternoon,M05,Breakdown,Sensor fault,28.12,0
DT-0007398,WO-003108,2026-01-07,Afternoon,M05,Microstop,Vision retry,10.03,0
DT-0007399,WO-003109,2026-01-07,Afternoon,M06,Breakdown,Mechanical fault,18.16,0
DT-0007400,WO-003109,2026-01-07,Afternoon,M06,Changeover,Tooling change,6.08,0
DT-0007401,WO-003109,2026-01-07,Afternoon,M06,Process,Parameter adjustment,20.24,0
DT-0007402,WO-003109,2026-01-07,Afternoon,M06,Breakdown,Mechanical fault,2.64,0
DT-0007403,WO-003110,2026-01-08,Morning,M01,Breakdown,Mechanical fault,47.26,0
DT-0007404,WO-003110,2026-01-08,Morning,M01,Process,Parameter adjustment,1.61,0
DT-0007405,WO-003111,2026-01-08,Afternoon,M01,Microstop,Vision retry,15.68,0
DT-0007406,WO-003111,2026-01-08,Afternoon,M01,Microstop,Material jam,5.48,0
DT-0007407,WO-003111,2026-01-08,Afternoon,M01,Microstop,Material jam,4.11,0
DT-0007408,WO-003111,2026-01-08,Afternoon,M01,Process,Parameter adjustment,7.18,0
DT-0007409,WO-003111,2026-01-08,Afternoon,M01,Microstop,Vision retry,1.4,0
DT-0007410,WO-003112,2026-01-08,Morning,M02,Process,Parameter adjustment,48.54,0
DT-0007411,WO-003112,2026-01-08,Morning,M02,Breakdown,Sensor fault,5.78,0
DT-0007412,WO-003113,2026-01-08,Afternoon,M02,Material,Material shortage,40.3,0
DT-0007413,WO-003113,2026-01-08,Afternoon,M02,Microstop,Material jam,12.65,0
DT-0007414,WO-003114,2026-01-08,Morning,M03,Microstop,Vision retry,23.83,0
DT-0007415,WO-003114,2026-01-08,Morning,M03,Microstop,Vision retry,0.98,0
DT-0007416,WO-003114,2026-01-08,Morning,M03,Breakdown,Mechanical fault,2.5,0
DT-0007417,WO-003114,2026-01-08,Morning,M03,Material,Material shortage,10.96,0
DT-0007418,WO-003115,2026-01-08,Morning,M04,Breakdown,Robot recovery,2.87,0
DT-0007419,WO-003115,2026-01-08,Morning,M04,Process,Parameter adjustment,74.14,0
DT-0007420,WO-003116,2026-01-08,Afternoon,M04,Planned,Preventive maintenance,93.62,1
DT-0007421,WO-003117,2026-01-08,Morning,M05,Planned,Preventive maintenance,26.64,1
DT-0007422,WO-003117,2026-01-08,Morning,M05,Breakdown,Mechanical fault,3.07,0
DT-0007423,WO-003117,2026-01-08,Morning,M05,Breakdown,Mechanical fault,6.52,0
DT-0007424,WO-003118,2026-01-08,Afternoon,M05,Changeover,Tooling change,0.99,0
DT-0007425,WO-003118,2026-01-08,Afternoon,M05,Microstop,Vision retry,49.66,0
DT-0007426,WO-003119,2026-01-08,Morning,M06,Process,Parameter adjustment,1.67,0
DT-0007427,WO-003119,2026-01-08,Morning,M06,Breakdown,Sensor fault,3.38,0
DT-0007428,WO-003119,2026-01-08,Morning,M06,Breakdown,Mechanical fault,13.9,0
DT-0007429,WO-003119,2026-01-08,Morning,M06,Changeover,Tooling change,0.98,0
DT-0007430,WO-003119,2026-01-08,Morning,M06,Breakdown,Mechanical fault,6.66,0
DT-0007431,WO-003120,2026-01-08,Afternoon,M06,Changeover,Planned changeover,4.93,1
DT-0007432,WO-003120,2026-01-08,Afternoon,M06,Planned,Preventive maintenance,48.55,1
DT-0007433,WO-003121,2026-01-09,Morning,M01,Material,Material shortage,53.9,0
DT-0007434,WO-003122,2026-01-09,Afternoon,M01,Material,Material shortage,18.56,0
DT-0007435,WO-003122,2026-01-09,Afternoon,M01,Changeover,Planned changeover,25.62,1
DT-0007436,WO-003123,2026-01-09,Afternoon,M02,Changeover,Tooling change,38.04,0
DT-0007437,WO-003123,2026-01-09,Afternoon,M02,Material,Material shortage,16.13,0
DT-0007438,WO-003123,2026-01-09,Afternoon,M02,Changeover,Tooling change,6.12,0
DT-0007439,WO-003124,2026-01-09,Morning,M03,Breakdown,Mechanical fault,12.51,0
DT-0007440,WO-003124,2026-01-09,Morning,M03,Microstop,Vision retry,31.42,0
DT-0007441,WO-003125,2026-01-09,Afternoon,M03,Planned,Calibration,22.73,1
DT-0007442,WO-003125,2026-01-09,Afternoon,M03,Planned,Calibration,28.99,1
DT-0007443,WO-003126,2026-01-09,Morning,M04,Changeover,Fixture setup,65.86,0
DT-0007444,WO-003126,2026-01-09,Morning,M04,Breakdown,Robot recovery,11.43,0
DT-0007445,WO-003126,2026-01-09,Morning,M04,Planned,Preventive maintenance,33.9,1
DT-0007446,WO-003127,2026-01-09,Afternoon,M04,Planned,Preventive maintenance,100.26,1
DT-0007447,WO-003128,2026-01-09,Morning,M05,Microstop,Vision retry,6.92,0
DT-0007448,WO-003128,2026-01-09,Morning,M05,Breakdown,Sensor fault,33.07,0
DT-0007449,WO-003129,2026-01-09,Afternoon,M05,Breakdown,Mechanical fault,0.98,0
DT-0007450,WO-003129,2026-01-09,Afternoon,M05,Breakdown,Sensor fault,48.09,0
DT-0007451,WO-003129,2026-01-09,Afternoon,M05,Changeover,Tooling change,5.83,0
DT-0007452,WO-003130,2026-01-09,Morning,M06,Breakdown,Sensor fault,2.33,0
DT-0007453,WO-003130,2026-01-09,Morning,M06,Planned,Calibration,23.59,1
DT-0007454,WO-003131,2026-01-09,Afternoon,M06,Material,Material shortage,6.84,0
DT-0007455,WO-003131,2026-01-09,Afternoon,M06,Changeover,Tooling change,7.19,0
DT-0007456,WO-003132,2026-01-12,Morning,M01,Planned,Calibration,37.85,1
DT-0007457,WO-003133,2026-01-12,Afternoon,M01,Microstop,Vision retry,6.28,0
DT-0007458,WO-003133,2026-01-12,Afternoon,M01,Changeover,Planned changeover,16.81,1
DT-0007459,WO-003133,2026-01-12,Afternoon,M01,Breakdown,Sensor fault,19.52,0
DT-0007460,WO-003133,2026-01-12,Afternoon,M01,Changeover,Planned changeover,10.47,1
DT-0007461,WO-003134,2026-01-12,Morning,M02,Material,Material shortage,3.98,0
DT-0007462,WO-003134,2026-01-12,Morning,M02,Microstop,Vision retry,57.5,0
DT-0007463,WO-003135,2026-01-12,Afternoon,M02,Breakdown,Mechanical fault,34.87,0
DT-0007464,WO-003135,2026-01-12,Afternoon,M02,Planned,Calibration,34.21,1
DT-0007465,WO-003136,2026-01-12,Morning,M03,Process,Parameter adjustment,5.04,0
DT-0007466,WO-003136,2026-01-12,Morning,M03,Microstop,Vision retry,36.39,0
DT-0007467,WO-003137,2026-01-12,Afternoon,M03,Microstop,Vision retry,59.45,0
DT-0007468,WO-003138,2026-01-12,Morning,M04,Breakdown,Robot recovery,66.27,0
DT-0007469,WO-003138,2026-01-12,Morning,M04,Breakdown,Robot recovery,38.81,0
DT-0007470,WO-003139,2026-01-12,Afternoon,M04,Breakdown,Wire feeder fault,93.13,0
DT-0007471,WO-003139,2026-01-12,Afternoon,M04,Changeover,Fixture setup,5.26,0
DT-0007472,WO-003140,2026-01-12,Morning,M05,Breakdown,Sensor fault,2.54,0
DT-0007473,WO-003140,2026-01-12,Morning,M05,Breakdown,Mechanical fault,0.99,0
DT-0007474,WO-003140,2026-01-12,Morning,M05,Material,Material shortage,40.67,0
DT-0007475,WO-003140,2026-01-12,Morning,M05,Changeover,Tooling change,3.2,0
DT-0007476,WO-003141,2026-01-12,Afternoon,M05,Changeover,Tooling change,67.18,0
DT-0007477,WO-003142,2026-01-12,Morning,M06,Breakdown,Mechanical fault,12.9,0
DT-0007478,WO-003143,2026-01-12,Afternoon,M06,Changeover,Planned changeover,25.93,1
DT-0007479,WO-003143,2026-01-12,Afternoon,M06,Breakdown,Sensor fault,17.11,0
DT-0007480,WO-003144,2026-01-13,Morning,M01,Breakdown,Mechanical fault,31.42,0
DT-0007481,WO-003145,2026-01-13,Afternoon,M01,Changeover,Tooling change,40.57,0
DT-0007482,WO-003146,2026-01-13,Morning,M02,Changeover,Tooling change,41.6,0
DT-0007483,WO-003146,2026-01-13,Morning,M02,Changeover,Tooling change,15.29,0
DT-0007484,WO-003147,2026-01-13,Afternoon,M02,Changeover,Tooling change,55.56,0
DT-0007485,WO-003148,2026-01-13,Morning,M03,Breakdown,Sensor fault,1.25,0
DT-0007486,WO-003148,2026-01-13,Morning,M03,Breakdown,Sensor fault,9.91,0
DT-0007487,WO-003148,2026-01-13,Morning,M03,Breakdown,Sensor fault,35.92,0
DT-0007488,WO-003149,2026-01-13,Afternoon,M03,Microstop,Vision retry,43.5,0
DT-0007489,WO-003150,2026-01-13,Morning,M04,Process,Weld parameter adjustment,99.7,0
DT-0007490,WO-003151,2026-01-13,Afternoon,M04,Material,Material shortage,115.29,0
DT-0007491,WO-003151,2026-01-13,Afternoon,M04,Changeover,Fixture setup,4.42,0
DT-0007492,WO-003152,2026-01-13,Morning,M05,Changeover,Tooling change,67.39,0
DT-0007493,WO-003153,2026-01-13,Afternoon,M05,Breakdown,Mechanical fault,41.31,0
DT-0007494,WO-003153,2026-01-13,Afternoon,M05,Breakdown,Sensor fault,7.46,0
DT-0007495,WO-003154,2026-01-13,Morning,M06,Microstop,Material jam,12.9,0
DT-0007496,WO-003155,2026-01-13,Afternoon,M06,Process,Parameter adjustment,28.24,0
DT-0007497,WO-003155,2026-01-13,Afternoon,M06,Changeover,Tooling change,11.79,0
DT-0007498,WO-003156,2026-01-14,Morning,M01,Microstop,Material jam,9.08,0
DT-0007499,WO-003156,2026-01-14,Morning,M01,Breakdown,Mechanical fault,41.54,0
DT-0007500,WO-003156,2026-01-14,Morning,M01,Microstop,Vision retry,5.74,0
DT-0007501,WO-003156,2026-01-14,Morning,M01,Material,Material shortage,6.7,0
DT-0007502,WO-003157,2026-01-14,Afternoon,M01,Breakdown,Mechanical fault,57.62,0
DT-0007503,WO-003158,2026-01-14,Morning,M02,Breakdown,Mechanical fault,45.51,0
DT-0007504,WO-003158,2026-01-14,Morning,M02,Breakdown,Mechanical fault,2.3,0
DT-0007505,WO-003158,2026-01-14,Morning,M02,Breakdown,Mechanical fault,1.68,0
DT-0007506,WO-003159,2026-01-14,Afternoon,M02,Breakdown,Mechanical fault,10.6,0
DT-0007507,WO-003159,2026-01-14,Afternoon,M02,Microstop,Material jam,50.96,0
DT-0007508,WO-003160,2026-01-14,Morning,M03,Microstop,Vision retry,29.63,0
DT-0007509,WO-003161,2026-01-14,Afternoon,M03,Microstop,Vision retry,3.51,0
DT-0007510,WO-003161,2026-01-14,Afternoon,M03,Microstop,Material jam,17.33,0
DT-0007511,WO-003161,2026-01-14,Afternoon,M03,Microstop,Material jam,9.46,0
DT-0007512,WO-003161,2026-01-14,Afternoon,M03,Material,Material shortage,8.88,0
DT-0007513,WO-003162,2026-01-14,Morning,M04,Microstop,Vision retry,82.08,0
DT-0007514,WO-003162,2026-01-14,Morning,M04,Changeover,Fixture setup,26.85,0
DT-0007515,WO-003162,2026-01-14,Morning,M04,Changeover,Fixture setup,5.08,0
DT-0007516,WO-003163,2026-01-14,Afternoon,M04,Breakdown,Robot recovery,12.61,0
DT-0007517,WO-003163,2026-01-14,Afternoon,M04,Process,Weld parameter adjustment,34.38,0
DT-0007518,WO-003163,2026-01-14,Afternoon,M04,Changeover,Fixture setup,12.91,0
DT-0007519,WO-003163,2026-01-14,Afternoon,M04,Changeover,Fixture setup,32.69,0
DT-0007520,WO-003163,2026-01-14,Afternoon,M04,Changeover,Planned changeover,27.08,1
DT-0007521,WO-003164,2026-01-14,Morning,M05,Breakdown,Sensor fault,6.62,0
DT-0007522,WO-003164,2026-01-14,Morning,M05,Planned,Preventive maintenance,20.19,1
DT-0007523,WO-003165,2026-01-14,Afternoon,M05,Changeover,Tooling change,1.95,0
DT-0007524,WO-003165,2026-01-14,Afternoon,M05,Changeover,Tooling change,38.56,0
DT-0007525,WO-003166,2026-01-14,Morning,M06,Breakdown,Sensor fault,30.68,0
DT-0007526,WO-003167,2026-01-14,Afternoon,M06,Process,Parameter adjustment,44.71,0
DT-0007527,WO-003168,2026-01-15,Morning,M01,Microstop,Material jam,61.97,0
DT-0007528,WO-003169,2026-01-15,Afternoon,M01,Changeover,Tooling change,22.28,0
DT-0007529,WO-003169,2026-01-15,Afternoon,M01,Process,Parameter adjustment,9.59,0
DT-0007530,WO-003169,2026-01-15,Afternoon,M01,Microstop,Material jam,25.93,0
DT-0007531,WO-003170,2026-01-15,Morning,M02,Microstop,Vision retry,21.4,0
DT-0007532,WO-003170,2026-01-15,Morning,M02,Microstop,Vision retry,29.69,0
DT-0007533,WO-003171,2026-01-15,Afternoon,M02,Process,Parameter adjustment,27.4,0
DT-0007534,WO-003171,2026-01-15,Afternoon,M02,Material,Material shortage,13.45,0
DT-0007535,WO-003172,2026-01-15,Morning,M03,Breakdown,Mechanical fault,14.12,0
DT-0007536,WO-003172,2026-01-15,Morning,M03,Breakdown,Mechanical fault,18.44,0
DT-0007537,WO-003173,2026-01-15,Afternoon,M03,Microstop,Material jam,16.56,0
DT-0007538,WO-003173,2026-01-15,Afternoon,M03,Planned,Calibration,24.84,1
DT-0007539,WO-003174,2026-01-15,Morning,M04,Breakdown,Wire feeder fault,85.0,0
DT-0007540,WO-003174,2026-01-15,Morning,M04,Microstop,Torch cleaning,15.12,0
DT-0007541,WO-003175,2026-01-15,Afternoon,M04,Changeover,Planned changeover,20.84,1
DT-0007542,WO-003175,2026-01-15,Afternoon,M04,Changeover,Fixture setup,97.75,0
DT-0007543,WO-003176,2026-01-15,Morning,M05,Planned,Calibration,22.73,1
DT-0007544,WO-003176,2026-01-15,Morning,M05,Microstop,Vision retry,7.96,0
DT-0007545,WO-003176,2026-01-15,Morning,M05,Material,Material shortage,15.31,0
DT-0007546,WO-003176,2026-01-15,Morning,M05,Microstop,Material jam,6.99,0
DT-0007547,WO-003177,2026-01-15,Morning,M06,Microstop,Vision retry,14.93,0
DT-0007548,WO-003177,2026-01-15,Morning,M06,Breakdown,Sensor fault,5.79,0
DT-0007549,WO-003178,2026-01-16,Morning,M01,Microstop,Vision retry,8.6,0
DT-0007550,WO-003178,2026-01-16,Morning,M01,Process,Parameter adjustment,3.41,0
DT-0007551,WO-003178,2026-01-16,Morning,M01,Planned,Preventive maintenance,28.02,1
DT-0007552,WO-003179,2026-01-16,Afternoon,M01,Microstop,Vision retry,46.14,0
DT-0007553,WO-003180,2026-01-16,Morning,M02,Microstop,Vision retry,1.19,0
DT-0007554,WO-003180,2026-01-16,Morning,M02,Breakdown,Sensor fault,8.76,0
DT-0007555,WO-003180,2026-01-16,Morning,M02,Breakdown,Mechanical fault,32.42,0
DT-0007556,WO-003181,2026-01-16,Afternoon,M02,Planned,Preventive maintenance,0.99,1
DT-0007557,WO-003181,2026-01-16,Afternoon,M02,Changeover,Tooling change,22.1,0
DT-0007558,WO-003181,2026-01-16,Afternoon,M02,Microstop,Material jam,42.02,0
DT-0007559,WO-003182,2026-01-16,Morning,M03,Planned,Calibration,0.97,1
DT-0007560,WO-003182,2026-01-16,Morning,M03,Changeover,Tooling change,20.48,0
DT-0007561,WO-003182,2026-01-16,Morning,M03,Breakdown,Sensor fault,6.5,0
DT-0007562,WO-003183,2026-01-16,Morning,M04,Breakdown,Wire feeder fault,35.22,0
DT-0007563,WO-003183,2026-01-16,Morning,M04,Process,Parameter adjustment,20.28,0
DT-0007564,WO-003183,2026-01-16,Morning,M04,Process,Parameter adjustment,45.09,0
DT-0007565,WO-003184,2026-01-16,Afternoon,M04,Process,Parameter adjustment,108.13,0
DT-0007566,WO-003185,2026-01-16,Morning,M05,Breakdown,Mechanical fault,39.12,0
DT-0007567,WO-003185,2026-01-16,Morning,M05,Microstop,Material jam,12.5,0
DT-0007568,WO-003186,2026-01-16,Afternoon,M05,Material,Material shortage,66.67,0
DT-0007569,WO-003187,2026-01-16,Morning,M06,Changeover,Planned changeover,2.09,1
DT-0007570,WO-003187,2026-01-16,Morning,M06,Planned,Calibration,22.07,1
DT-0007571,WO-003188,2026-01-16,Afternoon,M06,Microstop,Vision retry,13.41,0
DT-0007572,WO-003188,2026-01-16,Afternoon,M06,Microstop,Material jam,6.87,0
DT-0007573,WO-003188,2026-01-16,Afternoon,M06,Material,Material shortage,29.66,0
DT-0007574,WO-003189,2026-01-19,Morning,M01,Changeover,Tooling change,41.43,0
DT-0007575,WO-003189,2026-01-19,Morning,M01,Microstop,Vision retry,0.99,0
DT-0007576,WO-003189,2026-01-19,Morning,M01,Planned,Preventive maintenance,5.68,1
DT-0007577,WO-003190,2026-01-19,Afternoon,M01,Changeover,Tooling change,27.57,0
DT-0007578,WO-003190,2026-01-19,Afternoon,M01,Breakdown,Sensor fault,31.83,0
DT-0007579,WO-003190,2026-01-19,Afternoon,M01,Process,Parameter adjustment,11.5,0
DT-0007580,WO-003191,2026-01-19,Morning,M02,Breakdown,Mechanical fault,25.29,0
DT-0007581,WO-003191,2026-01-19,Morning,M02,Breakdown,Sensor fault,13.95,0
DT-0007582,WO-003192,2026-01-19,Afternoon,M02,Material,Material shortage,11.23,0
DT-0007583,WO-003192,2026-01-19,Afternoon,M02,Changeover,Tooling change,3.46,0
DT-0007584,WO-003192,2026-01-19,Afternoon,M02,Planned,Preventive maintenance,13.73,1
DT-0007585,WO-003192,2026-01-19,Afternoon,M02,Microstop,Vision retry,15.81,0
DT-0007586,WO-003192,2026-01-19,Afternoon,M02,Microstop,Material jam,9.0,0
DT-0007587,WO-003193,2026-01-19,Morning,M03,Breakdown,Sensor fault,24.08,0
DT-0007588,WO-003193,2026-01-19,Morning,M03,Microstop,Material jam,10.43,0
DT-0007589,WO-003193,2026-01-19,Morning,M03,Microstop,Material jam,0.99,0
DT-0007590,WO-003194,2026-01-19,Afternoon,M03,Changeover,Planned changeover,24.06,1
DT-0007591,WO-003194,2026-01-19,Afternoon,M03,Planned,Preventive maintenance,15.41,1
DT-0007592,WO-003194,2026-01-19,Afternoon,M03,Planned,Calibration,1.14,1
DT-0007593,WO-003195,2026-01-19,Morning,M04,Changeover,Fixture setup,68.42,0
DT-0007594,WO-003195,2026-01-19,Morning,M04,Changeover,Fixture setup,4.61,0
DT-0007595,WO-003195,2026-01-19,Morning,M04,Process,Parameter adjustment,32.02,0
DT-0007596,WO-003196,2026-01-19,Afternoon,M04,Planned,Preventive maintenance,25.84,1
DT-0007597,WO-003196,2026-01-19,Afternoon,M04,Planned,Preventive maintenance,22.68,1
DT-0007598,WO-003196,2026-01-19,Afternoon,M04,Microstop,Torch cleaning,17.99,0
DT-0007599,WO-003196,2026-01-19,Afternoon,M04,Process,Weld parameter adjustment,53.81,0
DT-0007600,WO-003196,2026-01-19,Afternoon,M04,Material,Material shortage,9.33,0
DT-0007601,WO-003197,2026-01-19,Morning,M05,Microstop,Vision retry,33.46,0
DT-0007602,WO-003197,2026-01-19,Morning,M05,Breakdown,Mechanical fault,34.6,0
DT-0007603,WO-003198,2026-01-19,Afternoon,M05,Breakdown,Mechanical fault,30.13,0
DT-0007604,WO-003198,2026-01-19,Afternoon,M05,Changeover,Planned changeover,1.0,1
DT-0007605,WO-003198,2026-01-19,Afternoon,M05,Process,Parameter adjustment,11.76,0
DT-0007606,WO-003198,2026-01-19,Afternoon,M05,Planned,Calibration,1.95,1
DT-0007607,WO-003198,2026-01-19,Afternoon,M05,Material,Material shortage,3.49,0
DT-0007608,WO-003199,2026-01-19,Morning,M06,Breakdown,Mechanical fault,8.99,0
DT-0007609,WO-003199,2026-01-19,Morning,M06,Material,Material shortage,6.66,0
DT-0007610,WO-003199,2026-01-19,Morning,M06,Breakdown,Sensor fault,22.16,0
DT-0007611,WO-003200,2026-01-19,Afternoon,M06,Process,Parameter adjustment,27.02,0
DT-0007612,WO-003200,2026-01-19,Afternoon,M06,Breakdown,Sensor fault,13.87,0
DT-0007613,WO-003201,2026-01-20,Morning,M01,Planned,Calibration,4.73,1
DT-0007614,WO-003201,2026-01-20,Morning,M01,Process,Parameter adjustment,32.18,0
DT-0007615,WO-003202,2026-01-20,Afternoon,M01,Breakdown,Sensor fault,55.58,0
DT-0007616,WO-003203,2026-01-20,Morning,M02,Changeover,Tooling change,70.21,0
DT-0007617,WO-003204,2026-01-20,Afternoon,M02,Changeover,Tooling change,3.49,0
DT-0007618,WO-003204,2026-01-20,Afternoon,M02,Breakdown,Sensor fault,5.76,0
DT-0007619,WO-003204,2026-01-20,Afternoon,M02,Breakdown,Sensor fault,9.35,0
DT-0007620,WO-003204,2026-01-20,Afternoon,M02,Microstop,Vision retry,33.2,0
DT-0007621,WO-003204,2026-01-20,Afternoon,M02,Breakdown,Sensor fault,21.02,0
DT-0007622,WO-003205,2026-01-20,Morning,M03,Changeover,Tooling change,8.33,0
DT-0007623,WO-003205,2026-01-20,Morning,M03,Planned,Calibration,6.64,1
DT-0007624,WO-003205,2026-01-20,Morning,M03,Process,Parameter adjustment,16.31,0
DT-0007625,WO-003205,2026-01-20,Morning,M03,Microstop,Material jam,1.99,0
DT-0007626,WO-003205,2026-01-20,Morning,M03,Breakdown,Mechanical fault,12.55,0
DT-0007627,WO-003206,2026-01-20,Afternoon,M03,Breakdown,Sensor fault,3.74,0
DT-0007628,WO-003206,2026-01-20,Afternoon,M03,Breakdown,Mechanical fault,37.95,0
DT-0007629,WO-003207,2026-01-20,Morning,M04,Breakdown,Robot recovery,29.02,0
DT-0007630,WO-003207,2026-01-20,Morning,M04,Breakdown,Sensor fault,27.45,0
DT-0007631,WO-003207,2026-01-20,Morning,M04,Breakdown,Robot recovery,4.89,0
DT-0007632,WO-003207,2026-01-20,Morning,M04,Changeover,Fixture setup,45.52,0
DT-0007633,WO-003208,2026-01-20,Afternoon,M04,Changeover,Fixture setup,112.51,0
DT-0007634,WO-003209,2026-01-20,Morning,M05,Material,Material shortage,46.68,0
DT-0007635,WO-003210,2026-01-20,Afternoon,M05,Changeover,Planned changeover,67.98,1
DT-0007636,WO-003211,2026-01-20,Morning,M06,Process,Parameter adjustment,30.17,0
DT-0007637,WO-003212,2026-01-20,Afternoon,M06,Breakdown,Sensor fault,29.38,0
DT-0007638,WO-003212,2026-01-20,Afternoon,M06,Material,Material shortage,2.98,0
DT-0007639,WO-003212,2026-01-20,Afternoon,M06,Breakdown,Mechanical fault,7.04,0
DT-0007640,WO-003213,2026-01-21,Morning,M01,Changeover,Tooling change,1.42,0
DT-0007641,WO-003213,2026-01-21,Morning,M01,Microstop,Vision retry,3.74,0
DT-0007642,WO-003213,2026-01-21,Morning,M01,Breakdown,Sensor fault,1.76,0
DT-0007643,WO-003213,2026-01-21,Morning,M01,Changeover,Planned changeover,11.42,1
DT-0007644,WO-003214,2026-01-21,Afternoon,M01,Microstop,Vision retry,33.26,0
DT-0007645,WO-003214,2026-01-21,Afternoon,M01,Material,Material shortage,46.77,0
DT-0007646,WO-003215,2026-01-21,Morning,M02,Breakdown,Sensor fault,2.02,0
DT-0007647,WO-003215,2026-01-21,Morning,M02,Process,Parameter adjustment,37.02,0
DT-0007648,WO-003216,2026-01-21,Afternoon,M02,Process,Parameter adjustment,13.75,0
DT-0007649,WO-003216,2026-01-21,Afternoon,M02,Microstop,Vision retry,15.73,0
DT-0007650,WO-003216,2026-01-21,Afternoon,M02,Microstop,Material jam,24.94,0
DT-0007651,WO-003217,2026-01-21,Morning,M03,Changeover,Tooling change,51.37,0
DT-0007652,WO-003218,2026-01-21,Afternoon,M03,Process,Parameter adjustment,13.21,0
DT-0007653,WO-003218,2026-01-21,Afternoon,M03,Material,Material shortage,9.61,0
DT-0007654,WO-003218,2026-01-21,Afternoon,M03,Microstop,Vision retry,22.34,0
DT-0007655,WO-003219,2026-01-21,Morning,M04,Breakdown,Robot recovery,116.27,0
DT-0007656,WO-003220,2026-01-21,Afternoon,M04,Planned,Calibration,23.32,1
DT-0007657,WO-003220,2026-01-21,Afternoon,M04,Microstop,Vision retry,71.03,0
DT-0007658,WO-003221,2026-01-21,Morning,M05,Microstop,Material jam,28.31,0
DT-0007659,WO-003222,2026-01-21,Afternoon,M05,Changeover,Tooling change,10.24,0
DT-0007660,WO-003222,2026-01-21,Afternoon,M05,Breakdown,Sensor fault,49.85,0
DT-0007661,WO-003223,2026-01-21,Morning,M06,Changeover,Tooling change,6.31,0
DT-0007662,WO-003223,2026-01-21,Morning,M06,Process,Parameter adjustment,23.55,0
DT-0007663,WO-003224,2026-01-21,Afternoon,M06,Material,Material shortage,52.24,0
DT-0007664,WO-003225,2026-01-22,Morning,M01,Microstop,Vision retry,36.38,0
DT-0007665,WO-003225,2026-01-22,Morning,M01,Microstop,Vision retry,12.25,0
DT-0007666,WO-003226,2026-01-22,Afternoon,M01,Process,Parameter adjustment,12.76,0
DT-0007667,WO-003226,2026-01-22,Afternoon,M01,Changeover,Planned changeover,36.14,1
DT-0007668,WO-003227,2026-01-22,Morning,M02,Material,Material shortage,57.9,0
DT-0007669,WO-003228,2026-01-22,Afternoon,M02,Changeover,Tooling change,4.35,0
DT-0007670,WO-003228,2026-01-22,Afternoon,M02,Microstop,Vision retry,3.17,0
DT-0007671,WO-003228,2026-01-22,Afternoon,M02,Material,Material shortage,39.88,0
DT-0007672,WO-003229,2026-01-22,Morning,M03,Changeover,Tooling change,47.65,0
DT-0007673,WO-003229,2026-01-22,Morning,M03,Changeover,Tooling change,0.99,0
DT-0007674,WO-003230,2026-01-22,Afternoon,M03,Changeover,Tooling change,11.25,0
DT-0007675,WO-003230,2026-01-22,Afternoon,M03,Changeover,Tooling change,21.93,0
DT-0007676,WO-003230,2026-01-22,Afternoon,M03,Microstop,Material jam,18.38,0
DT-0007677,WO-003231,2026-01-22,Morning,M04,Changeover,Fixture setup,13.72,0
DT-0007678,WO-003231,2026-01-22,Morning,M04,Changeover,Planned changeover,4.12,1
DT-0007679,WO-003231,2026-01-22,Morning,M04,Material,Material shortage,26.48,0
DT-0007680,WO-003231,2026-01-22,Morning,M04,Changeover,Fixture setup,75.45,0
DT-0007681,WO-003232,2026-01-22,Afternoon,M04,Microstop,Torch cleaning,100.52,0
DT-0007682,WO-003233,2026-01-22,Morning,M05,Microstop,Material jam,53.8,0
DT-0007683,WO-003234,2026-01-22,Afternoon,M05,Process,Parameter adjustment,15.11,0
DT-0007684,WO-003234,2026-01-22,Afternoon,M05,Microstop,Vision retry,30.56,0
DT-0007685,WO-003235,2026-01-22,Morning,M06,Breakdown,Mechanical fault,45.28,0
DT-0007686,WO-003236,2026-01-22,Afternoon,M06,Breakdown,Sensor fault,6.6,0
DT-0007687,WO-003236,2026-01-22,Afternoon,M06,Microstop,Material jam,10.17,0
DT-0007688,WO-003236,2026-01-22,Afternoon,M06,Material,Material shortage,31.07,0
DT-0007689,WO-003237,2026-01-23,Morning,M01,Changeover,Tooling change,31.42,0
DT-0007690,WO-003238,2026-01-23,Afternoon,M01,Microstop,Material jam,17.78,0
DT-0007691,WO-003238,2026-01-23,Afternoon,M01,Breakdown,Mechanical fault,37.37,0
DT-0007692,WO-003238,2026-01-23,Afternoon,M01,Microstop,Vision retry,1.13,0
DT-0007693,WO-003239,2026-01-23,Morning,M02,Microstop,Material jam,33.91,0
DT-0007694,WO-003239,2026-01-23,Morning,M02,Changeover,Tooling change,12.77,0
DT-0007695,WO-003240,2026-01-23,Afternoon,M02,Process,Parameter adjustment,18.44,0
DT-0007696,WO-003240,2026-01-23,Afternoon,M02,Changeover,Tooling change,30.98,0
DT-0007697,WO-003240,2026-01-23,Afternoon,M02,Changeover,Tooling change,18.05,0
DT-0007698,WO-003241,2026-01-23,Morning,M03,Process,Parameter adjustment,6.1,0
DT-0007699,WO-003241,2026-01-23,Morning,M03,Changeover,Planned changeover,23.37,1
DT-0007700,WO-003241,2026-01-23,Morning,M03,Breakdown,Sensor fault,7.35,0
DT-0007701,WO-003241,2026-01-23,Morning,M03,Planned,Preventive maintenance,7.43,1
DT-0007702,WO-003242,2026-01-23,Afternoon,M03,Changeover,Tooling change,43.08,0
DT-0007703,WO-003243,2026-01-23,Morning,M04,Planned,Preventive maintenance,3.58,1
DT-0007704,WO-003243,2026-01-23,Morning,M04,Changeover,Fixture setup,18.13,0
DT-0007705,WO-003243,2026-01-23,Morning,M04,Microstop,Material jam,58.26,0
DT-0007706,WO-003243,2026-01-23,Morning,M04,Microstop,Torch cleaning,10.82,0
DT-0007707,WO-003243,2026-01-23,Morning,M04,Breakdown,Robot recovery,26.24,0
DT-0007708,WO-003244,2026-01-23,Afternoon,M04,Breakdown,Sensor fault,83.83,0
DT-0007709,WO-003244,2026-01-23,Afternoon,M04,Changeover,Fixture setup,29.54,0
DT-0007710,WO-003245,2026-01-23,Morning,M05,Changeover,Tooling change,22.69,0
DT-0007711,WO-003245,2026-01-23,Morning,M05,Changeover,Tooling change,17.1,0
DT-0007712,WO-003245,2026-01-23,Morning,M05,Changeover,Planned changeover,22.64,1
DT-0007713,WO-003246,2026-01-23,Afternoon,M05,Changeover,Planned changeover,8.42,1
DT-0007714,WO-003246,2026-01-23,Afternoon,M05,Changeover,Tooling change,33.67,0
DT-0007715,WO-003246,2026-01-23,Afternoon,M05,Changeover,Planned changeover,15.22,1
DT-0007716,WO-003247,2026-01-23,Morning,M06,Breakdown,Mechanical fault,27.63,0
DT-0007717,WO-003247,2026-01-23,Morning,M06,Microstop,Vision retry,1.91,0
DT-0007718,WO-003248,2026-01-23,Afternoon,M06,Microstop,Material jam,3.88,0
DT-0007719,WO-003248,2026-01-23,Afternoon,M06,Material,Material shortage,10.79,0
DT-0007720,WO-003248,2026-01-23,Afternoon,M06,Planned,Calibration,13.38,1
DT-0007721,WO-003248,2026-01-23,Afternoon,M06,Material,Material shortage,15.57,0
DT-0007722,WO-003248,2026-01-23,Afternoon,M06,Microstop,Vision retry,3.59,0
DT-0007723,WO-003249,2026-01-26,Morning,M01,Process,Parameter adjustment,9.7,0
DT-0007724,WO-003249,2026-01-26,Morning,M01,Material,Material shortage,10.13,0
DT-0007725,WO-003249,2026-01-26,Morning,M01,Process,Parameter adjustment,13.46,0
DT-0007726,WO-003250,2026-01-26,Afternoon,M01,Material,Material shortage,44.77,0
DT-0007727,WO-003251,2026-01-26,Morning,M02,Changeover,Tooling change,2.11,0
DT-0007728,WO-003251,2026-01-26,Morning,M02,Material,Material shortage,8.01,0
DT-0007729,WO-003251,2026-01-26,Morning,M02,Material,Material shortage,7.52,0
DT-0007730,WO-003251,2026-01-26,Morning,M02,Microstop,Vision retry,6.45,0
DT-0007731,WO-003251,2026-01-26,Morning,M02,Process,Parameter adjustment,7.05,0
DT-0007732,WO-003252,2026-01-26,Afternoon,M02,Changeover,Planned changeover,9.65,1
DT-0007733,WO-003252,2026-01-26,Afternoon,M02,Changeover,Tooling change,57.64,0
DT-0007734,WO-003253,2026-01-26,Morning,M03,Material,Material shortage,65.18,0
DT-0007735,WO-003254,2026-01-26,Afternoon,M03,Process,Parameter adjustment,14.6,0
DT-0007736,WO-003254,2026-01-26,Afternoon,M03,Breakdown,Sensor fault,0.99,0
DT-0007737,WO-003254,2026-01-26,Afternoon,M03,Material,Material shortage,44.24,0
DT-0007738,WO-003255,2026-01-26,Morning,M04,Changeover,Fixture setup,77.02,0
DT-0007739,WO-003256,2026-01-26,Afternoon,M04,Breakdown,Robot recovery,6.44,0
DT-0007740,WO-003256,2026-01-26,Afternoon,M04,Process,Weld parameter adjustment,8.83,0
DT-0007741,WO-003256,2026-01-26,Afternoon,M04,Changeover,Fixture setup,87.7,0
DT-0007742,WO-003257,2026-01-26,Morning,M05,Breakdown,Sensor fault,38.72,0
DT-0007743,WO-003257,2026-01-26,Morning,M05,Process,Parameter adjustment,12.11,0
DT-0007744,WO-003258,2026-01-26,Afternoon,M05,Breakdown,Mechanical fault,13.86,0
DT-0007745,WO-003258,2026-01-26,Afternoon,M05,Changeover,Tooling change,34.89,0
DT-0007746,WO-003259,2026-01-26,Morning,M06,Microstop,Vision retry,12.9,0
DT-0007747,WO-003260,2026-01-26,Afternoon,M06,Changeover,Tooling change,44.73,0
DT-0007748,WO-003260,2026-01-26,Afternoon,M06,Planned,Preventive maintenance,4.24,1
DT-0007749,WO-003261,2026-01-27,Morning,M01,Breakdown,Mechanical fault,2.3,0
DT-0007750,WO-003261,2026-01-27,Morning,M01,Changeover,Tooling change,19.43,0
DT-0007751,WO-003261,2026-01-27,Morning,M01,Process,Parameter adjustment,15.52,0
DT-0007752,WO-003261,2026-01-27,Morning,M01,Changeover,Tooling change,12.55,0
DT-0007753,WO-003262,2026-01-27,Morning,M02,Changeover,Tooling change,67.61,0
DT-0007754,WO-003263,2026-01-27,Afternoon,M02,Changeover,Tooling change,63.1,0
DT-0007755,WO-003264,2026-01-27,Morning,M03,Planned,Preventive maintenance,1.08,1
DT-0007756,WO-003264,2026-01-27,Morning,M03,Material,Material shortage,9.47,0
DT-0007757,WO-003264,2026-01-27,Morning,M03,Microstop,Vision retry,16.82,0
DT-0007758,WO-003264,2026-01-27,Morning,M03,Changeover,Planned changeover,5.53,1
DT-0007759,WO-003265,2026-01-27,Afternoon,M03,Material,Material shortage,7.61,0
DT-0007760,WO-003265,2026-01-27,Afternoon,M03,Planned,Preventive maintenance,50.09,1
DT-0007761,WO-003266,2026-01-27,Morning,M04,Changeover,Fixture setup,107.8,0
DT-0007762,WO-003267,2026-01-27,Afternoon,M04,Breakdown,Robot recovery,69.13,0
DT-0007763,WO-003267,2026-01-27,Afternoon,M04,Breakdown,Mechanical fault,7.79,0
DT-0007764,WO-003267,2026-01-27,Afternoon,M04,Changeover,Fixture setup,35.82,0
DT-0007765,WO-003268,2026-01-27,Morning,M05,Microstop,Material jam,36.46,0
DT-0007766,WO-003268,2026-01-27,Morning,M05,Changeover,Tooling change,5.24,0
DT-0007767,WO-003269,2026-01-27,Afternoon,M05,Microstop,Material jam,71.08,0
DT-0007768,WO-003270,2026-01-27,Morning,M06,Changeover,Planned changeover,25.76,1
DT-0007769,WO-003271,2026-01-27,Afternoon,M06,Process,Parameter adjustment,0.98,0
DT-0007770,WO-003271,2026-01-27,Afternoon,M06,Material,Material shortage,29.55,0
DT-0007771,WO-003271,2026-01-27,Afternoon,M06,Changeover,Tooling change,7.88,0
DT-0007772,WO-003272,2026-01-28,Morning,M01,Breakdown,Sensor fault,36.91,0
DT-0007773,WO-003273,2026-01-28,Afternoon,M01,Material,Material shortage,20.63,0
DT-0007774,WO-003273,2026-01-28,Afternoon,M01,Microstop,Material jam,39.33,0
DT-0007775,WO-003274,2026-01-28,Morning,M02,Microstop,Vision retry,14.07,0
DT-0007776,WO-003274,2026-01-28,Morning,M02,Breakdown,Sensor fault,22.19,0
DT-0007777,WO-003274,2026-01-28,Morning,M02,Breakdown,Mechanical fault,6.97,0
DT-0007778,WO-003275,2026-01-28,Afternoon,M02,Planned,Preventive maintenance,71.24,1
DT-0007779,WO-003276,2026-01-28,Morning,M03,Changeover,Tooling change,3.53,0
DT-0007780,WO-003276,2026-01-28,Morning,M03,Breakdown,Sensor fault,11.65,0
DT-0007781,WO-003276,2026-01-28,Morning,M03,Material,Material shortage,15.44,0
DT-0007782,WO-003276,2026-01-28,Morning,M03,Process,Parameter adjustment,3.42,0
DT-0007783,WO-003277,2026-01-28,Afternoon,M03,Planned,Preventive maintenance,44.07,1
DT-0007784,WO-003278,2026-01-28,Morning,M04,Changeover,Fixture setup,29.12,0
DT-0007785,WO-003278,2026-01-28,Morning,M04,Microstop,Torch cleaning,58.24,0
DT-0007786,WO-003278,2026-01-28,Morning,M04,Changeover,Fixture setup,12.07,0
DT-0007787,WO-003279,2026-01-28,Afternoon,M04,Material,Material shortage,90.2,0
DT-0007788,WO-003279,2026-01-28,Afternoon,M04,Changeover,Fixture setup,38.31,0
DT-0007789,WO-003280,2026-01-28,Morning,M05,Planned,Preventive maintenance,21.46,1
DT-0007790,WO-003280,2026-01-28,Morning,M05,Material,Material shortage,13.04,0
DT-0007791,WO-003280,2026-01-28,Morning,M05,Microstop,Material jam,15.84,0
DT-0007792,WO-003280,2026-01-28,Morning,M05,Breakdown,Mechanical fault,5.4,0
DT-0007793,WO-003281,2026-01-28,Afternoon,M05,Microstop,Material jam,1.98,0
DT-0007794,WO-003281,2026-01-28,Afternoon,M05,Material,Material shortage,47.69,0
DT-0007795,WO-003282,2026-01-28,Morning,M06,Microstop,Material jam,35.91,0
DT-0007796,WO-003283,2026-01-28,Afternoon,M06,Process,Parameter adjustment,3.34,0
DT-0007797,WO-003283,2026-01-28,Afternoon,M06,Breakdown,Sensor fault,16.27,0
DT-0007798,WO-003284,2026-01-29,Morning,M01,Process,Parameter adjustment,2.63,0
DT-0007799,WO-003284,2026-01-29,Morning,M01,Material,Material shortage,36.96,0
DT-0007800,WO-003285,2026-01-29,Afternoon,M01,Material,Material shortage,7.33,0
DT-0007801,WO-003285,2026-01-29,Afternoon,M01,Microstop,Vision retry,5.54,0
DT-0007802,WO-003285,2026-01-29,Afternoon,M01,Breakdown,Sensor fault,4.49,0
DT-0007803,WO-003285,2026-01-29,Afternoon,M01,Microstop,Vision retry,17.01,0
DT-0007804,WO-003285,2026-01-29,Afternoon,M01,Planned,Preventive maintenance,3.88,1
DT-0007805,WO-003286,2026-01-29,Morning,M02,Microstop,Material jam,2.01,0
DT-0007806,WO-003286,2026-01-29,Morning,M02,Changeover,Tooling change,8.63,0
DT-0007807,WO-003286,2026-01-29,Morning,M02,Process,Parameter adjustment,10.29,0
DT-0007808,WO-003286,2026-01-29,Morning,M02,Material,Material shortage,30.53,0
DT-0007809,WO-003287,2026-01-29,Afternoon,M02,Changeover,Tooling change,48.24,0
DT-0007810,WO-003288,2026-01-29,Morning,M03,Planned,Calibration,12.49,1
DT-0007811,WO-003288,2026-01-29,Morning,M03,Material,Material shortage,42.15,0
DT-0007812,WO-003289,2026-01-29,Afternoon,M03,Breakdown,Sensor fault,12.55,0
DT-0007813,WO-003289,2026-01-29,Afternoon,M03,Changeover,Tooling change,13.17,0
DT-0007814,WO-003289,2026-01-29,Afternoon,M03,Breakdown,Mechanical fault,11.0,0
DT-0007815,WO-003289,2026-01-29,Afternoon,M03,Microstop,Vision retry,7.38,0
DT-0007816,WO-003290,2026-01-29,Morning,M04,Changeover,Fixture setup,117.58,0
DT-0007817,WO-003291,2026-01-29,Afternoon,M04,Breakdown,Sensor fault,81.49,0
DT-0007818,WO-003291,2026-01-29,Afternoon,M04,Breakdown,Robot recovery,43.2,0
DT-0007819,WO-003292,2026-01-29,Morning,M05,Planned,Calibration,19.33,1
DT-0007820,WO-003292,2026-01-29,Morning,M05,Microstop,Vision retry,7.43,0
DT-0007821,WO-003292,2026-01-29,Morning,M05,Microstop,Material jam,29.62,0
DT-0007822,WO-003293,2026-01-29,Afternoon,M05,Planned,Preventive maintenance,46.45,1
DT-0007823,WO-003293,2026-01-29,Afternoon,M05,Breakdown,Sensor fault,12.0,0
DT-0007824,WO-003294,2026-01-29,Morning,M06,Material,Material shortage,3.29,0
DT-0007825,WO-003294,2026-01-29,Morning,M06,Process,Parameter adjustment,6.06,0
DT-0007826,WO-003294,2026-01-29,Morning,M06,Microstop,Material jam,6.13,0
DT-0007827,WO-003294,2026-01-29,Morning,M06,Changeover,Planned changeover,10.1,1
DT-0007828,WO-003294,2026-01-29,Morning,M06,Material,Material shortage,2.52,0
DT-0007829,WO-003295,2026-01-29,Afternoon,M06,Process,Parameter adjustment,52.28,0
DT-0007830,WO-003295,2026-01-29,Afternoon,M06,Material,Material shortage,6.47,0
DT-0007831,WO-003296,2026-01-30,Morning,M01,Planned,Preventive maintenance,15.79,1
DT-0007832,WO-003296,2026-01-30,Morning,M01,Breakdown,Sensor fault,3.32,0
DT-0007833,WO-003296,2026-01-30,Morning,M01,Microstop,Material jam,13.55,0
DT-0007834,WO-003296,2026-01-30,Morning,M01,Microstop,Material jam,3.4,0
DT-0007835,WO-003297,2026-01-30,Afternoon,M01,Material,Material shortage,19.06,0
DT-0007836,WO-003297,2026-01-30,Afternoon,M01,Planned,Preventive maintenance,16.03,1
DT-0007837,WO-003297,2026-01-30,Afternoon,M01,Planned,Calibration,25.48,1
DT-0007838,WO-003298,2026-01-30,Morning,M02,Breakdown,Sensor fault,16.82,0
DT-0007839,WO-003298,2026-01-30,Morning,M02,Changeover,Planned changeover,34.6,1
DT-0007840,WO-003299,2026-01-30,Afternoon,M02,Changeover,Tooling change,71.27,0
DT-0007841,WO-003300,2026-01-30,Morning,M03,Material,Material shortage,6.88,0
DT-0007842,WO-003300,2026-01-30,Morning,M03,Microstop,Material jam,28.85,0
DT-0007843,WO-003300,2026-01-30,Morning,M03,Process,Parameter adjustment,4.77,0
DT-0007844,WO-003300,2026-01-30,Morning,M03,Changeover,Tooling change,1.85,0
DT-0007845,WO-003301,2026-01-30,Afternoon,M03,Process,Parameter adjustment,30.28,0
DT-0007846,WO-003301,2026-01-30,Afternoon,M03,Material,Material shortage,6.04,0
DT-0007847,WO-003302,2026-01-30,Morning,M04,Changeover,Fixture setup,81.27,0
DT-0007848,WO-003302,2026-01-30,Morning,M04,Planned,Calibration,18.08,1
DT-0007849,WO-003303,2026-01-30,Afternoon,M04,Changeover,Fixture setup,125.0,0
DT-0007850,WO-003304,2026-01-30,Morning,M05,Process,Parameter adjustment,47.79,0
DT-0007851,WO-003305,2026-01-30,Afternoon,M05,Planned,Calibration,16.06,1
DT-0007852,WO-003305,2026-01-30,Afternoon,M05,Changeover,Tooling change,8.33,0
DT-0007853,WO-003305,2026-01-30,Afternoon,M05,Material,Material shortage,6.59,0
DT-0007854,WO-003306,2026-01-30,Morning,M06,Material,Material shortage,12.9,0
DT-0007855,WO-003307,2026-01-30,Afternoon,M06,Microstop,Material jam,19.97,0
DT-0007856,WO-003308,2026-02-02,Morning,M01,Microstop,Vision retry,38.5,0
DT-0007857,WO-003308,2026-02-02,Morning,M01,Process,Parameter adjustment,6.64,0
DT-0007858,WO-003308,2026-02-02,Morning,M01,Material,Material shortage,10.75,0
DT-0007859,WO-003308,2026-02-02,Morning,M01,Process,Parameter adjustment,16.84,0
DT-0007860,WO-003309,2026-02-02,Afternoon,M01,Changeover,Tooling change,75.04,0
DT-0007861,WO-003310,2026-02-02,Morning,M02,Microstop,Vision retry,59.19,0
DT-0007862,WO-003311,2026-02-02,Afternoon,M02,Breakdown,Sensor fault,52.55,0
DT-0007863,WO-003312,2026-02-02,Morning,M03,Changeover,Planned changeover,36.5,1
DT-0007864,WO-003312,2026-02-02,Morning,M03,Microstop,Vision retry,3.42,0
DT-0007865,WO-003313,2026-02-02,Afternoon,M03,Breakdown,Mechanical fault,5.92,0
DT-0007866,WO-003313,2026-02-02,Afternoon,M03,Planned,Calibration,22.65,1
DT-0007867,WO-003313,2026-02-02,Afternoon,M03,Breakdown,Sensor fault,1.41,0
DT-0007868,WO-003313,2026-02-02,Afternoon,M03,Changeover,Planned changeover,12.57,1
DT-0007869,WO-003314,2026-02-02,Morning,M04,Planned,Preventive maintenance,19.24,1
DT-0007870,WO-003314,2026-02-02,Morning,M04,Breakdown,Robot recovery,70.27,0
DT-0007871,WO-003314,2026-02-02,Morning,M04,Breakdown,Wire feeder fault,1.0,0
DT-0007872,WO-003315,2026-02-02,Afternoon,M04,Changeover,Fixture setup,9.01,0
DT-0007873,WO-003315,2026-02-02,Afternoon,M04,Planned,Preventive maintenance,29.93,1
DT-0007874,WO-003315,2026-02-02,Afternoon,M04,Microstop,Torch cleaning,66.37,0
DT-0007875,WO-003316,2026-02-02,Morning,M05,Breakdown,Sensor fault,61.1,0
DT-0007876,WO-003317,2026-02-02,Afternoon,M05,Planned,Calibration,36.85,1
DT-0007877,WO-003317,2026-02-02,Afternoon,M05,Breakdown,Mechanical fault,1.0,0
DT-0007878,WO-003317,2026-02-02,Afternoon,M05,Microstop,Vision retry,24.94,0
DT-0007879,WO-003318,2026-02-02,Morning,M06,Microstop,Material jam,26.1,0
DT-0007880,WO-003318,2026-02-02,Morning,M06,Process,Parameter adjustment,3.88,0
DT-0007881,WO-003319,2026-02-02,Afternoon,M06,Breakdown,Mechanical fault,19.05,0
DT-0007882,WO-003320,2026-02-03,Morning,M01,Microstop,Vision retry,37.98,0
DT-0007883,WO-003320,2026-02-03,Morning,M01,Process,Parameter adjustment,16.15,0
DT-0007884,WO-003321,2026-02-03,Afternoon,M01,Microstop,Material jam,13.45,0
DT-0007885,WO-003321,2026-02-03,Afternoon,M01,Process,Parameter adjustment,30.8,0
DT-0007886,WO-003322,2026-02-03,Morning,M02,Process,Parameter adjustment,5.29,0
DT-0007887,WO-003322,2026-02-03,Morning,M02,Process,Parameter adjustment,14.61,0
DT-0007888,WO-003322,2026-02-03,Morning,M02,Process,Parameter adjustment,16.59,0
DT-0007889,WO-003322,2026-02-03,Morning,M02,Changeover,Planned changeover,4.31,1
DT-0007890,WO-003323,2026-02-03,Afternoon,M02,Changeover,Tooling change,16.55,0
DT-0007891,WO-003323,2026-02-03,Afternoon,M02,Microstop,Material jam,28.65,0
DT-0007892,WO-003323,2026-02-03,Afternoon,M02,Microstop,Material jam,13.79,0
DT-0007893,WO-003324,2026-02-03,Morning,M03,Microstop,Material jam,1.56,0
DT-0007894,WO-003324,2026-02-03,Morning,M03,Microstop,Material jam,20.57,0
DT-0007895,WO-003324,2026-02-03,Morning,M03,Planned,Calibration,16.78,1
DT-0007896,WO-003324,2026-02-03,Morning,M03,Material,Material shortage,1.0,0
DT-0007897,WO-003324,2026-02-03,Morning,M03,Microstop,Material jam,11.08,0
DT-0007898,WO-003325,2026-02-03,Afternoon,M03,Changeover,Tooling change,33.18,0
DT-0007899,WO-003326,2026-02-03,Morning,M04,Breakdown,Mechanical fault,50.28,0
DT-0007900,WO-003326,2026-02-03,Morning,M04,Planned,Preventive maintenance,39.06,1
DT-0007901,WO-003326,2026-02-03,Morning,M04,Microstop,Torch cleaning,31.0,0
DT-0007902,WO-003327,2026-02-03,Afternoon,M04,Microstop,Torch cleaning,49.88,0
DT-0007903,WO-003327,2026-02-03,Afternoon,M04,Process,Parameter adjustment,55.86,0
DT-0007904,WO-003328,2026-02-03,Morning,M05,Microstop,Material jam,62.63,0
DT-0007905,WO-003329,2026-02-03,Afternoon,M05,Planned,Preventive maintenance,48.8,1
DT-0007906,WO-003330,2026-02-03,Morning,M06,Microstop,Vision retry,15.01,0
DT-0007907,WO-003330,2026-02-03,Morning,M06,Process,Parameter adjustment,6.0,0
DT-0007908,WO-003330,2026-02-03,Morning,M06,Changeover,Tooling change,10.81,0
DT-0007909,WO-003331,2026-02-04,Morning,M01,Microstop,Vision retry,6.23,0
DT-0007910,WO-003331,2026-02-04,Morning,M01,Material,Material shortage,9.52,0
DT-0007911,WO-003331,2026-02-04,Morning,M01,Microstop,Material jam,35.54,0
DT-0007912,WO-003332,2026-02-04,Afternoon,M01,Planned,Calibration,51.95,1
DT-0007913,WO-003333,2026-02-04,Morning,M02,Changeover,Planned changeover,60.53,1
DT-0007914,WO-003333,2026-02-04,Morning,M02,Microstop,Material jam,0.99,0
DT-0007915,WO-003334,2026-02-04,Afternoon,M02,Microstop,Vision retry,2.14,0
DT-0007916,WO-003334,2026-02-04,Afternoon,M02,Microstop,Vision retry,63.61,0
DT-0007917,WO-003335,2026-02-04,Morning,M03,Planned,Preventive maintenance,25.34,1
DT-0007918,WO-003336,2026-02-04,Afternoon,M03,Planned,Calibration,45.1,1
DT-0007919,WO-003336,2026-02-04,Afternoon,M03,Microstop,Vision retry,9.54,0
DT-0007920,WO-003337,2026-02-04,Morning,M04,Breakdown,Robot recovery,102.48,0
DT-0007921,WO-003337,2026-02-04,Morning,M04,Breakdown,Mechanical fault,2.52,0
DT-0007922,WO-003338,2026-02-04,Afternoon,M04,Changeover,Fixture setup,120.2,0
DT-0007923,WO-003339,2026-02-04,Morning,M05,Microstop,Material jam,25.71,0
DT-0007924,WO-003339,2026-02-04,Morning,M05,Process,Parameter adjustment,29.01,0
DT-0007925,WO-003340,2026-02-04,Afternoon,M05,Material,Material shortage,1.0,0
DT-0007926,WO-003340,2026-02-04,Afternoon,M05,Breakdown,Sensor fault,24.22,0
DT-0007927,WO-003340,2026-02-04,Afternoon,M05,Breakdown,Mechanical fault,9.28,0
DT-0007928,WO-003340,2026-02-04,Afternoon,M05,Material,Material shortage,7.78,0
DT-0007929,WO-003340,2026-02-04,Afternoon,M05,Process,Parameter adjustment,22.01,0
DT-0007930,WO-003341,2026-02-04,Morning,M06,Changeover,Planned changeover,34.62,1
DT-0007931,WO-003342,2026-02-04,Afternoon,M06,Changeover,Planned changeover,4.57,1
DT-0007932,WO-003342,2026-02-04,Afternoon,M06,Breakdown,Sensor fault,15.02,0
DT-0007933,WO-003342,2026-02-04,Afternoon,M06,Planned,Preventive maintenance,6.01,1
DT-0007934,WO-003342,2026-02-04,Afternoon,M06,Microstop,Vision retry,6.15,0
DT-0007935,WO-003343,2026-02-05,Morning,M01,Process,Parameter adjustment,31.52,0
DT-0007936,WO-003343,2026-02-05,Morning,M01,Microstop,Vision retry,9.75,0
DT-0007937,WO-003344,2026-02-05,Afternoon,M01,Microstop,Material jam,4.22,0
DT-0007938,WO-003344,2026-02-05,Afternoon,M01,Changeover,Tooling change,44.75,0
DT-0007939,WO-003345,2026-02-05,Morning,M02,Microstop,Material jam,1.2,0
DT-0007940,WO-003345,2026-02-05,Morning,M02,Breakdown,Mechanical fault,2.27,0
DT-0007941,WO-003345,2026-02-05,Morning,M02,Planned,Calibration,17.06,1
DT-0007942,WO-003345,2026-02-05,Morning,M02,Microstop,Material jam,28.36,0
DT-0007943,WO-003345,2026-02-05,Morning,M02,Changeover,Planned changeover,8.35,1
DT-0007944,WO-003346,2026-02-05,Afternoon,M02,Planned,Preventive maintenance,49.01,1
DT-0007945,WO-003347,2026-02-05,Afternoon,M03,Changeover,Tooling change,39.57,0
DT-0007946,WO-003348,2026-02-05,Morning,M04,Process,Weld parameter adjustment,32.71,0
DT-0007947,WO-003348,2026-02-05,Morning,M04,Process,Weld parameter adjustment,34.4,0
DT-0007948,WO-003348,2026-02-05,Morning,M04,Breakdown,Mechanical fault,47.31,0
DT-0007949,WO-003348,2026-02-05,Morning,M04,Changeover,Fixture setup,4.75,0
DT-0007950,WO-003349,2026-02-05,Afternoon,M04,Planned,Calibration,92.75,1
DT-0007951,WO-003350,2026-02-05,Morning,M05,Breakdown,Mechanical fault,5.11,0
DT-0007952,WO-003350,2026-02-05,Morning,M05,Breakdown,Mechanical fault,18.93,0
DT-0007953,WO-003350,2026-02-05,Morning,M05,Breakdown,Sensor fault,6.74,0
DT-0007954,WO-003350,2026-02-05,Morning,M05,Breakdown,Sensor fault,19.95,0
DT-0007955,WO-003351,2026-02-05,Afternoon,M05,Microstop,Vision retry,35.58,0
DT-0007956,WO-003351,2026-02-05,Afternoon,M05,Microstop,Vision retry,16.19,0
DT-0007957,WO-003351,2026-02-05,Afternoon,M05,Changeover,Tooling change,0.99,0
DT-0007958,WO-003351,2026-02-05,Afternoon,M05,Microstop,Vision retry,0.99,0
DT-0007959,WO-003352,2026-02-05,Morning,M06,Changeover,Tooling change,29.17,0
DT-0007960,WO-003352,2026-02-05,Morning,M06,Breakdown,Sensor fault,7.18,0
DT-0007961,WO-003353,2026-02-05,Afternoon,M06,Changeover,Planned changeover,20.69,1
DT-0007962,WO-003353,2026-02-05,Afternoon,M06,Process,Parameter adjustment,15.29,0
DT-0007963,WO-003354,2026-02-06,Morning,M01,Changeover,Tooling change,15.66,0
DT-0007964,WO-003354,2026-02-06,Morning,M01,Material,Material shortage,4.04,0
DT-0007965,WO-003354,2026-02-06,Morning,M01,Changeover,Tooling change,18.14,0
DT-0007966,WO-003354,2026-02-06,Morning,M01,Microstop,Material jam,0.99,0
DT-0007967,WO-003355,2026-02-06,Afternoon,M01,Microstop,Material jam,27.69,0
DT-0007968,WO-003355,2026-02-06,Afternoon,M01,Changeover,Planned changeover,11.14,1
DT-0007969,WO-003356,2026-02-06,Morning,M02,Microstop,Vision retry,5.2,0
DT-0007970,WO-003356,2026-02-06,Morning,M02,Changeover,Tooling change,54.4,0
DT-0007971,WO-003357,2026-02-06,Afternoon,M02,Microstop,Vision retry,63.2,0
DT-0007972,WO-003358,2026-02-06,Morning,M03,Material,Material shortage,32.03,0
DT-0007973,WO-003358,2026-02-06,Morning,M03,Microstop,Material jam,7.64,0
DT-0007974,WO-003358,2026-02-06,Morning,M03,Process,Parameter adjustment,1.16,0
DT-0007975,WO-003359,2026-02-06,Afternoon,M03,Microstop,Vision retry,26.52,0
DT-0007976,WO-003359,2026-02-06,Afternoon,M03,Material,Material shortage,1.81,0
DT-0007977,WO-003359,2026-02-06,Afternoon,M03,Changeover,Tooling change,2.0,0
DT-0007978,WO-003359,2026-02-06,Afternoon,M03,Breakdown,Mechanical fault,3.75,0
DT-0007979,WO-003359,2026-02-06,Afternoon,M03,Changeover,Planned changeover,7.14,1
DT-0007980,WO-003360,2026-02-06,Morning,M04,Changeover,Planned changeover,89.97,1
DT-0007981,WO-003361,2026-02-06,Afternoon,M04,Changeover,Fixture setup,100.47,0
DT-0007982,WO-003362,2026-02-06,Afternoon,M05,Material,Material shortage,13.25,0
DT-0007983,WO-003362,2026-02-06,Afternoon,M05,Changeover,Tooling change,36.1,0
DT-0007984,WO-003363,2026-02-06,Morning,M06,Breakdown,Sensor fault,24.03,0
DT-0007985,WO-003363,2026-02-06,Morning,M06,Breakdown,Mechanical fault,9.09,0
DT-0007986,WO-003363,2026-02-06,Morning,M06,Process,Parameter adjustment,2.24,0
DT-0007987,WO-003363,2026-02-06,Morning,M06,Changeover,Tooling change,3.25,0
DT-0007988,WO-003364,2026-02-06,Afternoon,M06,Breakdown,Sensor fault,23.73,0
DT-0007989,WO-003365,2026-02-09,Morning,M01,Material,Material shortage,28.21,0
DT-0007990,WO-003365,2026-02-09,Morning,M01,Planned,Calibration,5.16,1
DT-0007991,WO-003366,2026-02-09,Afternoon,M01,Planned,Preventive maintenance,10.07,1
DT-0007992,WO-003366,2026-02-09,Afternoon,M01,Material,Material shortage,9.85,0
DT-0007993,WO-003366,2026-02-09,Afternoon,M01,Changeover,Tooling change,48.38,0
DT-0007994,WO-003367,2026-02-09,Morning,M02,Process,Parameter adjustment,7.49,0
DT-0007995,WO-003367,2026-02-09,Morning,M02,Microstop,Material jam,28.64,0
DT-0007996,WO-003367,2026-02-09,Morning,M02,Process,Parameter adjustment,22.96,0
DT-0007997,WO-003368,2026-02-09,Afternoon,M02,Planned,Preventive maintenance,63.97,1
DT-0007998,WO-003368,2026-02-09,Afternoon,M02,Breakdown,Sensor fault,1.03,0
DT-0007999,WO-003369,2026-02-09,Morning,M03,Breakdown,Sensor fault,4.87,0
DT-0008000,WO-003369,2026-02-09,Morning,M03,Material,Material shortage,18.06,0
DT-0008001,WO-003369,2026-02-09,Morning,M03,Microstop,Material jam,5.6,0
DT-0008002,WO-003370,2026-02-09,Afternoon,M03,Microstop,Vision retry,11.25,0
DT-0008003,WO-003370,2026-02-09,Afternoon,M03,Material,Material shortage,16.29,0
DT-0008004,WO-003370,2026-02-09,Afternoon,M03,Breakdown,Sensor fault,10.97,0
DT-0008005,WO-003371,2026-02-09,Morning,M04,Changeover,Fixture setup,65.73,0
DT-0008006,WO-003371,2026-02-09,Morning,M04,Process,Parameter adjustment,30.05,0
DT-0008007,WO-003371,2026-02-09,Morning,M04,Changeover,Tooling change,16.7,0
DT-0008008,WO-003372,2026-02-09,Afternoon,M04,Changeover,Fixture setup,7.58,0
DT-0008009,WO-003372,2026-02-09,Afternoon,M04,Process,Weld parameter adjustment,90.46,0
DT-0008010,WO-003373,2026-02-09,Morning,M05,Changeover,Planned changeover,15.52,1
DT-0008011,WO-003373,2026-02-09,Morning,M05,Process,Parameter adjustment,5.25,0
DT-0008012,WO-003374,2026-02-09,Afternoon,M05,Microstop,Material jam,64.09,0
DT-0008013,WO-003375,2026-02-09,Morning,M06,Planned,Calibration,16.21,1
DT-0008014,WO-003375,2026-02-09,Morning,M06,Process,Parameter adjustment,0.98,0
DT-0008015,WO-003375,2026-02-09,Morning,M06,Breakdown,Sensor fault,4.32,0
DT-0008016,WO-003376,2026-02-09,Afternoon,M06,Material,Material shortage,4.05,0
DT-0008017,WO-003376,2026-02-09,Afternoon,M06,Process,Parameter adjustment,34.46,0
DT-0008018,WO-003377,2026-02-10,Morning,M01,Breakdown,Mechanical fault,29.42,0
DT-0008019,WO-003378,2026-02-10,Afternoon,M01,Breakdown,Mechanical fault,42.15,0
DT-0008020,WO-003379,2026-02-10,Morning,M02,Material,Material shortage,20.19,0
DT-0008021,WO-003379,2026-02-10,Morning,M02,Breakdown,Mechanical fault,1.21,0
DT-0008022,WO-003379,2026-02-10,Morning,M02,Planned,Preventive maintenance,12.43,1
DT-0008023,WO-003379,2026-02-10,Morning,M02,Breakdown,Mechanical fault,1.26,0
DT-0008024,WO-003379,2026-02-10,Morning,M02,Material,Material shortage,1.75,0
DT-0008025,WO-003380,2026-02-10,Afternoon,M02,Material,Material shortage,66.35,0
DT-0008026,WO-003381,2026-02-10,Morning,M03,Breakdown,Sensor fault,3.96,0
DT-0008027,WO-003381,2026-02-10,Morning,M03,Planned,Calibration,23.13,1
DT-0008028,WO-003381,2026-02-10,Morning,M03,Process,Parameter adjustment,16.9,0
DT-0008029,WO-003382,2026-02-10,Afternoon,M03,Planned,Preventive maintenance,7.0,1
DT-0008030,WO-003382,2026-02-10,Afternoon,M03,Microstop,Vision retry,45.44,0
DT-0008031,WO-003383,2026-02-10,Morning,M04,Changeover,Fixture setup,102.6,0
DT-0008032,WO-003384,2026-02-10,Afternoon,M04,Breakdown,Robot recovery,20.73,0
DT-0008033,WO-003384,2026-02-10,Afternoon,M04,Changeover,Fixture setup,66.11,0
DT-0008034,WO-003384,2026-02-10,Afternoon,M04,Changeover,Tooling change,26.92,0
DT-0008035,WO-003385,2026-02-10,Morning,M05,Changeover,Tooling change,26.85,0
DT-0008036,WO-003385,2026-02-10,Morning,M05,Breakdown,Sensor fault,8.76,0
DT-0008037,WO-003385,2026-02-10,Morning,M05,Material,Material shortage,2.69,0
DT-0008038,WO-003386,2026-02-10,Afternoon,M05,Planned,Preventive maintenance,22.99,1
DT-0008039,WO-003386,2026-02-10,Afternoon,M05,Changeover,Tooling change,43.35,0
DT-0008040,WO-003387,2026-02-10,Morning,M06,Microstop,Vision retry,7.45,0
DT-0008041,WO-003387,2026-02-10,Morning,M06,Breakdown,Sensor fault,2.67,0
DT-0008042,WO-003387,2026-02-10,Morning,M06,Changeover,Planned changeover,9.54,1
DT-0008043,WO-003387,2026-02-10,Morning,M06,Planned,Calibration,6.72,1
DT-0008044,WO-003387,2026-02-10,Morning,M06,Microstop,Material jam,4.85,0
DT-0008045,WO-003388,2026-02-10,Afternoon,M06,Planned,Preventive maintenance,10.25,1
DT-0008046,WO-003388,2026-02-10,Afternoon,M06,Process,Parameter adjustment,16.96,0
DT-0008047,WO-003389,2026-02-11,Morning,M01,Planned,Calibration,52.69,1
DT-0008048,WO-003390,2026-02-11,Afternoon,M01,Changeover,Tooling change,18.44,0
DT-0008049,WO-003390,2026-02-11,Afternoon,M01,Process,Parameter adjustment,23.17,0
DT-0008050,WO-003391,2026-02-11,Morning,M02,Breakdown,Mechanical fault,12.14,0
DT-0008051,WO-003391,2026-02-11,Morning,M02,Breakdown,Sensor fault,10.42,0
DT-0008052,WO-003391,2026-02-11,Morning,M02,Microstop,Material jam,19.55,0
DT-0008053,WO-003391,2026-02-11,Morning,M02,Microstop,Vision retry,2.47,0
DT-0008054,WO-003392,2026-02-11,Afternoon,M02,Microstop,Material jam,2.32,0
DT-0008055,WO-003392,2026-02-11,Afternoon,M02,Process,Parameter adjustment,9.17,0
DT-0008056,WO-003392,2026-02-11,Afternoon,M02,Breakdown,Sensor fault,43.88,0
DT-0008057,WO-003393,2026-02-11,Morning,M03,Process,Parameter adjustment,0.99,0
DT-0008058,WO-003393,2026-02-11,Morning,M03,Planned,Preventive maintenance,9.94,1
DT-0008059,WO-003393,2026-02-11,Morning,M03,Microstop,Material jam,29.37,0
DT-0008060,WO-003393,2026-02-11,Morning,M03,Planned,Preventive maintenance,5.44,1
DT-0008061,WO-003394,2026-02-11,Afternoon,M03,Planned,Calibration,29.81,1
DT-0008062,WO-003394,2026-02-11,Afternoon,M03,Changeover,Planned changeover,16.65,1
DT-0008063,WO-003395,2026-02-11,Morning,M04,Process,Weld parameter adjustment,112.34,0
DT-0008064,WO-003396,2026-02-11,Afternoon,M04,Breakdown,Robot recovery,40.77,0
DT-0008065,WO-003396,2026-02-11,Afternoon,M04,Breakdown,Mechanical fault,79.24,0
DT-0008066,WO-003397,2026-02-11,Morning,M05,Breakdown,Mechanical fault,27.38,0
DT-0008067,WO-003397,2026-02-11,Morning,M05,Changeover,Tooling change,11.16,0
DT-0008068,WO-003398,2026-02-11,Afternoon,M05,Process,Parameter adjustment,29.88,0
DT-0008069,WO-003398,2026-02-11,Afternoon,M05,Material,Material shortage,10.62,0
DT-0008070,WO-003398,2026-02-11,Afternoon,M05,Process,Parameter adjustment,10.33,0
DT-0008071,WO-003399,2026-02-11,Morning,M06,Changeover,Tooling change,7.88,0
DT-0008072,WO-003399,2026-02-11,Morning,M06,Breakdown,Mechanical fault,14.85,0
DT-0008073,WO-003399,2026-02-11,Morning,M06,Breakdown,Sensor fault,5.31,0
DT-0008074,WO-003399,2026-02-11,Morning,M06,Breakdown,Mechanical fault,8.48,0
DT-0008075,WO-003400,2026-02-11,Afternoon,M06,Breakdown,Sensor fault,5.16,0
DT-0008076,WO-003400,2026-02-11,Afternoon,M06,Microstop,Material jam,7.39,0
DT-0008077,WO-003400,2026-02-11,Afternoon,M06,Planned,Calibration,15.65,1
DT-0008078,WO-003401,2026-02-12,Morning,M01,Planned,Preventive maintenance,49.41,1
DT-0008079,WO-003402,2026-02-12,Afternoon,M01,Breakdown,Mechanical fault,24.96,0
DT-0008080,WO-003402,2026-02-12,Afternoon,M01,Material,Material shortage,29.46,0
DT-0008081,WO-003402,2026-02-12,Afternoon,M01,Microstop,Vision retry,12.95,0
DT-0008082,WO-003403,2026-02-12,Morning,M02,Changeover,Planned changeover,8.47,1
DT-0008083,WO-003403,2026-02-12,Morning,M02,Material,Material shortage,59.53,0
DT-0008084,WO-003404,2026-02-12,Afternoon,M02,Breakdown,Mechanical fault,10.85,0
DT-0008085,WO-003404,2026-02-12,Afternoon,M02,Breakdown,Sensor fault,37.04,0
DT-0008086,WO-003404,2026-02-12,Afternoon,M02,Breakdown,Sensor fault,5.15,0
DT-0008087,WO-003405,2026-02-12,Morning,M03,Microstop,Vision retry,16.66,0
DT-0008088,WO-003405,2026-02-12,Morning,M03,Planned,Preventive maintenance,28.63,1
DT-0008089,WO-003406,2026-02-12,Afternoon,M03,Microstop,Material jam,7.52,0
DT-0008090,WO-003406,2026-02-12,Afternoon,M03,Changeover,Planned changeover,19.78,1
DT-0008091,WO-003406,2026-02-12,Afternoon,M03,Microstop,Vision retry,35.24,0
DT-0008092,WO-003407,2026-02-12,Morning,M04,Microstop,Material jam,38.87,0
DT-0008093,WO-003407,2026-02-12,Morning,M04,Changeover,Fixture setup,38.82,0
DT-0008094,WO-003407,2026-02-12,Morning,M04,Changeover,Fixture setup,20.56,0
DT-0008095,WO-003408,2026-02-12,Afternoon,M04,Process,Parameter adjustment,14.25,0
DT-0008096,WO-003408,2026-02-12,Afternoon,M04,Material,Material shortage,19.57,0
DT-0008097,WO-003408,2026-02-12,Afternoon,M04,Microstop,Vision retry,47.11,0
DT-0008098,WO-003408,2026-02-12,Afternoon,M04,Material,Material shortage,21.62,0
DT-0008099,WO-003409,2026-02-12,Morning,M05,Material,Material shortage,49.13,0
DT-0008100,WO-003410,2026-02-12,Afternoon,M05,Breakdown,Mechanical fault,43.97,0
DT-0008101,WO-003410,2026-02-12,Afternoon,M05,Breakdown,Mechanical fault,19.55,0
DT-0008102,WO-003411,2026-02-12,Morning,M06,Microstop,Vision retry,1.3,0
DT-0008103,WO-003411,2026-02-12,Morning,M06,Material,Material shortage,19.91,0
DT-0008104,WO-003411,2026-02-12,Morning,M06,Changeover,Tooling change,15.82,0
DT-0008105,WO-003412,2026-02-13,Morning,M01,Changeover,Tooling change,18.94,0
DT-0008106,WO-003412,2026-02-13,Morning,M01,Microstop,Material jam,6.71,0
DT-0008107,WO-003412,2026-02-13,Morning,M01,Microstop,Vision retry,13.21,0
DT-0008108,WO-003412,2026-02-13,Morning,M01,Microstop,Material jam,8.06,0
DT-0008109,WO-003413,2026-02-13,Afternoon,M01,Planned,Preventive maintenance,35.57,1
DT-0008110,WO-003413,2026-02-13,Afternoon,M01,Process,Parameter adjustment,1.0,0
DT-0008111,WO-003413,2026-02-13,Afternoon,M01,Process,Parameter adjustment,17.27,0
DT-0008112,WO-003414,2026-02-13,Morning,M02,Planned,Calibration,65.62,1
DT-0008113,WO-003415,2026-02-13,Afternoon,M02,Process,Parameter adjustment,23.31,0
DT-0008114,WO-003415,2026-02-13,Afternoon,M02,Changeover,Tooling change,14.57,0
DT-0008115,WO-003415,2026-02-13,Afternoon,M02,Process,Parameter adjustment,24.51,0
DT-0008116,WO-003416,2026-02-13,Morning,M03,Planned,Calibration,41.33,1
DT-0008117,WO-003417,2026-02-13,Afternoon,M03,Process,Parameter adjustment,11.83,0
DT-0008118,WO-003417,2026-02-13,Afternoon,M03,Process,Parameter adjustment,39.49,0
DT-0008119,WO-003418,2026-02-13,Morning,M04,Changeover,Tooling change,1.0,0
DT-0008120,WO-003418,2026-02-13,Morning,M04,Process,Parameter adjustment,3.17,0
DT-0008121,WO-003418,2026-02-13,Morning,M04,Breakdown,Robot recovery,62.24,0
DT-0008122,WO-003418,2026-02-13,Morning,M04,Changeover,Fixture setup,49.98,0
DT-0008123,WO-003419,2026-02-13,Afternoon,M04,Changeover,Fixture setup,100.76,0
DT-0008124,WO-003419,2026-02-13,Afternoon,M04,Changeover,Fixture setup,20.43,0
DT-0008125,WO-003420,2026-02-13,Morning,M05,Changeover,Planned changeover,22.38,1
DT-0008126,WO-003420,2026-02-13,Morning,M05,Breakdown,Mechanical fault,5.42,0
DT-0008127,WO-003420,2026-02-13,Morning,M05,Changeover,Planned changeover,3.43,1
DT-0008128,WO-003420,2026-02-13,Morning,M05,Material,Material shortage,11.78,0
DT-0008129,WO-003420,2026-02-13,Morning,M05,Changeover,Tooling change,6.88,0
DT-0008130,WO-003421,2026-02-13,Afternoon,M05,Changeover,Tooling change,43.61,0
DT-0008131,WO-003422,2026-02-13,Morning,M06,Process,Parameter adjustment,42.51,0
DT-0008132,WO-003423,2026-02-13,Afternoon,M06,Breakdown,Sensor fault,16.83,0
DT-0008133,WO-003423,2026-02-13,Afternoon,M06,Changeover,Planned changeover,4.36,1
DT-0008134,WO-003423,2026-02-13,Afternoon,M06,Material,Material shortage,3.21,0
DT-0008135,WO-003423,2026-02-13,Afternoon,M06,Breakdown,Mechanical fault,5.85,0
DT-0008136,WO-003423,2026-02-13,Afternoon,M06,Microstop,Vision retry,0.99,0
DT-0008137,WO-003424,2026-02-16,Morning,M01,Microstop,Material jam,6.29,0
DT-0008138,WO-003424,2026-02-16,Morning,M01,Changeover,Tooling change,41.56,0
DT-0008139,WO-003424,2026-02-16,Morning,M01,Material,Material shortage,3.3,0
DT-0008140,WO-003425,2026-02-16,Afternoon,M01,Changeover,Tooling change,29.72,0
DT-0008141,WO-003425,2026-02-16,Afternoon,M01,Microstop,Material jam,1.0,0
DT-0008142,WO-003425,2026-02-16,Afternoon,M01,Microstop,Vision retry,24.43,0
DT-0008143,WO-003426,2026-02-16,Morning,M02,Microstop,Material jam,63.56,0
DT-0008144,WO-003427,2026-02-16,Afternoon,M02,Breakdown,Sensor fault,64.24,0
DT-0008145,WO-003428,2026-02-16,Morning,M03,Process,Parameter adjustment,0.94,0
DT-0008146,WO-003428,2026-02-16,Morning,M03,Process,Parameter adjustment,0.94,0
DT-0008147,WO-003428,2026-02-16,Morning,M03,Microstop,Vision retry,2.71,0
DT-0008148,WO-003428,2026-02-16,Morning,M03,Process,Parameter adjustment,12.84,0
DT-0008149,WO-003429,2026-02-16,Afternoon,M03,Material,Material shortage,24.76,0
DT-0008150,WO-003429,2026-02-16,Afternoon,M03,Microstop,Vision retry,18.46,0
DT-0008151,WO-003429,2026-02-16,Afternoon,M03,Breakdown,Mechanical fault,1.0,0
DT-0008152,WO-003430,2026-02-16,Morning,M04,Breakdown,Robot recovery,96.57,0
DT-0008153,WO-003431,2026-02-16,Afternoon,M04,Process,Weld parameter adjustment,89.22,0
DT-0008154,WO-003431,2026-02-16,Afternoon,M04,Changeover,Fixture setup,8.1,0
DT-0008155,WO-003432,2026-02-16,Morning,M05,Planned,Preventive maintenance,57.89,1
DT-0008156,WO-003433,2026-02-16,Afternoon,M05,Changeover,Planned changeover,26.83,1
DT-0008157,WO-003433,2026-02-16,Afternoon,M05,Changeover,Tooling change,19.84,0
DT-0008158,WO-003433,2026-02-16,Afternoon,M05,Microstop,Vision retry,2.19,0
DT-0008159,WO-003433,2026-02-16,Afternoon,M05,Microstop,Material jam,3.96,0
DT-0008160,WO-003433,2026-02-16,Afternoon,M05,Microstop,Vision retry,1.83,0
DT-0008161,WO-003434,2026-02-16,Morning,M06,Planned,Calibration,8.37,1
DT-0008162,WO-003434,2026-02-16,Morning,M06,Microstop,Material jam,16.37,0
DT-0008163,WO-003435,2026-02-16,Afternoon,M06,Breakdown,Sensor fault,2.15,0
DT-0008164,WO-003435,2026-02-16,Afternoon,M06,Breakdown,Mechanical fault,0.99,0
DT-0008165,WO-003435,2026-02-16,Afternoon,M06,Material,Material shortage,37.29,0
DT-0008166,WO-003436,2026-02-17,Morning,M01,Breakdown,Mechanical fault,40.2,0
DT-0008167,WO-003436,2026-02-17,Morning,M01,Microstop,Vision retry,10.01,0
DT-0008168,WO-003437,2026-02-17,Afternoon,M01,Changeover,Planned changeover,19.29,1
DT-0008169,WO-003437,2026-02-17,Afternoon,M01,Changeover,Planned changeover,25.92,1
DT-0008170,WO-003438,2026-02-17,Morning,M02,Process,Parameter adjustment,26.42,0
DT-0008171,WO-003438,2026-02-17,Morning,M02,Breakdown,Sensor fault,20.58,0
DT-0008172,WO-003438,2026-02-17,Morning,M02,Planned,Calibration,13.56,1
DT-0008173,WO-003439,2026-02-17,Afternoon,M02,Planned,Calibration,48.06,1
DT-0008174,WO-003439,2026-02-17,Afternoon,M02,Process,Parameter adjustment,17.71,0
DT-0008175,WO-003439,2026-02-17,Afternoon,M02,Microstop,Material jam,1.58,0
DT-0008176,WO-003440,2026-02-17,Morning,M03,Material,Material shortage,1.38,0
DT-0008177,WO-003440,2026-02-17,Morning,M03,Changeover,Tooling change,7.1,0
DT-0008178,WO-003440,2026-02-17,Morning,M03,Changeover,Tooling change,2.84,0
DT-0008179,WO-003440,2026-02-17,Morning,M03,Planned,Calibration,7.8,1
DT-0008180,WO-003440,2026-02-17,Morning,M03,Breakdown,Mechanical fault,6.57,0
DT-0008181,WO-003441,2026-02-17,Afternoon,M03,Microstop,Vision retry,22.17,0
DT-0008182,WO-003441,2026-02-17,Afternoon,M03,Changeover,Tooling change,26.56,0
DT-0008183,WO-003442,2026-02-17,Morning,M04,Changeover,Planned changeover,5.01,1
DT-0008184,WO-003442,2026-02-17,Morning,M04,Changeover,Planned changeover,78.94,1
DT-0008185,WO-003443,2026-02-17,Afternoon,M04,Breakdown,Wire feeder fault,118.55,0
DT-0008186,WO-003444,2026-02-17,Morning,M05,Microstop,Vision retry,4.49,0
DT-0008187,WO-003444,2026-02-17,Morning,M05,Material,Material shortage,34.49,0
DT-0008188,WO-003444,2026-02-17,Morning,M05,Breakdown,Mechanical fault,6.04,0
DT-0008189,WO-003444,2026-02-17,Morning,M05,Microstop,Material jam,15.23,0
DT-0008190,WO-003445,2026-02-17,Afternoon,M05,Process,Parameter adjustment,58.31,0
DT-0008191,WO-003446,2026-02-17,Morning,M06,Changeover,Tooling change,1.88,0
DT-0008192,WO-003446,2026-02-17,Morning,M06,Planned,Calibration,21.67,1
DT-0008193,WO-003446,2026-02-17,Morning,M06,Breakdown,Sensor fault,1.18,0
DT-0008194,WO-003447,2026-02-17,Afternoon,M06,Changeover,Tooling change,8.42,0
DT-0008195,WO-003447,2026-02-17,Afternoon,M06,Breakdown,Sensor fault,38.07,0
DT-0008196,WO-003447,2026-02-17,Afternoon,M06,Breakdown,Sensor fault,2.4,0
DT-0008197,WO-003448,2026-02-18,Morning,M01,Planned,Calibration,3.23,1
DT-0008198,WO-003448,2026-02-18,Morning,M01,Breakdown,Sensor fault,21.72,0
DT-0008199,WO-003448,2026-02-18,Morning,M01,Breakdown,Mechanical fault,14.62,0
DT-0008200,WO-003449,2026-02-18,Afternoon,M01,Breakdown,Mechanical fault,27.96,0
DT-0008201,WO-003449,2026-02-18,Afternoon,M01,Breakdown,Sensor fault,14.9,0
DT-0008202,WO-003449,2026-02-18,Afternoon,M01,Breakdown,Sensor fault,10.65,0
DT-0008203,WO-003450,2026-02-18,Morning,M02,Breakdown,Sensor fault,31.44,0
DT-0008204,WO-003450,2026-02-18,Morning,M02,Microstop,Material jam,31.58,0
DT-0008205,WO-003451,2026-02-18,Afternoon,M02,Process,Parameter adjustment,5.05,0
DT-0008206,WO-003451,2026-02-18,Afternoon,M02,Process,Parameter adjustment,40.35,0
DT-0008207,WO-003452,2026-02-18,Morning,M03,Changeover,Tooling change,20.35,0
DT-0008208,WO-003452,2026-02-18,Morning,M03,Planned,Calibration,0.98,1
DT-0008209,WO-003452,2026-02-18,Morning,M03,Microstop,Vision retry,17.12,0
DT-0008210,WO-003453,2026-02-18,Afternoon,M03,Microstop,Material jam,8.81,0
DT-0008211,WO-003453,2026-02-18,Afternoon,M03,Microstop,Vision retry,18.49,0
DT-0008212,WO-003453,2026-02-18,Afternoon,M03,Microstop,Material jam,16.37,0
DT-0008213,WO-003454,2026-02-18,Afternoon,M04,Changeover,Planned changeover,78.04,1
DT-0008214,WO-003454,2026-02-18,Afternoon,M04,Changeover,Fixture setup,8.14,0
DT-0008215,WO-003454,2026-02-18,Afternoon,M04,Planned,Calibration,2.28,1
DT-0008216,WO-003454,2026-02-18,Afternoon,M04,Breakdown,Robot recovery,22.72,0
DT-0008217,WO-003455,2026-02-18,Morning,M05,Changeover,Tooling change,21.89,0
DT-0008218,WO-003455,2026-02-18,Morning,M05,Breakdown,Mechanical fault,22.25,0
DT-0008219,WO-003455,2026-02-18,Morning,M05,Changeover,Tooling change,17.81,0
DT-0008220,WO-003456,2026-02-18,Afternoon,M05,Process,Parameter adjustment,34.61,0
DT-0008221,WO-003456,2026-02-18,Afternoon,M05,Changeover,Tooling change,24.95,0
DT-0008222,WO-003457,2026-02-18,Morning,M06,Microstop,Vision retry,15.67,0
DT-0008223,WO-003457,2026-02-18,Morning,M06,Microstop,Vision retry,10.38,0
DT-0008224,WO-003458,2026-02-18,Afternoon,M06,Planned,Calibration,18.62,1
DT-0008225,WO-003458,2026-02-18,Afternoon,M06,Breakdown,Sensor fault,14.54,0
DT-0008226,WO-003458,2026-02-18,Afternoon,M06,Microstop,Material jam,1.64,0
DT-0008227,WO-003459,2026-02-19,Morning,M01,Microstop,Vision retry,2.35,0
DT-0008228,WO-003459,2026-02-19,Morning,M01,Microstop,Vision retry,36.21,0
DT-0008229,WO-003459,2026-02-19,Morning,M01,Planned,Calibration,2.61,1
DT-0008230,WO-003460,2026-02-19,Afternoon,M01,Changeover,Tooling change,41.02,0
DT-0008231,WO-003460,2026-02-19,Afternoon,M01,Breakdown,Sensor fault,1.76,0
DT-0008232,WO-003461,2026-02-19,Morning,M02,Material,Material shortage,69.08,0
DT-0008233,WO-003462,2026-02-19,Afternoon,M02,Changeover,Tooling change,13.31,0
DT-0008234,WO-003462,2026-02-19,Afternoon,M02,Changeover,Tooling change,20.6,0
DT-0008235,WO-003462,2026-02-19,Afternoon,M02,Changeover,Planned changeover,5.11,1
DT-0008236,WO-003462,2026-02-19,Afternoon,M02,Breakdown,Sensor fault,10.36,0
DT-0008237,WO-003462,2026-02-19,Afternoon,M02,Microstop,Vision retry,30.81,0
DT-0008238,WO-003463,2026-02-19,Morning,M03,Changeover,Tooling change,29.91,0
DT-0008239,WO-003463,2026-02-19,Morning,M03,Breakdown,Mechanical fault,14.09,0
DT-0008240,WO-003464,2026-02-19,Afternoon,M03,Material,Material shortage,8.88,0
DT-0008241,WO-003464,2026-02-19,Afternoon,M03,Process,Parameter adjustment,16.77,0
DT-0008242,WO-003464,2026-02-19,Afternoon,M03,Material,Material shortage,8.19,0
DT-0008243,WO-003465,2026-02-19,Morning,M04,Breakdown,Robot recovery,16.71,0
DT-0008244,WO-003465,2026-02-19,Morning,M04,Breakdown,Sensor fault,57.09,0
DT-0008245,WO-003465,2026-02-19,Morning,M04,Microstop,Material jam,5.93,0
DT-0008246,WO-003465,2026-02-19,Morning,M04,Changeover,Fixture setup,6.6,0
DT-0008247,WO-003466,2026-02-19,Afternoon,M04,Microstop,Torch cleaning,106.0,0
DT-0008248,WO-003467,2026-02-19,Morning,M05,Microstop,Vision retry,1.02,0
DT-0008249,WO-003467,2026-02-19,Morning,M05,Microstop,Vision retry,18.26,0
DT-0008250,WO-003467,2026-02-19,Morning,M05,Planned,Preventive maintenance,2.53,1
DT-0008251,WO-003467,2026-02-19,Morning,M05,Process,Parameter adjustment,19.6,0
DT-0008252,WO-003468,2026-02-19,Afternoon,M05,Changeover,Planned changeover,30.05,1
DT-0008253,WO-003468,2026-02-19,Afternoon,M05,Planned,Preventive maintenance,41.6,1
DT-0008254,WO-003469,2026-02-19,Morning,M06,Process,Parameter adjustment,30.69,0
DT-0008255,WO-003469,2026-02-19,Morning,M06,Changeover,Tooling change,5.59,0
DT-0008256,WO-003470,2026-02-19,Afternoon,M06,Process,Parameter adjustment,7.33,0
DT-0008257,WO-003470,2026-02-19,Afternoon,M06,Microstop,Vision retry,23.3,0
DT-0008258,WO-003470,2026-02-19,Afternoon,M06,Breakdown,Mechanical fault,1.4,0
DT-0008259,WO-003470,2026-02-19,Afternoon,M06,Changeover,Planned changeover,1.14,1
DT-0008260,WO-003471,2026-02-20,Morning,M01,Changeover,Planned changeover,64.32,1
DT-0008261,WO-003472,2026-02-20,Afternoon,M01,Material,Material shortage,9.4,0
DT-0008262,WO-003472,2026-02-20,Afternoon,M01,Microstop,Vision retry,1.53,0
DT-0008263,WO-003472,2026-02-20,Afternoon,M01,Material,Material shortage,45.54,0
DT-0008264,WO-003473,2026-02-20,Morning,M02,Process,Parameter adjustment,13.27,0
DT-0008265,WO-003473,2026-02-20,Morning,M02,Process,Parameter adjustment,29.0,0
DT-0008266,WO-003474,2026-02-20,Afternoon,M02,Planned,Calibration,1.01,1
DT-0008267,WO-003474,2026-02-20,Afternoon,M02,Breakdown,Sensor fault,15.85,0
DT-0008268,WO-003474,2026-02-20,Afternoon,M02,Microstop,Vision retry,5.37,0
DT-0008269,WO-003474,2026-02-20,Afternoon,M02,Planned,Preventive maintenance,15.12,1
DT-0008270,WO-003474,2026-02-20,Afternoon,M02,Changeover,Tooling change,20.42,0
DT-0008271,WO-003475,2026-02-20,Morning,M03,Changeover,Tooling change,32.14,0
DT-0008272,WO-003475,2026-02-20,Morning,M03,Changeover,Tooling change,2.61,0
DT-0008273,WO-003476,2026-02-20,Afternoon,M03,Process,Parameter adjustment,2.24,0
DT-0008274,WO-003476,2026-02-20,Afternoon,M03,Breakdown,Mechanical fault,31.63,0
DT-0008275,WO-003476,2026-02-20,Afternoon,M03,Material,Material shortage,23.02,0
DT-0008276,WO-003477,2026-02-20,Morning,M04,Planned,Preventive maintenance,110.25,1
DT-0008277,WO-003478,2026-02-20,Afternoon,M04,Planned,Calibration,25.75,1
DT-0008278,WO-003478,2026-02-20,Afternoon,M04,Planned,Preventive maintenance,112.99,1
DT-0008279,WO-003479,2026-02-20,Morning,M05,Microstop,Material jam,46.44,0
DT-0008280,WO-003479,2026-02-20,Morning,M05,Changeover,Planned changeover,18.8,1
DT-0008281,WO-003480,2026-02-20,Afternoon,M05,Breakdown,Mechanical fault,69.36,0
DT-0008282,WO-003481,2026-02-20,Morning,M06,Planned,Preventive maintenance,9.89,1
DT-0008283,WO-003481,2026-02-20,Morning,M06,Microstop,Material jam,4.72,0
DT-0008284,WO-003481,2026-02-20,Morning,M06,Process,Parameter adjustment,15.67,0
DT-0008285,WO-003482,2026-02-20,Afternoon,M06,Material,Material shortage,2.23,0
DT-0008286,WO-003482,2026-02-20,Afternoon,M06,Microstop,Material jam,13.0,0
DT-0008287,WO-003482,2026-02-20,Afternoon,M06,Breakdown,Sensor fault,13.66,0
DT-0008288,WO-003483,2026-02-23,Morning,M01,Microstop,Vision retry,6.46,0
DT-0008289,WO-003483,2026-02-23,Morning,M01,Breakdown,Sensor fault,33.6,0
DT-0008290,WO-003484,2026-02-23,Afternoon,M01,Microstop,Material jam,20.78,0
DT-0008291,WO-003484,2026-02-23,Afternoon,M01,Breakdown,Sensor fault,6.42,0
DT-0008292,WO-003484,2026-02-23,Afternoon,M01,Breakdown,Mechanical fault,10.23,0
DT-0008293,WO-003485,2026-02-23,Morning,M02,Changeover,Tooling change,5.79,0
DT-0008294,WO-003485,2026-02-23,Morning,M02,Breakdown,Sensor fault,31.49,0
DT-0008295,WO-003486,2026-02-23,Afternoon,M02,Breakdown,Sensor fault,3.05,0
DT-0008296,WO-003486,2026-02-23,Afternoon,M02,Microstop,Material jam,14.49,0
DT-0008297,WO-003486,2026-02-23,Afternoon,M02,Breakdown,Sensor fault,18.69,0
DT-0008298,WO-003486,2026-02-23,Afternoon,M02,Microstop,Vision retry,22.16,0
DT-0008299,WO-003487,2026-02-23,Morning,M03,Microstop,Material jam,13.47,0
DT-0008300,WO-003487,2026-02-23,Morning,M03,Planned,Calibration,10.14,1
DT-0008301,WO-003488,2026-02-23,Afternoon,M03,Material,Material shortage,8.23,0
DT-0008302,WO-003488,2026-02-23,Afternoon,M03,Changeover,Tooling change,12.02,0
DT-0008303,WO-003488,2026-02-23,Afternoon,M03,Planned,Calibration,9.42,1
DT-0008304,WO-003488,2026-02-23,Afternoon,M03,Changeover,Planned changeover,7.57,1
DT-0008305,WO-003489,2026-02-23,Morning,M04,Breakdown,Mechanical fault,64.2,0
DT-0008306,WO-003489,2026-02-23,Morning,M04,Changeover,Fixture setup,34.65,0
DT-0008307,WO-003490,2026-02-23,Afternoon,M04,Breakdown,Robot recovery,49.54,0
DT-0008308,WO-003490,2026-02-23,Afternoon,M04,Process,Weld parameter adjustment,23.76,0
DT-0008309,WO-003490,2026-02-23,Afternoon,M04,Process,Weld parameter adjustment,48.48,0
DT-0008310,WO-003491,2026-02-23,Morning,M05,Breakdown,Sensor fault,11.73,0
DT-0008311,WO-003491,2026-02-23,Morning,M05,Breakdown,Sensor fault,50.29,0
DT-0008312,WO-003492,2026-02-23,Afternoon,M05,Changeover,Planned changeover,54.35,1
DT-0008313,WO-003493,2026-02-23,Morning,M06,Material,Material shortage,3.06,0
DT-0008314,WO-003493,2026-02-23,Morning,M06,Changeover,Tooling change,3.73,0
DT-0008315,WO-003493,2026-02-23,Morning,M06,Material,Material shortage,1.92,0
DT-0008316,WO-003493,2026-02-23,Morning,M06,Breakdown,Mechanical fault,31.57,0
DT-0008317,WO-003494,2026-02-23,Afternoon,M06,Changeover,Tooling change,19.96,0
DT-0008318,WO-003494,2026-02-23,Afternoon,M06,Breakdown,Sensor fault,10.18,0
DT-0008319,WO-003495,2026-02-24,Morning,M01,Planned,Preventive maintenance,32.55,1
DT-0008320,WO-003495,2026-02-24,Morning,M01,Planned,Calibration,6.94,1
DT-0008321,WO-003495,2026-02-24,Morning,M01,Microstop,Material jam,12.16,0
DT-0008322,WO-003496,2026-02-24,Afternoon,M01,Breakdown,Sensor fault,17.34,0
DT-0008323,WO-003496,2026-02-24,Afternoon,M01,Process,Parameter adjustment,7.38,0
DT-0008324,WO-003496,2026-02-24,Afternoon,M01,Breakdown,Sensor fault,34.48,0
DT-0008325,WO-003497,2026-02-24,Morning,M02,Breakdown,Sensor fault,24.43,0
DT-0008326,WO-003497,2026-02-24,Morning,M02,Microstop,Vision retry,37.5,0
DT-0008327,WO-003498,2026-02-24,Afternoon,M02,Microstop,Material jam,4.83,0
DT-0008328,WO-003498,2026-02-24,Afternoon,M02,Planned,Preventive maintenance,62.28,1
DT-0008329,WO-003499,2026-02-24,Morning,M03,Breakdown,Sensor fault,24.55,0
DT-0008330,WO-003499,2026-02-24,Morning,M03,Breakdown,Sensor fault,12.35,0
DT-0008331,WO-003500,2026-02-24,Afternoon,M03,Breakdown,Mechanical fault,51.92,0
DT-0008332,WO-003501,2026-02-24,Morning,M04,Breakdown,Robot recovery,75.43,0
DT-0008333,WO-003501,2026-02-24,Morning,M04,Microstop,Torch cleaning,27.3,0
DT-0008334,WO-003502,2026-02-24,Afternoon,M04,Microstop,Vision retry,24.61,0
DT-0008335,WO-003502,2026-02-24,Afternoon,M04,Breakdown,Robot recovery,41.05,0
DT-0008336,WO-003502,2026-02-24,Afternoon,M04,Changeover,Fixture setup,56.62,0
DT-0008337,WO-003503,2026-02-24,Morning,M05,Microstop,Vision retry,23.79,0
DT-0008338,WO-003503,2026-02-24,Morning,M05,Breakdown,Sensor fault,25.73,0
DT-0008339,WO-003503,2026-02-24,Morning,M05,Microstop,Vision retry,1.8,0
DT-0008340,WO-003503,2026-02-24,Morning,M05,Microstop,Material jam,0.98,0
DT-0008341,WO-003504,2026-02-24,Afternoon,M05,Process,Parameter adjustment,8.69,0
DT-0008342,WO-003504,2026-02-24,Afternoon,M05,Process,Parameter adjustment,25.23,0
DT-0008343,WO-003504,2026-02-24,Afternoon,M05,Breakdown,Mechanical fault,24.93,0
DT-0008344,WO-003504,2026-02-24,Afternoon,M05,Material,Material shortage,14.39,0
DT-0008345,WO-003505,2026-02-24,Morning,M06,Changeover,Tooling change,7.81,0
DT-0008346,WO-003505,2026-02-24,Morning,M06,Breakdown,Sensor fault,3.66,0
DT-0008347,WO-003505,2026-02-24,Morning,M06,Process,Parameter adjustment,5.92,0
DT-0008348,WO-003506,2026-02-24,Afternoon,M06,Process,Parameter adjustment,5.65,0
DT-0008349,WO-003506,2026-02-24,Afternoon,M06,Breakdown,Mechanical fault,6.66,0
DT-0008350,WO-003506,2026-02-24,Afternoon,M06,Changeover,Planned changeover,17.09,1
DT-0008351,WO-003506,2026-02-24,Afternoon,M06,Microstop,Vision retry,3.34,0
DT-0008352,WO-003506,2026-02-24,Afternoon,M06,Changeover,Tooling change,6.91,0
DT-0008353,WO-003507,2026-02-25,Morning,M01,Process,Parameter adjustment,29.69,0
DT-0008354,WO-003507,2026-02-25,Morning,M01,Microstop,Material jam,8.16,0
DT-0008355,WO-003508,2026-02-25,Afternoon,M01,Process,Parameter adjustment,46.95,0
DT-0008356,WO-003508,2026-02-25,Afternoon,M01,Microstop,Material jam,9.56,0
DT-0008357,WO-003509,2026-02-25,Morning,M02,Process,Parameter adjustment,14.04,0
DT-0008358,WO-003509,2026-02-25,Morning,M02,Microstop,Vision retry,14.46,0
DT-0008359,WO-003509,2026-02-25,Morning,M02,Microstop,Vision retry,13.16,0
DT-0008360,WO-003510,2026-02-25,Afternoon,M02,Planned,Preventive maintenance,59.0,1
DT-0008361,WO-003511,2026-02-25,Morning,M03,Material,Material shortage,36.75,0
DT-0008362,WO-003512,2026-02-25,Afternoon,M03,Process,Parameter adjustment,7.31,0
DT-0008363,WO-003512,2026-02-25,Afternoon,M03,Planned,Preventive maintenance,26.96,1
DT-0008364,WO-003513,2026-02-25,Morning,M04,Changeover,Fixture setup,128.78,0
DT-0008365,WO-003514,2026-02-25,Afternoon,M04,Breakdown,Robot recovery,31.26,0
DT-0008366,WO-003514,2026-02-25,Afternoon,M04,Planned,Calibration,43.4,1
DT-0008367,WO-003514,2026-02-25,Afternoon,M04,Changeover,Fixture setup,42.45,0
DT-0008368,WO-003515,2026-02-25,Morning,M05,Planned,Calibration,5.37,1
DT-0008369,WO-003515,2026-02-25,Morning,M05,Breakdown,Sensor fault,35.51,0
DT-0008370,WO-003515,2026-02-25,Morning,M05,Changeover,Tooling change,19.22,0
DT-0008371,WO-003516,2026-02-25,Afternoon,M05,Planned,Calibration,48.0,1
DT-0008372,WO-003517,2026-02-25,Morning,M06,Material,Material shortage,23.05,0
DT-0008373,WO-003517,2026-02-25,Morning,M06,Microstop,Vision retry,11.0,0
DT-0008374,WO-003518,2026-02-25,Afternoon,M06,Microstop,Vision retry,5.3,0
DT-0008375,WO-003518,2026-02-25,Afternoon,M06,Planned,Preventive maintenance,11.99,1
DT-0008376,WO-003518,2026-02-25,Afternoon,M06,Breakdown,Mechanical fault,9.33,0
DT-0008377,WO-003519,2026-02-26,Morning,M01,Breakdown,Sensor fault,54.17,0
DT-0008378,WO-003520,2026-02-26,Afternoon,M01,Breakdown,Sensor fault,51.15,0
DT-0008379,WO-003520,2026-02-26,Afternoon,M01,Breakdown,Sensor fault,12.57,0
DT-0008380,WO-003521,2026-02-26,Morning,M02,Microstop,Vision retry,38.49,0
DT-0008381,WO-003521,2026-02-26,Morning,M02,Material,Material shortage,17.85,0
DT-0008382,WO-003522,2026-02-26,Afternoon,M02,Changeover,Tooling change,49.7,0
DT-0008383,WO-003523,2026-02-26,Morning,M03,Changeover,Tooling change,52.36,0
DT-0008384,WO-003524,2026-02-26,Afternoon,M03,Microstop,Vision retry,9.7,0
DT-0008385,WO-003524,2026-02-26,Afternoon,M03,Microstop,Material jam,18.57,0
DT-0008386,WO-003524,2026-02-26,Afternoon,M03,Changeover,Tooling change,7.19,0
DT-0008387,WO-003525,2026-02-26,Morning,M04,Breakdown,Robot recovery,9.53,0
DT-0008388,WO-003525,2026-02-26,Morning,M04,Material,Material shortage,94.53,0
DT-0008389,WO-003526,2026-02-26,Afternoon,M04,Microstop,Torch cleaning,19.96,0
DT-0008390,WO-003526,2026-02-26,Afternoon,M04,Microstop,Torch cleaning,76.87,0
DT-0008391,WO-003526,2026-02-26,Afternoon,M04,Planned,Preventive maintenance,3.0,1
DT-0008392,WO-003527,2026-02-26,Morning,M05,Microstop,Vision retry,2.91,0
DT-0008393,WO-003527,2026-02-26,Morning,M05,Microstop,Vision retry,38.62,0
DT-0008394,WO-003527,2026-02-26,Morning,M05,Planned,Calibration,10.81,1
DT-0008395,WO-003528,2026-02-26,Afternoon,M05,Breakdown,Sensor fault,29.91,0
DT-0008396,WO-003528,2026-02-26,Afternoon,M05,Process,Parameter adjustment,11.75,0
DT-0008397,WO-003528,2026-02-26,Afternoon,M05,Microstop,Vision retry,2.83,0
DT-0008398,WO-003528,2026-02-26,Afternoon,M05,Material,Material shortage,5.09,0
DT-0008399,WO-003528,2026-02-26,Afternoon,M05,Material,Material shortage,14.33,0
DT-0008400,WO-003529,2026-02-26,Morning,M06,Changeover,Tooling change,36.2,0
DT-0008401,WO-003529,2026-02-26,Morning,M06,Breakdown,Sensor fault,13.64,0
DT-0008402,WO-003530,2026-02-26,Afternoon,M06,Microstop,Vision retry,8.24,0
DT-0008403,WO-003530,2026-02-26,Afternoon,M06,Changeover,Tooling change,2.29,0
DT-0008404,WO-003530,2026-02-26,Afternoon,M06,Breakdown,Mechanical fault,3.24,0
DT-0008405,WO-003530,2026-02-26,Afternoon,M06,Changeover,Tooling change,5.01,0
DT-0008406,WO-003530,2026-02-26,Afternoon,M06,Breakdown,Sensor fault,12.54,0
DT-0008407,WO-003531,2026-02-27,Morning,M01,Microstop,Material jam,48.75,0
DT-0008408,WO-003532,2026-02-27,Afternoon,M01,Breakdown,Sensor fault,35.34,0
DT-0008409,WO-003532,2026-02-27,Afternoon,M01,Breakdown,Sensor fault,30.17,0
DT-0008410,WO-003533,2026-02-27,Morning,M02,Process,Parameter adjustment,7.12,0
DT-0008411,WO-003533,2026-02-27,Morning,M02,Planned,Preventive maintenance,17.99,1
DT-0008412,WO-003533,2026-02-27,Morning,M02,Microstop,Vision retry,13.38,0
DT-0008413,WO-003533,2026-02-27,Morning,M02,Changeover,Tooling change,12.39,0
DT-0008414,WO-003534,2026-02-27,Afternoon,M02,Planned,Calibration,1.0,1
DT-0008415,WO-003534,2026-02-27,Afternoon,M02,Planned,Calibration,74.11,1
DT-0008416,WO-003535,2026-02-27,Morning,M03,Microstop,Material jam,12.8,0
DT-0008417,WO-003535,2026-02-27,Morning,M03,Microstop,Material jam,2.13,0
DT-0008418,WO-003535,2026-02-27,Morning,M03,Process,Parameter adjustment,15.2,0
DT-0008419,WO-003535,2026-02-27,Morning,M03,Planned,Preventive maintenance,2.28,1
DT-0008420,WO-003536,2026-02-27,Afternoon,M03,Microstop,Material jam,46.25,0
DT-0008421,WO-003537,2026-02-27,Morning,M04,Changeover,Fixture setup,86.24,0
DT-0008422,WO-003537,2026-02-27,Morning,M04,Breakdown,Robot recovery,29.67,0
DT-0008423,WO-003538,2026-02-27,Afternoon,M04,Process,Weld parameter adjustment,18.63,0
DT-0008424,WO-003538,2026-02-27,Afternoon,M04,Process,Weld parameter adjustment,8.97,0
DT-0008425,WO-003538,2026-02-27,Afternoon,M04,Breakdown,Wire feeder fault,53.0,0
DT-0008426,WO-003538,2026-02-27,Afternoon,M04,Changeover,Fixture setup,42.53,0
DT-0008427,WO-003539,2026-02-27,Morning,M05,Material,Material shortage,11.2,0
DT-0008428,WO-003539,2026-02-27,Morning,M05,Process,Parameter adjustment,51.02,0
DT-0008429,WO-003540,2026-02-27,Afternoon,M05,Changeover,Tooling change,60.32,0
DT-0008430,WO-003541,2026-02-27,Morning,M06,Planned,Preventive maintenance,1.83,1
DT-0008431,WO-003541,2026-02-27,Morning,M06,Changeover,Tooling change,19.14,0
DT-0008432,WO-003541,2026-02-27,Morning,M06,Microstop,Vision retry,0.98,0
DT-0008433,WO-003541,2026-02-27,Morning,M06,Microstop,Vision retry,4.11,0
DT-0008434,WO-003542,2026-02-27,Afternoon,M06,Microstop,Material jam,16.62,0
DT-0008435,WO-003542,2026-02-27,Afternoon,M06,Microstop,Material jam,8.15,0
DT-0008436,WO-003542,2026-02-27,Afternoon,M06,Breakdown,Sensor fault,5.21,0
DT-0008437,WO-003542,2026-02-27,Afternoon,M06,Breakdown,Sensor fault,12.31,0
DT-0008438,WO-003543,2026-03-02,Morning,M01,Changeover,Tooling change,31.41,0
DT-0008439,WO-003543,2026-03-02,Morning,M01,Material,Material shortage,12.75,0
DT-0008440,WO-003543,2026-03-02,Morning,M01,Breakdown,Sensor fault,3.76,0
DT-0008441,WO-003543,2026-03-02,Morning,M01,Breakdown,Sensor fault,1.96,0
DT-0008442,WO-003544,2026-03-02,Afternoon,M01,Material,Material shortage,22.77,0
DT-0008443,WO-003544,2026-03-02,Afternoon,M01,Microstop,Material jam,40.85,0
DT-0008444,WO-003545,2026-03-02,Morning,M02,Material,Material shortage,3.61,0
DT-0008445,WO-003545,2026-03-02,Morning,M02,Changeover,Planned changeover,56.35,1
DT-0008446,WO-003546,2026-03-02,Afternoon,M02,Microstop,Material jam,14.65,0
DT-0008447,WO-003546,2026-03-02,Afternoon,M02,Material,Material shortage,37.82,0
DT-0008448,WO-003547,2026-03-02,Morning,M03,Changeover,Tooling change,20.93,0
DT-0008449,WO-003547,2026-03-02,Morning,M03,Breakdown,Mechanical fault,1.0,0
DT-0008450,WO-003547,2026-03-02,Morning,M03,Microstop,Vision retry,17.74,0
DT-0008451,WO-003547,2026-03-02,Morning,M03,Process,Parameter adjustment,6.85,0
DT-0008452,WO-003548,2026-03-02,Afternoon,M03,Breakdown,Mechanical fault,32.66,0
DT-0008453,WO-003548,2026-03-02,Afternoon,M03,Changeover,Planned changeover,19.09,1
DT-0008454,WO-003549,2026-03-02,Morning,M04,Changeover,Fixture setup,42.07,0
DT-0008455,WO-003549,2026-03-02,Morning,M04,Breakdown,Mechanical fault,58.53,0
DT-0008456,WO-003549,2026-03-02,Morning,M04,Changeover,Fixture setup,2.98,0
DT-0008457,WO-003549,2026-03-02,Morning,M04,Process,Weld parameter adjustment,11.95,0
DT-0008458,WO-003550,2026-03-02,Afternoon,M04,Breakdown,Robot recovery,46.68,0
DT-0008459,WO-003550,2026-03-02,Afternoon,M04,Breakdown,Mechanical fault,16.88,0
DT-0008460,WO-003550,2026-03-02,Afternoon,M04,Changeover,Fixture setup,5.4,0
DT-0008461,WO-003550,2026-03-02,Afternoon,M04,Changeover,Fixture setup,23.21,0
DT-0008462,WO-003550,2026-03-02,Afternoon,M04,Planned,Calibration,24.91,1
DT-0008463,WO-003551,2026-03-02,Morning,M05,Process,Parameter adjustment,5.4,0
DT-0008464,WO-003551,2026-03-02,Morning,M05,Breakdown,Mechanical fault,47.01,0
DT-0008465,WO-003552,2026-03-02,Afternoon,M05,Breakdown,Sensor fault,57.59,0
DT-0008466,WO-003552,2026-03-02,Afternoon,M05,Microstop,Vision retry,9.06,0
DT-0008467,WO-003553,2026-03-02,Morning,M06,Microstop,Vision retry,18.11,0
DT-0008468,WO-003554,2026-03-02,Afternoon,M06,Breakdown,Sensor fault,12.9,0
DT-0008469,WO-003555,2026-03-03,Morning,M01,Microstop,Material jam,2.64,0
DT-0008470,WO-003555,2026-03-03,Morning,M01,Material,Material shortage,45.89,0
DT-0008471,WO-003555,2026-03-03,Morning,M01,Breakdown,Sensor fault,8.48,0
DT-0008472,WO-003556,2026-03-03,Afternoon,M01,Planned,Preventive maintenance,1.25,1
DT-0008473,WO-003556,2026-03-03,Afternoon,M01,Changeover,Tooling change,10.74,0
DT-0008474,WO-003556,2026-03-03,Afternoon,M01,Breakdown,Sensor fault,44.68,0
DT-0008475,WO-003557,2026-03-03,Morning,M02,Microstop,Vision retry,50.08,0
DT-0008476,WO-003558,2026-03-03,Afternoon,M02,Microstop,Material jam,20.56,0
DT-0008477,WO-003558,2026-03-03,Afternoon,M02,Microstop,Vision retry,21.69,0
DT-0008478,WO-003559,2026-03-03,Morning,M03,Microstop,Material jam,29.21,0
DT-0008479,WO-003560,2026-03-03,Afternoon,M03,Changeover,Planned changeover,7.62,1
DT-0008480,WO-003560,2026-03-03,Afternoon,M03,Breakdown,Mechanical fault,2.88,0
DT-0008481,WO-003560,2026-03-03,Afternoon,M03,Material,Material shortage,7.44,0
DT-0008482,WO-003560,2026-03-03,Afternoon,M03,Microstop,Vision retry,0.98,0
DT-0008483,WO-003560,2026-03-03,Afternoon,M03,Breakdown,Mechanical fault,25.85,0
DT-0008484,WO-003561,2026-03-03,Morning,M04,Changeover,Fixture setup,8.29,0
DT-0008485,WO-003561,2026-03-03,Morning,M04,Breakdown,Wire feeder fault,23.1,0
DT-0008486,WO-003561,2026-03-03,Morning,M04,Breakdown,Sensor fault,26.35,0
DT-0008487,WO-003561,2026-03-03,Morning,M04,Breakdown,Robot recovery,44.23,0
DT-0008488,WO-003562,2026-03-03,Afternoon,M04,Changeover,Fixture setup,7.35,0
DT-0008489,WO-003562,2026-03-03,Afternoon,M04,Planned,Calibration,53.51,1
DT-0008490,WO-003562,2026-03-03,Afternoon,M04,Breakdown,Sensor fault,43.59,0
DT-0008491,WO-003563,2026-03-03,Morning,M05,Changeover,Planned changeover,2.85,1
DT-0008492,WO-003563,2026-03-03,Morning,M05,Breakdown,Sensor fault,9.94,0
DT-0008493,WO-003563,2026-03-03,Morning,M05,Microstop,Vision retry,12.95,0
DT-0008494,WO-003563,2026-03-03,Morning,M05,Microstop,Material jam,15.66,0
DT-0008495,WO-003563,2026-03-03,Morning,M05,Material,Material shortage,6.67,0
DT-0008496,WO-003564,2026-03-03,Afternoon,M05,Breakdown,Mechanical fault,60.77,0
DT-0008497,WO-003565,2026-03-03,Morning,M06,Changeover,Planned changeover,6.91,1
DT-0008498,WO-003565,2026-03-03,Morning,M06,Microstop,Vision retry,6.31,0
DT-0008499,WO-003565,2026-03-03,Morning,M06,Changeover,Tooling change,1.0,0
DT-0008500,WO-003565,2026-03-03,Morning,M06,Planned,Preventive maintenance,4.19,1
DT-0008501,WO-003565,2026-03-03,Morning,M06,Microstop,Material jam,14.7,0
DT-0008502,WO-003566,2026-03-03,Afternoon,M06,Planned,Preventive maintenance,21.85,1
DT-0008503,WO-003566,2026-03-03,Afternoon,M06,Breakdown,Mechanical fault,12.32,0
DT-0008504,WO-003567,2026-03-04,Morning,M01,Material,Material shortage,3.95,0
DT-0008505,WO-003567,2026-03-04,Morning,M01,Breakdown,Sensor fault,24.92,0
DT-0008506,WO-003567,2026-03-04,Morning,M01,Breakdown,Sensor fault,1.55,0
DT-0008507,WO-003568,2026-03-04,Afternoon,M01,Changeover,Planned changeover,32.16,1
DT-0008508,WO-003569,2026-03-04,Morning,M02,Microstop,Vision retry,5.17,0
DT-0008509,WO-003569,2026-03-04,Morning,M02,Changeover,Planned changeover,1.08,1
DT-0008510,WO-003569,2026-03-04,Morning,M02,Microstop,Material jam,61.43,0
DT-0008511,WO-003570,2026-03-04,Afternoon,M02,Breakdown,Mechanical fault,56.1,0
DT-0008512,WO-003570,2026-03-04,Afternoon,M02,Changeover,Tooling change,0.99,0
DT-0008513,WO-003571,2026-03-04,Morning,M03,Microstop,Material jam,30.37,0
DT-0008514,WO-003572,2026-03-04,Afternoon,M03,Breakdown,Sensor fault,22.86,0
DT-0008515,WO-003572,2026-03-04,Afternoon,M03,Breakdown,Sensor fault,15.72,0
DT-0008516,WO-003572,2026-03-04,Afternoon,M03,Microstop,Vision retry,1.88,0
DT-0008517,WO-003573,2026-03-04,Morning,M04,Planned,Calibration,73.5,1
DT-0008518,WO-003573,2026-03-04,Morning,M04,Planned,Preventive maintenance,19.2,1
DT-0008519,WO-003574,2026-03-04,Afternoon,M04,Breakdown,Robot recovery,68.91,0
DT-0008520,WO-003574,2026-03-04,Afternoon,M04,Changeover,Fixture setup,42.05,0
DT-0008521,WO-003575,2026-03-04,Morning,M05,Breakdown,Sensor fault,9.69,0
DT-0008522,WO-003575,2026-03-04,Morning,M05,Planned,Preventive maintenance,50.66,1
DT-0008523,WO-003575,2026-03-04,Morning,M05,Microstop,Vision retry,5.01,0
DT-0008524,WO-003576,2026-03-04,Afternoon,M05,Material,Material shortage,46.84,0
DT-0008525,WO-003577,2026-03-04,Morning,M06,Material,Material shortage,8.34,0
DT-0008526,WO-003577,2026-03-04,Morning,M06,Breakdown,Mechanical fault,18.33,0
DT-0008527,WO-003578,2026-03-04,Afternoon,M06,Material,Material shortage,6.12,0
DT-0008528,WO-003578,2026-03-04,Afternoon,M06,Microstop,Vision retry,36.68,0
DT-0008529,WO-003579,2026-03-05,Morning,M01,Microstop,Vision retry,8.37,0
DT-0008530,WO-003579,2026-03-05,Morning,M01,Microstop,Vision retry,2.38,0
DT-0008531,WO-003579,2026-03-05,Morning,M01,Changeover,Planned changeover,39.37,1
DT-0008532,WO-003580,2026-03-05,Afternoon,M01,Breakdown,Mechanical fault,38.22,0
DT-0008533,WO-003580,2026-03-05,Afternoon,M01,Process,Parameter adjustment,1.95,0
DT-0008534,WO-003581,2026-03-05,Morning,M02,Microstop,Material jam,19.08,0
DT-0008535,WO-003581,2026-03-05,Morning,M02,Material,Material shortage,23.24,0
DT-0008536,WO-003582,2026-03-05,Afternoon,M02,Breakdown,Sensor fault,36.78,0
DT-0008537,WO-003582,2026-03-05,Afternoon,M02,Changeover,Tooling change,15.31,0
DT-0008538,WO-003582,2026-03-05,Afternoon,M02,Microstop,Material jam,5.62,0
DT-0008539,WO-003582,2026-03-05,Afternoon,M02,Microstop,Vision retry,18.03,0
DT-0008540,WO-003583,2026-03-05,Morning,M03,Changeover,Tooling change,8.31,0
DT-0008541,WO-003583,2026-03-05,Morning,M03,Breakdown,Mechanical fault,6.23,0
DT-0008542,WO-003583,2026-03-05,Morning,M03,Breakdown,Mechanical fault,19.65,0
DT-0008543,WO-003584,2026-03-05,Afternoon,M03,Microstop,Vision retry,47.53,0
DT-0008544,WO-003585,2026-03-05,Morning,M04,Changeover,Fixture setup,64.6,0
DT-0008545,WO-003585,2026-03-05,Morning,M04,Breakdown,Robot recovery,8.08,0
DT-0008546,WO-003585,2026-03-05,Morning,M04,Microstop,Material jam,38.74,0
DT-0008547,WO-003586,2026-03-05,Afternoon,M04,Planned,Calibration,130.56,1
DT-0008548,WO-003586,2026-03-05,Afternoon,M04,Process,Weld parameter adjustment,1.64,0
DT-0008549,WO-003587,2026-03-05,Morning,M05,Changeover,Tooling change,30.39,0
DT-0008550,WO-003587,2026-03-05,Morning,M05,Process,Parameter adjustment,29.32,0
DT-0008551,WO-003588,2026-03-05,Afternoon,M05,Material,Material shortage,69.43,0
DT-0008552,WO-003589,2026-03-05,Morning,M06,Breakdown,Sensor fault,13.65,0
DT-0008553,WO-003590,2026-03-05,Afternoon,M06,Changeover,Tooling change,7.7,0
DT-0008554,WO-003590,2026-03-05,Afternoon,M06,Changeover,Tooling change,12.13,0
DT-0008555,WO-003590,2026-03-05,Afternoon,M06,Breakdown,Mechanical fault,4.34,0
DT-0008556,WO-003590,2026-03-05,Afternoon,M06,Process,Parameter adjustment,7.52,0
DT-0008557,WO-003590,2026-03-05,Afternoon,M06,Changeover,Tooling change,3.63,0
DT-0008558,WO-003591,2026-03-06,Morning,M01,Microstop,Material jam,52.33,0
DT-0008559,WO-003591,2026-03-06,Morning,M01,Breakdown,Mechanical fault,6.31,0
DT-0008560,WO-003592,2026-03-06,Afternoon,M01,Breakdown,Mechanical fault,62.32,0
DT-0008561,WO-003593,2026-03-06,Morning,M02,Process,Parameter adjustment,55.55,0
DT-0008562,WO-003593,2026-03-06,Morning,M02,Microstop,Material jam,14.18,0
DT-0008563,WO-003593,2026-03-06,Morning,M02,Planned,Calibration,0.99,1
DT-0008564,WO-003594,2026-03-06,Afternoon,M02,Changeover,Tooling change,21.22,0
DT-0008565,WO-003594,2026-03-06,Afternoon,M02,Breakdown,Sensor fault,18.71,0
DT-0008566,WO-003595,2026-03-06,Morning,M03,Microstop,Vision retry,10.4,0
DT-0008567,WO-003595,2026-03-06,Morning,M03,Planned,Calibration,16.05,1
DT-0008568,WO-003596,2026-03-06,Afternoon,M03,Microstop,Material jam,41.55,0
DT-0008569,WO-003596,2026-03-06,Afternoon,M03,Breakdown,Mechanical fault,7.93,0
DT-0008570,WO-003596,2026-03-06,Afternoon,M03,Microstop,Material jam,4.89,0
DT-0008571,WO-003597,2026-03-06,Morning,M04,Planned,Preventive maintenance,20.43,1
DT-0008572,WO-003597,2026-03-06,Morning,M04,Changeover,Fixture setup,2.88,0
DT-0008573,WO-003597,2026-03-06,Morning,M04,Changeover,Fixture setup,10.64,0
DT-0008574,WO-003597,2026-03-06,Morning,M04,Changeover,Fixture setup,31.33,0
DT-0008575,WO-003597,2026-03-06,Morning,M04,Planned,Preventive maintenance,57.07,1
DT-0008576,WO-003598,2026-03-06,Afternoon,M04,Breakdown,Robot recovery,26.61,0
DT-0008577,WO-003598,2026-03-06,Afternoon,M04,Process,Weld parameter adjustment,7.62,0
DT-0008578,WO-003598,2026-03-06,Afternoon,M04,Changeover,Fixture setup,98.41,0
DT-0008579,WO-003599,2026-03-06,Morning,M05,Changeover,Tooling change,22.6,0
DT-0008580,WO-003600,2026-03-06,Afternoon,M05,Breakdown,Mechanical fault,54.74,0
DT-0008581,WO-003600,2026-03-06,Afternoon,M05,Process,Parameter adjustment,1.0,0
DT-0008582,WO-003601,2026-03-06,Morning,M06,Material,Material shortage,16.69,0
DT-0008583,WO-003601,2026-03-06,Morning,M06,Breakdown,Mechanical fault,13.67,0
DT-0008584,WO-003601,2026-03-06,Morning,M06,Process,Parameter adjustment,3.3,0
DT-0008585,WO-003602,2026-03-06,Afternoon,M06,Microstop,Material jam,12.73,0
DT-0008586,WO-003602,2026-03-06,Afternoon,M06,Planned,Calibration,16.75,1
DT-0008587,WO-003602,2026-03-06,Afternoon,M06,Microstop,Material jam,2.99,0
DT-0008588,WO-003603,2026-03-09,Morning,M01,Microstop,Material jam,11.6,0
DT-0008589,WO-003603,2026-03-09,Morning,M01,Breakdown,Mechanical fault,26.19,0
DT-0008590,WO-003603,2026-03-09,Morning,M01,Breakdown,Mechanical fault,0.98,0
DT-0008591,WO-003604,2026-03-09,Afternoon,M01,Material,Material shortage,50.13,0
DT-0008592,WO-003605,2026-03-09,Morning,M02,Breakdown,Sensor fault,55.69,0
DT-0008593,WO-003605,2026-03-09,Morning,M02,Changeover,Planned changeover,0.99,1
DT-0008594,WO-003606,2026-03-09,Afternoon,M02,Microstop,Material jam,11.2,0
DT-0008595,WO-003606,2026-03-09,Afternoon,M02,Changeover,Tooling change,68.64,0
DT-0008596,WO-003607,2026-03-09,Morning,M03,Changeover,Planned changeover,10.33,1
DT-0008597,WO-003607,2026-03-09,Morning,M03,Material,Material shortage,39.77,0
DT-0008598,WO-003607,2026-03-09,Morning,M03,Changeover,Tooling change,1.0,0
DT-0008599,WO-003608,2026-03-09,Afternoon,M03,Breakdown,Sensor fault,48.32,0
DT-0008600,WO-003609,2026-03-09,Morning,M04,Breakdown,Robot recovery,37.89,0
DT-0008601,WO-003609,2026-03-09,Morning,M04,Breakdown,Robot recovery,83.44,0
DT-0008602,WO-003610,2026-03-09,Morning,M05,Breakdown,Mechanical fault,49.55,0
DT-0008603,WO-003610,2026-03-09,Morning,M05,Breakdown,Sensor fault,1.74,0
DT-0008604,WO-003611,2026-03-09,Afternoon,M05,Process,Parameter adjustment,34.4,0
DT-0008605,WO-003611,2026-03-09,Afternoon,M05,Material,Material shortage,9.71,0
DT-0008606,WO-003611,2026-03-09,Afternoon,M05,Planned,Calibration,16.69,1
DT-0008607,WO-003611,2026-03-09,Afternoon,M05,Planned,Calibration,1.49,1
DT-0008608,WO-003612,2026-03-09,Morning,M06,Breakdown,Mechanical fault,5.68,0
DT-0008609,WO-003612,2026-03-09,Morning,M06,Changeover,Tooling change,3.24,0
DT-0008610,WO-003612,2026-03-09,Morning,M06,Material,Material shortage,3.99,0
DT-0008611,WO-003613,2026-03-09,Afternoon,M06,Planned,Calibration,6.63,1
DT-0008612,WO-003613,2026-03-09,Afternoon,M06,Material,Material shortage,27.98,0
DT-0008613,WO-003613,2026-03-09,Afternoon,M06,Planned,Preventive maintenance,0.98,1
DT-0008614,WO-003614,2026-03-10,Morning,M01,Material,Material shortage,4.68,0
DT-0008615,WO-003614,2026-03-10,Morning,M01,Breakdown,Sensor fault,3.5,0
DT-0008616,WO-003614,2026-03-10,Morning,M01,Microstop,Vision retry,6.43,0
DT-0008617,WO-003614,2026-03-10,Morning,M01,Breakdown,Mechanical fault,4.63,0
DT-0008618,WO-003614,2026-03-10,Morning,M01,Material,Material shortage,1.54,0
DT-0008619,WO-003615,2026-03-10,Afternoon,M01,Breakdown,Mechanical fault,1.48,0
DT-0008620,WO-003615,2026-03-10,Afternoon,M01,Process,Parameter adjustment,55.89,0
DT-0008621,WO-003615,2026-03-10,Afternoon,M01,Changeover,Tooling change,3.88,0
DT-0008622,WO-003616,2026-03-10,Morning,M02,Changeover,Tooling change,2.1,0
DT-0008623,WO-003616,2026-03-10,Morning,M02,Breakdown,Sensor fault,51.87,0
DT-0008624,WO-003616,2026-03-10,Morning,M02,Material,Material shortage,8.92,0
DT-0008625,WO-003617,2026-03-10,Afternoon,M02,Microstop,Vision retry,48.35,0
DT-0008626,WO-003618,2026-03-10,Morning,M03,Microstop,Material jam,32.63,0
DT-0008627,WO-003619,2026-03-10,Afternoon,M03,Breakdown,Sensor fault,31.21,0
DT-0008628,WO-003620,2026-03-10,Morning,M04,Process,Parameter adjustment,107.34,0
DT-0008629,WO-003620,2026-03-10,Morning,M04,Material,Material shortage,16.54,0
DT-0008630,WO-003620,2026-03-10,Morning,M04,Planned,Calibration,5.53,1
DT-0008631,WO-003621,2026-03-10,Afternoon,M04,Changeover,Tooling change,32.71,0
DT-0008632,WO-003621,2026-03-10,Afternoon,M04,Planned,Preventive maintenance,21.32,1
DT-0008633,WO-003621,2026-03-10,Afternoon,M04,Process,Weld parameter adjustment,31.28,0
DT-0008634,WO-003621,2026-03-10,Afternoon,M04,Breakdown,Robot recovery,7.11,0
DT-0008635,WO-003622,2026-03-10,Morning,M05,Process,Parameter adjustment,10.66,0
DT-0008636,WO-003622,2026-03-10,Morning,M05,Microstop,Vision retry,15.82,0
DT-0008637,WO-003623,2026-03-10,Afternoon,M05,Microstop,Material jam,26.1,0
DT-0008638,WO-003623,2026-03-10,Afternoon,M05,Breakdown,Sensor fault,14.16,0
DT-0008639,WO-003624,2026-03-10,Afternoon,M06,Planned,Preventive maintenance,24.84,1
DT-0008640,WO-003624,2026-03-10,Afternoon,M06,Material,Material shortage,4.35,0
DT-0008641,WO-003624,2026-03-10,Afternoon,M06,Changeover,Tooling change,9.43,0
DT-0008642,WO-003625,2026-03-11,Morning,M01,Planned,Calibration,18.61,1
DT-0008643,WO-003625,2026-03-11,Morning,M01,Breakdown,Mechanical fault,21.47,0
DT-0008644,WO-003625,2026-03-11,Morning,M01,Microstop,Vision retry,12.72,0
DT-0008645,WO-003625,2026-03-11,Morning,M01,Planned,Preventive maintenance,2.29,1
DT-0008646,WO-003626,2026-03-11,Afternoon,M01,Changeover,Tooling change,48.23,0
DT-0008647,WO-003626,2026-03-11,Afternoon,M01,Material,Material shortage,17.16,0
DT-0008648,WO-003626,2026-03-11,Afternoon,M01,Microstop,Material jam,6.51,0
DT-0008649,WO-003627,2026-03-11,Morning,M02,Microstop,Vision retry,25.31,0
DT-0008650,WO-003627,2026-03-11,Morning,M02,Breakdown,Mechanical fault,28.06,0
DT-0008651,WO-003628,2026-03-11,Afternoon,M02,Material,Material shortage,41.2,0
DT-0008652,WO-003628,2026-03-11,Afternoon,M02,Material,Material shortage,19.71,0
DT-0008653,WO-003629,2026-03-11,Morning,M03,Microstop,Material jam,31.8,0
DT-0008654,WO-003630,2026-03-11,Afternoon,M03,Microstop,Vision retry,35.35,0
DT-0008655,WO-003630,2026-03-11,Afternoon,M03,Breakdown,Sensor fault,9.73,0
DT-0008656,WO-003631,2026-03-11,Morning,M04,Breakdown,Robot recovery,11.19,0
DT-0008657,WO-003631,2026-03-11,Morning,M04,Changeover,Fixture setup,1.47,0
DT-0008658,WO-003631,2026-03-11,Morning,M04,Changeover,Planned changeover,22.07,1
DT-0008659,WO-003631,2026-03-11,Morning,M04,Changeover,Fixture setup,16.78,0
DT-0008660,WO-003631,2026-03-11,Morning,M04,Breakdown,Wire feeder fault,56.07,0
DT-0008661,WO-003632,2026-03-11,Afternoon,M04,Changeover,Planned changeover,84.57,1
DT-0008662,WO-003632,2026-03-11,Afternoon,M04,Breakdown,Sensor fault,17.15,0
DT-0008663,WO-003632,2026-03-11,Afternoon,M04,Microstop,Material jam,36.99,0
DT-0008664,WO-003633,2026-03-11,Morning,M05,Microstop,Material jam,13.0,0
DT-0008665,WO-003633,2026-03-11,Morning,M05,Microstop,Material jam,4.78,0
DT-0008666,WO-003633,2026-03-11,Morning,M05,Changeover,Tooling change,13.47,0
DT-0008667,WO-003634,2026-03-11,Afternoon,M05,Changeover,Tooling change,6.57,0
DT-0008668,WO-003634,2026-03-11,Afternoon,M05,Changeover,Planned changeover,35.69,1
DT-0008669,WO-003634,2026-03-11,Afternoon,M05,Breakdown,Mechanical fault,9.54,0
DT-0008670,WO-003634,2026-03-11,Afternoon,M05,Microstop,Material jam,1.14,0
DT-0008671,WO-003634,2026-03-11,Afternoon,M05,Breakdown,Sensor fault,4.53,0
DT-0008672,WO-003635,2026-03-11,Morning,M06,Changeover,Tooling change,26.8,0
DT-0008673,WO-003635,2026-03-11,Morning,M06,Microstop,Vision retry,9.44,0
DT-0008674,WO-003635,2026-03-11,Morning,M06,Changeover,Tooling change,17.14,0
DT-0008675,WO-003636,2026-03-11,Afternoon,M06,Breakdown,Mechanical fault,4.12,0
DT-0008676,WO-003636,2026-03-11,Afternoon,M06,Breakdown,Mechanical fault,11.4,0
DT-0008677,WO-003636,2026-03-11,Afternoon,M06,Breakdown,Mechanical fault,9.2,0
DT-0008678,WO-003637,2026-03-12,Morning,M01,Breakdown,Sensor fault,32.87,0
DT-0008679,WO-003638,2026-03-12,Afternoon,M01,Process,Parameter adjustment,15.34,0
DT-0008680,WO-003638,2026-03-12,Afternoon,M01,Process,Parameter adjustment,27.64,0
DT-0008681,WO-003639,2026-03-12,Morning,M02,Microstop,Material jam,41.44,0
DT-0008682,WO-003639,2026-03-12,Morning,M02,Changeover,Tooling change,0.99,0
DT-0008683,WO-003640,2026-03-12,Afternoon,M02,Breakdown,Sensor fault,25.85,0
DT-0008684,WO-003640,2026-03-12,Afternoon,M02,Microstop,Material jam,13.95,0
DT-0008685,WO-003640,2026-03-12,Afternoon,M02,Changeover,Planned changeover,16.2,1
DT-0008686,WO-003640,2026-03-12,Afternoon,M02,Changeover,Planned changeover,7.91,1
DT-0008687,WO-003641,2026-03-12,Morning,M03,Microstop,Vision retry,13.05,0
DT-0008688,WO-003641,2026-03-12,Morning,M03,Changeover,Tooling change,33.48,0
DT-0008689,WO-003642,2026-03-12,Afternoon,M03,Changeover,Tooling change,3.81,0
DT-0008690,WO-003642,2026-03-12,Afternoon,M03,Changeover,Planned changeover,3.74,1
DT-0008691,WO-003642,2026-03-12,Afternoon,M03,Breakdown,Mechanical fault,18.12,0
DT-0008692,WO-003642,2026-03-12,Afternoon,M03,Material,Material shortage,5.21,0
DT-0008693,WO-003642,2026-03-12,Afternoon,M03,Microstop,Material jam,1.0,0
DT-0008694,WO-003643,2026-03-12,Morning,M04,Breakdown,Robot recovery,103.76,0
DT-0008695,WO-003644,2026-03-12,Afternoon,M04,Changeover,Fixture setup,118.16,0
DT-0008696,WO-003644,2026-03-12,Afternoon,M04,Changeover,Fixture setup,8.63,0
DT-0008697,WO-003644,2026-03-12,Afternoon,M04,Changeover,Fixture setup,9.16,0
DT-0008698,WO-003645,2026-03-12,Morning,M05,Breakdown,Sensor fault,2.11,0
DT-0008699,WO-003645,2026-03-12,Morning,M05,Microstop,Material jam,35.39,0
DT-0008700,WO-003646,2026-03-12,Afternoon,M05,Microstop,Material jam,16.15,0
DT-0008701,WO-003646,2026-03-12,Afternoon,M05,Microstop,Material jam,23.87,0
DT-0008702,WO-003646,2026-03-12,Afternoon,M05,Material,Material shortage,21.18,0
DT-0008703,WO-003647,2026-03-12,Morning,M06,Changeover,Planned changeover,11.53,1
DT-0008704,WO-003647,2026-03-12,Morning,M06,Changeover,Tooling change,4.75,0
DT-0008705,WO-003648,2026-03-12,Afternoon,M06,Microstop,Vision retry,41.41,0
DT-0008706,WO-003649,2026-03-13,Morning,M01,Process,Parameter adjustment,11.73,0
DT-0008707,WO-003649,2026-03-13,Morning,M01,Changeover,Planned changeover,4.44,1
DT-0008708,WO-003649,2026-03-13,Morning,M01,Microstop,Vision retry,7.84,0
DT-0008709,WO-003650,2026-03-13,Afternoon,M01,Breakdown,Sensor fault,50.58,0
DT-0008710,WO-003651,2026-03-13,Morning,M02,Microstop,Material jam,17.39,0
DT-0008711,WO-003651,2026-03-13,Morning,M02,Changeover,Planned changeover,21.74,1
DT-0008712,WO-003651,2026-03-13,Morning,M02,Breakdown,Mechanical fault,12.19,0
DT-0008713,WO-003652,2026-03-13,Afternoon,M02,Material,Material shortage,6.03,0
DT-0008714,WO-003652,2026-03-13,Afternoon,M02,Microstop,Material jam,0.99,0
DT-0008715,WO-003652,2026-03-13,Afternoon,M02,Changeover,Tooling change,11.83,0
DT-0008716,WO-003652,2026-03-13,Afternoon,M02,Process,Parameter adjustment,19.66,0
DT-0008717,WO-003652,2026-03-13,Afternoon,M02,Planned,Calibration,11.76,1
DT-0008718,WO-003653,2026-03-13,Morning,M03,Process,Parameter adjustment,31.05,0
DT-0008719,WO-003654,2026-03-13,Afternoon,M03,Breakdown,Mechanical fault,26.3,0
DT-0008720,WO-003654,2026-03-13,Afternoon,M03,Material,Material shortage,27.74,0
DT-0008721,WO-003655,2026-03-13,Morning,M04,Material,Material shortage,45.14,0
DT-0008722,WO-003655,2026-03-13,Morning,M04,Planned,Preventive maintenance,81.99,1
DT-0008723,WO-003656,2026-03-13,Afternoon,M04,Microstop,Torch cleaning,30.08,0
DT-0008724,WO-003656,2026-03-13,Afternoon,M04,Changeover,Fixture setup,26.84,0
DT-0008725,WO-003656,2026-03-13,Afternoon,M04,Changeover,Fixture setup,68.32,0
DT-0008726,WO-003657,2026-03-13,Morning,M05,Planned,Preventive maintenance,12.45,1
DT-0008727,WO-003657,2026-03-13,Morning,M05,Process,Parameter adjustment,46.96,0
DT-0008728,WO-003657,2026-03-13,Morning,M05,Breakdown,Mechanical fault,9.31,0
DT-0008729,WO-003658,2026-03-13,Afternoon,M05,Breakdown,Sensor fault,50.43,0
DT-0008730,WO-003659,2026-03-13,Morning,M06,Breakdown,Mechanical fault,35.76,0
DT-0008731,WO-003660,2026-03-13,Afternoon,M06,Breakdown,Mechanical fault,53.86,0
DT-0008732,WO-003661,2026-03-16,Morning,M01,Material,Material shortage,24.85,0
DT-0008733,WO-003661,2026-03-16,Morning,M01,Material,Material shortage,10.24,0
DT-0008734,WO-003661,2026-03-16,Morning,M01,Microstop,Vision retry,8.78,0
DT-0008735,WO-003662,2026-03-16,Afternoon,M01,Breakdown,Mechanical fault,19.97,0
DT-0008736,WO-003662,2026-03-16,Afternoon,M01,Planned,Preventive maintenance,15.39,1
DT-0008737,WO-003663,2026-03-16,Morning,M02,Microstop,Material jam,7.17,0
DT-0008738,WO-003663,2026-03-16,Morning,M02,Planned,Preventive maintenance,3.14,1
DT-0008739,WO-003663,2026-03-16,Morning,M02,Microstop,Vision retry,14.53,0
DT-0008740,WO-003663,2026-03-16,Morning,M02,Material,Material shortage,10.4,0
DT-0008741,WO-003663,2026-03-16,Morning,M02,Microstop,Vision retry,9.64,0
DT-0008742,WO-003664,2026-03-16,Afternoon,M02,Changeover,Tooling change,23.72,0
DT-0008743,WO-003664,2026-03-16,Afternoon,M02,Changeover,Planned changeover,33.3,1
DT-0008744,WO-003664,2026-03-16,Afternoon,M02,Material,Material shortage,22.92,0
DT-0008745,WO-003665,2026-03-16,Morning,M03,Changeover,Planned changeover,27.29,1
DT-0008746,WO-003666,2026-03-16,Afternoon,M03,Microstop,Material jam,51.03,0
DT-0008747,WO-003667,2026-03-16,Morning,M04,Planned,Preventive maintenance,114.48,1
DT-0008748,WO-003668,2026-03-16,Afternoon,M04,Changeover,Tooling change,72.93,0
DT-0008749,WO-003668,2026-03-16,Afternoon,M04,Changeover,Fixture setup,53.41,0
DT-0008750,WO-003669,2026-03-16,Morning,M05,Planned,Preventive maintenance,7.3,1
DT-0008751,WO-003669,2026-03-16,Morning,M05,Breakdown,Mechanical fault,28.52,0
DT-0008752,WO-003670,2026-03-16,Afternoon,M05,Microstop,Material jam,60.47,0
DT-0008753,WO-003670,2026-03-16,Afternoon,M05,Breakdown,Sensor fault,11.82,0
DT-0008754,WO-003671,2026-03-16,Morning,M06,Breakdown,Sensor fault,32.39,0
DT-0008755,WO-003671,2026-03-16,Morning,M06,Microstop,Material jam,4.25,0
DT-0008756,WO-003672,2026-03-16,Afternoon,M06,Breakdown,Mechanical fault,35.85,0
DT-0008757,WO-003672,2026-03-16,Afternoon,M06,Process,Parameter adjustment,16.1,0
DT-0008758,WO-003673,2026-03-17,Morning,M01,Process,Parameter adjustment,38.86,0
DT-0008759,WO-003674,2026-03-17,Afternoon,M01,Material,Material shortage,3.16,0
DT-0008760,WO-003674,2026-03-17,Afternoon,M01,Breakdown,Mechanical fault,46.8,0
DT-0008761,WO-003675,2026-03-17,Morning,M02,Breakdown,Sensor fault,20.22,0
DT-0008762,WO-003675,2026-03-17,Morning,M02,Changeover,Tooling change,10.88,0
DT-0008763,WO-003676,2026-03-17,Afternoon,M02,Material,Material shortage,41.06,0
DT-0008764,WO-003676,2026-03-17,Afternoon,M02,Breakdown,Mechanical fault,3.97,0
DT-0008765,WO-003676,2026-03-17,Afternoon,M02,Material,Material shortage,31.99,0
DT-0008766,WO-003677,2026-03-17,Morning,M03,Microstop,Vision retry,6.18,0
DT-0008767,WO-003677,2026-03-17,Morning,M03,Process,Parameter adjustment,3.8,0
DT-0008768,WO-003677,2026-03-17,Morning,M03,Changeover,Tooling change,16.67,0
DT-0008769,WO-003677,2026-03-17,Morning,M03,Breakdown,Mechanical fault,7.97,0
DT-0008770,WO-003678,2026-03-17,Afternoon,M03,Microstop,Vision retry,18.6,0
DT-0008771,WO-003678,2026-03-17,Afternoon,M03,Breakdown,Sensor fault,12.57,0
DT-0008772,WO-003678,2026-03-17,Afternoon,M03,Breakdown,Sensor fault,6.88,0
DT-0008773,WO-003678,2026-03-17,Afternoon,M03,Process,Parameter adjustment,10.65,0
DT-0008774,WO-003679,2026-03-17,Morning,M04,Planned,Calibration,20.79,1
DT-0008775,WO-003679,2026-03-17,Morning,M04,Breakdown,Sensor fault,3.49,0
DT-0008776,WO-003679,2026-03-17,Morning,M04,Breakdown,Mechanical fault,65.69,0
DT-0008777,WO-003679,2026-03-17,Morning,M04,Changeover,Fixture setup,15.44,0
DT-0008778,WO-003680,2026-03-17,Afternoon,M04,Breakdown,Robot recovery,9.66,0
DT-0008779,WO-003680,2026-03-17,Afternoon,M04,Material,Material shortage,78.35,0
DT-0008780,WO-003680,2026-03-17,Afternoon,M04,Changeover,Tooling change,34.99,0
DT-0008781,WO-003681,2026-03-17,Morning,M05,Material,Material shortage,21.1,0
DT-0008782,WO-003681,2026-03-17,Morning,M05,Planned,Preventive maintenance,27.9,1
DT-0008783,WO-003682,2026-03-17,Afternoon,M05,Process,Parameter adjustment,45.29,0
DT-0008784,WO-003683,2026-03-17,Morning,M06,Breakdown,Mechanical fault,2.63,0
DT-0008785,WO-003683,2026-03-17,Morning,M06,Material,Material shortage,5.49,0
DT-0008786,WO-003683,2026-03-17,Morning,M06,Breakdown,Mechanical fault,4.78,0
DT-0008787,WO-003684,2026-03-17,Afternoon,M06,Material,Material shortage,1.83,0
DT-0008788,WO-003684,2026-03-17,Afternoon,M06,Material,Material shortage,21.38,0
DT-0008789,WO-003685,2026-03-18,Morning,M01,Breakdown,Mechanical fault,14.31,0
DT-0008790,WO-003685,2026-03-18,Morning,M01,Process,Parameter adjustment,47.86,0
DT-0008791,WO-003686,2026-03-18,Afternoon,M01,Planned,Calibration,13.41,1
DT-0008792,WO-003686,2026-03-18,Afternoon,M01,Microstop,Vision retry,33.89,0
DT-0008793,WO-003686,2026-03-18,Afternoon,M01,Microstop,Material jam,14.89,0
DT-0008794,WO-003687,2026-03-18,Morning,M02,Microstop,Material jam,3.28,0
DT-0008795,WO-003687,2026-03-18,Morning,M02,Process,Parameter adjustment,17.17,0
DT-0008796,WO-003687,2026-03-18,Morning,M02,Microstop,Vision retry,9.4,0
DT-0008797,WO-003688,2026-03-18,Afternoon,M02,Process,Parameter adjustment,21.0,0
DT-0008798,WO-003688,2026-03-18,Afternoon,M02,Material,Material shortage,26.96,0
DT-0008799,WO-003688,2026-03-18,Afternoon,M02,Microstop,Vision retry,8.53,0
DT-0008800,WO-003689,2026-03-18,Morning,M03,Breakdown,Mechanical fault,25.8,0
DT-0008801,WO-003689,2026-03-18,Morning,M03,Process,Parameter adjustment,5.93,0
DT-0008802,WO-003689,2026-03-18,Morning,M03,Planned,Preventive maintenance,7.6,1
DT-0008803,WO-003690,2026-03-18,Afternoon,M03,Planned,Preventive maintenance,34.99,1
DT-0008804,WO-003691,2026-03-18,Morning,M04,Process,Weld parameter adjustment,113.19,0
DT-0008805,WO-003692,2026-03-18,Afternoon,M04,Changeover,Fixture setup,18.41,0
DT-0008806,WO-003692,2026-03-18,Afternoon,M04,Process,Weld parameter adjustment,108.52,0
DT-0008807,WO-003693,2026-03-18,Morning,M05,Breakdown,Sensor fault,60.73,0
DT-0008808,WO-003694,2026-03-18,Afternoon,M05,Material,Material shortage,72.32,0
DT-0008809,WO-003695,2026-03-18,Morning,M06,Changeover,Tooling change,2.24,0
DT-0008810,WO-003695,2026-03-18,Morning,M06,Microstop,Vision retry,7.19,0
DT-0008811,WO-003695,2026-03-18,Morning,M06,Process,Parameter adjustment,14.62,0
DT-0008812,WO-003696,2026-03-18,Afternoon,M06,Changeover,Tooling change,17.8,0
DT-0008813,WO-003696,2026-03-18,Afternoon,M06,Changeover,Tooling change,14.19,0
DT-0008814,WO-003696,2026-03-18,Afternoon,M06,Changeover,Planned changeover,19.27,1
DT-0008815,WO-003697,2026-03-19,Morning,M01,Breakdown,Sensor fault,51.27,0
DT-0008816,WO-003697,2026-03-19,Morning,M01,Planned,Calibration,7.07,1
DT-0008817,WO-003698,2026-03-19,Afternoon,M01,Microstop,Material jam,30.23,0
DT-0008818,WO-003698,2026-03-19,Afternoon,M01,Planned,Calibration,43.67,1
DT-0008819,WO-003699,2026-03-19,Morning,M02,Changeover,Tooling change,61.03,0
DT-0008820,WO-003700,2026-03-19,Afternoon,M02,Breakdown,Sensor fault,69.79,0
DT-0008821,WO-003701,2026-03-19,Morning,M03,Microstop,Vision retry,4.87,0
DT-0008822,WO-003701,2026-03-19,Morning,M03,Microstop,Vision retry,26.2,0
DT-0008823,WO-003702,2026-03-19,Afternoon,M03,Microstop,Material jam,43.93,0
DT-0008824,WO-003702,2026-03-19,Afternoon,M03,Planned,Calibration,10.41,1
DT-0008825,WO-003703,2026-03-19,Morning,M04,Changeover,Fixture setup,42.35,0
DT-0008826,WO-003703,2026-03-19,Morning,M04,Changeover,Fixture setup,16.26,0
DT-0008827,WO-003703,2026-03-19,Morning,M04,Changeover,Fixture setup,10.3,0
DT-0008828,WO-003703,2026-03-19,Morning,M04,Breakdown,Wire feeder fault,61.49,0
DT-0008829,WO-003704,2026-03-19,Afternoon,M04,Breakdown,Robot recovery,32.98,0
DT-0008830,WO-003704,2026-03-19,Afternoon,M04,Microstop,Torch cleaning,3.6,0
DT-0008831,WO-003704,2026-03-19,Afternoon,M04,Microstop,Torch cleaning,30.86,0
DT-0008832,WO-003704,2026-03-19,Afternoon,M04,Microstop,Torch cleaning,30.02,0
DT-0008833,WO-003704,2026-03-19,Afternoon,M04,Microstop,Torch cleaning,34.35,0
DT-0008834,WO-003705,2026-03-19,Morning,M05,Microstop,Vision retry,39.56,0
DT-0008835,WO-003705,2026-03-19,Morning,M05,Breakdown,Mechanical fault,6.91,0
DT-0008836,WO-003706,2026-03-19,Afternoon,M05,Changeover,Tooling change,0.99,0
DT-0008837,WO-003706,2026-03-19,Afternoon,M05,Microstop,Vision retry,4.4,0
DT-0008838,WO-003706,2026-03-19,Afternoon,M05,Breakdown,Sensor fault,27.77,0
DT-0008839,WO-003706,2026-03-19,Afternoon,M05,Material,Material shortage,14.39,0
DT-0008840,WO-003706,2026-03-19,Afternoon,M05,Changeover,Planned changeover,10.71,1
DT-0008841,WO-003707,2026-03-19,Morning,M06,Breakdown,Sensor fault,10.71,0
DT-0008842,WO-003707,2026-03-19,Morning,M06,Process,Parameter adjustment,41.96,0
DT-0008843,WO-003708,2026-03-19,Afternoon,M06,Microstop,Vision retry,6.41,0
DT-0008844,WO-003708,2026-03-19,Afternoon,M06,Breakdown,Sensor fault,34.4,0
DT-0008845,WO-003709,2026-03-20,Morning,M01,Microstop,Vision retry,30.62,0
DT-0008846,WO-003709,2026-03-20,Morning,M01,Planned,Preventive maintenance,13.47,1
DT-0008847,WO-003709,2026-03-20,Morning,M01,Breakdown,Sensor fault,19.54,0
DT-0008848,WO-003710,2026-03-20,Afternoon,M01,Material,Material shortage,19.02,0
DT-0008849,WO-003710,2026-03-20,Afternoon,M01,Microstop,Vision retry,35.62,0
DT-0008850,WO-003711,2026-03-20,Morning,M02,Breakdown,Mechanical fault,9.02,0
DT-0008851,WO-003711,2026-03-20,Morning,M02,Changeover,Tooling change,16.17,0
DT-0008852,WO-003711,2026-03-20,Morning,M02,Planned,Preventive maintenance,0.98,1
DT-0008853,WO-003711,2026-03-20,Morning,M02,Changeover,Tooling change,15.8,0
DT-0008854,WO-003712,2026-03-20,Afternoon,M02,Changeover,Tooling change,36.53,0
DT-0008855,WO-003712,2026-03-20,Afternoon,M02,Breakdown,Mechanical fault,10.61,0
DT-0008856,WO-003712,2026-03-20,Afternoon,M02,Microstop,Material jam,12.69,0
DT-0008857,WO-003713,2026-03-20,Morning,M03,Changeover,Tooling change,50.52,0
DT-0008858,WO-003714,2026-03-20,Afternoon,M03,Changeover,Tooling change,7.37,0
DT-0008859,WO-003714,2026-03-20,Afternoon,M03,Breakdown,Sensor fault,14.46,0
DT-0008860,WO-003714,2026-03-20,Afternoon,M03,Process,Parameter adjustment,5.02,0
DT-0008861,WO-003715,2026-03-20,Morning,M04,Material,Material shortage,118.96,0
DT-0008862,WO-003716,2026-03-20,Afternoon,M04,Process,Parameter adjustment,27.48,0
DT-0008863,WO-003716,2026-03-20,Afternoon,M04,Changeover,Fixture setup,8.52,0
DT-0008864,WO-003716,2026-03-20,Afternoon,M04,Planned,Calibration,34.2,1
DT-0008865,WO-003716,2026-03-20,Afternoon,M04,Process,Parameter adjustment,42.47,0
DT-0008866,WO-003717,2026-03-20,Morning,M05,Breakdown,Sensor fault,66.46,0
DT-0008867,WO-003718,2026-03-20,Afternoon,M05,Microstop,Vision retry,42.66,0
DT-0008868,WO-003718,2026-03-20,Afternoon,M05,Planned,Calibration,20.22,1
DT-0008869,WO-003719,2026-03-20,Morning,M06,Process,Parameter adjustment,42.22,0
DT-0008870,WO-003720,2026-03-20,Afternoon,M06,Microstop,Material jam,19.04,0
DT-0008871,WO-003720,2026-03-20,Afternoon,M06,Material,Material shortage,15.02,0
DT-0008872,WO-003721,2026-03-23,Morning,M01,Microstop,Vision retry,7.54,0
DT-0008873,WO-003721,2026-03-23,Morning,M01,Changeover,Tooling change,15.11,0
DT-0008874,WO-003722,2026-03-23,Afternoon,M01,Microstop,Vision retry,39.41,0
DT-0008875,WO-003723,2026-03-23,Morning,M02,Material,Material shortage,53.94,0
DT-0008876,WO-003724,2026-03-23,Afternoon,M02,Breakdown,Sensor fault,2.61,0
DT-0008877,WO-003724,2026-03-23,Afternoon,M02,Microstop,Vision retry,7.39,0
DT-0008878,WO-003724,2026-03-23,Afternoon,M02,Breakdown,Mechanical fault,1.88,0
DT-0008879,WO-003724,2026-03-23,Afternoon,M02,Changeover,Planned changeover,34.34,1
DT-0008880,WO-003724,2026-03-23,Afternoon,M02,Planned,Preventive maintenance,11.17,1
DT-0008881,WO-003725,2026-03-23,Morning,M03,Microstop,Material jam,26.75,0
DT-0008882,WO-003725,2026-03-23,Morning,M03,Planned,Calibration,8.11,1
DT-0008883,WO-003725,2026-03-23,Morning,M03,Microstop,Material jam,1.91,0
DT-0008884,WO-003726,2026-03-23,Afternoon,M03,Changeover,Tooling change,2.85,0
DT-0008885,WO-003726,2026-03-23,Afternoon,M03,Process,Parameter adjustment,3.79,0
DT-0008886,WO-003726,2026-03-23,Afternoon,M03,Breakdown,Sensor fault,9.17,0
DT-0008887,WO-003726,2026-03-23,Afternoon,M03,Process,Parameter adjustment,4.78,0
DT-0008888,WO-003727,2026-03-23,Morning,M04,Changeover,Fixture setup,110.57,0
DT-0008889,WO-003727,2026-03-23,Morning,M04,Microstop,Vision retry,5.97,0
DT-0008890,WO-003727,2026-03-23,Morning,M04,Changeover,Fixture setup,4.83,0
DT-0008891,WO-003728,2026-03-23,Afternoon,M04,Planned,Calibration,61.75,1
DT-0008892,WO-003728,2026-03-23,Afternoon,M04,Changeover,Planned changeover,58.66,1
DT-0008893,WO-003728,2026-03-23,Afternoon,M04,Changeover,Planned changeover,4.94,1
DT-0008894,WO-003729,2026-03-23,Morning,M05,Microstop,Vision retry,14.4,0
DT-0008895,WO-003729,2026-03-23,Morning,M05,Planned,Preventive maintenance,5.32,1
DT-0008896,WO-003729,2026-03-23,Morning,M05,Breakdown,Sensor fault,27.11,0
DT-0008897,WO-003730,2026-03-23,Afternoon,M05,Breakdown,Mechanical fault,69.63,0
DT-0008898,WO-003731,2026-03-23,Morning,M06,Planned,Preventive maintenance,39.34,1
DT-0008899,WO-003732,2026-03-23,Afternoon,M06,Material,Material shortage,11.59,0
DT-0008900,WO-003732,2026-03-23,Afternoon,M06,Changeover,Planned changeover,19.25,1
DT-0008901,WO-003732,2026-03-23,Afternoon,M06,Changeover,Tooling change,14.28,0
DT-0008902,WO-003733,2026-03-24,Morning,M01,Changeover,Tooling change,16.05,0
DT-0008903,WO-003733,2026-03-24,Morning,M01,Breakdown,Mechanical fault,33.06,0
DT-0008904,WO-003734,2026-03-24,Afternoon,M01,Changeover,Tooling change,35.95,0
DT-0008905,WO-003734,2026-03-24,Afternoon,M01,Changeover,Tooling change,15.71,0
DT-0008906,WO-003735,2026-03-24,Morning,M02,Planned,Calibration,48.52,1
DT-0008907,WO-003736,2026-03-24,Afternoon,M02,Breakdown,Sensor fault,66.7,0
DT-0008908,WO-003736,2026-03-24,Afternoon,M02,Breakdown,Mechanical fault,6.17,0
DT-0008909,WO-003737,2026-03-24,Morning,M03,Changeover,Tooling change,11.46,0
DT-0008910,WO-003737,2026-03-24,Morning,M03,Material,Material shortage,5.39,0
DT-0008911,WO-003738,2026-03-24,Afternoon,M03,Breakdown,Sensor fault,13.44,0
DT-0008912,WO-003738,2026-03-24,Afternoon,M03,Microstop,Material jam,32.92,0
DT-0008913,WO-003738,2026-03-24,Afternoon,M03,Microstop,Vision retry,11.13,0
DT-0008914,WO-003739,2026-03-24,Morning,M04,Planned,Calibration,1.78,1
DT-0008915,WO-003739,2026-03-24,Morning,M04,Changeover,Planned changeover,21.8,1
DT-0008916,WO-003739,2026-03-24,Morning,M04,Changeover,Fixture setup,71.72,0
DT-0008917,WO-003739,2026-03-24,Morning,M04,Breakdown,Mechanical fault,30.4,0
DT-0008918,WO-003740,2026-03-24,Afternoon,M04,Breakdown,Robot recovery,47.87,0
DT-0008919,WO-003740,2026-03-24,Afternoon,M04,Changeover,Fixture setup,73.96,0
DT-0008920,WO-003741,2026-03-24,Morning,M05,Microstop,Material jam,5.42,0
DT-0008921,WO-003741,2026-03-24,Morning,M05,Breakdown,Sensor fault,33.44,0
DT-0008922,WO-003742,2026-03-24,Afternoon,M05,Breakdown,Sensor fault,5.74,0
DT-0008923,WO-003742,2026-03-24,Afternoon,M05,Breakdown,Mechanical fault,58.45,0
DT-0008924,WO-003743,2026-03-24,Morning,M06,Process,Parameter adjustment,17.26,0
DT-0008925,WO-003744,2026-03-24,Afternoon,M06,Process,Parameter adjustment,11.23,0
DT-0008926,WO-003744,2026-03-24,Afternoon,M06,Changeover,Tooling change,1.58,0
DT-0008927,WO-003744,2026-03-24,Afternoon,M06,Microstop,Vision retry,14.98,0
DT-0008928,WO-003744,2026-03-24,Afternoon,M06,Material,Material shortage,3.39,0
DT-0008929,WO-003745,2026-03-25,Morning,M01,Microstop,Vision retry,13.47,0
DT-0008930,WO-003745,2026-03-25,Morning,M01,Breakdown,Mechanical fault,27.19,0
DT-0008931,WO-003746,2026-03-25,Afternoon,M01,Changeover,Tooling change,38.04,0
DT-0008932,WO-003746,2026-03-25,Afternoon,M01,Process,Parameter adjustment,0.98,0
DT-0008933,WO-003747,2026-03-25,Morning,M02,Material,Material shortage,15.22,0
DT-0008934,WO-003747,2026-03-25,Morning,M02,Changeover,Tooling change,2.48,0
DT-0008935,WO-003748,2026-03-25,Afternoon,M02,Changeover,Tooling change,72.77,0
DT-0008936,WO-003749,2026-03-25,Morning,M03,Changeover,Tooling change,32.5,0
DT-0008937,WO-003749,2026-03-25,Morning,M03,Process,Parameter adjustment,27.53,0
DT-0008938,WO-003750,2026-03-25,Afternoon,M03,Changeover,Tooling change,43.58,0
DT-0008939,WO-003751,2026-03-25,Morning,M04,Planned,Preventive maintenance,70.47,1
DT-0008940,WO-003751,2026-03-25,Morning,M04,Changeover,Fixture setup,28.7,0
DT-0008941,WO-003751,2026-03-25,Morning,M04,Process,Parameter adjustment,24.7,0
DT-0008942,WO-003752,2026-03-25,Afternoon,M04,Changeover,Planned changeover,107.24,1
DT-0008943,WO-003753,2026-03-25,Morning,M05,Process,Parameter adjustment,8.57,0
DT-0008944,WO-003753,2026-03-25,Morning,M05,Microstop,Vision retry,10.98,0
DT-0008945,WO-003753,2026-03-25,Morning,M05,Breakdown,Mechanical fault,10.6,0
DT-0008946,WO-003753,2026-03-25,Morning,M05,Breakdown,Mechanical fault,0.99,0
DT-0008947,WO-003753,2026-03-25,Morning,M05,Breakdown,Mechanical fault,2.51,0
DT-0008948,WO-003754,2026-03-25,Afternoon,M05,Changeover,Planned changeover,58.18,1
DT-0008949,WO-003755,2026-03-25,Morning,M06,Changeover,Planned changeover,9.66,1
DT-0008950,WO-003755,2026-03-25,Morning,M06,Breakdown,Sensor fault,21.97,0
DT-0008951,WO-003756,2026-03-25,Afternoon,M06,Breakdown,Mechanical fault,5.7,0
DT-0008952,WO-003756,2026-03-25,Afternoon,M06,Microstop,Material jam,23.5,0
DT-0008953,WO-003757,2026-03-26,Morning,M01,Process,Parameter adjustment,80.19,0
DT-0008954,WO-003758,2026-03-26,Afternoon,M01,Breakdown,Sensor fault,20.47,0
DT-0008955,WO-003758,2026-03-26,Afternoon,M01,Microstop,Vision retry,20.95,0
DT-0008956,WO-003758,2026-03-26,Afternoon,M01,Changeover,Tooling change,5.28,0
DT-0008957,WO-003759,2026-03-26,Morning,M02,Microstop,Vision retry,5.51,0
DT-0008958,WO-003759,2026-03-26,Morning,M02,Planned,Preventive maintenance,18.32,1
DT-0008959,WO-003759,2026-03-26,Morning,M02,Microstop,Material jam,41.87,0
DT-0008960,WO-003760,2026-03-26,Afternoon,M02,Material,Material shortage,8.54,0
DT-0008961,WO-003760,2026-03-26,Afternoon,M02,Planned,Preventive maintenance,15.5,1
DT-0008962,WO-003760,2026-03-26,Afternoon,M02,Material,Material shortage,17.0,0
DT-0008963,WO-003760,2026-03-26,Afternoon,M02,Breakdown,Mechanical fault,16.1,0
DT-0008964,WO-003761,2026-03-26,Morning,M03,Microstop,Material jam,10.55,0
DT-0008965,WO-003761,2026-03-26,Morning,M03,Material,Material shortage,7.89,0
DT-0008966,WO-003761,2026-03-26,Morning,M03,Planned,Calibration,5.49,1
DT-0008967,WO-003761,2026-03-26,Morning,M03,Changeover,Tooling change,11.46,0
DT-0008968,WO-003762,2026-03-26,Afternoon,M03,Breakdown,Sensor fault,27.19,0
DT-0008969,WO-003762,2026-03-26,Afternoon,M03,Process,Parameter adjustment,9.75,0
DT-0008970,WO-003762,2026-03-26,Afternoon,M03,Process,Parameter adjustment,9.51,0
DT-0008971,WO-003763,2026-03-26,Morning,M04,Changeover,Fixture setup,116.8,0
DT-0008972,WO-003764,2026-03-26,Afternoon,M04,Breakdown,Mechanical fault,17.0,0
DT-0008973,WO-003764,2026-03-26,Afternoon,M04,Material,Material shortage,89.91,0
DT-0008974,WO-003765,2026-03-26,Morning,M05,Material,Material shortage,37.96,0
DT-0008975,WO-003765,2026-03-26,Morning,M05,Material,Material shortage,17.37,0
DT-0008976,WO-003766,2026-03-26,Afternoon,M05,Planned,Calibration,65.81,1
DT-0008977,WO-003767,2026-03-26,Morning,M06,Breakdown,Mechanical fault,23.89,0
DT-0008978,WO-003767,2026-03-26,Morning,M06,Changeover,Tooling change,5.97,0
DT-0008979,WO-003767,2026-03-26,Morning,M06,Planned,Preventive maintenance,11.86,1
DT-0008980,WO-003768,2026-03-26,Afternoon,M06,Material,Material shortage,26.12,0
DT-0008981,WO-003768,2026-03-26,Afternoon,M06,Breakdown,Sensor fault,11.59,0
DT-0008982,WO-003768,2026-03-26,Afternoon,M06,Breakdown,Sensor fault,2.54,0
DT-0008983,WO-003769,2026-03-27,Morning,M01,Microstop,Material jam,29.68,0
DT-0008984,WO-003770,2026-03-27,Afternoon,M01,Breakdown,Sensor fault,44.39,0
DT-0008985,WO-003771,2026-03-27,Morning,M02,Breakdown,Mechanical fault,10.02,0
DT-0008986,WO-003771,2026-03-27,Morning,M02,Process,Parameter adjustment,40.43,0
DT-0008987,WO-003771,2026-03-27,Morning,M02,Planned,Calibration,3.6,1
DT-0008988,WO-003772,2026-03-27,Afternoon,M02,Microstop,Vision retry,51.2,0
DT-0008989,WO-003772,2026-03-27,Afternoon,M02,Changeover,Planned changeover,7.12,1
DT-0008990,WO-003773,2026-03-27,Afternoon,M03,Breakdown,Mechanical fault,1.85,0
DT-0008991,WO-003773,2026-03-27,Afternoon,M03,Process,Parameter adjustment,7.6,0
DT-0008992,WO-003773,2026-03-27,Afternoon,M03,Microstop,Vision retry,24.27,0
DT-0008993,WO-003773,2026-03-27,Afternoon,M03,Breakdown,Sensor fault,30.29,0
DT-0008994,WO-003774,2026-03-27,Morning,M04,Changeover,Fixture setup,53.65,0
DT-0008995,WO-003774,2026-03-27,Morning,M04,Changeover,Fixture setup,55.76,0
DT-0008996,WO-003775,2026-03-27,Afternoon,M04,Changeover,Fixture setup,25.38,0
DT-0008997,WO-003775,2026-03-27,Afternoon,M04,Breakdown,Robot recovery,108.46,0
DT-0008998,WO-003776,2026-03-27,Morning,M05,Process,Parameter adjustment,28.25,0
DT-0008999,WO-003776,2026-03-27,Morning,M05,Changeover,Tooling change,16.88,0
DT-0009000,WO-003777,2026-03-27,Afternoon,M05,Microstop,Vision retry,49.59,0
DT-0009001,WO-003778,2026-03-27,Morning,M06,Material,Material shortage,25.22,0
DT-0009002,WO-003779,2026-03-27,Afternoon,M06,Changeover,Tooling change,18.33,0
DT-0009003,WO-003779,2026-03-27,Afternoon,M06,Microstop,Vision retry,0.98,0
DT-0009004,WO-003779,2026-03-27,Afternoon,M06,Changeover,Tooling change,24.78,0
DT-0009005,WO-003780,2026-03-30,Morning,M01,Process,Parameter adjustment,15.38,0
DT-0009006,WO-003780,2026-03-30,Morning,M01,Microstop,Material jam,29.54,0
DT-0009007,WO-003780,2026-03-30,Morning,M01,Breakdown,Mechanical fault,0.98,0
DT-0009008,WO-003781,2026-03-30,Afternoon,M01,Microstop,Material jam,25.51,0
DT-0009009,WO-003781,2026-03-30,Afternoon,M01,Microstop,Vision retry,18.08,0
DT-0009010,WO-003782,2026-03-30,Morning,M02,Changeover,Tooling change,62.19,0
DT-0009011,WO-003783,2026-03-30,Afternoon,M02,Changeover,Tooling change,15.54,0
DT-0009012,WO-003783,2026-03-30,Afternoon,M02,Breakdown,Mechanical fault,41.49,0
DT-0009013,WO-003784,2026-03-30,Morning,M03,Breakdown,Sensor fault,2.28,0
DT-0009014,WO-003784,2026-03-30,Morning,M03,Process,Parameter adjustment,0.98,0
DT-0009015,WO-003784,2026-03-30,Morning,M03,Breakdown,Sensor fault,21.57,0
DT-0009016,WO-003784,2026-03-30,Morning,M03,Material,Material shortage,14.6,0
DT-0009017,WO-003785,2026-03-30,Afternoon,M03,Microstop,Material jam,20.09,0
DT-0009018,WO-003785,2026-03-30,Afternoon,M03,Breakdown,Mechanical fault,6.82,0
DT-0009019,WO-003786,2026-03-30,Morning,M04,Process,Parameter adjustment,103.45,0
DT-0009020,WO-003787,2026-03-30,Afternoon,M04,Changeover,Fixture setup,16.2,0
DT-0009021,WO-003787,2026-03-30,Afternoon,M04,Microstop,Torch cleaning,15.01,0
DT-0009022,WO-003787,2026-03-30,Afternoon,M04,Breakdown,Mechanical fault,76.17,0
DT-0009023,WO-003788,2026-03-30,Morning,M05,Material,Material shortage,17.57,0
DT-0009024,WO-003788,2026-03-30,Morning,M05,Breakdown,Sensor fault,18.28,0
DT-0009025,WO-003789,2026-03-30,Afternoon,M05,Process,Parameter adjustment,13.05,0
DT-0009026,WO-003789,2026-03-30,Afternoon,M05,Changeover,Tooling change,9.16,0
DT-0009027,WO-003789,2026-03-30,Afternoon,M05,Microstop,Material jam,54.84,0
DT-0009028,WO-003790,2026-03-30,Morning,M06,Microstop,Material jam,21.04,0
DT-0009029,WO-003790,2026-03-30,Morning,M06,Material,Material shortage,13.31,0
DT-0009030,WO-003791,2026-03-30,Afternoon,M06,Breakdown,Sensor fault,29.7,0
DT-0009031,WO-003792,2026-03-31,Morning,M01,Breakdown,Mechanical fault,31.93,0
DT-0009032,WO-003792,2026-03-31,Morning,M01,Microstop,Material jam,3.56,0
DT-0009033,WO-003793,2026-03-31,Afternoon,M01,Planned,Preventive maintenance,5.11,1
DT-0009034,WO-003793,2026-03-31,Afternoon,M01,Microstop,Vision retry,25.9,0
DT-0009035,WO-003793,2026-03-31,Afternoon,M01,Planned,Preventive maintenance,25.01,1
DT-0009036,WO-003793,2026-03-31,Afternoon,M01,Planned,Calibration,0.99,1
DT-0009037,WO-003794,2026-03-31,Morning,M02,Breakdown,Sensor fault,61.51,0
DT-0009038,WO-003795,2026-03-31,Afternoon,M02,Changeover,Planned changeover,74.39,1
DT-0009039,WO-003796,2026-03-31,Morning,M03,Microstop,Vision retry,12.34,0
DT-0009040,WO-003796,2026-03-31,Morning,M03,Breakdown,Sensor fault,8.58,0
DT-0009041,WO-003797,2026-03-31,Afternoon,M03,Breakdown,Mechanical fault,0.97,0
DT-0009042,WO-003797,2026-03-31,Afternoon,M03,Breakdown,Sensor fault,24.44,0
DT-0009043,WO-003797,2026-03-31,Afternoon,M03,Microstop,Vision retry,8.94,0
DT-0009044,WO-003798,2026-03-31,Morning,M04,Microstop,Vision retry,97.22,0
DT-0009045,WO-003798,2026-03-31,Morning,M04,Process,Weld parameter adjustment,6.27,0
DT-0009046,WO-003798,2026-03-31,Morning,M04,Changeover,Fixture setup,13.29,0
DT-0009047,WO-003799,2026-03-31,Afternoon,M04,Changeover,Fixture setup,128.19,0
DT-0009048,WO-003800,2026-03-31,Morning,M05,Changeover,Tooling change,23.87,0
DT-0009049,WO-003800,2026-03-31,Morning,M05,Changeover,Tooling change,7.23,0
DT-0009050,WO-003801,2026-03-31,Afternoon,M05,Breakdown,Sensor fault,27.11,0
DT-0009051,WO-003802,2026-03-31,Morning,M06,Process,Parameter adjustment,2.94,0
DT-0009052,WO-003802,2026-03-31,Morning,M06,Changeover,Tooling change,0.94,0
DT-0009053,WO-003802,2026-03-31,Morning,M06,Breakdown,Mechanical fault,2.1,0
DT-0009054,WO-003802,2026-03-31,Morning,M06,Material,Material shortage,1.45,0
DT-0009055,WO-003802,2026-03-31,Morning,M06,Changeover,Tooling change,7.39,0
DT-0009056,WO-003803,2026-03-31,Afternoon,M06,Planned,Calibration,35.95,1
DT-0009057,WO-003804,2026-04-01,Morning,M01,Material,Material shortage,20.76,0
DT-0009058,WO-003804,2026-04-01,Morning,M01,Microstop,Material jam,19.59,0
DT-0009059,WO-003804,2026-04-01,Morning,M01,Planned,Calibration,9.9,1
DT-0009060,WO-003805,2026-04-01,Afternoon,M01,Microstop,Vision retry,34.22,0
DT-0009061,WO-003805,2026-04-01,Afternoon,M01,Breakdown,Mechanical fault,27.73,0
DT-0009062,WO-003806,2026-04-01,Morning,M02,Process,Parameter adjustment,7.89,0
DT-0009063,WO-003806,2026-04-01,Morning,M02,Material,Material shortage,16.42,0
DT-0009064,WO-003806,2026-04-01,Morning,M02,Planned,Calibration,8.08,1
DT-0009065,WO-003806,2026-04-01,Morning,M02,Changeover,Tooling change,7.46,0
DT-0009066,WO-003807,2026-04-01,Afternoon,M02,Material,Material shortage,72.95,0
DT-0009067,WO-003807,2026-04-01,Afternoon,M02,Changeover,Tooling change,3.93,0
DT-0009068,WO-003808,2026-04-01,Morning,M03,Changeover,Planned changeover,1.89,1
DT-0009069,WO-003808,2026-04-01,Morning,M03,Microstop,Vision retry,41.35,0
DT-0009070,WO-003809,2026-04-01,Afternoon,M03,Breakdown,Mechanical fault,33.58,0
DT-0009071,WO-003809,2026-04-01,Afternoon,M03,Material,Material shortage,19.1,0
DT-0009072,WO-003809,2026-04-01,Afternoon,M03,Microstop,Material jam,3.92,0
DT-0009073,WO-003809,2026-04-01,Afternoon,M03,Microstop,Material jam,0.99,0
DT-0009074,WO-003810,2026-04-01,Morning,M04,Changeover,Fixture setup,14.16,0
DT-0009075,WO-003810,2026-04-01,Morning,M04,Breakdown,Mechanical fault,78.87,0
DT-0009076,WO-003811,2026-04-01,Afternoon,M04,Changeover,Fixture setup,74.41,0
DT-0009077,WO-003811,2026-04-01,Afternoon,M04,Microstop,Vision retry,16.32,0
DT-0009078,WO-003811,2026-04-01,Afternoon,M04,Breakdown,Robot recovery,20.35,0
DT-0009079,WO-003811,2026-04-01,Afternoon,M04,Changeover,Fixture setup,1.0,0
DT-0009080,WO-003812,2026-04-01,Morning,M05,Process,Parameter adjustment,46.48,0
DT-0009081,WO-003813,2026-04-01,Afternoon,M05,Breakdown,Sensor fault,7.46,0
DT-0009082,WO-003813,2026-04-01,Afternoon,M05,Changeover,Tooling change,22.73,0
DT-0009083,WO-003813,2026-04-01,Afternoon,M05,Breakdown,Mechanical fault,7.27,0
DT-0009084,WO-003813,2026-04-01,Afternoon,M05,Changeover,Tooling change,14.72,0
DT-0009085,WO-003813,2026-04-01,Afternoon,M05,Material,Material shortage,9.34,0
DT-0009086,WO-003814,2026-04-01,Morning,M06,Planned,Preventive maintenance,1.87,1
DT-0009087,WO-003814,2026-04-01,Morning,M06,Changeover,Tooling change,7.77,0
DT-0009088,WO-003814,2026-04-01,Morning,M06,Breakdown,Sensor fault,29.11,0
DT-0009089,WO-003815,2026-04-01,Afternoon,M06,Planned,Calibration,21.92,1
DT-0009090,WO-003815,2026-04-01,Afternoon,M06,Planned,Preventive maintenance,4.81,1
DT-0009091,WO-003815,2026-04-01,Afternoon,M06,Microstop,Vision retry,0.97,0
DT-0009092,WO-003816,2026-04-02,Morning,M01,Breakdown,Sensor fault,13.74,0
DT-0009093,WO-003816,2026-04-02,Morning,M01,Breakdown,Sensor fault,2.1,0
DT-0009094,WO-003817,2026-04-02,Afternoon,M01,Material,Material shortage,5.27,0
DT-0009095,WO-003817,2026-04-02,Afternoon,M01,Planned,Preventive maintenance,28.15,1
DT-0009096,WO-003817,2026-04-02,Afternoon,M01,Changeover,Tooling change,23.03,0
DT-0009097,WO-003818,2026-04-02,Morning,M02,Material,Material shortage,38.15,0
DT-0009098,WO-003818,2026-04-02,Morning,M02,Changeover,Tooling change,3.34,0
DT-0009099,WO-003818,2026-04-02,Morning,M02,Breakdown,Mechanical fault,8.19,0
DT-0009100,WO-003819,2026-04-02,Afternoon,M02,Microstop,Vision retry,1.37,0
DT-0009101,WO-003819,2026-04-02,Afternoon,M02,Breakdown,Mechanical fault,70.07,0
DT-0009102,WO-003820,2026-04-02,Morning,M03,Microstop,Vision retry,10.15,0
DT-0009103,WO-003820,2026-04-02,Morning,M03,Breakdown,Mechanical fault,26.11,0
DT-0009104,WO-003821,2026-04-02,Afternoon,M03,Breakdown,Mechanical fault,57.05,0
DT-0009105,WO-003822,2026-04-02,Morning,M04,Breakdown,Sensor fault,39.01,0
DT-0009106,WO-003822,2026-04-02,Morning,M04,Changeover,Fixture setup,31.42,0
DT-0009107,WO-003822,2026-04-02,Morning,M04,Material,Material shortage,36.76,0
DT-0009108,WO-003823,2026-04-02,Afternoon,M04,Breakdown,Robot recovery,32.44,0
DT-0009109,WO-003823,2026-04-02,Afternoon,M04,Breakdown,Robot recovery,83.88,0
DT-0009110,WO-003824,2026-04-02,Morning,M05,Breakdown,Sensor fault,23.37,0
DT-0009111,WO-003824,2026-04-02,Morning,M05,Microstop,Material jam,1.07,0
DT-0009112,WO-003824,2026-04-02,Morning,M05,Material,Material shortage,6.98,0
DT-0009113,WO-003825,2026-04-02,Afternoon,M05,Breakdown,Mechanical fault,15.59,0
DT-0009114,WO-003825,2026-04-02,Afternoon,M05,Breakdown,Sensor fault,7.56,0
DT-0009115,WO-003825,2026-04-02,Afternoon,M05,Material,Material shortage,31.9,0
DT-0009116,WO-003825,2026-04-02,Afternoon,M05,Breakdown,Sensor fault,1.99,0
DT-0009117,WO-003825,2026-04-02,Afternoon,M05,Breakdown,Sensor fault,6.21,0
DT-0009118,WO-003826,2026-04-02,Morning,M06,Process,Parameter adjustment,8.66,0
DT-0009119,WO-003826,2026-04-02,Morning,M06,Breakdown,Mechanical fault,8.66,0
DT-0009120,WO-003827,2026-04-02,Afternoon,M06,Material,Material shortage,2.3,0
DT-0009121,WO-003827,2026-04-02,Afternoon,M06,Material,Material shortage,17.52,0
DT-0009122,WO-003828,2026-04-03,Morning,M01,Microstop,Material jam,5.85,0
DT-0009123,WO-003828,2026-04-03,Morning,M01,Breakdown,Mechanical fault,41.63,0
DT-0009124,WO-003828,2026-04-03,Morning,M01,Microstop,Material jam,6.63,0
DT-0009125,WO-003829,2026-04-03,Afternoon,M01,Breakdown,Sensor fault,1.89,0
DT-0009126,WO-003829,2026-04-03,Afternoon,M01,Breakdown,Sensor fault,67.48,0
DT-0009127,WO-003830,2026-04-03,Morning,M02,Changeover,Planned changeover,43.47,1
DT-0009128,WO-003831,2026-04-03,Afternoon,M02,Microstop,Material jam,12.13,0
DT-0009129,WO-003831,2026-04-03,Afternoon,M02,Material,Material shortage,2.68,0
DT-0009130,WO-003831,2026-04-03,Afternoon,M02,Changeover,Planned changeover,13.04,1
DT-0009131,WO-003832,2026-04-03,Morning,M03,Microstop,Vision retry,5.85,0
DT-0009132,WO-003832,2026-04-03,Morning,M03,Breakdown,Sensor fault,34.37,0
DT-0009133,WO-003832,2026-04-03,Morning,M03,Microstop,Vision retry,5.53,0
DT-0009134,WO-003833,2026-04-03,Afternoon,M03,Breakdown,Mechanical fault,33.49,0
DT-0009135,WO-003834,2026-04-03,Morning,M04,Material,Material shortage,101.36,0
DT-0009136,WO-003835,2026-04-03,Afternoon,M04,Breakdown,Wire feeder fault,13.47,0
DT-0009137,WO-003835,2026-04-03,Afternoon,M04,Changeover,Fixture setup,18.41,0
DT-0009138,WO-003835,2026-04-03,Afternoon,M04,Breakdown,Wire feeder fault,81.05,0
DT-0009139,WO-003836,2026-04-03,Morning,M05,Breakdown,Mechanical fault,9.33,0
DT-0009140,WO-003836,2026-04-03,Morning,M05,Planned,Preventive maintenance,1.0,1
DT-0009141,WO-003836,2026-04-03,Morning,M05,Planned,Preventive maintenance,6.57,1
DT-0009142,WO-003836,2026-04-03,Morning,M05,Breakdown,Mechanical fault,27.95,0
DT-0009143,WO-003837,2026-04-03,Afternoon,M05,Changeover,Tooling change,28.3,0
DT-0009144,WO-003837,2026-04-03,Afternoon,M05,Breakdown,Mechanical fault,30.75,0
DT-0009145,WO-003838,2026-04-03,Morning,M06,Planned,Calibration,1.0,1
DT-0009146,WO-003838,2026-04-03,Morning,M06,Material,Material shortage,25.14,0
DT-0009147,WO-003838,2026-04-03,Morning,M06,Microstop,Vision retry,12.25,0
DT-0009148,WO-003839,2026-04-03,Afternoon,M06,Breakdown,Sensor fault,18.95,0
DT-0009149,WO-003839,2026-04-03,Afternoon,M06,Material,Material shortage,30.29,0
DT-0009150,WO-003840,2026-04-06,Morning,M01,Changeover,Planned changeover,43.76,1
DT-0009151,WO-003841,2026-04-06,Afternoon,M01,Process,Parameter adjustment,54.71,0
DT-0009152,WO-003842,2026-04-06,Morning,M02,Changeover,Tooling change,10.16,0
DT-0009153,WO-003842,2026-04-06,Morning,M02,Process,Parameter adjustment,12.84,0
DT-0009154,WO-003842,2026-04-06,Morning,M02,Changeover,Tooling change,36.24,0
DT-0009155,WO-003843,2026-04-06,Afternoon,M02,Material,Material shortage,31.42,0
DT-0009156,WO-003843,2026-04-06,Afternoon,M02,Microstop,Material jam,41.9,0
DT-0009157,WO-003844,2026-04-06,Morning,M03,Changeover,Planned changeover,41.7,1
DT-0009158,WO-003845,2026-04-06,Afternoon,M03,Breakdown,Sensor fault,6.09,0
DT-0009159,WO-003845,2026-04-06,Afternoon,M03,Material,Material shortage,19.42,0
DT-0009160,WO-003845,2026-04-06,Afternoon,M03,Planned,Calibration,5.03,1
DT-0009161,WO-003845,2026-04-06,Afternoon,M03,Breakdown,Sensor fault,11.95,0
DT-0009162,WO-003846,2026-04-06,Morning,M04,Breakdown,Robot recovery,20.01,0
DT-0009163,WO-003846,2026-04-06,Morning,M04,Changeover,Tooling change,29.1,0
DT-0009164,WO-003846,2026-04-06,Morning,M04,Changeover,Planned changeover,77.08,1
DT-0009165,WO-003847,2026-04-06,Afternoon,M04,Process,Weld parameter adjustment,39.68,0
DT-0009166,WO-003847,2026-04-06,Afternoon,M04,Microstop,Material jam,52.87,0
DT-0009167,WO-003847,2026-04-06,Afternoon,M04,Breakdown,Mechanical fault,24.94,0
DT-0009168,WO-003848,2026-04-06,Morning,M05,Microstop,Material jam,36.79,0
DT-0009169,WO-003849,2026-04-06,Afternoon,M05,Material,Material shortage,16.26,0
DT-0009170,WO-003849,2026-04-06,Afternoon,M05,Planned,Preventive maintenance,49.2,1
DT-0009171,WO-003850,2026-04-06,Morning,M06,Breakdown,Mechanical fault,22.53,0
DT-0009172,WO-003851,2026-04-06,Afternoon,M06,Breakdown,Mechanical fault,8.96,0
DT-0009173,WO-003851,2026-04-06,Afternoon,M06,Planned,Calibration,31.27,1
DT-0009174,WO-003852,2026-04-07,Morning,M01,Breakdown,Mechanical fault,35.05,0
DT-0009175,WO-003853,2026-04-07,Afternoon,M01,Breakdown,Mechanical fault,39.81,0
DT-0009176,WO-003854,2026-04-07,Afternoon,M02,Changeover,Planned changeover,13.8,1
DT-0009177,WO-003854,2026-04-07,Afternoon,M02,Microstop,Vision retry,6.65,0
DT-0009178,WO-003854,2026-04-07,Afternoon,M02,Microstop,Material jam,24.17,0
DT-0009179,WO-003854,2026-04-07,Afternoon,M02,Microstop,Material jam,10.89,0
DT-0009180,WO-003855,2026-04-07,Morning,M03,Process,Parameter adjustment,23.57,0
DT-0009181,WO-003856,2026-04-07,Afternoon,M03,Changeover,Tooling change,36.06,0
DT-0009182,WO-003857,2026-04-07,Morning,M04,Changeover,Planned changeover,72.38,1
DT-0009183,WO-003857,2026-04-07,Morning,M04,Planned,Preventive maintenance,36.63,1
DT-0009184,WO-003858,2026-04-07,Afternoon,M04,Process,Weld parameter adjustment,103.15,0
DT-0009185,WO-003858,2026-04-07,Afternoon,M04,Breakdown,Robot recovery,9.48,0
DT-0009186,WO-003859,2026-04-07,Morning,M05,Microstop,Material jam,0.99,0
DT-0009187,WO-003859,2026-04-07,Morning,M05,Planned,Preventive maintenance,3.86,1
DT-0009188,WO-003859,2026-04-07,Morning,M05,Material,Material shortage,22.03,0
DT-0009189,WO-003859,2026-04-07,Morning,M05,Material,Material shortage,4.23,0
DT-0009190,WO-003860,2026-04-07,Afternoon,M05,Process,Parameter adjustment,49.28,0
DT-0009191,WO-003860,2026-04-07,Afternoon,M05,Planned,Calibration,9.25,1
DT-0009192,WO-003861,2026-04-07,Morning,M06,Process,Parameter adjustment,0.95,0
DT-0009193,WO-003861,2026-04-07,Morning,M06,Material,Material shortage,9.58,0
DT-0009194,WO-003861,2026-04-07,Morning,M06,Microstop,Vision retry,0.95,0
DT-0009195,WO-003861,2026-04-07,Morning,M06,Process,Parameter adjustment,20.05,0
DT-0009196,WO-003862,2026-04-07,Afternoon,M06,Material,Material shortage,17.05,0
DT-0009197,WO-003862,2026-04-07,Afternoon,M06,Breakdown,Mechanical fault,7.43,0
DT-0009198,WO-003862,2026-04-07,Afternoon,M06,Microstop,Vision retry,9.6,0
DT-0009199,WO-003863,2026-04-08,Morning,M01,Breakdown,Mechanical fault,13.37,0
DT-0009200,WO-003863,2026-04-08,Morning,M01,Changeover,Tooling change,38.74,0
DT-0009201,WO-003864,2026-04-08,Afternoon,M01,Microstop,Material jam,61.1,0
DT-0009202,WO-003865,2026-04-08,Morning,M02,Microstop,Vision retry,23.89,0
DT-0009203,WO-003865,2026-04-08,Morning,M02,Breakdown,Sensor fault,37.73,0
DT-0009204,WO-003866,2026-04-08,Afternoon,M02,Microstop,Material jam,52.75,0
DT-0009205,WO-003867,2026-04-08,Morning,M03,Changeover,Tooling change,7.82,0
DT-0009206,WO-003867,2026-04-08,Morning,M03,Process,Parameter adjustment,0.98,0
DT-0009207,WO-003867,2026-04-08,Morning,M03,Microstop,Vision retry,17.26,0
DT-0009208,WO-003868,2026-04-08,Afternoon,M03,Microstop,Vision retry,11.72,0
DT-0009209,WO-003868,2026-04-08,Afternoon,M03,Microstop,Material jam,16.39,0
DT-0009210,WO-003868,2026-04-08,Afternoon,M03,Microstop,Material jam,16.96,0
DT-0009211,WO-003869,2026-04-08,Morning,M04,Changeover,Fixture setup,74.66,0
DT-0009212,WO-003869,2026-04-08,Morning,M04,Microstop,Torch cleaning,39.81,0
DT-0009213,WO-003870,2026-04-08,Afternoon,M04,Microstop,Torch cleaning,84.84,0
DT-0009214,WO-003870,2026-04-08,Afternoon,M04,Changeover,Planned changeover,45.96,1
DT-0009215,WO-003871,2026-04-08,Afternoon,M05,Microstop,Material jam,24.94,0
DT-0009216,WO-003871,2026-04-08,Afternoon,M05,Breakdown,Mechanical fault,18.44,0
DT-0009217,WO-003871,2026-04-08,Afternoon,M05,Material,Material shortage,5.89,0
DT-0009218,WO-003871,2026-04-08,Afternoon,M05,Material,Material shortage,1.88,0
DT-0009219,WO-003872,2026-04-08,Morning,M06,Changeover,Tooling change,19.14,0
DT-0009220,WO-003872,2026-04-08,Morning,M06,Process,Parameter adjustment,19.0,0
DT-0009221,WO-003873,2026-04-08,Afternoon,M06,Changeover,Tooling change,54.18,0
DT-0009222,WO-003874,2026-04-09,Morning,M01,Planned,Preventive maintenance,27.77,1
DT-0009223,WO-003874,2026-04-09,Morning,M01,Microstop,Material jam,21.32,0
DT-0009224,WO-003875,2026-04-09,Afternoon,M01,Changeover,Tooling change,26.83,0
DT-0009225,WO-003875,2026-04-09,Afternoon,M01,Process,Parameter adjustment,17.64,0
DT-0009226,WO-003875,2026-04-09,Afternoon,M01,Breakdown,Sensor fault,15.61,0
DT-0009227,WO-003876,2026-04-09,Morning,M02,Process,Parameter adjustment,23.55,0
DT-0009228,WO-003876,2026-04-09,Morning,M02,Microstop,Material jam,3.15,0
DT-0009229,WO-003876,2026-04-09,Morning,M02,Microstop,Vision retry,17.81,0
DT-0009230,WO-003877,2026-04-09,Afternoon,M02,Breakdown,Mechanical fault,6.59,0
DT-0009231,WO-003877,2026-04-09,Afternoon,M02,Material,Material shortage,38.52,0
DT-0009232,WO-003878,2026-04-09,Morning,M03,Microstop,Vision retry,50.05,0
DT-0009233,WO-003879,2026-04-09,Afternoon,M03,Planned,Calibration,16.53,1
DT-0009234,WO-003879,2026-04-09,Afternoon,M03,Microstop,Material jam,7.73,0
DT-0009235,WO-003879,2026-04-09,Afternoon,M03,Planned,Preventive maintenance,12.74,1
DT-0009236,WO-003880,2026-04-09,Morning,M04,Breakdown,Wire feeder fault,66.84,0
DT-0009237,WO-003880,2026-04-09,Morning,M04,Planned,Calibration,42.05,1
DT-0009238,WO-003881,2026-04-09,Afternoon,M04,Material,Material shortage,22.97,0
DT-0009239,WO-003881,2026-04-09,Afternoon,M04,Breakdown,Robot recovery,7.27,0
DT-0009240,WO-003881,2026-04-09,Afternoon,M04,Breakdown,Robot recovery,99.9,0
DT-0009241,WO-003882,2026-04-09,Morning,M05,Material,Material shortage,16.37,0
DT-0009242,WO-003882,2026-04-09,Morning,M05,Changeover,Planned changeover,4.1,1
DT-0009243,WO-003882,2026-04-09,Morning,M05,Breakdown,Sensor fault,3.7,0
DT-0009244,WO-003882,2026-04-09,Morning,M05,Process,Parameter adjustment,7.35,0
DT-0009245,WO-003883,2026-04-09,Afternoon,M05,Microstop,Material jam,12.36,0
DT-0009246,WO-003883,2026-04-09,Afternoon,M05,Planned,Preventive maintenance,35.44,1
DT-0009247,WO-003883,2026-04-09,Afternoon,M05,Process,Parameter adjustment,6.48,0
DT-0009248,WO-003883,2026-04-09,Afternoon,M05,Microstop,Vision retry,14.6,0
DT-0009249,WO-003883,2026-04-09,Afternoon,M05,Breakdown,Sensor fault,2.31,0
DT-0009250,WO-003884,2026-04-09,Morning,M06,Material,Material shortage,24.77,0
DT-0009251,WO-003884,2026-04-09,Morning,M06,Breakdown,Mechanical fault,9.21,0
DT-0009252,WO-003884,2026-04-09,Morning,M06,Changeover,Tooling change,10.01,0
DT-0009253,WO-003885,2026-04-09,Afternoon,M06,Material,Material shortage,12.22,0
DT-0009254,WO-003885,2026-04-09,Afternoon,M06,Process,Parameter adjustment,30.06,0
DT-0009255,WO-003886,2026-04-10,Morning,M01,Breakdown,Mechanical fault,38.65,0
DT-0009256,WO-003886,2026-04-10,Morning,M01,Breakdown,Mechanical fault,1.0,0
DT-0009257,WO-003887,2026-04-10,Afternoon,M01,Microstop,Material jam,13.21,0
DT-0009258,WO-003887,2026-04-10,Afternoon,M01,Planned,Calibration,70.86,1
DT-0009259,WO-003888,2026-04-10,Morning,M02,Microstop,Vision retry,36.94,0
DT-0009260,WO-003888,2026-04-10,Morning,M02,Planned,Calibration,21.84,1
DT-0009261,WO-003889,2026-04-10,Afternoon,M02,Process,Parameter adjustment,58.28,0
DT-0009262,WO-003890,2026-04-10,Morning,M03,Microstop,Vision retry,8.1,0
DT-0009263,WO-003890,2026-04-10,Morning,M03,Changeover,Planned changeover,41.01,1
DT-0009264,WO-003890,2026-04-10,Morning,M03,Microstop,Material jam,9.1,0
DT-0009265,WO-003891,2026-04-10,Afternoon,M03,Planned,Calibration,19.7,1
DT-0009266,WO-003891,2026-04-10,Afternoon,M03,Process,Parameter adjustment,3.05,0
DT-0009267,WO-003891,2026-04-10,Afternoon,M03,Planned,Calibration,13.62,1
DT-0009268,WO-003891,2026-04-10,Afternoon,M03,Changeover,Tooling change,15.53,0
DT-0009269,WO-003892,2026-04-10,Morning,M04,Changeover,Fixture setup,72.86,0
DT-0009270,WO-003892,2026-04-10,Morning,M04,Breakdown,Robot recovery,31.17,0
DT-0009271,WO-003893,2026-04-10,Afternoon,M04,Process,Weld parameter adjustment,122.96,0
DT-0009272,WO-003894,2026-04-10,Morning,M05,Process,Parameter adjustment,42.49,0
DT-0009273,WO-003895,2026-04-10,Afternoon,M05,Breakdown,Mechanical fault,32.05,0
DT-0009274,WO-003895,2026-04-10,Afternoon,M05,Planned,Calibration,35.75,1
DT-0009275,WO-003896,2026-04-10,Morning,M06,Breakdown,Sensor fault,14.21,0
DT-0009276,WO-003896,2026-04-10,Morning,M06,Microstop,Vision retry,2.74,0
DT-0009277,WO-003897,2026-04-10,Afternoon,M06,Changeover,Planned changeover,1.37,1
DT-0009278,WO-003897,2026-04-10,Afternoon,M06,Breakdown,Sensor fault,5.43,0
DT-0009279,WO-003897,2026-04-10,Afternoon,M06,Changeover,Planned changeover,3.27,1
DT-0009280,WO-003897,2026-04-10,Afternoon,M06,Breakdown,Mechanical fault,2.37,0
DT-0009281,WO-003897,2026-04-10,Afternoon,M06,Planned,Calibration,3.07,1
DT-0009282,WO-003898,2026-04-13,Morning,M01,Process,Parameter adjustment,54.63,0
DT-0009283,WO-003899,2026-04-13,Afternoon,M01,Changeover,Tooling change,47.43,0
DT-0009284,WO-003900,2026-04-13,Morning,M02,Planned,Preventive maintenance,61.59,1
DT-0009285,WO-003901,2026-04-13,Afternoon,M02,Changeover,Planned changeover,23.54,1
DT-0009286,WO-003901,2026-04-13,Afternoon,M02,Breakdown,Sensor fault,33.67,0
DT-0009287,WO-003902,2026-04-13,Morning,M03,Changeover,Tooling change,16.02,0
DT-0009288,WO-003902,2026-04-13,Morning,M03,Changeover,Tooling change,1.0,0
DT-0009289,WO-003902,2026-04-13,Morning,M03,Process,Parameter adjustment,1.81,0
DT-0009290,WO-003902,2026-04-13,Morning,M03,Breakdown,Sensor fault,6.84,0
DT-0009291,WO-003902,2026-04-13,Morning,M03,Planned,Preventive maintenance,11.65,1
DT-0009292,WO-003903,2026-04-13,Afternoon,M03,Changeover,Tooling change,15.58,0
DT-0009293,WO-003903,2026-04-13,Afternoon,M03,Microstop,Material jam,40.85,0
DT-0009294,WO-003903,2026-04-13,Afternoon,M03,Changeover,Tooling change,1.42,0
DT-0009295,WO-003903,2026-04-13,Afternoon,M03,Process,Parameter adjustment,13.34,0
DT-0009296,WO-003904,2026-04-13,Morning,M04,Process,Parameter adjustment,67.08,0
DT-0009297,WO-003904,2026-04-13,Morning,M04,Planned,Calibration,30.94,1
DT-0009298,WO-003904,2026-04-13,Morning,M04,Microstop,Vision retry,5.03,0
DT-0009299,WO-003904,2026-04-13,Morning,M04,Microstop,Torch cleaning,13.1,0
DT-0009300,WO-003905,2026-04-13,Afternoon,M04,Process,Parameter adjustment,9.41,0
DT-0009301,WO-003905,2026-04-13,Afternoon,M04,Microstop,Material jam,47.46,0
DT-0009302,WO-003905,2026-04-13,Afternoon,M04,Breakdown,Robot recovery,35.43,0
DT-0009303,WO-003906,2026-04-13,Morning,M05,Material,Material shortage,12.79,0
DT-0009304,WO-003906,2026-04-13,Morning,M05,Microstop,Material jam,54.4,0
DT-0009305,WO-003907,2026-04-13,Afternoon,M05,Breakdown,Mechanical fault,58.74,0
DT-0009306,WO-003908,2026-04-13,Morning,M06,Process,Parameter adjustment,8.6,0
DT-0009307,WO-003908,2026-04-13,Morning,M06,Changeover,Tooling change,29.01,0
DT-0009308,WO-003908,2026-04-13,Morning,M06,Microstop,Vision retry,1.0,0
DT-0009309,WO-003909,2026-04-13,Afternoon,M06,Planned,Calibration,3.48,1
DT-0009310,WO-003909,2026-04-13,Afternoon,M06,Breakdown,Sensor fault,7.54,0
DT-0009311,WO-003909,2026-04-13,Afternoon,M06,Microstop,Material jam,23.3,0
DT-0009312,WO-003909,2026-04-13,Afternoon,M06,Process,Parameter adjustment,1.16,0
DT-0009313,WO-003910,2026-04-14,Morning,M01,Material,Material shortage,15.69,0
DT-0009314,WO-003910,2026-04-14,Morning,M01,Material,Material shortage,22.37,0
DT-0009315,WO-003911,2026-04-14,Afternoon,M01,Breakdown,Mechanical fault,73.11,0
DT-0009316,WO-003912,2026-04-14,Morning,M02,Process,Parameter adjustment,4.74,0
DT-0009317,WO-003912,2026-04-14,Morning,M02,Changeover,Tooling change,57.64,0
DT-0009318,WO-003913,2026-04-14,Afternoon,M02,Changeover,Tooling change,52.02,0
DT-0009319,WO-003913,2026-04-14,Afternoon,M02,Microstop,Material jam,13.33,0
DT-0009320,WO-003914,2026-04-14,Morning,M03,Microstop,Vision retry,2.93,0
DT-0009321,WO-003914,2026-04-14,Morning,M03,Changeover,Tooling change,30.04,0
DT-0009322,WO-003914,2026-04-14,Morning,M03,Changeover,Tooling change,1.91,0
DT-0009323,WO-003915,2026-04-14,Afternoon,M03,Planned,Calibration,14.56,1
DT-0009324,WO-003915,2026-04-14,Afternoon,M03,Changeover,Planned changeover,16.53,1
DT-0009325,WO-003915,2026-04-14,Afternoon,M03,Changeover,Tooling change,1.49,0
DT-0009326,WO-003916,2026-04-14,Morning,M04,Planned,Preventive maintenance,41.65,1
DT-0009327,WO-003916,2026-04-14,Morning,M04,Planned,Preventive maintenance,14.72,1
DT-0009328,WO-003916,2026-04-14,Morning,M04,Process,Weld parameter adjustment,29.75,0
DT-0009329,WO-003916,2026-04-14,Morning,M04,Breakdown,Robot recovery,27.69,0
DT-0009330,WO-003917,2026-04-14,Afternoon,M04,Material,Material shortage,25.68,0
DT-0009331,WO-003917,2026-04-14,Afternoon,M04,Microstop,Vision retry,93.88,0
DT-0009332,WO-003918,2026-04-14,Morning,M05,Microstop,Material jam,5.99,0
DT-0009333,WO-003918,2026-04-14,Morning,M05,Breakdown,Sensor fault,6.74,0
DT-0009334,WO-003918,2026-04-14,Morning,M05,Material,Material shortage,22.03,0
DT-0009335,WO-003918,2026-04-14,Morning,M05,Changeover,Tooling change,7.17,0
DT-0009336,WO-003918,2026-04-14,Morning,M05,Changeover,Tooling change,14.3,0
DT-0009337,WO-003919,2026-04-14,Afternoon,M05,Changeover,Tooling change,36.12,0
DT-0009338,WO-003919,2026-04-14,Afternoon,M05,Process,Parameter adjustment,15.64,0
DT-0009339,WO-003920,2026-04-14,Morning,M06,Microstop,Material jam,2.55,0
DT-0009340,WO-003920,2026-04-14,Morning,M06,Process,Parameter adjustment,13.32,0
DT-0009341,WO-003920,2026-04-14,Morning,M06,Planned,Preventive maintenance,11.06,1
DT-0009342,WO-003921,2026-04-14,Afternoon,M06,Breakdown,Mechanical fault,32.8,0
DT-0009343,WO-003922,2026-04-15,Morning,M01,Changeover,Tooling change,34.06,0
DT-0009344,WO-003922,2026-04-15,Morning,M01,Changeover,Tooling change,5.07,0
DT-0009345,WO-003923,2026-04-15,Afternoon,M01,Microstop,Material jam,27.73,0
DT-0009346,WO-003923,2026-04-15,Afternoon,M01,Breakdown,Mechanical fault,28.56,0
DT-0009347,WO-003924,2026-04-15,Morning,M02,Material,Material shortage,2.75,0
DT-0009348,WO-003924,2026-04-15,Morning,M02,Breakdown,Mechanical fault,21.39,0
DT-0009349,WO-003924,2026-04-15,Morning,M02,Breakdown,Mechanical fault,20.95,0
DT-0009350,WO-003925,2026-04-15,Afternoon,M02,Microstop,Material jam,1.19,0
DT-0009351,WO-003925,2026-04-15,Afternoon,M02,Microstop,Vision retry,25.48,0
DT-0009352,WO-003925,2026-04-15,Afternoon,M02,Process,Parameter adjustment,21.81,0
DT-0009353,WO-003926,2026-04-15,Morning,M03,Material,Material shortage,15.98,0
DT-0009354,WO-003926,2026-04-15,Morning,M03,Planned,Preventive maintenance,7.7,1
DT-0009355,WO-003926,2026-04-15,Morning,M03,Microstop,Material jam,11.67,0
DT-0009356,WO-003927,2026-04-15,Afternoon,M03,Microstop,Material jam,31.66,0
DT-0009357,WO-003928,2026-04-15,Morning,M04,Process,Weld parameter adjustment,47.55,0
DT-0009358,WO-003928,2026-04-15,Morning,M04,Breakdown,Sensor fault,10.43,0
DT-0009359,WO-003928,2026-04-15,Morning,M04,Breakdown,Robot recovery,64.85,0
DT-0009360,WO-003929,2026-04-15,Afternoon,M04,Changeover,Fixture setup,24.72,0
DT-0009361,WO-003929,2026-04-15,Afternoon,M04,Changeover,Fixture setup,98.47,0
DT-0009362,WO-003930,2026-04-15,Morning,M05,Breakdown,Sensor fault,19.11,0
DT-0009363,WO-003930,2026-04-15,Morning,M05,Material,Material shortage,11.88,0
DT-0009364,WO-003930,2026-04-15,Morning,M05,Changeover,Tooling change,23.69,0
DT-0009365,WO-003931,2026-04-15,Afternoon,M05,Process,Parameter adjustment,35.58,0
DT-0009366,WO-003931,2026-04-15,Afternoon,M05,Breakdown,Sensor fault,4.9,0
DT-0009367,WO-003931,2026-04-15,Afternoon,M05,Breakdown,Sensor fault,2.56,0
DT-0009368,WO-003931,2026-04-15,Afternoon,M05,Material,Material shortage,26.6,0
DT-0009369,WO-003932,2026-04-15,Morning,M06,Planned,Calibration,3.7,1
DT-0009370,WO-003932,2026-04-15,Morning,M06,Microstop,Material jam,22.74,0
DT-0009371,WO-003933,2026-04-15,Afternoon,M06,Breakdown,Mechanical fault,23.88,0
DT-0009372,WO-003933,2026-04-15,Afternoon,M06,Microstop,Vision retry,16.89,0
DT-0009373,WO-003934,2026-04-16,Morning,M01,Changeover,Planned changeover,17.8,1
DT-0009374,WO-003934,2026-04-16,Morning,M01,Changeover,Tooling change,5.63,0
DT-0009375,WO-003934,2026-04-16,Morning,M01,Material,Material shortage,5.95,0
DT-0009376,WO-003934,2026-04-16,Morning,M01,Changeover,Tooling change,18.34,0
DT-0009377,WO-003935,2026-04-16,Afternoon,M01,Changeover,Tooling change,56.03,0
DT-0009378,WO-003935,2026-04-16,Afternoon,M01,Material,Material shortage,1.0,0
DT-0009379,WO-003936,2026-04-16,Morning,M02,Planned,Preventive maintenance,53.52,1
DT-0009380,WO-003937,2026-04-16,Afternoon,M02,Microstop,Material jam,2.7,0
DT-0009381,WO-003937,2026-04-16,Afternoon,M02,Breakdown,Mechanical fault,68.83,0
DT-0009382,WO-003938,2026-04-16,Morning,M03,Process,Parameter adjustment,4.8,0
DT-0009383,WO-003938,2026-04-16,Morning,M03,Material,Material shortage,2.06,0
DT-0009384,WO-003938,2026-04-16,Morning,M03,Process,Parameter adjustment,10.55,0
DT-0009385,WO-003939,2026-04-16,Afternoon,M03,Changeover,Planned changeover,56.43,1
DT-0009386,WO-003940,2026-04-16,Morning,M04,Changeover,Fixture setup,123.73,0
DT-0009387,WO-003940,2026-04-16,Morning,M04,Planned,Preventive maintenance,14.47,1
DT-0009388,WO-003941,2026-04-16,Afternoon,M04,Process,Weld parameter adjustment,65.71,0
DT-0009389,WO-003941,2026-04-16,Afternoon,M04,Changeover,Fixture setup,9.04,0
DT-0009390,WO-003941,2026-04-16,Afternoon,M04,Breakdown,Robot recovery,11.23,0
DT-0009391,WO-003941,2026-04-16,Afternoon,M04,Planned,Calibration,45.47,1
DT-0009392,WO-003942,2026-04-16,Morning,M05,Material,Material shortage,52.93,0
DT-0009393,WO-003942,2026-04-16,Morning,M05,Planned,Calibration,1.19,1
DT-0009394,WO-003943,2026-04-16,Afternoon,M05,Microstop,Material jam,75.42,0
DT-0009395,WO-003943,2026-04-16,Afternoon,M05,Material,Material shortage,8.11,0
DT-0009396,WO-003944,2026-04-16,Morning,M06,Planned,Preventive maintenance,12.9,1
DT-0009397,WO-003945,2026-04-16,Afternoon,M06,Process,Parameter adjustment,13.22,0
DT-0009398,WO-003945,2026-04-16,Afternoon,M06,Material,Material shortage,12.8,0
DT-0009399,WO-003946,2026-04-17,Morning,M01,Microstop,Vision retry,23.63,0
DT-0009400,WO-003946,2026-04-17,Morning,M01,Breakdown,Mechanical fault,11.1,0
DT-0009401,WO-003947,2026-04-17,Afternoon,M01,Process,Parameter adjustment,62.53,0
DT-0009402,WO-003948,2026-04-17,Morning,M02,Breakdown,Mechanical fault,0.98,0
DT-0009403,WO-003948,2026-04-17,Morning,M02,Microstop,Material jam,2.36,0
DT-0009404,WO-003948,2026-04-17,Morning,M02,Material,Material shortage,39.11,0
DT-0009405,WO-003948,2026-04-17,Morning,M02,Breakdown,Sensor fault,0.98,0
DT-0009406,WO-003949,2026-04-17,Afternoon,M02,Changeover,Tooling change,7.25,0
DT-0009407,WO-003949,2026-04-17,Afternoon,M02,Changeover,Tooling change,9.74,0
DT-0009408,WO-003949,2026-04-17,Afternoon,M02,Material,Material shortage,23.37,0
DT-0009409,WO-003949,2026-04-17,Afternoon,M02,Changeover,Tooling change,31.04,0
DT-0009410,WO-003950,2026-04-17,Morning,M03,Microstop,Material jam,10.32,0
DT-0009411,WO-003950,2026-04-17,Morning,M03,Microstop,Vision retry,5.46,0
DT-0009412,WO-003950,2026-04-17,Morning,M03,Microstop,Material jam,9.93,0
DT-0009413,WO-003951,2026-04-17,Afternoon,M03,Planned,Preventive maintenance,30.53,1
DT-0009414,WO-003951,2026-04-17,Afternoon,M03,Microstop,Vision retry,10.29,0
DT-0009415,WO-003951,2026-04-17,Afternoon,M03,Microstop,Vision retry,6.45,0
DT-0009416,WO-003952,2026-04-17,Morning,M04,Breakdown,Robot recovery,10.73,0
DT-0009417,WO-003952,2026-04-17,Morning,M04,Changeover,Planned changeover,70.25,1
DT-0009418,WO-003952,2026-04-17,Morning,M04,Changeover,Fixture setup,20.5,0
DT-0009419,WO-003952,2026-04-17,Morning,M04,Planned,Calibration,5.87,1
DT-0009420,WO-003953,2026-04-17,Afternoon,M04,Changeover,Fixture setup,42.59,0
DT-0009421,WO-003953,2026-04-17,Afternoon,M04,Microstop,Material jam,20.06,0
DT-0009422,WO-003953,2026-04-17,Afternoon,M04,Microstop,Material jam,66.46,0
DT-0009423,WO-003954,2026-04-17,Morning,M05,Microstop,Vision retry,65.22,0
DT-0009424,WO-003955,2026-04-17,Afternoon,M05,Changeover,Tooling change,67.34,0
DT-0009425,WO-003956,2026-04-17,Morning,M06,Breakdown,Mechanical fault,17.01,0
DT-0009426,WO-003956,2026-04-17,Morning,M06,Breakdown,Mechanical fault,12.76,0
DT-0009427,WO-003956,2026-04-17,Morning,M06,Microstop,Vision retry,2.63,0
DT-0009428,WO-003957,2026-04-17,Afternoon,M06,Planned,Calibration,33.37,1
DT-0009429,WO-003958,2026-04-20,Morning,M01,Material,Material shortage,52.65,0
DT-0009430,WO-003959,2026-04-20,Afternoon,M01,Breakdown,Mechanical fault,23.19,0
DT-0009431,WO-003959,2026-04-20,Afternoon,M01,Changeover,Tooling change,6.83,0
DT-0009432,WO-003959,2026-04-20,Afternoon,M01,Microstop,Material jam,19.44,0
DT-0009433,WO-003960,2026-04-20,Morning,M02,Microstop,Vision retry,2.38,0
DT-0009434,WO-003960,2026-04-20,Morning,M02,Process,Parameter adjustment,17.98,0
DT-0009435,WO-003960,2026-04-20,Morning,M02,Changeover,Tooling change,25.47,0
DT-0009436,WO-003960,2026-04-20,Morning,M02,Microstop,Material jam,3.86,0
DT-0009437,WO-003960,2026-04-20,Morning,M02,Breakdown,Mechanical fault,6.16,0
DT-0009438,WO-003961,2026-04-20,Afternoon,M02,Microstop,Vision retry,15.03,0
DT-0009439,WO-003961,2026-04-20,Afternoon,M02,Process,Parameter adjustment,17.05,0
DT-0009440,WO-003961,2026-04-20,Afternoon,M02,Breakdown,Mechanical fault,35.75,0
DT-0009441,WO-003962,2026-04-20,Morning,M03,Microstop,Vision retry,6.96,0
DT-0009442,WO-003962,2026-04-20,Morning,M03,Microstop,Material jam,3.75,0
DT-0009443,WO-003962,2026-04-20,Morning,M03,Material,Material shortage,2.51,0
DT-0009444,WO-003962,2026-04-20,Morning,M03,Breakdown,Mechanical fault,16.83,0
DT-0009445,WO-003962,2026-04-20,Morning,M03,Breakdown,Sensor fault,1.26,0
DT-0009446,WO-003963,2026-04-20,Afternoon,M03,Breakdown,Mechanical fault,46.8,0
DT-0009447,WO-003964,2026-04-20,Morning,M04,Microstop,Torch cleaning,123.85,0
DT-0009448,WO-003965,2026-04-20,Afternoon,M04,Changeover,Fixture setup,71.43,0
DT-0009449,WO-003965,2026-04-20,Afternoon,M04,Process,Weld parameter adjustment,32.35,0
DT-0009450,WO-003966,2026-04-20,Morning,M05,Planned,Calibration,37.95,1
DT-0009451,WO-003966,2026-04-20,Morning,M05,Microstop,Vision retry,10.25,0
DT-0009452,WO-003966,2026-04-20,Morning,M05,Planned,Calibration,13.94,1
DT-0009453,WO-003967,2026-04-20,Afternoon,M05,Breakdown,Mechanical fault,9.3,0
DT-0009454,WO-003967,2026-04-20,Afternoon,M05,Breakdown,Sensor fault,49.25,0
DT-0009455,WO-003968,2026-04-20,Morning,M06,Breakdown,Sensor fault,24.09,0
DT-0009456,WO-003969,2026-04-20,Afternoon,M06,Breakdown,Sensor fault,49.81,0
DT-0009457,WO-003970,2026-04-21,Morning,M01,Microstop,Material jam,53.84,0
DT-0009458,WO-003971,2026-04-21,Afternoon,M01,Breakdown,Mechanical fault,59.25,0
DT-0009459,WO-003972,2026-04-21,Morning,M02,Breakdown,Mechanical fault,10.0,0
DT-0009460,WO-003972,2026-04-21,Morning,M02,Breakdown,Sensor fault,51.34,0
DT-0009461,WO-003973,2026-04-21,Afternoon,M02,Breakdown,Mechanical fault,6.22,0
DT-0009462,WO-003973,2026-04-21,Afternoon,M02,Breakdown,Mechanical fault,4.65,0
DT-0009463,WO-003973,2026-04-21,Afternoon,M02,Planned,Calibration,6.1,1
DT-0009464,WO-003973,2026-04-21,Afternoon,M02,Microstop,Vision retry,34.75,0
DT-0009465,WO-003974,2026-04-21,Morning,M03,Microstop,Material jam,6.88,0
DT-0009466,WO-003974,2026-04-21,Morning,M03,Planned,Calibration,1.18,1
DT-0009467,WO-003974,2026-04-21,Morning,M03,Breakdown,Sensor fault,8.47,0
DT-0009468,WO-003975,2026-04-21,Afternoon,M03,Microstop,Vision retry,14.75,0
DT-0009469,WO-003975,2026-04-21,Afternoon,M03,Planned,Calibration,7.37,1
DT-0009470,WO-003975,2026-04-21,Afternoon,M03,Material,Material shortage,2.48,0
DT-0009471,WO-003976,2026-04-21,Morning,M04,Changeover,Fixture setup,18.5,0
DT-0009472,WO-003976,2026-04-21,Morning,M04,Breakdown,Wire feeder fault,11.22,0
DT-0009473,WO-003976,2026-04-21,Morning,M04,Planned,Calibration,5.19,1
DT-0009474,WO-003976,2026-04-21,Morning,M04,Microstop,Material jam,83.58,0
DT-0009475,WO-003977,2026-04-21,Afternoon,M04,Changeover,Fixture setup,1.0,0
DT-0009476,WO-003977,2026-04-21,Afternoon,M04,Changeover,Fixture setup,33.26,0
DT-0009477,WO-003977,2026-04-21,Afternoon,M04,Changeover,Fixture setup,100.81,0
DT-0009478,WO-003978,2026-04-21,Morning,M05,Process,Parameter adjustment,59.29,0
DT-0009479,WO-003979,2026-04-21,Afternoon,M05,Material,Material shortage,71.68,0
DT-0009480,WO-003980,2026-04-21,Morning,M06,Process,Parameter adjustment,26.06,0
DT-0009481,WO-003981,2026-04-21,Afternoon,M06,Process,Parameter adjustment,14.86,0
DT-0009482,WO-003981,2026-04-21,Afternoon,M06,Material,Material shortage,1.17,0
DT-0009483,WO-003981,2026-04-21,Afternoon,M06,Breakdown,Sensor fault,40.94,0
DT-0009484,WO-003982,2026-04-22,Morning,M01,Microstop,Vision retry,13.21,0
DT-0009485,WO-003982,2026-04-22,Morning,M01,Planned,Calibration,1.41,1
DT-0009486,WO-003982,2026-04-22,Morning,M01,Process,Parameter adjustment,1.41,0
DT-0009487,WO-003982,2026-04-22,Morning,M01,Process,Parameter adjustment,11.05,0
DT-0009488,WO-003983,2026-04-22,Afternoon,M01,Changeover,Tooling change,6.15,0
DT-0009489,WO-003983,2026-04-22,Afternoon,M01,Microstop,Vision retry,9.56,0
DT-0009490,WO-003983,2026-04-22,Afternoon,M01,Changeover,Tooling change,44.48,0
DT-0009491,WO-003984,2026-04-22,Morning,M02,Breakdown,Mechanical fault,11.59,0
DT-0009492,WO-003984,2026-04-22,Morning,M02,Process,Parameter adjustment,6.86,0
DT-0009493,WO-003984,2026-04-22,Morning,M02,Process,Parameter adjustment,25.42,0
DT-0009494,WO-003984,2026-04-22,Morning,M02,Process,Parameter adjustment,5.25,0
DT-0009495,WO-003985,2026-04-22,Afternoon,M02,Microstop,Vision retry,26.19,0
DT-0009496,WO-003985,2026-04-22,Afternoon,M02,Breakdown,Mechanical fault,7.34,0
DT-0009497,WO-003985,2026-04-22,Afternoon,M02,Planned,Preventive maintenance,0.99,1
DT-0009498,WO-003985,2026-04-22,Afternoon,M02,Material,Material shortage,28.74,0
DT-0009499,WO-003985,2026-04-22,Afternoon,M02,Material,Material shortage,1.88,0
DT-0009500,WO-003986,2026-04-22,Morning,M03,Material,Material shortage,2.23,0
DT-0009501,WO-003986,2026-04-22,Morning,M03,Breakdown,Sensor fault,24.9,0
DT-0009502,WO-003987,2026-04-22,Afternoon,M03,Microstop,Material jam,38.44,0
DT-0009503,WO-003988,2026-04-22,Morning,M04,Changeover,Fixture setup,45.31,0
DT-0009504,WO-003988,2026-04-22,Morning,M04,Changeover,Fixture setup,75.48,0
DT-0009505,WO-003989,2026-04-22,Afternoon,M04,Breakdown,Robot recovery,13.49,0
DT-0009506,WO-003989,2026-04-22,Afternoon,M04,Microstop,Torch cleaning,41.99,0
DT-0009507,WO-003989,2026-04-22,Afternoon,M04,Changeover,Fixture setup,63.11,0
DT-0009508,WO-003990,2026-04-22,Morning,M05,Process,Parameter adjustment,16.46,0
DT-0009509,WO-003990,2026-04-22,Morning,M05,Changeover,Tooling change,31.4,0
DT-0009510,WO-003991,2026-04-22,Afternoon,M05,Microstop,Material jam,46.04,0
DT-0009511,WO-003992,2026-04-22,Morning,M06,Breakdown,Sensor fault,21.17,0
DT-0009512,WO-003992,2026-04-22,Morning,M06,Process,Parameter adjustment,0.98,0
DT-0009513,WO-003992,2026-04-22,Morning,M06,Changeover,Tooling change,13.98,0
DT-0009514,WO-003993,2026-04-22,Afternoon,M06,Breakdown,Sensor fault,37.9,0
DT-0009515,WO-003994,2026-04-23,Morning,M01,Material,Material shortage,9.79,0
DT-0009516,WO-003994,2026-04-23,Morning,M01,Changeover,Tooling change,47.21,0
DT-0009517,WO-003995,2026-04-23,Afternoon,M01,Breakdown,Mechanical fault,18.79,0
DT-0009518,WO-003995,2026-04-23,Afternoon,M01,Process,Parameter adjustment,20.95,0
DT-0009519,WO-003995,2026-04-23,Afternoon,M01,Breakdown,Sensor fault,5.16,0
DT-0009520,WO-003996,2026-04-23,Morning,M02,Microstop,Material jam,60.97,0
DT-0009521,WO-003997,2026-04-23,Afternoon,M02,Microstop,Vision retry,22.84,0
DT-0009522,WO-003997,2026-04-23,Afternoon,M02,Material,Material shortage,57.07,0
DT-0009523,WO-003998,2026-04-23,Morning,M03,Breakdown,Sensor fault,39.46,0
DT-0009524,WO-003999,2026-04-23,Afternoon,M03,Material,Material shortage,13.35,0
DT-0009525,WO-003999,2026-04-23,Afternoon,M03,Microstop,Vision retry,1.27,0
DT-0009526,WO-003999,2026-04-23,Afternoon,M03,Planned,Preventive maintenance,1.24,1
DT-0009527,WO-003999,2026-04-23,Afternoon,M03,Microstop,Vision retry,1.63,0
DT-0009528,WO-003999,2026-04-23,Afternoon,M03,Breakdown,Mechanical fault,22.67,0
DT-0009529,WO-004000,2026-04-23,Morning,M04,Changeover,Fixture setup,25.0,0
DT-0009530,WO-004000,2026-04-23,Morning,M04,Microstop,Torch cleaning,13.74,0
DT-0009531,WO-004000,2026-04-23,Morning,M04,Breakdown,Robot recovery,63.8,0
DT-0009532,WO-004001,2026-04-23,Afternoon,M04,Breakdown,Robot recovery,32.93,0
DT-0009533,WO-004001,2026-04-23,Afternoon,M04,Breakdown,Mechanical fault,15.75,0
DT-0009534,WO-004001,2026-04-23,Afternoon,M04,Process,Weld parameter adjustment,32.56,0
DT-0009535,WO-004001,2026-04-23,Afternoon,M04,Process,Weld parameter adjustment,15.98,0
DT-0009536,WO-004002,2026-04-23,Morning,M05,Material,Material shortage,40.22,0
DT-0009537,WO-004002,2026-04-23,Morning,M05,Microstop,Material jam,0.98,0
DT-0009538,WO-004003,2026-04-23,Afternoon,M05,Material,Material shortage,22.0,0
DT-0009539,WO-004003,2026-04-23,Afternoon,M05,Breakdown,Mechanical fault,42.14,0
DT-0009540,WO-004004,2026-04-23,Morning,M06,Planned,Preventive maintenance,7.13,1
DT-0009541,WO-004004,2026-04-23,Morning,M06,Process,Parameter adjustment,1.02,0
DT-0009542,WO-004004,2026-04-23,Morning,M06,Changeover,Tooling change,3.04,0
DT-0009543,WO-004004,2026-04-23,Morning,M06,Material,Material shortage,12.31,0
DT-0009544,WO-004005,2026-04-23,Afternoon,M06,Microstop,Material jam,61.05,0
DT-0009545,WO-004006,2026-04-24,Morning,M01,Planned,Calibration,14.6,1
DT-0009546,WO-004006,2026-04-24,Morning,M01,Changeover,Planned changeover,6.24,1
DT-0009547,WO-004006,2026-04-24,Morning,M01,Microstop,Vision retry,24.16,0
DT-0009548,WO-004006,2026-04-24,Morning,M01,Changeover,Tooling change,2.95,0
DT-0009549,WO-004007,2026-04-24,Afternoon,M01,Microstop,Material jam,3.65,0
DT-0009550,WO-004007,2026-04-24,Afternoon,M01,Microstop,Vision retry,5.29,0
DT-0009551,WO-004007,2026-04-24,Afternoon,M01,Process,Parameter adjustment,23.15,0
DT-0009552,WO-004008,2026-04-24,Morning,M02,Material,Material shortage,37.4,0
DT-0009553,WO-004008,2026-04-24,Morning,M02,Planned,Preventive maintenance,2.2,1
DT-0009554,WO-004008,2026-04-24,Morning,M02,Breakdown,Mechanical fault,6.47,0
DT-0009555,WO-004009,2026-04-24,Afternoon,M02,Changeover,Planned changeover,1.6,1
DT-0009556,WO-004009,2026-04-24,Afternoon,M02,Process,Parameter adjustment,48.17,0
DT-0009557,WO-004009,2026-04-24,Afternoon,M02,Changeover,Tooling change,12.62,0
DT-0009558,WO-004010,2026-04-24,Morning,M03,Breakdown,Mechanical fault,24.33,0
DT-0009559,WO-004010,2026-04-24,Morning,M03,Material,Material shortage,1.11,0
DT-0009560,WO-004010,2026-04-24,Morning,M03,Breakdown,Mechanical fault,6.57,0
DT-0009561,WO-004011,2026-04-24,Afternoon,M03,Breakdown,Sensor fault,8.12,0
DT-0009562,WO-004011,2026-04-24,Afternoon,M03,Planned,Calibration,24.51,1
DT-0009563,WO-004012,2026-04-24,Morning,M04,Changeover,Fixture setup,41.59,0
DT-0009564,WO-004012,2026-04-24,Morning,M04,Process,Parameter adjustment,21.28,0
DT-0009565,WO-004012,2026-04-24,Morning,M04,Changeover,Fixture setup,39.98,0
DT-0009566,WO-004012,2026-04-24,Morning,M04,Changeover,Fixture setup,3.05,0
DT-0009567,WO-004013,2026-04-24,Afternoon,M04,Breakdown,Wire feeder fault,126.02,0
DT-0009568,WO-004014,2026-04-24,Morning,M05,Breakdown,Mechanical fault,10.09,0
DT-0009569,WO-004014,2026-04-24,Morning,M05,Breakdown,Mechanical fault,37.64,0
DT-0009570,WO-004015,2026-04-24,Afternoon,M05,Changeover,Tooling change,41.51,0
DT-0009571,WO-004016,2026-04-24,Morning,M06,Breakdown,Mechanical fault,2.93,0
DT-0009572,WO-004016,2026-04-24,Morning,M06,Changeover,Tooling change,7.24,0
DT-0009573,WO-004016,2026-04-24,Morning,M06,Breakdown,Sensor fault,2.73,0
DT-0009574,WO-004017,2026-04-24,Afternoon,M06,Process,Parameter adjustment,9.17,0
DT-0009575,WO-004017,2026-04-24,Afternoon,M06,Breakdown,Sensor fault,31.95,0
DT-0009576,WO-004018,2026-04-27,Morning,M01,Process,Parameter adjustment,42.65,0
DT-0009577,WO-004018,2026-04-27,Morning,M01,Planned,Preventive maintenance,8.1,1
DT-0009578,WO-004019,2026-04-27,Afternoon,M01,Microstop,Material jam,52.24,0
DT-0009579,WO-004019,2026-04-27,Afternoon,M01,Material,Material shortage,1.48,0
DT-0009580,WO-004020,2026-04-27,Morning,M02,Changeover,Tooling change,24.33,0
DT-0009581,WO-004020,2026-04-27,Morning,M02,Breakdown,Sensor fault,44.28,0
DT-0009582,WO-004021,2026-04-27,Afternoon,M02,Planned,Preventive maintenance,17.7,1
DT-0009583,WO-004021,2026-04-27,Afternoon,M02,Changeover,Planned changeover,30.53,1
DT-0009584,WO-004021,2026-04-27,Afternoon,M02,Process,Parameter adjustment,13.51,0
DT-0009585,WO-004022,2026-04-27,Morning,M03,Planned,Preventive maintenance,11.39,1
DT-0009586,WO-004022,2026-04-27,Morning,M03,Material,Material shortage,4.63,0
DT-0009587,WO-004022,2026-04-27,Morning,M03,Breakdown,Mechanical fault,16.1,0
DT-0009588,WO-004023,2026-04-27,Afternoon,M03,Material,Material shortage,41.82,0
DT-0009589,WO-004024,2026-04-27,Morning,M04,Planned,Calibration,96.39,1
DT-0009590,WO-004024,2026-04-27,Morning,M04,Changeover,Tooling change,30.29,0
DT-0009591,WO-004025,2026-04-27,Afternoon,M04,Changeover,Planned changeover,15.76,1
DT-0009592,WO-004025,2026-04-27,Afternoon,M04,Breakdown,Wire feeder fault,12.59,0
DT-0009593,WO-004025,2026-04-27,Afternoon,M04,Breakdown,Robot recovery,11.44,0
DT-0009594,WO-004025,2026-04-27,Afternoon,M04,Process,Weld parameter adjustment,48.06,0
DT-0009595,WO-004025,2026-04-27,Afternoon,M04,Microstop,Vision retry,38.45,0
DT-0009596,WO-004026,2026-04-27,Morning,M05,Breakdown,Mechanical fault,48.07,0
DT-0009597,WO-004027,2026-04-27,Afternoon,M05,Breakdown,Sensor fault,17.93,0
DT-0009598,WO-004027,2026-04-27,Afternoon,M05,Material,Material shortage,52.49,0
DT-0009599,WO-004028,2026-04-27,Afternoon,M06,Planned,Preventive maintenance,46.69,1
DT-0009600,WO-004029,2026-04-28,Afternoon,M01,Breakdown,Sensor fault,10.87,0
DT-0009601,WO-004029,2026-04-28,Afternoon,M01,Changeover,Tooling change,40.67,0
DT-0009602,WO-004030,2026-04-28,Morning,M02,Microstop,Vision retry,39.58,0
DT-0009603,WO-004031,2026-04-28,Afternoon,M02,Breakdown,Mechanical fault,26.13,0
DT-0009604,WO-004031,2026-04-28,Afternoon,M02,Breakdown,Sensor fault,6.32,0
DT-0009605,WO-004031,2026-04-28,Afternoon,M02,Breakdown,Mechanical fault,27.63,0
DT-0009606,WO-004032,2026-04-28,Morning,M03,Material,Material shortage,16.05,0
DT-0009607,WO-004032,2026-04-28,Morning,M03,Breakdown,Mechanical fault,32.02,0
DT-0009608,WO-004033,2026-04-28,Afternoon,M03,Changeover,Tooling change,18.58,0
DT-0009609,WO-004033,2026-04-28,Afternoon,M03,Breakdown,Sensor fault,27.54,0
DT-0009610,WO-004033,2026-04-28,Afternoon,M03,Process,Parameter adjustment,5.18,0
DT-0009611,WO-004033,2026-04-28,Afternoon,M03,Changeover,Tooling change,4.71,0
DT-0009612,WO-004033,2026-04-28,Afternoon,M03,Planned,Preventive maintenance,0.98,1
DT-0009613,WO-004034,2026-04-28,Morning,M04,Changeover,Fixture setup,123.05,0
DT-0009614,WO-004035,2026-04-28,Afternoon,M04,Changeover,Fixture setup,100.78,0
DT-0009615,WO-004035,2026-04-28,Afternoon,M04,Changeover,Fixture setup,15.64,0
DT-0009616,WO-004036,2026-04-28,Morning,M05,Changeover,Tooling change,52.61,0
DT-0009617,WO-004037,2026-04-28,Afternoon,M05,Microstop,Material jam,20.52,0
DT-0009618,WO-004037,2026-04-28,Afternoon,M05,Changeover,Planned changeover,17.21,1
DT-0009619,WO-004038,2026-04-28,Morning,M06,Changeover,Planned changeover,6.7,1
DT-0009620,WO-004038,2026-04-28,Morning,M06,Microstop,Vision retry,28.87,0
DT-0009621,WO-004039,2026-04-28,Afternoon,M06,Breakdown,Mechanical fault,8.09,0
DT-0009622,WO-004039,2026-04-28,Afternoon,M06,Breakdown,Mechanical fault,15.17,0
DT-0009623,WO-004040,2026-04-29,Morning,M01,Planned,Calibration,11.32,1
DT-0009624,WO-004040,2026-04-29,Morning,M01,Material,Material shortage,5.39,0
DT-0009625,WO-004040,2026-04-29,Morning,M01,Changeover,Tooling change,17.34,0
DT-0009626,WO-004040,2026-04-29,Morning,M01,Microstop,Vision retry,8.59,0
DT-0009627,WO-004040,2026-04-29,Morning,M01,Microstop,Vision retry,6.33,0
DT-0009628,WO-004041,2026-04-29,Afternoon,M01,Changeover,Planned changeover,46.55,1
DT-0009629,WO-004042,2026-04-29,Morning,M02,Microstop,Vision retry,44.95,0
DT-0009630,WO-004042,2026-04-29,Morning,M02,Changeover,Planned changeover,2.25,1
DT-0009631,WO-004043,2026-04-29,Afternoon,M02,Breakdown,Mechanical fault,11.48,0
DT-0009632,WO-004043,2026-04-29,Afternoon,M02,Process,Parameter adjustment,10.23,0
DT-0009633,WO-004043,2026-04-29,Afternoon,M02,Microstop,Material jam,8.86,0
DT-0009634,WO-004043,2026-04-29,Afternoon,M02,Material,Material shortage,33.17,0
DT-0009635,WO-004044,2026-04-29,Morning,M03,Material,Material shortage,27.56,0
DT-0009636,WO-004044,2026-04-29,Morning,M03,Planned,Calibration,8.82,1
DT-0009637,WO-004045,2026-04-29,Afternoon,M03,Breakdown,Sensor fault,1.73,0
DT-0009638,WO-004045,2026-04-29,Afternoon,M03,Changeover,Tooling change,2.74,0
DT-0009639,WO-004045,2026-04-29,Afternoon,M03,Changeover,Tooling change,34.9,0
DT-0009640,WO-004046,2026-04-29,Morning,M04,Changeover,Fixture setup,73.53,0
DT-0009641,WO-004046,2026-04-29,Morning,M04,Changeover,Fixture setup,17.75,0
DT-0009642,WO-004047,2026-04-29,Afternoon,M04,Changeover,Fixture setup,38.81,0
DT-0009643,WO-004047,2026-04-29,Afternoon,M04,Changeover,Fixture setup,93.95,0
DT-0009644,WO-004048,2026-04-29,Morning,M05,Breakdown,Sensor fault,4.25,0
DT-0009645,WO-004048,2026-04-29,Morning,M05,Breakdown,Mechanical fault,6.61,0
DT-0009646,WO-004048,2026-04-29,Morning,M05,Planned,Preventive maintenance,37.93,1
DT-0009647,WO-004048,2026-04-29,Morning,M05,Microstop,Material jam,6.43,0
DT-0009648,WO-004049,2026-04-29,Afternoon,M05,Planned,Preventive maintenance,43.92,1
DT-0009649,WO-004049,2026-04-29,Afternoon,M05,Microstop,Vision retry,13.0,0
DT-0009650,WO-004050,2026-04-29,Morning,M06,Changeover,Tooling change,15.05,0
DT-0009651,WO-004050,2026-04-29,Morning,M06,Changeover,Planned changeover,14.23,1
DT-0009652,WO-004051,2026-04-29,Afternoon,M06,Changeover,Planned changeover,27.35,1
DT-0009653,WO-004051,2026-04-29,Afternoon,M06,Material,Material shortage,20.63,0
DT-0009654,WO-004051,2026-04-29,Afternoon,M06,Microstop,Material jam,0.99,0
DT-0009655,WO-004052,2026-04-30,Morning,M01,Microstop,Material jam,35.6,0
DT-0009656,WO-004053,2026-04-30,Afternoon,M01,Process,Parameter adjustment,58.38,0
DT-0009657,WO-004054,2026-04-30,Morning,M02,Changeover,Tooling change,14.24,0
DT-0009658,WO-004054,2026-04-30,Morning,M02,Changeover,Planned changeover,34.93,1
DT-0009659,WO-004055,2026-04-30,Afternoon,M02,Material,Material shortage,20.13,0
DT-0009660,WO-004055,2026-04-30,Afternoon,M02,Microstop,Material jam,26.08,0
DT-0009661,WO-004055,2026-04-30,Afternoon,M02,Microstop,Vision retry,15.63,0
DT-0009662,WO-004056,2026-04-30,Morning,M03,Microstop,Vision retry,0.98,0
DT-0009663,WO-004056,2026-04-30,Morning,M03,Microstop,Material jam,23.79,0
DT-0009664,WO-004057,2026-04-30,Afternoon,M03,Changeover,Tooling change,31.57,0
DT-0009665,WO-004057,2026-04-30,Afternoon,M03,Material,Material shortage,8.54,0
DT-0009666,WO-004057,2026-04-30,Afternoon,M03,Microstop,Vision retry,1.25,0
DT-0009667,WO-004058,2026-04-30,Morning,M04,Changeover,Fixture setup,108.66,0
DT-0009668,WO-004059,2026-04-30,Afternoon,M04,Changeover,Fixture setup,5.02,0
DT-0009669,WO-004059,2026-04-30,Afternoon,M04,Breakdown,Robot recovery,39.81,0
DT-0009670,WO-004059,2026-04-30,Afternoon,M04,Changeover,Fixture setup,73.11,0
DT-0009671,WO-004059,2026-04-30,Afternoon,M04,Process,Weld parameter adjustment,2.05,0
DT-0009672,WO-004060,2026-04-30,Morning,M05,Planned,Preventive maintenance,0.98,1
DT-0009673,WO-004060,2026-04-30,Morning,M05,Changeover,Tooling change,34.84,0
DT-0009674,WO-004060,2026-04-30,Morning,M05,Breakdown,Mechanical fault,9.93,0
DT-0009675,WO-004061,2026-04-30,Afternoon,M05,Process,Parameter adjustment,27.61,0
DT-0009676,WO-004061,2026-04-30,Afternoon,M05,Process,Parameter adjustment,26.28,0
DT-0009677,WO-004062,2026-04-30,Morning,M06,Breakdown,Mechanical fault,16.95,0
DT-0009678,WO-004062,2026-04-30,Morning,M06,Microstop,Vision retry,15.03,0
DT-0009679,WO-004063,2026-04-30,Afternoon,M06,Microstop,Vision retry,1.07,0
DT-0009680,WO-004063,2026-04-30,Afternoon,M06,Changeover,Tooling change,30.8,0
DT-0009681,WO-004064,2026-05-01,Morning,M01,Process,Parameter adjustment,29.72,0
DT-0009682,WO-004064,2026-05-01,Morning,M01,Changeover,Planned changeover,8.13,1
DT-0009683,WO-004065,2026-05-01,Afternoon,M01,Process,Parameter adjustment,4.54,0
DT-0009684,WO-004065,2026-05-01,Afternoon,M01,Process,Parameter adjustment,10.86,0
DT-0009685,WO-004065,2026-05-01,Afternoon,M01,Breakdown,Mechanical fault,40.21,0
DT-0009686,WO-004066,2026-05-01,Morning,M02,Process,Parameter adjustment,19.63,0
DT-0009687,WO-004066,2026-05-01,Morning,M02,Material,Material shortage,18.68,0
DT-0009688,WO-004066,2026-05-01,Morning,M02,Process,Parameter adjustment,38.68,0
DT-0009689,WO-004066,2026-05-01,Morning,M02,Changeover,Tooling change,1.36,0
DT-0009690,WO-004067,2026-05-01,Afternoon,M02,Planned,Preventive maintenance,59.46,1
DT-0009691,WO-004068,2026-05-01,Afternoon,M03,Breakdown,Mechanical fault,19.77,0
DT-0009692,WO-004068,2026-05-01,Afternoon,M03,Changeover,Planned changeover,16.37,1
DT-0009693,WO-004069,2026-05-01,Morning,M04,Process,Parameter adjustment,61.69,0
DT-0009694,WO-004069,2026-05-01,Morning,M04,Microstop,Torch cleaning,42.16,0
DT-0009695,WO-004070,2026-05-01,Afternoon,M04,Changeover,Fixture setup,81.99,0
DT-0009696,WO-004070,2026-05-01,Afternoon,M04,Changeover,Fixture setup,34.41,0
DT-0009697,WO-004071,2026-05-01,Morning,M05,Process,Parameter adjustment,35.78,0
DT-0009698,WO-004071,2026-05-01,Morning,M05,Process,Parameter adjustment,26.96,0
DT-0009699,WO-004072,2026-05-01,Afternoon,M05,Planned,Calibration,56.0,1
DT-0009700,WO-004073,2026-05-01,Morning,M06,Microstop,Material jam,15.81,0
DT-0009701,WO-004073,2026-05-01,Morning,M06,Microstop,Material jam,13.68,0
DT-0009702,WO-004074,2026-05-01,Afternoon,M06,Breakdown,Sensor fault,10.61,0
DT-0009703,WO-004074,2026-05-01,Afternoon,M06,Changeover,Tooling change,14.73,0
DT-0009704,WO-004075,2026-05-04,Morning,M01,Breakdown,Mechanical fault,36.98,0
DT-0009705,WO-004075,2026-05-04,Morning,M01,Planned,Calibration,6.54,1
DT-0009706,WO-004075,2026-05-04,Morning,M01,Planned,Calibration,1.92,1
DT-0009707,WO-004076,2026-05-04,Afternoon,M01,Breakdown,Mechanical fault,7.9,0
DT-0009708,WO-004076,2026-05-04,Afternoon,M01,Changeover,Tooling change,17.12,0
DT-0009709,WO-004076,2026-05-04,Afternoon,M01,Changeover,Planned changeover,24.1,1
DT-0009710,WO-004077,2026-05-04,Morning,M02,Changeover,Planned changeover,3.05,1
DT-0009711,WO-004077,2026-05-04,Morning,M02,Microstop,Vision retry,56.5,0
DT-0009712,WO-004078,2026-05-04,Afternoon,M02,Changeover,Tooling change,1.95,0
DT-0009713,WO-004078,2026-05-04,Afternoon,M02,Microstop,Vision retry,62.02,0
DT-0009714,WO-004079,2026-05-04,Morning,M03,Microstop,Vision retry,1.04,0
DT-0009715,WO-004079,2026-05-04,Morning,M03,Planned,Calibration,30.52,1
DT-0009716,WO-004079,2026-05-04,Morning,M03,Material,Material shortage,8.8,0
DT-0009717,WO-004080,2026-05-04,Afternoon,M03,Breakdown,Sensor fault,38.96,0
DT-0009718,WO-004081,2026-05-04,Morning,M04,Planned,Calibration,6.3,1
DT-0009719,WO-004081,2026-05-04,Morning,M04,Breakdown,Robot recovery,2.78,0
DT-0009720,WO-004081,2026-05-04,Morning,M04,Changeover,Fixture setup,4.55,0
DT-0009721,WO-004081,2026-05-04,Morning,M04,Breakdown,Robot recovery,41.18,0
DT-0009722,WO-004081,2026-05-04,Morning,M04,Breakdown,Robot recovery,52.24,0
DT-0009723,WO-004082,2026-05-04,Afternoon,M04,Breakdown,Wire feeder fault,109.58,0
DT-0009724,WO-004082,2026-05-04,Afternoon,M04,Changeover,Fixture setup,1.95,0
DT-0009725,WO-004083,2026-05-04,Morning,M05,Material,Material shortage,14.49,0
DT-0009726,WO-004083,2026-05-04,Morning,M05,Process,Parameter adjustment,9.23,0
DT-0009727,WO-004083,2026-05-04,Morning,M05,Microstop,Vision retry,6.57,0
DT-0009728,WO-004083,2026-05-04,Morning,M05,Breakdown,Mechanical fault,6.71,0
DT-0009729,WO-004084,2026-05-04,Afternoon,M05,Process,Parameter adjustment,7.77,0
DT-0009730,WO-004084,2026-05-04,Afternoon,M05,Process,Parameter adjustment,4.95,0
DT-0009731,WO-004084,2026-05-04,Afternoon,M05,Microstop,Material jam,1.8,0
DT-0009732,WO-004084,2026-05-04,Afternoon,M05,Breakdown,Mechanical fault,32.9,0
DT-0009733,WO-004085,2026-05-04,Morning,M06,Microstop,Material jam,11.28,0
DT-0009734,WO-004085,2026-05-04,Morning,M06,Microstop,Material jam,33.08,0
DT-0009735,WO-004086,2026-05-04,Afternoon,M06,Microstop,Vision retry,10.36,0
DT-0009736,WO-004086,2026-05-04,Afternoon,M06,Process,Parameter adjustment,17.83,0
DT-0009737,WO-004087,2026-05-05,Morning,M01,Process,Parameter adjustment,22.94,0
DT-0009738,WO-004087,2026-05-05,Morning,M01,Changeover,Planned changeover,3.37,1
DT-0009739,WO-004087,2026-05-05,Morning,M01,Breakdown,Sensor fault,9.35,0
DT-0009740,WO-004088,2026-05-05,Afternoon,M01,Breakdown,Mechanical fault,52.4,0
DT-0009741,WO-004089,2026-05-05,Morning,M02,Material,Material shortage,0.99,0
DT-0009742,WO-004089,2026-05-05,Morning,M02,Breakdown,Mechanical fault,58.53,0
DT-0009743,WO-004090,2026-05-05,Afternoon,M02,Process,Parameter adjustment,4.51,0
DT-0009744,WO-004090,2026-05-05,Afternoon,M02,Breakdown,Sensor fault,45.62,0
DT-0009745,WO-004090,2026-05-05,Afternoon,M02,Breakdown,Sensor fault,10.86,0
DT-0009746,WO-004091,2026-05-05,Morning,M03,Microstop,Material jam,5.94,0
DT-0009747,WO-004091,2026-05-05,Morning,M03,Process,Parameter adjustment,13.91,0
DT-0009748,WO-004091,2026-05-05,Morning,M03,Microstop,Vision retry,17.55,0
DT-0009749,WO-004092,2026-05-05,Afternoon,M03,Process,Parameter adjustment,43.09,0
DT-0009750,WO-004093,2026-05-05,Morning,M04,Changeover,Fixture setup,7.27,0
DT-0009751,WO-004093,2026-05-05,Morning,M04,Breakdown,Robot recovery,12.6,0
DT-0009752,WO-004093,2026-05-05,Morning,M04,Changeover,Tooling change,74.74,0
DT-0009753,WO-004093,2026-05-05,Morning,M04,Microstop,Vision retry,27.07,0
DT-0009754,WO-004094,2026-05-05,Afternoon,M04,Changeover,Fixture setup,110.46,0
DT-0009755,WO-004095,2026-05-05,Morning,M05,Planned,Preventive maintenance,58.67,1
DT-0009756,WO-004096,2026-05-05,Afternoon,M05,Changeover,Tooling change,52.09,0
DT-0009757,WO-004097,2026-05-05,Morning,M06,Breakdown,Sensor fault,11.21,0
DT-0009758,WO-004097,2026-05-05,Morning,M06,Microstop,Material jam,22.85,0
DT-0009759,WO-004098,2026-05-05,Afternoon,M06,Planned,Calibration,14.68,1
DT-0009760,WO-004098,2026-05-05,Afternoon,M06,Process,Parameter adjustment,1.39,0
DT-0009761,WO-004098,2026-05-05,Afternoon,M06,Microstop,Material jam,24.82,0
DT-0009762,WO-004099,2026-05-06,Morning,M01,Changeover,Planned changeover,12.08,1
DT-0009763,WO-004099,2026-05-06,Morning,M01,Planned,Calibration,1.07,1
DT-0009764,WO-004099,2026-05-06,Morning,M01,Planned,Preventive maintenance,29.38,1
DT-0009765,WO-004099,2026-05-06,Morning,M01,Breakdown,Mechanical fault,2.89,0
DT-0009766,WO-004100,2026-05-06,Afternoon,M01,Changeover,Tooling change,55.22,0
DT-0009767,WO-004101,2026-05-06,Morning,M02,Planned,Preventive maintenance,60.77,1
DT-0009768,WO-004102,2026-05-06,Afternoon,M02,Breakdown,Sensor fault,42.93,0
DT-0009769,WO-004102,2026-05-06,Afternoon,M02,Breakdown,Sensor fault,5.8,0
DT-0009770,WO-004103,2026-05-06,Morning,M03,Breakdown,Mechanical fault,1.69,0
DT-0009771,WO-004103,2026-05-06,Morning,M03,Microstop,Material jam,2.09,0
DT-0009772,WO-004103,2026-05-06,Morning,M03,Breakdown,Sensor fault,4.63,0
DT-0009773,WO-004103,2026-05-06,Morning,M03,Changeover,Tooling change,4.5,0
DT-0009774,WO-004104,2026-05-06,Afternoon,M03,Breakdown,Mechanical fault,8.31,0
DT-0009775,WO-004104,2026-05-06,Afternoon,M03,Process,Parameter adjustment,41.13,0
DT-0009776,WO-004105,2026-05-06,Morning,M04,Breakdown,Sensor fault,24.95,0
DT-0009777,WO-004105,2026-05-06,Morning,M04,Breakdown,Sensor fault,20.01,0
DT-0009778,WO-004105,2026-05-06,Morning,M04,Process,Weld parameter adjustment,20.56,0
DT-0009779,WO-004105,2026-05-06,Morning,M04,Changeover,Fixture setup,32.12,0
DT-0009780,WO-004106,2026-05-06,Afternoon,M04,Changeover,Fixture setup,120.8,0
DT-0009781,WO-004107,2026-05-06,Morning,M05,Breakdown,Mechanical fault,1.46,0
DT-0009782,WO-004107,2026-05-06,Morning,M05,Material,Material shortage,18.6,0
DT-0009783,WO-004108,2026-05-06,Afternoon,M05,Changeover,Tooling change,18.09,0
DT-0009784,WO-004108,2026-05-06,Afternoon,M05,Planned,Calibration,23.24,1
DT-0009785,WO-004108,2026-05-06,Afternoon,M05,Planned,Preventive maintenance,10.95,1
DT-0009786,WO-004108,2026-05-06,Afternoon,M05,Material,Material shortage,0.99,0
DT-0009787,WO-004109,2026-05-06,Morning,M06,Breakdown,Sensor fault,18.24,0
DT-0009788,WO-004109,2026-05-06,Morning,M06,Planned,Calibration,14.03,1
DT-0009789,WO-004109,2026-05-06,Morning,M06,Microstop,Material jam,1.65,0
DT-0009790,WO-004109,2026-05-06,Morning,M06,Microstop,Vision retry,17.96,0
DT-0009791,WO-004110,2026-05-06,Afternoon,M06,Material,Material shortage,13.72,0
DT-0009792,WO-004110,2026-05-06,Afternoon,M06,Microstop,Vision retry,1.0,0
DT-0009793,WO-004110,2026-05-06,Afternoon,M06,Breakdown,Mechanical fault,9.82,0
DT-0009794,WO-004110,2026-05-06,Afternoon,M06,Process,Parameter adjustment,17.22,0
DT-0009795,WO-004111,2026-05-07,Morning,M01,Microstop,Vision retry,4.36,0
DT-0009796,WO-004111,2026-05-07,Morning,M01,Changeover,Tooling change,22.42,0
DT-0009797,WO-004111,2026-05-07,Morning,M01,Breakdown,Mechanical fault,23.34,0
DT-0009798,WO-004112,2026-05-07,Afternoon,M01,Breakdown,Sensor fault,49.11,0
DT-0009799,WO-004113,2026-05-07,Morning,M02,Changeover,Tooling change,19.99,0
DT-0009800,WO-004113,2026-05-07,Morning,M02,Changeover,Tooling change,8.8,0
DT-0009801,WO-004113,2026-05-07,Morning,M02,Planned,Preventive maintenance,22.34,1
DT-0009802,WO-004114,2026-05-07,Afternoon,M02,Changeover,Tooling change,13.77,0
DT-0009803,WO-004114,2026-05-07,Afternoon,M02,Breakdown,Sensor fault,39.92,0
DT-0009804,WO-004114,2026-05-07,Afternoon,M02,Changeover,Tooling change,7.1,0
DT-0009805,WO-004115,2026-05-07,Morning,M03,Breakdown,Sensor fault,45.64,0
DT-0009806,WO-004116,2026-05-07,Afternoon,M03,Breakdown,Sensor fault,42.06,0
DT-0009807,WO-004116,2026-05-07,Afternoon,M03,Changeover,Tooling change,6.03,0
DT-0009808,WO-004117,2026-05-07,Morning,M04,Planned,Calibration,82.8,1
DT-0009809,WO-004117,2026-05-07,Morning,M04,Changeover,Planned changeover,41.11,1
DT-0009810,WO-004118,2026-05-07,Afternoon,M04,Changeover,Fixture setup,114.85,0
DT-0009811,WO-004119,2026-05-07,Morning,M05,Breakdown,Mechanical fault,34.88,0
DT-0009812,WO-004119,2026-05-07,Morning,M05,Changeover,Tooling change,13.04,0
DT-0009813,WO-004120,2026-05-07,Afternoon,M05,Microstop,Vision retry,29.36,0
DT-0009814,WO-004120,2026-05-07,Afternoon,M05,Material,Material shortage,3.55,0
DT-0009815,WO-004120,2026-05-07,Afternoon,M05,Microstop,Material jam,11.67,0
DT-0009816,WO-004121,2026-05-07,Morning,M06,Process,Parameter adjustment,19.96,0
DT-0009817,WO-004121,2026-05-07,Morning,M06,Microstop,Material jam,6.36,0
DT-0009818,WO-004121,2026-05-07,Morning,M06,Microstop,Material jam,16.6,0
DT-0009819,WO-004122,2026-05-07,Afternoon,M06,Material,Material shortage,0.99,0
DT-0009820,WO-004122,2026-05-07,Afternoon,M06,Microstop,Vision retry,54.18,0
DT-0009821,WO-004123,2026-05-08,Morning,M01,Microstop,Vision retry,7.4,0
DT-0009822,WO-004123,2026-05-08,Morning,M01,Changeover,Planned changeover,4.91,1
DT-0009823,WO-004123,2026-05-08,Morning,M01,Material,Material shortage,36.29,0
DT-0009824,WO-004124,2026-05-08,Afternoon,M01,Planned,Preventive maintenance,8.28,1
DT-0009825,WO-004124,2026-05-08,Afternoon,M01,Breakdown,Sensor fault,1.82,0
DT-0009826,WO-004124,2026-05-08,Afternoon,M01,Breakdown,Sensor fault,15.06,0
DT-0009827,WO-004124,2026-05-08,Afternoon,M01,Microstop,Vision retry,6.66,0
DT-0009828,WO-004124,2026-05-08,Afternoon,M01,Microstop,Vision retry,18.89,0
DT-0009829,WO-004125,2026-05-08,Morning,M02,Breakdown,Mechanical fault,48.74,0
DT-0009830,WO-004125,2026-05-08,Morning,M02,Material,Material shortage,23.42,0
DT-0009831,WO-004126,2026-05-08,Afternoon,M02,Microstop,Vision retry,42.29,0
DT-0009832,WO-004126,2026-05-08,Afternoon,M02,Breakdown,Sensor fault,13.17,0
DT-0009833,WO-004127,2026-05-08,Morning,M03,Breakdown,Sensor fault,22.74,0
DT-0009834,WO-004127,2026-05-08,Morning,M03,Breakdown,Mechanical fault,12.88,0
DT-0009835,WO-004128,2026-05-08,Afternoon,M03,Microstop,Material jam,38.38,0
DT-0009836,WO-004129,2026-05-08,Morning,M04,Process,Parameter adjustment,62.4,0
DT-0009837,WO-004129,2026-05-08,Morning,M04,Breakdown,Robot recovery,21.96,0
DT-0009838,WO-004130,2026-05-08,Afternoon,M04,Changeover,Fixture setup,37.35,0
DT-0009839,WO-004130,2026-05-08,Afternoon,M04,Changeover,Fixture setup,83.12,0
DT-0009840,WO-004131,2026-05-08,Morning,M05,Breakdown,Mechanical fault,5.3,0
DT-0009841,WO-004131,2026-05-08,Morning,M05,Breakdown,Sensor fault,45.65,0
DT-0009842,WO-004132,2026-05-08,Afternoon,M05,Planned,Calibration,69.72,1
DT-0009843,WO-004133,2026-05-08,Morning,M06,Process,Parameter adjustment,4.6,0
DT-0009844,WO-004133,2026-05-08,Morning,M06,Breakdown,Sensor fault,29.39,0
DT-0009845,WO-004134,2026-05-08,Afternoon,M06,Breakdown,Mechanical fault,26.82,0
DT-0009846,WO-004134,2026-05-08,Afternoon,M06,Microstop,Material jam,6.3,0
DT-0009847,WO-004134,2026-05-08,Afternoon,M06,Microstop,Vision retry,9.56,0
DT-0009848,WO-004135,2026-05-11,Morning,M01,Changeover,Planned changeover,30.9,1
DT-0009849,WO-004135,2026-05-11,Morning,M01,Planned,Calibration,11.42,1
DT-0009850,WO-004136,2026-05-11,Afternoon,M01,Breakdown,Mechanical fault,5.28,0
DT-0009851,WO-004136,2026-05-11,Afternoon,M01,Changeover,Tooling change,5.12,0
DT-0009852,WO-004136,2026-05-11,Afternoon,M01,Process,Parameter adjustment,23.24,0
DT-0009853,WO-004136,2026-05-11,Afternoon,M01,Microstop,Material jam,1.01,0
DT-0009854,WO-004137,2026-05-11,Morning,M02,Material,Material shortage,46.92,0
DT-0009855,WO-004138,2026-05-11,Afternoon,M02,Microstop,Vision retry,46.76,0
DT-0009856,WO-004138,2026-05-11,Afternoon,M02,Microstop,Material jam,12.8,0
DT-0009857,WO-004138,2026-05-11,Afternoon,M02,Changeover,Tooling change,3.17,0
DT-0009858,WO-004139,2026-05-11,Afternoon,M03,Planned,Calibration,43.45,1
DT-0009859,WO-004140,2026-05-11,Morning,M04,Microstop,Vision retry,95.8,0
DT-0009860,WO-004140,2026-05-11,Morning,M04,Changeover,Fixture setup,20.03,0
DT-0009861,WO-004141,2026-05-11,Afternoon,M04,Planned,Calibration,99.73,1
DT-0009862,WO-004142,2026-05-11,Morning,M05,Changeover,Planned changeover,22.44,1
DT-0009863,WO-004142,2026-05-11,Morning,M05,Material,Material shortage,14.28,0
DT-0009864,WO-004142,2026-05-11,Morning,M05,Breakdown,Sensor fault,13.27,0
DT-0009865,WO-004143,2026-05-11,Afternoon,M05,Breakdown,Mechanical fault,0.99,0
DT-0009866,WO-004143,2026-05-11,Afternoon,M05,Microstop,Vision retry,50.33,0
DT-0009867,WO-004143,2026-05-11,Afternoon,M05,Microstop,Material jam,12.25,0
DT-0009868,WO-004144,2026-05-11,Morning,M06,Process,Parameter adjustment,15.88,0
DT-0009869,WO-004144,2026-05-11,Morning,M06,Process,Parameter adjustment,0.99,0
DT-0009870,WO-004144,2026-05-11,Morning,M06,Breakdown,Mechanical fault,6.37,0
DT-0009871,WO-004144,2026-05-11,Morning,M06,Material,Material shortage,4.74,0
DT-0009872,WO-004145,2026-05-11,Afternoon,M06,Process,Parameter adjustment,37.49,0
DT-0009873,WO-004146,2026-05-12,Morning,M01,Breakdown,Mechanical fault,15.2,0
DT-0009874,WO-004146,2026-05-12,Morning,M01,Material,Material shortage,20.01,0
DT-0009875,WO-004146,2026-05-12,Morning,M01,Breakdown,Sensor fault,13.4,0
DT-0009876,WO-004147,2026-05-12,Afternoon,M01,Material,Material shortage,5.33,0
DT-0009877,WO-004147,2026-05-12,Afternoon,M01,Changeover,Tooling change,13.51,0
DT-0009878,WO-004147,2026-05-12,Afternoon,M01,Microstop,Material jam,12.84,0
DT-0009879,WO-004147,2026-05-12,Afternoon,M01,Process,Parameter adjustment,31.96,0
DT-0009880,WO-004148,2026-05-12,Morning,M02,Breakdown,Mechanical fault,8.7,0
DT-0009881,WO-004148,2026-05-12,Morning,M02,Breakdown,Sensor fault,1.68,0
DT-0009882,WO-004148,2026-05-12,Morning,M02,Planned,Calibration,18.1,1
DT-0009883,WO-004148,2026-05-12,Morning,M02,Changeover,Tooling change,9.13,0
DT-0009884,WO-004148,2026-05-12,Morning,M02,Breakdown,Sensor fault,3.94,0
DT-0009885,WO-004149,2026-05-12,Afternoon,M02,Breakdown,Sensor fault,7.31,0
DT-0009886,WO-004149,2026-05-12,Afternoon,M02,Material,Material shortage,37.04,0
DT-0009887,WO-004149,2026-05-12,Afternoon,M02,Changeover,Tooling change,2.06,0
DT-0009888,WO-004150,2026-05-12,Morning,M03,Microstop,Vision retry,25.23,0
DT-0009889,WO-004150,2026-05-12,Morning,M03,Breakdown,Sensor fault,6.32,0
DT-0009890,WO-004150,2026-05-12,Morning,M03,Process,Parameter adjustment,5.67,0
DT-0009891,WO-004151,2026-05-12,Afternoon,M03,Material,Material shortage,27.49,0
DT-0009892,WO-004151,2026-05-12,Afternoon,M03,Changeover,Planned changeover,33.19,1
DT-0009893,WO-004152,2026-05-12,Morning,M04,Breakdown,Sensor fault,120.12,0
DT-0009894,WO-004153,2026-05-12,Afternoon,M04,Changeover,Fixture setup,45.62,0
DT-0009895,WO-004153,2026-05-12,Afternoon,M04,Changeover,Fixture setup,80.05,0
DT-0009896,WO-004154,2026-05-12,Morning,M05,Material,Material shortage,40.79,0
DT-0009897,WO-004155,2026-05-12,Afternoon,M05,Breakdown,Mechanical fault,27.07,0
DT-0009898,WO-004155,2026-05-12,Afternoon,M05,Material,Material shortage,19.68,0
DT-0009899,WO-004156,2026-05-12,Morning,M06,Changeover,Tooling change,0.97,0
DT-0009900,WO-004156,2026-05-12,Morning,M06,Material,Material shortage,11.21,0
DT-0009901,WO-004156,2026-05-12,Morning,M06,Planned,Calibration,6.06,1
DT-0009902,WO-004156,2026-05-12,Morning,M06,Breakdown,Mechanical fault,7.1,0
DT-0009903,WO-004157,2026-05-12,Afternoon,M06,Breakdown,Mechanical fault,34.37,0
DT-0009904,WO-004157,2026-05-12,Afternoon,M06,Planned,Preventive maintenance,6.07,1
DT-0009905,WO-004158,2026-05-13,Morning,M01,Material,Material shortage,0.99,0
DT-0009906,WO-004158,2026-05-13,Morning,M01,Changeover,Tooling change,30.99,0
DT-0009907,WO-004158,2026-05-13,Morning,M01,Planned,Calibration,5.94,1
DT-0009908,WO-004159,2026-05-13,Afternoon,M01,Material,Material shortage,53.84,0
DT-0009909,WO-004160,2026-05-13,Morning,M02,Process,Parameter adjustment,36.71,0
DT-0009910,WO-004161,2026-05-13,Afternoon,M02,Microstop,Material jam,37.76,0
DT-0009911,WO-004161,2026-05-13,Afternoon,M02,Material,Material shortage,25.51,0
DT-0009912,WO-004162,2026-05-13,Morning,M03,Process,Parameter adjustment,13.51,0
DT-0009913,WO-004162,2026-05-13,Morning,M03,Material,Material shortage,37.04,0
DT-0009914,WO-004163,2026-05-13,Afternoon,M03,Changeover,Tooling change,1.0,0
DT-0009915,WO-004163,2026-05-13,Afternoon,M03,Process,Parameter adjustment,42.13,0
DT-0009916,WO-004164,2026-05-13,Morning,M04,Changeover,Fixture setup,128.09,0
DT-0009917,WO-004165,2026-05-13,Afternoon,M04,Breakdown,Sensor fault,13.89,0
DT-0009918,WO-004165,2026-05-13,Afternoon,M04,Breakdown,Sensor fault,31.69,0
DT-0009919,WO-004165,2026-05-13,Afternoon,M04,Changeover,Planned changeover,60.77,1
DT-0009920,WO-004166,2026-05-13,Morning,M05,Planned,Calibration,26.55,1
DT-0009921,WO-004166,2026-05-13,Morning,M05,Breakdown,Sensor fault,1.21,0
DT-0009922,WO-004166,2026-05-13,Morning,M05,Breakdown,Mechanical fault,22.42,0
DT-0009923,WO-004167,2026-05-13,Afternoon,M05,Process,Parameter adjustment,39.15,0
DT-0009924,WO-004167,2026-05-13,Afternoon,M05,Process,Parameter adjustment,12.8,0
DT-0009925,WO-004167,2026-05-13,Afternoon,M05,Planned,Preventive maintenance,14.92,1
DT-0009926,WO-004168,2026-05-13,Morning,M06,Breakdown,Mechanical fault,3.42,0
DT-0009927,WO-004168,2026-05-13,Morning,M06,Breakdown,Sensor fault,1.29,0
DT-0009928,WO-004168,2026-05-13,Morning,M06,Planned,Preventive maintenance,5.42,1
DT-0009929,WO-004168,2026-05-13,Morning,M06,Microstop,Material jam,2.77,0
DT-0009930,WO-004169,2026-05-13,Afternoon,M06,Process,Parameter adjustment,7.3,0
DT-0009931,WO-004169,2026-05-13,Afternoon,M06,Changeover,Tooling change,11.35,0
DT-0009932,WO-004169,2026-05-13,Afternoon,M06,Breakdown,Mechanical fault,38.51,0
DT-0009933,WO-004170,2026-05-14,Morning,M01,Process,Parameter adjustment,37.86,0
DT-0009934,WO-004170,2026-05-14,Morning,M01,Microstop,Vision retry,15.0,0
DT-0009935,WO-004170,2026-05-14,Morning,M01,Breakdown,Mechanical fault,0.99,0
DT-0009936,WO-004171,2026-05-14,Afternoon,M01,Breakdown,Sensor fault,21.81,0
DT-0009937,WO-004171,2026-05-14,Afternoon,M01,Breakdown,Mechanical fault,27.27,0
DT-0009938,WO-004171,2026-05-14,Afternoon,M01,Process,Parameter adjustment,1.55,0
DT-0009939,WO-004171,2026-05-14,Afternoon,M01,Material,Material shortage,18.26,0
DT-0009940,WO-004172,2026-05-14,Morning,M02,Changeover,Tooling change,50.74,0
DT-0009941,WO-004172,2026-05-14,Morning,M02,Material,Material shortage,1.76,0
DT-0009942,WO-004172,2026-05-14,Morning,M02,Microstop,Material jam,1.39,0
DT-0009943,WO-004172,2026-05-14,Morning,M02,Breakdown,Sensor fault,11.48,0
DT-0009944,WO-004173,2026-05-14,Afternoon,M02,Microstop,Material jam,60.75,0
DT-0009945,WO-004173,2026-05-14,Afternoon,M02,Changeover,Tooling change,1.77,0
DT-0009946,WO-004174,2026-05-14,Morning,M03,Material,Material shortage,6.37,0
DT-0009947,WO-004174,2026-05-14,Morning,M03,Material,Material shortage,3.37,0
DT-0009948,WO-004174,2026-05-14,Morning,M03,Planned,Calibration,4.64,1
DT-0009949,WO-004174,2026-05-14,Morning,M03,Changeover,Planned changeover,11.41,1
DT-0009950,WO-004175,2026-05-14,Afternoon,M03,Microstop,Material jam,60.94,0
DT-0009951,WO-004176,2026-05-14,Morning,M04,Changeover,Fixture setup,118.75,0
DT-0009952,WO-004177,2026-05-14,Afternoon,M04,Changeover,Fixture setup,137.72,0
DT-0009953,WO-004178,2026-05-14,Morning,M05,Microstop,Vision retry,58.43,0
DT-0009954,WO-004179,2026-05-14,Afternoon,M05,Planned,Preventive maintenance,11.66,1
DT-0009955,WO-004179,2026-05-14,Afternoon,M05,Planned,Preventive maintenance,42.85,1
DT-0009956,WO-004180,2026-05-14,Morning,M06,Process,Parameter adjustment,8.05,0
DT-0009957,WO-004180,2026-05-14,Morning,M06,Planned,Calibration,6.22,1
DT-0009958,WO-004181,2026-05-14,Afternoon,M06,Material,Material shortage,16.57,0
DT-0009959,WO-004181,2026-05-14,Afternoon,M06,Breakdown,Mechanical fault,9.82,0
DT-0009960,WO-004181,2026-05-14,Afternoon,M06,Process,Parameter adjustment,15.93,0
DT-0009961,WO-004181,2026-05-14,Afternoon,M06,Microstop,Vision retry,6.91,0
DT-0009962,WO-004182,2026-05-15,Morning,M01,Process,Parameter adjustment,4.57,0
DT-0009963,WO-004182,2026-05-15,Morning,M01,Planned,Preventive maintenance,11.24,1
DT-0009964,WO-004182,2026-05-15,Morning,M01,Microstop,Vision retry,1.47,0
DT-0009965,WO-004182,2026-05-15,Morning,M01,Microstop,Vision retry,36.34,0
DT-0009966,WO-004183,2026-05-15,Afternoon,M01,Process,Parameter adjustment,4.8,0
DT-0009967,WO-004183,2026-05-15,Afternoon,M01,Breakdown,Mechanical fault,12.18,0
DT-0009968,WO-004183,2026-05-15,Afternoon,M01,Breakdown,Sensor fault,18.92,0
DT-0009969,WO-004183,2026-05-15,Afternoon,M01,Microstop,Material jam,14.38,0
DT-0009970,WO-004184,2026-05-15,Morning,M02,Breakdown,Sensor fault,5.6,0
DT-0009971,WO-004184,2026-05-15,Morning,M02,Breakdown,Sensor fault,34.24,0
DT-0009972,WO-004184,2026-05-15,Morning,M02,Material,Material shortage,1.35,0
DT-0009973,WO-004185,2026-05-15,Afternoon,M02,Microstop,Vision retry,62.78,0
DT-0009974,WO-004186,2026-05-15,Morning,M03,Microstop,Material jam,18.29,0
DT-0009975,WO-004186,2026-05-15,Morning,M03,Microstop,Vision retry,18.48,0
DT-0009976,WO-004187,2026-05-15,Afternoon,M03,Microstop,Vision retry,9.93,0
DT-0009977,WO-004187,2026-05-15,Afternoon,M03,Breakdown,Sensor fault,35.34,0
DT-0009978,WO-004188,2026-05-15,Morning,M04,Microstop,Torch cleaning,78.3,0
DT-0009979,WO-004188,2026-05-15,Morning,M04,Breakdown,Mechanical fault,35.48,0
DT-0009980,WO-004189,2026-05-15,Afternoon,M04,Material,Material shortage,98.43,0
DT-0009981,WO-004189,2026-05-15,Afternoon,M04,Breakdown,Robot recovery,1.0,0
DT-0009982,WO-004189,2026-05-15,Afternoon,M04,Changeover,Fixture setup,15.04,0
DT-0009983,WO-004190,2026-05-15,Morning,M05,Microstop,Material jam,27.94,0
DT-0009984,WO-004190,2026-05-15,Morning,M05,Process,Parameter adjustment,6.83,0
DT-0009985,WO-004191,2026-05-15,Afternoon,M05,Microstop,Material jam,2.26,0
DT-0009986,WO-004191,2026-05-15,Afternoon,M05,Microstop,Vision retry,26.61,0
DT-0009987,WO-004191,2026-05-15,Afternoon,M05,Microstop,Vision retry,20.12,0
DT-0009988,WO-004191,2026-05-15,Afternoon,M05,Process,Parameter adjustment,1.02,0
DT-0009989,WO-004191,2026-05-15,Afternoon,M05,Microstop,Vision retry,1.55,0
DT-0009990,WO-004192,2026-05-15,Morning,M06,Planned,Preventive maintenance,18.57,1
DT-0009991,WO-004192,2026-05-15,Morning,M06,Microstop,Material jam,5.25,0
DT-0009992,WO-004193,2026-05-15,Afternoon,M06,Microstop,Material jam,32.11,0
DT-0009993,WO-004194,2026-05-18,Morning,M01,Breakdown,Mechanical fault,47.47,0
DT-0009994,WO-004194,2026-05-18,Morning,M01,Microstop,Vision retry,4.97,0
DT-0009995,WO-004195,2026-05-18,Afternoon,M01,Material,Material shortage,61.51,0
DT-0009996,WO-004196,2026-05-18,Morning,M02,Breakdown,Mechanical fault,1.0,0
DT-0009997,WO-004196,2026-05-18,Morning,M02,Breakdown,Sensor fault,50.94,0
DT-0009998,WO-004196,2026-05-18,Morning,M02,Changeover,Tooling change,2.19,0
DT-0009999,WO-004197,2026-05-18,Morning,M03,Changeover,Tooling change,38.44,0
DT-0010000,WO-004198,2026-05-18,Afternoon,M03,Microstop,Material jam,48.88,0
DT-0010001,WO-004199,2026-05-18,Morning,M04,Microstop,Torch cleaning,26.8,0
DT-0010002,WO-004199,2026-05-18,Morning,M04,Process,Weld parameter adjustment,74.92,0
DT-0010003,WO-004199,2026-05-18,Morning,M04,Changeover,Fixture setup,7.8,0
DT-0010004,WO-004200,2026-05-18,Afternoon,M04,Changeover,Fixture setup,141.16,0
DT-0010005,WO-004201,2026-05-18,Morning,M05,Process,Parameter adjustment,2.08,0
DT-0010006,WO-004201,2026-05-18,Morning,M05,Microstop,Vision retry,0.99,0
DT-0010007,WO-004201,2026-05-18,Morning,M05,Changeover,Planned changeover,32.9,1
DT-0010008,WO-004201,2026-05-18,Morning,M05,Process,Parameter adjustment,13.85,0
DT-0010009,WO-004202,2026-05-18,Afternoon,M05,Planned,Preventive maintenance,40.68,1
DT-0010010,WO-004202,2026-05-18,Afternoon,M05,Process,Parameter adjustment,7.25,0
DT-0010011,WO-004203,2026-05-18,Morning,M06,Planned,Preventive maintenance,45.94,1
DT-0010012,WO-004204,2026-05-18,Afternoon,M06,Microstop,Material jam,44.67,0
DT-0010013,WO-004205,2026-05-19,Morning,M01,Planned,Calibration,19.91,1
DT-0010014,WO-004205,2026-05-19,Morning,M01,Microstop,Vision retry,12.57,0
DT-0010015,WO-004205,2026-05-19,Morning,M01,Planned,Preventive maintenance,25.77,1
DT-0010016,WO-004206,2026-05-19,Afternoon,M01,Microstop,Vision retry,50.64,0
DT-0010017,WO-004207,2026-05-19,Morning,M02,Material,Material shortage,11.68,0
DT-0010018,WO-004207,2026-05-19,Morning,M02,Breakdown,Sensor fault,25.32,0
DT-0010019,WO-004207,2026-05-19,Morning,M02,Changeover,Tooling change,8.82,0
DT-0010020,WO-004208,2026-05-19,Afternoon,M02,Breakdown,Mechanical fault,17.82,0
DT-0010021,WO-004208,2026-05-19,Afternoon,M02,Planned,Preventive maintenance,38.14,1
DT-0010022,WO-004208,2026-05-19,Afternoon,M02,Microstop,Vision retry,5.25,0
DT-0010023,WO-004209,2026-05-19,Morning,M03,Material,Material shortage,3.19,0
DT-0010024,WO-004209,2026-05-19,Morning,M03,Changeover,Tooling change,2.9,0
DT-0010025,WO-004209,2026-05-19,Morning,M03,Process,Parameter adjustment,23.82,0
DT-0010026,WO-004209,2026-05-19,Morning,M03,Material,Material shortage,3.11,0
DT-0010027,WO-004209,2026-05-19,Morning,M03,Material,Material shortage,10.85,0
DT-0010028,WO-004210,2026-05-19,Afternoon,M03,Breakdown,Mechanical fault,6.62,0
DT-0010029,WO-004210,2026-05-19,Afternoon,M03,Changeover,Planned changeover,0.99,1
DT-0010030,WO-004210,2026-05-19,Afternoon,M03,Planned,Preventive maintenance,28.58,1
DT-0010031,WO-004210,2026-05-19,Afternoon,M03,Breakdown,Sensor fault,8.55,0
DT-0010032,WO-004211,2026-05-19,Afternoon,M04,Changeover,Fixture setup,22.88,0
DT-0010033,WO-004211,2026-05-19,Afternoon,M04,Breakdown,Robot recovery,11.94,0
DT-0010034,WO-004211,2026-05-19,Afternoon,M04,Material,Material shortage,8.33,0
DT-0010035,WO-004211,2026-05-19,Afternoon,M04,Changeover,Fixture setup,19.95,0
DT-0010036,WO-004211,2026-05-19,Afternoon,M04,Changeover,Fixture setup,41.69,0
DT-0010037,WO-004212,2026-05-19,Morning,M05,Planned,Preventive maintenance,22.69,1
DT-0010038,WO-004212,2026-05-19,Morning,M05,Microstop,Vision retry,38.8,0
DT-0010039,WO-004213,2026-05-19,Afternoon,M05,Microstop,Vision retry,23.72,0
DT-0010040,WO-004213,2026-05-19,Afternoon,M05,Process,Parameter adjustment,45.92,0
DT-0010041,WO-004214,2026-05-19,Morning,M06,Material,Material shortage,20.11,0
DT-0010042,WO-004214,2026-05-19,Morning,M06,Breakdown,Mechanical fault,9.43,0
DT-0010043,WO-004214,2026-05-19,Morning,M06,Changeover,Tooling change,2.87,0
DT-0010044,WO-004214,2026-05-19,Morning,M06,Material,Material shortage,7.15,0
DT-0010045,WO-004215,2026-05-19,Afternoon,M06,Material,Material shortage,15.94,0
DT-0010046,WO-004215,2026-05-19,Afternoon,M06,Breakdown,Sensor fault,0.98,0
DT-0010047,WO-004215,2026-05-19,Afternoon,M06,Breakdown,Sensor fault,5.36,0
DT-0010048,WO-004215,2026-05-19,Afternoon,M06,Changeover,Planned changeover,6.74,1
DT-0010049,WO-004216,2026-05-20,Morning,M01,Breakdown,Mechanical fault,31.15,0
DT-0010050,WO-004216,2026-05-20,Morning,M01,Changeover,Planned changeover,11.5,1
DT-0010051,WO-004217,2026-05-20,Afternoon,M01,Changeover,Planned changeover,12.58,1
DT-0010052,WO-004217,2026-05-20,Afternoon,M01,Material,Material shortage,21.95,0
DT-0010053,WO-004217,2026-05-20,Afternoon,M01,Material,Material shortage,20.52,0
DT-0010054,WO-004218,2026-05-20,Morning,M02,Microstop,Material jam,10.47,0
DT-0010055,WO-004218,2026-05-20,Morning,M02,Microstop,Material jam,13.15,0
DT-0010056,WO-004218,2026-05-20,Morning,M02,Material,Material shortage,9.68,0
DT-0010057,WO-004219,2026-05-20,Afternoon,M02,Microstop,Vision retry,41.5,0
DT-0010058,WO-004220,2026-05-20,Morning,M03,Planned,Preventive maintenance,45.24,1
DT-0010059,WO-004220,2026-05-20,Morning,M03,Process,Parameter adjustment,2.81,0
DT-0010060,WO-004221,2026-05-20,Afternoon,M03,Microstop,Material jam,2.74,0
DT-0010061,WO-004221,2026-05-20,Afternoon,M03,Microstop,Vision retry,1.0,0
DT-0010062,WO-004221,2026-05-20,Afternoon,M03,Material,Material shortage,31.43,0
DT-0010063,WO-004222,2026-05-20,Morning,M04,Changeover,Fixture setup,86.1,0
DT-0010064,WO-004222,2026-05-20,Morning,M04,Breakdown,Robot recovery,25.79,0
DT-0010065,WO-004223,2026-05-20,Afternoon,M04,Planned,Calibration,36.77,1
DT-0010066,WO-004223,2026-05-20,Afternoon,M04,Breakdown,Robot recovery,4.37,0
DT-0010067,WO-004223,2026-05-20,Afternoon,M04,Changeover,Fixture setup,92.13,0
DT-0010068,WO-004224,2026-05-20,Morning,M05,Material,Material shortage,58.76,0
DT-0010069,WO-004225,2026-05-20,Afternoon,M05,Changeover,Tooling change,3.56,0
DT-0010070,WO-004225,2026-05-20,Afternoon,M05,Microstop,Material jam,22.61,0
DT-0010071,WO-004225,2026-05-20,Afternoon,M05,Planned,Preventive maintenance,12.65,1
DT-0010072,WO-004225,2026-05-20,Afternoon,M05,Planned,Calibration,2.75,1
DT-0010073,WO-004225,2026-05-20,Afternoon,M05,Breakdown,Sensor fault,24.47,0
DT-0010074,WO-004226,2026-05-20,Morning,M06,Breakdown,Mechanical fault,1.76,0
DT-0010075,WO-004226,2026-05-20,Morning,M06,Planned,Calibration,6.31,1
DT-0010076,WO-004226,2026-05-20,Morning,M06,Changeover,Tooling change,7.6,0
DT-0010077,WO-004227,2026-05-20,Afternoon,M06,Changeover,Planned changeover,3.69,1
DT-0010078,WO-004227,2026-05-20,Afternoon,M06,Breakdown,Mechanical fault,8.77,0
DT-0010079,WO-004227,2026-05-20,Afternoon,M06,Process,Parameter adjustment,2.66,0
DT-0010080,WO-004227,2026-05-20,Afternoon,M06,Microstop,Vision retry,13.74,0
DT-0010081,WO-004228,2026-05-21,Morning,M01,Changeover,Tooling change,1.14,0
DT-0010082,WO-004228,2026-05-21,Morning,M01,Planned,Preventive maintenance,25.67,1
DT-0010083,WO-004228,2026-05-21,Morning,M01,Process,Parameter adjustment,17.77,0
DT-0010084,WO-004229,2026-05-21,Afternoon,M01,Breakdown,Sensor fault,4.98,0
DT-0010085,WO-004229,2026-05-21,Afternoon,M01,Process,Parameter adjustment,18.0,0
DT-0010086,WO-004229,2026-05-21,Afternoon,M01,Process,Parameter adjustment,24.78,0
DT-0010087,WO-004230,2026-05-21,Morning,M02,Breakdown,Mechanical fault,28.9,0
DT-0010088,WO-004230,2026-05-21,Morning,M02,Changeover,Tooling change,1.57,0
DT-0010089,WO-004230,2026-05-21,Morning,M02,Process,Parameter adjustment,20.6,0
DT-0010090,WO-004231,2026-05-21,Afternoon,M02,Microstop,Material jam,16.54,0
DT-0010091,WO-004231,2026-05-21,Afternoon,M02,Breakdown,Sensor fault,55.87,0
DT-0010092,WO-004232,2026-05-21,Morning,M03,Material,Material shortage,26.91,0
DT-0010093,WO-004232,2026-05-21,Morning,M03,Microstop,Vision retry,16.9,0
DT-0010094,WO-004233,2026-05-21,Afternoon,M03,Changeover,Tooling change,42.11,0
DT-0010095,WO-004233,2026-05-21,Afternoon,M03,Microstop,Material jam,7.57,0
DT-0010096,WO-004234,2026-05-21,Morning,M04,Breakdown,Robot recovery,63.69,0
DT-0010097,WO-004234,2026-05-21,Morning,M04,Material,Material shortage,28.44,0
DT-0010098,WO-004234,2026-05-21,Morning,M04,Microstop,Vision retry,24.78,0
DT-0010099,WO-004235,2026-05-21,Afternoon,M04,Breakdown,Mechanical fault,94.52,0
DT-0010100,WO-004235,2026-05-21,Afternoon,M04,Process,Parameter adjustment,20.97,0
DT-0010101,WO-004236,2026-05-21,Morning,M05,Microstop,Material jam,3.29,0
DT-0010102,WO-004236,2026-05-21,Morning,M05,Changeover,Tooling change,1.73,0
DT-0010103,WO-004236,2026-05-21,Morning,M05,Process,Parameter adjustment,34.13,0
DT-0010104,WO-004237,2026-05-21,Afternoon,M05,Material,Material shortage,63.67,0
DT-0010105,WO-004237,2026-05-21,Afternoon,M05,Microstop,Material jam,4.44,0
DT-0010106,WO-004237,2026-05-21,Afternoon,M05,Breakdown,Mechanical fault,5.67,0
DT-0010107,WO-004238,2026-05-21,Morning,M06,Material,Material shortage,15.09,0
DT-0010108,WO-004239,2026-05-21,Afternoon,M06,Breakdown,Sensor fault,46.7,0
DT-0010109,WO-004240,2026-05-22,Morning,M01,Microstop,Material jam,54.63,0
DT-0010110,WO-004241,2026-05-22,Afternoon,M01,Planned,Preventive maintenance,8.58,1
DT-0010111,WO-004241,2026-05-22,Afternoon,M01,Microstop,Vision retry,35.35,0
DT-0010112,WO-004242,2026-05-22,Morning,M02,Breakdown,Sensor fault,10.52,0
DT-0010113,WO-004242,2026-05-22,Morning,M02,Material,Material shortage,12.55,0
DT-0010114,WO-004242,2026-05-22,Morning,M02,Breakdown,Mechanical fault,41.13,0
DT-0010115,WO-004243,2026-05-22,Afternoon,M02,Microstop,Material jam,11.16,0
DT-0010116,WO-004243,2026-05-22,Afternoon,M02,Changeover,Tooling change,15.37,0
DT-0010117,WO-004243,2026-05-22,Afternoon,M02,Changeover,Planned changeover,45.77,1
DT-0010118,WO-004244,2026-05-22,Morning,M03,Process,Parameter adjustment,31.0,0
DT-0010119,WO-004244,2026-05-22,Morning,M03,Changeover,Tooling change,6.36,0
DT-0010120,WO-004244,2026-05-22,Morning,M03,Changeover,Tooling change,3.37,0
DT-0010121,WO-004245,2026-05-22,Afternoon,M03,Material,Material shortage,6.63,0
DT-0010122,WO-004245,2026-05-22,Afternoon,M03,Planned,Preventive maintenance,55.57,1
DT-0010123,WO-004246,2026-05-22,Morning,M04,Process,Weld parameter adjustment,35.71,0
DT-0010124,WO-004246,2026-05-22,Morning,M04,Changeover,Fixture setup,21.04,0
DT-0010125,WO-004246,2026-05-22,Morning,M04,Microstop,Torch cleaning,36.3,0
DT-0010126,WO-004247,2026-05-22,Afternoon,M04,Breakdown,Robot recovery,87.68,0
DT-0010127,WO-004247,2026-05-22,Afternoon,M04,Planned,Preventive maintenance,26.63,1
DT-0010128,WO-004248,2026-05-22,Morning,M05,Planned,Calibration,34.02,1
DT-0010129,WO-004248,2026-05-22,Morning,M05,Material,Material shortage,9.81,0
DT-0010130,WO-004248,2026-05-22,Morning,M05,Breakdown,Mechanical fault,3.45,0
DT-0010131,WO-004249,2026-05-22,Afternoon,M05,Changeover,Planned changeover,1.67,1
DT-0010132,WO-004249,2026-05-22,Afternoon,M05,Microstop,Material jam,7.66,0
DT-0010133,WO-004249,2026-05-22,Afternoon,M05,Process,Parameter adjustment,19.53,0
DT-0010134,WO-004249,2026-05-22,Afternoon,M05,Breakdown,Mechanical fault,21.49,0
DT-0010135,WO-004250,2026-05-22,Morning,M06,Planned,Preventive maintenance,34.19,1
DT-0010136,WO-004251,2026-05-22,Afternoon,M06,Microstop,Vision retry,3.41,0
DT-0010137,WO-004251,2026-05-22,Afternoon,M06,Process,Parameter adjustment,15.94,0
DT-0010138,WO-004251,2026-05-22,Afternoon,M06,Microstop,Material jam,8.45,0
DT-0010139,WO-004252,2026-05-25,Morning,M01,Microstop,Vision retry,20.79,0
DT-0010140,WO-004252,2026-05-25,Morning,M01,Changeover,Tooling change,17.76,0
DT-0010141,WO-004253,2026-05-25,Afternoon,M01,Breakdown,Mechanical fault,8.16,0
DT-0010142,WO-004253,2026-05-25,Afternoon,M01,Microstop,Material jam,31.17,0
DT-0010143,WO-004253,2026-05-25,Afternoon,M01,Changeover,Tooling change,10.84,0
DT-0010144,WO-004253,2026-05-25,Afternoon,M01,Microstop,Vision retry,5.52,0
DT-0010145,WO-004254,2026-05-25,Morning,M02,Planned,Calibration,4.33,1
DT-0010146,WO-004254,2026-05-25,Morning,M02,Breakdown,Sensor fault,62.2,0
DT-0010147,WO-004255,2026-05-25,Afternoon,M02,Microstop,Vision retry,64.27,0
DT-0010148,WO-004256,2026-05-25,Morning,M03,Changeover,Tooling change,0.99,0
DT-0010149,WO-004256,2026-05-25,Morning,M03,Microstop,Vision retry,9.82,0
DT-0010150,WO-004256,2026-05-25,Morning,M03,Breakdown,Sensor fault,19.75,0
DT-0010151,WO-004257,2026-05-25,Afternoon,M03,Breakdown,Mechanical fault,4.94,0
DT-0010152,WO-004257,2026-05-25,Afternoon,M03,Microstop,Vision retry,1.5,0
DT-0010153,WO-004257,2026-05-25,Afternoon,M03,Microstop,Material jam,9.29,0
DT-0010154,WO-004257,2026-05-25,Afternoon,M03,Microstop,Material jam,28.12,0
DT-0010155,WO-004257,2026-05-25,Afternoon,M03,Microstop,Material jam,0.98,0
DT-0010156,WO-004258,2026-05-25,Morning,M04,Breakdown,Mechanical fault,31.14,0
DT-0010157,WO-004258,2026-05-25,Morning,M04,Microstop,Vision retry,5.39,0
DT-0010158,WO-004258,2026-05-25,Morning,M04,Breakdown,Sensor fault,65.99,0
DT-0010159,WO-004259,2026-05-25,Afternoon,M04,Planned,Preventive maintenance,11.41,1
DT-0010160,WO-004259,2026-05-25,Afternoon,M04,Breakdown,Mechanical fault,91.98,0
DT-0010161,WO-004259,2026-05-25,Afternoon,M04,Changeover,Fixture setup,20.59,0
DT-0010162,WO-004260,2026-05-25,Morning,M05,Process,Parameter adjustment,58.45,0
DT-0010163,WO-004261,2026-05-25,Afternoon,M05,Material,Material shortage,43.1,0
DT-0010164,WO-004261,2026-05-25,Afternoon,M05,Microstop,Vision retry,23.66,0
DT-0010165,WO-004262,2026-05-25,Morning,M06,Microstop,Vision retry,27.01,0
DT-0010166,WO-004262,2026-05-25,Morning,M06,Material,Material shortage,5.08,0
DT-0010167,WO-004263,2026-05-25,Afternoon,M06,Microstop,Material jam,10.16,0
DT-0010168,WO-004263,2026-05-25,Afternoon,M06,Planned,Calibration,4.49,1
DT-0010169,WO-004263,2026-05-25,Afternoon,M06,Process,Parameter adjustment,17.25,0
DT-0010170,WO-004264,2026-05-26,Morning,M01,Process,Parameter adjustment,18.07,0
DT-0010171,WO-004264,2026-05-26,Morning,M01,Material,Material shortage,18.1,0
DT-0010172,WO-004264,2026-05-26,Morning,M01,Breakdown,Sensor fault,6.65,0
DT-0010173,WO-004265,2026-05-26,Afternoon,M01,Process,Parameter adjustment,51.58,0
DT-0010174,WO-004266,2026-05-26,Morning,M02,Material,Material shortage,18.0,0
DT-0010175,WO-004266,2026-05-26,Morning,M02,Changeover,Planned changeover,1.37,1
DT-0010176,WO-004266,2026-05-26,Morning,M02,Breakdown,Sensor fault,29.07,0
DT-0010177,WO-004266,2026-05-26,Morning,M02,Microstop,Vision retry,12.91,0
DT-0010178,WO-004267,2026-05-26,Afternoon,M02,Planned,Calibration,32.85,1
DT-0010179,WO-004267,2026-05-26,Afternoon,M02,Material,Material shortage,33.47,0
DT-0010180,WO-004267,2026-05-26,Afternoon,M02,Breakdown,Sensor fault,15.69,0
DT-0010181,WO-004268,2026-05-26,Morning,M03,Microstop,Vision retry,5.89,0
DT-0010182,WO-004268,2026-05-26,Morning,M03,Breakdown,Mechanical fault,28.27,0
DT-0010183,WO-004269,2026-05-26,Afternoon,M03,Microstop,Vision retry,10.24,0
DT-0010184,WO-004269,2026-05-26,Afternoon,M03,Microstop,Vision retry,13.91,0
DT-0010185,WO-004269,2026-05-26,Afternoon,M03,Breakdown,Mechanical fault,3.75,0
DT-0010186,WO-004269,2026-05-26,Afternoon,M03,Changeover,Tooling change,11.94,0
DT-0010187,WO-004270,2026-05-26,Morning,M04,Changeover,Fixture setup,23.67,0
DT-0010188,WO-004270,2026-05-26,Morning,M04,Breakdown,Robot recovery,43.44,0
DT-0010189,WO-004270,2026-05-26,Morning,M04,Changeover,Tooling change,24.74,0
DT-0010190,WO-004270,2026-05-26,Morning,M04,Breakdown,Robot recovery,12.1,0
DT-0010191,WO-004271,2026-05-26,Afternoon,M04,Changeover,Planned changeover,5.52,1
DT-0010192,WO-004271,2026-05-26,Afternoon,M04,Changeover,Planned changeover,53.87,1
DT-0010193,WO-004271,2026-05-26,Afternoon,M04,Planned,Calibration,4.45,1
DT-0010194,WO-004271,2026-05-26,Afternoon,M04,Changeover,Planned changeover,3.98,1
DT-0010195,WO-004271,2026-05-26,Afternoon,M04,Changeover,Planned changeover,59.56,1
DT-0010196,WO-004272,2026-05-26,Morning,M05,Microstop,Vision retry,41.03,0
DT-0010197,WO-004272,2026-05-26,Morning,M05,Microstop,Vision retry,19.62,0
DT-0010198,WO-004273,2026-05-26,Afternoon,M05,Material,Material shortage,13.76,0
DT-0010199,WO-004273,2026-05-26,Afternoon,M05,Material,Material shortage,33.78,0
DT-0010200,WO-004273,2026-05-26,Afternoon,M05,Microstop,Material jam,1.92,0
DT-0010201,WO-004274,2026-05-26,Morning,M06,Breakdown,Mechanical fault,21.46,0
DT-0010202,WO-004274,2026-05-26,Morning,M06,Microstop,Vision retry,2.97,0
DT-0010203,WO-004275,2026-05-26,Afternoon,M06,Planned,Preventive maintenance,51.18,1
DT-0010204,WO-004276,2026-05-27,Morning,M01,Changeover,Tooling change,12.54,0
DT-0010205,WO-004276,2026-05-27,Morning,M01,Changeover,Planned changeover,5.35,1
DT-0010206,WO-004277,2026-05-27,Afternoon,M01,Breakdown,Mechanical fault,51.36,0
DT-0010207,WO-004278,2026-05-27,Morning,M02,Planned,Preventive maintenance,34.65,1
DT-0010208,WO-004278,2026-05-27,Morning,M02,Microstop,Vision retry,17.2,0
DT-0010209,WO-004279,2026-05-27,Afternoon,M02,Breakdown,Sensor fault,67.2,0
DT-0010210,WO-004280,2026-05-27,Morning,M03,Changeover,Tooling change,13.29,0
DT-0010211,WO-004280,2026-05-27,Morning,M03,Changeover,Planned changeover,11.97,1
DT-0010212,WO-004280,2026-05-27,Morning,M03,Changeover,Planned changeover,6.77,1
DT-0010213,WO-004281,2026-05-27,Afternoon,M03,Process,Parameter adjustment,11.77,0
DT-0010214,WO-004281,2026-05-27,Afternoon,M03,Changeover,Tooling change,5.79,0
DT-0010215,WO-004281,2026-05-27,Afternoon,M03,Breakdown,Mechanical fault,12.84,0
DT-0010216,WO-004281,2026-05-27,Afternoon,M03,Material,Material shortage,15.35,0
DT-0010217,WO-004281,2026-05-27,Afternoon,M03,Breakdown,Sensor fault,5.36,0
DT-0010218,WO-004282,2026-05-27,Morning,M04,Changeover,Fixture setup,45.87,0
DT-0010219,WO-004282,2026-05-27,Morning,M04,Microstop,Material jam,69.31,0
DT-0010220,WO-004283,2026-05-27,Afternoon,M04,Breakdown,Robot recovery,119.49,0
DT-0010221,WO-004284,2026-05-27,Morning,M05,Microstop,Vision retry,45.31,0
DT-0010222,WO-004284,2026-05-27,Morning,M05,Process,Parameter adjustment,5.59,0
DT-0010223,WO-004285,2026-05-27,Afternoon,M05,Breakdown,Sensor fault,35.7,0
DT-0010224,WO-004286,2026-05-27,Morning,M06,Process,Parameter adjustment,34.42,0
DT-0010225,WO-004287,2026-05-27,Afternoon,M06,Planned,Preventive maintenance,32.36,1
DT-0010226,WO-004287,2026-05-27,Afternoon,M06,Material,Material shortage,0.97,0
DT-0010227,WO-004288,2026-05-28,Morning,M01,Material,Material shortage,49.76,0
DT-0010228,WO-004289,2026-05-28,Afternoon,M01,Process,Parameter adjustment,54.02,0
DT-0010229,WO-004290,2026-05-28,Morning,M02,Microstop,Material jam,9.54,0
DT-0010230,WO-004290,2026-05-28,Morning,M02,Changeover,Tooling change,16.08,0
DT-0010231,WO-004290,2026-05-28,Morning,M02,Microstop,Material jam,15.03,0
DT-0010232,WO-004290,2026-05-28,Morning,M02,Microstop,Material jam,7.53,0
DT-0010233,WO-004291,2026-05-28,Afternoon,M02,Changeover,Tooling change,37.63,0
DT-0010234,WO-004291,2026-05-28,Afternoon,M02,Breakdown,Sensor fault,16.48,0
DT-0010235,WO-004291,2026-05-28,Afternoon,M02,Microstop,Vision retry,7.34,0
DT-0010236,WO-004292,2026-05-28,Morning,M03,Microstop,Vision retry,41.8,0
DT-0010237,WO-004293,2026-05-28,Afternoon,M03,Planned,Calibration,62.18,1
DT-0010238,WO-004294,2026-05-28,Morning,M04,Material,Material shortage,61.25,0
DT-0010239,WO-004294,2026-05-28,Morning,M04,Changeover,Fixture setup,33.37,0
DT-0010240,WO-004294,2026-05-28,Morning,M04,Changeover,Fixture setup,35.82,0
DT-0010241,WO-004295,2026-05-28,Afternoon,M04,Planned,Calibration,19.29,1
DT-0010242,WO-004295,2026-05-28,Afternoon,M04,Changeover,Fixture setup,75.18,0
DT-0010243,WO-004295,2026-05-28,Afternoon,M04,Changeover,Fixture setup,32.48,0
DT-0010244,WO-004296,2026-05-28,Afternoon,M05,Material,Material shortage,25.17,0
DT-0010245,WO-004296,2026-05-28,Afternoon,M05,Breakdown,Mechanical fault,26.18,0
DT-0010246,WO-004296,2026-05-28,Afternoon,M05,Material,Material shortage,6.73,0
DT-0010247,WO-004297,2026-05-28,Morning,M06,Breakdown,Sensor fault,1.99,0
DT-0010248,WO-004297,2026-05-28,Morning,M06,Changeover,Tooling change,1.21,0
DT-0010249,WO-004297,2026-05-28,Morning,M06,Microstop,Vision retry,1.81,0
DT-0010250,WO-004297,2026-05-28,Morning,M06,Changeover,Tooling change,6.62,0
DT-0010251,WO-004297,2026-05-28,Morning,M06,Microstop,Material jam,1.27,0
DT-0010252,WO-004298,2026-05-28,Afternoon,M06,Microstop,Material jam,12.29,0
DT-0010253,WO-004298,2026-05-28,Afternoon,M06,Microstop,Material jam,0.97,0
DT-0010254,WO-004298,2026-05-28,Afternoon,M06,Breakdown,Sensor fault,6.18,0
DT-0010255,WO-004298,2026-05-28,Afternoon,M06,Material,Material shortage,1.73,0
DT-0010256,WO-004299,2026-05-29,Morning,M01,Changeover,Planned changeover,52.62,1
DT-0010257,WO-004299,2026-05-29,Morning,M01,Changeover,Tooling change,8.21,0
DT-0010258,WO-004300,2026-05-29,Afternoon,M01,Changeover,Planned changeover,30.08,1
DT-0010259,WO-004300,2026-05-29,Afternoon,M01,Breakdown,Sensor fault,25.36,0
DT-0010260,WO-004301,2026-05-29,Morning,M02,Breakdown,Sensor fault,12.07,0
DT-0010261,WO-004301,2026-05-29,Morning,M02,Breakdown,Mechanical fault,26.73,0
DT-0010262,WO-004301,2026-05-29,Morning,M02,Microstop,Vision retry,11.87,0
DT-0010263,WO-004302,2026-05-29,Afternoon,M02,Changeover,Planned changeover,6.84,1
DT-0010264,WO-004302,2026-05-29,Afternoon,M02,Planned,Calibration,50.69,1
DT-0010265,WO-004303,2026-05-29,Morning,M03,Breakdown,Sensor fault,48.09,0
DT-0010266,WO-004303,2026-05-29,Morning,M03,Changeover,Tooling change,2.02,0
DT-0010267,WO-004304,2026-05-29,Afternoon,M03,Process,Parameter adjustment,31.63,0
DT-0010268,WO-004305,2026-05-29,Morning,M04,Process,Parameter adjustment,49.52,0
DT-0010269,WO-004305,2026-05-29,Morning,M04,Changeover,Fixture setup,68.15,0
DT-0010270,WO-004306,2026-05-29,Afternoon,M04,Changeover,Fixture setup,32.28,0
DT-0010271,WO-004306,2026-05-29,Afternoon,M04,Microstop,Torch cleaning,91.42,0
DT-0010272,WO-004307,2026-05-29,Morning,M05,Breakdown,Mechanical fault,46.8,0
DT-0010273,WO-004307,2026-05-29,Morning,M05,Planned,Preventive maintenance,8.28,1
DT-0010274,WO-004308,2026-05-29,Afternoon,M05,Planned,Preventive maintenance,64.35,1
DT-0010275,WO-004309,2026-05-29,Morning,M06,Changeover,Planned changeover,9.42,1
DT-0010276,WO-004309,2026-05-29,Morning,M06,Changeover,Tooling change,6.19,0
DT-0010277,WO-004309,2026-05-29,Morning,M06,Breakdown,Mechanical fault,5.36,0
DT-0010278,WO-004310,2026-05-29,Afternoon,M06,Planned,Preventive maintenance,4.51,1
DT-0010279,WO-004310,2026-05-29,Afternoon,M06,Changeover,Tooling change,18.09,0
DT-0010280,WO-004310,2026-05-29,Afternoon,M06,Microstop,Vision retry,18.15,0
DT-0010281,WO-004311,2026-06-01,Morning,M01,Breakdown,Mechanical fault,11.11,0
DT-0010282,WO-004311,2026-06-01,Morning,M01,Microstop,Vision retry,4.46,0
DT-0010283,WO-004311,2026-06-01,Morning,M01,Process,Parameter adjustment,34.07,0
DT-0010284,WO-004312,2026-06-01,Afternoon,M01,Changeover,Tooling change,2.34,0
DT-0010285,WO-004312,2026-06-01,Afternoon,M01,Changeover,Tooling change,43.72,0
DT-0010286,WO-004312,2026-06-01,Afternoon,M01,Microstop,Material jam,14.07,0
DT-0010287,WO-004313,2026-06-01,Morning,M02,Material,Material shortage,65.73,0
DT-0010288,WO-004314,2026-06-01,Afternoon,M02,Breakdown,Sensor fault,59.51,0
DT-0010289,WO-004315,2026-06-01,Morning,M03,Process,Parameter adjustment,5.18,0
DT-0010290,WO-004315,2026-06-01,Morning,M03,Microstop,Material jam,12.78,0
DT-0010291,WO-004315,2026-06-01,Morning,M03,Microstop,Vision retry,4.1,0
DT-0010292,WO-004316,2026-06-01,Afternoon,M03,Process,Parameter adjustment,32.84,0
DT-0010293,WO-004317,2026-06-01,Morning,M04,Changeover,Planned changeover,3.41,1
DT-0010294,WO-004317,2026-06-01,Morning,M04,Process,Weld parameter adjustment,8.45,0
DT-0010295,WO-004317,2026-06-01,Morning,M04,Breakdown,Robot recovery,116.81,0
DT-0010296,WO-004318,2026-06-01,Afternoon,M04,Changeover,Fixture setup,19.75,0
DT-0010297,WO-004318,2026-06-01,Afternoon,M04,Breakdown,Robot recovery,56.49,0
DT-0010298,WO-004318,2026-06-01,Afternoon,M04,Changeover,Fixture setup,30.06,0
DT-0010299,WO-004319,2026-06-01,Morning,M05,Microstop,Vision retry,17.81,0
DT-0010300,WO-004319,2026-06-01,Morning,M05,Process,Parameter adjustment,4.65,0
DT-0010301,WO-004319,2026-06-01,Morning,M05,Microstop,Material jam,12.42,0
DT-0010302,WO-004320,2026-06-01,Afternoon,M05,Breakdown,Mechanical fault,26.53,0
DT-0010303,WO-004320,2026-06-01,Afternoon,M05,Breakdown,Sensor fault,45.15,0
DT-0010304,WO-004321,2026-06-01,Morning,M06,Microstop,Material jam,12.21,0
DT-0010305,WO-004321,2026-06-01,Morning,M06,Changeover,Planned changeover,13.38,1
DT-0010306,WO-004322,2026-06-01,Afternoon,M06,Material,Material shortage,1.34,0
DT-0010307,WO-004322,2026-06-01,Afternoon,M06,Breakdown,Sensor fault,6.82,0
DT-0010308,WO-004322,2026-06-01,Afternoon,M06,Material,Material shortage,34.97,0
DT-0010309,WO-004323,2026-06-02,Morning,M01,Microstop,Vision retry,5.28,0
DT-0010310,WO-004323,2026-06-02,Morning,M01,Changeover,Tooling change,33.82,0
DT-0010311,WO-004324,2026-06-02,Afternoon,M01,Breakdown,Sensor fault,8.01,0
DT-0010312,WO-004324,2026-06-02,Afternoon,M01,Changeover,Tooling change,34.38,0
DT-0010313,WO-004325,2026-06-02,Morning,M02,Microstop,Material jam,3.05,0
DT-0010314,WO-004325,2026-06-02,Morning,M02,Changeover,Tooling change,2.56,0
DT-0010315,WO-004325,2026-06-02,Morning,M02,Breakdown,Mechanical fault,62.83,0
DT-0010316,WO-004326,2026-06-02,Afternoon,M02,Microstop,Vision retry,20.89,0
DT-0010317,WO-004326,2026-06-02,Afternoon,M02,Planned,Calibration,50.44,1
DT-0010318,WO-004327,2026-06-02,Morning,M03,Changeover,Tooling change,57.56,0
DT-0010319,WO-004328,2026-06-02,Afternoon,M03,Material,Material shortage,45.12,0
DT-0010320,WO-004329,2026-06-02,Morning,M04,Changeover,Fixture setup,99.66,0
DT-0010321,WO-004330,2026-06-02,Afternoon,M04,Breakdown,Robot recovery,138.44,0
DT-0010322,WO-004331,2026-06-02,Morning,M05,Material,Material shortage,10.79,0
DT-0010323,WO-004331,2026-06-02,Morning,M05,Material,Material shortage,37.32,0
DT-0010324,WO-004332,2026-06-02,Afternoon,M05,Breakdown,Mechanical fault,55.83,0
DT-0010325,WO-004332,2026-06-02,Afternoon,M05,Planned,Preventive maintenance,13.52,1
DT-0010326,WO-004333,2026-06-02,Morning,M06,Microstop,Vision retry,6.46,0
DT-0010327,WO-004333,2026-06-02,Morning,M06,Breakdown,Sensor fault,29.4,0
DT-0010328,WO-004334,2026-06-02,Afternoon,M06,Process,Parameter adjustment,53.79,0
DT-0010329,WO-004334,2026-06-02,Afternoon,M06,Microstop,Vision retry,8.98,0
DT-0010330,WO-004334,2026-06-02,Afternoon,M06,Microstop,Material jam,5.14,0
DT-0010331,WO-004335,2026-06-03,Morning,M01,Breakdown,Sensor fault,47.33,0
DT-0010332,WO-004336,2026-06-03,Afternoon,M01,Breakdown,Sensor fault,10.76,0
DT-0010333,WO-004336,2026-06-03,Afternoon,M01,Material,Material shortage,21.06,0
DT-0010334,WO-004336,2026-06-03,Afternoon,M01,Breakdown,Sensor fault,34.8,0
DT-0010335,WO-004337,2026-06-03,Morning,M02,Material,Material shortage,34.38,0
DT-0010336,WO-004337,2026-06-03,Morning,M02,Breakdown,Mechanical fault,21.16,0
DT-0010337,WO-004338,2026-06-03,Afternoon,M02,Changeover,Planned changeover,16.27,1
DT-0010338,WO-004338,2026-06-03,Afternoon,M02,Process,Parameter adjustment,12.91,0
DT-0010339,WO-004339,2026-06-03,Morning,M03,Changeover,Tooling change,18.99,0
DT-0010340,WO-004339,2026-06-03,Morning,M03,Microstop,Material jam,11.41,0
DT-0010341,WO-004339,2026-06-03,Morning,M03,Material,Material shortage,4.06,0
DT-0010342,WO-004340,2026-06-03,Afternoon,M03,Microstop,Vision retry,63.13,0
DT-0010343,WO-004341,2026-06-03,Morning,M04,Breakdown,Robot recovery,106.39,0
DT-0010344,WO-004342,2026-06-03,Afternoon,M04,Changeover,Fixture setup,33.0,0
DT-0010345,WO-004342,2026-06-03,Afternoon,M04,Changeover,Fixture setup,24.43,0
DT-0010346,WO-004342,2026-06-03,Afternoon,M04,Breakdown,Sensor fault,56.81,0
DT-0010347,WO-004343,2026-06-03,Morning,M05,Material,Material shortage,40.6,0
DT-0010348,WO-004344,2026-06-03,Afternoon,M05,Breakdown,Sensor fault,1.1,0
DT-0010349,WO-004344,2026-06-03,Afternoon,M05,Breakdown,Sensor fault,39.56,0
DT-0010350,WO-004344,2026-06-03,Afternoon,M05,Changeover,Tooling change,23.97,0
DT-0010351,WO-004345,2026-06-03,Morning,M06,Microstop,Vision retry,32.33,0
DT-0010352,WO-004346,2026-06-03,Afternoon,M06,Microstop,Material jam,5.29,0
DT-0010353,WO-004346,2026-06-03,Afternoon,M06,Microstop,Material jam,26.21,0
DT-0010354,WO-004346,2026-06-03,Afternoon,M06,Material,Material shortage,16.31,0
DT-0010355,WO-004347,2026-06-04,Morning,M01,Planned,Preventive maintenance,9.72,1
DT-0010356,WO-004347,2026-06-04,Morning,M01,Planned,Calibration,7.64,1
DT-0010357,WO-004347,2026-06-04,Morning,M01,Changeover,Planned changeover,9.47,1
DT-0010358,WO-004348,2026-06-04,Afternoon,M01,Changeover,Tooling change,1.44,0
DT-0010359,WO-004348,2026-06-04,Afternoon,M01,Microstop,Material jam,7.94,0
DT-0010360,WO-004348,2026-06-04,Afternoon,M01,Breakdown,Sensor fault,25.65,0
DT-0010361,WO-004348,2026-06-04,Afternoon,M01,Microstop,Material jam,20.66,0
DT-0010362,WO-004349,2026-06-04,Morning,M02,Microstop,Vision retry,8.98,0
DT-0010363,WO-004349,2026-06-04,Morning,M02,Breakdown,Mechanical fault,6.38,0
DT-0010364,WO-004349,2026-06-04,Morning,M02,Changeover,Planned changeover,1.91,1
DT-0010365,WO-004349,2026-06-04,Morning,M02,Microstop,Vision retry,33.63,0
DT-0010366,WO-004350,2026-06-04,Afternoon,M02,Changeover,Planned changeover,10.52,1
DT-0010367,WO-004350,2026-06-04,Afternoon,M02,Breakdown,Mechanical fault,12.71,0
DT-0010368,WO-004350,2026-06-04,Afternoon,M02,Material,Material shortage,24.94,0
DT-0010369,WO-004351,2026-06-04,Morning,M03,Material,Material shortage,12.8,0
DT-0010370,WO-004351,2026-06-04,Morning,M03,Breakdown,Mechanical fault,17.86,0
DT-0010371,WO-004351,2026-06-04,Morning,M03,Microstop,Vision retry,20.81,0
DT-0010372,WO-004351,2026-06-04,Morning,M03,Process,Parameter adjustment,11.43,0
DT-0010373,WO-004352,2026-06-04,Afternoon,M03,Breakdown,Mechanical fault,8.97,0
DT-0010374,WO-004352,2026-06-04,Afternoon,M03,Microstop,Material jam,37.08,0
DT-0010375,WO-004353,2026-06-04,Morning,M04,Changeover,Planned changeover,24.03,1
DT-0010376,WO-004353,2026-06-04,Morning,M04,Changeover,Tooling change,43.92,0
DT-0010377,WO-004353,2026-06-04,Morning,M04,Breakdown,Wire feeder fault,48.74,0
DT-0010378,WO-004354,2026-06-04,Afternoon,M04,Changeover,Fixture setup,21.23,0
DT-0010379,WO-004354,2026-06-04,Afternoon,M04,Breakdown,Robot recovery,49.42,0
DT-0010380,WO-004354,2026-06-04,Afternoon,M04,Changeover,Fixture setup,39.89,0
DT-0010381,WO-004355,2026-06-04,Morning,M05,Changeover,Tooling change,7.52,0
DT-0010382,WO-004355,2026-06-04,Morning,M05,Changeover,Planned changeover,6.85,1
DT-0010383,WO-004355,2026-06-04,Morning,M05,Microstop,Material jam,38.36,0
DT-0010384,WO-004355,2026-06-04,Morning,M05,Planned,Calibration,10.89,1
DT-0010385,WO-004356,2026-06-04,Afternoon,M05,Breakdown,Mechanical fault,1.11,0
DT-0010386,WO-004356,2026-06-04,Afternoon,M05,Breakdown,Sensor fault,21.11,0
DT-0010387,WO-004356,2026-06-04,Afternoon,M05,Changeover,Tooling change,4.12,0
DT-0010388,WO-004356,2026-06-04,Afternoon,M05,Planned,Calibration,46.92,1
DT-0010389,WO-004357,2026-06-04,Morning,M06,Breakdown,Mechanical fault,4.23,0
DT-0010390,WO-004357,2026-06-04,Morning,M06,Microstop,Vision retry,3.28,0
DT-0010391,WO-004357,2026-06-04,Morning,M06,Process,Parameter adjustment,24.32,0
DT-0010392,WO-004358,2026-06-04,Afternoon,M06,Breakdown,Sensor fault,37.03,0
DT-0010393,WO-004359,2026-06-05,Morning,M01,Material,Material shortage,4.72,0
DT-0010394,WO-004359,2026-06-05,Morning,M01,Microstop,Vision retry,47.26,0
DT-0010395,WO-004360,2026-06-05,Afternoon,M01,Microstop,Material jam,18.33,0
DT-0010396,WO-004360,2026-06-05,Afternoon,M01,Microstop,Vision retry,8.69,0
DT-0010397,WO-004361,2026-06-05,Morning,M02,Material,Material shortage,15.96,0
DT-0010398,WO-004361,2026-06-05,Morning,M02,Material,Material shortage,40.82,0
DT-0010399,WO-004362,2026-06-05,Afternoon,M02,Process,Parameter adjustment,25.26,0
DT-0010400,WO-004362,2026-06-05,Afternoon,M02,Process,Parameter adjustment,30.67,0
DT-0010401,WO-004363,2026-06-05,Morning,M03,Microstop,Material jam,46.88,0
DT-0010402,WO-004364,2026-06-05,Afternoon,M03,Process,Parameter adjustment,5.03,0
DT-0010403,WO-004364,2026-06-05,Afternoon,M03,Breakdown,Sensor fault,40.79,0
DT-0010404,WO-004365,2026-06-05,Morning,M04,Changeover,Tooling change,25.64,0
DT-0010405,WO-004365,2026-06-05,Morning,M04,Process,Weld parameter adjustment,95.18,0
DT-0010406,WO-004366,2026-06-05,Afternoon,M04,Changeover,Fixture setup,127.8,0
DT-0010407,WO-004367,2026-06-05,Morning,M05,Microstop,Material jam,4.19,0
DT-0010408,WO-004367,2026-06-05,Morning,M05,Microstop,Vision retry,14.21,0
DT-0010409,WO-004367,2026-06-05,Morning,M05,Planned,Preventive maintenance,17.72,1
DT-0010410,WO-004368,2026-06-05,Afternoon,M05,Microstop,Vision retry,7.33,0
DT-0010411,WO-004368,2026-06-05,Afternoon,M05,Process,Parameter adjustment,15.62,0
DT-0010412,WO-004368,2026-06-05,Afternoon,M05,Process,Parameter adjustment,4.24,0
DT-0010413,WO-004368,2026-06-05,Afternoon,M05,Microstop,Vision retry,24.26,0
DT-0010414,WO-004368,2026-06-05,Afternoon,M05,Process,Parameter adjustment,14.54,0
DT-0010415,WO-004369,2026-06-05,Morning,M06,Breakdown,Mechanical fault,9.97,0
DT-0010416,WO-004369,2026-06-05,Morning,M06,Process,Parameter adjustment,13.82,0
DT-0010417,WO-004370,2026-06-05,Afternoon,M06,Material,Material shortage,40.06,0
DT-0010418,WO-004371,2026-06-08,Morning,M01,Process,Parameter adjustment,11.23,0
DT-0010419,WO-004371,2026-06-08,Morning,M01,Changeover,Tooling change,7.49,0
DT-0010420,WO-004371,2026-06-08,Morning,M01,Changeover,Planned changeover,23.45,1
DT-0010421,WO-004371,2026-06-08,Morning,M01,Microstop,Material jam,5.8,0
DT-0010422,WO-004372,2026-06-08,Afternoon,M01,Microstop,Vision retry,27.79,0
DT-0010423,WO-004372,2026-06-08,Afternoon,M01,Microstop,Vision retry,10.79,0
DT-0010424,WO-004372,2026-06-08,Afternoon,M01,Breakdown,Mechanical fault,0.98,0
DT-0010425,WO-004372,2026-06-08,Afternoon,M01,Microstop,Material jam,15.88,0
DT-0010426,WO-004372,2026-06-08,Afternoon,M01,Material,Material shortage,0.98,0
DT-0010427,WO-004373,2026-06-08,Morning,M02,Process,Parameter adjustment,0.98,0
DT-0010428,WO-004373,2026-06-08,Morning,M02,Breakdown,Sensor fault,23.19,0
DT-0010429,WO-004373,2026-06-08,Morning,M02,Process,Parameter adjustment,32.68,0
DT-0010430,WO-004374,2026-06-08,Afternoon,M02,Changeover,Tooling change,12.52,0
DT-0010431,WO-004374,2026-06-08,Afternoon,M02,Breakdown,Mechanical fault,58.07,0
DT-0010432,WO-004375,2026-06-08,Morning,M03,Changeover,Tooling change,25.16,0
DT-0010433,WO-004376,2026-06-08,Afternoon,M03,Material,Material shortage,51.91,0
DT-0010434,WO-004377,2026-06-08,Morning,M04,Breakdown,Wire feeder fault,101.62,0
DT-0010435,WO-004377,2026-06-08,Morning,M04,Changeover,Fixture setup,0.99,0
DT-0010436,WO-004378,2026-06-08,Afternoon,M04,Changeover,Fixture setup,117.43,0
DT-0010437,WO-004379,2026-06-08,Morning,M05,Microstop,Vision retry,29.54,0
DT-0010438,WO-004379,2026-06-08,Morning,M05,Breakdown,Sensor fault,8.36,0
DT-0010439,WO-004380,2026-06-08,Afternoon,M05,Breakdown,Mechanical fault,45.93,0
DT-0010440,WO-004380,2026-06-08,Afternoon,M05,Process,Parameter adjustment,11.17,0
DT-0010441,WO-004380,2026-06-08,Afternoon,M05,Planned,Preventive maintenance,4.56,1
DT-0010442,WO-004381,2026-06-08,Morning,M06,Material,Material shortage,10.85,0
DT-0010443,WO-004381,2026-06-08,Morning,M06,Planned,Calibration,28.94,1
DT-0010444,WO-004381,2026-06-08,Morning,M06,Microstop,Material jam,3.83,0
DT-0010445,WO-004382,2026-06-08,Afternoon,M06,Changeover,Planned changeover,5.03,1
DT-0010446,WO-004382,2026-06-08,Afternoon,M06,Changeover,Tooling change,16.1,0
DT-0010447,WO-004382,2026-06-08,Afternoon,M06,Microstop,Material jam,6.23,0
DT-0010448,WO-004382,2026-06-08,Afternoon,M06,Process,Parameter adjustment,14.7,0
DT-0010449,WO-004382,2026-06-08,Afternoon,M06,Microstop,Vision retry,3.21,0
DT-0010450,WO-004383,2026-06-09,Morning,M01,Changeover,Tooling change,20.03,0
DT-0010451,WO-004383,2026-06-09,Morning,M01,Breakdown,Mechanical fault,25.86,0
DT-0010452,WO-004383,2026-06-09,Morning,M01,Changeover,Tooling change,0.99,0
DT-0010453,WO-004384,2026-06-09,Afternoon,M01,Microstop,Vision retry,3.61,0
DT-0010454,WO-004384,2026-06-09,Afternoon,M01,Changeover,Tooling change,51.32,0
DT-0010455,WO-004385,2026-06-09,Morning,M02,Changeover,Tooling change,26.7,0
DT-0010456,WO-004385,2026-06-09,Morning,M02,Changeover,Tooling change,8.3,0
DT-0010457,WO-004386,2026-06-09,Afternoon,M02,Material,Material shortage,53.53,0
DT-0010458,WO-004387,2026-06-09,Morning,M03,Breakdown,Mechanical fault,4.76,0
DT-0010459,WO-004387,2026-06-09,Morning,M03,Planned,Preventive maintenance,1.0,1
DT-0010460,WO-004387,2026-06-09,Morning,M03,Planned,Calibration,3.66,1
DT-0010461,WO-004387,2026-06-09,Morning,M03,Breakdown,Sensor fault,21.39,0
DT-0010462,WO-004388,2026-06-09,Afternoon,M03,Planned,Preventive maintenance,45.59,1
DT-0010463,WO-004389,2026-06-09,Morning,M04,Material,Material shortage,102.07,0
DT-0010464,WO-004390,2026-06-09,Afternoon,M04,Changeover,Fixture setup,32.92,0
DT-0010465,WO-004390,2026-06-09,Afternoon,M04,Changeover,Fixture setup,88.03,0
DT-0010466,WO-004390,2026-06-09,Afternoon,M04,Changeover,Fixture setup,6.61,0
DT-0010467,WO-004391,2026-06-09,Morning,M05,Breakdown,Sensor fault,12.56,0
DT-0010468,WO-004391,2026-06-09,Morning,M05,Breakdown,Sensor fault,17.4,0
DT-0010469,WO-004391,2026-06-09,Morning,M05,Microstop,Material jam,10.86,0
DT-0010470,WO-004392,2026-06-09,Afternoon,M05,Microstop,Vision retry,1.87,0
DT-0010471,WO-004392,2026-06-09,Afternoon,M05,Material,Material shortage,6.7,0
DT-0010472,WO-004392,2026-06-09,Afternoon,M05,Microstop,Material jam,37.9,0
DT-0010473,WO-004392,2026-06-09,Afternoon,M05,Changeover,Tooling change,7.85,0
DT-0010474,WO-004393,2026-06-09,Morning,M06,Material,Material shortage,17.95,0
DT-0010475,WO-004393,2026-06-09,Morning,M06,Process,Parameter adjustment,4.59,0
DT-0010476,WO-004393,2026-06-09,Morning,M06,Microstop,Vision retry,21.08,0
DT-0010477,WO-004394,2026-06-09,Afternoon,M06,Material,Material shortage,2.95,0
DT-0010478,WO-004394,2026-06-09,Afternoon,M06,Breakdown,Sensor fault,3.92,0
DT-0010479,WO-004394,2026-06-09,Afternoon,M06,Breakdown,Sensor fault,10.94,0
DT-0010480,WO-004394,2026-06-09,Afternoon,M06,Changeover,Planned changeover,11.27,1
DT-0010481,WO-004395,2026-06-10,Morning,M01,Material,Material shortage,43.84,0
DT-0010482,WO-004395,2026-06-10,Morning,M01,Breakdown,Mechanical fault,8.89,0
DT-0010483,WO-004396,2026-06-10,Afternoon,M01,Planned,Calibration,59.13,1
DT-0010484,WO-004397,2026-06-10,Morning,M02,Breakdown,Mechanical fault,5.25,0
DT-0010485,WO-004397,2026-06-10,Morning,M02,Planned,Calibration,0.99,1
DT-0010486,WO-004397,2026-06-10,Morning,M02,Breakdown,Sensor fault,50.88,0
DT-0010487,WO-004398,2026-06-10,Afternoon,M02,Changeover,Tooling change,1.48,0
DT-0010488,WO-004398,2026-06-10,Afternoon,M02,Changeover,Tooling change,17.85,0
DT-0010489,WO-004398,2026-06-10,Afternoon,M02,Process,Parameter adjustment,33.15,0
DT-0010490,WO-004398,2026-06-10,Afternoon,M02,Breakdown,Sensor fault,26.58,0
DT-0010491,WO-004399,2026-06-10,Morning,M03,Material,Material shortage,35.36,0
DT-0010492,WO-004399,2026-06-10,Morning,M03,Breakdown,Mechanical fault,5.69,0
DT-0010493,WO-004399,2026-06-10,Morning,M03,Breakdown,Mechanical fault,4.24,0
DT-0010494,WO-004400,2026-06-10,Afternoon,M03,Planned,Calibration,21.63,1
DT-0010495,WO-004400,2026-06-10,Afternoon,M03,Process,Parameter adjustment,39.25,0
DT-0010496,WO-004400,2026-06-10,Afternoon,M03,Breakdown,Sensor fault,0.98,0
DT-0010497,WO-004401,2026-06-10,Morning,M04,Changeover,Tooling change,19.88,0
DT-0010498,WO-004401,2026-06-10,Morning,M04,Breakdown,Robot recovery,83.62,0
DT-0010499,WO-004402,2026-06-10,Afternoon,M04,Breakdown,Wire feeder fault,134.13,0
DT-0010500,WO-004403,2026-06-10,Morning,M05,Microstop,Material jam,28.38,0
DT-0010501,WO-004403,2026-06-10,Morning,M05,Microstop,Vision retry,4.29,0
DT-0010502,WO-004403,2026-06-10,Morning,M05,Changeover,Planned changeover,1.7,1
DT-0010503,WO-004404,2026-06-10,Afternoon,M05,Changeover,Planned changeover,25.57,1
DT-0010504,WO-004404,2026-06-10,Afternoon,M05,Microstop,Vision retry,17.53,0
DT-0010505,WO-004404,2026-06-10,Afternoon,M05,Changeover,Planned changeover,4.24,1
DT-0010506,WO-004405,2026-06-10,Morning,M06,Process,Parameter adjustment,48.42,0
DT-0010507,WO-004406,2026-06-10,Afternoon,M06,Changeover,Planned changeover,16.85,1
DT-0010508,WO-004406,2026-06-10,Afternoon,M06,Changeover,Tooling change,6.6,0
DT-0010509,WO-004406,2026-06-10,Afternoon,M06,Changeover,Tooling change,8.08,0
DT-0010510,WO-004407,2026-06-11,Morning,M01,Changeover,Tooling change,0.98,0
DT-0010511,WO-004407,2026-06-11,Morning,M01,Changeover,Planned changeover,11.53,1
DT-0010512,WO-004407,2026-06-11,Morning,M01,Breakdown,Sensor fault,4.53,0
DT-0010513,WO-004407,2026-06-11,Morning,M01,Microstop,Material jam,7.33,0
DT-0010514,WO-004407,2026-06-11,Morning,M01,Planned,Preventive maintenance,7.89,1
DT-0010515,WO-004408,2026-06-11,Afternoon,M01,Material,Material shortage,61.32,0
DT-0010516,WO-004409,2026-06-11,Morning,M02,Material,Material shortage,42.84,0
DT-0010517,WO-004410,2026-06-11,Afternoon,M02,Changeover,Tooling change,4.1,0
DT-0010518,WO-004410,2026-06-11,Afternoon,M02,Planned,Preventive maintenance,28.26,1
DT-0010519,WO-004410,2026-06-11,Afternoon,M02,Microstop,Material jam,34.2,0
DT-0010520,WO-004411,2026-06-11,Morning,M03,Microstop,Vision retry,5.79,0
DT-0010521,WO-004411,2026-06-11,Morning,M03,Changeover,Tooling change,0.99,0
DT-0010522,WO-004411,2026-06-11,Morning,M03,Breakdown,Sensor fault,48.31,0
DT-0010523,WO-004412,2026-06-11,Afternoon,M03,Microstop,Material jam,14.97,0
DT-0010524,WO-004412,2026-06-11,Afternoon,M03,Microstop,Vision retry,12.71,0
DT-0010525,WO-004412,2026-06-11,Afternoon,M03,Microstop,Vision retry,15.44,0
DT-0010526,WO-004413,2026-06-11,Morning,M04,Microstop,Torch cleaning,7.39,0
DT-0010527,WO-004413,2026-06-11,Morning,M04,Microstop,Material jam,20.09,0
DT-0010528,WO-004413,2026-06-11,Morning,M04,Changeover,Planned changeover,13.77,1
DT-0010529,WO-004413,2026-06-11,Morning,M04,Breakdown,Robot recovery,51.51,0
DT-0010530,WO-004414,2026-06-11,Afternoon,M04,Process,Parameter adjustment,134.6,0
DT-0010531,WO-004415,2026-06-11,Morning,M05,Microstop,Vision retry,64.43,0
DT-0010532,WO-004415,2026-06-11,Morning,M05,Microstop,Material jam,1.44,0
DT-0010533,WO-004416,2026-06-11,Afternoon,M05,Process,Parameter adjustment,33.35,0
DT-0010534,WO-004416,2026-06-11,Afternoon,M05,Microstop,Material jam,31.53,0
DT-0010535,WO-004417,2026-06-11,Morning,M06,Material,Material shortage,28.58,0
DT-0010536,WO-004417,2026-06-11,Morning,M06,Breakdown,Mechanical fault,1.31,0
DT-0010537,WO-004418,2026-06-11,Afternoon,M06,Process,Parameter adjustment,11.41,0
DT-0010538,WO-004418,2026-06-11,Afternoon,M06,Material,Material shortage,19.8,0
DT-0010539,WO-004419,2026-06-12,Morning,M01,Breakdown,Mechanical fault,14.82,0
DT-0010540,WO-004419,2026-06-12,Morning,M01,Changeover,Tooling change,4.78,0
DT-0010541,WO-004419,2026-06-12,Morning,M01,Microstop,Vision retry,15.2,0
DT-0010542,WO-004420,2026-06-12,Afternoon,M01,Breakdown,Mechanical fault,1.64,0
DT-0010543,WO-004420,2026-06-12,Afternoon,M01,Microstop,Material jam,61.6,0
DT-0010544,WO-004421,2026-06-12,Morning,M02,Process,Parameter adjustment,50.41,0
DT-0010545,WO-004422,2026-06-12,Afternoon,M02,Microstop,Vision retry,41.82,0
DT-0010546,WO-004422,2026-06-12,Afternoon,M02,Microstop,Material jam,3.65,0
DT-0010547,WO-004422,2026-06-12,Afternoon,M02,Breakdown,Mechanical fault,3.01,0
DT-0010548,WO-004423,2026-06-12,Morning,M03,Changeover,Tooling change,0.98,0
DT-0010549,WO-004423,2026-06-12,Morning,M03,Breakdown,Sensor fault,33.63,0
DT-0010550,WO-004424,2026-06-12,Afternoon,M03,Breakdown,Mechanical fault,12.05,0
DT-0010551,WO-004424,2026-06-12,Afternoon,M03,Changeover,Tooling change,17.94,0
DT-0010552,WO-004424,2026-06-12,Afternoon,M03,Changeover,Planned changeover,7.2,1
DT-0010553,WO-004425,2026-06-12,Morning,M04,Breakdown,Mechanical fault,108.22,0
DT-0010554,WO-004426,2026-06-12,Afternoon,M04,Process,Parameter adjustment,31.98,0
DT-0010555,WO-004426,2026-06-12,Afternoon,M04,Changeover,Fixture setup,18.28,0
DT-0010556,WO-004426,2026-06-12,Afternoon,M04,Process,Weld parameter adjustment,33.53,0
DT-0010557,WO-004426,2026-06-12,Afternoon,M04,Breakdown,Wire feeder fault,45.62,0
DT-0010558,WO-004427,2026-06-12,Morning,M05,Microstop,Material jam,34.29,0
DT-0010559,WO-004427,2026-06-12,Morning,M05,Changeover,Tooling change,11.54,0
DT-0010560,WO-004428,2026-06-12,Afternoon,M05,Microstop,Vision retry,16.9,0
DT-0010561,WO-004428,2026-06-12,Afternoon,M05,Process,Parameter adjustment,8.25,0
DT-0010562,WO-004428,2026-06-12,Afternoon,M05,Microstop,Vision retry,11.25,0
DT-0010563,WO-004428,2026-06-12,Afternoon,M05,Breakdown,Mechanical fault,4.44,0
DT-0010564,WO-004429,2026-06-12,Morning,M06,Material,Material shortage,8.14,0
DT-0010565,WO-004429,2026-06-12,Morning,M06,Changeover,Tooling change,30.55,0
DT-0010566,WO-004430,2026-06-12,Afternoon,M06,Process,Parameter adjustment,15.3,0
DT-0010567,WO-004430,2026-06-12,Afternoon,M06,Microstop,Vision retry,19.56,0
DT-0010568,WO-004430,2026-06-12,Afternoon,M06,Changeover,Planned changeover,2.8,1
DT-0010569,WO-004431,2026-06-15,Morning,M01,Breakdown,Sensor fault,1.38,0
DT-0010570,WO-004431,2026-06-15,Morning,M01,Material,Material shortage,44.46,0
DT-0010571,WO-004431,2026-06-15,Morning,M01,Planned,Calibration,23.64,1
DT-0010572,WO-004432,2026-06-15,Morning,M02,Breakdown,Mechanical fault,18.85,0
DT-0010573,WO-004432,2026-06-15,Morning,M02,Changeover,Tooling change,40.88,0
DT-0010574,WO-004433,2026-06-15,Afternoon,M02,Microstop,Vision retry,12.3,0
DT-0010575,WO-004433,2026-06-15,Afternoon,M02,Planned,Calibration,43.24,1
DT-0010576,WO-004434,2026-06-15,Morning,M03,Process,Parameter adjustment,33.27,0
DT-0010577,WO-004435,2026-06-15,Afternoon,M03,Changeover,Tooling change,15.49,0
DT-0010578,WO-004435,2026-06-15,Afternoon,M03,Process,Parameter adjustment,3.1,0
DT-0010579,WO-004435,2026-06-15,Afternoon,M03,Microstop,Material jam,9.96,0
DT-0010580,WO-004435,2026-06-15,Afternoon,M03,Changeover,Planned changeover,2.14,1
DT-0010581,WO-004436,2026-06-15,Morning,M04,Microstop,Torch cleaning,103.48,0
DT-0010582,WO-004436,2026-06-15,Morning,M04,Changeover,Fixture setup,1.14,0
DT-0010583,WO-004437,2026-06-15,Afternoon,M04,Breakdown,Sensor fault,14.39,0
DT-0010584,WO-004437,2026-06-15,Afternoon,M04,Material,Material shortage,96.5,0
DT-0010585,WO-004438,2026-06-15,Morning,M05,Microstop,Vision retry,27.96,0
DT-0010586,WO-004438,2026-06-15,Morning,M05,Changeover,Planned changeover,10.38,1
DT-0010587,WO-004438,2026-06-15,Morning,M05,Microstop,Material jam,13.35,0
DT-0010588,WO-004439,2026-06-15,Afternoon,M05,Microstop,Vision retry,35.29,0
DT-0010589,WO-004439,2026-06-15,Afternoon,M05,Process,Parameter adjustment,3.66,0
DT-0010590,WO-004440,2026-06-15,Morning,M06,Microstop,Material jam,10.53,0
DT-0010591,WO-004440,2026-06-15,Morning,M06,Material,Material shortage,16.48,0
DT-0010592,WO-004440,2026-06-15,Morning,M06,Process,Parameter adjustment,3.37,0
DT-0010593,WO-004441,2026-06-15,Afternoon,M06,Microstop,Material jam,20.8,0
DT-0010594,WO-004441,2026-06-15,Afternoon,M06,Microstop,Vision retry,15.46,0
DT-0010595,WO-004441,2026-06-15,Afternoon,M06,Breakdown,Sensor fault,5.56,0
DT-0010596,WO-004442,2026-06-16,Morning,M01,Process,Parameter adjustment,54.34,0
DT-0010597,WO-004443,2026-06-16,Afternoon,M01,Material,Material shortage,11.62,0
DT-0010598,WO-004443,2026-06-16,Afternoon,M01,Microstop,Material jam,23.71,0
DT-0010599,WO-004444,2026-06-16,Morning,M02,Breakdown,Mechanical fault,15.92,0
DT-0010600,WO-004444,2026-06-16,Morning,M02,Changeover,Tooling change,49.87,0
DT-0010601,WO-004445,2026-06-16,Afternoon,M02,Breakdown,Sensor fault,19.75,0
DT-0010602,WO-004445,2026-06-16,Afternoon,M02,Microstop,Material jam,31.17,0
DT-0010603,WO-004445,2026-06-16,Afternoon,M02,Changeover,Planned changeover,19.36,1
DT-0010604,WO-004446,2026-06-16,Morning,M03,Material,Material shortage,12.96,0
DT-0010605,WO-004446,2026-06-16,Morning,M03,Material,Material shortage,22.14,0
DT-0010606,WO-004447,2026-06-16,Afternoon,M03,Changeover,Tooling change,21.71,0
DT-0010607,WO-004447,2026-06-16,Afternoon,M03,Planned,Calibration,18.36,1
DT-0010608,WO-004447,2026-06-16,Afternoon,M03,Changeover,Planned changeover,10.45,1
DT-0010609,WO-004448,2026-06-16,Morning,M04,Changeover,Fixture setup,19.83,0
DT-0010610,WO-004448,2026-06-16,Morning,M04,Planned,Calibration,96.73,1
DT-0010611,WO-004449,2026-06-16,Afternoon,M04,Changeover,Fixture setup,82.81,0
DT-0010612,WO-004449,2026-06-16,Afternoon,M04,Breakdown,Wire feeder fault,15.32,0
DT-0010613,WO-004449,2026-06-16,Afternoon,M04,Process,Weld parameter adjustment,33.85,0
DT-0010614,WO-004450,2026-06-16,Morning,M05,Planned,Preventive maintenance,39.05,1
DT-0010615,WO-004451,2026-06-16,Afternoon,M05,Planned,Calibration,35.65,1
DT-0010616,WO-004451,2026-06-16,Afternoon,M05,Breakdown,Sensor fault,1.87,0
DT-0010617,WO-004451,2026-06-16,Afternoon,M05,Process,Parameter adjustment,0.99,0
DT-0010618,WO-004451,2026-06-16,Afternoon,M05,Planned,Preventive maintenance,1.14,1
DT-0010619,WO-004452,2026-06-16,Morning,M06,Breakdown,Sensor fault,5.05,0
DT-0010620,WO-004452,2026-06-16,Morning,M06,Microstop,Vision retry,8.18,0
DT-0010621,WO-004452,2026-06-16,Morning,M06,Microstop,Material jam,14.4,0
DT-0010622,WO-004453,2026-06-16,Afternoon,M06,Microstop,Material jam,2.32,0
DT-0010623,WO-004453,2026-06-16,Afternoon,M06,Planned,Preventive maintenance,25.14,1
DT-0010624,WO-004454,2026-06-17,Morning,M01,Planned,Calibration,27.14,1
DT-0010625,WO-004455,2026-06-17,Afternoon,M01,Material,Material shortage,34.2,0
DT-0010626,WO-004456,2026-06-17,Morning,M02,Breakdown,Mechanical fault,18.93,0
DT-0010627,WO-004456,2026-06-17,Morning,M02,Microstop,Vision retry,40.93,0
DT-0010628,WO-004457,2026-06-17,Afternoon,M02,Microstop,Vision retry,26.62,0
DT-0010629,WO-004457,2026-06-17,Afternoon,M02,Microstop,Material jam,7.01,0
DT-0010630,WO-004457,2026-06-17,Afternoon,M02,Microstop,Vision retry,20.29,0
DT-0010631,WO-004457,2026-06-17,Afternoon,M02,Microstop,Vision retry,10.66,0
DT-0010632,WO-004458,2026-06-17,Morning,M03,Breakdown,Mechanical fault,30.34,0
DT-0010633,WO-004458,2026-06-17,Morning,M03,Changeover,Tooling change,9.95,0
DT-0010634,WO-004459,2026-06-17,Afternoon,M03,Changeover,Planned changeover,39.72,1
DT-0010635,WO-004460,2026-06-17,Morning,M04,Changeover,Fixture setup,35.36,0
DT-0010636,WO-004460,2026-06-17,Morning,M04,Process,Weld parameter adjustment,64.93,0
DT-0010637,WO-004461,2026-06-17,Afternoon,M04,Breakdown,Robot recovery,132.23,0
DT-0010638,WO-004462,2026-06-17,Morning,M05,Microstop,Material jam,49.86,0
DT-0010639,WO-004463,2026-06-17,Afternoon,M05,Changeover,Planned changeover,2.83,1
DT-0010640,WO-004463,2026-06-17,Afternoon,M05,Material,Material shortage,1.25,0
DT-0010641,WO-004463,2026-06-17,Afternoon,M05,Material,Material shortage,60.56,0
DT-0010642,WO-004464,2026-06-17,Morning,M06,Breakdown,Sensor fault,9.01,0
DT-0010643,WO-004464,2026-06-17,Morning,M06,Process,Parameter adjustment,13.3,0
DT-0010644,WO-004465,2026-06-17,Afternoon,M06,Breakdown,Mechanical fault,3.32,0
DT-0010645,WO-004465,2026-06-17,Afternoon,M06,Breakdown,Mechanical fault,16.05,0
DT-0010646,WO-004465,2026-06-17,Afternoon,M06,Breakdown,Mechanical fault,9.38,0
DT-0010647,WO-004466,2026-06-18,Morning,M01,Breakdown,Mechanical fault,26.17,0
DT-0010648,WO-004466,2026-06-18,Morning,M01,Breakdown,Sensor fault,22.62,0
DT-0010649,WO-004467,2026-06-18,Afternoon,M01,Process,Parameter adjustment,15.93,0
DT-0010650,WO-004467,2026-06-18,Afternoon,M01,Process,Parameter adjustment,53.25,0
DT-0010651,WO-004467,2026-06-18,Afternoon,M01,Planned,Preventive maintenance,3.14,1
DT-0010652,WO-004468,2026-06-18,Morning,M02,Microstop,Material jam,45.06,0
DT-0010653,WO-004468,2026-06-18,Morning,M02,Process,Parameter adjustment,13.01,0
DT-0010654,WO-004469,2026-06-18,Afternoon,M02,Process,Parameter adjustment,11.56,0
DT-0010655,WO-004469,2026-06-18,Afternoon,M02,Process,Parameter adjustment,35.06,0
DT-0010656,WO-004470,2026-06-18,Morning,M03,Material,Material shortage,30.46,0
DT-0010657,WO-004470,2026-06-18,Morning,M03,Planned,Preventive maintenance,10.69,1
DT-0010658,WO-004471,2026-06-18,Afternoon,M03,Planned,Preventive maintenance,33.15,1
DT-0010659,WO-004472,2026-06-18,Morning,M04,Changeover,Fixture setup,104.81,0
DT-0010660,WO-004473,2026-06-18,Afternoon,M04,Microstop,Material jam,2.39,0
DT-0010661,WO-004473,2026-06-18,Afternoon,M04,Changeover,Planned changeover,37.21,1
DT-0010662,WO-004473,2026-06-18,Afternoon,M04,Changeover,Planned changeover,31.18,1
DT-0010663,WO-004473,2026-06-18,Afternoon,M04,Changeover,Fixture setup,40.65,0
DT-0010664,WO-004474,2026-06-18,Morning,M05,Material,Material shortage,16.77,0
DT-0010665,WO-004474,2026-06-18,Morning,M05,Changeover,Tooling change,3.63,0
DT-0010666,WO-004474,2026-06-18,Morning,M05,Breakdown,Mechanical fault,35.34,0
DT-0010667,WO-004475,2026-06-18,Afternoon,M05,Planned,Preventive maintenance,23.95,1
DT-0010668,WO-004475,2026-06-18,Afternoon,M05,Microstop,Material jam,24.43,0
DT-0010669,WO-004476,2026-06-18,Morning,M06,Changeover,Tooling change,3.95,0
DT-0010670,WO-004476,2026-06-18,Morning,M06,Breakdown,Sensor fault,14.47,0
DT-0010671,WO-004476,2026-06-18,Morning,M06,Microstop,Material jam,5.74,0
DT-0010672,WO-004477,2026-06-18,Afternoon,M06,Planned,Calibration,12.37,1
DT-0010673,WO-004477,2026-06-18,Afternoon,M06,Breakdown,Mechanical fault,15.79,0
DT-0010674,WO-004477,2026-06-18,Afternoon,M06,Planned,Preventive maintenance,8.1,1
DT-0010675,WO-004477,2026-06-18,Afternoon,M06,Changeover,Tooling change,3.85,0
DT-0010676,WO-004477,2026-06-18,Afternoon,M06,Changeover,Planned changeover,8.26,1
DT-0010677,WO-004478,2026-06-19,Morning,M01,Planned,Preventive maintenance,2.79,1
DT-0010678,WO-004478,2026-06-19,Morning,M01,Breakdown,Mechanical fault,1.99,0
DT-0010679,WO-004478,2026-06-19,Morning,M01,Changeover,Tooling change,10.71,0
DT-0010680,WO-004478,2026-06-19,Morning,M01,Microstop,Vision retry,7.74,0
DT-0010681,WO-004479,2026-06-19,Afternoon,M01,Breakdown,Mechanical fault,37.68,0
DT-0010682,WO-004480,2026-06-19,Morning,M02,Material,Material shortage,69.48,0
DT-0010683,WO-004481,2026-06-19,Afternoon,M02,Changeover,Tooling change,63.48,0
DT-0010684,WO-004481,2026-06-19,Afternoon,M02,Breakdown,Sensor fault,16.89,0
DT-0010685,WO-004482,2026-06-19,Morning,M03,Changeover,Tooling change,32.46,0
DT-0010686,WO-004483,2026-06-19,Afternoon,M03,Material,Material shortage,24.1,0
DT-0010687,WO-004483,2026-06-19,Afternoon,M03,Material,Material shortage,26.73,0
DT-0010688,WO-004483,2026-06-19,Afternoon,M03,Breakdown,Sensor fault,2.56,0
DT-0010689,WO-004484,2026-06-19,Morning,M04,Microstop,Torch cleaning,12.49,0
DT-0010690,WO-004484,2026-06-19,Morning,M04,Microstop,Torch cleaning,9.64,0
DT-0010691,WO-004484,2026-06-19,Morning,M04,Changeover,Fixture setup,115.97,0
DT-0010692,WO-004485,2026-06-19,Afternoon,M04,Process,Weld parameter adjustment,53.54,0
DT-0010693,WO-004485,2026-06-19,Afternoon,M04,Breakdown,Mechanical fault,68.31,0
DT-0010694,WO-004486,2026-06-19,Morning,M05,Breakdown,Sensor fault,52.02,0
DT-0010695,WO-004487,2026-06-19,Afternoon,M05,Microstop,Material jam,53.13,0
DT-0010696,WO-004488,2026-06-19,Afternoon,M06,Changeover,Tooling change,17.48,0
DT-0010697,WO-004488,2026-06-19,Afternoon,M06,Breakdown,Sensor fault,8.31,0
DT-0010698,WO-004489,2026-06-22,Morning,M01,Microstop,Vision retry,6.98,0
DT-0010699,WO-004489,2026-06-22,Morning,M01,Microstop,Vision retry,23.26,0
DT-0010700,WO-004489,2026-06-22,Morning,M01,Changeover,Tooling change,4.89,0
DT-0010701,WO-004490,2026-06-22,Afternoon,M01,Material,Material shortage,9.3,0
DT-0010702,WO-004490,2026-06-22,Afternoon,M01,Material,Material shortage,7.04,0
DT-0010703,WO-004490,2026-06-22,Afternoon,M01,Changeover,Tooling change,2.42,0
DT-0010704,WO-004490,2026-06-22,Afternoon,M01,Planned,Preventive maintenance,35.88,1
DT-0010705,WO-004491,2026-06-22,Morning,M02,Changeover,Tooling change,14.2,0
DT-0010706,WO-004491,2026-06-22,Morning,M02,Breakdown,Mechanical fault,3.04,0
DT-0010707,WO-004491,2026-06-22,Morning,M02,Breakdown,Sensor fault,19.11,0
DT-0010708,WO-004491,2026-06-22,Morning,M02,Planned,Preventive maintenance,2.94,1
DT-0010709,WO-004491,2026-06-22,Morning,M02,Planned,Preventive maintenance,1.18,1
DT-0010710,WO-004492,2026-06-22,Afternoon,M02,Microstop,Vision retry,11.12,0
DT-0010711,WO-004492,2026-06-22,Afternoon,M02,Changeover,Planned changeover,48.88,1
DT-0010712,WO-004492,2026-06-22,Afternoon,M02,Breakdown,Sensor fault,10.71,0
DT-0010713,WO-004493,2026-06-22,Morning,M03,Breakdown,Sensor fault,41.54,0
DT-0010714,WO-004494,2026-06-22,Afternoon,M03,Breakdown,Mechanical fault,25.63,0
DT-0010715,WO-004494,2026-06-22,Afternoon,M03,Planned,Calibration,6.45,1
DT-0010716,WO-004495,2026-06-22,Morning,M04,Breakdown,Robot recovery,48.51,0
DT-0010717,WO-004495,2026-06-22,Morning,M04,Microstop,Torch cleaning,79.9,0
DT-0010718,WO-004496,2026-06-22,Afternoon,M04,Changeover,Fixture setup,2.76,0
DT-0010719,WO-004496,2026-06-22,Afternoon,M04,Changeover,Fixture setup,118.64,0
DT-0010720,WO-004497,2026-06-22,Morning,M05,Breakdown,Mechanical fault,56.87,0
DT-0010721,WO-004498,2026-06-22,Afternoon,M05,Process,Parameter adjustment,1.18,0
DT-0010722,WO-004498,2026-06-22,Afternoon,M05,Microstop,Vision retry,12.09,0
DT-0010723,WO-004498,2026-06-22,Afternoon,M05,Microstop,Material jam,18.41,0
DT-0010724,WO-004498,2026-06-22,Afternoon,M05,Process,Parameter adjustment,27.96,0
DT-0010725,WO-004499,2026-06-22,Morning,M06,Process,Parameter adjustment,26.06,0
DT-0010726,WO-004499,2026-06-22,Morning,M06,Breakdown,Mechanical fault,5.13,0
DT-0010727,WO-004499,2026-06-22,Morning,M06,Process,Parameter adjustment,2.06,0
DT-0010728,WO-004500,2026-06-22,Afternoon,M06,Material,Material shortage,16.17,0
DT-0010729,WO-004500,2026-06-22,Afternoon,M06,Microstop,Vision retry,30.91,0
DT-0010730,WO-004501,2026-06-23,Morning,M01,Material,Material shortage,38.28,0
DT-0010731,WO-004501,2026-06-23,Morning,M01,Changeover,Planned changeover,3.07,1
DT-0010732,WO-004502,2026-06-23,Afternoon,M01,Process,Parameter adjustment,23.22,0
DT-0010733,WO-004502,2026-06-23,Afternoon,M01,Changeover,Tooling change,3.32,0
DT-0010734,WO-004502,2026-06-23,Afternoon,M01,Planned,Preventive maintenance,51.62,1
DT-0010735,WO-004503,2026-06-23,Morning,M02,Changeover,Tooling change,47.64,0
DT-0010736,WO-004503,2026-06-23,Morning,M02,Process,Parameter adjustment,14.84,0
DT-0010737,WO-004504,2026-06-23,Afternoon,M02,Breakdown,Mechanical fault,36.3,0
DT-0010738,WO-004504,2026-06-23,Afternoon,M02,Microstop,Material jam,31.96,0
DT-0010739,WO-004505,2026-06-23,Morning,M03,Breakdown,Sensor fault,0.99,0
DT-0010740,WO-004505,2026-06-23,Morning,M03,Planned,Calibration,31.61,1
DT-0010741,WO-004505,2026-06-23,Morning,M03,Breakdown,Mechanical fault,1.69,0
DT-0010742,WO-004505,2026-06-23,Morning,M03,Microstop,Vision retry,3.15,0
DT-0010743,WO-004506,2026-06-23,Afternoon,M03,Material,Material shortage,63.6,0
DT-0010744,WO-004507,2026-06-23,Morning,M04,Microstop,Material jam,98.77,0
DT-0010745,WO-004507,2026-06-23,Morning,M04,Changeover,Planned changeover,18.97,1
DT-0010746,WO-004508,2026-06-23,Afternoon,M04,Breakdown,Robot recovery,61.63,0
DT-0010747,WO-004508,2026-06-23,Afternoon,M04,Breakdown,Robot recovery,66.2,0
DT-0010748,WO-004508,2026-06-23,Afternoon,M04,Breakdown,Mechanical fault,3.12,0
DT-0010749,WO-004509,2026-06-23,Morning,M05,Microstop,Material jam,6.22,0
DT-0010750,WO-004509,2026-06-23,Morning,M05,Breakdown,Mechanical fault,20.92,0
DT-0010751,WO-004509,2026-06-23,Morning,M05,Changeover,Tooling change,26.34,0
DT-0010752,WO-004510,2026-06-23,Afternoon,M05,Microstop,Material jam,6.27,0
DT-0010753,WO-004510,2026-06-23,Afternoon,M05,Changeover,Tooling change,3.1,0
DT-0010754,WO-004510,2026-06-23,Afternoon,M05,Microstop,Vision retry,47.31,0
DT-0010755,WO-004510,2026-06-23,Afternoon,M05,Microstop,Material jam,19.56,0
DT-0010756,WO-004511,2026-06-23,Morning,M06,Process,Parameter adjustment,33.05,0
DT-0010757,WO-004511,2026-06-23,Morning,M06,Microstop,Material jam,2.91,0
DT-0010758,WO-004512,2026-06-23,Afternoon,M06,Breakdown,Mechanical fault,5.43,0
DT-0010759,WO-004512,2026-06-23,Afternoon,M06,Planned,Calibration,12.74,1
DT-0010760,WO-004512,2026-06-23,Afternoon,M06,Breakdown,Mechanical fault,4.81,0
DT-0010761,WO-004512,2026-06-23,Afternoon,M06,Breakdown,Mechanical fault,4.59,0
DT-0010762,WO-004513,2026-06-24,Morning,M01,Planned,Calibration,15.66,1
DT-0010763,WO-004513,2026-06-24,Morning,M01,Breakdown,Sensor fault,36.4,0
DT-0010764,WO-004514,2026-06-24,Afternoon,M01,Breakdown,Mechanical fault,29.63,0
DT-0010765,WO-004514,2026-06-24,Afternoon,M01,Breakdown,Sensor fault,23.87,0
DT-0010766,WO-004515,2026-06-24,Morning,M02,Changeover,Tooling change,37.65,0
DT-0010767,WO-004515,2026-06-24,Morning,M02,Planned,Calibration,3.82,1
DT-0010768,WO-004516,2026-06-24,Afternoon,M02,Changeover,Tooling change,39.21,0
DT-0010769,WO-004516,2026-06-24,Afternoon,M02,Microstop,Vision retry,15.31,0
DT-0010770,WO-004517,2026-06-24,Morning,M03,Changeover,Tooling change,35.69,0
DT-0010771,WO-004517,2026-06-24,Morning,M03,Planned,Preventive maintenance,1.4,1
DT-0010772,WO-004518,2026-06-24,Afternoon,M03,Material,Material shortage,17.36,0
DT-0010773,WO-004518,2026-06-24,Afternoon,M03,Microstop,Vision retry,8.44,0
DT-0010774,WO-004518,2026-06-24,Afternoon,M03,Planned,Preventive maintenance,2.41,1
DT-0010775,WO-004518,2026-06-24,Afternoon,M03,Changeover,Planned changeover,20.17,1
DT-0010776,WO-004519,2026-06-24,Morning,M04,Changeover,Fixture setup,108.4,0
DT-0010777,WO-004519,2026-06-24,Morning,M04,Changeover,Fixture setup,5.26,0
DT-0010778,WO-004520,2026-06-24,Afternoon,M04,Changeover,Fixture setup,15.68,0
DT-0010779,WO-004520,2026-06-24,Afternoon,M04,Changeover,Fixture setup,71.13,0
DT-0010780,WO-004520,2026-06-24,Afternoon,M04,Changeover,Fixture setup,31.56,0
DT-0010781,WO-004521,2026-06-24,Morning,M05,Microstop,Material jam,6.22,0
DT-0010782,WO-004521,2026-06-24,Morning,M05,Planned,Preventive maintenance,3.39,1
DT-0010783,WO-004521,2026-06-24,Morning,M05,Changeover,Tooling change,35.5,0
DT-0010784,WO-004521,2026-06-24,Morning,M05,Changeover,Planned changeover,10.4,1
DT-0010785,WO-004521,2026-06-24,Morning,M05,Microstop,Material jam,4.96,0
DT-0010786,WO-004522,2026-06-24,Afternoon,M05,Breakdown,Sensor fault,2.11,0
DT-0010787,WO-004522,2026-06-24,Afternoon,M05,Changeover,Tooling change,30.02,0
DT-0010788,WO-004522,2026-06-24,Afternoon,M05,Microstop,Material jam,11.5,0
DT-0010789,WO-004522,2026-06-24,Afternoon,M05,Changeover,Tooling change,9.78,0
DT-0010790,WO-004523,2026-06-24,Morning,M06,Changeover,Tooling change,3.3,0
DT-0010791,WO-004523,2026-06-24,Morning,M06,Changeover,Planned changeover,21.86,1
DT-0010792,WO-004524,2026-06-24,Afternoon,M06,Material,Material shortage,16.12,0
DT-0010793,WO-004524,2026-06-24,Afternoon,M06,Material,Material shortage,12.87,0
DT-0010794,WO-004525,2026-06-25,Morning,M01,Microstop,Material jam,47.74,0
DT-0010795,WO-004526,2026-06-25,Afternoon,M01,Microstop,Vision retry,64.6,0
DT-0010796,WO-004527,2026-06-25,Morning,M02,Microstop,Vision retry,43.1,0
DT-0010797,WO-004528,2026-06-25,Afternoon,M02,Changeover,Tooling change,68.78,0
DT-0010798,WO-004529,2026-06-25,Morning,M03,Process,Parameter adjustment,10.28,0
DT-0010799,WO-004529,2026-06-25,Morning,M03,Planned,Preventive maintenance,8.32,1
DT-0010800,WO-004529,2026-06-25,Morning,M03,Breakdown,Mechanical fault,31.69,0
DT-0010801,WO-004530,2026-06-25,Afternoon,M03,Breakdown,Sensor fault,29.14,0
DT-0010802,WO-004531,2026-06-25,Morning,M04,Changeover,Fixture setup,75.45,0
DT-0010803,WO-004531,2026-06-25,Morning,M04,Microstop,Vision retry,37.84,0
DT-0010804,WO-004532,2026-06-25,Afternoon,M04,Changeover,Planned changeover,24.8,1
DT-0010805,WO-004532,2026-06-25,Afternoon,M04,Changeover,Tooling change,32.59,0
DT-0010806,WO-004532,2026-06-25,Afternoon,M04,Microstop,Vision retry,12.08,0
DT-0010807,WO-004532,2026-06-25,Afternoon,M04,Planned,Calibration,5.69,1
DT-0010808,WO-004532,2026-06-25,Afternoon,M04,Planned,Preventive maintenance,53.93,1
DT-0010809,WO-004533,2026-06-25,Morning,M05,Breakdown,Sensor fault,3.81,0
DT-0010810,WO-004533,2026-06-25,Morning,M05,Process,Parameter adjustment,2.7,0
DT-0010811,WO-004533,2026-06-25,Morning,M05,Breakdown,Sensor fault,0.98,0
DT-0010812,WO-004533,2026-06-25,Morning,M05,Process,Parameter adjustment,20.46,0
DT-0010813,WO-004534,2026-06-25,Afternoon,M05,Planned,Preventive maintenance,29.04,1
DT-0010814,WO-004534,2026-06-25,Afternoon,M05,Process,Parameter adjustment,3.96,0
DT-0010815,WO-004534,2026-06-25,Afternoon,M05,Breakdown,Mechanical fault,31.29,0
DT-0010816,WO-004535,2026-06-25,Morning,M06,Planned,Preventive maintenance,15.58,1
DT-0010817,WO-004535,2026-06-25,Morning,M06,Breakdown,Sensor fault,6.64,0
DT-0010818,WO-004535,2026-06-25,Morning,M06,Breakdown,Mechanical fault,12.41,0
DT-0010819,WO-004535,2026-06-25,Morning,M06,Changeover,Planned changeover,5.12,1
DT-0010820,WO-004536,2026-06-25,Afternoon,M06,Microstop,Material jam,3.03,0
DT-0010821,WO-004536,2026-06-25,Afternoon,M06,Material,Material shortage,14.29,0
DT-0010822,WO-004536,2026-06-25,Afternoon,M06,Material,Material shortage,2.82,0
DT-0010823,WO-004536,2026-06-25,Afternoon,M06,Breakdown,Mechanical fault,5.28,0
DT-0010824,WO-004537,2026-06-26,Morning,M01,Microstop,Vision retry,31.18,0
DT-0010825,WO-004537,2026-06-26,Morning,M01,Planned,Calibration,9.19,1
DT-0010826,WO-004538,2026-06-26,Afternoon,M01,Breakdown,Sensor fault,5.05,0
DT-0010827,WO-004538,2026-06-26,Afternoon,M01,Breakdown,Mechanical fault,47.7,0
DT-0010828,WO-004539,2026-06-26,Morning,M02,Microstop,Vision retry,32.44,0
DT-0010829,WO-004540,2026-06-26,Afternoon,M02,Microstop,Material jam,55.91,0
DT-0010830,WO-004540,2026-06-26,Afternoon,M02,Process,Parameter adjustment,14.7,0
DT-0010831,WO-004541,2026-06-26,Morning,M03,Changeover,Tooling change,46.77,0
DT-0010832,WO-004542,2026-06-26,Afternoon,M03,Planned,Calibration,23.01,1
DT-0010833,WO-004542,2026-06-26,Afternoon,M03,Breakdown,Sensor fault,3.46,0
DT-0010834,WO-004542,2026-06-26,Afternoon,M03,Process,Parameter adjustment,3.89,0
DT-0010835,WO-004542,2026-06-26,Afternoon,M03,Breakdown,Mechanical fault,19.22,0
DT-0010836,WO-004542,2026-06-26,Afternoon,M03,Changeover,Tooling change,1.24,0
DT-0010837,WO-004543,2026-06-26,Morning,M04,Breakdown,Robot recovery,85.55,0
DT-0010838,WO-004543,2026-06-26,Morning,M04,Changeover,Tooling change,25.21,0
DT-0010839,WO-004544,2026-06-26,Afternoon,M04,Changeover,Fixture setup,134.41,0
DT-0010840,WO-004545,2026-06-26,Morning,M05,Changeover,Tooling change,23.96,0
DT-0010841,WO-004545,2026-06-26,Morning,M05,Changeover,Tooling change,26.78,0
DT-0010842,WO-004546,2026-06-26,Afternoon,M05,Changeover,Planned changeover,20.57,1
DT-0010843,WO-004546,2026-06-26,Afternoon,M05,Microstop,Material jam,44.21,0
DT-0010844,WO-004547,2026-06-26,Morning,M06,Changeover,Tooling change,10.58,0
DT-0010845,WO-004547,2026-06-26,Morning,M06,Microstop,Vision retry,26.27,0
DT-0010846,WO-004548,2026-06-26,Afternoon,M06,Material,Material shortage,61.96,0
DT-0010847,WO-004549,2026-06-29,Morning,M01,Material,Material shortage,21.47,0
DT-0010848,WO-004549,2026-06-29,Morning,M01,Breakdown,Sensor fault,6.32,0
DT-0010849,WO-004550,2026-06-29,Afternoon,M01,Changeover,Tooling change,54.25,0
DT-0010850,WO-004551,2026-06-29,Morning,M02,Changeover,Tooling change,42.71,0
DT-0010851,WO-004551,2026-06-29,Morning,M02,Material,Material shortage,1.65,0
DT-0010852,WO-004551,2026-06-29,Morning,M02,Planned,Calibration,10.2,1
DT-0010853,WO-004552,2026-06-29,Afternoon,M02,Microstop,Material jam,68.67,0
DT-0010854,WO-004552,2026-06-29,Afternoon,M02,Microstop,Material jam,2.87,0
DT-0010855,WO-004553,2026-06-29,Morning,M03,Breakdown,Sensor fault,4.13,0
DT-0010856,WO-004553,2026-06-29,Morning,M03,Breakdown,Mechanical fault,31.41,0
DT-0010857,WO-004554,2026-06-29,Afternoon,M03,Microstop,Material jam,51.91,0
DT-0010858,WO-004555,2026-06-29,Morning,M04,Breakdown,Robot recovery,25.32,0
DT-0010859,WO-004555,2026-06-29,Morning,M04,Microstop,Torch cleaning,1.0,0
DT-0010860,WO-004555,2026-06-29,Morning,M04,Process,Weld parameter adjustment,29.09,0
DT-0010861,WO-004555,2026-06-29,Morning,M04,Planned,Calibration,32.5,1
DT-0010862,WO-004555,2026-06-29,Morning,M04,Changeover,Fixture setup,28.88,0
DT-0010863,WO-004556,2026-06-29,Afternoon,M04,Process,Parameter adjustment,110.25,0
DT-0010864,WO-004557,2026-06-29,Morning,M05,Breakdown,Mechanical fault,14.64,0
DT-0010865,WO-004557,2026-06-29,Morning,M05,Changeover,Planned changeover,9.46,1
DT-0010866,WO-004557,2026-06-29,Morning,M05,Microstop,Material jam,16.76,0
DT-0010867,WO-004558,2026-06-29,Afternoon,M05,Material,Material shortage,55.11,0
DT-0010868,WO-004558,2026-06-29,Afternoon,M05,Planned,Preventive maintenance,17.73,1
DT-0010869,WO-004559,2026-06-29,Morning,M06,Planned,Calibration,8.43,1
DT-0010870,WO-004559,2026-06-29,Morning,M06,Changeover,Tooling change,15.08,0
DT-0010871,WO-004560,2026-06-29,Afternoon,M06,Planned,Preventive maintenance,38.41,1
DT-0010872,WO-004560,2026-06-29,Afternoon,M06,Breakdown,Mechanical fault,2.89,0
DT-0010873,WO-004561,2026-06-30,Morning,M01,Breakdown,Mechanical fault,4.45,0
DT-0010874,WO-004561,2026-06-30,Morning,M01,Process,Parameter adjustment,10.15,0
DT-0010875,WO-004561,2026-06-30,Morning,M01,Changeover,Tooling change,10.04,0
DT-0010876,WO-004561,2026-06-30,Morning,M01,Material,Material shortage,9.24,0
DT-0010877,WO-004562,2026-06-30,Afternoon,M01,Changeover,Planned changeover,4.13,1
DT-0010878,WO-004562,2026-06-30,Afternoon,M01,Changeover,Planned changeover,51.28,1
DT-0010879,WO-004563,2026-06-30,Morning,M02,Microstop,Material jam,4.67,0
DT-0010880,WO-004563,2026-06-30,Morning,M02,Process,Parameter adjustment,2.64,0
DT-0010881,WO-004563,2026-06-30,Morning,M02,Changeover,Tooling change,30.32,0
DT-0010882,WO-004563,2026-06-30,Morning,M02,Planned,Preventive maintenance,7.13,1
DT-0010883,WO-004564,2026-06-30,Afternoon,M02,Changeover,Tooling change,13.14,0
DT-0010884,WO-004564,2026-06-30,Afternoon,M02,Material,Material shortage,42.69,0
DT-0010885,WO-004565,2026-06-30,Morning,M03,Microstop,Vision retry,7.93,0
DT-0010886,WO-004565,2026-06-30,Morning,M03,Microstop,Vision retry,34.61,0
DT-0010887,WO-004565,2026-06-30,Morning,M03,Breakdown,Sensor fault,1.04,0
DT-0010888,WO-004566,2026-06-30,Afternoon,M03,Process,Parameter adjustment,17.63,0
DT-0010889,WO-004566,2026-06-30,Afternoon,M03,Process,Parameter adjustment,0.99,0
DT-0010890,WO-004566,2026-06-30,Afternoon,M03,Microstop,Vision retry,3.01,0
DT-0010891,WO-004567,2026-06-30,Morning,M04,Breakdown,Sensor fault,56.49,0
DT-0010892,WO-004567,2026-06-30,Morning,M04,Changeover,Fixture setup,17.42,0
DT-0010893,WO-004567,2026-06-30,Morning,M04,Changeover,Fixture setup,32.86,0
DT-0010894,WO-004568,2026-06-30,Afternoon,M04,Changeover,Fixture setup,86.19,0
DT-0010895,WO-004568,2026-06-30,Afternoon,M04,Process,Weld parameter adjustment,39.83,0
DT-0010896,WO-004569,2026-06-30,Morning,M05,Material,Material shortage,31.26,0
DT-0010897,WO-004569,2026-06-30,Morning,M05,Breakdown,Sensor fault,10.34,0
DT-0010898,WO-004569,2026-06-30,Morning,M05,Microstop,Material jam,11.04,0
DT-0010899,WO-004570,2026-06-30,Afternoon,M05,Planned,Calibration,6.75,1
DT-0010900,WO-004570,2026-06-30,Afternoon,M05,Microstop,Material jam,25.78,0
DT-0010901,WO-004570,2026-06-30,Afternoon,M05,Breakdown,Mechanical fault,18.11,0
DT-0010902,WO-004571,2026-06-30,Morning,M06,Process,Parameter adjustment,23.43,0
DT-0010903,WO-004571,2026-06-30,Morning,M06,Changeover,Planned changeover,9.1,1
DT-0010904,WO-004572,2026-06-30,Afternoon,M06,Material,Material shortage,12.69,0
DT-0010905,WO-004572,2026-06-30,Afternoon,M06,Changeover,Tooling change,5.45,0
DT-0010906,WO-004572,2026-06-30,Afternoon,M06,Changeover,Tooling change,23.25,0
DT-0010907,WO-004573,2026-07-01,Morning,M01,Changeover,Planned changeover,51.37,1
DT-0010908,WO-004574,2026-07-01,Afternoon,M01,Changeover,Tooling change,48.9,0
DT-0010909,WO-004574,2026-07-01,Afternoon,M01,Breakdown,Sensor fault,4.28,0
DT-0010910,WO-004574,2026-07-01,Afternoon,M01,Planned,Preventive maintenance,11.29,1
DT-0010911,WO-004575,2026-07-01,Morning,M02,Process,Parameter adjustment,3.66,0
DT-0010912,WO-004575,2026-07-01,Morning,M02,Changeover,Tooling change,34.56,0
DT-0010913,WO-004576,2026-07-01,Afternoon,M02,Changeover,Planned changeover,11.05,1
DT-0010914,WO-004576,2026-07-01,Afternoon,M02,Planned,Preventive maintenance,29.54,1
DT-0010915,WO-004576,2026-07-01,Afternoon,M02,Breakdown,Sensor fault,34.28,0
DT-0010916,WO-004577,2026-07-01,Morning,M03,Microstop,Vision retry,27.83,0
DT-0010917,WO-004578,2026-07-01,Afternoon,M03,Process,Parameter adjustment,56.87,0
DT-0010918,WO-004579,2026-07-01,Morning,M04,Planned,Calibration,123.63,1
DT-0010919,WO-004580,2026-07-01,Afternoon,M04,Changeover,Fixture setup,56.55,0
DT-0010920,WO-004580,2026-07-01,Afternoon,M04,Changeover,Fixture setup,30.13,0
DT-0010921,WO-004580,2026-07-01,Afternoon,M04,Breakdown,Robot recovery,13.81,0
DT-0010922,WO-004580,2026-07-01,Afternoon,M04,Breakdown,Robot recovery,26.53,0
DT-0010923,WO-004581,2026-07-01,Morning,M05,Microstop,Vision retry,7.97,0
DT-0010924,WO-004581,2026-07-01,Morning,M05,Process,Parameter adjustment,10.63,0
DT-0010925,WO-004581,2026-07-01,Morning,M05,Microstop,Vision retry,0.98,0
DT-0010926,WO-004581,2026-07-01,Morning,M05,Breakdown,Mechanical fault,23.0,0
DT-0010927,WO-004582,2026-07-01,Afternoon,M05,Planned,Preventive maintenance,15.65,1
DT-0010928,WO-004582,2026-07-01,Afternoon,M05,Process,Parameter adjustment,5.72,0
DT-0010929,WO-004582,2026-07-01,Afternoon,M05,Microstop,Material jam,7.61,0
DT-0010930,WO-004582,2026-07-01,Afternoon,M05,Process,Parameter adjustment,26.69,0
DT-0010931,WO-004582,2026-07-01,Afternoon,M05,Microstop,Vision retry,7.02,0
DT-0010932,WO-004583,2026-07-01,Morning,M06,Breakdown,Sensor fault,36.89,0
DT-0010933,WO-004584,2026-07-01,Afternoon,M06,Breakdown,Mechanical fault,4.13,0
DT-0010934,WO-004584,2026-07-01,Afternoon,M06,Material,Material shortage,29.49,0
DT-0010935,WO-004585,2026-07-02,Afternoon,M01,Microstop,Material jam,49.35,0
DT-0010936,WO-004586,2026-07-02,Morning,M02,Material,Material shortage,62.65,0
DT-0010937,WO-004587,2026-07-02,Afternoon,M02,Changeover,Tooling change,50.68,0
DT-0010938,WO-004587,2026-07-02,Afternoon,M02,Breakdown,Mechanical fault,12.06,0
DT-0010939,WO-004587,2026-07-02,Afternoon,M02,Microstop,Material jam,0.99,0
DT-0010940,WO-004588,2026-07-02,Morning,M03,Material,Material shortage,12.52,0
DT-0010941,WO-004588,2026-07-02,Morning,M03,Material,Material shortage,1.45,0
DT-0010942,WO-004588,2026-07-02,Morning,M03,Breakdown,Sensor fault,30.37,0
DT-0010943,WO-004589,2026-07-02,Afternoon,M03,Planned,Calibration,20.04,1
DT-0010944,WO-004589,2026-07-02,Afternoon,M03,Breakdown,Mechanical fault,1.5,0
DT-0010945,WO-004589,2026-07-02,Afternoon,M03,Changeover,Tooling change,22.17,0
DT-0010946,WO-004590,2026-07-02,Morning,M04,Changeover,Fixture setup,31.46,0
DT-0010947,WO-004590,2026-07-02,Morning,M04,Microstop,Torch cleaning,73.5,0
DT-0010948,WO-004591,2026-07-02,Afternoon,M04,Microstop,Torch cleaning,131.95,0
DT-0010949,WO-004592,2026-07-02,Morning,M05,Microstop,Material jam,9.95,0
DT-0010950,WO-004592,2026-07-02,Morning,M05,Breakdown,Mechanical fault,42.84,0
DT-0010951,WO-004593,2026-07-02,Afternoon,M05,Microstop,Vision retry,78.52,0
DT-0010952,WO-004594,2026-07-02,Morning,M06,Material,Material shortage,30.57,0
DT-0010953,WO-004594,2026-07-02,Morning,M06,Changeover,Tooling change,2.96,0
DT-0010954,WO-004595,2026-07-02,Afternoon,M06,Process,Parameter adjustment,11.59,0
DT-0010955,WO-004595,2026-07-02,Afternoon,M06,Microstop,Vision retry,23.4,0
DT-0010956,WO-004595,2026-07-02,Afternoon,M06,Breakdown,Mechanical fault,3.21,0
DT-0010957,WO-004596,2026-07-03,Morning,M01,Planned,Calibration,19.02,1
DT-0010958,WO-004596,2026-07-03,Morning,M01,Planned,Preventive maintenance,24.77,1
DT-0010959,WO-004597,2026-07-03,Afternoon,M01,Material,Material shortage,24.05,0
DT-0010960,WO-004597,2026-07-03,Afternoon,M01,Microstop,Vision retry,3.25,0
DT-0010961,WO-004597,2026-07-03,Afternoon,M01,Breakdown,Mechanical fault,3.9,0
DT-0010962,WO-004597,2026-07-03,Afternoon,M01,Process,Parameter adjustment,18.75,0
DT-0010963,WO-004598,2026-07-03,Morning,M02,Breakdown,Sensor fault,10.47,0
DT-0010964,WO-004598,2026-07-03,Morning,M02,Changeover,Tooling change,11.36,0
DT-0010965,WO-004598,2026-07-03,Morning,M02,Changeover,Planned changeover,24.96,1
DT-0010966,WO-004599,2026-07-03,Afternoon,M02,Process,Parameter adjustment,5.12,0
DT-0010967,WO-004599,2026-07-03,Afternoon,M02,Microstop,Vision retry,27.86,0
DT-0010968,WO-004599,2026-07-03,Afternoon,M02,Microstop,Material jam,7.83,0
DT-0010969,WO-004599,2026-07-03,Afternoon,M02,Changeover,Planned changeover,7.01,1
DT-0010970,WO-004600,2026-07-03,Morning,M03,Changeover,Tooling change,29.94,0
DT-0010971,WO-004600,2026-07-03,Morning,M03,Planned,Calibration,4.43,1
DT-0010972,WO-004601,2026-07-03,Afternoon,M03,Process,Parameter adjustment,42.16,0
DT-0010973,WO-004602,2026-07-03,Morning,M04,Changeover,Fixture setup,56.18,0
DT-0010974,WO-004602,2026-07-03,Morning,M04,Breakdown,Wire feeder fault,47.31,0
DT-0010975,WO-004603,2026-07-03,Afternoon,M04,Breakdown,Robot recovery,33.3,0
DT-0010976,WO-004603,2026-07-03,Afternoon,M04,Changeover,Fixture setup,15.36,0
DT-0010977,WO-004603,2026-07-03,Afternoon,M04,Breakdown,Robot recovery,85.59,0
DT-0010978,WO-004604,2026-07-03,Morning,M05,Microstop,Material jam,14.99,0
DT-0010979,WO-004604,2026-07-03,Morning,M05,Breakdown,Sensor fault,48.37,0
DT-0010980,WO-004605,2026-07-03,Afternoon,M05,Changeover,Tooling change,2.44,0
DT-0010981,WO-004605,2026-07-03,Afternoon,M05,Planned,Preventive maintenance,72.43,1
DT-0010982,WO-004606,2026-07-03,Morning,M06,Material,Material shortage,1.3,0
DT-0010983,WO-004606,2026-07-03,Morning,M06,Microstop,Material jam,2.23,0
DT-0010984,WO-004606,2026-07-03,Morning,M06,Breakdown,Sensor fault,1.77,0
DT-0010985,WO-004606,2026-07-03,Morning,M06,Planned,Preventive maintenance,29.73,1
DT-0010986,WO-004607,2026-07-03,Afternoon,M06,Planned,Preventive maintenance,45.34,1
DT-0010987,WO-004608,2026-07-06,Morning,M01,Process,Parameter adjustment,71.95,0
DT-0010988,WO-004609,2026-07-06,Afternoon,M01,Microstop,Vision retry,35.58,0
DT-0010989,WO-004609,2026-07-06,Afternoon,M01,Material,Material shortage,8.06,0
DT-0010990,WO-004609,2026-07-06,Afternoon,M01,Breakdown,Sensor fault,5.84,0
DT-0010991,WO-004610,2026-07-06,Morning,M02,Microstop,Material jam,27.47,0
DT-0010992,WO-004610,2026-07-06,Morning,M02,Changeover,Tooling change,0.98,0
DT-0010993,WO-004610,2026-07-06,Morning,M02,Process,Parameter adjustment,17.62,0
DT-0010994,WO-004610,2026-07-06,Morning,M02,Microstop,Vision retry,6.54,0
DT-0010995,WO-004611,2026-07-06,Afternoon,M02,Microstop,Vision retry,58.93,0
DT-0010996,WO-004611,2026-07-06,Afternoon,M02,Material,Material shortage,11.66,0
DT-0010997,WO-004612,2026-07-06,Morning,M03,Breakdown,Mechanical fault,0.99,0
DT-0010998,WO-004612,2026-07-06,Morning,M03,Changeover,Tooling change,48.29,0
DT-0010999,WO-004613,2026-07-06,Afternoon,M03,Planned,Preventive maintenance,6.48,1
DT-0011000,WO-004613,2026-07-06,Afternoon,M03,Microstop,Material jam,54.95,0
DT-0011001,WO-004614,2026-07-06,Morning,M04,Material,Material shortage,77.81,0
DT-0011002,WO-004614,2026-07-06,Morning,M04,Microstop,Vision retry,39.58,0
DT-0011003,WO-004615,2026-07-06,Afternoon,M04,Breakdown,Robot recovery,9.58,0
DT-0011004,WO-004615,2026-07-06,Afternoon,M04,Breakdown,Sensor fault,39.75,0
DT-0011005,WO-004615,2026-07-06,Afternoon,M04,Changeover,Planned changeover,7.04,1
DT-0011006,WO-004615,2026-07-06,Afternoon,M04,Breakdown,Robot recovery,53.31,0
DT-0011007,WO-004616,2026-07-06,Morning,M05,Microstop,Material jam,6.87,0
DT-0011008,WO-004616,2026-07-06,Morning,M05,Microstop,Vision retry,33.88,0
DT-0011009,WO-004617,2026-07-06,Afternoon,M05,Microstop,Vision retry,45.58,0
DT-0011010,WO-004618,2026-07-06,Morning,M06,Microstop,Vision retry,3.93,0
DT-0011011,WO-004618,2026-07-06,Morning,M06,Microstop,Vision retry,19.73,0
DT-0011012,WO-004619,2026-07-06,Afternoon,M06,Microstop,Vision retry,22.72,0
DT-0011013,WO-004620,2026-07-07,Morning,M01,Material,Material shortage,14.03,0
DT-0011014,WO-004620,2026-07-07,Morning,M01,Microstop,Vision retry,25.32,0
DT-0011015,WO-004621,2026-07-07,Afternoon,M01,Microstop,Vision retry,38.53,0
DT-0011016,WO-004621,2026-07-07,Afternoon,M01,Breakdown,Sensor fault,15.47,0
DT-0011017,WO-004622,2026-07-07,Morning,M02,Process,Parameter adjustment,35.24,0
DT-0011018,WO-004623,2026-07-07,Afternoon,M02,Microstop,Material jam,12.38,0
DT-0011019,WO-004623,2026-07-07,Afternoon,M02,Changeover,Planned changeover,12.0,1
DT-0011020,WO-004623,2026-07-07,Afternoon,M02,Material,Material shortage,14.44,0
DT-0011021,WO-004624,2026-07-07,Morning,M03,Breakdown,Mechanical fault,39.29,0
DT-0011022,WO-004625,2026-07-07,Afternoon,M03,Planned,Calibration,28.43,1
DT-0011023,WO-004625,2026-07-07,Afternoon,M03,Process,Parameter adjustment,18.46,0
DT-0011024,WO-004625,2026-07-07,Afternoon,M03,Planned,Preventive maintenance,0.98,1
DT-0011025,WO-004625,2026-07-07,Afternoon,M03,Changeover,Tooling change,0.98,0
DT-0011026,WO-004626,2026-07-07,Morning,M04,Planned,Calibration,5.76,1
DT-0011027,WO-004626,2026-07-07,Morning,M04,Changeover,Fixture setup,93.64,0
DT-0011028,WO-004627,2026-07-07,Afternoon,M04,Changeover,Tooling change,20.49,0
DT-0011029,WO-004627,2026-07-07,Afternoon,M04,Breakdown,Sensor fault,92.11,0
DT-0011030,WO-004628,2026-07-07,Morning,M05,Changeover,Tooling change,21.01,0
DT-0011031,WO-004628,2026-07-07,Morning,M05,Microstop,Vision retry,3.91,0
DT-0011032,WO-004628,2026-07-07,Morning,M05,Process,Parameter adjustment,11.4,0
DT-0011033,WO-004628,2026-07-07,Morning,M05,Material,Material shortage,14.7,0
DT-0011034,WO-004629,2026-07-07,Afternoon,M05,Planned,Calibration,11.79,1
DT-0011035,WO-004629,2026-07-07,Afternoon,M05,Breakdown,Mechanical fault,1.61,0
DT-0011036,WO-004629,2026-07-07,Afternoon,M05,Changeover,Planned changeover,13.21,1
DT-0011037,WO-004629,2026-07-07,Afternoon,M05,Microstop,Vision retry,26.78,0
DT-0011038,WO-004630,2026-07-07,Morning,M06,Changeover,Tooling change,13.19,0
DT-0011039,WO-004630,2026-07-07,Morning,M06,Material,Material shortage,5.99,0
DT-0011040,WO-004630,2026-07-07,Morning,M06,Material,Material shortage,0.98,0
DT-0011041,WO-004630,2026-07-07,Morning,M06,Planned,Preventive maintenance,2.76,1
DT-0011042,WO-004631,2026-07-07,Afternoon,M06,Changeover,Planned changeover,1.99,1
DT-0011043,WO-004631,2026-07-07,Afternoon,M06,Material,Material shortage,36.86,0
DT-0011044,WO-004631,2026-07-07,Afternoon,M06,Process,Parameter adjustment,3.29,0
DT-0011045,WO-004632,2026-07-08,Morning,M01,Breakdown,Mechanical fault,48.89,0
DT-0011046,WO-004633,2026-07-08,Afternoon,M01,Material,Material shortage,60.82,0
DT-0011047,WO-004634,2026-07-08,Morning,M02,Process,Parameter adjustment,4.77,0
DT-0011048,WO-004634,2026-07-08,Morning,M02,Breakdown,Mechanical fault,24.8,0
DT-0011049,WO-004634,2026-07-08,Morning,M02,Breakdown,Sensor fault,12.02,0
DT-0011050,WO-004635,2026-07-08,Afternoon,M02,Microstop,Vision retry,18.97,0
DT-0011051,WO-004635,2026-07-08,Afternoon,M02,Breakdown,Sensor fault,35.85,0
DT-0011052,WO-004635,2026-07-08,Afternoon,M02,Microstop,Material jam,6.71,0
DT-0011053,WO-004635,2026-07-08,Afternoon,M02,Changeover,Tooling change,6.68,0
DT-0011054,WO-004636,2026-07-08,Morning,M03,Breakdown,Mechanical fault,34.19,0
DT-0011055,WO-004636,2026-07-08,Morning,M03,Breakdown,Mechanical fault,16.29,0
DT-0011056,WO-004637,2026-07-08,Afternoon,M03,Planned,Calibration,2.0,1
DT-0011057,WO-004637,2026-07-08,Afternoon,M03,Planned,Calibration,6.33,1
DT-0011058,WO-004637,2026-07-08,Afternoon,M03,Material,Material shortage,21.41,0
DT-0011059,WO-004637,2026-07-08,Afternoon,M03,Process,Parameter adjustment,9.65,0
DT-0011060,WO-004637,2026-07-08,Afternoon,M03,Breakdown,Mechanical fault,11.21,0
DT-0011061,WO-004638,2026-07-08,Morning,M04,Breakdown,Robot recovery,91.38,0
DT-0011062,WO-004638,2026-07-08,Morning,M04,Changeover,Fixture setup,15.8,0
DT-0011063,WO-004638,2026-07-08,Morning,M04,Changeover,Fixture setup,5.85,0
DT-0011064,WO-004638,2026-07-08,Morning,M04,Process,Weld parameter adjustment,7.89,0
DT-0011065,WO-004639,2026-07-08,Afternoon,M04,Breakdown,Sensor fault,84.42,0
DT-0011066,WO-004639,2026-07-08,Afternoon,M04,Breakdown,Robot recovery,25.81,0
DT-0011067,WO-004640,2026-07-08,Morning,M05,Microstop,Material jam,45.03,0
DT-0011068,WO-004641,2026-07-08,Afternoon,M05,Material,Material shortage,52.18,0
DT-0011069,WO-004642,2026-07-08,Morning,M06,Microstop,Vision retry,17.61,0
DT-0011070,WO-004642,2026-07-08,Morning,M06,Microstop,Material jam,15.01,0
DT-0011071,WO-004643,2026-07-08,Afternoon,M06,Breakdown,Sensor fault,3.48,0
DT-0011072,WO-004643,2026-07-08,Afternoon,M06,Changeover,Tooling change,11.06,0
DT-0011073,WO-004643,2026-07-08,Afternoon,M06,Process,Parameter adjustment,4.7,0
DT-0011074,WO-004644,2026-07-09,Morning,M01,Microstop,Material jam,0.99,0
DT-0011075,WO-004644,2026-07-09,Morning,M01,Process,Parameter adjustment,50.65,0
DT-0011076,WO-004645,2026-07-09,Afternoon,M01,Planned,Calibration,62.78,1
DT-0011077,WO-004646,2026-07-09,Morning,M02,Process,Parameter adjustment,9.91,0
DT-0011078,WO-004646,2026-07-09,Morning,M02,Changeover,Tooling change,3.88,0
DT-0011079,WO-004646,2026-07-09,Morning,M02,Material,Material shortage,33.87,0
DT-0011080,WO-004647,2026-07-09,Afternoon,M02,Material,Material shortage,40.13,0
DT-0011081,WO-004648,2026-07-09,Afternoon,M03,Process,Parameter adjustment,14.81,0
DT-0011082,WO-004648,2026-07-09,Afternoon,M03,Process,Parameter adjustment,29.64,0
DT-0011083,WO-004649,2026-07-09,Morning,M04,Process,Weld parameter adjustment,55.54,0
DT-0011084,WO-004649,2026-07-09,Morning,M04,Breakdown,Robot recovery,74.38,0
DT-0011085,WO-004650,2026-07-09,Afternoon,M04,Changeover,Fixture setup,121.21,0
DT-0011086,WO-004651,2026-07-09,Morning,M05,Changeover,Tooling change,13.15,0
DT-0011087,WO-004651,2026-07-09,Morning,M05,Changeover,Tooling change,7.2,0
DT-0011088,WO-004651,2026-07-09,Morning,M05,Material,Material shortage,24.87,0
DT-0011089,WO-004652,2026-07-09,Afternoon,M05,Microstop,Vision retry,13.67,0
DT-0011090,WO-004652,2026-07-09,Afternoon,M05,Breakdown,Mechanical fault,16.71,0
DT-0011091,WO-004652,2026-07-09,Afternoon,M05,Microstop,Vision retry,24.19,0
DT-0011092,WO-004653,2026-07-09,Morning,M06,Changeover,Tooling change,34.29,0
DT-0011093,WO-004654,2026-07-09,Afternoon,M06,Planned,Calibration,2.18,1
DT-0011094,WO-004654,2026-07-09,Afternoon,M06,Changeover,Tooling change,11.88,0
DT-0011095,WO-004654,2026-07-09,Afternoon,M06,Breakdown,Mechanical fault,0.98,0
DT-0011096,WO-004654,2026-07-09,Afternoon,M06,Microstop,Vision retry,12.16,0
DT-0011097,WO-004654,2026-07-09,Afternoon,M06,Microstop,Material jam,1.19,0
DT-0011098,WO-004655,2026-07-10,Morning,M01,Material,Material shortage,11.5,0
DT-0011099,WO-004655,2026-07-10,Morning,M01,Changeover,Tooling change,3.21,0
DT-0011100,WO-004655,2026-07-10,Morning,M01,Material,Material shortage,24.58,0
DT-0011101,WO-004655,2026-07-10,Morning,M01,Material,Material shortage,15.16,0
DT-0011102,WO-004655,2026-07-10,Morning,M01,Material,Material shortage,3.34,0
DT-0011103,WO-004656,2026-07-10,Afternoon,M01,Breakdown,Sensor fault,51.77,0
DT-0011104,WO-004656,2026-07-10,Afternoon,M01,Microstop,Material jam,10.71,0
DT-0011105,WO-004657,2026-07-10,Morning,M02,Microstop,Material jam,6.64,0
DT-0011106,WO-004657,2026-07-10,Morning,M02,Changeover,Tooling change,45.24,0
DT-0011107,WO-004658,2026-07-10,Afternoon,M02,Breakdown,Mechanical fault,7.89,0
DT-0011108,WO-004658,2026-07-10,Afternoon,M02,Process,Parameter adjustment,24.6,0
DT-0011109,WO-004659,2026-07-10,Morning,M03,Process,Parameter adjustment,31.39,0
DT-0011110,WO-004659,2026-07-10,Morning,M03,Breakdown,Sensor fault,8.11,0
DT-0011111,WO-004660,2026-07-10,Afternoon,M03,Microstop,Material jam,0.98,0
DT-0011112,WO-004660,2026-07-10,Afternoon,M03,Breakdown,Sensor fault,28.65,0
DT-0011113,WO-004660,2026-07-10,Afternoon,M03,Planned,Preventive maintenance,7.82,1
DT-0011114,WO-004660,2026-07-10,Afternoon,M03,Changeover,Tooling change,18.76,0
DT-0011115,WO-004661,2026-07-10,Morning,M04,Microstop,Torch cleaning,23.69,0
DT-0011116,WO-004661,2026-07-10,Morning,M04,Changeover,Fixture setup,46.28,0
DT-0011117,WO-004661,2026-07-10,Morning,M04,Microstop,Material jam,51.23,0
DT-0011118,WO-004662,2026-07-10,Afternoon,M04,Process,Parameter adjustment,136.39,0
DT-0011119,WO-004663,2026-07-10,Morning,M05,Breakdown,Mechanical fault,29.69,0
DT-0011120,WO-004663,2026-07-10,Morning,M05,Breakdown,Mechanical fault,17.02,0
DT-0011121,WO-004664,2026-07-10,Afternoon,M05,Breakdown,Sensor fault,13.57,0
DT-0011122,WO-004664,2026-07-10,Afternoon,M05,Planned,Calibration,14.08,1
DT-0011123,WO-004664,2026-07-10,Afternoon,M05,Breakdown,Sensor fault,26.19,0
DT-0011124,WO-004665,2026-07-10,Morning,M06,Material,Material shortage,36.01,0
DT-0011125,WO-004666,2026-07-10,Afternoon,M06,Planned,Preventive maintenance,7.83,1
DT-0011126,WO-004666,2026-07-10,Afternoon,M06,Changeover,Tooling change,3.11,0
DT-0011127,WO-004666,2026-07-10,Afternoon,M06,Changeover,Tooling change,2.36,0
DT-0011128,WO-004666,2026-07-10,Afternoon,M06,Changeover,Tooling change,23.23,0
DT-0011129,WO-004666,2026-07-10,Afternoon,M06,Breakdown,Mechanical fault,1.12,0
DT-0011130,WO-004667,2026-07-13,Morning,M01,Changeover,Tooling change,30.41,0
DT-0011131,WO-004668,2026-07-13,Afternoon,M01,Planned,Preventive maintenance,54.26,1
DT-0011132,WO-004669,2026-07-13,Morning,M02,Breakdown,Sensor fault,3.81,0
DT-0011133,WO-004669,2026-07-13,Morning,M02,Changeover,Tooling change,4.66,0
DT-0011134,WO-004669,2026-07-13,Morning,M02,Microstop,Material jam,1.65,0
DT-0011135,WO-004669,2026-07-13,Morning,M02,Planned,Calibration,22.9,1
DT-0011136,WO-004669,2026-07-13,Morning,M02,Changeover,Planned changeover,0.98,1
DT-0011137,WO-004670,2026-07-13,Afternoon,M02,Microstop,Material jam,60.37,0
DT-0011138,WO-004671,2026-07-13,Morning,M03,Breakdown,Sensor fault,0.98,0
DT-0011139,WO-004671,2026-07-13,Morning,M03,Material,Material shortage,19.33,0
DT-0011140,WO-004671,2026-07-13,Morning,M03,Breakdown,Sensor fault,17.16,0
DT-0011141,WO-004672,2026-07-13,Afternoon,M03,Microstop,Vision retry,12.54,0
DT-0011142,WO-004672,2026-07-13,Afternoon,M03,Planned,Preventive maintenance,12.62,1
DT-0011143,WO-004672,2026-07-13,Afternoon,M03,Breakdown,Sensor fault,19.03,0
DT-0011144,WO-004673,2026-07-13,Morning,M04,Changeover,Fixture setup,82.21,0
DT-0011145,WO-004673,2026-07-13,Morning,M04,Process,Weld parameter adjustment,50.02,0
DT-0011146,WO-004674,2026-07-13,Afternoon,M04,Changeover,Planned changeover,60.31,1
DT-0011147,WO-004674,2026-07-13,Afternoon,M04,Changeover,Fixture setup,24.1,0
DT-0011148,WO-004674,2026-07-13,Afternoon,M04,Breakdown,Wire feeder fault,22.14,0
DT-0011149,WO-004675,2026-07-13,Morning,M05,Microstop,Material jam,27.27,0
DT-0011150,WO-004675,2026-07-13,Morning,M05,Material,Material shortage,2.59,0
DT-0011151,WO-004675,2026-07-13,Morning,M05,Material,Material shortage,19.11,0
DT-0011152,WO-004676,2026-07-13,Afternoon,M05,Breakdown,Sensor fault,27.05,0
DT-0011153,WO-004677,2026-07-13,Morning,M06,Planned,Preventive maintenance,18.16,1
DT-0011154,WO-004678,2026-07-13,Afternoon,M06,Changeover,Tooling change,50.17,0
DT-0011155,WO-004679,2026-07-14,Morning,M01,Microstop,Vision retry,6.46,0
DT-0011156,WO-004679,2026-07-14,Morning,M01,Microstop,Material jam,5.5,0
DT-0011157,WO-004679,2026-07-14,Morning,M01,Material,Material shortage,12.72,0
DT-0011158,WO-004679,2026-07-14,Morning,M01,Material,Material shortage,22.87,0
DT-0011159,WO-004680,2026-07-14,Afternoon,M01,Changeover,Tooling change,9.34,0
DT-0011160,WO-004680,2026-07-14,Afternoon,M01,Microstop,Material jam,52.88,0
DT-0011161,WO-004681,2026-07-14,Morning,M02,Microstop,Vision retry,38.21,0
DT-0011162,WO-004681,2026-07-14,Morning,M02,Microstop,Material jam,20.34,0
DT-0011163,WO-004682,2026-07-14,Afternoon,M02,Material,Material shortage,34.86,0
DT-0011164,WO-004682,2026-07-14,Afternoon,M02,Microstop,Vision retry,13.56,0
DT-0011165,WO-004682,2026-07-14,Afternoon,M02,Material,Material shortage,12.06,0
DT-0011166,WO-004683,2026-07-14,Morning,M03,Planned,Preventive maintenance,17.73,1
DT-0011167,WO-004683,2026-07-14,Morning,M03,Breakdown,Sensor fault,5.93,0
DT-0011168,WO-004683,2026-07-14,Morning,M03,Changeover,Tooling change,8.0,0
DT-0011169,WO-004684,2026-07-14,Afternoon,M03,Material,Material shortage,21.78,0
DT-0011170,WO-004684,2026-07-14,Afternoon,M03,Process,Parameter adjustment,1.0,0
DT-0011171,WO-004684,2026-07-14,Afternoon,M03,Microstop,Material jam,12.95,0
DT-0011172,WO-004685,2026-07-14,Morning,M04,Breakdown,Robot recovery,83.14,0
DT-0011173,WO-004685,2026-07-14,Morning,M04,Changeover,Fixture setup,35.72,0
DT-0011174,WO-004686,2026-07-14,Afternoon,M04,Microstop,Torch cleaning,0.99,0
DT-0011175,WO-004686,2026-07-14,Afternoon,M04,Process,Parameter adjustment,15.96,0
DT-0011176,WO-004686,2026-07-14,Afternoon,M04,Breakdown,Robot recovery,43.56,0
DT-0011177,WO-004686,2026-07-14,Afternoon,M04,Microstop,Material jam,10.65,0
DT-0011178,WO-004686,2026-07-14,Afternoon,M04,Changeover,Planned changeover,47.1,1
DT-0011179,WO-004687,2026-07-14,Morning,M05,Material,Material shortage,13.96,0
DT-0011180,WO-004687,2026-07-14,Morning,M05,Breakdown,Mechanical fault,6.86,0
DT-0011181,WO-004687,2026-07-14,Morning,M05,Process,Parameter adjustment,35.91,0
DT-0011182,WO-004688,2026-07-14,Afternoon,M05,Breakdown,Mechanical fault,13.46,0
DT-0011183,WO-004688,2026-07-14,Afternoon,M05,Changeover,Tooling change,10.63,0
DT-0011184,WO-004688,2026-07-14,Afternoon,M05,Microstop,Material jam,23.04,0
DT-0011185,WO-004688,2026-07-14,Afternoon,M05,Changeover,Tooling change,14.45,0
DT-0011186,WO-004689,2026-07-14,Morning,M06,Changeover,Tooling change,21.23,0
DT-0011187,WO-004689,2026-07-14,Morning,M06,Breakdown,Sensor fault,9.39,0
DT-0011188,WO-004690,2026-07-14,Afternoon,M06,Microstop,Vision retry,30.89,0
DT-0011189,WO-004690,2026-07-14,Afternoon,M06,Planned,Calibration,2.29,1
DT-0011190,WO-004690,2026-07-14,Afternoon,M06,Breakdown,Mechanical fault,12.66,0
DT-0011191,WO-004691,2026-07-15,Morning,M01,Planned,Preventive maintenance,42.41,1
DT-0011192,WO-004692,2026-07-15,Afternoon,M01,Planned,Calibration,17.41,1
DT-0011193,WO-004692,2026-07-15,Afternoon,M01,Process,Parameter adjustment,33.55,0
DT-0011194,WO-004693,2026-07-15,Morning,M02,Process,Parameter adjustment,2.57,0
DT-0011195,WO-004693,2026-07-15,Morning,M02,Breakdown,Sensor fault,17.24,0
DT-0011196,WO-004693,2026-07-15,Morning,M02,Breakdown,Mechanical fault,21.75,0
DT-0011197,WO-004693,2026-07-15,Morning,M02,Changeover,Tooling change,10.74,0
DT-0011198,WO-004694,2026-07-15,Afternoon,M02,Changeover,Tooling change,16.36,0
DT-0011199,WO-004694,2026-07-15,Afternoon,M02,Changeover,Tooling change,50.43,0
DT-0011200,WO-004695,2026-07-15,Morning,M03,Breakdown,Sensor fault,11.7,0
DT-0011201,WO-004695,2026-07-15,Morning,M03,Microstop,Vision retry,28.52,0
DT-0011202,WO-004696,2026-07-15,Afternoon,M03,Breakdown,Sensor fault,25.0,0
DT-0011203,WO-004696,2026-07-15,Afternoon,M03,Material,Material shortage,18.52,0
DT-0011204,WO-004696,2026-07-15,Afternoon,M03,Microstop,Vision retry,6.36,0
DT-0011205,WO-004697,2026-07-15,Morning,M04,Changeover,Fixture setup,68.95,0
DT-0011206,WO-004697,2026-07-15,Morning,M04,Changeover,Fixture setup,54.88,0
DT-0011207,WO-004698,2026-07-15,Afternoon,M04,Changeover,Tooling change,125.54,0
DT-0011208,WO-004699,2026-07-15,Morning,M05,Breakdown,Mechanical fault,48.09,0
DT-0011209,WO-004700,2026-07-15,Afternoon,M05,Microstop,Vision retry,51.99,0
DT-0011210,WO-004700,2026-07-15,Afternoon,M05,Microstop,Material jam,27.09,0
DT-0011211,WO-004701,2026-07-15,Morning,M06,Changeover,Tooling change,16.0,0
DT-0011212,WO-004702,2026-07-15,Afternoon,M06,Changeover,Tooling change,1.25,0
DT-0011213,WO-004702,2026-07-15,Afternoon,M06,Material,Material shortage,11.96,0
DT-0011214,WO-004702,2026-07-15,Afternoon,M06,Breakdown,Mechanical fault,26.02,0
DT-0011215,WO-004703,2026-07-16,Morning,M01,Process,Parameter adjustment,44.0,0
DT-0011216,WO-004704,2026-07-16,Afternoon,M01,Microstop,Material jam,36.79,0
DT-0011217,WO-004704,2026-07-16,Afternoon,M01,Process,Parameter adjustment,9.33,0
DT-0011218,WO-004705,2026-07-16,Morning,M02,Process,Parameter adjustment,7.65,0
DT-0011219,WO-004705,2026-07-16,Morning,M02,Breakdown,Sensor fault,47.57,0
DT-0011220,WO-004706,2026-07-16,Afternoon,M02,Material,Material shortage,52.47,0
DT-0011221,WO-004706,2026-07-16,Afternoon,M02,Microstop,Vision retry,9.5,0
DT-0011222,WO-004706,2026-07-16,Afternoon,M02,Microstop,Material jam,1.4,0
DT-0011223,WO-004707,2026-07-16,Morning,M03,Material,Material shortage,48.21,0
DT-0011224,WO-004707,2026-07-16,Morning,M03,Planned,Calibration,0.98,1
DT-0011225,WO-004708,2026-07-16,Afternoon,M03,Planned,Calibration,20.12,1
DT-0011226,WO-004708,2026-07-16,Afternoon,M03,Changeover,Tooling change,20.75,0
DT-0011227,WO-004708,2026-07-16,Afternoon,M03,Process,Parameter adjustment,1.0,0
DT-0011228,WO-004709,2026-07-16,Morning,M04,Microstop,Vision retry,5.38,0
DT-0011229,WO-004709,2026-07-16,Morning,M04,Process,Weld parameter adjustment,24.72,0
DT-0011230,WO-004709,2026-07-16,Morning,M04,Changeover,Fixture setup,59.11,0
DT-0011231,WO-004709,2026-07-16,Morning,M04,Planned,Preventive maintenance,22.72,1
DT-0011232,WO-004709,2026-07-16,Morning,M04,Changeover,Fixture setup,1.0,0
DT-0011233,WO-004710,2026-07-16,Afternoon,M04,Breakdown,Wire feeder fault,107.52,0
DT-0011234,WO-004711,2026-07-16,Morning,M05,Material,Material shortage,29.96,0
DT-0011235,WO-004712,2026-07-16,Afternoon,M05,Microstop,Material jam,19.62,0
DT-0011236,WO-004712,2026-07-16,Afternoon,M05,Planned,Preventive maintenance,17.81,1
DT-0011237,WO-004712,2026-07-16,Afternoon,M05,Process,Parameter adjustment,5.51,0
DT-0011238,WO-004712,2026-07-16,Afternoon,M05,Changeover,Tooling change,1.0,0
DT-0011239,WO-004713,2026-07-16,Morning,M06,Microstop,Vision retry,10.27,0
DT-0011240,WO-004713,2026-07-16,Morning,M06,Material,Material shortage,4.74,0
DT-0011241,WO-004713,2026-07-16,Morning,M06,Changeover,Tooling change,1.58,0
DT-0011242,WO-004714,2026-07-16,Afternoon,M06,Microstop,Material jam,11.13,0
DT-0011243,WO-004714,2026-07-16,Afternoon,M06,Microstop,Vision retry,12.82,0
DT-0011244,WO-004715,2026-07-17,Morning,M01,Breakdown,Mechanical fault,2.86,0
DT-0011245,WO-004715,2026-07-17,Morning,M01,Microstop,Material jam,9.64,0
DT-0011246,WO-004715,2026-07-17,Morning,M01,Microstop,Vision retry,20.73,0
DT-0011247,WO-004715,2026-07-17,Morning,M01,Process,Parameter adjustment,17.11,0
DT-0011248,WO-004715,2026-07-17,Morning,M01,Changeover,Planned changeover,6.63,1
DT-0011249,WO-004716,2026-07-17,Afternoon,M01,Process,Parameter adjustment,15.34,0
DT-0011250,WO-004716,2026-07-17,Afternoon,M01,Changeover,Tooling change,19.69,0
DT-0011251,WO-004716,2026-07-17,Afternoon,M01,Microstop,Material jam,0.98,0
DT-0011252,WO-004717,2026-07-17,Afternoon,M02,Breakdown,Mechanical fault,73.03,0
DT-0011253,WO-004718,2026-07-17,Morning,M03,Changeover,Tooling change,20.86,0
DT-0011254,WO-004718,2026-07-17,Morning,M03,Microstop,Material jam,5.01,0
DT-0011255,WO-004718,2026-07-17,Morning,M03,Planned,Calibration,1.77,1
DT-0011256,WO-004718,2026-07-17,Morning,M03,Microstop,Material jam,13.77,0
DT-0011257,WO-004719,2026-07-17,Afternoon,M03,Breakdown,Mechanical fault,55.32,0
DT-0011258,WO-004720,2026-07-17,Morning,M04,Changeover,Fixture setup,123.28,0
DT-0011259,WO-004721,2026-07-17,Afternoon,M04,Changeover,Fixture setup,76.75,0
DT-0011260,WO-004721,2026-07-17,Afternoon,M04,Microstop,Torch cleaning,22.34,0
DT-0011261,WO-004722,2026-07-17,Morning,M05,Planned,Preventive maintenance,10.24,1
DT-0011262,WO-004722,2026-07-17,Morning,M05,Changeover,Planned changeover,23.48,1
DT-0011263,WO-004723,2026-07-17,Afternoon,M05,Breakdown,Sensor fault,21.83,0
DT-0011264,WO-004723,2026-07-17,Afternoon,M05,Microstop,Material jam,62.59,0
DT-0011265,WO-004724,2026-07-17,Morning,M06,Planned,Calibration,8.08,1
DT-0011266,WO-004724,2026-07-17,Morning,M06,Changeover,Planned changeover,10.75,1
DT-0011267,WO-004724,2026-07-17,Morning,M06,Process,Parameter adjustment,6.31,0
DT-0011268,WO-004725,2026-07-17,Afternoon,M06,Planned,Preventive maintenance,21.99,1
DT-0011269,WO-004725,2026-07-17,Afternoon,M06,Changeover,Tooling change,7.54,0
DT-0011270,WO-004726,2026-07-20,Morning,M01,Changeover,Tooling change,26.98,0
DT-0011271,WO-004726,2026-07-20,Morning,M01,Breakdown,Mechanical fault,10.37,0
DT-0011272,WO-004727,2026-07-20,Afternoon,M01,Microstop,Material jam,23.29,0
DT-0011273,WO-004727,2026-07-20,Afternoon,M01,Microstop,Vision retry,33.39,0
DT-0011274,WO-004728,2026-07-20,Morning,M02,Material,Material shortage,23.25,0
DT-0011275,WO-004728,2026-07-20,Morning,M02,Microstop,Vision retry,6.97,0
DT-0011276,WO-004728,2026-07-20,Morning,M02,Breakdown,Mechanical fault,3.09,0
DT-0011277,WO-004729,2026-07-20,Afternoon,M02,Material,Material shortage,23.6,0
DT-0011278,WO-004729,2026-07-20,Afternoon,M02,Process,Parameter adjustment,29.31,0
DT-0011279,WO-004730,2026-07-20,Morning,M03,Microstop,Vision retry,21.76,0
DT-0011280,WO-004730,2026-07-20,Morning,M03,Microstop,Material jam,5.98,0
DT-0011281,WO-004731,2026-07-20,Afternoon,M03,Changeover,Planned changeover,21.54,1
DT-0011282,WO-004731,2026-07-20,Afternoon,M03,Planned,Preventive maintenance,27.78,1
DT-0011283,WO-004732,2026-07-20,Morning,M04,Process,Weld parameter adjustment,133.6,0
DT-0011284,WO-004733,2026-07-20,Afternoon,M04,Breakdown,Wire feeder fault,66.79,0
DT-0011285,WO-004733,2026-07-20,Afternoon,M04,Microstop,Torch cleaning,17.6,0
DT-0011286,WO-004733,2026-07-20,Afternoon,M04,Breakdown,Sensor fault,36.39,0
DT-0011287,WO-004733,2026-07-20,Afternoon,M04,Breakdown,Robot recovery,8.62,0
DT-0011288,WO-004734,2026-07-20,Morning,M05,Breakdown,Sensor fault,46.64,0
DT-0011289,WO-004735,2026-07-20,Afternoon,M05,Changeover,Tooling change,53.46,0
DT-0011290,WO-004735,2026-07-20,Afternoon,M05,Breakdown,Mechanical fault,3.09,0
DT-0011291,WO-004736,2026-07-20,Morning,M06,Planned,Calibration,10.75,1
DT-0011292,WO-004736,2026-07-20,Morning,M06,Microstop,Vision retry,16.66,0
DT-0011293,WO-004736,2026-07-20,Morning,M06,Material,Material shortage,2.33,0
DT-0011294,WO-004736,2026-07-20,Morning,M06,Breakdown,Sensor fault,7.71,0
DT-0011295,WO-004737,2026-07-20,Afternoon,M06,Microstop,Material jam,20.24,0
DT-0011296,WO-004737,2026-07-20,Afternoon,M06,Microstop,Vision retry,1.39,0
DT-0011297,WO-004737,2026-07-20,Afternoon,M06,Process,Parameter adjustment,0.97,0
DT-0011298,WO-004738,2026-07-21,Morning,M01,Changeover,Tooling change,49.5,0
DT-0011299,WO-004739,2026-07-21,Afternoon,M01,Breakdown,Mechanical fault,58.68,0
DT-0011300,WO-004740,2026-07-21,Morning,M02,Process,Parameter adjustment,64.72,0
DT-0011301,WO-004741,2026-07-21,Afternoon,M02,Breakdown,Sensor fault,2.31,0
DT-0011302,WO-004741,2026-07-21,Afternoon,M02,Material,Material shortage,42.5,0
DT-0011303,WO-004742,2026-07-21,Morning,M03,Breakdown,Sensor fault,36.96,0
DT-0011304,WO-004743,2026-07-21,Afternoon,M03,Changeover,Planned changeover,9.79,1
DT-0011305,WO-004743,2026-07-21,Afternoon,M03,Breakdown,Mechanical fault,14.66,0
DT-0011306,WO-004743,2026-07-21,Afternoon,M03,Microstop,Vision retry,2.2,0
DT-0011307,WO-004744,2026-07-21,Morning,M04,Changeover,Fixture setup,1.64,0
DT-0011308,WO-004744,2026-07-21,Morning,M04,Planned,Calibration,100.53,1
DT-0011309,WO-004745,2026-07-21,Afternoon,M04,Breakdown,Robot recovery,115.04,0
DT-0011310,WO-004746,2026-07-21,Morning,M05,Changeover,Planned changeover,10.72,1
DT-0011311,WO-004746,2026-07-21,Morning,M05,Microstop,Vision retry,2.3,0
DT-0011312,WO-004746,2026-07-21,Morning,M05,Changeover,Tooling change,32.29,0
DT-0011313,WO-004747,2026-07-21,Afternoon,M05,Breakdown,Mechanical fault,55.28,0
DT-0011314,WO-004748,2026-07-21,Morning,M06,Breakdown,Sensor fault,17.87,0
DT-0011315,WO-004748,2026-07-21,Morning,M06,Breakdown,Sensor fault,8.16,0
DT-0011316,WO-004749,2026-07-21,Afternoon,M06,Microstop,Vision retry,3.56,0
DT-0011317,WO-004749,2026-07-21,Afternoon,M06,Breakdown,Mechanical fault,27.15,0
DT-0011318,WO-004749,2026-07-21,Afternoon,M06,Planned,Calibration,2.31,1
DT-0011319,WO-004750,2026-07-22,Morning,M01,Breakdown,Mechanical fault,45.63,0
DT-0011320,WO-004751,2026-07-22,Afternoon,M01,Breakdown,Mechanical fault,8.21,0
DT-0011321,WO-004751,2026-07-22,Afternoon,M01,Process,Parameter adjustment,48.49,0
DT-0011322,WO-004751,2026-07-22,Afternoon,M01,Breakdown,Sensor fault,1.0,0
DT-0011323,WO-004752,2026-07-22,Morning,M02,Material,Material shortage,17.95,0
DT-0011324,WO-004752,2026-07-22,Morning,M02,Microstop,Vision retry,13.05,0
DT-0011325,WO-004752,2026-07-22,Morning,M02,Breakdown,Mechanical fault,14.82,0
DT-0011326,WO-004752,2026-07-22,Morning,M02,Breakdown,Mechanical fault,8.23,0
DT-0011327,WO-004753,2026-07-22,Afternoon,M02,Breakdown,Sensor fault,8.14,0
DT-0011328,WO-004753,2026-07-22,Afternoon,M02,Planned,Preventive maintenance,19.58,1
DT-0011329,WO-004753,2026-07-22,Afternoon,M02,Material,Material shortage,9.04,0
DT-0011330,WO-004753,2026-07-22,Afternoon,M02,Process,Parameter adjustment,26.87,0
DT-0011331,WO-004754,2026-07-22,Morning,M03,Microstop,Material jam,14.97,0
DT-0011332,WO-004754,2026-07-22,Morning,M03,Changeover,Tooling change,27.01,0
DT-0011333,WO-004755,2026-07-22,Afternoon,M03,Process,Parameter adjustment,35.85,0
DT-0011334,WO-004755,2026-07-22,Afternoon,M03,Material,Material shortage,27.82,0
DT-0011335,WO-004756,2026-07-22,Morning,M04,Changeover,Fixture setup,10.84,0
DT-0011336,WO-004756,2026-07-22,Morning,M04,Changeover,Fixture setup,111.84,0
DT-0011337,WO-004757,2026-07-22,Afternoon,M04,Changeover,Fixture setup,113.16,0
DT-0011338,WO-004758,2026-07-22,Morning,M05,Microstop,Vision retry,60.75,0
DT-0011339,WO-004759,2026-07-22,Afternoon,M05,Breakdown,Mechanical fault,41.57,0
DT-0011340,WO-004760,2026-07-22,Morning,M06,Process,Parameter adjustment,12.9,0
DT-0011341,WO-004761,2026-07-22,Afternoon,M06,Breakdown,Sensor fault,15.23,0
DT-0011342,WO-004761,2026-07-22,Afternoon,M06,Material,Material shortage,10.75,0
DT-0011343,WO-004761,2026-07-22,Afternoon,M06,Process,Parameter adjustment,11.89,0
DT-0011344,WO-004762,2026-07-23,Morning,M01,Breakdown,Mechanical fault,19.05,0
DT-0011345,WO-004762,2026-07-23,Morning,M01,Breakdown,Mechanical fault,37.07,0
DT-0011346,WO-004763,2026-07-23,Afternoon,M01,Microstop,Vision retry,41.7,0
DT-0011347,WO-004763,2026-07-23,Afternoon,M01,Process,Parameter adjustment,15.17,0
DT-0011348,WO-004764,2026-07-23,Morning,M02,Planned,Preventive maintenance,22.08,1
DT-0011349,WO-004764,2026-07-23,Morning,M02,Planned,Preventive maintenance,22.31,1
DT-0011350,WO-004765,2026-07-23,Afternoon,M02,Breakdown,Sensor fault,58.3,0
DT-0011351,WO-004765,2026-07-23,Afternoon,M02,Material,Material shortage,24.69,0
DT-0011352,WO-004766,2026-07-23,Morning,M03,Microstop,Vision retry,1.47,0
DT-0011353,WO-004766,2026-07-23,Morning,M03,Microstop,Material jam,13.95,0
DT-0011354,WO-004766,2026-07-23,Morning,M03,Changeover,Planned changeover,3.62,1
DT-0011355,WO-004766,2026-07-23,Morning,M03,Material,Material shortage,8.27,0
DT-0011356,WO-004767,2026-07-23,Afternoon,M03,Microstop,Vision retry,44.48,0
DT-0011357,WO-004768,2026-07-23,Morning,M04,Changeover,Fixture setup,103.88,0
DT-0011358,WO-004769,2026-07-23,Afternoon,M04,Changeover,Fixture setup,141.21,0
DT-0011359,WO-004770,2026-07-23,Morning,M05,Material,Material shortage,17.46,0
DT-0011360,WO-004770,2026-07-23,Morning,M05,Microstop,Material jam,16.09,0
DT-0011361,WO-004770,2026-07-23,Morning,M05,Breakdown,Mechanical fault,23.91,0
DT-0011362,WO-004771,2026-07-23,Afternoon,M05,Microstop,Material jam,59.24,0
DT-0011363,WO-004772,2026-07-23,Morning,M06,Breakdown,Sensor fault,0.99,0
DT-0011364,WO-004772,2026-07-23,Morning,M06,Microstop,Vision retry,37.68,0
DT-0011365,WO-004773,2026-07-23,Afternoon,M06,Material,Material shortage,31.07,0
DT-0011366,WO-004773,2026-07-23,Afternoon,M06,Microstop,Vision retry,3.49,0
DT-0011367,WO-004773,2026-07-23,Afternoon,M06,Microstop,Vision retry,8.84,0
DT-0011368,WO-004774,2026-07-24,Morning,M01,Process,Parameter adjustment,42.92,0
DT-0011369,WO-004775,2026-07-24,Afternoon,M01,Changeover,Tooling change,33.03,0
DT-0011370,WO-004775,2026-07-24,Afternoon,M01,Changeover,Tooling change,8.57,0
DT-0011371,WO-004775,2026-07-24,Afternoon,M01,Process,Parameter adjustment,13.15,0
DT-0011372,WO-004776,2026-07-24,Morning,M02,Material,Material shortage,10.19,0
DT-0011373,WO-004776,2026-07-24,Morning,M02,Process,Parameter adjustment,2.22,0
DT-0011374,WO-004776,2026-07-24,Morning,M02,Material,Material shortage,26.62,0
DT-0011375,WO-004776,2026-07-24,Morning,M02,Breakdown,Sensor fault,19.28,0
DT-0011376,WO-004776,2026-07-24,Morning,M02,Microstop,Material jam,2.97,0
DT-0011377,WO-004777,2026-07-24,Afternoon,M02,Changeover,Tooling change,39.97,0
DT-0011378,WO-004778,2026-07-24,Morning,M03,Changeover,Planned changeover,31.51,1
DT-0011379,WO-004778,2026-07-24,Morning,M03,Process,Parameter adjustment,2.49,0
DT-0011380,WO-004778,2026-07-24,Morning,M03,Changeover,Tooling change,16.48,0
DT-0011381,WO-004779,2026-07-24,Afternoon,M03,Planned,Calibration,31.28,1
DT-0011382,WO-004780,2026-07-24,Morning,M04,Changeover,Fixture setup,81.35,0
DT-0011383,WO-004780,2026-07-24,Morning,M04,Planned,Calibration,34.03,1
DT-0011384,WO-004781,2026-07-24,Afternoon,M04,Breakdown,Robot recovery,121.9,0
DT-0011385,WO-004782,2026-07-24,Morning,M05,Planned,Preventive maintenance,2.07,1
DT-0011386,WO-004782,2026-07-24,Morning,M05,Planned,Calibration,18.06,1
DT-0011387,WO-004782,2026-07-24,Morning,M05,Microstop,Vision retry,1.5,0
DT-0011388,WO-004782,2026-07-24,Morning,M05,Changeover,Tooling change,33.26,0
DT-0011389,WO-004782,2026-07-24,Morning,M05,Planned,Preventive maintenance,0.99,1
DT-0011390,WO-004783,2026-07-24,Afternoon,M05,Process,Parameter adjustment,64.34,0
DT-0011391,WO-004784,2026-07-24,Morning,M06,Breakdown,Sensor fault,19.85,0
DT-0011392,WO-004784,2026-07-24,Morning,M06,Breakdown,Mechanical fault,2.13,0
DT-0011393,WO-004785,2026-07-24,Afternoon,M06,Breakdown,Sensor fault,39.43,0
DT-0011394,WO-004785,2026-07-24,Afternoon,M06,Material,Material shortage,0.99,0
DT-0011395,WO-004786,2026-07-27,Morning,M01,Planned,Calibration,22.77,1
DT-0011396,WO-004786,2026-07-27,Morning,M01,Changeover,Tooling change,11.99,0
DT-0011397,WO-004787,2026-07-27,Afternoon,M01,Material,Material shortage,31.22,0
DT-0011398,WO-004787,2026-07-27,Afternoon,M01,Breakdown,Sensor fault,21.67,0
DT-0011399,WO-004788,2026-07-27,Morning,M02,Breakdown,Sensor fault,5.68,0
DT-0011400,WO-004788,2026-07-27,Morning,M02,Planned,Calibration,3.73,1
DT-0011401,WO-004788,2026-07-27,Morning,M02,Changeover,Tooling change,0.96,0
DT-0011402,WO-004788,2026-07-27,Morning,M02,Microstop,Vision retry,3.82,0
DT-0011403,WO-004788,2026-07-27,Morning,M02,Changeover,Tooling change,8.15,0
DT-0011404,WO-004789,2026-07-27,Afternoon,M02,Microstop,Vision retry,39.68,0
DT-0011405,WO-004789,2026-07-27,Afternoon,M02,Microstop,Vision retry,5.54,0
DT-0011406,WO-004789,2026-07-27,Afternoon,M02,Breakdown,Sensor fault,6.88,0
DT-0011407,WO-004790,2026-07-27,Morning,M03,Planned,Preventive maintenance,9.72,1
DT-0011408,WO-004790,2026-07-27,Morning,M03,Planned,Preventive maintenance,10.84,1
DT-0011409,WO-004790,2026-07-27,Morning,M03,Changeover,Planned changeover,18.56,1
DT-0011410,WO-004791,2026-07-27,Afternoon,M03,Microstop,Material jam,8.25,0
DT-0011411,WO-004791,2026-07-27,Afternoon,M03,Process,Parameter adjustment,8.32,0
DT-0011412,WO-004791,2026-07-27,Afternoon,M03,Process,Parameter adjustment,13.49,0
DT-0011413,WO-004792,2026-07-27,Morning,M04,Changeover,Tooling change,79.45,0
DT-0011414,WO-004792,2026-07-27,Morning,M04,Changeover,Fixture setup,30.84,0
DT-0011415,WO-004793,2026-07-27,Afternoon,M04,Changeover,Fixture setup,64.31,0
DT-0011416,WO-004793,2026-07-27,Afternoon,M04,Changeover,Tooling change,80.22,0
DT-0011417,WO-004794,2026-07-27,Morning,M05,Breakdown,Sensor fault,29.33,0
DT-0011418,WO-004794,2026-07-27,Morning,M05,Material,Material shortage,6.17,0
DT-0011419,WO-004795,2026-07-27,Afternoon,M05,Material,Material shortage,3.24,0
DT-0011420,WO-004795,2026-07-27,Afternoon,M05,Material,Material shortage,0.99,0
DT-0011421,WO-004795,2026-07-27,Afternoon,M05,Breakdown,Sensor fault,2.66,0
DT-0011422,WO-004795,2026-07-27,Afternoon,M05,Process,Parameter adjustment,15.51,0
DT-0011423,WO-004796,2026-07-27,Morning,M06,Microstop,Material jam,7.97,0
DT-0011424,WO-004796,2026-07-27,Morning,M06,Material,Material shortage,11.24,0
DT-0011425,WO-004796,2026-07-27,Morning,M06,Microstop,Material jam,7.55,0
DT-0011426,WO-004796,2026-07-27,Morning,M06,Microstop,Vision retry,7.64,0
DT-0011427,WO-004797,2026-07-27,Afternoon,M06,Microstop,Material jam,27.65,0
DT-0011428,WO-004797,2026-07-27,Afternoon,M06,Changeover,Tooling change,4.86,0
DT-0011429,WO-004798,2026-07-28,Morning,M01,Material,Material shortage,37.2,0
DT-0011430,WO-004798,2026-07-28,Morning,M01,Material,Material shortage,0.99,0
DT-0011431,WO-004799,2026-07-28,Afternoon,M01,Breakdown,Sensor fault,48.42,0
DT-0011432,WO-004800,2026-07-28,Morning,M02,Microstop,Vision retry,40.18,0
DT-0011433,WO-004800,2026-07-28,Morning,M02,Material,Material shortage,7.87,0
DT-0011434,WO-004800,2026-07-28,Morning,M02,Microstop,Vision retry,3.09,0
DT-0011435,WO-004801,2026-07-28,Afternoon,M02,Changeover,Tooling change,38.47,0
DT-0011436,WO-004801,2026-07-28,Afternoon,M02,Microstop,Material jam,43.48,0
DT-0011437,WO-004802,2026-07-28,Morning,M03,Changeover,Planned changeover,27.95,1
DT-0011438,WO-004803,2026-07-28,Afternoon,M03,Planned,Preventive maintenance,48.61,1
DT-0011439,WO-004804,2026-07-28,Morning,M04,Microstop,Torch cleaning,56.87,0
DT-0011440,WO-004804,2026-07-28,Morning,M04,Process,Weld parameter adjustment,41.94,0
DT-0011441,WO-004805,2026-07-28,Afternoon,M04,Changeover,Fixture setup,16.6,0
DT-0011442,WO-004805,2026-07-28,Afternoon,M04,Planned,Calibration,78.61,1
DT-0011443,WO-004806,2026-07-28,Morning,M05,Breakdown,Sensor fault,21.74,0
DT-0011444,WO-004806,2026-07-28,Morning,M05,Breakdown,Sensor fault,7.82,0
DT-0011445,WO-004807,2026-07-28,Afternoon,M05,Process,Parameter adjustment,9.04,0
DT-0011446,WO-004807,2026-07-28,Afternoon,M05,Changeover,Tooling change,18.74,0
DT-0011447,WO-004807,2026-07-28,Afternoon,M05,Microstop,Material jam,38.81,0
DT-0011448,WO-004808,2026-07-28,Morning,M06,Breakdown,Sensor fault,20.44,0
DT-0011449,WO-004809,2026-07-28,Afternoon,M06,Material,Material shortage,53.75,0
DT-0011450,WO-004810,2026-07-29,Morning,M01,Breakdown,Sensor fault,46.36,0
DT-0011451,WO-004810,2026-07-29,Morning,M01,Breakdown,Mechanical fault,13.6,0
DT-0011452,WO-004811,2026-07-29,Afternoon,M01,Changeover,Tooling change,52.12,0
DT-0011453,WO-004812,2026-07-29,Afternoon,M02,Process,Parameter adjustment,49.07,0
DT-0011454,WO-004813,2026-07-29,Morning,M03,Breakdown,Sensor fault,28.7,0
DT-0011455,WO-004813,2026-07-29,Morning,M03,Microstop,Material jam,0.97,0
DT-0011456,WO-004813,2026-07-29,Morning,M03,Breakdown,Sensor fault,2.13,0
DT-0011457,WO-004814,2026-07-29,Afternoon,M03,Microstop,Material jam,39.19,0
DT-0011458,WO-004814,2026-07-29,Afternoon,M03,Material,Material shortage,6.58,0
DT-0011459,WO-004815,2026-07-29,Morning,M04,Changeover,Fixture setup,2.61,0
DT-0011460,WO-004815,2026-07-29,Morning,M04,Changeover,Fixture setup,20.33,0
DT-0011461,WO-004815,2026-07-29,Morning,M04,Process,Weld parameter adjustment,80.67,0
DT-0011462,WO-004816,2026-07-29,Afternoon,M04,Changeover,Fixture setup,108.73,0
DT-0011463,WO-004817,2026-07-29,Morning,M05,Changeover,Tooling change,14.57,0
DT-0011464,WO-004817,2026-07-29,Morning,M05,Material,Material shortage,23.89,0
DT-0011465,WO-004818,2026-07-29,Morning,M06,Breakdown,Sensor fault,2.39,0
DT-0011466,WO-004818,2026-07-29,Morning,M06,Microstop,Material jam,0.94,0
DT-0011467,WO-004818,2026-07-29,Morning,M06,Planned,Preventive maintenance,8.12,1
DT-0011468,WO-004818,2026-07-29,Morning,M06,Microstop,Vision retry,0.94,0
DT-0011469,WO-004818,2026-07-29,Morning,M06,Planned,Calibration,3.17,1
DT-0011470,WO-004819,2026-07-29,Afternoon,M06,Breakdown,Mechanical fault,28.69,0
DT-0011471,WO-004819,2026-07-29,Afternoon,M06,Changeover,Tooling change,10.58,0
DT-0011472,WO-004820,2026-07-30,Morning,M01,Changeover,Tooling change,17.21,0
DT-0011473,WO-004820,2026-07-30,Morning,M01,Planned,Preventive maintenance,0.98,1
DT-0011474,WO-004820,2026-07-30,Morning,M01,Breakdown,Mechanical fault,2.49,0
DT-0011475,WO-004820,2026-07-30,Morning,M01,Changeover,Tooling change,2.34,0
DT-0011476,WO-004820,2026-07-30,Morning,M01,Changeover,Tooling change,16.78,0
DT-0011477,WO-004821,2026-07-30,Afternoon,M01,Breakdown,Sensor fault,5.38,0
DT-0011478,WO-004821,2026-07-30,Afternoon,M01,Microstop,Material jam,51.03,0
DT-0011479,WO-004822,2026-07-30,Morning,M02,Breakdown,Sensor fault,16.51,0
DT-0011480,WO-004822,2026-07-30,Morning,M02,Process,Parameter adjustment,28.01,0
DT-0011481,WO-004822,2026-07-30,Morning,M02,Microstop,Material jam,10.58,0
DT-0011482,WO-004823,2026-07-30,Morning,M03,Breakdown,Sensor fault,3.66,0
DT-0011483,WO-004823,2026-07-30,Morning,M03,Breakdown,Sensor fault,19.09,0
DT-0011484,WO-004824,2026-07-30,Afternoon,M03,Material,Material shortage,33.76,0
DT-0011485,WO-004825,2026-07-30,Morning,M04,Changeover,Fixture setup,13.34,0
DT-0011486,WO-004825,2026-07-30,Morning,M04,Microstop,Vision retry,98.46,0
DT-0011487,WO-004826,2026-07-30,Afternoon,M04,Changeover,Fixture setup,110.54,0
DT-0011488,WO-004827,2026-07-30,Morning,M05,Breakdown,Mechanical fault,16.26,0
DT-0011489,WO-004827,2026-07-30,Morning,M05,Breakdown,Mechanical fault,25.26,0
DT-0011490,WO-004828,2026-07-30,Afternoon,M05,Microstop,Vision retry,39.79,0
DT-0011491,WO-004828,2026-07-30,Afternoon,M05,Process,Parameter adjustment,11.47,0
DT-0011492,WO-004828,2026-07-30,Afternoon,M05,Material,Material shortage,1.74,0
DT-0011493,WO-004828,2026-07-30,Afternoon,M05,Process,Parameter adjustment,9.72,0
DT-0011494,WO-004829,2026-07-30,Morning,M06,Material,Material shortage,9.57,0
DT-0011495,WO-004829,2026-07-30,Morning,M06,Breakdown,Sensor fault,15.61,0
DT-0011496,WO-004830,2026-07-30,Afternoon,M06,Changeover,Planned changeover,25.69,1
DT-0011497,WO-004830,2026-07-30,Afternoon,M06,Process,Parameter adjustment,8.0,0
DT-0011498,WO-004831,2026-07-31,Morning,M01,Microstop,Vision retry,30.15,0
DT-0011499,WO-004831,2026-07-31,Morning,M01,Changeover,Tooling change,13.68,0
DT-0011500,WO-004832,2026-07-31,Afternoon,M01,Planned,Calibration,8.37,1
DT-0011501,WO-004832,2026-07-31,Afternoon,M01,Microstop,Vision retry,27.94,0
DT-0011502,WO-004832,2026-07-31,Afternoon,M01,Breakdown,Sensor fault,2.6,0
DT-0011503,WO-004832,2026-07-31,Afternoon,M01,Microstop,Vision retry,2.6,0
DT-0011504,WO-004833,2026-07-31,Morning,M02,Planned,Calibration,32.38,1
DT-0011505,WO-004833,2026-07-31,Morning,M02,Breakdown,Sensor fault,32.02,0
DT-0011506,WO-004834,2026-07-31,Afternoon,M02,Microstop,Vision retry,17.44,0
DT-0011507,WO-004834,2026-07-31,Afternoon,M02,Material,Material shortage,41.77,0
DT-0011508,WO-004835,2026-07-31,Morning,M03,Changeover,Tooling change,7.18,0
DT-0011509,WO-004835,2026-07-31,Morning,M03,Changeover,Tooling change,26.36,0
DT-0011510,WO-004836,2026-07-31,Afternoon,M03,Planned,Preventive maintenance,49.52,1
DT-0011511,WO-004837,2026-07-31,Morning,M04,Changeover,Planned changeover,0.99,1
DT-0011512,WO-004837,2026-07-31,Morning,M04,Microstop,Torch cleaning,15.22,0
DT-0011513,WO-004837,2026-07-31,Morning,M04,Changeover,Fixture setup,79.73,0
DT-0011514,WO-004838,2026-07-31,Afternoon,M04,Breakdown,Robot recovery,116.78,0
DT-0011515,WO-004839,2026-07-31,Morning,M05,Changeover,Tooling change,58.66,0
DT-0011516,WO-004840,2026-07-31,Afternoon,M05,Planned,Preventive maintenance,40.5,1
DT-0011517,WO-004840,2026-07-31,Afternoon,M05,Breakdown,Mechanical fault,17.19,0
DT-0011518,WO-004841,2026-07-31,Morning,M06,Material,Material shortage,7.95,0
DT-0011519,WO-004841,2026-07-31,Morning,M06,Material,Material shortage,6.66,0
DT-0011520,WO-004842,2026-07-31,Afternoon,M06,Microstop,Material jam,59.84,0
DT-0011521,WO-004843,2026-08-03,Morning,M01,Microstop,Vision retry,38.69,0
DT-0011522,WO-004843,2026-08-03,Morning,M01,Process,Parameter adjustment,19.95,0
DT-0011523,WO-004844,2026-08-03,Afternoon,M01,Microstop,Vision retry,29.91,0
DT-0011524,WO-004844,2026-08-03,Afternoon,M01,Breakdown,Sensor fault,20.26,0
DT-0011525,WO-004845,2026-08-03,Morning,M02,Breakdown,Sensor fault,69.02,0
DT-0011526,WO-004846,2026-08-03,Afternoon,M02,Changeover,Tooling change,53.32,0
DT-0011527,WO-004847,2026-08-03,Morning,M03,Breakdown,Mechanical fault,2.57,0
DT-0011528,WO-004847,2026-08-03,Morning,M03,Planned,Calibration,37.11,1
DT-0011529,WO-004848,2026-08-03,Afternoon,M03,Changeover,Tooling change,12.87,0
DT-0011530,WO-004848,2026-08-03,Afternoon,M03,Microstop,Material jam,15.74,0
DT-0011531,WO-004848,2026-08-03,Afternoon,M03,Microstop,Vision retry,27.87,0
DT-0011532,WO-004849,2026-08-03,Morning,M04,Changeover,Fixture setup,54.29,0
DT-0011533,WO-004849,2026-08-03,Morning,M04,Changeover,Fixture setup,5.95,0
DT-0011534,WO-004849,2026-08-03,Morning,M04,Process,Parameter adjustment,16.55,0
DT-0011535,WO-004849,2026-08-03,Morning,M04,Microstop,Material jam,29.97,0
DT-0011536,WO-004850,2026-08-03,Afternoon,M04,Changeover,Fixture setup,7.47,0
DT-0011537,WO-004850,2026-08-03,Afternoon,M04,Breakdown,Wire feeder fault,119.71,0
DT-0011538,WO-004851,2026-08-03,Morning,M05,Process,Parameter adjustment,63.84,0
DT-0011539,WO-004852,2026-08-03,Afternoon,M05,Breakdown,Mechanical fault,1.22,0
DT-0011540,WO-004852,2026-08-03,Afternoon,M05,Material,Material shortage,2.32,0
DT-0011541,WO-004852,2026-08-03,Afternoon,M05,Material,Material shortage,27.93,0
DT-0011542,WO-004852,2026-08-03,Afternoon,M05,Process,Parameter adjustment,15.3,0
DT-0011543,WO-004853,2026-08-03,Afternoon,M06,Microstop,Vision retry,9.22,0
DT-0011544,WO-004853,2026-08-03,Afternoon,M06,Breakdown,Mechanical fault,2.7,0
DT-0011545,WO-004853,2026-08-03,Afternoon,M06,Microstop,Vision retry,3.42,0
DT-0011546,WO-004853,2026-08-03,Afternoon,M06,Breakdown,Mechanical fault,22.47,0
DT-0011547,WO-004854,2026-08-04,Morning,M01,Process,Parameter adjustment,12.31,0
DT-0011548,WO-004854,2026-08-04,Morning,M01,Breakdown,Mechanical fault,10.18,0
DT-0011549,WO-004854,2026-08-04,Morning,M01,Microstop,Vision retry,18.47,0
DT-0011550,WO-004855,2026-08-04,Afternoon,M01,Changeover,Tooling change,32.82,0
DT-0011551,WO-004855,2026-08-04,Afternoon,M01,Microstop,Material jam,27.04,0
DT-0011552,WO-004856,2026-08-04,Morning,M02,Breakdown,Mechanical fault,55.99,0
DT-0011553,WO-004856,2026-08-04,Morning,M02,Microstop,Material jam,2.73,0
DT-0011554,WO-004857,2026-08-04,Morning,M03,Planned,Calibration,15.1,1
DT-0011555,WO-004857,2026-08-04,Morning,M03,Breakdown,Sensor fault,23.44,0
DT-0011556,WO-004858,2026-08-04,Afternoon,M03,Material,Material shortage,33.53,0
DT-0011557,WO-004858,2026-08-04,Afternoon,M03,Microstop,Vision retry,17.11,0
DT-0011558,WO-004859,2026-08-04,Morning,M04,Breakdown,Wire feeder fault,30.69,0
DT-0011559,WO-004859,2026-08-04,Morning,M04,Changeover,Fixture setup,34.18,0
DT-0011560,WO-004859,2026-08-04,Morning,M04,Process,Weld parameter adjustment,39.23,0
DT-0011561,WO-004860,2026-08-04,Afternoon,M04,Breakdown,Wire feeder fault,136.58,0
DT-0011562,WO-004861,2026-08-04,Afternoon,M05,Breakdown,Sensor fault,10.19,0
DT-0011563,WO-004861,2026-08-04,Afternoon,M05,Changeover,Tooling change,1.86,0
DT-0011564,WO-004861,2026-08-04,Afternoon,M05,Microstop,Material jam,19.05,0
DT-0011565,WO-004861,2026-08-04,Afternoon,M05,Breakdown,Mechanical fault,15.74,0
DT-0011566,WO-004861,2026-08-04,Afternoon,M05,Material,Material shortage,0.98,0
DT-0011567,WO-004862,2026-08-04,Morning,M06,Changeover,Tooling change,1.41,0
DT-0011568,WO-004862,2026-08-04,Morning,M06,Changeover,Tooling change,8.2,0
DT-0011569,WO-004862,2026-08-04,Morning,M06,Changeover,Tooling change,5.19,0
DT-0011570,WO-004862,2026-08-04,Morning,M06,Planned,Preventive maintenance,18.18,1
DT-0011571,WO-004862,2026-08-04,Morning,M06,Material,Material shortage,1.92,0
DT-0011572,WO-004863,2026-08-04,Afternoon,M06,Planned,Preventive maintenance,11.66,1
DT-0011573,WO-004863,2026-08-04,Afternoon,M06,Microstop,Material jam,1.0,0
DT-0011574,WO-004863,2026-08-04,Afternoon,M06,Microstop,Material jam,29.32,0
DT-0011575,WO-004864,2026-08-05,Morning,M01,Microstop,Vision retry,21.09,0
DT-0011576,WO-004864,2026-08-05,Morning,M01,Microstop,Material jam,2.53,0
DT-0011577,WO-004864,2026-08-05,Morning,M01,Planned,Calibration,5.43,1
DT-0011578,WO-004864,2026-08-05,Morning,M01,Microstop,Material jam,3.47,0
DT-0011579,WO-004865,2026-08-05,Afternoon,M01,Breakdown,Mechanical fault,40.61,0
DT-0011580,WO-004865,2026-08-05,Afternoon,M01,Changeover,Planned changeover,0.99,1
DT-0011581,WO-004865,2026-08-05,Afternoon,M01,Material,Material shortage,15.29,0
DT-0011582,WO-004866,2026-08-05,Morning,M02,Changeover,Planned changeover,19.85,1
DT-0011583,WO-004866,2026-08-05,Morning,M02,Planned,Calibration,5.72,1
DT-0011584,WO-004866,2026-08-05,Morning,M02,Breakdown,Sensor fault,12.85,0
DT-0011585,WO-004867,2026-08-05,Afternoon,M02,Changeover,Tooling change,9.94,0
DT-0011586,WO-004867,2026-08-05,Afternoon,M02,Microstop,Vision retry,26.66,0
DT-0011587,WO-004867,2026-08-05,Afternoon,M02,Microstop,Vision retry,24.48,0
DT-0011588,WO-004867,2026-08-05,Afternoon,M02,Changeover,Planned changeover,5.38,1
DT-0011589,WO-004868,2026-08-05,Morning,M03,Microstop,Material jam,8.54,0
DT-0011590,WO-004868,2026-08-05,Morning,M03,Material,Material shortage,26.4,0
DT-0011591,WO-004869,2026-08-05,Afternoon,M03,Changeover,Tooling change,40.36,0
DT-0011592,WO-004869,2026-08-05,Afternoon,M03,Breakdown,Mechanical fault,7.42,0
DT-0011593,WO-004870,2026-08-05,Morning,M04,Microstop,Torch cleaning,126.73,0
DT-0011594,WO-004871,2026-08-05,Afternoon,M04,Breakdown,Robot recovery,78.1,0
DT-0011595,WO-004871,2026-08-05,Afternoon,M04,Breakdown,Wire feeder fault,41.51,0
DT-0011596,WO-004872,2026-08-05,Morning,M05,Microstop,Vision retry,24.06,0
DT-0011597,WO-004872,2026-08-05,Morning,M05,Changeover,Tooling change,41.35,0
DT-0011598,WO-004873,2026-08-05,Afternoon,M05,Microstop,Vision retry,4.65,0
DT-0011599,WO-004873,2026-08-05,Afternoon,M05,Material,Material shortage,18.09,0
DT-0011600,WO-004873,2026-08-05,Afternoon,M05,Changeover,Tooling change,30.15,0
DT-0011601,WO-004874,2026-08-05,Morning,M06,Changeover,Tooling change,10.65,0
DT-0011602,WO-004874,2026-08-05,Morning,M06,Planned,Preventive maintenance,2.25,1
DT-0011603,WO-004875,2026-08-05,Afternoon,M06,Breakdown,Sensor fault,1.39,0
DT-0011604,WO-004875,2026-08-05,Afternoon,M06,Breakdown,Sensor fault,14.15,0
DT-0011605,WO-004876,2026-08-06,Morning,M01,Breakdown,Sensor fault,48.33,0
DT-0011606,WO-004877,2026-08-06,Afternoon,M01,Material,Material shortage,10.1,0
DT-0011607,WO-004877,2026-08-06,Afternoon,M01,Microstop,Material jam,26.75,0
DT-0011608,WO-004877,2026-08-06,Afternoon,M01,Breakdown,Sensor fault,5.45,0
DT-0011609,WO-004878,2026-08-06,Morning,M02,Breakdown,Sensor fault,49.42,0
DT-0011610,WO-004878,2026-08-06,Morning,M02,Microstop,Vision retry,8.59,0
DT-0011611,WO-004879,2026-08-06,Afternoon,M02,Planned,Calibration,36.33,1
DT-0011612,WO-004879,2026-08-06,Afternoon,M02,Breakdown,Sensor fault,36.93,0
DT-0011613,WO-004880,2026-08-06,Morning,M03,Process,Parameter adjustment,23.63,0
DT-0011614,WO-004880,2026-08-06,Morning,M03,Changeover,Planned changeover,1.22,1
DT-0011615,WO-004880,2026-08-06,Morning,M03,Breakdown,Mechanical fault,1.01,0
DT-0011616,WO-004880,2026-08-06,Morning,M03,Breakdown,Sensor fault,6.96,0
DT-0011617,WO-004881,2026-08-06,Afternoon,M03,Changeover,Planned changeover,3.98,1
DT-0011618,WO-004881,2026-08-06,Afternoon,M03,Changeover,Tooling change,45.7,0
DT-0011619,WO-004882,2026-08-06,Morning,M04,Planned,Preventive maintenance,105.59,1
DT-0011620,WO-004883,2026-08-06,Afternoon,M04,Planned,Calibration,80.14,1
DT-0011621,WO-004883,2026-08-06,Afternoon,M04,Breakdown,Robot recovery,29.32,0
DT-0011622,WO-004884,2026-08-06,Morning,M05,Breakdown,Mechanical fault,9.2,0
DT-0011623,WO-004884,2026-08-06,Morning,M05,Changeover,Tooling change,29.05,0
DT-0011624,WO-004884,2026-08-06,Morning,M05,Breakdown,Mechanical fault,10.03,0
DT-0011625,WO-004885,2026-08-06,Afternoon,M05,Process,Parameter adjustment,4.64,0
DT-0011626,WO-004885,2026-08-06,Afternoon,M05,Material,Material shortage,48.41,0
DT-0011627,WO-004886,2026-08-06,Morning,M06,Microstop,Material jam,42.42,0
DT-0011628,WO-004887,2026-08-06,Afternoon,M06,Breakdown,Sensor fault,18.08,0
DT-0011629,WO-004888,2026-08-07,Morning,M01,Microstop,Vision retry,4.35,0
DT-0011630,WO-004888,2026-08-07,Morning,M01,Changeover,Planned changeover,0.98,1
DT-0011631,WO-004888,2026-08-07,Morning,M01,Microstop,Material jam,7.57,0
DT-0011632,WO-004889,2026-08-07,Afternoon,M01,Material,Material shortage,0.99,0
DT-0011633,WO-004889,2026-08-07,Afternoon,M01,Changeover,Tooling change,29.39,0
DT-0011634,WO-004889,2026-08-07,Afternoon,M01,Microstop,Material jam,16.54,0
DT-0011635,WO-004889,2026-08-07,Afternoon,M01,Microstop,Material jam,1.76,0
DT-0011636,WO-004889,2026-08-07,Afternoon,M01,Breakdown,Mechanical fault,1.79,0
DT-0011637,WO-004890,2026-08-07,Morning,M02,Material,Material shortage,18.86,0
DT-0011638,WO-004890,2026-08-07,Morning,M02,Breakdown,Mechanical fault,1.15,0
DT-0011639,WO-004890,2026-08-07,Morning,M02,Changeover,Tooling change,21.77,0
DT-0011640,WO-004891,2026-08-07,Afternoon,M02,Planned,Calibration,53.97,1
DT-0011641,WO-004892,2026-08-07,Morning,M03,Microstop,Material jam,10.45,0
DT-0011642,WO-004892,2026-08-07,Morning,M03,Changeover,Planned changeover,11.43,1
DT-0011643,WO-004893,2026-08-07,Afternoon,M03,Microstop,Material jam,2.36,0
DT-0011644,WO-004893,2026-08-07,Afternoon,M03,Microstop,Vision retry,8.26,0
DT-0011645,WO-004893,2026-08-07,Afternoon,M03,Breakdown,Mechanical fault,34.86,0
DT-0011646,WO-004894,2026-08-07,Morning,M04,Changeover,Fixture setup,16.08,0
DT-0011647,WO-004894,2026-08-07,Morning,M04,Breakdown,Wire feeder fault,68.92,0
DT-0011648,WO-004894,2026-08-07,Morning,M04,Process,Parameter adjustment,26.0,0
DT-0011649,WO-004895,2026-08-07,Afternoon,M04,Planned,Preventive maintenance,124.41,1
DT-0011650,WO-004895,2026-08-07,Afternoon,M04,Microstop,Material jam,10.73,0
DT-0011651,WO-004896,2026-08-07,Morning,M05,Breakdown,Mechanical fault,16.12,0
DT-0011652,WO-004896,2026-08-07,Morning,M05,Microstop,Material jam,5.77,0
DT-0011653,WO-004896,2026-08-07,Morning,M05,Breakdown,Sensor fault,21.7,0
DT-0011654,WO-004897,2026-08-07,Afternoon,M05,Planned,Preventive maintenance,54.31,1
DT-0011655,WO-004897,2026-08-07,Afternoon,M05,Changeover,Tooling change,2.49,0
DT-0011656,WO-004897,2026-08-07,Afternoon,M05,Planned,Preventive maintenance,1.0,1
DT-0011657,WO-004897,2026-08-07,Afternoon,M05,Changeover,Tooling change,6.58,0
DT-0011658,WO-004898,2026-08-07,Morning,M06,Material,Material shortage,36.82,0
DT-0011659,WO-004898,2026-08-07,Morning,M06,Process,Parameter adjustment,1.0,0
DT-0011660,WO-004899,2026-08-10,Morning,M01,Material,Material shortage,35.33,0
DT-0011661,WO-004899,2026-08-10,Morning,M01,Material,Material shortage,12.79,0
DT-0011662,WO-004900,2026-08-10,Afternoon,M01,Changeover,Tooling change,42.43,0
DT-0011663,WO-004900,2026-08-10,Afternoon,M01,Changeover,Tooling change,5.87,0
DT-0011664,WO-004901,2026-08-10,Morning,M02,Microstop,Vision retry,51.08,0
DT-0011665,WO-004902,2026-08-10,Afternoon,M02,Breakdown,Sensor fault,53.03,0
DT-0011666,WO-004903,2026-08-10,Morning,M03,Planned,Calibration,0.94,1
DT-0011667,WO-004903,2026-08-10,Morning,M03,Changeover,Tooling change,8.78,0
DT-0011668,WO-004903,2026-08-10,Morning,M03,Planned,Preventive maintenance,3.18,1
DT-0011669,WO-004904,2026-08-10,Afternoon,M03,Microstop,Vision retry,11.42,0
DT-0011670,WO-004904,2026-08-10,Afternoon,M03,Process,Parameter adjustment,44.32,0
DT-0011671,WO-004905,2026-08-10,Morning,M04,Changeover,Fixture setup,107.03,0
DT-0011672,WO-004906,2026-08-10,Afternoon,M04,Changeover,Fixture setup,71.35,0
DT-0011673,WO-004906,2026-08-10,Afternoon,M04,Breakdown,Robot recovery,11.88,0
DT-0011674,WO-004906,2026-08-10,Afternoon,M04,Changeover,Planned changeover,32.62,1
DT-0011675,WO-004907,2026-08-10,Morning,M05,Process,Parameter adjustment,3.71,0
DT-0011676,WO-004907,2026-08-10,Morning,M05,Microstop,Material jam,15.1,0
DT-0011677,WO-004907,2026-08-10,Morning,M05,Process,Parameter adjustment,5.48,0
DT-0011678,WO-004907,2026-08-10,Morning,M05,Planned,Calibration,13.11,1
DT-0011679,WO-004907,2026-08-10,Morning,M05,Process,Parameter adjustment,11.37,0
DT-0011680,WO-004908,2026-08-10,Afternoon,M05,Breakdown,Sensor fault,1.19,0
DT-0011681,WO-004908,2026-08-10,Afternoon,M05,Process,Parameter adjustment,30.24,0
DT-0011682,WO-004908,2026-08-10,Afternoon,M05,Changeover,Tooling change,21.99,0
DT-0011683,WO-004909,2026-08-10,Morning,M06,Process,Parameter adjustment,22.21,0
DT-0011684,WO-004910,2026-08-10,Afternoon,M06,Process,Parameter adjustment,38.37,0
DT-0011685,WO-004911,2026-08-11,Morning,M01,Breakdown,Mechanical fault,19.48,0
DT-0011686,WO-004911,2026-08-11,Morning,M01,Breakdown,Sensor fault,2.58,0
DT-0011687,WO-004911,2026-08-11,Morning,M01,Microstop,Vision retry,38.71,0
DT-0011688,WO-004912,2026-08-11,Afternoon,M01,Changeover,Planned changeover,16.16,1
DT-0011689,WO-004912,2026-08-11,Afternoon,M01,Planned,Preventive maintenance,14.62,1
DT-0011690,WO-004913,2026-08-11,Morning,M02,Changeover,Tooling change,1.95,0
DT-0011691,WO-004913,2026-08-11,Morning,M02,Microstop,Vision retry,52.7,0
DT-0011692,WO-004914,2026-08-11,Afternoon,M02,Microstop,Vision retry,32.82,0
DT-0011693,WO-004914,2026-08-11,Afternoon,M02,Breakdown,Sensor fault,10.33,0
DT-0011694,WO-004915,2026-08-11,Morning,M03,Breakdown,Sensor fault,33.18,0
DT-0011695,WO-004915,2026-08-11,Morning,M03,Changeover,Tooling change,11.95,0
DT-0011696,WO-004915,2026-08-11,Morning,M03,Breakdown,Mechanical fault,5.9,0
DT-0011697,WO-004916,2026-08-11,Afternoon,M03,Microstop,Vision retry,55.43,0
DT-0011698,WO-004917,2026-08-11,Morning,M04,Breakdown,Mechanical fault,10.11,0
DT-0011699,WO-004917,2026-08-11,Morning,M04,Changeover,Fixture setup,118.99,0
DT-0011700,WO-004918,2026-08-11,Afternoon,M04,Planned,Preventive maintenance,14.14,1
DT-0011701,WO-004918,2026-08-11,Afternoon,M04,Microstop,Torch cleaning,82.0,0
DT-0011702,WO-004918,2026-08-11,Afternoon,M04,Changeover,Fixture setup,18.13,0
DT-0011703,WO-004919,2026-08-11,Morning,M05,Material,Material shortage,16.75,0
DT-0011704,WO-004919,2026-08-11,Morning,M05,Material,Material shortage,5.64,0
DT-0011705,WO-004919,2026-08-11,Morning,M05,Breakdown,Mechanical fault,15.33,0
DT-0011706,WO-004919,2026-08-11,Morning,M05,Material,Material shortage,2.06,0
DT-0011707,WO-004920,2026-08-11,Afternoon,M05,Microstop,Vision retry,21.61,0
DT-0011708,WO-004920,2026-08-11,Afternoon,M05,Microstop,Vision retry,40.37,0
DT-0011709,WO-004921,2026-08-11,Morning,M06,Changeover,Planned changeover,48.64,1
DT-0011710,WO-004922,2026-08-11,Afternoon,M06,Breakdown,Sensor fault,35.79,0
DT-0011711,WO-004922,2026-08-11,Afternoon,M06,Breakdown,Sensor fault,5.55,0
DT-0011712,WO-004923,2026-08-12,Morning,M01,Breakdown,Mechanical fault,26.07,0
DT-0011713,WO-004923,2026-08-12,Morning,M01,Microstop,Vision retry,12.78,0
DT-0011714,WO-004924,2026-08-12,Afternoon,M01,Process,Parameter adjustment,10.26,0
DT-0011715,WO-004924,2026-08-12,Afternoon,M01,Material,Material shortage,41.11,0
DT-0011716,WO-004925,2026-08-12,Morning,M02,Material,Material shortage,1.04,0
DT-0011717,WO-004925,2026-08-12,Morning,M02,Breakdown,Mechanical fault,49.25,0
DT-0011718,WO-004925,2026-08-12,Morning,M02,Changeover,Tooling change,14.88,0
DT-0011719,WO-004926,2026-08-12,Afternoon,M02,Breakdown,Sensor fault,56.2,0
DT-0011720,WO-004927,2026-08-12,Morning,M03,Material,Material shortage,1.9,0
DT-0011721,WO-004927,2026-08-12,Morning,M03,Process,Parameter adjustment,17.8,0
DT-0011722,WO-004927,2026-08-12,Morning,M03,Microstop,Material jam,29.96,0
DT-0011723,WO-004928,2026-08-12,Afternoon,M03,Breakdown,Sensor fault,36.98,0
DT-0011724,WO-004928,2026-08-12,Afternoon,M03,Breakdown,Sensor fault,3.58,0
DT-0011725,WO-004928,2026-08-12,Afternoon,M03,Breakdown,Sensor fault,14.41,0
DT-0011726,WO-004929,2026-08-12,Morning,M04,Microstop,Torch cleaning,130.25,0
DT-0011727,WO-004929,2026-08-12,Morning,M04,Changeover,Fixture setup,4.12,0
DT-0011728,WO-004930,2026-08-12,Afternoon,M04,Breakdown,Robot recovery,131.91,0
DT-0011729,WO-004931,2026-08-12,Morning,M05,Breakdown,Mechanical fault,2.93,0
DT-0011730,WO-004931,2026-08-12,Morning,M05,Changeover,Tooling change,13.63,0
DT-0011731,WO-004931,2026-08-12,Morning,M05,Breakdown,Mechanical fault,35.55,0
DT-0011732,WO-004932,2026-08-12,Afternoon,M05,Changeover,Planned changeover,34.46,1
DT-0011733,WO-004932,2026-08-12,Afternoon,M05,Breakdown,Mechanical fault,43.19,0
DT-0011734,WO-004933,2026-08-12,Morning,M06,Breakdown,Sensor fault,6.25,0
DT-0011735,WO-004933,2026-08-12,Morning,M06,Material,Material shortage,9.19,0
DT-0011736,WO-004933,2026-08-12,Morning,M06,Microstop,Vision retry,16.58,0
DT-0011737,WO-004934,2026-08-12,Afternoon,M06,Material,Material shortage,34.91,0
DT-0011738,WO-004935,2026-08-13,Morning,M01,Planned,Calibration,7.24,1
DT-0011739,WO-004935,2026-08-13,Morning,M01,Microstop,Vision retry,9.84,0
DT-0011740,WO-004935,2026-08-13,Morning,M01,Process,Parameter adjustment,6.39,0
DT-0011741,WO-004936,2026-08-13,Afternoon,M01,Process,Parameter adjustment,18.91,0
DT-0011742,WO-004936,2026-08-13,Afternoon,M01,Process,Parameter adjustment,1.06,0
DT-0011743,WO-004936,2026-08-13,Afternoon,M01,Process,Parameter adjustment,13.24,0
DT-0011744,WO-004937,2026-08-13,Morning,M02,Microstop,Vision retry,26.15,0
DT-0011745,WO-004937,2026-08-13,Morning,M02,Microstop,Vision retry,11.97,0
DT-0011746,WO-004938,2026-08-13,Afternoon,M02,Material,Material shortage,7.58,0
DT-0011747,WO-004938,2026-08-13,Afternoon,M02,Microstop,Vision retry,45.99,0
DT-0011748,WO-004938,2026-08-13,Afternoon,M02,Material,Material shortage,12.31,0
DT-0011749,WO-004939,2026-08-13,Morning,M03,Changeover,Planned changeover,18.95,1
DT-0011750,WO-004939,2026-08-13,Morning,M03,Breakdown,Mechanical fault,4.52,0
DT-0011751,WO-004939,2026-08-13,Morning,M03,Microstop,Material jam,11.43,0
DT-0011752,WO-004940,2026-08-13,Afternoon,M03,Microstop,Material jam,34.04,0
DT-0011753,WO-004940,2026-08-13,Afternoon,M03,Breakdown,Sensor fault,6.18,0
DT-0011754,WO-004941,2026-08-13,Afternoon,M04,Changeover,Fixture setup,13.23,0
DT-0011755,WO-004941,2026-08-13,Afternoon,M04,Process,Weld parameter adjustment,89.7,0
DT-0011756,WO-004942,2026-08-13,Morning,M05,Planned,Calibration,27.36,1
DT-0011757,WO-004942,2026-08-13,Morning,M05,Planned,Preventive maintenance,26.18,1
DT-0011758,WO-004942,2026-08-13,Morning,M05,Microstop,Vision retry,8.23,0
DT-0011759,WO-004943,2026-08-13,Afternoon,M05,Breakdown,Sensor fault,44.17,0
DT-0011760,WO-004943,2026-08-13,Afternoon,M05,Microstop,Vision retry,0.99,0
DT-0011761,WO-004944,2026-08-13,Afternoon,M06,Planned,Calibration,30.7,1
DT-0011762,WO-004945,2026-08-14,Morning,M01,Breakdown,Sensor fault,0.99,0
DT-0011763,WO-004945,2026-08-14,Morning,M01,Process,Parameter adjustment,21.1,0
DT-0011764,WO-004945,2026-08-14,Morning,M01,Process,Parameter adjustment,39.25,0
DT-0011765,WO-004946,2026-08-14,Afternoon,M01,Planned,Preventive maintenance,0.99,1
DT-0011766,WO-004946,2026-08-14,Afternoon,M01,Breakdown,Mechanical fault,20.03,0
DT-0011767,WO-004946,2026-08-14,Afternoon,M01,Changeover,Tooling change,28.59,0
DT-0011768,WO-004946,2026-08-14,Afternoon,M01,Microstop,Material jam,2.92,0
DT-0011769,WO-004947,2026-08-14,Morning,M02,Changeover,Tooling change,31.65,0
DT-0011770,WO-004947,2026-08-14,Morning,M02,Microstop,Vision retry,1.25,0
DT-0011771,WO-004948,2026-08-14,Afternoon,M02,Material,Material shortage,3.56,0
DT-0011772,WO-004948,2026-08-14,Afternoon,M02,Process,Parameter adjustment,47.04,0
DT-0011773,WO-004949,2026-08-14,Morning,M03,Changeover,Planned changeover,6.2,1
DT-0011774,WO-004949,2026-08-14,Morning,M03,Material,Material shortage,43.26,0
DT-0011775,WO-004950,2026-08-14,Afternoon,M03,Breakdown,Sensor fault,55.24,0
DT-0011776,WO-004951,2026-08-14,Morning,M04,Changeover,Fixture setup,22.49,0
DT-0011777,WO-004951,2026-08-14,Morning,M04,Breakdown,Robot recovery,60.17,0
DT-0011778,WO-004951,2026-08-14,Morning,M04,Changeover,Fixture setup,30.82,0
DT-0011779,WO-004952,2026-08-14,Afternoon,M04,Changeover,Fixture setup,56.15,0
DT-0011780,WO-004952,2026-08-14,Afternoon,M04,Breakdown,Robot recovery,67.35,0
DT-0011781,WO-004953,2026-08-14,Afternoon,M05,Breakdown,Mechanical fault,53.32,0
DT-0011782,WO-004954,2026-08-14,Morning,M06,Microstop,Vision retry,2.74,0
DT-0011783,WO-004954,2026-08-14,Morning,M06,Changeover,Tooling change,10.16,0
DT-0011784,WO-004955,2026-08-14,Afternoon,M06,Process,Parameter adjustment,26.76,0
DT-0011785,WO-004955,2026-08-14,Afternoon,M06,Changeover,Planned changeover,9.14,1
DT-0011786,WO-004956,2026-08-17,Morning,M01,Microstop,Vision retry,13.88,0
DT-0011787,WO-004956,2026-08-17,Morning,M01,Breakdown,Mechanical fault,17.12,0
DT-0011788,WO-004956,2026-08-17,Morning,M01,Material,Material shortage,15.39,0
DT-0011789,WO-004957,2026-08-17,Afternoon,M01,Changeover,Tooling change,8.77,0
DT-0011790,WO-004957,2026-08-17,Afternoon,M01,Planned,Preventive maintenance,12.59,1
DT-0011791,WO-004957,2026-08-17,Afternoon,M01,Microstop,Material jam,23.45,0
DT-0011792,WO-004958,2026-08-17,Morning,M02,Microstop,Vision retry,4.69,0
DT-0011793,WO-004958,2026-08-17,Morning,M02,Breakdown,Mechanical fault,49.04,0
DT-0011794,WO-004959,2026-08-17,Afternoon,M02,Microstop,Material jam,46.16,0
DT-0011795,WO-004959,2026-08-17,Afternoon,M02,Planned,Preventive maintenance,5.5,1
DT-0011796,WO-004960,2026-08-17,Morning,M03,Material,Material shortage,16.55,0
DT-0011797,WO-004960,2026-08-17,Morning,M03,Planned,Calibration,15.55,1
DT-0011798,WO-004961,2026-08-17,Afternoon,M03,Breakdown,Mechanical fault,0.99,0
DT-0011799,WO-004961,2026-08-17,Afternoon,M03,Material,Material shortage,15.74,0
DT-0011800,WO-004962,2026-08-17,Morning,M04,Changeover,Fixture setup,63.78,0
DT-0011801,WO-004962,2026-08-17,Morning,M04,Planned,Calibration,51.95,1
DT-0011802,WO-004963,2026-08-17,Afternoon,M04,Planned,Calibration,12.75,1
DT-0011803,WO-004963,2026-08-17,Afternoon,M04,Changeover,Fixture setup,115.16,0
DT-0011804,WO-004964,2026-08-17,Morning,M05,Changeover,Tooling change,33.15,0
DT-0011805,WO-004964,2026-08-17,Morning,M05,Breakdown,Mechanical fault,2.87,0
DT-0011806,WO-004964,2026-08-17,Morning,M05,Breakdown,Mechanical fault,27.67,0
DT-0011807,WO-004964,2026-08-17,Morning,M05,Breakdown,Sensor fault,10.27,0
DT-0011808,WO-004965,2026-08-17,Afternoon,M05,Microstop,Material jam,41.18,0
DT-0011809,WO-004965,2026-08-17,Afternoon,M05,Process,Parameter adjustment,30.25,0
DT-0011810,WO-004966,2026-08-17,Morning,M06,Process,Parameter adjustment,31.63,0
DT-0011811,WO-004967,2026-08-17,Afternoon,M06,Changeover,Tooling change,48.61,0
DT-0011812,WO-004968,2026-08-18,Morning,M01,Material,Material shortage,43.85,0
DT-0011813,WO-004969,2026-08-18,Afternoon,M01,Breakdown,Sensor fault,7.05,0
DT-0011814,WO-004969,2026-08-18,Afternoon,M01,Changeover,Tooling change,15.86,0
DT-0011815,WO-004969,2026-08-18,Afternoon,M01,Changeover,Tooling change,22.1,0
DT-0011816,WO-004969,2026-08-18,Afternoon,M01,Process,Parameter adjustment,22.12,0
DT-0011817,WO-004969,2026-08-18,Afternoon,M01,Changeover,Planned changeover,14.06,1
DT-0011818,WO-004970,2026-08-18,Morning,M02,Microstop,Material jam,63.94,0
DT-0011819,WO-004971,2026-08-18,Afternoon,M02,Changeover,Tooling change,1.33,0
DT-0011820,WO-004971,2026-08-18,Afternoon,M02,Changeover,Tooling change,33.39,0
DT-0011821,WO-004971,2026-08-18,Afternoon,M02,Changeover,Tooling change,2.66,0
DT-0011822,WO-004971,2026-08-18,Afternoon,M02,Process,Parameter adjustment,5.21,0
DT-0011823,WO-004971,2026-08-18,Afternoon,M02,Planned,Preventive maintenance,10.12,1
DT-0011824,WO-004972,2026-08-18,Morning,M03,Changeover,Tooling change,30.59,0
DT-0011825,WO-004973,2026-08-18,Afternoon,M03,Microstop,Vision retry,64.45,0
DT-0011826,WO-004974,2026-08-18,Morning,M04,Material,Material shortage,55.1,0
DT-0011827,WO-004974,2026-08-18,Morning,M04,Changeover,Fixture setup,5.84,0
DT-0011828,WO-004974,2026-08-18,Morning,M04,Breakdown,Robot recovery,39.72,0
DT-0011829,WO-004975,2026-08-18,Afternoon,M04,Planned,Preventive maintenance,5.87,1
DT-0011830,WO-004975,2026-08-18,Afternoon,M04,Changeover,Tooling change,32.04,0
DT-0011831,WO-004975,2026-08-18,Afternoon,M04,Breakdown,Wire feeder fault,61.56,0
DT-0011832,WO-004976,2026-08-18,Morning,M05,Planned,Preventive maintenance,13.41,1
DT-0011833,WO-004976,2026-08-18,Morning,M05,Microstop,Vision retry,5.19,0
DT-0011834,WO-004976,2026-08-18,Morning,M05,Material,Material shortage,20.94,0
DT-0011835,WO-004977,2026-08-18,Afternoon,M05,Breakdown,Sensor fault,36.6,0
DT-0011836,WO-004977,2026-08-18,Afternoon,M05,Breakdown,Mechanical fault,18.94,0
DT-0011837,WO-004978,2026-08-18,Morning,M06,Process,Parameter adjustment,23.28,0
DT-0011838,WO-004978,2026-08-18,Morning,M06,Breakdown,Mechanical fault,3.91,0
DT-0011839,WO-004978,2026-08-18,Morning,M06,Planned,Calibration,0.99,1
DT-0011840,WO-004979,2026-08-18,Afternoon,M06,Breakdown,Mechanical fault,28.57,0
DT-0011841,WO-004979,2026-08-18,Afternoon,M06,Microstop,Vision retry,5.67,0
DT-0011842,WO-004980,2026-08-19,Morning,M01,Breakdown,Mechanical fault,12.41,0
DT-0011843,WO-004980,2026-08-19,Morning,M01,Breakdown,Sensor fault,13.41,0
DT-0011844,WO-004980,2026-08-19,Morning,M01,Changeover,Tooling change,3.64,0
DT-0011845,WO-004980,2026-08-19,Morning,M01,Breakdown,Sensor fault,9.32,0
DT-0011846,WO-004980,2026-08-19,Morning,M01,Microstop,Vision retry,23.48,0
DT-0011847,WO-004981,2026-08-19,Afternoon,M01,Planned,Preventive maintenance,37.72,1
DT-0011848,WO-004981,2026-08-19,Afternoon,M01,Process,Parameter adjustment,7.47,0
DT-0011849,WO-004981,2026-08-19,Afternoon,M01,Changeover,Planned changeover,8.89,1
DT-0011850,WO-004982,2026-08-19,Morning,M02,Changeover,Tooling change,6.04,0
DT-0011851,WO-004982,2026-08-19,Morning,M02,Breakdown,Mechanical fault,31.06,0
DT-0011852,WO-004982,2026-08-19,Morning,M02,Breakdown,Mechanical fault,9.5,0
DT-0011853,WO-004982,2026-08-19,Morning,M02,Changeover,Planned changeover,9.58,1
DT-0011854,WO-004983,2026-08-19,Afternoon,M02,Planned,Calibration,18.89,1
DT-0011855,WO-004983,2026-08-19,Afternoon,M02,Breakdown,Sensor fault,3.18,0
DT-0011856,WO-004983,2026-08-19,Afternoon,M02,Breakdown,Mechanical fault,34.34,0
DT-0011857,WO-004983,2026-08-19,Afternoon,M02,Microstop,Vision retry,2.45,0
DT-0011858,WO-004984,2026-08-19,Morning,M03,Changeover,Tooling change,2.3,0
DT-0011859,WO-004984,2026-08-19,Morning,M03,Process,Parameter adjustment,2.03,0
DT-0011860,WO-004984,2026-08-19,Morning,M03,Microstop,Material jam,5.69,0
DT-0011861,WO-004984,2026-08-19,Morning,M03,Process,Parameter adjustment,12.51,0
DT-0011862,WO-004984,2026-08-19,Morning,M03,Breakdown,Sensor fault,10.61,0
DT-0011863,WO-004985,2026-08-19,Afternoon,M03,Microstop,Material jam,48.89,0
DT-0011864,WO-004986,2026-08-19,Morning,M04,Breakdown,Wire feeder fault,128.42,0
DT-0011865,WO-004987,2026-08-19,Afternoon,M04,Changeover,Fixture setup,46.02,0
DT-0011866,WO-004987,2026-08-19,Afternoon,M04,Breakdown,Robot recovery,73.7,0
DT-0011867,WO-004988,2026-08-19,Morning,M05,Breakdown,Sensor fault,60.58,0
DT-0011868,WO-004989,2026-08-19,Afternoon,M05,Changeover,Tooling change,47.16,0
DT-0011869,WO-004990,2026-08-19,Morning,M06,Breakdown,Mechanical fault,10.36,0
DT-0011870,WO-004990,2026-08-19,Morning,M06,Breakdown,Sensor fault,5.55,0
DT-0011871,WO-004990,2026-08-19,Morning,M06,Planned,Preventive maintenance,5.75,1
DT-0011872,WO-004991,2026-08-19,Afternoon,M06,Microstop,Material jam,16.32,0
DT-0011873,WO-004991,2026-08-19,Afternoon,M06,Microstop,Material jam,24.87,0
DT-0011874,WO-004992,2026-08-20,Morning,M01,Microstop,Material jam,24.05,0
DT-0011875,WO-004992,2026-08-20,Morning,M01,Planned,Preventive maintenance,12.1,1
DT-0011876,WO-004992,2026-08-20,Morning,M01,Changeover,Tooling change,13.26,0
DT-0011877,WO-004992,2026-08-20,Morning,M01,Planned,Calibration,4.27,1
DT-0011878,WO-004993,2026-08-20,Afternoon,M01,Material,Material shortage,3.65,0
DT-0011879,WO-004993,2026-08-20,Afternoon,M01,Changeover,Tooling change,45.39,0
DT-0011880,WO-004994,2026-08-20,Morning,M02,Process,Parameter adjustment,28.0,0
DT-0011881,WO-004994,2026-08-20,Morning,M02,Process,Parameter adjustment,30.02,0
DT-0011882,WO-004995,2026-08-20,Afternoon,M02,Process,Parameter adjustment,16.09,0
DT-0011883,WO-004995,2026-08-20,Afternoon,M02,Material,Material shortage,55.97,0
DT-0011884,WO-004996,2026-08-20,Morning,M03,Changeover,Tooling change,9.92,0
DT-0011885,WO-004996,2026-08-20,Morning,M03,Changeover,Planned changeover,19.51,1
DT-0011886,WO-004996,2026-08-20,Morning,M03,Process,Parameter adjustment,8.91,0
DT-0011887,WO-004997,2026-08-20,Afternoon,M03,Process,Parameter adjustment,40.67,0
DT-0011888,WO-004998,2026-08-20,Morning,M04,Changeover,Fixture setup,49.03,0
DT-0011889,WO-004998,2026-08-20,Morning,M04,Changeover,Fixture setup,40.97,0
DT-0011890,WO-004998,2026-08-20,Morning,M04,Microstop,Torch cleaning,20.32,0
DT-0011891,WO-004999,2026-08-20,Afternoon,M04,Changeover,Planned changeover,15.7,1
DT-0011892,WO-004999,2026-08-20,Afternoon,M04,Changeover,Fixture setup,42.17,0
DT-0011893,WO-004999,2026-08-20,Afternoon,M04,Microstop,Vision retry,42.16,0
DT-0011894,WO-004999,2026-08-20,Afternoon,M04,Changeover,Fixture setup,3.77,0
DT-0011895,WO-005000,2026-08-20,Morning,M05,Process,Parameter adjustment,41.21,0
DT-0011896,WO-005001,2026-08-20,Afternoon,M05,Changeover,Tooling change,1.27,0
DT-0011897,WO-005001,2026-08-20,Afternoon,M05,Microstop,Vision retry,57.05,0
DT-0011898,WO-005002,2026-08-20,Morning,M06,Breakdown,Mechanical fault,14.71,0
DT-0011899,WO-005003,2026-08-20,Afternoon,M06,Microstop,Material jam,34.72,0
DT-0011900,WO-005003,2026-08-20,Afternoon,M06,Material,Material shortage,0.98,0
DT-0011901,WO-005004,2026-08-21,Morning,M01,Breakdown,Mechanical fault,28.93,0
DT-0011902,WO-005004,2026-08-21,Morning,M01,Microstop,Material jam,12.16,0
DT-0011903,WO-005005,2026-08-21,Afternoon,M01,Microstop,Material jam,25.81,0
DT-0011904,WO-005005,2026-08-21,Afternoon,M01,Breakdown,Sensor fault,27.45,0
DT-0011905,WO-005005,2026-08-21,Afternoon,M01,Material,Material shortage,8.9,0
DT-0011906,WO-005006,2026-08-21,Morning,M02,Microstop,Vision retry,53.67,0
DT-0011907,WO-005007,2026-08-21,Afternoon,M02,Planned,Calibration,39.49,1
DT-0011908,WO-005007,2026-08-21,Afternoon,M02,Breakdown,Mechanical fault,0.98,0
DT-0011909,WO-005007,2026-08-21,Afternoon,M02,Material,Material shortage,6.23,0
DT-0011910,WO-005007,2026-08-21,Afternoon,M02,Material,Material shortage,7.44,0
DT-0011911,WO-005008,2026-08-21,Morning,M03,Process,Parameter adjustment,31.95,0
DT-0011912,WO-005008,2026-08-21,Morning,M03,Process,Parameter adjustment,20.38,0
DT-0011913,WO-005009,2026-08-21,Afternoon,M03,Microstop,Vision retry,16.21,0
DT-0011914,WO-005009,2026-08-21,Afternoon,M03,Changeover,Tooling change,1.72,0
DT-0011915,WO-005009,2026-08-21,Afternoon,M03,Planned,Calibration,24.11,1
DT-0011916,WO-005010,2026-08-21,Morning,M04,Breakdown,Sensor fault,114.7,0
DT-0011917,WO-005011,2026-08-21,Afternoon,M04,Changeover,Fixture setup,19.43,0
DT-0011918,WO-005011,2026-08-21,Afternoon,M04,Changeover,Fixture setup,90.18,0
DT-0011919,WO-005011,2026-08-21,Afternoon,M04,Breakdown,Wire feeder fault,5.3,0
DT-0011920,WO-005011,2026-08-21,Afternoon,M04,Changeover,Fixture setup,15.68,0
DT-0011921,WO-005012,2026-08-21,Morning,M05,Breakdown,Mechanical fault,2.35,0
DT-0011922,WO-005012,2026-08-21,Morning,M05,Breakdown,Sensor fault,17.6,0
DT-0011923,WO-005012,2026-08-21,Morning,M05,Changeover,Planned changeover,15.31,1
DT-0011924,WO-005013,2026-08-21,Afternoon,M05,Changeover,Tooling change,55.07,0
DT-0011925,WO-005014,2026-08-21,Afternoon,M06,Planned,Calibration,8.46,1
DT-0011926,WO-005014,2026-08-21,Afternoon,M06,Microstop,Vision retry,20.56,0
DT-0011927,WO-005014,2026-08-21,Afternoon,M06,Material,Material shortage,3.98,0
DT-0011928,WO-005015,2026-08-24,Morning,M01,Microstop,Material jam,6.0,0
DT-0011929,WO-005015,2026-08-24,Morning,M01,Breakdown,Mechanical fault,28.92,0
DT-0011930,WO-005015,2026-08-24,Morning,M01,Breakdown,Sensor fault,14.13,0
DT-0011931,WO-005015,2026-08-24,Morning,M01,Changeover,Tooling change,6.32,0
DT-0011932,WO-005015,2026-08-24,Morning,M01,Process,Parameter adjustment,0.99,0
DT-0011933,WO-005016,2026-08-24,Afternoon,M01,Process,Parameter adjustment,5.82,0
DT-0011934,WO-005016,2026-08-24,Afternoon,M01,Breakdown,Sensor fault,16.06,0
DT-0011935,WO-005016,2026-08-24,Afternoon,M01,Planned,Preventive maintenance,3.28,1
DT-0011936,WO-005016,2026-08-24,Afternoon,M01,Microstop,Vision retry,18.86,0
DT-0011937,WO-005017,2026-08-24,Morning,M02,Material,Material shortage,16.61,0
DT-0011938,WO-005017,2026-08-24,Morning,M02,Changeover,Planned changeover,4.19,1
DT-0011939,WO-005017,2026-08-24,Morning,M02,Process,Parameter adjustment,40.21,0
DT-0011940,WO-005018,2026-08-24,Afternoon,M02,Microstop,Vision retry,55.3,0
DT-0011941,WO-005018,2026-08-24,Afternoon,M02,Changeover,Planned changeover,4.45,1
DT-0011942,WO-005019,2026-08-24,Afternoon,M03,Breakdown,Sensor fault,52.3,0
DT-0011943,WO-005020,2026-08-24,Morning,M04,Microstop,Torch cleaning,57.87,0
DT-0011944,WO-005020,2026-08-24,Morning,M04,Process,Weld parameter adjustment,49.82,0
DT-0011945,WO-005021,2026-08-24,Morning,M05,Changeover,Tooling change,33.86,0
DT-0011946,WO-005022,2026-08-24,Afternoon,M05,Breakdown,Sensor fault,45.38,0
DT-0011947,WO-005022,2026-08-24,Afternoon,M05,Changeover,Tooling change,18.28,0
DT-0011948,WO-005022,2026-08-24,Afternoon,M05,Material,Material shortage,3.0,0
DT-0011949,WO-005023,2026-08-24,Afternoon,M06,Changeover,Tooling change,0.94,0
DT-0011950,WO-005023,2026-08-24,Afternoon,M06,Material,Material shortage,11.96,0
DT-0011951,WO-005024,2026-08-25,Morning,M01,Microstop,Vision retry,16.99,0
DT-0011952,WO-005024,2026-08-25,Morning,M01,Microstop,Vision retry,9.16,0
DT-0011953,WO-005024,2026-08-25,Morning,M01,Microstop,Material jam,13.35,0
DT-0011954,WO-005025,2026-08-25,Morning,M02,Microstop,Material jam,9.92,0
DT-0011955,WO-005025,2026-08-25,Morning,M02,Breakdown,Mechanical fault,1.0,0
DT-0011956,WO-005025,2026-08-25,Morning,M02,Breakdown,Sensor fault,20.75,0
DT-0011957,WO-005025,2026-08-25,Morning,M02,Breakdown,Mechanical fault,16.52,0
DT-0011958,WO-005026,2026-08-25,Afternoon,M02,Planned,Calibration,50.06,1
DT-0011959,WO-005026,2026-08-25,Afternoon,M02,Changeover,Planned changeover,9.07,1
DT-0011960,WO-005027,2026-08-25,Morning,M03,Changeover,Tooling change,39.22,0
DT-0011961,WO-005028,2026-08-25,Afternoon,M03,Microstop,Vision retry,33.53,0
DT-0011962,WO-005029,2026-08-25,Morning,M04,Microstop,Torch cleaning,105.14,0
DT-0011963,WO-005029,2026-08-25,Morning,M04,Material,Material shortage,19.03,0
DT-0011964,WO-005030,2026-08-25,Afternoon,M04,Process,Parameter adjustment,31.62,0
DT-0011965,WO-005030,2026-08-25,Afternoon,M04,Planned,Preventive maintenance,100.9,1
DT-0011966,WO-005031,2026-08-25,Morning,M05,Material,Material shortage,40.98,0
DT-0011967,WO-005032,2026-08-25,Afternoon,M05,Microstop,Material jam,38.55,0
DT-0011968,WO-005032,2026-08-25,Afternoon,M05,Microstop,Vision retry,13.61,0
DT-0011969,WO-005032,2026-08-25,Afternoon,M05,Changeover,Tooling change,6.59,0
DT-0011970,WO-005033,2026-08-25,Morning,M06,Microstop,Vision retry,45.58,0
DT-0011971,WO-005034,2026-08-25,Afternoon,M06,Breakdown,Sensor fault,4.75,0
DT-0011972,WO-005034,2026-08-25,Afternoon,M06,Breakdown,Mechanical fault,51.83,0
DT-0011973,WO-005035,2026-08-26,Morning,M01,Process,Parameter adjustment,18.83,0
DT-0011974,WO-005035,2026-08-26,Morning,M01,Microstop,Vision retry,26.73,0
DT-0011975,WO-005035,2026-08-26,Morning,M01,Changeover,Planned changeover,5.08,1
DT-0011976,WO-005036,2026-08-26,Afternoon,M01,Breakdown,Sensor fault,7.16,0
DT-0011977,WO-005036,2026-08-26,Afternoon,M01,Breakdown,Mechanical fault,29.02,0
DT-0011978,WO-005037,2026-08-26,Morning,M02,Microstop,Material jam,27.39,0
DT-0011979,WO-005037,2026-08-26,Morning,M02,Breakdown,Mechanical fault,21.87,0
DT-0011980,WO-005037,2026-08-26,Morning,M02,Microstop,Material jam,9.19,0
DT-0011981,WO-005038,2026-08-26,Afternoon,M02,Changeover,Tooling change,22.87,0
DT-0011982,WO-005038,2026-08-26,Afternoon,M02,Changeover,Tooling change,38.22,0
DT-0011983,WO-005039,2026-08-26,Morning,M03,Planned,Preventive maintenance,2.19,1
DT-0011984,WO-005039,2026-08-26,Morning,M03,Microstop,Vision retry,23.42,0
DT-0011985,WO-005039,2026-08-26,Morning,M03,Planned,Preventive maintenance,10.64,1
DT-0011986,WO-005039,2026-08-26,Morning,M03,Breakdown,Mechanical fault,8.29,0
DT-0011987,WO-005040,2026-08-26,Afternoon,M03,Breakdown,Mechanical fault,36.9,0
DT-0011988,WO-005041,2026-08-26,Morning,M04,Process,Weld parameter adjustment,119.47,0
DT-0011989,WO-005042,2026-08-26,Afternoon,M04,Changeover,Fixture setup,120.42,0
DT-0011990,WO-005043,2026-08-26,Morning,M05,Breakdown,Mechanical fault,34.85,0
DT-0011991,WO-005043,2026-08-26,Morning,M05,Microstop,Material jam,2.68,0
DT-0011992,WO-005043,2026-08-26,Morning,M05,Changeover,Planned changeover,10.25,1
DT-0011993,WO-005044,2026-08-26,Afternoon,M05,Microstop,Vision retry,11.9,0
DT-0011994,WO-005044,2026-08-26,Afternoon,M05,Breakdown,Mechanical fault,59.78,0
DT-0011995,WO-005045,2026-08-26,Morning,M06,Breakdown,Mechanical fault,19.33,0
DT-0011996,WO-005046,2026-08-26,Afternoon,M06,Material,Material shortage,3.87,0
DT-0011997,WO-005046,2026-08-26,Afternoon,M06,Process,Parameter adjustment,18.46,0
DT-0011998,WO-005047,2026-08-27,Morning,M01,Changeover,Tooling change,45.49,0
DT-0011999,WO-005048,2026-08-27,Afternoon,M01,Planned,Preventive maintenance,31.3,1
DT-0012000,WO-005048,2026-08-27,Afternoon,M01,Process,Parameter adjustment,17.25,0
DT-0012001,WO-005049,2026-08-27,Morning,M02,Changeover,Tooling change,9.91,0
DT-0012002,WO-005049,2026-08-27,Morning,M02,Microstop,Vision retry,5.55,0
DT-0012003,WO-005049,2026-08-27,Morning,M02,Process,Parameter adjustment,35.65,0
DT-0012004,WO-005050,2026-08-27,Afternoon,M02,Breakdown,Mechanical fault,22.09,0
DT-0012005,WO-005050,2026-08-27,Afternoon,M02,Breakdown,Sensor fault,31.98,0
DT-0012006,WO-005051,2026-08-27,Morning,M03,Changeover,Tooling change,22.21,0
DT-0012007,WO-005051,2026-08-27,Morning,M03,Planned,Preventive maintenance,1.51,1
DT-0012008,WO-005051,2026-08-27,Morning,M03,Planned,Preventive maintenance,4.57,1
DT-0012009,WO-005052,2026-08-27,Afternoon,M03,Breakdown,Mechanical fault,15.93,0
DT-0012010,WO-005052,2026-08-27,Afternoon,M03,Process,Parameter adjustment,0.98,0
DT-0012011,WO-005052,2026-08-27,Afternoon,M03,Changeover,Tooling change,20.32,0
DT-0012012,WO-005053,2026-08-27,Morning,M04,Changeover,Fixture setup,28.72,0
DT-0012013,WO-005053,2026-08-27,Morning,M04,Changeover,Fixture setup,68.62,0
DT-0012014,WO-005054,2026-08-27,Afternoon,M04,Changeover,Fixture setup,117.02,0
DT-0012015,WO-005055,2026-08-27,Morning,M05,Breakdown,Sensor fault,23.27,0
DT-0012016,WO-005055,2026-08-27,Morning,M05,Planned,Calibration,15.85,1
DT-0012017,WO-005056,2026-08-27,Afternoon,M05,Process,Parameter adjustment,22.5,0
DT-0012018,WO-005056,2026-08-27,Afternoon,M05,Material,Material shortage,37.93,0
DT-0012019,WO-005057,2026-08-27,Morning,M06,Microstop,Vision retry,11.79,0
DT-0012020,WO-005057,2026-08-27,Morning,M06,Process,Parameter adjustment,9.87,0
DT-0012021,WO-005058,2026-08-27,Afternoon,M06,Process,Parameter adjustment,29.85,0
DT-0012022,WO-005058,2026-08-27,Afternoon,M06,Changeover,Planned changeover,11.98,1
DT-0012023,WO-005059,2026-08-28,Morning,M01,Breakdown,Sensor fault,41.43,0
DT-0012024,WO-005060,2026-08-28,Afternoon,M01,Process,Parameter adjustment,11.91,0
DT-0012025,WO-005060,2026-08-28,Afternoon,M01,Microstop,Material jam,69.62,0
DT-0012026,WO-005061,2026-08-28,Morning,M02,Changeover,Tooling change,63.08,0
DT-0012027,WO-005062,2026-08-28,Afternoon,M02,Microstop,Vision retry,17.11,0
DT-0012028,WO-005062,2026-08-28,Afternoon,M02,Changeover,Tooling change,23.3,0
DT-0012029,WO-005062,2026-08-28,Afternoon,M02,Changeover,Tooling change,27.95,0
DT-0012030,WO-005063,2026-08-28,Morning,M03,Process,Parameter adjustment,37.88,0
DT-0012031,WO-005063,2026-08-28,Morning,M03,Changeover,Tooling change,4.36,0
DT-0012032,WO-005064,2026-08-28,Afternoon,M03,Changeover,Tooling change,24.01,0
DT-0012033,WO-005064,2026-08-28,Afternoon,M03,Breakdown,Sensor fault,26.92,0
DT-0012034,WO-005065,2026-08-28,Afternoon,M04,Microstop,Vision retry,83.08,0
DT-0012035,WO-005065,2026-08-28,Afternoon,M04,Planned,Preventive maintenance,3.43,1
DT-0012036,WO-005065,2026-08-28,Afternoon,M04,Process,Parameter adjustment,32.23,0
DT-0012037,WO-005066,2026-08-28,Morning,M05,Material,Material shortage,1.02,0
DT-0012038,WO-005066,2026-08-28,Morning,M05,Process,Parameter adjustment,17.72,0
DT-0012039,WO-005066,2026-08-28,Morning,M05,Breakdown,Mechanical fault,16.12,0
DT-0012040,WO-005066,2026-08-28,Morning,M05,Microstop,Material jam,4.71,0
DT-0012041,WO-005067,2026-08-28,Afternoon,M05,Breakdown,Sensor fault,12.06,0
DT-0012042,WO-005067,2026-08-28,Afternoon,M05,Microstop,Material jam,39.79,0
DT-0012043,WO-005067,2026-08-28,Afternoon,M05,Microstop,Vision retry,14.51,0
DT-0012044,WO-005068,2026-08-28,Morning,M06,Changeover,Tooling change,14.37,0
DT-0012045,WO-005069,2026-08-28,Afternoon,M06,Microstop,Material jam,33.5,0
DT-0012046,WO-005070,2026-08-31,Afternoon,M01,Changeover,Tooling change,60.92,0
DT-0012047,WO-005071,2026-08-31,Morning,M02,Breakdown,Mechanical fault,45.59,0
DT-0012048,WO-005072,2026-08-31,Afternoon,M02,Process,Parameter adjustment,23.77,0
DT-0012049,WO-005072,2026-08-31,Afternoon,M02,Microstop,Material jam,37.12,0
DT-0012050,WO-005072,2026-08-31,Afternoon,M02,Material,Material shortage,1.7,0
DT-0012051,WO-005073,2026-08-31,Morning,M03,Process,Parameter adjustment,8.83,0
DT-0012052,WO-005073,2026-08-31,Morning,M03,Microstop,Vision retry,4.69,0
DT-0012053,WO-005073,2026-08-31,Morning,M03,Changeover,Tooling change,6.19,0
DT-0012054,WO-005073,2026-08-31,Morning,M03,Planned,Calibration,3.58,1
DT-0012055,WO-005073,2026-08-31,Morning,M03,Material,Material shortage,2.78,0
DT-0012056,WO-005074,2026-08-31,Afternoon,M03,Process,Parameter adjustment,32.26,0
DT-0012057,WO-005074,2026-08-31,Afternoon,M03,Changeover,Tooling change,18.67,0
DT-0012058,WO-005075,2026-08-31,Morning,M04,Breakdown,Mechanical fault,56.2,0
DT-0012059,WO-005075,2026-08-31,Morning,M04,Changeover,Fixture setup,72.87,0
DT-0012060,WO-005076,2026-08-31,Afternoon,M04,Changeover,Fixture setup,108.6,0
DT-0012061,WO-005077,2026-08-31,Afternoon,M05,Microstop,Vision retry,29.54,0
DT-0012062,WO-005077,2026-08-31,Afternoon,M05,Breakdown,Mechanical fault,28.75,0
DT-0012063,WO-005078,2026-08-31,Afternoon,M06,Breakdown,Mechanical fault,17.89,0
DT-0012064,WO-005078,2026-08-31,Afternoon,M06,Material,Material shortage,8.77,0
