order_id,date,month,iso_week,shift,machine_id,product_id,planned_qty,total_qty,good_qty,scrap_qty,planned_minutes,run_minutes,ideal_cycle_time_s,actual_cycle_time_s,energy_kwh,labor_hours,material_cost_eur,energy_cost_eur,maintenance_cost_eur,production_cost_eur,revenue_eur
WO-000001,2025-01-01,2025-01,2025-W01,Morning,M01,P03,568,527,520,7,430.0,366.5,38.0,41.73,319.89,7.17,13702.0,46.38,62.62,19405.17,29120.0
WO-000002,2025-01-01,2025-01,2025-W01,Afternoon,M01,P02,299,273,267,6,430.0,379.81,74.0,83.48,352.91,7.17,16107.0,51.17,40.89,22519.73,33642.0
WO-000003,2025-01-01,2025-01,2025-W01,Morning,M02,P02,298,272,267,5,430.0,371.1,74.0,81.86,266.24,7.17,16048.0,38.6,76.86,22463.13,33642.0
WO-000004,2025-01-01,2025-01,2025-W01,Afternoon,M02,P05,402,367,356,11,430.0,359.39,52.0,58.76,240.87,7.17,17616.0,34.93,40.57,24518.17,36312.0
WO-000005,2025-01-01,2025-01,2025-W01,Morning,M03,P03,562,576,569,7,430.0,395.38,38.0,41.19,400.99,7.17,14976.0,58.14,46.15,21139.96,31864.0
WO-000006,2025-01-01,2025-01,2025-W01,Afternoon,M03,P05,436,391,381,10,430.0,370.09,52.0,56.79,387.81,7.17,18768.0,56.23,53.15,26112.05,38862.0
WO-000007,2025-01-01,2025-01,2025-W01,Morning,M04,P03,539,429,421,8,430.0,304.08,38.0,42.53,240.58,7.17,11154.0,34.88,129.23,15981.28,23576.0
WO-000008,2025-01-01,2025-01,2025-W01,Afternoon,M04,P03,570,405,393,12,430.0,297.84,38.0,44.12,227.58,7.17,10530.0,33.0,127.77,15125.94,22008.0
WO-000009,2025-01-01,2025-01,2025-W01,Afternoon,M05,P06,179,146,140,6,430.0,354.29,125.0,145.6,201.16,7.17,20294.0,29.17,43.09,28399.92,41720.0
WO-000010,2025-01-01,2025-01,2025-W01,Morning,M06,P01,337,367,363,4,430.0,396.53,62.0,64.83,232.06,7.17,16148.0,33.65,34.41,22675.72,34122.0
WO-000011,2025-01-01,2025-01,2025-W01,Afternoon,M06,P06,171,180,174,6,430.0,410.83,125.0,136.94,256.98,7.17,25020.0,37.26,30.53,34855.46,51852.0
WO-000012,2025-01-02,2025-01,2025-W01,Morning,M01,P03,593,563,556,7,430.0,388.58,38.0,41.41,338.84,7.17,14638.0,49.13,34.35,20657.65,31136.0
WO-000013,2025-01-02,2025-01,2025-W01,Afternoon,M01,P03,553,524,517,7,430.0,366.45,38.0,41.96,345.57,7.17,13624.0,50.11,24.86,19264.63,28952.0
WO-000014,2025-01-02,2025-01,2025-W01,Morning,M02,P02,299,266,260,6,430.0,371.64,74.0,83.83,256.35,7.17,15694.0,37.17,64.4,21969.24,32760.0
WO-000015,2025-01-02,2025-01,2025-W01,Afternoon,M02,P01,366,297,290,7,430.0,348.3,62.0,70.36,246.44,7.17,13068.0,35.73,59.43,18502.83,27260.0
WO-000016,2025-01-02,2025-01,2025-W01,Morning,M03,P03,587,578,568,10,430.0,395.36,38.0,41.04,396.24,7.17,15028.0,57.46,80.24,21244.37,31808.0
WO-000017,2025-01-02,2025-01,2025-W01,Afternoon,M03,P05,430,399,390,9,430.0,373.37,52.0,56.15,370.42,7.17,19152.0,53.71,53.14,26629.51,39780.0
WO-000018,2025-01-02,2025-01,2025-W01,Morning,M04,P04,234,176,173,3,430.0,305.72,95.0,104.22,245.1,7.17,17424.0,35.54,69.25,24276.45,36330.0
WO-000019,2025-01-02,2025-01,2025-W01,Afternoon,M04,P04,243,169,165,4,430.0,308.12,95.0,109.39,243.66,7.17,16731.0,35.33,126.78,23395.77,34650.0
WO-000020,2025-01-02,2025-01,2025-W01,Morning,M05,P05,417,403,393,10,430.0,381.97,52.0,56.87,217.04,7.17,19344.0,31.47,27.99,26842.13,40086.0
WO-000021,2025-01-02,2025-01,2025-W01,Afternoon,M05,P04,218,192,189,3,430.0,352.89,95.0,110.28,187.75,7.17,19008.0,27.22,42.54,26385.43,39690.0
WO-000022,2025-01-02,2025-01,2025-W01,Morning,M06,P01,353,364,357,7,430.0,403.31,62.0,66.48,240.49,7.17,16016.0,34.87,93.65,22556.19,33558.0
WO-000023,2025-01-02,2025-01,2025-W01,Afternoon,M06,P04,219,219,213,6,430.0,383.87,95.0,105.17,225.48,7.17,21681.0,32.69,53.22,30019.58,44730.0
WO-000024,2025-01-03,2025-01,2025-W01,Morning,M01,P03,587,541,538,3,430.0,391.6,38.0,43.43,345.97,7.17,14066.0,50.17,68.21,19911.54,30128.0
WO-000025,2025-01-03,2025-01,2025-W01,Afternoon,M01,P02,297,258,251,7,430.0,349.93,74.0,81.38,304.25,7.17,15222.0,44.12,19.02,21290.81,31626.0
WO-000026,2025-01-03,2025-01,2025-W01,Morning,M02,P05,420,387,378,9,430.0,367.75,52.0,57.02,268.09,7.17,18576.0,38.87,17.08,25798.62,38556.0
WO-000027,2025-01-03,2025-01,2025-W01,Afternoon,M02,P02,304,275,269,6,430.0,369.12,74.0,80.54,265.71,7.17,16225.0,38.53,12.0,22638.19,33894.0
WO-000028,2025-01-03,2025-01,2025-W01,Morning,M03,P03,566,581,574,7,430.0,397.0,38.0,41.0,404.16,7.17,15106.0,58.6,60.67,21332.44,32144.0
WO-000029,2025-01-03,2025-01,2025-W01,Afternoon,M03,P03,564,549,541,8,430.0,378.3,38.0,41.34,396.16,7.17,14274.0,57.44,14.44,20149.05,30296.0
WO-000030,2025-01-03,2025-01,2025-W01,Morning,M04,P06,175,133,127,6,430.0,317.46,125.0,143.22,246.96,7.17,18487.0,35.81,74.99,25968.47,37846.0
WO-000031,2025-01-03,2025-01,2025-W01,Afternoon,M04,P06,171,133,127,6,430.0,328.98,125.0,148.41,258.8,7.17,18487.0,37.53,88.25,25983.45,37846.0
WO-000032,2025-01-03,2025-01,2025-W01,Morning,M05,P05,417,405,396,9,430.0,379.51,52.0,56.22,208.29,7.17,19440.0,30.2,56.76,26999.63,40392.0
WO-000033,2025-01-03,2025-01,2025-W01,Afternoon,M05,P06,182,160,154,6,430.0,373.38,125.0,140.02,212.79,7.17,22240.0,30.85,28.46,31046.98,45892.0
WO-000034,2025-01-03,2025-01,2025-W01,Morning,M06,P06,177,177,171,6,430.0,404.73,125.0,137.2,242.07,7.17,24603.0,35.1,13.53,34266.3,50958.0
WO-000035,2025-01-03,2025-01,2025-W01,Afternoon,M06,P01,350,354,347,7,430.0,385.28,62.0,65.3,241.3,7.17,15576.0,34.99,16.06,21878.71,32618.0
WO-000036,2025-01-06,2025-01,2025-W02,Morning,M01,P03,553,528,521,7,430.0,371.39,38.0,42.2,347.56,7.17,13728.0,50.4,63.03,19445.09,29176.0
WO-000037,2025-01-06,2025-01,2025-W02,Afternoon,M01,P02,288,289,282,7,430.0,379.59,74.0,78.81,347.92,7.17,17051.0,50.45,14.41,23772.53,35532.0
WO-000038,2025-01-06,2025-01,2025-W02,Morning,M02,P02,288,280,276,4,430.0,384.06,74.0,82.3,267.93,7.17,16520.0,38.85,75.54,23102.06,34776.0
WO-000039,2025-01-06,2025-01,2025-W02,Afternoon,M02,P05,412,382,372,10,430.0,376.39,52.0,59.12,257.56,7.17,18336.0,37.35,34.52,25489.53,37944.0
WO-000040,2025-01-06,2025-01,2025-W02,Morning,M03,P03,574,571,567,4,430.0,396.4,38.0,41.65,399.35,7.17,14846.0,57.91,19.41,20935.48,31752.0
WO-000041,2025-01-06,2025-01,2025-W02,Afternoon,M03,P05,396,421,410,11,430.0,404.49,52.0,57.65,419.41,7.17,20208.0,60.81,37.31,28050.79,41820.0
WO-000042,2025-01-06,2025-01,2025-W02,Morning,M04,P06,175,126,121,5,430.0,308.65,125.0,146.97,247.98,7.17,17514.0,35.96,102.09,24665.71,36058.0
WO-000043,2025-01-06,2025-01,2025-W02,Morning,M05,P01,363,323,319,4,430.0,365.06,62.0,67.81,201.71,7.17,14212.0,29.25,23.89,20020.8,29986.0
WO-000044,2025-01-06,2025-01,2025-W02,Afternoon,M05,P06,178,168,162,6,430.0,380.49,125.0,135.89,209.47,7.17,23352.0,30.37,75.11,32613.15,48276.0
WO-000045,2025-01-06,2025-01,2025-W02,Morning,M06,P01,354,352,344,8,430.0,398.63,62.0,67.95,238.0,7.17,15488.0,34.51,43.79,21785.97,32336.0
WO-000046,2025-01-06,2025-01,2025-W02,Afternoon,M06,P06,169,174,167,7,430.0,385.0,125.0,132.76,232.3,7.17,24186.0,33.68,12.0,33693.35,49766.0
WO-000047,2025-01-07,2025-01,2025-W02,Morning,M01,P01,360,348,341,7,430.0,388.39,62.0,66.96,361.89,7.17,15312.0,52.47,20.52,21540.66,32054.0
WO-000048,2025-01-07,2025-01,2025-W02,Afternoon,M01,P02,303,278,272,6,430.0,385.12,74.0,83.12,351.64,7.17,16402.0,50.99,31.21,22909.87,34272.0
WO-000049,2025-01-07,2025-01,2025-W02,Morning,M02,P01,361,328,323,5,430.0,382.55,62.0,69.98,275.5,7.17,14432.0,39.95,22.94,20330.56,30362.0
WO-000050,2025-01-07,2025-01,2025-W02,Afternoon,M02,P05,410,372,361,11,430.0,355.53,52.0,57.34,249.83,7.17,17856.0,36.22,65.93,24869.82,36822.0
WO-000051,2025-01-07,2025-01,2025-W02,Morning,M03,P03,601,572,564,8,430.0,392.08,38.0,41.13,403.98,7.17,14872.0,58.58,33.79,20986.04,31584.0
WO-000052,2025-01-07,2025-01,2025-W02,Afternoon,M03,P03,591,597,587,10,430.0,408.36,38.0,41.04,425.3,7.17,15522.0,61.67,25.24,21868.08,32872.0
WO-000053,2025-01-07,2025-01,2025-W02,Morning,M04,P03,608,448,442,6,430.0,326.3,38.0,43.7,251.64,7.17,11648.0,36.49,88.66,16616.81,24752.0
WO-000054,2025-01-07,2025-01,2025-W02,Afternoon,M04,P04,240,182,178,4,430.0,310.21,95.0,102.27,253.99,7.17,18018.0,36.83,91.66,25104.15,37380.0
WO-000055,2025-01-07,2025-01,2025-W02,Morning,M05,P04,231,211,208,3,430.0,367.84,95.0,104.6,205.4,7.17,20889.0,29.78,67.8,28959.25,43680.0
WO-000056,2025-01-07,2025-01,2025-W02,Afternoon,M05,P06,179,150,144,6,430.0,352.24,125.0,140.9,196.96,7.17,20850.0,28.56,31.46,29147.69,42912.0
WO-000057,2025-01-07,2025-01,2025-W02,Morning,M06,P05,423,429,418,11,430.0,400.63,52.0,56.03,241.96,7.17,20592.0,35.08,12.66,28520.41,42636.0
WO-000058,2025-01-07,2025-01,2025-W02,Afternoon,M06,P04,240,221,216,5,430.0,389.33,95.0,105.7,243.52,7.17,21879.0,35.31,16.03,30253.0,45360.0
WO-000059,2025-01-08,2025-01,2025-W02,Morning,M01,P03,556,522,518,4,430.0,363.65,38.0,41.8,351.34,7.17,13572.0,50.94,61.69,19231.3,29008.0
WO-000060,2025-01-08,2025-01,2025-W02,Afternoon,M01,P02,321,278,273,5,430.0,387.99,74.0,83.74,356.76,7.17,16402.0,51.73,21.25,22900.64,34398.0
WO-000061,2025-01-08,2025-01,2025-W02,Morning,M02,P02,296,270,263,7,430.0,378.55,74.0,84.12,266.45,7.17,15930.0,38.64,31.48,22257.78,33138.0
WO-000062,2025-01-08,2025-01,2025-W02,Afternoon,M02,P05,437,382,374,8,430.0,370.94,52.0,58.26,290.25,7.17,18336.0,42.09,27.32,25487.07,38148.0
WO-000063,2025-01-08,2025-01,2025-W02,Morning,M03,P01,358,369,362,7,430.0,398.36,62.0,64.77,423.67,7.17,16236.0,61.43,25.69,22814.79,34028.0
WO-000064,2025-01-08,2025-01,2025-W02,Afternoon,M03,P05,430,422,410,12,430.0,402.84,52.0,57.28,421.76,7.17,20256.0,61.16,15.8,28094.62,41820.0
WO-000065,2025-01-08,2025-01,2025-W02,Morning,M04,P04,231,177,172,5,430.0,314.2,95.0,106.51,258.69,7.17,17523.0,37.51,101.31,24444.49,36120.0
WO-000066,2025-01-08,2025-01,2025-W02,Afternoon,M04,P04,226,181,175,6,430.0,330.27,95.0,109.48,262.08,7.17,17919.0,38.0,71.03,24950.69,36750.0
WO-000067,2025-01-08,2025-01,2025-W02,Morning,M05,P05,413,390,380,10,430.0,369.84,52.0,56.9,208.67,7.17,18720.0,30.26,16.79,25984.72,38760.0
WO-000068,2025-01-08,2025-01,2025-W02,Afternoon,M05,P05,410,355,345,10,430.0,345.85,52.0,58.45,191.1,7.17,17040.0,27.71,37.75,23728.13,35190.0
WO-000069,2025-01-08,2025-01,2025-W02,Morning,M06,P01,373,329,325,4,430.0,386.22,62.0,70.43,224.86,7.17,14476.0,32.6,36.97,20397.24,30550.0
WO-000070,2025-01-08,2025-01,2025-W02,Afternoon,M06,P04,221,223,218,5,430.0,387.83,95.0,104.35,234.28,7.17,22077.0,33.97,40.35,30543.99,45780.0
WO-000071,2025-01-09,2025-01,2025-W02,Morning,M01,P03,585,559,553,6,430.0,387.94,38.0,41.64,366.63,7.17,14534.0,53.16,34.55,20519.88,30968.0
WO-000072,2025-01-09,2025-01,2025-W02,Afternoon,M01,P02,283,262,254,8,430.0,368.1,74.0,84.3,321.1,7.17,15458.0,46.56,29.8,21624.02,32004.0
WO-000073,2025-01-09,2025-01,2025-W02,Morning,M02,P05,422,379,371,8,430.0,366.65,52.0,58.05,251.43,7.17,18192.0,36.46,12.0,25271.12,37842.0
WO-000074,2025-01-09,2025-01,2025-W02,Afternoon,M02,P02,293,287,281,6,430.0,393.91,74.0,82.35,276.17,7.17,16933.0,40.04,40.51,23628.22,35406.0
WO-000075,2025-01-09,2025-01,2025-W02,Morning,M03,P01,361,326,321,5,430.0,379.78,62.0,69.9,383.08,7.17,14344.0,55.55,12.0,20215.21,30174.0
WO-000076,2025-01-09,2025-01,2025-W02,Afternoon,M03,P01,371,347,339,8,430.0,386.66,62.0,66.86,400.85,7.17,15268.0,58.12,18.27,21484.06,31866.0
WO-000077,2025-01-09,2025-01,2025-W02,Morning,M04,P03,574,420,411,9,430.0,310.54,38.0,44.36,246.49,7.17,10920.0,35.74,94.26,15627.67,23016.0
WO-000078,2025-01-09,2025-01,2025-W02,Afternoon,M04,P03,598,432,419,13,430.0,315.44,38.0,43.81,259.01,7.17,11232.0,37.56,68.02,16029.24,23464.0
WO-000079,2025-01-09,2025-01,2025-W02,Morning,M05,P04,228,220,215,5,430.0,384.09,95.0,104.75,211.76,7.17,21780.0,30.71,25.14,30123.52,45150.0
WO-000080,2025-01-09,2025-01,2025-W02,Afternoon,M05,P06,172,162,156,6,430.0,373.64,125.0,138.39,210.68,7.17,22518.0,30.55,45.22,31443.43,46488.0
WO-000081,2025-01-09,2025-01,2025-W02,Morning,M06,P06,169,175,169,6,430.0,396.52,125.0,135.95,233.14,7.17,24325.0,33.81,20.04,33891.51,50362.0
WO-000082,2025-01-09,2025-01,2025-W02,Afternoon,M06,P01,355,356,350,6,430.0,402.34,62.0,67.81,242.64,7.17,15664.0,35.18,19.71,22002.56,32900.0
WO-000083,2025-01-10,2025-01,2025-W02,Morning,M01,P02,289,285,278,7,430.0,395.18,74.0,83.2,353.37,7.17,16815.0,51.24,23.63,23462.53,35028.0
WO-000084,2025-01-10,2025-01,2025-W02,Afternoon,M01,P02,280,268,262,6,430.0,380.9,74.0,85.28,343.32,7.17,15812.0,49.78,24.72,22102.17,33012.0
WO-000085,2025-01-10,2025-01,2025-W02,Morning,M02,P01,355,310,307,3,430.0,363.15,62.0,70.29,240.9,7.17,13640.0,34.93,27.4,19249.99,28858.0
WO-000086,2025-01-10,2025-01,2025-W02,Afternoon,M02,P05,451,373,363,10,430.0,366.52,52.0,58.96,259.69,7.17,17904.0,37.66,24.47,24894.79,37026.0
WO-000087,2025-01-10,2025-01,2025-W02,Morning,M03,P03,552,604,598,6,430.0,403.87,38.0,40.12,414.51,7.17,15704.0,60.1,19.81,22109.58,33488.0
WO-000088,2025-01-10,2025-01,2025-W02,Afternoon,M03,P01,362,353,344,9,430.0,391.49,62.0,66.54,398.33,7.17,15532.0,57.76,37.8,21863.22,32336.0
WO-000089,2025-01-10,2025-01,2025-W02,Morning,M04,P04,231,179,175,4,430.0,325.95,95.0,109.26,260.82,7.17,17721.0,37.82,96.83,24708.31,36750.0
WO-000090,2025-01-10,2025-01,2025-W02,Afternoon,M04,P06,169,128,122,6,430.0,313.98,125.0,147.18,257.61,7.17,17792.0,37.35,124.21,25069.23,36356.0
WO-000091,2025-01-10,2025-01,2025-W02,Morning,M05,P06,171,177,172,5,430.0,391.54,125.0,132.72,212.27,7.17,24603.0,30.78,12.0,34260.45,51256.0
WO-000092,2025-01-10,2025-01,2025-W02,Afternoon,M05,P04,227,220,216,4,430.0,387.54,95.0,105.69,226.26,7.17,21780.0,32.81,12.0,30112.47,45360.0
WO-000093,2025-01-10,2025-01,2025-W02,Morning,M06,P06,179,184,178,6,430.0,415.26,125.0,135.41,251.26,7.17,25576.0,36.43,36.09,35620.19,53044.0
WO-000094,2025-01-10,2025-01,2025-W02,Afternoon,M06,P04,235,222,218,4,430.0,399.34,95.0,107.93,243.1,7.17,21978.0,35.25,45.94,30416.86,45780.0
WO-000095,2025-01-13,2025-01,2025-W03,Morning,M01,P03,552,557,552,5,430.0,385.14,38.0,41.49,362.3,7.17,14482.0,52.53,55.04,20468.74,30912.0
WO-000096,2025-01-13,2025-01,2025-W03,Afternoon,M01,P03,550,533,526,7,430.0,362.83,38.0,40.84,336.72,7.17,13858.0,48.82,21.32,19579.31,29456.0
WO-000097,2025-01-13,2025-01,2025-W03,Morning,M02,P01,339,340,335,5,430.0,381.28,62.0,67.29,269.79,7.17,14960.0,39.12,40.93,21067.72,31490.0
WO-000098,2025-01-13,2025-01,2025-W03,Afternoon,M02,P05,419,367,359,8,430.0,355.37,52.0,58.1,262.1,7.17,17616.0,38.0,71.13,24551.8,36618.0
WO-000099,2025-01-13,2025-01,2025-W03,Morning,M03,P03,588,573,564,9,430.0,389.1,38.0,40.74,407.83,7.17,14898.0,59.14,33.56,21021.86,31584.0
WO-000100,2025-01-13,2025-01,2025-W03,Afternoon,M03,P03,590,566,553,13,430.0,386.14,38.0,40.93,402.32,7.17,14716.0,58.34,20.86,20759.86,30968.0
WO-000101,2025-01-13,2025-01,2025-W03,Morning,M04,P06,179,139,132,7,430.0,324.43,125.0,140.04,262.4,7.17,19321.0,38.05,59.52,27095.23,39336.0
WO-000102,2025-01-13,2025-01,2025-W03,Afternoon,M04,P04,235,181,175,6,430.0,329.7,95.0,109.29,254.76,7.17,17919.0,36.94,100.94,24979.55,36750.0
WO-000103,2025-01-13,2025-01,2025-W03,Morning,M05,P01,352,337,331,6,430.0,378.33,62.0,67.36,215.44,7.17,14828.0,31.24,30.02,20868.92,31114.0
WO-000104,2025-01-13,2025-01,2025-W03,Afternoon,M05,P04,232,209,205,4,430.0,380.75,95.0,109.3,215.69,7.17,20691.0,31.27,21.79,28646.73,43050.0
WO-000105,2025-01-13,2025-01,2025-W03,Morning,M06,P01,361,374,371,3,430.0,417.1,62.0,66.91,256.39,7.17,16456.0,37.18,27.11,23091.95,34874.0
WO-000106,2025-01-13,2025-01,2025-W03,Afternoon,M06,P04,227,222,216,6,430.0,399.64,95.0,108.01,251.63,7.17,21978.0,36.49,161.75,30533.9,45360.0
WO-000107,2025-01-14,2025-01,2025-W03,Morning,M01,P03,583,549,538,11,430.0,377.7,38.0,41.28,340.33,7.17,14274.0,49.35,27.91,20154.43,30128.0
WO-000108,2025-01-14,2025-01,2025-W03,Afternoon,M01,P01,354,319,315,4,430.0,372.47,62.0,70.06,355.39,7.17,14036.0,51.53,79.98,19859.18,29610.0
WO-000109,2025-01-14,2025-01,2025-W03,Morning,M02,P01,354,332,326,6,430.0,390.4,62.0,70.55,270.6,7.17,14608.0,39.24,34.04,20580.94,30644.0
WO-000110,2025-01-14,2025-01,2025-W03,Afternoon,M02,P02,291,261,256,5,430.0,367.19,74.0,84.41,260.61,7.17,15399.0,37.79,31.02,21536.47,32256.0
WO-000111,2025-01-14,2025-01,2025-W03,Morning,M03,P03,570,572,564,8,430.0,382.72,38.0,40.15,415.64,7.17,14872.0,60.27,23.1,20977.04,31584.0
WO-000112,2025-01-14,2025-01,2025-W03,Afternoon,M03,P01,340,327,321,6,430.0,384.52,62.0,70.55,399.89,7.17,14388.0,57.98,57.95,20323.6,30174.0
WO-000113,2025-01-14,2025-01,2025-W03,Morning,M04,P06,173,133,127,6,430.0,319.4,125.0,144.09,266.12,7.17,18487.0,38.59,66.26,25962.51,37846.0
WO-000114,2025-01-14,2025-01,2025-W03,Afternoon,M04,P04,232,161,156,5,430.0,287.09,95.0,106.99,224.45,7.17,15939.0,32.55,128.31,22322.52,32760.0
WO-000115,2025-01-14,2025-01,2025-W03,Morning,M05,P04,226,223,220,3,430.0,398.03,95.0,107.09,210.53,7.17,22077.0,30.53,12.1,30512.29,46200.0
WO-000116,2025-01-14,2025-01,2025-W03,Afternoon,M05,P01,357,324,320,4,430.0,369.27,62.0,68.38,213.12,7.17,14256.0,30.9,12.0,20070.57,30080.0
WO-000117,2025-01-14,2025-01,2025-W03,Morning,M06,P01,370,357,350,7,430.0,389.65,62.0,65.49,226.65,7.17,15708.0,32.86,28.95,22069.48,32900.0
WO-000118,2025-01-14,2025-01,2025-W03,Afternoon,M06,P04,240,238,234,4,430.0,411.58,95.0,103.76,241.79,7.17,23562.0,35.06,107.12,32621.85,49140.0
WO-000119,2025-01-15,2025-01,2025-W03,Morning,M01,P03,565,552,544,8,430.0,383.72,38.0,41.71,359.41,7.17,14352.0,52.11,29.44,20265.22,30464.0
WO-000120,2025-01-15,2025-01,2025-W03,Afternoon,M01,P01,349,327,320,7,430.0,372.4,62.0,68.33,325.25,7.17,14388.0,47.16,82.2,20337.03,30080.0
WO-000121,2025-01-15,2025-01,2025-W03,Morning,M02,P05,405,408,396,12,430.0,390.35,52.0,57.4,273.56,7.17,19584.0,39.67,35.5,27182.84,40392.0
WO-000122,2025-01-15,2025-01,2025-W03,Afternoon,M02,P05,428,384,377,7,430.0,367.99,52.0,57.5,240.79,7.17,18432.0,34.91,103.83,25686.41,38454.0
WO-000123,2025-01-15,2025-01,2025-W03,Morning,M03,P01,358,348,343,5,430.0,392.95,62.0,67.75,412.52,7.17,15312.0,59.82,12.0,21539.48,32242.0
WO-000124,2025-01-15,2025-01,2025-W03,Afternoon,M03,P01,347,346,341,5,430.0,392.24,62.0,68.02,428.36,7.17,15224.0,62.11,20.55,21430.33,32054.0
WO-000125,2025-01-15,2025-01,2025-W03,Morning,M04,P04,234,180,174,6,430.0,328.92,95.0,109.64,262.83,7.17,17820.0,38.11,87.7,24833.47,36540.0
WO-000126,2025-01-15,2025-01,2025-W03,Afternoon,M04,P06,181,136,129,7,430.0,323.62,125.0,142.77,246.13,7.17,18904.0,35.69,74.78,26538.14,38442.0
WO-000127,2025-01-15,2025-01,2025-W03,Morning,M05,P05,427,379,366,13,430.0,372.0,52.0,58.89,214.48,7.17,18192.0,31.1,70.97,25324.74,37332.0
WO-000128,2025-01-15,2025-01,2025-W03,Afternoon,M05,P01,337,315,310,5,430.0,369.8,62.0,70.44,209.81,7.17,13860.0,30.42,42.69,19560.77,29140.0
WO-000129,2025-01-15,2025-01,2025-W03,Morning,M06,P04,239,239,236,3,430.0,415.23,95.0,104.24,262.42,7.17,23661.0,38.05,72.77,32724.49,49560.0
WO-000130,2025-01-15,2025-01,2025-W03,Afternoon,M06,P05,433,415,405,10,430.0,396.53,52.0,57.33,240.65,7.17,19920.0,34.89,25.87,27623.43,41310.0
WO-000131,2025-01-16,2025-01,2025-W03,Morning,M01,P02,282,303,298,5,430.0,408.12,74.0,80.82,390.96,7.17,17877.0,56.69,27.21,24911.56,37548.0
WO-000132,2025-01-16,2025-01,2025-W03,Afternoon,M01,P02,274,278,271,7,430.0,379.44,74.0,81.89,345.06,7.17,16402.0,50.03,84.87,22962.57,34146.0
WO-000133,2025-01-16,2025-01,2025-W03,Morning,M02,P01,352,317,311,6,430.0,366.27,62.0,69.32,255.43,7.17,13948.0,37.04,45.68,19690.39,29234.0
WO-000134,2025-01-16,2025-01,2025-W03,Afternoon,M02,P01,365,304,298,6,430.0,374.42,62.0,73.9,252.02,7.17,13376.0,36.54,15.79,18880.0,28012.0
WO-000135,2025-01-16,2025-01,2025-W03,Morning,M03,P01,358,364,358,6,430.0,397.58,62.0,65.54,395.37,7.17,16016.0,57.33,13.39,22498.38,33652.0
WO-000136,2025-01-16,2025-01,2025-W03,Afternoon,M03,P05,431,400,388,12,430.0,386.8,52.0,58.02,407.83,7.17,19200.0,59.14,27.57,26674.37,39576.0
WO-000137,2025-01-16,2025-01,2025-W03,Morning,M04,P03,572,454,442,12,430.0,326.59,38.0,43.16,272.71,7.17,11804.0,39.54,76.89,16821.1,24752.0
WO-000138,2025-01-16,2025-01,2025-W03,Afternoon,M04,P04,222,174,169,5,430.0,322.06,95.0,111.05,258.13,7.17,17226.0,37.43,71.36,24012.46,35490.0
WO-000139,2025-01-16,2025-01,2025-W03,Morning,M05,P04,234,215,211,4,430.0,378.65,95.0,105.67,216.37,7.17,21285.0,31.37,63.65,29492.69,44310.0
WO-000140,2025-01-16,2025-01,2025-W03,Afternoon,M05,P06,185,163,156,7,430.0,379.66,125.0,139.75,220.14,7.17,22657.0,31.92,53.69,31643.28,46488.0
WO-000141,2025-01-16,2025-01,2025-W03,Morning,M06,P04,222,244,239,5,430.0,404.79,95.0,99.54,248.17,7.17,24156.0,35.98,15.04,33334.69,50190.0
WO-000142,2025-01-16,2025-01,2025-W03,Afternoon,M06,P05,415,441,427,14,430.0,417.1,52.0,56.75,249.54,7.17,21168.0,36.18,12.11,29300.96,43554.0
WO-000143,2025-01-17,2025-01,2025-W03,Morning,M01,P03,587,565,559,6,430.0,393.07,38.0,41.74,368.54,7.17,14690.0,53.44,66.15,20764.76,31304.0
WO-000144,2025-01-17,2025-01,2025-W03,Afternoon,M01,P03,567,578,566,12,430.0,395.12,38.0,41.02,342.08,7.17,15028.0,49.6,110.06,21266.33,31696.0
WO-000145,2025-01-17,2025-01,2025-W03,Morning,M02,P02,278,286,282,4,430.0,386.84,74.0,81.16,276.04,7.17,16874.0,40.03,73.54,23581.23,35532.0
WO-000146,2025-01-17,2025-01,2025-W03,Afternoon,M02,P01,355,334,329,5,430.0,380.34,62.0,68.33,261.66,7.17,14696.0,37.94,21.54,20687.15,30926.0
WO-000147,2025-01-17,2025-01,2025-W03,Morning,M03,P03,592,608,604,4,430.0,399.41,38.0,39.41,422.98,7.17,15808.0,61.33,28.5,22261.5,33824.0
WO-000148,2025-01-17,2025-01,2025-W03,Afternoon,M03,P05,417,406,393,13,430.0,379.82,52.0,56.13,415.47,7.17,19488.0,60.24,65.02,27102.93,40086.0
WO-000149,2025-01-17,2025-01,2025-W03,Morning,M04,P04,237,175,170,5,430.0,322.41,95.0,110.54,249.54,7.17,17325.0,36.18,82.54,24156.39,35700.0
WO-000150,2025-01-17,2025-01,2025-W03,Afternoon,M04,P06,173,127,121,6,430.0,308.79,125.0,145.89,246.4,7.17,17653.0,35.73,121.81,24875.21,36058.0
WO-000151,2025-01-17,2025-01,2025-W03,Morning,M05,P06,168,163,157,6,430.0,370.42,125.0,136.35,208.95,7.17,22657.0,30.3,17.38,31605.34,46786.0
WO-000152,2025-01-17,2025-01,2025-W03,Afternoon,M05,P01,363,327,324,3,430.0,375.62,62.0,68.92,215.63,7.17,14388.0,31.27,78.39,20317.32,30456.0
WO-000153,2025-01-17,2025-01,2025-W03,Morning,M06,P06,172,178,172,6,430.0,402.89,125.0,135.81,237.65,7.17,24742.0,34.46,15.04,34457.17,51256.0
WO-000154,2025-01-17,2025-01,2025-W03,Afternoon,M06,P05,432,397,384,13,430.0,375.17,52.0,56.7,230.69,7.17,19056.0,33.45,54.46,26480.57,39168.0
WO-000155,2025-01-20,2025-01,2025-W04,Morning,M01,P03,567,531,527,4,430.0,364.64,38.0,41.2,334.3,7.17,13806.0,48.47,13.15,19499.79,29512.0
WO-000156,2025-01-20,2025-01,2025-W04,Afternoon,M01,P03,560,508,500,8,430.0,351.56,38.0,41.52,318.7,7.17,13208.0,46.21,22.85,18690.73,28000.0
WO-000157,2025-01-20,2025-01,2025-W04,Morning,M02,P02,320,267,263,4,430.0,367.28,74.0,82.54,258.39,7.17,15753.0,37.47,16.32,22001.45,33138.0
WO-000158,2025-01-20,2025-01,2025-W04,Afternoon,M02,P05,431,368,359,9,430.0,366.21,52.0,59.71,257.0,7.17,17664.0,37.27,45.84,24590.77,36618.0
WO-000159,2025-01-20,2025-01,2025-W04,Morning,M03,P05,424,391,382,9,430.0,370.14,52.0,56.8,379.89,7.17,18768.0,55.08,52.16,26109.91,38964.0
WO-000160,2025-01-20,2025-01,2025-W04,Afternoon,M03,P03,553,550,542,8,430.0,376.17,38.0,41.04,390.55,7.17,14300.0,56.63,21.4,20190.7,30352.0
WO-000161,2025-01-20,2025-01,2025-W04,Morning,M04,P03,590,431,426,5,430.0,313.72,38.0,43.67,245.45,7.17,11206.0,35.59,63.99,15987.75,23856.0
WO-000162,2025-01-20,2025-01,2025-W04,Afternoon,M04,P04,236,180,173,7,430.0,318.77,95.0,106.26,272.14,7.17,17820.0,39.46,61.18,24808.31,36330.0
WO-000163,2025-01-20,2025-01,2025-W04,Morning,M05,P04,235,211,206,5,430.0,364.72,95.0,103.71,201.04,7.17,20889.0,29.15,19.12,28909.94,43260.0
WO-000164,2025-01-20,2025-01,2025-W04,Afternoon,M05,P01,365,327,322,5,430.0,369.55,62.0,67.81,206.11,7.17,14388.0,29.89,51.39,20288.95,30268.0
WO-000165,2025-01-20,2025-01,2025-W04,Morning,M06,P01,360,364,359,5,430.0,409.52,62.0,67.5,244.11,7.17,16016.0,35.4,88.8,22551.87,33746.0
WO-000166,2025-01-20,2025-01,2025-W04,Afternoon,M06,P06,164,177,171,6,430.0,397.42,125.0,134.72,232.73,7.17,24603.0,33.75,18.71,34270.12,50958.0
WO-000167,2025-01-21,2025-01,2025-W04,Morning,M01,P01,356,338,331,7,430.0,384.38,62.0,68.23,348.36,7.17,14872.0,50.51,38.85,20957.03,31114.0
WO-000168,2025-01-21,2025-01,2025-W04,Afternoon,M01,P03,608,515,507,8,430.0,366.55,38.0,42.7,322.02,7.17,13390.0,46.69,12.0,18928.86,28392.0
WO-000169,2025-01-21,2025-01,2025-W04,Morning,M02,P02,309,273,269,4,430.0,377.53,74.0,82.97,259.83,7.17,16107.0,37.68,12.0,22477.34,33894.0
WO-000170,2025-01-21,2025-01,2025-W04,Afternoon,M02,P02,289,290,284,6,430.0,381.68,74.0,78.97,258.2,7.17,17110.0,37.44,59.19,23884.3,35784.0
WO-000171,2025-01-21,2025-01,2025-W04,Morning,M03,P01,348,352,348,4,430.0,397.21,62.0,67.71,417.62,7.17,15488.0,60.55,13.57,21781.79,32712.0
WO-000172,2025-01-21,2025-01,2025-W04,Afternoon,M03,P05,434,410,402,8,430.0,386.04,52.0,56.49,414.52,7.17,19680.0,60.1,39.56,27337.33,41004.0
WO-000173,2025-01-21,2025-01,2025-W04,Morning,M04,P03,569,462,454,8,430.0,319.55,38.0,41.5,263.96,7.17,12012.0,38.27,58.36,17085.3,25424.0
WO-000174,2025-01-21,2025-01,2025-W04,Afternoon,M04,P06,176,128,122,6,430.0,314.43,125.0,147.39,249.56,7.17,17792.0,36.19,103.58,25047.43,36356.0
WO-000175,2025-01-21,2025-01,2025-W04,Morning,M05,P06,168,159,153,6,430.0,362.94,125.0,136.96,201.48,7.17,22101.0,29.21,71.84,30898.72,45594.0
WO-000176,2025-01-21,2025-01,2025-W04,Afternoon,M05,P06,158,156,151,5,430.0,364.15,125.0,140.06,201.18,7.17,21684.0,29.17,34.81,30291.65,44998.0
WO-000177,2025-01-21,2025-01,2025-W04,Morning,M06,P05,414,436,423,13,430.0,405.58,52.0,55.81,251.41,7.17,20928.0,36.45,43.27,29007.39,43146.0
WO-000178,2025-01-21,2025-01,2025-W04,Afternoon,M06,P06,173,181,174,7,430.0,417.1,125.0,138.27,256.98,7.17,25159.0,37.26,13.85,35028.78,51852.0
WO-000179,2025-01-22,2025-01,2025-W04,Morning,M01,P03,574,585,578,7,430.0,396.41,38.0,40.66,366.09,7.17,15210.0,53.08,13.42,21421.67,32368.0
WO-000180,2025-01-22,2025-01,2025-W04,Afternoon,M01,P01,370,338,333,5,430.0,389.85,62.0,69.2,367.66,7.17,14872.0,53.31,51.08,20972.06,31302.0
WO-000181,2025-01-22,2025-01,2025-W04,Morning,M02,P05,401,405,395,10,430.0,383.86,52.0,56.87,279.77,7.17,19440.0,40.57,17.93,26971.16,40290.0
WO-000182,2025-01-22,2025-01,2025-W04,Afternoon,M02,P02,272,265,259,6,430.0,368.38,74.0,83.41,253.37,7.17,15635.0,36.74,52.19,21876.6,32634.0
WO-000183,2025-01-22,2025-01,2025-W04,Morning,M03,P01,366,357,352,5,430.0,409.37,62.0,68.8,423.78,7.17,15708.0,61.45,50.32,22119.43,33088.0
WO-000184,2025-01-22,2025-01,2025-W04,Afternoon,M03,P03,591,551,543,8,430.0,369.84,38.0,40.27,402.81,7.17,14326.0,58.41,24.78,20231.35,30408.0
WO-000185,2025-01-22,2025-01,2025-W04,Morning,M04,P06,166,138,133,5,430.0,329.19,125.0,143.13,267.61,7.17,19182.0,38.8,142.82,26989.29,39634.0
WO-000186,2025-01-22,2025-01,2025-W04,Afternoon,M04,P06,172,137,131,6,430.0,334.22,125.0,146.37,257.69,7.17,19043.0,37.36,166.25,26821.28,39038.0
WO-000187,2025-01-22,2025-01,2025-W04,Morning,M05,P05,418,408,399,9,430.0,382.34,52.0,56.23,215.96,7.17,19584.0,31.31,12.81,27151.79,40698.0
WO-000188,2025-01-22,2025-01,2025-W04,Afternoon,M05,P06,181,157,150,7,430.0,365.39,125.0,139.64,198.39,7.17,21823.0,28.77,70.57,30517.01,44700.0
WO-000189,2025-01-22,2025-01,2025-W04,Morning,M06,P05,427,392,382,10,430.0,376.3,52.0,57.6,236.9,7.17,18816.0,34.35,12.71,26114.73,38964.0
WO-000190,2025-01-23,2025-01,2025-W04,Morning,M01,P02,294,286,280,6,430.0,376.93,74.0,79.08,327.16,7.17,16874.0,47.44,47.29,23562.39,35280.0
WO-000191,2025-01-23,2025-01,2025-W04,Afternoon,M01,P01,358,332,325,7,430.0,383.62,62.0,69.33,345.26,7.17,14608.0,50.06,80.86,20638.59,30550.0
WO-000192,2025-01-23,2025-01,2025-W04,Morning,M02,P01,358,332,328,4,430.0,383.11,62.0,69.24,273.85,7.17,14608.0,39.71,112.78,20660.15,30832.0
WO-000193,2025-01-23,2025-01,2025-W04,Afternoon,M02,P01,342,312,307,5,430.0,374.31,62.0,71.98,246.68,7.17,13728.0,35.77,55.83,19399.26,28858.0
WO-000194,2025-01-23,2025-01,2025-W04,Morning,M03,P01,339,331,327,4,430.0,374.86,62.0,67.95,402.14,7.17,14564.0,58.31,48.62,20554.6,30738.0
WO-000195,2025-01-23,2025-01,2025-W04,Afternoon,M03,P01,361,325,319,6,430.0,375.89,62.0,69.39,403.36,7.17,14300.0,58.49,17.36,20163.52,29986.0
WO-000196,2025-01-23,2025-01,2025-W04,Morning,M04,P03,573,453,443,10,430.0,328.68,38.0,43.53,265.81,7.17,11778.0,38.54,109.79,16817.5,24808.0
WO-000197,2025-01-23,2025-01,2025-W04,Afternoon,M04,P03,580,431,423,8,430.0,314.81,38.0,43.82,255.95,7.17,11206.0,37.11,82.2,16007.48,23688.0
WO-000198,2025-01-23,2025-01,2025-W04,Morning,M05,P04,217,220,217,3,430.0,385.83,95.0,105.23,207.45,7.17,21780.0,30.08,25.64,30123.39,45570.0
WO-000199,2025-01-23,2025-01,2025-W04,Afternoon,M05,P01,349,318,312,6,430.0,372.5,62.0,70.28,200.0,7.17,13992.0,29.0,13.38,19710.05,29328.0
WO-000200,2025-01-23,2025-01,2025-W04,Morning,M06,P05,426,426,414,12,430.0,397.1,52.0,55.93,243.09,7.17,20448.0,35.25,12.0,28324.91,42228.0
WO-000201,2025-01-23,2025-01,2025-W04,Afternoon,M06,P06,176,160,154,6,430.0,370.61,125.0,138.98,222.49,7.17,22240.0,32.26,12.0,31031.93,45892.0
WO-000202,2025-01-24,2025-01,2025-W04,Morning,M01,P03,543,578,571,7,430.0,406.1,38.0,42.16,379.89,7.17,15028.0,55.08,28.74,21190.49,31976.0
WO-000203,2025-01-24,2025-01,2025-W04,Afternoon,M01,P03,579,559,552,7,430.0,383.69,38.0,41.18,345.71,7.17,14534.0,50.13,57.77,20540.07,30912.0
WO-000204,2025-01-24,2025-01,2025-W04,Morning,M02,P05,425,387,380,7,430.0,380.18,52.0,58.94,275.45,7.17,18576.0,39.94,62.74,25845.35,38760.0
WO-000205,2025-01-24,2025-01,2025-W04,Afternoon,M02,P02,294,282,277,5,430.0,398.84,74.0,84.86,265.67,7.17,16638.0,38.52,12.14,23198.32,34902.0
WO-000206,2025-01-24,2025-01,2025-W04,Morning,M03,P03,566,557,551,6,430.0,374.33,38.0,40.32,403.18,7.17,14482.0,58.46,73.31,20492.94,30856.0
WO-000207,2025-01-24,2025-01,2025-W04,Afternoon,M03,P03,542,576,567,9,430.0,388.75,38.0,40.5,415.36,7.17,14976.0,60.23,32.47,21128.36,31752.0
WO-000208,2025-01-24,2025-01,2025-W04,Morning,M04,P04,233,169,164,5,430.0,312.22,95.0,110.85,265.1,7.17,16731.0,38.44,97.66,23369.77,34440.0
WO-000209,2025-01-24,2025-01,2025-W04,Afternoon,M04,P04,216,166,161,5,430.0,310.52,95.0,112.24,253.16,7.17,16434.0,36.71,93.79,22962.17,33810.0
WO-000210,2025-01-24,2025-01,2025-W04,Morning,M05,P06,170,167,161,6,430.0,385.98,125.0,138.67,217.43,7.17,23213.0,31.53,48.17,32397.36,47978.0
WO-000211,2025-01-24,2025-01,2025-W04,Afternoon,M05,P04,238,216,211,5,430.0,373.9,95.0,103.86,199.29,7.17,21384.0,28.9,23.75,29584.31,44310.0
WO-000212,2025-01-24,2025-01,2025-W04,Morning,M06,P04,218,225,220,5,430.0,391.76,95.0,104.47,239.24,7.17,22275.0,34.69,23.24,30795.6,46200.0
WO-000213,2025-01-24,2025-01,2025-W04,Afternoon,M06,P06,167,183,175,8,430.0,401.15,125.0,131.52,248.38,7.17,25437.0,36.02,40.68,35434.36,52150.0
WO-000214,2025-01-27,2025-01,2025-W05,Morning,M01,P01,366,339,334,5,430.0,380.62,62.0,67.37,332.06,7.17,14916.0,48.15,64.73,21040.54,31396.0
WO-000215,2025-01-27,2025-01,2025-W05,Afternoon,M01,P02,295,269,263,6,430.0,367.88,74.0,82.06,341.15,7.17,15871.0,49.47,109.74,22266.88,33138.0
WO-000216,2025-01-27,2025-01,2025-W05,Morning,M02,P01,359,346,339,7,430.0,385.67,62.0,66.88,280.97,7.17,15224.0,40.74,33.4,21421.8,31866.0
WO-000217,2025-01-27,2025-01,2025-W05,Afternoon,M02,P01,337,328,323,5,430.0,376.28,62.0,68.83,262.89,7.17,14432.0,38.12,48.66,20354.45,30362.0
WO-000218,2025-01-27,2025-01,2025-W05,Morning,M03,P03,554,592,580,12,430.0,385.34,38.0,39.05,415.14,7.17,15392.0,60.19,42.31,21706.17,32480.0
WO-000219,2025-01-27,2025-01,2025-W05,Afternoon,M03,P05,432,426,416,10,430.0,389.23,52.0,54.82,428.23,7.17,20448.0,62.09,32.9,28372.66,42432.0
WO-000220,2025-01-27,2025-01,2025-W05,Morning,M04,P03,600,429,423,6,430.0,301.58,38.0,42.18,251.2,7.17,11154.0,36.42,79.54,15933.13,23688.0
WO-000221,2025-01-27,2025-01,2025-W05,Afternoon,M04,P06,172,129,123,6,430.0,315.73,125.0,146.85,250.59,7.17,17931.0,36.34,84.67,25218.67,36654.0
WO-000222,2025-01-27,2025-01,2025-W05,Afternoon,M05,P04,215,208,203,5,430.0,365.8,95.0,105.52,203.42,7.17,20592.0,29.5,21.24,28510.4,42630.0
WO-000223,2025-01-27,2025-01,2025-W05,Morning,M06,P01,364,348,344,4,430.0,386.27,62.0,66.6,229.63,7.17,15312.0,33.3,49.4,21550.36,32336.0
WO-000224,2025-01-27,2025-01,2025-W05,Afternoon,M06,P06,170,172,166,6,430.0,393.89,125.0,137.4,236.36,7.17,23908.0,34.27,36.32,33338.26,49468.0
WO-000225,2025-01-28,2025-01,2025-W05,Morning,M01,P01,378,355,351,4,430.0,391.45,62.0,66.16,355.48,7.17,15620.0,51.55,58.91,21998.12,32994.0
WO-000226,2025-01-28,2025-01,2025-W05,Afternoon,M01,P03,567,508,500,8,430.0,373.5,38.0,44.11,334.15,7.17,13208.0,48.45,12.0,18682.12,28000.0
WO-000227,2025-01-28,2025-01,2025-W05,Morning,M02,P02,298,277,271,6,430.0,376.82,74.0,81.62,262.18,7.17,16343.0,38.02,52.33,22838.01,34146.0
WO-000228,2025-01-28,2025-01,2025-W05,Afternoon,M02,P05,415,392,383,9,430.0,384.72,52.0,58.89,253.31,7.17,18816.0,36.73,16.14,26120.54,39066.0
WO-000229,2025-01-28,2025-01,2025-W05,Morning,M03,P05,405,427,419,8,430.0,385.64,52.0,54.19,416.07,7.17,20496.0,60.33,35.26,28438.25,42738.0
WO-000230,2025-01-28,2025-01,2025-W05,Afternoon,M03,P01,332,339,335,4,430.0,381.28,62.0,67.48,410.95,7.17,14916.0,59.59,57.84,21045.09,31490.0
WO-000231,2025-01-28,2025-01,2025-W05,Morning,M04,P04,222,174,169,5,430.0,313.25,95.0,108.02,249.02,7.17,17226.0,36.11,128.18,24067.96,35490.0
WO-000232,2025-01-28,2025-01,2025-W05,Afternoon,M04,P03,541,424,416,8,430.0,309.52,38.0,43.8,249.75,7.17,11024.0,36.21,115.79,15791.67,23296.0
WO-000233,2025-01-28,2025-01,2025-W05,Morning,M05,P05,405,394,382,12,430.0,380.98,52.0,58.02,208.7,7.17,18912.0,30.26,15.59,26243.52,38964.0
WO-000234,2025-01-28,2025-01,2025-W05,Afternoon,M05,P06,191,166,160,6,430.0,374.71,125.0,135.44,214.17,7.17,23074.0,31.05,12.04,32170.76,47680.0
WO-000235,2025-01-28,2025-01,2025-W05,Morning,M06,P01,337,369,363,6,430.0,404.63,62.0,65.79,237.49,7.17,16236.0,34.44,71.62,22833.73,34122.0
WO-000236,2025-01-28,2025-01,2025-W05,Afternoon,M06,P01,344,353,348,5,430.0,400.65,62.0,68.1,244.67,7.17,15532.0,35.48,40.2,21843.34,32712.0
WO-000237,2025-01-29,2025-01,2025-W05,Morning,M01,P01,340,331,324,7,430.0,376.55,62.0,68.26,338.86,7.17,14564.0,49.14,15.96,20512.77,30456.0
WO-000238,2025-01-29,2025-01,2025-W05,Afternoon,M01,P03,564,526,522,4,430.0,383.08,38.0,43.7,356.14,7.17,13676.0,51.64,33.28,19345.59,29232.0
WO-000239,2025-01-29,2025-01,2025-W05,Morning,M02,P01,329,335,330,5,430.0,380.66,62.0,68.18,262.34,7.17,14740.0,38.04,12.27,20737.98,31020.0
WO-000240,2025-01-29,2025-01,2025-W05,Afternoon,M02,P05,432,397,390,7,430.0,389.11,52.0,58.81,269.24,7.17,19056.0,39.04,52.05,26483.75,39780.0
WO-000241,2025-01-29,2025-01,2025-W05,Morning,M03,P03,622,567,557,10,430.0,379.82,38.0,40.19,387.94,7.17,14742.0,56.25,23.39,20795.81,31192.0
WO-000242,2025-01-29,2025-01,2025-W05,Afternoon,M03,P05,401,405,392,13,430.0,382.13,52.0,56.61,398.36,7.17,19440.0,57.76,39.38,27009.81,39984.0
WO-000243,2025-01-29,2025-01,2025-W05,Morning,M04,P04,223,179,174,5,430.0,324.49,95.0,108.77,275.1,7.17,17721.0,39.89,100.42,24713.97,36540.0
WO-000244,2025-01-29,2025-01,2025-W05,Afternoon,M04,P06,163,132,126,6,430.0,315.98,125.0,143.63,252.27,7.17,18348.0,36.58,131.34,25835.58,37548.0
WO-000245,2025-01-29,2025-01,2025-W05,Morning,M05,P01,357,355,349,6,430.0,395.07,62.0,66.77,236.84,7.17,15620.0,34.34,12.0,21934.01,32806.0
WO-000246,2025-01-29,2025-01,2025-W05,Afternoon,M05,P06,177,156,150,6,430.0,371.44,125.0,142.86,199.93,7.17,21684.0,28.99,17.68,30274.33,44700.0
WO-000247,2025-01-29,2025-01,2025-W05,Morning,M06,P04,230,227,223,4,430.0,388.77,95.0,102.76,235.03,7.17,22473.0,34.08,110.85,31150.59,46830.0
WO-000248,2025-01-29,2025-01,2025-W05,Afternoon,M06,P01,356,363,357,6,430.0,403.72,62.0,66.73,240.03,7.17,15972.0,34.8,25.11,22427.59,33558.0
WO-000249,2025-01-30,2025-01,2025-W05,Morning,M01,P03,577,557,544,13,430.0,390.92,38.0,42.11,338.16,7.17,14482.0,49.03,12.0,20422.2,30464.0
WO-000250,2025-01-30,2025-01,2025-W05,Afternoon,M01,P01,365,325,319,6,430.0,364.81,62.0,67.35,317.18,7.17,14300.0,45.99,51.99,20185.65,29986.0
WO-000251,2025-01-30,2025-01,2025-W05,Morning,M02,P01,339,351,345,6,430.0,390.88,62.0,66.82,284.56,7.17,15444.0,41.26,56.98,21745.91,32430.0
WO-000252,2025-01-30,2025-01,2025-W05,Afternoon,M02,P02,298,296,289,7,430.0,392.28,74.0,79.52,286.28,7.17,17464.0,41.51,19.24,24328.41,36414.0
WO-000253,2025-01-30,2025-01,2025-W05,Morning,M03,P05,421,423,412,11,430.0,399.61,52.0,56.68,423.03,7.17,20304.0,61.34,56.52,28200.53,42024.0
WO-000254,2025-01-30,2025-01,2025-W05,Afternoon,M03,P05,424,394,383,11,430.0,373.53,52.0,56.88,382.24,7.17,18912.0,55.42,24.9,26277.99,39066.0
WO-000255,2025-01-30,2025-01,2025-W05,Morning,M04,P03,585,417,408,9,430.0,309.34,38.0,44.51,237.61,7.17,10842.0,34.45,81.76,15507.38,22848.0
WO-000256,2025-01-30,2025-01,2025-W05,Afternoon,M04,P06,178,141,135,6,430.0,337.81,125.0,143.75,263.44,7.17,19599.0,38.2,108.87,27524.73,40230.0
WO-000257,2025-01-30,2025-01,2025-W05,Morning,M05,P01,347,347,340,7,430.0,399.6,62.0,69.09,225.26,7.17,15268.0,32.66,55.48,21495.81,31960.0
WO-000258,2025-01-30,2025-01,2025-W05,Afternoon,M05,P05,435,360,350,10,430.0,368.52,52.0,61.42,200.03,7.17,17280.0,29.01,46.98,24063.65,35700.0
WO-000259,2025-01-30,2025-01,2025-W05,Morning,M06,P06,172,180,174,6,430.0,401.31,125.0,133.77,233.75,7.17,25020.0,33.89,16.77,34838.33,51852.0
WO-000260,2025-01-30,2025-01,2025-W05,Afternoon,M06,P01,352,357,351,6,430.0,405.88,62.0,68.21,246.49,7.17,15708.0,35.74,19.15,22062.56,32994.0
WO-000261,2025-01-31,2025-01,2025-W05,Morning,M01,P01,341,328,323,5,430.0,378.86,62.0,69.3,343.79,7.17,14432.0,49.85,67.76,20385.28,30362.0
WO-000262,2025-01-31,2025-01,2025-W05,Afternoon,M01,P03,564,510,499,11,430.0,373.92,38.0,43.99,340.32,7.17,13260.0,49.35,32.84,18774.85,27944.0
WO-000263,2025-01-31,2025-01,2025-W05,Morning,M02,P02,290,275,269,6,430.0,373.57,74.0,81.51,261.81,7.17,16225.0,37.96,32.91,22658.54,33894.0
WO-000264,2025-01-31,2025-01,2025-W05,Afternoon,M02,P05,427,380,369,11,430.0,356.48,52.0,56.29,257.65,7.17,18240.0,37.36,12.51,25337.53,37638.0
WO-000265,2025-01-31,2025-01,2025-W05,Morning,M03,P05,419,434,425,9,430.0,400.92,52.0,55.43,424.5,7.17,20832.0,61.55,12.0,28871.22,43350.0
WO-000266,2025-01-31,2025-01,2025-W05,Afternoon,M03,P01,331,341,335,6,430.0,384.46,62.0,67.65,406.13,7.17,15004.0,58.89,51.0,21157.55,31490.0
WO-000267,2025-01-31,2025-01,2025-W05,Morning,M04,P03,579,438,429,9,430.0,318.01,38.0,43.56,255.16,7.17,11388.0,37.0,111.64,16285.31,24024.0
WO-000268,2025-01-31,2025-01,2025-W05,Afternoon,M04,P06,191,126,119,7,430.0,311.23,125.0,148.21,246.89,7.17,17514.0,35.8,147.2,24710.67,35462.0
WO-000269,2025-01-31,2025-01,2025-W05,Morning,M05,P01,359,315,312,3,430.0,360.74,62.0,68.71,202.14,7.17,13860.0,29.31,28.95,19545.93,29328.0
WO-000270,2025-01-31,2025-01,2025-W05,Afternoon,M05,P06,184,145,140,5,430.0,339.49,125.0,140.48,188.1,7.17,20155.0,27.27,72.18,28237.12,41720.0
WO-000271,2025-01-31,2025-01,2025-W05,Morning,M06,P01,386,363,358,5,430.0,403.52,62.0,66.7,242.05,7.17,15972.0,35.1,30.26,22433.03,33652.0
WO-000272,2025-01-31,2025-01,2025-W05,Afternoon,M06,P06,169,169,162,7,430.0,379.96,125.0,134.9,236.61,7.17,23491.0,34.31,12.0,32743.97,48276.0
WO-000273,2025-02-03,2025-02,2025-W06,Morning,M01,P02,314,279,273,6,430.0,380.53,74.0,81.83,351.75,7.17,16461.0,51.0,12.0,22970.67,34398.0
WO-000274,2025-02-03,2025-02,2025-W06,Afternoon,M01,P02,299,273,268,5,430.0,377.42,74.0,82.95,343.05,7.17,16107.0,49.74,28.68,22506.09,33768.0
WO-000275,2025-02-03,2025-02,2025-W06,Morning,M02,P02,290,293,286,7,430.0,399.79,74.0,81.87,274.52,7.17,17287.0,39.81,15.48,24082.96,36036.0
WO-000276,2025-02-03,2025-02,2025-W06,Afternoon,M02,P05,458,374,365,9,430.0,376.56,52.0,60.41,254.89,7.17,17952.0,36.96,21.4,24956.02,37230.0
WO-000277,2025-02-03,2025-02,2025-W06,Morning,M03,P05,454,414,405,9,430.0,389.24,52.0,56.41,408.79,7.17,19872.0,59.27,73.29,27630.23,41310.0
WO-000278,2025-02-03,2025-02,2025-W06,Afternoon,M03,P03,605,550,541,9,430.0,384.78,38.0,41.98,399.82,7.17,14300.0,57.97,12.69,20183.33,30296.0
WO-000279,2025-02-03,2025-02,2025-W06,Morning,M04,P03,556,429,420,9,430.0,312.34,38.0,43.68,255.84,7.17,11154.0,37.1,70.26,15924.52,23520.0
WO-000280,2025-02-03,2025-02,2025-W06,Afternoon,M04,P04,247,165,159,6,430.0,306.49,95.0,111.45,254.15,7.17,16335.0,36.85,84.46,22818.98,33390.0
WO-000281,2025-02-03,2025-02,2025-W06,Morning,M05,P06,187,163,156,7,430.0,372.54,125.0,137.13,210.01,7.17,22657.0,30.45,59.47,31647.59,46488.0
WO-000282,2025-02-03,2025-02,2025-W06,Afternoon,M05,P06,180,152,147,5,430.0,374.91,125.0,147.99,206.16,7.17,21128.0,29.89,39.11,29536.67,43806.0
WO-000283,2025-02-03,2025-02,2025-W06,Morning,M06,P04,245,232,226,6,430.0,402.94,95.0,104.21,236.05,7.17,22968.0,34.23,36.18,31746.07,47460.0
WO-000284,2025-02-03,2025-02,2025-W06,Afternoon,M06,P05,452,424,412,12,430.0,403.84,52.0,57.15,231.99,7.17,20352.0,33.64,23.32,28204.63,42024.0
WO-000285,2025-02-04,2025-02,2025-W06,Morning,M01,P03,591,574,566,8,430.0,397.96,38.0,41.6,360.27,7.17,14924.0,52.24,55.6,21072.5,31696.0
WO-000286,2025-02-04,2025-02,2025-W06,Morning,M02,P05,437,392,382,10,430.0,377.41,52.0,57.77,260.21,7.17,18816.0,37.73,46.31,26151.71,38964.0
WO-000287,2025-02-04,2025-02,2025-W06,Afternoon,M02,P02,303,271,265,6,430.0,384.66,74.0,85.17,279.67,7.17,15989.0,40.55,33.79,22342.01,33390.0
WO-000288,2025-02-04,2025-02,2025-W06,Morning,M03,P05,444,400,390,10,430.0,370.54,52.0,55.58,386.67,7.17,19200.0,56.07,26.05,26669.78,39780.0
WO-000289,2025-02-04,2025-02,2025-W06,Afternoon,M03,P05,453,396,388,8,430.0,372.73,52.0,56.47,379.96,7.17,19008.0,55.09,19.56,26402.32,39576.0
WO-000290,2025-02-04,2025-02,2025-W06,Morning,M04,P06,185,134,128,6,430.0,329.82,125.0,147.68,253.45,7.17,18626.0,36.75,64.64,26149.05,38144.0
WO-000291,2025-02-04,2025-02,2025-W06,Afternoon,M04,P03,564,457,445,12,430.0,322.52,38.0,42.34,271.28,7.17,11882.0,39.34,92.16,16942.66,24920.0
WO-000292,2025-02-04,2025-02,2025-W06,Morning,M05,P06,179,163,158,5,430.0,379.41,125.0,139.66,201.4,7.17,22657.0,29.2,16.55,31603.42,47084.0
WO-000293,2025-02-04,2025-02,2025-W06,Afternoon,M05,P05,446,393,383,10,430.0,375.4,52.0,57.31,209.44,7.17,18864.0,30.37,27.24,26190.27,39066.0
WO-000294,2025-02-04,2025-02,2025-W06,Morning,M06,P04,234,237,232,5,430.0,397.8,95.0,100.71,238.88,7.17,23463.0,34.64,132.82,32513.12,48720.0
WO-000295,2025-02-04,2025-02,2025-W06,Afternoon,M06,P04,245,224,219,5,430.0,395.4,95.0,105.91,241.7,7.17,22176.0,35.05,57.29,30696.0,45990.0
WO-000296,2025-02-05,2025-02,2025-W06,Morning,M01,P03,606,547,539,8,430.0,386.57,38.0,42.4,342.67,7.17,14222.0,49.69,74.33,20130.18,30184.0
WO-000297,2025-02-05,2025-02,2025-W06,Afternoon,M01,P03,614,552,545,7,430.0,387.16,38.0,42.08,346.17,7.17,14352.0,50.19,49.91,20283.77,30520.0
WO-000298,2025-02-05,2025-02,2025-W06,Morning,M02,P01,380,326,322,4,430.0,379.03,62.0,69.76,266.08,7.17,14344.0,38.58,56.47,20242.72,30268.0
WO-000299,2025-02-05,2025-02,2025-W06,Afternoon,M02,P02,300,266,259,7,430.0,362.38,74.0,81.74,251.97,7.17,15694.0,36.54,43.22,21947.42,32634.0
WO-000300,2025-02-05,2025-02,2025-W06,Morning,M03,P03,569,540,533,7,430.0,372.2,38.0,41.36,394.54,7.17,14040.0,57.21,12.0,19826.87,29848.0
WO-000301,2025-02-05,2025-02,2025-W06,Afternoon,M03,P05,406,404,393,11,430.0,374.24,52.0,55.58,393.04,7.17,19392.0,56.99,36.98,26941.64,40086.0
WO-000302,2025-02-05,2025-02,2025-W06,Morning,M04,P03,579,425,417,8,430.0,309.27,38.0,43.66,249.27,7.17,11050.0,36.14,90.96,15802.27,23352.0
WO-000303,2025-02-05,2025-02,2025-W06,Afternoon,M04,P04,241,157,152,5,430.0,295.88,95.0,113.08,243.01,7.17,15543.0,35.24,84.9,21745.8,31920.0
WO-000304,2025-02-05,2025-02,2025-W06,Morning,M05,P04,231,216,211,5,430.0,373.51,95.0,103.75,209.19,7.17,21384.0,30.33,37.43,29599.43,44310.0
WO-000305,2025-02-05,2025-02,2025-W06,Afternoon,M05,P04,247,203,199,4,430.0,363.15,95.0,107.33,201.16,7.17,20097.0,29.17,88.15,27906.99,41790.0
WO-000306,2025-02-05,2025-02,2025-W06,Morning,M06,P05,455,442,433,9,430.0,404.38,52.0,54.89,244.44,7.17,21216.0,35.44,19.81,29372.92,44166.0
WO-000307,2025-02-05,2025-02,2025-W06,Afternoon,M06,P06,186,178,171,7,430.0,402.7,125.0,135.74,239.3,7.17,24742.0,34.7,49.65,34492.01,50958.0
WO-000308,2025-02-06,2025-02,2025-W06,Morning,M01,P02,312,285,277,8,430.0,380.16,74.0,80.03,353.31,7.17,16815.0,51.23,12.0,23450.9,34902.0
WO-000309,2025-02-06,2025-02,2025-W06,Afternoon,M01,P02,290,288,281,7,430.0,393.3,74.0,81.94,364.16,7.17,16992.0,52.8,13.45,23693.92,35406.0
WO-000310,2025-02-06,2025-02,2025-W06,Morning,M02,P02,315,280,275,5,430.0,382.12,74.0,81.88,268.38,7.17,16520.0,38.91,18.85,23045.43,34650.0
WO-000311,2025-02-06,2025-02,2025-W06,Afternoon,M02,P02,308,280,273,7,430.0,381.83,74.0,81.82,263.66,7.17,16520.0,38.23,75.57,23101.46,34398.0
WO-000312,2025-02-06,2025-02,2025-W06,Morning,M03,P01,355,350,346,4,430.0,384.83,62.0,65.97,385.14,7.17,15400.0,55.85,46.44,21689.95,32524.0
WO-000313,2025-02-06,2025-02,2025-W06,Afternoon,M03,P05,454,412,400,12,430.0,384.75,52.0,56.03,420.96,7.17,19776.0,61.04,76.87,27505.57,40800.0
WO-000314,2025-02-06,2025-02,2025-W06,Morning,M04,P06,169,139,133,6,430.0,334.12,125.0,144.22,262.1,7.17,19321.0,38.0,74.78,27110.45,39634.0
WO-000315,2025-02-06,2025-02,2025-W06,Afternoon,M04,P06,178,131,126,5,430.0,322.34,125.0,147.64,242.05,7.17,18209.0,35.1,87.36,25600.12,37548.0
WO-000316,2025-02-06,2025-02,2025-W06,Morning,M05,P01,362,325,318,7,430.0,376.98,62.0,69.6,211.62,7.17,14300.0,30.69,97.88,20216.23,29892.0
WO-000317,2025-02-06,2025-02,2025-W06,Afternoon,M05,P06,184,159,153,6,430.0,372.26,125.0,140.48,216.54,7.17,22101.0,31.4,59.93,30889.0,45594.0
WO-000318,2025-02-06,2025-02,2025-W06,Morning,M06,P06,186,185,179,6,430.0,412.7,125.0,133.85,243.16,7.17,25715.0,35.26,41.02,35813.95,53342.0
WO-000319,2025-02-06,2025-02,2025-W06,Afternoon,M06,P06,180,175,169,6,430.0,400.48,125.0,137.31,232.32,7.17,24325.0,33.69,23.27,33894.62,50362.0
WO-000320,2025-02-07,2025-02,2025-W06,Morning,M01,P02,303,276,270,6,430.0,375.22,74.0,81.57,343.67,7.17,16284.0,49.83,40.14,22757.64,34020.0
WO-000321,2025-02-07,2025-02,2025-W06,Afternoon,M01,P02,302,277,270,7,430.0,381.39,74.0,82.61,358.47,7.17,16343.0,51.98,49.51,22849.15,34020.0
WO-000322,2025-02-07,2025-02,2025-W06,Morning,M02,P05,444,370,361,9,430.0,363.49,52.0,58.94,253.83,7.17,17760.0,36.8,27.57,24702.05,36822.0
WO-000323,2025-02-07,2025-02,2025-W06,Afternoon,M02,P02,311,258,251,7,430.0,374.7,74.0,87.14,261.6,7.17,15222.0,37.93,26.71,21292.31,31626.0
WO-000324,2025-02-07,2025-02,2025-W06,Morning,M03,P01,363,352,347,5,430.0,391.03,62.0,66.65,411.04,7.17,15488.0,59.6,24.5,21791.77,32618.0
WO-000325,2025-02-07,2025-02,2025-W06,Afternoon,M03,P03,613,567,558,9,430.0,392.08,38.0,41.49,401.87,7.17,14742.0,58.27,49.65,20824.09,31248.0
WO-000326,2025-02-07,2025-02,2025-W06,Morning,M04,P03,621,450,439,11,430.0,323.88,38.0,43.18,261.21,7.17,11700.0,37.88,91.25,16691.79,24584.0
WO-000327,2025-02-07,2025-02,2025-W06,Afternoon,M04,P04,244,172,167,5,430.0,316.93,95.0,110.56,253.61,7.17,17028.0,36.77,129.49,23801.93,35070.0
WO-000328,2025-02-07,2025-02,2025-W06,Morning,M05,P06,171,162,156,6,430.0,373.51,125.0,138.34,214.66,7.17,22518.0,31.13,23.84,31422.63,46488.0
WO-000329,2025-02-07,2025-02,2025-W06,Afternoon,M05,P05,404,355,346,9,430.0,361.33,52.0,61.07,202.74,7.17,17040.0,29.4,12.0,23704.06,35292.0
WO-000330,2025-02-07,2025-02,2025-W06,Morning,M06,P01,373,379,375,4,430.0,416.18,62.0,65.89,250.51,7.17,16676.0,36.32,12.0,23375.99,35250.0
WO-000331,2025-02-07,2025-02,2025-W06,Afternoon,M06,P05,462,397,387,10,430.0,376.46,52.0,56.9,222.52,7.17,19056.0,32.27,111.41,26536.34,39474.0
WO-000332,2025-02-10,2025-02,2025-W07,Morning,M01,P01,366,341,334,7,430.0,399.9,62.0,70.36,342.23,7.17,15004.0,49.62,78.09,21175.38,31396.0
WO-000333,2025-02-10,2025-02,2025-W07,Afternoon,M01,P02,317,277,271,6,430.0,376.12,74.0,81.47,353.73,7.17,16343.0,51.29,31.51,22830.47,34146.0
WO-000334,2025-02-10,2025-02,2025-W07,Morning,M02,P05,423,369,360,9,430.0,367.14,52.0,59.7,260.04,7.17,17712.0,37.71,44.27,24654.64,36720.0
WO-000335,2025-02-10,2025-02,2025-W07,Afternoon,M02,P05,421,368,359,9,430.0,369.92,52.0,60.31,278.13,7.17,17664.0,40.33,93.16,24641.15,36618.0
WO-000336,2025-02-10,2025-02,2025-W07,Morning,M03,P01,387,332,327,5,430.0,362.79,62.0,65.57,389.27,7.17,14608.0,56.44,60.01,20624.12,30738.0
WO-000337,2025-02-10,2025-02,2025-W07,Afternoon,M03,P03,587,532,524,8,430.0,366.16,38.0,41.3,386.11,7.17,13832.0,55.99,97.0,19626.65,29344.0
WO-000338,2025-02-10,2025-02,2025-W07,Morning,M04,P03,602,428,418,10,430.0,309.94,38.0,43.45,240.49,7.17,11128.0,34.87,74.37,15890.91,23408.0
WO-000339,2025-02-10,2025-02,2025-W07,Afternoon,M04,P03,589,420,411,9,430.0,316.48,38.0,45.21,267.63,7.17,10920.0,38.81,157.95,15694.42,23016.0
WO-000340,2025-02-10,2025-02,2025-W07,Morning,M05,P01,364,340,333,7,430.0,386.27,62.0,68.16,209.57,7.17,14960.0,30.39,40.4,21058.46,31302.0
WO-000341,2025-02-10,2025-02,2025-W07,Afternoon,M05,P06,179,160,154,6,430.0,370.73,125.0,139.03,198.39,7.17,22240.0,28.77,92.37,31108.8,45892.0
WO-000342,2025-02-10,2025-02,2025-W07,Morning,M06,P06,185,172,164,8,430.0,395.73,125.0,138.05,226.04,7.17,23908.0,32.78,40.16,33340.6,48872.0
WO-000343,2025-02-10,2025-02,2025-W07,Afternoon,M06,P01,360,346,341,5,430.0,385.25,62.0,66.81,239.93,7.17,15224.0,34.79,49.11,21431.57,32054.0
WO-000344,2025-02-11,2025-02,2025-W07,Morning,M01,P03,606,542,536,6,430.0,371.37,38.0,41.11,343.74,7.17,14092.0,49.84,27.63,19906.14,30016.0
WO-000345,2025-02-11,2025-02,2025-W07,Afternoon,M01,P02,305,270,265,5,430.0,363.87,74.0,80.86,319.94,7.17,15930.0,46.39,22.36,22256.42,33390.0
WO-000346,2025-02-11,2025-02,2025-W07,Morning,M02,P01,353,323,319,4,430.0,379.0,62.0,70.4,268.46,7.17,14212.0,38.93,54.63,20061.22,29986.0
WO-000347,2025-02-11,2025-02,2025-W07,Afternoon,M02,P01,374,318,314,4,430.0,354.03,62.0,66.8,252.23,7.17,13992.0,36.57,20.47,19724.71,29516.0
WO-000348,2025-02-11,2025-02,2025-W07,Morning,M03,P01,364,351,347,4,430.0,388.88,62.0,66.47,411.05,7.17,15444.0,59.6,60.35,21767.61,32618.0
WO-000349,2025-02-11,2025-02,2025-W07,Afternoon,M03,P01,339,353,347,6,430.0,394.51,62.0,67.06,419.22,7.17,15532.0,60.79,53.17,21881.63,32618.0
WO-000350,2025-02-11,2025-02,2025-W07,Morning,M04,P06,175,139,132,7,430.0,332.22,125.0,143.41,248.92,7.17,19321.0,36.09,126.46,27160.22,39336.0
WO-000351,2025-02-11,2025-02,2025-W07,Afternoon,M04,P04,246,178,173,5,430.0,314.62,95.0,106.05,252.51,7.17,17622.0,36.61,113.53,24589.82,36330.0
WO-000352,2025-02-11,2025-02,2025-W07,Morning,M05,P04,243,221,217,4,430.0,381.53,95.0,103.58,217.34,7.17,21879.0,31.51,71.87,30305.06,45570.0
WO-000353,2025-02-11,2025-02,2025-W07,Afternoon,M05,P05,437,411,403,8,430.0,399.39,52.0,58.31,228.42,7.17,19728.0,33.12,36.0,27371.78,41106.0
WO-000354,2025-02-11,2025-02,2025-W07,Morning,M06,P01,380,354,349,5,430.0,401.35,62.0,68.03,247.64,7.17,15576.0,35.91,26.52,21890.1,32806.0
WO-000355,2025-02-11,2025-02,2025-W07,Afternoon,M06,P04,237,231,226,5,430.0,399.11,95.0,103.67,241.97,7.17,22869.0,35.09,12.0,31588.75,47460.0
WO-000356,2025-02-12,2025-02,2025-W07,Morning,M01,P01,383,344,340,4,430.0,384.02,62.0,66.98,367.51,7.17,15136.0,53.29,21.8,21302.76,31960.0
WO-000357,2025-02-12,2025-02,2025-W07,Afternoon,M01,P01,353,340,334,6,430.0,379.74,62.0,67.01,334.52,7.17,14960.0,48.51,44.63,21080.8,31396.0
WO-000358,2025-02-12,2025-02,2025-W07,Morning,M02,P01,372,321,315,6,430.0,380.08,62.0,71.04,271.92,7.17,14124.0,39.43,85.79,19972.89,29610.0
WO-000359,2025-02-12,2025-02,2025-W07,Afternoon,M02,P01,367,342,338,4,430.0,395.97,62.0,69.47,273.26,7.17,15048.0,39.62,14.01,21161.3,31772.0
WO-000360,2025-02-12,2025-02,2025-W07,Afternoon,M03,P05,442,406,397,9,430.0,383.7,52.0,56.7,381.4,7.17,19488.0,55.3,59.26,27092.23,40494.0
WO-000361,2025-02-12,2025-02,2025-W07,Morning,M04,P06,187,135,129,6,430.0,325.99,125.0,144.88,264.21,7.17,18765.0,38.31,68.55,26344.52,38442.0
WO-000362,2025-02-12,2025-02,2025-W07,Afternoon,M04,P06,195,137,131,6,430.0,330.48,125.0,144.73,261.11,7.17,19043.0,37.86,64.04,26719.57,39038.0
WO-000363,2025-02-12,2025-02,2025-W07,Morning,M05,P04,236,230,224,6,430.0,400.17,95.0,104.39,229.7,7.17,22770.0,33.31,18.59,31459.57,47040.0
WO-000364,2025-02-12,2025-02,2025-W07,Afternoon,M05,P05,429,371,361,10,430.0,365.07,52.0,59.04,194.76,7.17,17808.0,28.24,22.39,24753.29,36822.0
WO-000365,2025-02-12,2025-02,2025-W07,Morning,M06,P06,187,182,176,6,430.0,400.73,125.0,132.11,247.59,7.17,25298.0,35.9,68.2,35271.77,52448.0
WO-000366,2025-02-12,2025-02,2025-W07,Afternoon,M06,P04,228,226,220,6,430.0,390.9,95.0,103.78,234.91,7.17,22374.0,34.06,24.53,30930.26,46200.0
WO-000367,2025-02-13,2025-02,2025-W07,Morning,M01,P02,320,283,278,5,430.0,370.93,74.0,78.64,343.06,7.17,16697.0,49.74,79.65,23357.06,35028.0
WO-000368,2025-02-13,2025-02,2025-W07,Afternoon,M01,P03,564,509,502,7,430.0,363.91,38.0,42.9,330.89,7.17,13234.0,47.98,59.33,18764.47,28112.0
WO-000369,2025-02-13,2025-02,2025-W07,Morning,M02,P01,369,341,337,4,430.0,381.67,62.0,67.16,275.95,7.17,15004.0,40.01,48.03,21135.71,31678.0
WO-000370,2025-02-13,2025-02,2025-W07,Afternoon,M02,P01,357,310,304,6,430.0,360.19,62.0,69.72,256.59,7.17,13640.0,37.21,32.0,19256.88,28576.0
WO-000371,2025-02-13,2025-02,2025-W07,Morning,M03,P05,432,408,399,9,430.0,387.45,52.0,56.98,388.4,7.17,19584.0,56.32,29.1,27193.09,40698.0
WO-000372,2025-02-13,2025-02,2025-W07,Afternoon,M03,P05,414,415,403,12,430.0,385.72,52.0,55.77,405.95,7.17,19920.0,58.86,14.73,27636.26,41106.0
WO-000373,2025-02-13,2025-02,2025-W07,Morning,M04,P04,237,185,181,4,430.0,318.0,95.0,103.13,252.77,7.17,18315.0,36.65,113.78,25528.1,38010.0
WO-000374,2025-02-13,2025-02,2025-W07,Afternoon,M04,P04,243,165,161,4,430.0,301.72,95.0,109.72,245.69,7.17,16335.0,35.63,133.49,22866.78,33810.0
WO-000375,2025-02-13,2025-02,2025-W07,Morning,M05,P05,444,418,410,8,430.0,395.12,52.0,56.72,214.6,7.17,20064.0,31.12,13.3,27802.09,41820.0
WO-000376,2025-02-13,2025-02,2025-W07,Afternoon,M05,P05,446,378,371,7,430.0,371.35,52.0,58.95,201.72,7.17,18144.0,29.25,38.31,25225.23,37842.0
WO-000377,2025-02-13,2025-02,2025-W07,Morning,M06,P01,371,343,337,6,430.0,389.81,62.0,68.19,230.38,7.17,15092.0,33.4,38.08,21239.15,31678.0
WO-000378,2025-02-13,2025-02,2025-W07,Afternoon,M06,P06,171,182,176,6,430.0,402.91,125.0,132.83,257.03,7.17,25298.0,37.27,28.53,35233.46,52448.0
WO-000379,2025-02-14,2025-02,2025-W07,Morning,M01,P02,301,276,270,6,430.0,372.45,74.0,80.97,346.58,7.17,16284.0,50.25,29.44,22747.36,34020.0
WO-000380,2025-02-14,2025-02,2025-W07,Afternoon,M01,P01,362,341,338,3,430.0,382.64,62.0,67.33,341.52,7.17,15004.0,49.52,44.4,21141.59,31772.0
WO-000381,2025-02-14,2025-02,2025-W07,Morning,M02,P05,439,420,411,9,430.0,403.9,52.0,57.7,271.38,7.17,20160.0,39.35,57.61,27984.63,41922.0
WO-000382,2025-02-14,2025-02,2025-W07,Afternoon,M02,P01,362,337,332,5,430.0,384.27,62.0,68.42,263.58,7.17,14828.0,38.22,29.77,20875.65,31208.0
WO-000383,2025-02-14,2025-02,2025-W07,Morning,M03,P01,363,356,352,4,430.0,390.49,62.0,65.81,400.75,7.17,15664.0,58.11,26.77,22032.55,33088.0
WO-000384,2025-02-14,2025-02,2025-W07,Afternoon,M03,P01,388,350,344,6,430.0,395.7,62.0,67.83,412.13,7.17,15400.0,59.76,29.98,21677.4,32336.0
WO-000385,2025-02-14,2025-02,2025-W07,Morning,M04,P06,182,141,134,7,430.0,330.16,125.0,140.5,269.07,7.17,19599.0,39.02,103.02,27519.7,39932.0
WO-000386,2025-02-14,2025-02,2025-W07,Afternoon,M04,P03,606,429,420,9,430.0,313.18,38.0,43.8,243.1,7.17,11154.0,35.25,77.53,15929.95,23520.0
WO-000387,2025-02-14,2025-02,2025-W07,Morning,M05,P01,376,325,321,4,430.0,382.34,62.0,70.59,228.64,7.17,14300.0,33.15,16.11,20136.93,30174.0
WO-000388,2025-02-14,2025-02,2025-W07,Afternoon,M05,P05,451,395,384,11,430.0,377.55,52.0,57.35,212.13,7.17,18960.0,30.76,53.29,26346.72,39168.0
WO-000389,2025-02-14,2025-02,2025-W07,Morning,M06,P04,232,231,227,4,430.0,400.71,95.0,104.08,235.06,7.17,22869.0,34.08,34.5,31610.25,47670.0
WO-000390,2025-02-14,2025-02,2025-W07,Afternoon,M06,P06,184,181,174,7,430.0,402.45,125.0,133.41,250.08,7.17,25159.0,36.26,45.43,35059.36,51852.0
WO-000391,2025-02-17,2025-02,2025-W08,Morning,M01,P02,330,279,272,7,430.0,377.48,74.0,81.18,346.65,7.17,16461.0,50.26,12.37,22970.3,34272.0
WO-000392,2025-02-17,2025-02,2025-W08,Afternoon,M01,P02,310,297,288,9,430.0,394.65,74.0,79.73,335.1,7.17,17523.0,48.59,53.26,24449.52,36288.0
WO-000393,2025-02-17,2025-02,2025-W08,Morning,M02,P02,289,274,267,7,430.0,389.62,74.0,85.32,275.98,7.17,16166.0,40.02,65.4,22613.09,33642.0
WO-000394,2025-02-17,2025-02,2025-W08,Morning,M03,P03,558,594,587,7,430.0,401.79,38.0,40.58,431.63,7.17,15444.0,62.59,32.07,21769.32,32872.0
WO-000395,2025-02-17,2025-02,2025-W08,Afternoon,M03,P03,618,561,554,7,430.0,389.83,38.0,41.69,412.15,7.17,14586.0,59.76,13.07,20576.0,31024.0
WO-000396,2025-02-17,2025-02,2025-W08,Morning,M04,P03,596,434,425,9,430.0,318.27,38.0,44.0,253.08,7.17,11284.0,36.7,114.21,16145.58,23800.0
WO-000397,2025-02-17,2025-02,2025-W08,Afternoon,M04,P04,245,180,175,5,430.0,327.28,95.0,109.09,268.11,7.17,17820.0,38.88,62.33,24808.87,36750.0
WO-000398,2025-02-17,2025-02,2025-W08,Morning,M05,P05,416,375,364,11,430.0,364.68,52.0,58.35,214.2,7.17,18000.0,31.06,40.5,25034.22,37128.0
WO-000399,2025-02-17,2025-02,2025-W08,Afternoon,M05,P01,350,322,318,4,430.0,385.24,62.0,71.78,224.54,7.17,14168.0,32.56,24.52,19964.74,29892.0
WO-000400,2025-02-17,2025-02,2025-W08,Morning,M06,P04,244,227,222,5,430.0,399.65,95.0,105.64,242.29,7.17,22473.0,35.13,108.68,31149.48,46620.0
WO-000401,2025-02-17,2025-02,2025-W08,Afternoon,M06,P05,459,428,418,10,430.0,403.0,52.0,56.5,237.96,7.17,20544.0,34.5,50.04,28492.21,42636.0
WO-000402,2025-02-18,2025-02,2025-W08,Morning,M01,P03,586,575,570,5,430.0,386.52,38.0,40.33,365.02,7.17,14950.0,52.93,56.24,21109.33,31920.0
WO-000403,2025-02-18,2025-02,2025-W08,Afternoon,M01,P02,291,279,271,8,430.0,375.42,74.0,80.74,338.25,7.17,16461.0,49.05,17.94,22974.66,34146.0
WO-000404,2025-02-18,2025-02,2025-W08,Morning,M02,P02,309,262,260,2,430.0,366.97,74.0,84.04,256.48,7.17,15458.0,37.19,46.56,21631.42,32760.0
WO-000405,2025-02-18,2025-02,2025-W08,Afternoon,M02,P01,350,316,312,4,430.0,362.6,62.0,68.85,258.92,7.17,13904.0,37.54,32.23,19617.44,29328.0
WO-000406,2025-02-18,2025-02,2025-W08,Morning,M03,P03,582,578,574,4,430.0,390.26,38.0,40.51,410.97,7.17,15028.0,59.59,27.86,21194.12,32144.0
WO-000407,2025-02-18,2025-02,2025-W08,Afternoon,M03,P01,361,339,334,5,430.0,383.09,62.0,67.8,411.91,7.17,14916.0,59.73,12.0,20999.39,31396.0
WO-000408,2025-02-18,2025-02,2025-W08,Morning,M04,P06,193,134,128,6,430.0,324.23,125.0,145.18,262.95,7.17,18626.0,38.13,81.96,26167.76,38144.0
WO-000409,2025-02-18,2025-02,2025-W08,Afternoon,M04,P03,627,417,405,12,430.0,300.88,38.0,43.29,243.39,7.17,10842.0,35.29,97.67,15524.13,22680.0
WO-000410,2025-02-18,2025-02,2025-W08,Morning,M05,P06,184,169,162,7,430.0,388.22,125.0,137.83,222.95,7.17,23491.0,32.33,14.1,32744.1,48276.0
WO-000411,2025-02-18,2025-02,2025-W08,Afternoon,M05,P05,451,380,372,8,430.0,365.16,52.0,57.66,199.17,7.17,18240.0,28.88,12.0,25328.55,37944.0
WO-000412,2025-02-18,2025-02,2025-W08,Morning,M06,P01,377,355,349,6,430.0,397.94,62.0,67.26,230.05,7.17,15620.0,33.36,13.68,21934.7,32806.0
WO-000413,2025-02-18,2025-02,2025-W08,Afternoon,M06,P05,446,427,414,13,430.0,401.64,52.0,56.44,239.9,7.17,20496.0,34.79,23.29,28400.74,42228.0
WO-000414,2025-02-19,2025-02,2025-W08,Morning,M01,P01,355,342,335,7,430.0,401.26,62.0,70.4,373.57,7.17,15048.0,54.17,20.41,21182.24,31490.0
WO-000415,2025-02-19,2025-02,2025-W08,Afternoon,M01,P01,369,321,314,7,430.0,373.58,62.0,69.83,344.92,7.17,14124.0,50.01,60.12,19957.8,29516.0
WO-000416,2025-02-19,2025-02,2025-W08,Morning,M02,P05,441,389,380,9,430.0,379.04,52.0,58.46,256.02,7.17,18672.0,37.12,20.49,25930.27,38760.0
WO-000417,2025-02-19,2025-02,2025-W08,Afternoon,M02,P02,315,275,268,7,430.0,372.19,74.0,81.21,254.27,7.17,16225.0,36.87,30.71,22655.24,33768.0
WO-000418,2025-02-19,2025-02,2025-W08,Morning,M03,P01,355,343,336,7,430.0,386.43,62.0,67.6,384.82,7.17,15092.0,55.8,13.18,21236.64,31584.0
WO-000419,2025-02-19,2025-02,2025-W08,Afternoon,M03,P01,362,360,354,6,430.0,392.02,62.0,65.34,394.15,7.17,15840.0,57.15,53.42,22298.24,33276.0
WO-000420,2025-02-19,2025-02,2025-W08,Morning,M04,P04,223,198,192,6,430.0,348.66,95.0,105.65,289.05,7.17,19602.0,41.91,80.27,27241.85,40320.0
WO-000421,2025-02-19,2025-02,2025-W08,Afternoon,M04,P03,589,421,412,9,430.0,321.06,38.0,45.76,263.55,7.17,10946.0,38.21,83.13,15654.51,23072.0
WO-000422,2025-02-19,2025-02,2025-W08,Morning,M05,P06,174,178,172,6,430.0,412.31,125.0,138.98,227.78,7.17,24742.0,33.03,52.53,34493.22,51256.0
WO-000423,2025-02-19,2025-02,2025-W08,Afternoon,M05,P06,180,153,148,5,430.0,362.76,125.0,142.26,206.84,7.17,21267.0,29.99,20.98,29708.63,44104.0
WO-000424,2025-02-19,2025-02,2025-W08,Morning,M06,P04,223,234,229,5,430.0,389.7,95.0,99.92,236.57,7.17,23166.0,34.3,12.0,31989.97,48090.0
WO-000425,2025-02-19,2025-02,2025-W08,Afternoon,M06,P05,423,421,409,12,430.0,406.12,52.0,57.88,246.01,7.17,20208.0,35.67,12.0,28000.34,41718.0
WO-000426,2025-02-20,2025-02,2025-W08,Morning,M01,P03,592,554,549,5,430.0,374.88,38.0,40.6,332.34,7.17,14404.0,48.19,14.72,20317.58,30744.0
WO-000427,2025-02-20,2025-02,2025-W08,Afternoon,M01,P01,372,341,335,6,430.0,378.19,62.0,66.54,334.7,7.17,15004.0,48.53,34.99,21131.19,31490.0
WO-000428,2025-02-20,2025-02,2025-W08,Morning,M02,P02,293,272,267,5,430.0,366.11,74.0,80.76,260.4,7.17,16048.0,37.76,12.0,22397.42,33642.0
WO-000429,2025-02-20,2025-02,2025-W08,Afternoon,M02,P05,407,362,352,10,430.0,351.08,52.0,58.19,244.73,7.17,17376.0,35.49,72.49,24225.65,35904.0
WO-000430,2025-02-20,2025-02,2025-W08,Morning,M03,P01,375,367,361,6,430.0,408.88,62.0,66.85,428.25,7.17,16148.0,62.1,13.81,22683.58,33934.0
WO-000431,2025-02-20,2025-02,2025-W08,Afternoon,M03,P03,613,543,535,8,430.0,374.44,38.0,41.37,386.77,7.17,14118.0,56.08,71.84,19992.09,29960.0
WO-000432,2025-02-20,2025-02,2025-W08,Morning,M04,P04,237,183,178,5,430.0,336.55,95.0,110.34,278.78,7.17,18117.0,40.42,113.81,25263.9,37380.0
WO-000433,2025-02-20,2025-02,2025-W08,Afternoon,M04,P04,250,170,165,5,430.0,312.93,95.0,110.45,265.45,7.17,16830.0,38.49,97.66,23503.82,34650.0
WO-000434,2025-02-20,2025-02,2025-W08,Morning,M05,P05,428,397,387,10,430.0,389.59,52.0,58.88,211.5,7.17,19056.0,30.67,19.24,26442.58,39474.0
WO-000435,2025-02-20,2025-02,2025-W08,Afternoon,M05,P04,240,198,195,3,430.0,374.33,95.0,113.43,202.39,7.17,19602.0,29.35,12.0,27161.01,40950.0
WO-000436,2025-02-20,2025-02,2025-W08,Morning,M06,P06,177,181,175,6,430.0,412.93,125.0,136.88,255.91,7.17,25159.0,37.11,95.71,35110.49,52150.0
WO-000437,2025-02-20,2025-02,2025-W08,Afternoon,M06,P04,236,228,223,5,430.0,389.68,95.0,102.55,243.53,7.17,22572.0,35.31,45.38,31220.36,46830.0
WO-000438,2025-02-21,2025-02,2025-W08,Morning,M01,P02,310,296,289,7,430.0,398.28,74.0,80.73,363.27,7.17,17464.0,52.67,21.99,24342.33,36414.0
WO-000439,2025-02-21,2025-02,2025-W08,Afternoon,M01,P01,381,326,317,9,430.0,384.97,62.0,70.85,351.32,7.17,14344.0,50.94,36.35,20234.95,29798.0
WO-000440,2025-02-21,2025-02,2025-W08,Morning,M02,P01,376,337,334,3,430.0,384.96,62.0,68.54,268.33,7.17,14828.0,38.91,61.76,20908.33,31396.0
WO-000441,2025-02-21,2025-02,2025-W08,Afternoon,M02,P01,362,315,308,7,430.0,362.63,62.0,69.07,256.75,7.17,13860.0,37.23,49.72,19574.62,28952.0
WO-000442,2025-02-21,2025-02,2025-W08,Morning,M03,P01,364,370,367,3,430.0,407.32,62.0,66.05,430.25,7.17,16280.0,62.39,12.72,22862.77,34498.0
WO-000443,2025-02-21,2025-02,2025-W08,Afternoon,M03,P01,361,349,343,6,430.0,382.74,62.0,65.8,416.22,7.17,15356.0,60.35,37.03,21625.05,32242.0
WO-000444,2025-02-21,2025-02,2025-W08,Morning,M04,P06,178,129,123,6,430.0,310.2,125.0,144.28,250.47,7.17,17931.0,36.32,91.23,25225.21,36654.0
WO-000445,2025-02-21,2025-02,2025-W08,Afternoon,M04,P03,618,437,427,10,430.0,315.78,38.0,43.36,255.86,7.17,11362.0,37.1,104.7,16242.97,23912.0
WO-000446,2025-02-21,2025-02,2025-W08,Morning,M05,P05,423,428,419,9,430.0,395.46,52.0,55.44,218.43,7.17,20544.0,31.67,66.11,28505.45,42738.0
WO-000447,2025-02-21,2025-02,2025-W08,Afternoon,M05,P01,368,310,305,5,430.0,356.92,62.0,69.08,215.96,7.17,13640.0,31.31,90.82,19309.8,28670.0
WO-000448,2025-02-21,2025-02,2025-W08,Morning,M06,P05,448,432,424,8,430.0,394.63,52.0,54.81,241.78,7.17,20736.0,35.06,12.19,28714.92,43248.0
WO-000449,2025-02-21,2025-02,2025-W08,Afternoon,M06,P05,447,385,374,11,430.0,370.49,52.0,57.74,216.86,7.17,18480.0,31.44,42.63,25686.74,38148.0
WO-000450,2025-02-24,2025-02,2025-W09,Morning,M01,P01,376,342,333,9,430.0,375.8,62.0,65.93,341.58,7.17,15048.0,49.53,41.56,21198.75,31302.0
WO-000451,2025-02-24,2025-02,2025-W09,Afternoon,M01,P02,304,272,266,6,430.0,368.68,74.0,81.33,341.88,7.17,16048.0,49.57,56.26,22453.5,33516.0
WO-000452,2025-02-24,2025-02,2025-W09,Morning,M02,P05,454,393,384,9,430.0,387.54,52.0,59.17,269.81,7.17,18864.0,39.12,73.63,26245.42,39168.0
WO-000453,2025-02-24,2025-02,2025-W09,Afternoon,M02,P02,300,284,279,5,430.0,377.48,74.0,79.75,266.51,7.17,16756.0,38.64,42.36,23388.67,35154.0
WO-000454,2025-02-24,2025-02,2025-W09,Morning,M03,P01,390,341,335,6,430.0,389.33,62.0,68.5,416.73,7.17,15004.0,60.43,14.09,21122.19,31490.0
WO-000455,2025-02-24,2025-02,2025-W09,Afternoon,M03,P01,363,345,338,7,430.0,386.96,62.0,67.3,391.69,7.17,15180.0,56.8,49.63,21394.09,31772.0
WO-000456,2025-02-24,2025-02,2025-W09,Morning,M04,P06,193,136,130,6,430.0,324.02,125.0,142.95,264.3,7.17,18904.0,38.32,99.55,26565.54,38740.0
WO-000457,2025-02-24,2025-02,2025-W09,Afternoon,M04,P06,176,129,123,6,430.0,308.56,125.0,143.52,248.24,7.17,17931.0,35.99,82.18,25215.84,36654.0
WO-000458,2025-02-24,2025-02,2025-W09,Afternoon,M05,P06,180,157,152,5,430.0,358.44,125.0,136.98,202.35,7.17,21823.0,29.34,44.42,30491.43,45296.0
WO-000459,2025-02-24,2025-02,2025-W09,Morning,M06,P01,374,344,339,5,430.0,389.18,62.0,67.88,232.56,7.17,15136.0,33.72,74.43,21335.82,31866.0
WO-000460,2025-02-24,2025-02,2025-W09,Afternoon,M06,P05,433,417,410,7,430.0,403.05,52.0,57.99,234.15,7.17,20016.0,33.95,37.63,27764.25,41820.0
WO-000461,2025-02-25,2025-02,2025-W09,Morning,M01,P01,381,346,342,4,430.0,382.3,62.0,66.29,346.07,7.17,15224.0,50.18,12.17,21410.02,32148.0
WO-000462,2025-02-25,2025-02,2025-W09,Afternoon,M01,P02,305,283,277,6,430.0,387.55,74.0,82.17,342.97,7.17,16697.0,49.73,22.66,23300.06,34902.0
WO-000463,2025-02-25,2025-02,2025-W09,Morning,M02,P02,290,262,258,4,430.0,363.1,74.0,83.15,264.18,7.17,15458.0,38.31,45.37,21631.34,32508.0
WO-000464,2025-02-25,2025-02,2025-W09,Afternoon,M02,P02,303,253,247,6,430.0,362.13,74.0,85.88,251.21,7.17,14927.0,36.43,15.11,20879.21,31122.0
WO-000465,2025-02-25,2025-02,2025-W09,Morning,M03,P03,598,563,554,9,430.0,386.23,38.0,41.16,408.99,7.17,14638.0,59.3,12.0,20645.47,31024.0
WO-000466,2025-02-25,2025-02,2025-W09,Afternoon,M03,P03,562,546,538,8,430.0,377.11,38.0,41.44,401.65,7.17,14196.0,58.24,35.0,20063.91,30128.0
WO-000467,2025-02-25,2025-02,2025-W09,Morning,M04,P06,189,134,127,7,430.0,313.18,125.0,140.23,256.38,7.17,18626.0,37.17,112.24,26197.08,37846.0
WO-000468,2025-02-25,2025-02,2025-W09,Afternoon,M04,P06,186,135,129,6,430.0,331.29,125.0,147.24,258.57,7.17,18765.0,37.49,82.2,26357.36,38442.0
WO-000469,2025-02-25,2025-02,2025-W09,Morning,M05,P06,165,167,162,5,430.0,383.68,125.0,137.85,215.46,7.17,23213.0,31.24,105.47,32454.38,48276.0
WO-000470,2025-02-25,2025-02,2025-W09,Afternoon,M05,P04,251,201,196,5,430.0,355.94,95.0,106.25,200.09,7.17,19899.0,29.01,14.6,27565.28,41160.0
WO-000471,2025-02-25,2025-02,2025-W09,Morning,M06,P01,370,351,344,7,430.0,391.03,62.0,66.84,230.95,7.17,15444.0,33.49,12.0,21693.15,32336.0
WO-000472,2025-02-25,2025-02,2025-W09,Afternoon,M06,P06,165,176,170,6,430.0,402.03,125.0,137.06,230.32,7.17,24464.0,33.4,42.74,34103.8,50660.0
WO-000473,2025-02-26,2025-02,2025-W09,Morning,M01,P01,385,361,356,5,430.0,394.04,62.0,65.49,366.28,7.17,15884.0,53.11,27.4,22328.17,33464.0
WO-000474,2025-02-26,2025-02,2025-W09,Afternoon,M01,P01,363,330,324,6,430.0,375.82,62.0,68.33,330.78,7.17,14520.0,47.96,52.38,20488.01,30456.0
WO-000475,2025-02-26,2025-02,2025-W09,Morning,M02,P02,309,276,270,6,430.0,384.31,74.0,83.55,273.5,7.17,16284.0,39.66,12.87,22720.19,34020.0
WO-000476,2025-02-26,2025-02,2025-W09,Afternoon,M02,P05,414,413,403,10,430.0,392.04,52.0,56.95,287.05,7.17,19824.0,41.62,37.44,27511.73,41106.0
WO-000477,2025-02-26,2025-02,2025-W09,Morning,M03,P05,425,428,418,10,430.0,387.89,52.0,54.38,399.46,7.17,20544.0,57.92,13.3,28478.89,42636.0
WO-000478,2025-02-26,2025-02,2025-W09,Afternoon,M03,P05,436,412,402,10,430.0,391.81,52.0,57.06,411.39,7.17,19776.0,59.65,32.66,27459.98,41004.0
WO-000479,2025-02-26,2025-02,2025-W09,Morning,M04,P04,229,186,181,5,430.0,333.2,95.0,107.48,279.44,7.17,18414.0,40.52,135.97,25688.16,38010.0
WO-000480,2025-02-26,2025-02,2025-W09,Afternoon,M04,P04,240,170,164,6,430.0,311.59,95.0,109.97,263.81,7.17,16830.0,38.25,72.3,23478.22,34440.0
WO-000481,2025-02-26,2025-02,2025-W09,Morning,M05,P06,183,163,157,6,430.0,377.75,125.0,139.05,220.81,7.17,22657.0,32.02,12.0,31601.68,46786.0
WO-000482,2025-02-26,2025-02,2025-W09,Afternoon,M05,P01,365,318,314,4,430.0,375.53,62.0,70.86,185.3,7.17,13992.0,26.87,36.69,19731.23,29516.0
WO-000483,2025-02-26,2025-02,2025-W09,Morning,M06,P04,252,232,227,5,430.0,401.32,95.0,103.79,245.68,7.17,22968.0,35.62,13.73,31725.02,47670.0
WO-000484,2025-02-26,2025-02,2025-W09,Afternoon,M06,P01,363,356,348,8,430.0,403.46,62.0,68.0,242.49,7.17,15664.0,35.16,74.66,22057.49,32712.0
WO-000485,2025-02-27,2025-02,2025-W09,Morning,M01,P02,317,287,282,5,430.0,392.97,74.0,82.15,357.45,7.17,16933.0,51.83,78.17,23677.67,35532.0
WO-000486,2025-02-27,2025-02,2025-W09,Morning,M02,P05,427,403,392,11,430.0,388.19,52.0,57.8,265.78,7.17,19344.0,38.54,48.24,26869.44,39984.0
WO-000487,2025-02-27,2025-02,2025-W09,Afternoon,M02,P05,452,408,397,11,430.0,388.58,52.0,57.14,281.57,7.17,19584.0,40.83,50.16,27198.65,40494.0
WO-000488,2025-02-27,2025-02,2025-W09,Morning,M03,P01,335,347,344,3,430.0,394.22,62.0,68.17,420.09,7.17,15268.0,60.91,12.0,21480.58,32336.0
WO-000489,2025-02-27,2025-02,2025-W09,Afternoon,M03,P03,606,562,550,12,430.0,370.63,38.0,39.57,401.95,7.17,14612.0,58.28,54.7,20651.65,30800.0
WO-000490,2025-02-27,2025-02,2025-W09,Morning,M04,P06,187,129,124,5,430.0,325.82,125.0,151.55,255.66,7.17,17931.0,37.07,93.2,25227.94,36952.0
WO-000491,2025-02-27,2025-02,2025-W09,Afternoon,M04,P04,235,172,166,6,430.0,322.04,95.0,112.34,263.92,7.17,17028.0,38.27,136.38,23810.31,34860.0
WO-000492,2025-02-27,2025-02,2025-W09,Morning,M05,P04,236,215,212,3,430.0,375.93,95.0,104.91,211.56,7.17,21285.0,30.68,38.62,29466.96,44520.0
WO-000493,2025-02-27,2025-02,2025-W09,Afternoon,M05,P01,372,326,321,5,430.0,383.75,62.0,70.63,207.84,7.17,14344.0,30.14,26.93,20204.74,30174.0
WO-000494,2025-02-27,2025-02,2025-W09,Morning,M06,P04,236,234,228,6,430.0,396.08,95.0,101.56,242.27,7.17,23166.0,35.13,35.92,32014.72,47880.0
WO-000495,2025-02-27,2025-02,2025-W09,Afternoon,M06,P05,437,421,411,10,430.0,395.77,52.0,56.4,230.45,7.17,20208.0,33.42,12.0,27998.08,41922.0
WO-000496,2025-02-28,2025-02,2025-W09,Morning,M01,P02,322,293,288,5,430.0,392.39,74.0,80.35,365.71,7.17,17287.0,53.03,54.29,24134.99,36288.0
WO-000497,2025-02-28,2025-02,2025-W09,Afternoon,M01,P02,287,259,253,6,430.0,370.78,74.0,85.89,323.19,7.17,15281.0,46.86,12.0,21366.53,31878.0
WO-000498,2025-02-28,2025-02,2025-W09,Morning,M02,P02,310,259,255,4,430.0,364.57,74.0,84.46,248.73,7.17,15281.0,36.07,12.0,21355.73,32130.0
WO-000499,2025-02-28,2025-02,2025-W09,Afternoon,M02,P01,371,331,324,7,430.0,372.97,62.0,67.61,256.12,7.17,14564.0,37.14,51.44,20536.25,30456.0
WO-000500,2025-02-28,2025-02,2025-W09,Morning,M03,P05,420,412,400,12,430.0,400.22,52.0,58.28,409.75,7.17,19776.0,59.41,12.68,27439.77,40800.0
WO-000501,2025-02-28,2025-02,2025-W09,Afternoon,M03,P03,636,565,559,6,430.0,380.42,38.0,40.4,417.67,7.17,14690.0,60.56,77.96,20783.69,31304.0
WO-000502,2025-02-28,2025-02,2025-W09,Morning,M04,P04,250,177,172,5,430.0,325.78,95.0,110.43,265.5,7.17,17523.0,38.5,67.81,24411.97,36120.0
WO-000503,2025-02-28,2025-02,2025-W09,Afternoon,M04,P03,617,413,401,12,430.0,311.29,38.0,45.22,247.35,7.17,10738.0,35.87,103.75,15388.78,22456.0
WO-000504,2025-02-28,2025-02,2025-W09,Morning,M05,P05,459,400,393,7,430.0,381.66,52.0,57.25,213.8,7.17,19200.0,31.0,12.0,26630.67,40086.0
WO-000505,2025-02-28,2025-02,2025-W09,Afternoon,M05,P04,225,212,208,4,430.0,375.81,95.0,106.36,214.76,7.17,20988.0,31.14,21.29,29048.1,43680.0
WO-000506,2025-02-28,2025-02,2025-W09,Morning,M06,P06,189,181,174,7,430.0,398.36,125.0,132.05,243.52,7.17,25159.0,35.31,80.3,35093.28,51852.0
WO-000507,2025-02-28,2025-02,2025-W09,Afternoon,M06,P06,180,160,154,6,430.0,375.17,125.0,140.69,224.54,7.17,22240.0,32.56,15.27,31035.5,45892.0
WO-000508,2025-03-03,2025-03,2025-W10,Morning,M01,P01,367,337,333,4,430.0,385.96,62.0,68.72,345.23,7.17,14828.0,50.06,75.52,20933.25,31302.0
WO-000509,2025-03-03,2025-03,2025-W10,Afternoon,M01,P03,612,551,543,8,430.0,369.16,38.0,40.2,340.34,7.17,14326.0,49.35,54.42,20251.94,30408.0
WO-000510,2025-03-03,2025-03,2025-W10,Morning,M02,P05,423,366,357,9,430.0,367.51,52.0,60.25,259.15,7.17,17568.0,37.58,65.6,24480.85,36414.0
WO-000511,2025-03-03,2025-03,2025-W10,Afternoon,M02,P02,322,271,262,9,430.0,382.47,74.0,84.68,248.29,7.17,15989.0,36.0,38.42,22342.09,33012.0
WO-000512,2025-03-03,2025-03,2025-W10,Morning,M03,P01,367,367,362,5,430.0,406.85,62.0,66.52,401.15,7.17,16148.0,58.17,98.69,22764.53,34028.0
WO-000513,2025-03-03,2025-03,2025-W10,Afternoon,M03,P01,374,335,328,7,430.0,388.72,62.0,69.62,406.06,7.17,14740.0,58.88,47.88,20794.43,30832.0
WO-000514,2025-03-03,2025-03,2025-W10,Morning,M04,P06,201,142,136,6,430.0,330.45,125.0,139.63,255.8,7.17,19738.0,37.09,96.64,27701.4,40528.0
WO-000515,2025-03-03,2025-03,2025-W10,Afternoon,M04,P04,256,175,171,4,430.0,327.47,95.0,112.28,253.82,7.17,17325.0,36.8,85.51,24159.98,35910.0
WO-000516,2025-03-03,2025-03,2025-W10,Morning,M05,P04,245,224,219,5,430.0,396.34,95.0,106.16,213.65,7.17,22176.0,30.98,49.17,30683.82,45990.0
WO-000517,2025-03-03,2025-03,2025-W10,Afternoon,M05,P04,257,217,212,5,430.0,381.92,95.0,105.6,223.79,7.17,21483.0,32.45,29.67,29727.78,44520.0
WO-000518,2025-03-03,2025-03,2025-W10,Morning,M06,P05,443,448,440,8,430.0,417.1,52.0,55.86,248.96,7.17,21504.0,36.1,50.43,29794.19,44880.0
WO-000519,2025-03-03,2025-03,2025-W10,Afternoon,M06,P01,425,333,329,4,430.0,378.45,62.0,68.19,236.66,7.17,14652.0,34.32,12.0,20613.98,30926.0
WO-000520,2025-03-04,2025-03,2025-W10,Morning,M01,P03,607,546,539,7,430.0,388.49,38.0,42.69,341.61,7.17,14196.0,49.53,12.0,20032.2,30184.0
WO-000521,2025-03-04,2025-03,2025-W10,Afternoon,M01,P02,332,276,269,7,430.0,371.11,74.0,80.68,339.5,7.17,16284.0,49.23,12.0,22728.89,33894.0
WO-000522,2025-03-04,2025-03,2025-W10,Morning,M02,P02,310,290,283,7,430.0,389.37,74.0,80.56,272.8,7.17,17110.0,39.56,12.0,23839.22,35658.0
WO-000523,2025-03-04,2025-03,2025-W10,Afternoon,M02,P01,373,309,302,7,430.0,361.67,62.0,70.23,245.5,7.17,13596.0,35.6,12.0,19175.26,28388.0
WO-000524,2025-03-04,2025-03,2025-W10,Morning,M03,P03,668,571,567,4,430.0,390.74,38.0,41.06,420.07,7.17,14846.0,60.91,20.74,20939.82,31752.0
WO-000525,2025-03-04,2025-03,2025-W10,Afternoon,M03,P05,446,400,388,12,430.0,380.24,52.0,57.04,398.39,7.17,19200.0,57.77,22.95,26668.38,39576.0
WO-000526,2025-03-04,2025-03,2025-W10,Morning,M04,P03,662,408,402,6,430.0,314.19,38.0,46.2,255.55,7.17,10608.0,37.05,99.32,15208.04,22512.0
WO-000527,2025-03-04,2025-03,2025-W10,Afternoon,M04,P06,184,132,126,6,430.0,325.17,125.0,147.81,273.49,7.17,18348.0,39.66,149.05,25856.38,37548.0
WO-000528,2025-03-04,2025-03,2025-W10,Morning,M05,P05,446,395,386,9,430.0,373.1,52.0,56.67,200.14,7.17,18960.0,29.02,18.9,26310.58,39372.0
WO-000529,2025-03-04,2025-03,2025-W10,Afternoon,M05,P05,477,361,350,11,430.0,359.57,52.0,59.76,200.1,7.17,17328.0,29.02,46.8,24128.48,35700.0
WO-000530,2025-03-04,2025-03,2025-W10,Morning,M06,P05,485,428,419,9,430.0,401.41,52.0,56.27,246.78,7.17,20544.0,35.78,12.0,28455.45,42738.0
WO-000531,2025-03-05,2025-03,2025-W10,Morning,M01,P03,648,551,542,9,430.0,378.43,38.0,41.21,354.2,7.17,14326.0,51.36,42.62,20242.15,30352.0
WO-000532,2025-03-05,2025-03,2025-W10,Afternoon,M01,P02,306,283,276,7,430.0,378.1,74.0,80.16,335.28,7.17,16697.0,48.62,29.18,23305.46,34776.0
WO-000533,2025-03-05,2025-03,2025-W10,Morning,M02,P02,315,273,267,6,430.0,374.63,74.0,82.34,261.44,7.17,16107.0,37.91,50.0,22515.57,33642.0
WO-000534,2025-03-05,2025-03,2025-W10,Afternoon,M02,P02,315,261,255,6,430.0,356.59,74.0,81.98,258.53,7.17,15399.0,37.49,28.41,21533.57,32130.0
WO-000535,2025-03-05,2025-03,2025-W10,Morning,M03,P05,455,448,440,8,430.0,409.7,52.0,54.87,428.44,7.17,21504.0,62.12,52.41,29822.2,44880.0
WO-000536,2025-03-05,2025-03,2025-W10,Afternoon,M03,P05,451,422,412,10,430.0,403.37,52.0,57.35,422.27,7.17,20256.0,61.23,30.53,28109.43,42024.0
WO-000537,2025-03-05,2025-03,2025-W10,Morning,M04,P04,249,187,182,5,430.0,335.64,95.0,107.69,277.52,7.17,18513.0,40.24,149.98,25835.89,38220.0
WO-000538,2025-03-05,2025-03,2025-W10,Afternoon,M04,P04,258,169,163,6,430.0,311.62,95.0,110.64,253.8,7.17,16731.0,36.8,98.09,23368.56,34230.0
WO-000539,2025-03-05,2025-03,2025-W10,Morning,M05,P05,479,366,356,10,430.0,360.89,52.0,59.16,193.81,7.17,17568.0,28.1,31.73,24437.5,36312.0
WO-000540,2025-03-05,2025-03,2025-W10,Afternoon,M05,P01,374,330,326,4,430.0,369.33,62.0,67.15,200.66,7.17,14520.0,29.1,22.24,20439.0,30644.0
WO-000541,2025-03-05,2025-03,2025-W10,Morning,M06,P01,392,371,365,6,430.0,405.05,62.0,65.51,233.76,7.17,16324.0,33.9,44.45,22926.01,34310.0
WO-000542,2025-03-05,2025-03,2025-W10,Afternoon,M06,P01,391,331,326,5,430.0,378.73,62.0,68.65,237.39,7.17,14564.0,34.42,41.44,20523.53,30644.0
WO-000543,2025-03-06,2025-03,2025-W10,Morning,M01,P01,397,352,348,4,430.0,402.28,62.0,68.57,369.59,7.17,15488.0,53.59,12.12,21773.37,32712.0
WO-000544,2025-03-06,2025-03,2025-W10,Afternoon,M01,P02,313,270,265,5,430.0,372.71,74.0,82.82,336.94,7.17,15930.0,48.86,64.2,22300.72,33390.0
WO-000545,2025-03-06,2025-03,2025-W10,Morning,M02,P02,315,265,261,4,430.0,363.32,74.0,82.26,244.38,7.17,15635.0,35.44,60.48,21883.58,32886.0
WO-000546,2025-03-06,2025-03,2025-W10,Afternoon,M02,P05,442,390,383,7,430.0,370.86,52.0,57.06,273.84,7.17,18720.0,39.71,43.18,26020.55,39066.0
WO-000547,2025-03-06,2025-03,2025-W10,Morning,M03,P01,378,345,342,3,430.0,390.28,62.0,67.88,409.62,7.17,15180.0,59.4,15.64,21362.7,32148.0
WO-000548,2025-03-06,2025-03,2025-W10,Afternoon,M03,P03,618,553,544,9,430.0,387.74,38.0,42.07,399.13,7.17,14378.0,57.87,14.4,20291.44,30464.0
WO-000549,2025-03-06,2025-03,2025-W10,Morning,M04,P04,247,189,183,6,430.0,331.06,95.0,105.1,271.58,7.17,18711.0,39.38,63.38,26016.42,38430.0
WO-000550,2025-03-06,2025-03,2025-W10,Afternoon,M04,P03,635,396,388,8,430.0,292.63,38.0,44.34,237.98,7.17,10296.0,34.51,113.66,14793.84,21728.0
WO-000551,2025-03-06,2025-03,2025-W10,Morning,M05,P05,418,424,415,9,430.0,395.68,52.0,55.99,226.19,7.17,20352.0,32.8,33.03,28213.49,42330.0
WO-000552,2025-03-06,2025-03,2025-W10,Afternoon,M05,P06,190,156,150,6,430.0,374.87,125.0,144.18,200.4,7.17,21684.0,29.06,28.78,30285.51,44700.0
WO-000553,2025-03-06,2025-03,2025-W10,Morning,M06,P04,251,233,227,6,430.0,401.11,95.0,103.29,231.53,7.17,23067.0,33.57,28.81,31872.05,47670.0
WO-000554,2025-03-06,2025-03,2025-W10,Afternoon,M06,P05,452,422,409,13,430.0,392.0,52.0,55.73,250.76,7.17,20256.0,36.36,79.49,28133.52,41718.0
WO-000555,2025-03-07,2025-03,2025-W10,Morning,M01,P03,632,574,567,7,430.0,391.04,38.0,40.88,377.94,7.17,14924.0,54.8,103.98,21123.45,31752.0
WO-000556,2025-03-07,2025-03,2025-W10,Afternoon,M01,P02,302,267,262,5,430.0,365.54,74.0,82.14,338.19,7.17,15753.0,49.04,43.25,22039.95,33012.0
WO-000557,2025-03-07,2025-03,2025-W10,Morning,M02,P05,477,410,400,10,430.0,398.45,52.0,58.31,287.47,7.17,19680.0,41.68,18.47,27297.82,40800.0
WO-000558,2025-03-07,2025-03,2025-W10,Afternoon,M02,P02,311,266,261,5,430.0,377.79,74.0,85.22,252.21,7.17,15694.0,36.57,32.6,21936.84,32886.0
WO-000559,2025-03-07,2025-03,2025-W10,Morning,M03,P05,480,433,423,10,430.0,392.62,52.0,54.4,415.72,7.17,20784.0,60.28,63.95,28856.89,43146.0
WO-000560,2025-03-07,2025-03,2025-W10,Afternoon,M03,P01,395,337,330,7,430.0,384.82,62.0,68.51,416.55,7.17,14828.0,60.4,17.7,20885.76,31020.0
WO-000561,2025-03-07,2025-03,2025-W10,Morning,M04,P06,186,131,126,5,430.0,316.05,125.0,144.75,257.82,7.17,18209.0,37.38,112.17,25627.22,37548.0
WO-000562,2025-03-07,2025-03,2025-W10,Afternoon,M04,P06,191,132,126,6,430.0,310.71,125.0,141.23,252.77,7.17,18348.0,36.65,88.63,25792.95,37548.0
WO-000563,2025-03-07,2025-03,2025-W10,Morning,M05,P06,204,164,158,6,430.0,381.24,125.0,139.48,211.91,7.17,22796.0,30.73,13.01,31791.4,47084.0
WO-000564,2025-03-07,2025-03,2025-W10,Afternoon,M05,P05,455,388,379,9,430.0,370.88,52.0,57.35,210.24,7.17,18624.0,30.48,34.37,25872.52,38658.0
WO-000565,2025-03-07,2025-03,2025-W10,Morning,M06,P05,438,456,443,13,430.0,405.14,52.0,53.31,245.98,7.17,21888.0,35.67,15.11,30278.44,45186.0
WO-000566,2025-03-07,2025-03,2025-W10,Afternoon,M06,P06,175,178,171,7,430.0,399.82,125.0,134.77,252.31,7.17,24742.0,36.58,13.57,34457.82,50958.0
WO-000567,2025-03-10,2025-03,2025-W11,Morning,M01,P01,395,353,348,5,430.0,388.02,62.0,65.95,360.36,7.17,15532.0,52.25,50.16,21870.08,32712.0
WO-000568,2025-03-10,2025-03,2025-W11,Afternoon,M01,P03,625,510,501,9,430.0,362.34,38.0,42.63,329.36,7.17,13260.0,47.76,51.1,18791.52,28056.0
WO-000569,2025-03-10,2025-03,2025-W11,Morning,M02,P02,334,273,265,8,430.0,366.59,74.0,80.57,258.21,7.17,16107.0,37.44,42.12,22507.22,33390.0
WO-000570,2025-03-10,2025-03,2025-W11,Afternoon,M02,P02,322,264,259,5,430.0,370.72,74.0,84.25,263.32,7.17,15576.0,38.18,48.84,21794.69,32634.0
WO-000571,2025-03-10,2025-03,2025-W11,Morning,M03,P05,450,414,403,11,430.0,390.72,52.0,56.63,413.4,7.17,19872.0,59.94,85.06,27642.67,41106.0
WO-000572,2025-03-10,2025-03,2025-W11,Afternoon,M03,P01,359,331,326,5,430.0,374.47,62.0,67.88,401.02,7.17,14564.0,58.15,53.85,20559.67,30644.0
WO-000573,2025-03-10,2025-03,2025-W11,Morning,M04,P06,195,138,132,6,430.0,330.69,125.0,143.78,253.25,7.17,19182.0,36.72,108.03,26952.42,39336.0
WO-000574,2025-03-10,2025-03,2025-W11,Afternoon,M04,P06,194,127,121,6,430.0,313.58,125.0,148.15,245.74,7.17,17653.0,35.63,59.0,24812.3,36058.0
WO-000575,2025-03-10,2025-03,2025-W11,Afternoon,M05,P04,250,197,192,5,430.0,355.84,95.0,108.38,200.3,7.17,19503.0,29.04,44.27,27058.98,40320.0
WO-000576,2025-03-10,2025-03,2025-W11,Morning,M06,P05,458,404,396,8,430.0,393.18,52.0,58.39,229.55,7.17,19392.0,33.28,28.02,26908.97,40392.0
WO-000577,2025-03-10,2025-03,2025-W11,Afternoon,M06,P06,198,178,171,7,430.0,398.17,125.0,134.21,229.57,7.17,24742.0,33.29,92.7,34533.66,50958.0
WO-000578,2025-03-11,2025-03,2025-W11,Morning,M01,P01,409,331,326,5,430.0,384.89,62.0,69.77,354.4,7.17,14564.0,51.39,23.12,20522.18,30644.0
WO-000579,2025-03-11,2025-03,2025-W11,Afternoon,M01,P03,660,534,524,10,430.0,359.96,38.0,40.44,333.55,7.17,13884.0,48.36,139.68,19732.71,29344.0
WO-000580,2025-03-11,2025-03,2025-W11,Morning,M02,P05,465,420,409,11,430.0,409.35,52.0,58.48,280.5,7.17,20160.0,40.67,16.42,27944.76,41718.0
WO-000581,2025-03-11,2025-03,2025-W11,Afternoon,M02,P05,438,347,338,9,430.0,340.85,52.0,58.94,254.06,7.17,16656.0,36.84,107.67,23287.18,34476.0
WO-000582,2025-03-11,2025-03,2025-W11,Morning,M03,P03,623,579,577,2,430.0,400.56,38.0,41.51,418.74,7.17,15054.0,60.72,42.19,21245.07,32312.0
WO-000583,2025-03-11,2025-03,2025-W11,Afternoon,M03,P05,461,416,404,12,430.0,381.02,52.0,54.95,404.66,7.17,19968.0,58.68,26.37,27712.72,41208.0
WO-000584,2025-03-11,2025-03,2025-W11,Morning,M04,P03,591,467,459,8,430.0,323.42,38.0,41.55,254.77,7.17,12142.0,36.94,65.03,17268.14,25704.0
WO-000585,2025-03-11,2025-03,2025-W11,Afternoon,M04,P04,256,177,172,5,430.0,320.4,95.0,108.61,258.5,7.17,17523.0,37.48,80.27,24423.42,36120.0
WO-000586,2025-03-11,2025-03,2025-W11,Morning,M05,P06,190,164,158,6,430.0,378.75,125.0,138.57,215.96,7.17,22796.0,31.31,12.0,31790.98,47084.0
WO-000587,2025-03-11,2025-03,2025-W11,Afternoon,M05,P04,252,204,199,5,430.0,367.91,95.0,108.21,208.9,7.17,20196.0,30.29,43.89,27997.85,41790.0
WO-000588,2025-03-11,2025-03,2025-W11,Morning,M06,P05,466,409,399,10,430.0,393.45,52.0,57.72,242.35,7.17,19632.0,35.14,87.44,27295.25,40698.0
WO-000589,2025-03-11,2025-03,2025-W11,Afternoon,M06,P04,250,232,227,5,430.0,401.84,95.0,103.92,242.36,7.17,22968.0,35.14,66.23,31777.04,47670.0
WO-000590,2025-03-12,2025-03,2025-W11,Morning,M01,P03,630,547,541,6,430.0,383.84,38.0,42.1,361.74,7.17,14222.0,52.45,42.57,20101.19,30296.0
WO-000591,2025-03-12,2025-03,2025-W11,Afternoon,M01,P03,627,561,553,8,430.0,388.33,38.0,41.53,367.7,7.17,14586.0,53.32,16.59,20573.07,30968.0
WO-000592,2025-03-12,2025-03,2025-W11,Afternoon,M02,P05,472,376,367,9,430.0,383.13,52.0,61.14,274.84,7.17,18048.0,39.85,88.87,25156.39,37434.0
WO-000593,2025-03-12,2025-03,2025-W11,Morning,M03,P05,455,444,437,7,430.0,397.88,52.0,53.77,405.31,7.17,21312.0,58.77,12.0,29518.44,44574.0
WO-000594,2025-03-12,2025-03,2025-W11,Afternoon,M03,P05,430,377,367,10,430.0,359.4,52.0,57.2,366.72,7.17,18096.0,53.17,69.72,25215.56,37434.0
WO-000595,2025-03-12,2025-03,2025-W11,Morning,M04,P03,608,429,420,9,430.0,310.32,38.0,43.4,264.3,7.17,11154.0,38.32,83.6,15939.09,23520.0
WO-000596,2025-03-12,2025-03,2025-W11,Afternoon,M04,P06,186,127,121,6,430.0,305.67,125.0,144.41,243.34,7.17,17653.0,35.28,62.41,24815.36,36058.0
WO-000597,2025-03-12,2025-03,2025-W11,Morning,M05,P04,241,223,218,5,430.0,393.19,95.0,105.79,223.19,7.17,22077.0,32.36,87.91,30589.94,45780.0
WO-000598,2025-03-12,2025-03,2025-W11,Afternoon,M05,P04,253,215,209,6,430.0,380.38,95.0,106.15,218.71,7.17,21285.0,31.71,98.35,29527.73,43890.0
WO-000599,2025-03-12,2025-03,2025-W11,Morning,M06,P01,390,351,347,4,430.0,384.31,62.0,65.69,222.8,7.17,15444.0,32.31,22.81,21702.78,32618.0
WO-000600,2025-03-12,2025-03,2025-W11,Afternoon,M06,P05,445,424,413,11,430.0,398.42,52.0,56.38,238.84,7.17,20352.0,34.63,12.0,28194.3,42126.0
WO-000601,2025-03-13,2025-03,2025-W11,Morning,M01,P01,377,337,333,4,430.0,380.31,62.0,67.71,333.89,7.17,14828.0,48.41,26.04,20882.12,31302.0
WO-000602,2025-03-13,2025-03,2025-W11,Afternoon,M01,P03,650,536,527,9,430.0,370.36,38.0,41.46,333.05,7.17,13936.0,48.29,15.34,19679.3,29512.0
WO-000603,2025-03-13,2025-03,2025-W11,Morning,M02,P02,335,273,266,7,430.0,377.71,74.0,83.01,273.24,7.17,16107.0,39.62,75.27,22542.55,33516.0
WO-000604,2025-03-13,2025-03,2025-W11,Afternoon,M02,P02,326,262,255,7,430.0,366.3,74.0,83.89,250.46,7.17,15458.0,36.32,45.42,21629.41,32130.0
WO-000605,2025-03-13,2025-03,2025-W11,Morning,M03,P03,593,589,585,4,430.0,397.42,38.0,40.48,404.16,7.17,15314.0,58.6,12.0,21567.77,32760.0
WO-000606,2025-03-13,2025-03,2025-W11,Afternoon,M03,P03,666,536,528,8,430.0,378.04,38.0,42.32,409.58,7.17,13936.0,59.39,141.91,19816.97,29568.0
WO-000607,2025-03-13,2025-03,2025-W11,Morning,M04,P03,622,447,438,9,430.0,314.93,38.0,42.27,243.94,7.17,11622.0,35.37,137.3,16628.84,24528.0
WO-000608,2025-03-13,2025-03,2025-W11,Afternoon,M04,P04,245,167,161,6,430.0,307.2,95.0,110.37,241.43,7.17,16533.0,35.01,60.4,23061.08,33810.0
WO-000609,2025-03-13,2025-03,2025-W11,Morning,M05,P01,380,321,316,5,430.0,359.93,62.0,67.28,196.58,7.17,14124.0,28.5,20.33,19896.5,29704.0
WO-000610,2025-03-13,2025-03,2025-W11,Afternoon,M05,P04,265,224,219,5,430.0,388.04,95.0,103.94,214.75,7.17,22176.0,31.14,42.65,30677.45,45990.0
WO-000611,2025-03-13,2025-03,2025-W11,Morning,M06,P06,191,166,159,7,430.0,380.0,125.0,137.35,236.97,7.17,23074.0,34.36,30.82,32192.85,47382.0
WO-000612,2025-03-13,2025-03,2025-W11,Afternoon,M06,P05,450,402,392,10,430.0,386.98,52.0,57.76,241.34,7.17,19296.0,34.99,68.59,26821.25,39984.0
WO-000613,2025-03-14,2025-03,2025-W11,Morning,M01,P02,343,288,283,5,430.0,397.04,74.0,82.72,355.93,7.17,16992.0,51.61,28.34,23707.62,35658.0
WO-000614,2025-03-14,2025-03,2025-W11,Afternoon,M01,P01,392,330,324,6,430.0,382.68,62.0,69.58,370.84,7.17,14520.0,53.77,123.98,20565.42,30456.0
WO-000615,2025-03-14,2025-03,2025-W11,Morning,M02,P02,330,281,276,5,430.0,382.93,74.0,81.76,274.14,7.17,16579.0,39.75,32.57,23139.98,34776.0
WO-000616,2025-03-14,2025-03,2025-W11,Afternoon,M02,P05,479,375,365,10,430.0,371.46,52.0,59.43,260.1,7.17,18000.0,37.71,50.0,25050.39,37230.0
WO-000617,2025-03-14,2025-03,2025-W11,Afternoon,M03,P05,465,394,382,12,430.0,375.64,52.0,57.2,400.82,7.17,18912.0,58.12,41.94,26297.73,38964.0
WO-000618,2025-03-14,2025-03,2025-W11,Morning,M04,P04,260,184,178,6,430.0,337.56,95.0,110.08,261.13,7.17,18216.0,37.86,131.73,25413.26,37380.0
WO-000619,2025-03-14,2025-03,2025-W11,Afternoon,M04,P03,634,388,377,11,430.0,304.06,38.0,47.02,233.73,7.17,10088.0,33.89,134.95,14530.51,21112.0
WO-000620,2025-03-14,2025-03,2025-W11,Morning,M05,P06,176,175,168,7,430.0,393.54,125.0,134.93,219.96,7.17,24325.0,31.89,42.66,33912.22,50064.0
WO-000621,2025-03-14,2025-03,2025-W11,Afternoon,M05,P01,403,337,332,5,430.0,380.63,62.0,67.77,221.02,7.17,14828.0,32.05,21.88,20861.59,31208.0
WO-000622,2025-03-14,2025-03,2025-W11,Morning,M06,P04,253,230,226,4,430.0,404.6,95.0,105.55,246.39,7.17,22770.0,35.73,74.92,31518.31,47460.0
WO-000623,2025-03-14,2025-03,2025-W11,Afternoon,M06,P06,200,163,156,7,430.0,374.34,125.0,137.79,222.46,7.17,22657.0,32.26,36.98,31626.91,46488.0
WO-000624,2025-03-17,2025-03,2025-W12,Morning,M01,P02,322,290,284,6,430.0,382.32,74.0,79.1,349.52,7.17,17110.0,50.68,24.18,23862.52,35784.0
WO-000625,2025-03-17,2025-03,2025-W12,Afternoon,M01,P02,333,274,268,6,430.0,370.07,74.0,81.04,343.76,7.17,16166.0,49.84,78.82,22636.33,33768.0
WO-000626,2025-03-17,2025-03,2025-W12,Morning,M02,P02,316,284,278,6,430.0,383.98,74.0,81.12,278.09,7.17,16756.0,40.32,12.0,23359.99,35028.0
WO-000627,2025-03-17,2025-03,2025-W12,Afternoon,M02,P02,302,272,266,6,430.0,365.15,74.0,80.55,249.72,7.17,16048.0,36.21,52.33,22436.2,33516.0
WO-000628,2025-03-17,2025-03,2025-W12,Morning,M03,P03,629,606,601,5,430.0,395.77,38.0,39.18,406.59,7.17,15756.0,58.96,45.74,22205.36,33656.0
WO-000629,2025-03-17,2025-03,2025-W12,Afternoon,M03,P03,614,566,554,12,430.0,383.07,38.0,40.61,414.63,7.17,14716.0,60.12,15.03,20755.82,31024.0
WO-000630,2025-03-17,2025-03,2025-W12,Morning,M04,P06,193,133,127,6,430.0,323.65,125.0,146.01,261.15,7.17,18487.0,37.87,111.89,26007.42,37846.0
WO-000631,2025-03-17,2025-03,2025-W12,Afternoon,M04,P03,651,441,433,8,430.0,326.29,38.0,44.39,258.85,7.17,11466.0,37.53,119.69,16400.39,24248.0
WO-000632,2025-03-17,2025-03,2025-W12,Morning,M05,P04,258,215,210,5,430.0,379.15,95.0,105.81,211.46,7.17,21285.0,30.66,50.75,29479.07,44100.0
WO-000633,2025-03-17,2025-03,2025-W12,Afternoon,M05,P01,400,313,307,6,430.0,368.16,62.0,70.57,198.63,7.17,13772.0,28.8,35.44,19431.91,28858.0
WO-000634,2025-03-17,2025-03,2025-W12,Morning,M06,P01,405,374,366,8,430.0,417.1,62.0,66.91,249.37,7.17,16456.0,36.16,142.73,23206.55,34404.0
WO-000635,2025-03-17,2025-03,2025-W12,Afternoon,M06,P05,457,422,407,15,430.0,399.34,52.0,56.78,247.21,7.17,20256.0,35.85,66.16,28119.67,41514.0
WO-000636,2025-03-18,2025-03,2025-W12,Morning,M01,P01,385,327,322,5,430.0,362.73,62.0,66.56,323.47,7.17,14388.0,46.9,61.64,20316.21,30268.0
WO-000637,2025-03-18,2025-03,2025-W12,Afternoon,M01,P03,641,554,546,8,430.0,388.35,38.0,42.06,346.36,7.17,14404.0,50.22,97.11,20401.99,30576.0
WO-000638,2025-03-18,2025-03,2025-W12,Morning,M02,P02,317,265,259,6,430.0,366.31,74.0,82.94,244.46,7.17,15635.0,35.45,32.76,21855.88,32634.0
WO-000639,2025-03-18,2025-03,2025-W12,Afternoon,M02,P01,402,304,299,5,430.0,360.01,62.0,71.05,246.3,7.17,13376.0,35.71,33.64,18897.02,28106.0
WO-000640,2025-03-18,2025-03,2025-W12,Morning,M03,P01,383,368,363,5,430.0,401.35,62.0,65.44,411.69,7.17,16192.0,59.7,22.71,22750.07,34122.0
WO-000641,2025-03-18,2025-03,2025-W12,Afternoon,M03,P03,625,566,558,8,430.0,385.24,38.0,40.84,418.13,7.17,14716.0,60.63,12.59,20753.88,31248.0
WO-000642,2025-03-18,2025-03,2025-W12,Morning,M04,P06,200,139,133,6,430.0,336.71,125.0,145.34,267.38,7.17,19321.0,38.77,103.39,27139.83,39634.0
WO-000643,2025-03-18,2025-03,2025-W12,Afternoon,M04,P06,187,132,125,7,430.0,316.78,125.0,143.99,250.12,7.17,18348.0,36.27,85.32,25789.26,37250.0
WO-000644,2025-03-18,2025-03,2025-W12,Morning,M05,P04,256,223,216,7,430.0,372.02,95.0,100.09,213.13,7.17,22077.0,30.9,47.26,30547.83,45360.0
WO-000645,2025-03-18,2025-03,2025-W12,Afternoon,M05,P06,192,153,147,6,430.0,356.11,125.0,139.65,194.42,7.17,21267.0,28.19,22.27,29708.12,43806.0
WO-000646,2025-03-18,2025-03,2025-W12,Morning,M06,P04,247,241,235,6,430.0,397.77,95.0,99.03,249.28,7.17,23859.0,36.15,21.89,32939.7,49350.0
WO-000647,2025-03-18,2025-03,2025-W12,Afternoon,M06,P01,395,333,327,6,430.0,380.04,62.0,68.48,231.28,7.17,14652.0,33.54,50.12,20651.32,30738.0
WO-000648,2025-03-19,2025-03,2025-W12,Morning,M01,P03,625,555,550,5,430.0,393.88,38.0,42.58,360.85,7.17,14430.0,52.32,39.87,20382.36,30800.0
WO-000649,2025-03-19,2025-03,2025-W12,Afternoon,M01,P01,385,331,326,5,430.0,372.96,62.0,67.61,350.18,7.17,14564.0,50.78,38.16,20536.6,30644.0
WO-000650,2025-03-19,2025-03,2025-W12,Morning,M02,P02,320,272,267,5,430.0,367.7,74.0,81.11,251.66,7.17,16048.0,36.49,28.9,22413.06,33642.0
WO-000651,2025-03-19,2025-03,2025-W12,Afternoon,M02,P01,371,306,301,5,430.0,361.35,62.0,70.85,254.65,7.17,13464.0,36.92,49.98,19034.57,28294.0
WO-000652,2025-03-19,2025-03,2025-W12,Morning,M03,P05,474,431,421,10,430.0,403.94,52.0,56.23,415.01,7.17,20688.0,60.18,13.51,28676.36,42942.0
WO-000653,2025-03-19,2025-03,2025-W12,Afternoon,M03,P03,669,560,548,12,430.0,390.63,38.0,41.85,410.39,7.17,14560.0,59.51,29.68,20556.85,30688.0
WO-000654,2025-03-19,2025-03,2025-W12,Morning,M04,P04,237,181,176,5,430.0,316.84,95.0,105.03,258.52,7.17,17919.0,37.48,105.63,24984.78,36960.0
WO-000655,2025-03-19,2025-03,2025-W12,Afternoon,M04,P06,195,133,128,5,430.0,316.49,125.0,142.78,246.07,7.17,18487.0,35.68,80.95,25974.3,38144.0
WO-000656,2025-03-19,2025-03,2025-W12,Morning,M05,P06,191,166,160,6,430.0,371.81,125.0,134.39,203.22,7.17,23074.0,29.47,14.08,32171.21,47680.0
WO-000657,2025-03-19,2025-03,2025-W12,Afternoon,M05,P01,380,353,346,7,430.0,381.77,62.0,64.89,211.53,7.17,15532.0,30.67,41.17,21839.51,32524.0
WO-000658,2025-03-19,2025-03,2025-W12,Morning,M06,P01,385,368,363,5,430.0,402.89,62.0,65.69,236.34,7.17,16192.0,34.27,29.3,22731.24,34122.0
WO-000659,2025-03-19,2025-03,2025-W12,Afternoon,M06,P01,384,350,344,6,430.0,399.32,62.0,68.46,245.65,7.17,15400.0,35.62,26.01,21649.3,32336.0
WO-000660,2025-03-20,2025-03,2025-W12,Morning,M01,P02,318,293,288,5,430.0,396.44,74.0,81.18,367.64,7.17,17287.0,53.31,77.86,24158.83,36288.0
WO-000661,2025-03-20,2025-03,2025-W12,Afternoon,M01,P03,678,534,528,6,430.0,384.53,38.0,43.21,339.1,7.17,13884.0,49.17,52.73,19646.56,29568.0
WO-000662,2025-03-20,2025-03,2025-W12,Morning,M02,P05,465,401,391,10,430.0,390.62,52.0,58.45,275.33,7.17,19248.0,39.92,12.0,26704.59,39882.0
WO-000663,2025-03-20,2025-03,2025-W12,Afternoon,M02,P02,315,279,273,6,430.0,379.56,74.0,81.63,261.91,7.17,16461.0,37.98,42.22,22987.87,34398.0
WO-000664,2025-03-20,2025-03,2025-W12,Morning,M03,P01,369,335,330,5,430.0,369.05,62.0,66.1,407.98,7.17,14740.0,59.16,73.44,20820.26,31020.0
WO-000665,2025-03-20,2025-03,2025-W12,Afternoon,M03,P03,644,525,517,8,430.0,369.19,38.0,42.19,392.12,7.17,13650.0,56.86,62.17,19344.19,28952.0
WO-000666,2025-03-20,2025-03,2025-W12,Morning,M04,P04,254,189,185,4,430.0,342.98,95.0,108.88,276.5,7.17,18711.0,40.09,75.64,26029.4,38850.0
WO-000667,2025-03-20,2025-03,2025-W12,Afternoon,M04,P03,650,401,393,8,430.0,298.38,38.0,44.64,227.65,7.17,10426.0,33.01,74.53,14930.71,22008.0
WO-000668,2025-03-20,2025-03,2025-W12,Morning,M05,P05,470,391,384,7,430.0,381.65,52.0,58.57,213.01,7.17,18768.0,30.89,17.74,26051.3,39168.0
WO-000669,2025-03-20,2025-03,2025-W12,Afternoon,M05,P06,201,159,152,7,430.0,366.34,125.0,138.24,199.46,7.17,22101.0,28.92,13.1,30839.69,45296.0
WO-000670,2025-03-20,2025-03,2025-W12,Morning,M06,P06,181,170,164,6,430.0,406.84,125.0,143.59,254.73,7.17,23630.0,36.94,61.2,32985.8,48872.0
WO-000671,2025-03-20,2025-03,2025-W12,Afternoon,M06,P06,188,164,158,6,430.0,384.14,125.0,140.54,220.93,7.17,22796.0,32.03,37.68,31817.39,47084.0
WO-000672,2025-03-21,2025-03,2025-W12,Morning,M01,P01,372,342,338,4,430.0,376.21,62.0,66.0,349.8,7.17,15048.0,50.72,79.62,21238.01,31772.0
WO-000673,2025-03-21,2025-03,2025-W12,Afternoon,M01,P03,615,521,511,10,430.0,374.22,38.0,43.1,338.67,7.17,13546.0,49.11,31.11,19163.39,28616.0
WO-000674,2025-03-21,2025-03,2025-W12,Morning,M02,P01,363,343,341,2,430.0,387.0,62.0,67.7,278.64,7.17,15092.0,40.4,37.13,21245.2,32054.0
WO-000675,2025-03-21,2025-03,2025-W12,Afternoon,M02,P01,398,314,308,6,430.0,366.78,62.0,70.09,263.41,7.17,13816.0,38.19,48.62,19514.48,28952.0
WO-000676,2025-03-21,2025-03,2025-W12,Morning,M03,P01,374,352,346,6,430.0,393.97,62.0,67.15,415.31,7.17,15488.0,60.22,48.21,21816.1,32524.0
WO-000677,2025-03-21,2025-03,2025-W12,Afternoon,M03,P03,629,566,559,7,430.0,383.09,38.0,40.61,417.7,7.17,14716.0,60.57,16.05,20757.28,31304.0
WO-000678,2025-03-21,2025-03,2025-W12,Morning,M04,P04,253,168,164,4,430.0,299.87,95.0,107.1,238.09,7.17,16632.0,34.52,61.53,23195.72,34440.0
WO-000679,2025-03-21,2025-03,2025-W12,Afternoon,M04,P03,609,458,450,8,430.0,337.19,38.0,44.17,285.74,7.17,11908.0,41.43,68.44,16956.53,25200.0
WO-000680,2025-03-21,2025-03,2025-W12,Morning,M05,P05,436,392,384,8,430.0,374.67,52.0,57.35,209.33,7.17,18816.0,30.35,12.0,26110.02,39168.0
WO-000681,2025-03-21,2025-03,2025-W12,Afternoon,M05,P05,438,389,378,11,430.0,380.83,52.0,58.74,212.91,7.17,18672.0,30.87,23.19,25926.73,38556.0
WO-000682,2025-03-21,2025-03,2025-W12,Morning,M06,P06,187,181,174,7,430.0,406.35,125.0,134.7,250.95,7.17,25159.0,36.39,12.0,35026.05,51852.0
WO-000683,2025-03-21,2025-03,2025-W12,Afternoon,M06,P01,381,369,363,6,430.0,399.8,62.0,65.01,236.24,7.17,16236.0,34.26,30.13,22792.05,34122.0
WO-000684,2025-03-24,2025-03,2025-W13,Morning,M01,P02,333,287,281,6,430.0,376.53,74.0,78.72,344.18,7.17,16933.0,49.91,12.39,23609.96,35406.0
WO-000685,2025-03-24,2025-03,2025-W13,Afternoon,M01,P02,354,279,272,7,430.0,371.22,74.0,79.83,335.71,7.17,16461.0,48.68,32.98,22989.32,34272.0
WO-000686,2025-03-24,2025-03,2025-W13,Morning,M02,P05,489,393,383,10,430.0,375.18,52.0,57.28,265.61,7.17,18864.0,38.51,149.9,26321.08,39066.0
WO-000687,2025-03-24,2025-03,2025-W13,Afternoon,M02,P05,471,396,385,11,430.0,392.16,52.0,59.42,276.84,7.17,19008.0,40.14,58.85,26426.66,39270.0
WO-000688,2025-03-24,2025-03,2025-W13,Morning,M03,P05,467,429,423,6,430.0,385.55,52.0,53.92,410.59,7.17,20592.0,59.54,12.0,28544.2,43146.0
WO-000689,2025-03-24,2025-03,2025-W13,Afternoon,M03,P03,659,569,559,10,430.0,388.24,38.0,40.94,379.63,7.17,14794.0,55.05,53.96,20896.17,31304.0
WO-000690,2025-03-24,2025-03,2025-W13,Morning,M04,P04,248,176,170,6,430.0,320.8,95.0,109.37,254.34,7.17,17424.0,36.88,92.7,24301.25,35700.0
WO-000691,2025-03-24,2025-03,2025-W13,Afternoon,M04,P03,621,401,392,9,430.0,303.06,38.0,45.35,247.05,7.17,10426.0,35.82,92.67,14951.66,21952.0
WO-000692,2025-03-24,2025-03,2025-W13,Morning,M05,P05,447,373,363,10,430.0,368.96,52.0,59.35,202.15,7.17,17904.0,29.31,27.42,24889.4,37026.0
WO-000693,2025-03-24,2025-03,2025-W13,Afternoon,M05,P05,467,376,371,5,430.0,362.55,52.0,57.85,206.6,7.17,18048.0,29.96,36.47,25094.1,37842.0
WO-000694,2025-03-24,2025-03,2025-W13,Morning,M06,P04,251,222,218,4,430.0,390.25,95.0,105.47,236.74,7.17,21978.0,34.33,62.14,30432.14,45780.0
WO-000695,2025-03-24,2025-03,2025-W13,Afternoon,M06,P01,387,367,361,6,430.0,417.1,62.0,68.19,266.03,7.17,16148.0,38.57,44.22,22690.46,33934.0
WO-000696,2025-03-25,2025-03,2025-W13,Morning,M01,P02,331,298,293,5,430.0,393.84,74.0,79.3,379.5,7.17,17582.0,55.03,108.69,24591.38,36918.0
WO-000697,2025-03-25,2025-03,2025-W13,Afternoon,M01,P01,388,321,316,5,430.0,375.1,62.0,70.11,314.42,7.17,14124.0,45.59,19.42,19912.67,29704.0
WO-000698,2025-03-25,2025-03,2025-W13,Morning,M02,P01,400,311,308,3,430.0,363.86,62.0,70.2,255.76,7.17,13684.0,37.08,25.84,19310.59,28952.0
WO-000699,2025-03-25,2025-03,2025-W13,Afternoon,M02,P01,390,315,310,5,430.0,379.91,62.0,72.36,272.91,7.17,13860.0,39.57,12.07,19539.3,29140.0
WO-000700,2025-03-25,2025-03,2025-W13,Morning,M03,P05,466,424,414,10,430.0,400.31,52.0,56.65,413.13,7.17,20352.0,59.9,12.43,28220.0,42228.0
WO-000701,2025-03-25,2025-03,2025-W13,Afternoon,M03,P03,643,577,571,6,430.0,400.15,38.0,41.61,396.0,7.17,15002.0,57.42,66.61,21195.2,31976.0
WO-000702,2025-03-25,2025-03,2025-W13,Morning,M04,P04,251,160,155,5,430.0,304.66,95.0,114.25,241.15,7.17,15840.0,34.97,161.08,22223.72,32550.0
WO-000703,2025-03-25,2025-03,2025-W13,Afternoon,M04,P04,262,175,170,5,430.0,322.32,95.0,110.51,263.53,7.17,17325.0,38.21,79.04,24154.91,35700.0
WO-000704,2025-03-25,2025-03,2025-W13,Morning,M05,P05,450,379,370,9,430.0,370.02,52.0,58.58,206.37,7.17,18192.0,29.92,32.96,25285.55,37740.0
WO-000705,2025-03-25,2025-03,2025-W13,Afternoon,M05,P01,385,327,323,4,430.0,368.12,62.0,67.54,203.17,7.17,14388.0,29.46,74.07,20311.19,30362.0
WO-000706,2025-03-25,2025-03,2025-W13,Morning,M06,P04,258,241,235,6,430.0,410.38,95.0,102.17,251.67,7.17,23859.0,36.49,125.72,33043.88,49350.0
WO-000707,2025-03-25,2025-03,2025-W13,Afternoon,M06,P01,390,327,322,5,430.0,378.76,62.0,69.5,223.64,7.17,14388.0,32.43,20.18,20260.27,30268.0
WO-000708,2025-03-26,2025-03,2025-W13,Morning,M01,P03,624,546,540,6,430.0,379.09,38.0,41.66,355.12,7.17,14196.0,51.49,12.0,20034.16,30240.0
WO-000709,2025-03-26,2025-03,2025-W13,Afternoon,M01,P02,321,275,268,7,430.0,384.42,74.0,83.87,347.8,7.17,16225.0,50.43,34.77,22672.86,33768.0
WO-000710,2025-03-26,2025-03,2025-W13,Morning,M02,P02,290,272,267,5,430.0,376.2,74.0,82.98,262.96,7.17,16048.0,38.13,22.83,22408.63,33642.0
WO-000711,2025-03-26,2025-03,2025-W13,Afternoon,M02,P02,340,275,268,7,430.0,378.17,74.0,82.51,273.65,7.17,16225.0,39.68,14.03,22641.38,33768.0
WO-000712,2025-03-26,2025-03,2025-W13,Morning,M03,P01,401,365,360,5,430.0,416.09,62.0,68.4,425.52,7.17,16060.0,61.7,19.93,22569.29,33840.0
WO-000713,2025-03-26,2025-03,2025-W13,Afternoon,M03,P03,617,500,490,10,430.0,364.75,38.0,43.77,392.97,7.17,13000.0,56.98,49.67,18444.31,27440.0
WO-000714,2025-03-26,2025-03,2025-W13,Morning,M04,P03,606,442,431,11,430.0,327.6,38.0,44.47,255.66,7.17,11492.0,37.07,102.4,16418.14,24136.0
WO-000715,2025-03-26,2025-03,2025-W13,Afternoon,M04,P04,250,185,180,5,430.0,329.69,95.0,106.93,265.49,7.17,18315.0,38.5,107.2,25523.37,37800.0
WO-000716,2025-03-26,2025-03,2025-W13,Morning,M05,P04,259,220,215,5,430.0,391.09,95.0,106.66,221.61,7.17,21780.0,32.13,70.7,30170.5,45150.0
WO-000717,2025-03-26,2025-03,2025-W13,Afternoon,M05,P04,257,212,209,3,430.0,372.51,95.0,105.43,225.3,7.17,20988.0,32.67,29.49,29057.82,43890.0
WO-000718,2025-03-26,2025-03,2025-W13,Morning,M06,P04,257,243,240,3,430.0,407.52,95.0,100.62,243.73,7.17,24057.0,35.34,47.65,33232.65,50400.0
WO-000719,2025-03-26,2025-03,2025-W13,Afternoon,M06,P06,188,165,159,6,430.0,383.69,125.0,139.52,232.72,7.17,22935.0,33.75,108.34,32079.75,47382.0
WO-000720,2025-03-27,2025-03,2025-W13,Morning,M01,P03,625,589,578,11,430.0,408.65,38.0,41.63,381.06,7.17,15314.0,55.25,50.67,21603.09,32368.0
WO-000721,2025-03-27,2025-03,2025-W13,Afternoon,M01,P03,620,543,533,10,430.0,378.18,38.0,41.79,335.45,7.17,14118.0,48.64,40.89,19953.7,29848.0
WO-000722,2025-03-27,2025-03,2025-W13,Morning,M02,P05,459,378,370,8,430.0,361.1,52.0,57.32,251.79,7.17,18144.0,36.51,17.33,25211.5,37740.0
WO-000723,2025-03-27,2025-03,2025-W13,Afternoon,M02,P05,485,373,364,9,430.0,360.12,52.0,57.93,258.26,7.17,17904.0,37.45,46.59,24916.7,37128.0
WO-000724,2025-03-27,2025-03,2025-W13,Morning,M03,P01,377,372,367,5,430.0,409.39,62.0,66.03,438.84,7.17,16368.0,63.63,42.64,23013.93,34498.0
WO-000725,2025-03-27,2025-03,2025-W13,Afternoon,M03,P01,380,352,345,7,430.0,402.48,62.0,68.6,450.64,7.17,15488.0,65.34,23.54,21796.55,32430.0
WO-000726,2025-03-27,2025-03,2025-W13,Morning,M04,P03,628,443,435,8,430.0,326.1,38.0,44.17,253.4,7.17,11518.0,36.74,95.13,16446.04,24360.0
WO-000727,2025-03-27,2025-03,2025-W13,Afternoon,M04,P06,198,130,124,6,430.0,308.68,125.0,142.47,250.61,7.17,18070.0,36.34,85.69,25409.7,36952.0
WO-000728,2025-03-27,2025-03,2025-W13,Morning,M05,P04,254,233,229,4,430.0,396.59,95.0,102.13,228.28,7.17,23067.0,33.1,25.73,31868.5,48090.0
WO-000729,2025-03-27,2025-03,2025-W13,Afternoon,M05,P04,243,192,189,3,430.0,345.67,95.0,108.02,190.13,7.17,19008.0,27.57,35.77,26379.01,39690.0
WO-000730,2025-03-27,2025-03,2025-W13,Morning,M06,P06,184,185,177,8,430.0,402.12,125.0,130.42,247.13,7.17,25715.0,35.83,12.0,35785.5,52746.0
WO-000731,2025-03-27,2025-03,2025-W13,Afternoon,M06,P01,395,343,336,7,430.0,410.18,62.0,71.75,231.64,7.17,15092.0,33.59,25.95,21227.2,31584.0
WO-000732,2025-03-28,2025-03,2025-W13,Morning,M01,P01,391,335,331,4,430.0,387.77,62.0,69.45,357.72,7.17,14740.0,51.87,22.14,20761.67,31114.0
WO-000733,2025-03-28,2025-03,2025-W13,Afternoon,M01,P03,630,498,490,8,430.0,364.28,38.0,43.89,337.29,7.17,12948.0,48.91,30.03,18345.6,27440.0
WO-000734,2025-03-28,2025-03,2025-W13,Morning,M02,P01,384,351,344,7,430.0,395.74,62.0,67.65,276.11,7.17,15444.0,40.04,12.0,21699.7,32336.0
WO-000735,2025-03-28,2025-03,2025-W13,Afternoon,M02,P05,441,372,361,11,430.0,363.12,52.0,58.57,257.63,7.17,17856.0,37.36,135.7,24940.73,36822.0
WO-000736,2025-03-28,2025-03,2025-W13,Morning,M03,P03,607,598,588,10,430.0,407.39,38.0,40.88,428.79,7.17,15548.0,62.17,68.76,21947.6,32928.0
WO-000737,2025-03-28,2025-03,2025-W13,Afternoon,M03,P01,378,338,334,4,430.0,393.54,62.0,69.86,414.38,7.17,14872.0,60.09,57.99,20985.74,31396.0
WO-000738,2025-03-28,2025-03,2025-W13,Morning,M04,P03,632,461,452,9,430.0,330.81,38.0,43.06,267.88,7.17,11986.0,38.84,104.79,17096.8,25312.0
WO-000739,2025-03-28,2025-03,2025-W13,Afternoon,M04,P04,259,181,175,6,430.0,335.15,95.0,111.1,270.31,7.17,17919.0,39.19,67.94,24948.8,36750.0
WO-000740,2025-03-28,2025-03,2025-W13,Morning,M05,P04,252,221,216,5,430.0,387.5,95.0,105.2,218.27,7.17,21879.0,31.65,71.88,30305.2,45360.0
WO-000741,2025-03-28,2025-03,2025-W13,Afternoon,M05,P01,371,320,317,3,430.0,366.89,62.0,68.79,193.9,7.17,14080.0,28.12,12.0,19827.78,29798.0
WO-000742,2025-03-28,2025-03,2025-W13,Morning,M06,P04,256,227,222,5,430.0,385.77,95.0,101.97,238.58,7.17,22473.0,34.59,22.97,31063.23,46620.0
WO-000743,2025-03-28,2025-03,2025-W13,Afternoon,M06,P05,437,420,412,8,430.0,393.13,52.0,56.16,239.27,7.17,20160.0,34.69,12.0,27934.36,42024.0
WO-000744,2025-03-31,2025-03,2025-W14,Morning,M01,P02,311,272,268,4,430.0,377.29,74.0,83.23,338.32,7.17,16048.0,49.06,46.11,22442.84,33768.0
WO-000745,2025-03-31,2025-03,2025-W14,Afternoon,M01,P01,385,329,322,7,430.0,376.69,62.0,68.7,333.48,7.17,14476.0,48.36,35.95,20411.97,30268.0
WO-000746,2025-03-31,2025-03,2025-W14,Morning,M02,P01,377,332,330,2,430.0,384.74,62.0,69.53,265.71,7.17,14608.0,38.53,36.79,20582.98,31020.0
WO-000747,2025-03-31,2025-03,2025-W14,Afternoon,M02,P02,339,261,254,7,430.0,365.94,74.0,84.12,249.91,7.17,15399.0,36.24,21.87,21525.78,32004.0
WO-000748,2025-03-31,2025-03,2025-W14,Morning,M03,P05,459,407,398,9,430.0,382.26,52.0,56.35,391.47,7.17,19536.0,56.76,12.0,27111.43,40596.0
WO-000749,2025-03-31,2025-03,2025-W14,Afternoon,M03,P03,632,598,587,11,430.0,404.0,38.0,40.54,422.61,7.17,15548.0,61.28,55.48,21933.43,32872.0
WO-000750,2025-03-31,2025-03,2025-W14,Morning,M04,P03,607,489,482,7,430.0,340.92,38.0,41.83,266.18,7.17,12714.0,38.6,70.83,18056.59,26992.0
WO-000751,2025-03-31,2025-03,2025-W14,Afternoon,M04,P03,618,445,435,10,430.0,323.56,38.0,43.63,248.73,7.17,11570.0,36.07,126.92,16548.16,24360.0
WO-000752,2025-03-31,2025-03,2025-W14,Morning,M05,P04,257,214,210,4,430.0,380.43,95.0,106.66,210.96,7.17,21186.0,30.59,51.4,29345.65,44100.0
WO-000753,2025-03-31,2025-03,2025-W14,Afternoon,M05,P05,483,386,376,10,430.0,378.59,52.0,58.85,209.32,7.17,18528.0,30.35,26.49,25734.5,38352.0
WO-000754,2025-03-31,2025-03,2025-W14,Morning,M06,P05,462,404,394,10,430.0,392.39,52.0,58.28,231.96,7.17,19392.0,33.63,59.14,26940.44,40188.0
WO-000755,2025-03-31,2025-03,2025-W14,Afternoon,M06,P06,178,170,163,7,430.0,392.91,125.0,138.67,238.49,7.17,23630.0,34.58,22.3,32944.55,48574.0
WO-000756,2025-04-01,2025-04,2025-W14,Morning,M01,P01,383,332,328,4,430.0,378.76,62.0,68.45,337.68,7.17,14608.0,48.96,53.86,20610.49,30832.0
WO-000757,2025-04-01,2025-04,2025-W14,Afternoon,M01,P01,398,319,314,5,430.0,359.4,62.0,67.6,336.24,7.17,14036.0,48.75,88.39,19864.81,29516.0
WO-000758,2025-04-01,2025-04,2025-W14,Morning,M02,P02,320,287,281,6,430.0,388.87,74.0,81.3,272.02,7.17,16933.0,39.44,49.21,23636.32,35406.0
WO-000759,2025-04-01,2025-04,2025-W14,Afternoon,M02,P01,399,313,308,5,430.0,375.2,62.0,71.92,257.37,7.17,13772.0,37.32,12.0,19416.99,28952.0
WO-000760,2025-04-01,2025-04,2025-W14,Morning,M03,P03,643,594,586,8,430.0,408.4,38.0,41.25,415.14,7.17,15444.0,60.2,22.88,21757.74,32816.0
WO-000761,2025-04-01,2025-04,2025-W14,Afternoon,M03,P05,505,396,386,10,430.0,379.51,52.0,57.5,388.2,7.17,19008.0,56.29,15.72,26399.67,39372.0
WO-000762,2025-04-01,2025-04,2025-W14,Morning,M04,P03,667,428,421,7,430.0,320.39,38.0,44.91,247.66,7.17,11128.0,35.91,146.52,15964.09,23576.0
WO-000763,2025-04-01,2025-04,2025-W14,Afternoon,M04,P03,615,449,436,13,430.0,328.85,38.0,43.94,258.68,7.17,11674.0,37.51,60.77,16625.45,24416.0
WO-000764,2025-04-01,2025-04,2025-W14,Morning,M05,P01,399,326,321,5,430.0,380.3,62.0,69.99,223.31,7.17,14344.0,32.38,37.41,20217.46,30174.0
WO-000765,2025-04-01,2025-04,2025-W14,Afternoon,M05,P05,472,372,363,9,430.0,369.22,52.0,59.55,201.69,7.17,17856.0,29.25,67.41,24864.33,37026.0
WO-000766,2025-04-01,2025-04,2025-W14,Morning,M06,P05,443,432,423,9,430.0,408.34,52.0,56.71,241.72,7.17,20736.0,35.05,14.38,28717.1,43146.0
WO-000767,2025-04-01,2025-04,2025-W14,Afternoon,M06,P05,491,428,415,13,430.0,403.51,52.0,56.57,242.24,7.17,20544.0,35.12,12.0,28454.79,42330.0
WO-000768,2025-04-02,2025-04,2025-W14,Morning,M01,P03,647,517,510,7,430.0,374.04,38.0,43.41,344.37,7.17,13442.0,49.93,25.53,19016.63,28560.0
WO-000769,2025-04-02,2025-04,2025-W14,Afternoon,M01,P03,668,512,507,5,430.0,360.24,38.0,42.22,326.11,7.17,13312.0,47.29,25.89,18836.84,28392.0
WO-000770,2025-04-02,2025-04,2025-W14,Morning,M02,P01,379,311,309,2,430.0,364.8,62.0,70.38,254.91,7.17,13684.0,36.96,178.83,19463.46,29046.0
WO-000771,2025-04-02,2025-04,2025-W14,Afternoon,M02,P05,490,395,382,13,430.0,385.3,52.0,58.53,276.36,7.17,18960.0,40.07,74.91,26377.65,38964.0
WO-000772,2025-04-02,2025-04,2025-W14,Morning,M03,P01,393,349,343,6,430.0,386.16,62.0,66.39,388.9,7.17,15356.0,56.39,28.85,21612.91,32242.0
WO-000773,2025-04-02,2025-04,2025-W14,Afternoon,M03,P05,457,387,376,11,430.0,374.18,52.0,58.01,398.14,7.17,18576.0,57.73,97.97,25898.37,38352.0
WO-000774,2025-04-02,2025-04,2025-W14,Morning,M04,P06,198,142,136,6,430.0,339.57,125.0,143.48,261.49,7.17,19738.0,37.92,162.05,27767.63,40528.0
WO-000775,2025-04-02,2025-04,2025-W14,Afternoon,M04,P06,196,132,126,6,430.0,325.27,125.0,147.85,259.66,7.17,18348.0,37.65,119.57,25824.89,37548.0
WO-000776,2025-04-02,2025-04,2025-W14,Morning,M05,P06,194,172,166,6,430.0,392.63,125.0,136.97,217.37,7.17,23908.0,31.52,12.0,33311.18,49468.0
WO-000777,2025-04-02,2025-04,2025-W14,Afternoon,M05,P04,243,213,208,5,430.0,381.61,95.0,107.5,215.69,7.17,21087.0,31.27,20.59,29181.53,43680.0
WO-000778,2025-04-02,2025-04,2025-W14,Morning,M06,P05,465,424,412,12,430.0,391.08,52.0,55.34,235.74,7.17,20352.0,34.18,21.23,28203.08,42024.0
WO-000779,2025-04-02,2025-04,2025-W14,Afternoon,M06,P01,380,346,341,5,430.0,383.11,62.0,66.43,230.52,7.17,15224.0,33.43,37.27,21418.37,32054.0
WO-000780,2025-04-03,2025-04,2025-W14,Morning,M01,P03,633,545,541,4,430.0,379.09,38.0,41.73,354.0,7.17,14170.0,51.33,17.46,20003.95,30296.0
WO-000781,2025-04-03,2025-04,2025-W14,Afternoon,M01,P02,320,279,274,5,430.0,372.7,74.0,80.15,336.11,7.17,16461.0,48.74,36.39,22992.79,34524.0
WO-000782,2025-04-03,2025-04,2025-W14,Morning,M02,P01,390,335,331,4,430.0,385.97,62.0,69.13,265.59,7.17,14740.0,38.51,56.94,20783.12,31114.0
WO-000783,2025-04-03,2025-04,2025-W14,Afternoon,M02,P05,469,368,356,12,430.0,361.86,52.0,59.0,247.45,7.17,17664.0,35.88,12.0,24555.55,36312.0
WO-000784,2025-04-03,2025-04,2025-W14,Morning,M03,P05,498,419,412,7,430.0,394.85,52.0,56.54,424.09,7.17,20112.0,61.49,18.88,27903.04,42024.0
WO-000785,2025-04-03,2025-04,2025-W14,Afternoon,M03,P05,484,418,406,12,430.0,385.34,52.0,55.31,418.57,7.17,20064.0,60.69,25.59,27843.95,41412.0
WO-000786,2025-04-03,2025-04,2025-W14,Morning,M04,P06,199,144,138,6,430.0,334.88,125.0,139.53,265.37,7.17,20016.0,38.48,103.69,28089.84,41124.0
WO-000787,2025-04-03,2025-04,2025-W14,Afternoon,M04,P04,266,176,171,5,430.0,323.29,95.0,110.21,274.56,7.17,17424.0,39.81,114.71,24326.19,35910.0
WO-000788,2025-04-03,2025-04,2025-W14,Morning,M05,P01,373,358,353,5,430.0,390.93,62.0,65.52,223.76,7.17,15752.0,32.45,62.25,22162.36,33182.0
WO-000789,2025-04-03,2025-04,2025-W14,Afternoon,M05,P05,435,366,356,10,430.0,366.4,52.0,60.07,206.03,7.17,17568.0,29.88,55.53,24463.07,36312.0
WO-000790,2025-04-03,2025-04,2025-W14,Morning,M06,P04,255,236,231,5,430.0,395.35,95.0,100.51,257.9,7.17,23364.0,37.4,31.88,32280.94,48510.0
WO-000791,2025-04-03,2025-04,2025-W14,Afternoon,M06,P01,418,334,328,6,430.0,372.33,62.0,66.88,224.08,7.17,14696.0,32.49,48.84,20709.0,30832.0
WO-000792,2025-04-04,2025-04,2025-W14,Morning,M01,P03,657,569,560,9,430.0,386.64,38.0,40.77,350.1,7.17,14794.0,50.76,126.45,20964.38,31360.0
WO-000793,2025-04-04,2025-04,2025-W14,Afternoon,M01,P01,423,327,322,5,430.0,380.94,62.0,69.9,343.32,7.17,14388.0,49.78,20.69,20278.14,30268.0
WO-000794,2025-04-04,2025-04,2025-W14,Morning,M02,P05,481,380,372,8,430.0,370.06,52.0,58.43,269.69,7.17,18240.0,39.1,17.81,25344.58,37944.0
WO-000795,2025-04-04,2025-04,2025-W14,Afternoon,M02,P05,453,383,374,9,430.0,366.68,52.0,57.44,269.85,7.17,18384.0,39.13,73.94,25595.74,38148.0
WO-000796,2025-04-04,2025-04,2025-W14,Morning,M03,P05,463,405,399,6,430.0,391.74,52.0,58.04,386.15,7.17,19440.0,55.99,35.32,27003.97,40698.0
WO-000797,2025-04-04,2025-04,2025-W14,Afternoon,M03,P01,388,336,332,4,430.0,381.45,62.0,68.12,373.64,7.17,14784.0,54.18,65.88,20867.73,31208.0
WO-000798,2025-04-04,2025-04,2025-W14,Morning,M04,P04,252,175,169,6,430.0,312.43,95.0,107.12,250.81,7.17,17325.0,36.37,88.71,24162.75,35490.0
WO-000799,2025-04-04,2025-04,2025-W14,Afternoon,M04,P06,197,130,124,6,430.0,316.7,125.0,146.17,242.92,7.17,18070.0,35.22,76.99,25399.88,36952.0
WO-000800,2025-04-04,2025-04,2025-W14,Morning,M05,P05,466,386,378,8,430.0,377.97,52.0,58.75,213.75,7.17,18528.0,30.99,19.02,25727.68,38556.0
WO-000801,2025-04-04,2025-04,2025-W14,Afternoon,M05,P04,254,214,209,5,430.0,370.36,95.0,103.84,203.19,7.17,21186.0,29.46,28.59,29321.72,43890.0
WO-000802,2025-04-04,2025-04,2025-W14,Morning,M06,P06,204,182,175,7,430.0,404.53,125.0,133.36,247.4,7.17,25298.0,35.87,65.76,35269.3,52150.0
WO-000803,2025-04-04,2025-04,2025-W14,Afternoon,M06,P01,432,351,345,6,430.0,394.9,62.0,67.5,253.59,7.17,15444.0,36.77,14.38,21698.82,32430.0
WO-000804,2025-04-07,2025-04,2025-W15,Morning,M01,P03,607,568,560,8,430.0,391.15,38.0,41.32,371.56,7.17,14768.0,53.88,55.49,20861.03,31360.0
WO-000805,2025-04-07,2025-04,2025-W15,Afternoon,M01,P02,332,285,279,6,430.0,378.26,74.0,79.63,363.38,7.17,16815.0,52.69,47.36,23487.71,35154.0
WO-000806,2025-04-07,2025-04,2025-W15,Morning,M02,P02,323,276,269,7,430.0,383.55,74.0,83.38,277.37,7.17,16284.0,40.22,29.92,22737.81,33894.0
WO-000807,2025-04-07,2025-04,2025-W15,Afternoon,M02,P01,393,326,322,4,430.0,366.01,62.0,67.36,261.43,7.17,14344.0,37.91,33.24,20218.82,30268.0
WO-000808,2025-04-07,2025-04,2025-W15,Morning,M03,P03,601,595,588,7,430.0,396.08,38.0,39.94,416.5,7.17,15470.0,60.39,37.0,21807.56,32928.0
WO-000809,2025-04-07,2025-04,2025-W15,Afternoon,M03,P05,496,424,414,10,430.0,396.89,52.0,56.16,416.07,7.17,20352.0,60.33,12.0,28220.0,42228.0
WO-000810,2025-04-07,2025-04,2025-W15,Morning,M04,P03,607,425,416,9,430.0,311.25,38.0,43.94,244.41,7.17,11050.0,35.44,61.82,15772.43,23296.0
WO-000811,2025-04-07,2025-04,2025-W15,Afternoon,M04,P03,672,409,399,10,430.0,297.44,38.0,43.63,245.01,7.17,10634.0,35.53,90.75,15233.45,22344.0
WO-000812,2025-04-07,2025-04,2025-W15,Morning,M05,P04,259,221,217,4,430.0,390.12,95.0,105.92,219.63,7.17,21879.0,31.85,12.0,30245.51,45570.0
WO-000813,2025-04-07,2025-04,2025-W15,Afternoon,M05,P05,435,377,367,10,430.0,368.55,52.0,58.66,199.22,7.17,18096.0,28.89,32.84,25154.39,37434.0
WO-000814,2025-04-07,2025-04,2025-W15,Morning,M06,P05,468,422,411,11,430.0,405.52,52.0,57.66,234.73,7.17,20256.0,34.04,24.67,28076.37,41922.0
WO-000815,2025-04-07,2025-04,2025-W15,Afternoon,M06,P04,255,226,220,6,430.0,391.64,95.0,103.98,232.16,7.17,22374.0,33.66,77.82,30983.15,46200.0
WO-000816,2025-04-08,2025-04,2025-W15,Morning,M01,P01,387,321,316,5,430.0,373.78,62.0,69.87,329.55,7.17,14124.0,47.79,53.15,19948.61,29704.0
WO-000817,2025-04-08,2025-04,2025-W15,Afternoon,M01,P01,395,315,308,7,430.0,370.13,62.0,70.5,325.58,7.17,13860.0,47.21,49.04,19583.92,28952.0
WO-000818,2025-04-08,2025-04,2025-W15,Morning,M02,P02,324,276,270,6,430.0,379.89,74.0,82.58,252.79,7.17,16284.0,36.65,51.2,22755.52,34020.0
WO-000819,2025-04-08,2025-04,2025-W15,Afternoon,M02,P05,497,390,377,13,430.0,379.34,52.0,58.36,276.17,7.17,18720.0,40.04,38.94,26016.65,38454.0
WO-000820,2025-04-08,2025-04,2025-W15,Morning,M03,P05,476,403,393,10,430.0,389.46,52.0,57.98,428.83,7.17,19344.0,62.18,39.22,26884.07,40086.0
WO-000821,2025-04-08,2025-04,2025-W15,Afternoon,M03,P01,391,335,329,6,430.0,379.49,62.0,67.97,407.88,7.17,14740.0,59.14,12.0,20758.81,30926.0
WO-000822,2025-04-08,2025-04,2025-W15,Morning,M04,P06,193,135,129,6,430.0,322.25,125.0,143.22,255.13,7.17,18765.0,36.99,102.3,26376.96,38442.0
WO-000823,2025-04-08,2025-04,2025-W15,Afternoon,M04,P04,253,165,159,6,430.0,315.87,95.0,114.86,245.44,7.17,16335.0,35.59,109.96,22843.21,33390.0
WO-000824,2025-04-08,2025-04,2025-W15,Morning,M05,P01,375,340,337,3,430.0,393.75,62.0,69.48,214.15,7.17,14960.0,31.05,63.06,21081.78,31678.0
WO-000825,2025-04-08,2025-04,2025-W15,Afternoon,M05,P06,190,166,161,5,430.0,388.0,125.0,140.24,219.42,7.17,23074.0,31.82,28.35,32187.84,47978.0
WO-000826,2025-04-08,2025-04,2025-W15,Morning,M06,P04,255,224,218,6,430.0,398.64,95.0,106.78,235.03,7.17,22176.0,34.08,34.36,30672.1,45780.0
WO-000827,2025-04-08,2025-04,2025-W15,Afternoon,M06,P04,239,228,224,4,430.0,382.45,95.0,100.65,220.24,7.17,22572.0,31.93,39.78,31211.38,47040.0
WO-000828,2025-04-09,2025-04,2025-W15,Morning,M01,P03,644,557,551,6,430.0,382.06,38.0,41.16,346.9,7.17,14482.0,50.3,12.0,20423.47,30856.0
WO-000829,2025-04-09,2025-04,2025-W15,Afternoon,M01,P02,339,293,285,8,430.0,388.82,74.0,79.62,377.54,7.17,17287.0,54.74,77.19,24159.6,35910.0
WO-000830,2025-04-09,2025-04,2025-W15,Morning,M02,P02,331,272,266,6,430.0,373.04,74.0,82.29,261.96,7.17,16048.0,37.98,36.35,22422.0,33516.0
WO-000831,2025-04-09,2025-04,2025-W15,Afternoon,M02,P01,376,329,323,6,430.0,370.14,62.0,67.5,253.99,7.17,14476.0,36.83,46.75,20411.25,30362.0
WO-000832,2025-04-09,2025-04,2025-W15,Morning,M03,P01,385,365,360,5,430.0,399.46,62.0,65.66,414.87,7.17,16060.0,60.16,12.0,22559.82,33840.0
WO-000833,2025-04-09,2025-04,2025-W15,Afternoon,M03,P01,396,364,358,6,430.0,405.14,62.0,66.78,421.03,7.17,16016.0,61.05,21.89,22510.61,33652.0
WO-000834,2025-04-09,2025-04,2025-W15,Morning,M04,P06,184,133,127,6,430.0,320.49,125.0,144.58,254.73,7.17,18487.0,36.94,95.7,25990.31,37846.0
WO-000835,2025-04-09,2025-04,2025-W15,Afternoon,M04,P03,643,433,422,11,430.0,313.62,38.0,43.46,242.95,7.17,11258.0,35.23,64.49,16058.88,23632.0
WO-000836,2025-04-09,2025-04,2025-W15,Morning,M05,P05,482,402,393,9,430.0,391.21,52.0,58.39,208.41,7.17,19296.0,30.22,42.56,26790.44,40086.0
WO-000837,2025-04-09,2025-04,2025-W15,Afternoon,M05,P05,475,356,350,6,430.0,351.35,52.0,59.22,196.94,7.17,17088.0,28.56,33.79,23790.01,35700.0
WO-000838,2025-04-09,2025-04,2025-W15,Morning,M06,P05,446,427,417,10,430.0,394.21,52.0,55.39,239.57,7.17,20496.0,34.74,31.73,28409.14,42534.0
WO-000839,2025-04-09,2025-04,2025-W15,Afternoon,M06,P05,447,398,390,8,430.0,375.05,52.0,56.54,227.45,7.17,19104.0,32.98,45.21,26535.85,39780.0
WO-000840,2025-04-10,2025-04,2025-W15,Morning,M01,P03,632,557,555,2,430.0,393.76,38.0,42.42,345.96,7.17,14482.0,50.16,20.62,20431.95,31080.0
WO-000841,2025-04-10,2025-04,2025-W15,Afternoon,M01,P01,374,321,315,6,430.0,374.28,62.0,69.96,324.7,7.17,14124.0,47.08,59.6,19954.35,29610.0
WO-000842,2025-04-10,2025-04,2025-W15,Morning,M02,P01,389,325,319,6,430.0,369.39,62.0,68.2,279.71,7.17,14300.0,40.56,34.69,20162.92,29986.0
WO-000843,2025-04-10,2025-04,2025-W15,Afternoon,M02,P05,456,393,383,10,430.0,374.94,52.0,57.24,258.07,7.17,18864.0,37.42,44.14,26214.22,39066.0
WO-000844,2025-04-10,2025-04,2025-W15,Morning,M03,P01,399,336,330,6,430.0,382.03,62.0,68.22,389.49,7.17,14784.0,56.48,38.22,20842.36,31020.0
WO-000845,2025-04-10,2025-04,2025-W15,Morning,M04,P03,612,445,440,5,430.0,319.21,38.0,43.04,263.66,7.17,11570.0,38.23,90.27,16513.67,24640.0
WO-000846,2025-04-10,2025-04,2025-W15,Afternoon,M04,P03,642,467,455,12,430.0,341.3,38.0,43.85,265.43,7.17,12142.0,38.49,83.27,17287.93,25480.0
WO-000847,2025-04-10,2025-04,2025-W15,Morning,M05,P01,411,330,325,5,430.0,382.82,62.0,69.6,217.27,7.17,14520.0,31.5,13.5,20432.67,30550.0
WO-000848,2025-04-10,2025-04,2025-W15,Afternoon,M05,P01,378,304,299,5,430.0,354.61,62.0,69.99,206.46,7.17,13376.0,29.94,68.33,18925.93,28106.0
WO-000849,2025-04-10,2025-04,2025-W15,Afternoon,M06,P04,260,218,214,4,430.0,388.82,95.0,107.02,235.36,7.17,21582.0,34.13,52.13,29885.93,44940.0
WO-000850,2025-04-11,2025-04,2025-W15,Morning,M01,P01,390,342,338,4,430.0,381.61,62.0,66.95,364.08,7.17,15048.0,52.79,24.43,21184.89,31772.0
WO-000851,2025-04-11,2025-04,2025-W15,Afternoon,M01,P03,633,530,521,9,430.0,370.95,38.0,41.99,341.58,7.17,13780.0,49.53,12.0,19464.2,29176.0
WO-000852,2025-04-11,2025-04,2025-W15,Morning,M02,P02,322,267,264,3,430.0,373.93,74.0,84.03,250.45,7.17,15753.0,36.32,19.71,22003.69,33264.0
WO-000853,2025-04-11,2025-04,2025-W15,Afternoon,M02,P05,477,384,374,10,430.0,373.67,52.0,58.39,249.28,7.17,18432.0,36.15,21.49,25605.3,38148.0
WO-000854,2025-04-11,2025-04,2025-W15,Morning,M03,P01,361,355,350,5,430.0,384.14,62.0,64.93,383.76,7.17,15620.0,55.65,49.35,21992.66,32900.0
WO-000855,2025-04-11,2025-04,2025-W15,Afternoon,M03,P03,634,542,534,8,430.0,384.38,38.0,42.55,392.38,7.17,14092.0,56.89,16.6,19902.16,29904.0
WO-000856,2025-04-11,2025-04,2025-W15,Morning,M04,P04,247,190,185,5,430.0,340.02,95.0,107.38,277.39,7.17,18810.0,40.22,79.51,26167.4,38850.0
WO-000857,2025-04-11,2025-04,2025-W15,Afternoon,M04,P03,670,446,438,8,430.0,317.23,38.0,42.68,263.69,7.17,11596.0,38.23,85.0,16543.9,24528.0
WO-000858,2025-04-11,2025-04,2025-W15,Morning,M05,P06,202,154,148,6,430.0,373.83,125.0,145.65,199.07,7.17,21406.0,28.86,52.81,29929.34,44104.0
WO-000859,2025-04-11,2025-04,2025-W15,Afternoon,M05,P01,390,319,314,5,430.0,369.28,62.0,69.46,214.16,7.17,14036.0,31.05,22.72,19781.44,29516.0
WO-000860,2025-04-11,2025-04,2025-W15,Morning,M06,P01,371,362,357,5,430.0,409.16,62.0,67.82,239.98,7.17,15928.0,34.8,31.31,22373.78,33558.0
WO-000861,2025-04-11,2025-04,2025-W15,Afternoon,M06,P05,478,406,397,9,430.0,387.72,52.0,57.3,253.65,7.17,19488.0,36.78,55.87,27070.32,40494.0
WO-000862,2025-04-14,2025-04,2025-W16,Morning,M01,P03,632,559,557,2,430.0,383.43,38.0,41.16,357.56,7.17,14534.0,51.85,24.01,20508.02,31192.0
WO-000863,2025-04-14,2025-04,2025-W16,Afternoon,M01,P01,404,332,327,5,430.0,375.8,62.0,67.92,342.04,7.17,14608.0,49.6,53.53,20610.8,30738.0
WO-000864,2025-04-14,2025-04,2025-W16,Morning,M02,P05,465,364,353,11,430.0,367.11,52.0,60.51,265.03,7.17,17472.0,38.43,35.76,24321.86,36006.0
WO-000865,2025-04-14,2025-04,2025-W16,Afternoon,M02,P01,394,302,295,7,430.0,364.09,62.0,72.34,265.18,7.17,13288.0,38.45,17.05,18763.17,27730.0
WO-000866,2025-04-14,2025-04,2025-W16,Morning,M03,P01,371,338,332,6,430.0,384.23,62.0,68.21,384.16,7.17,14872.0,55.7,32.6,20955.97,31208.0
WO-000867,2025-04-14,2025-04,2025-W16,Afternoon,M03,P01,396,340,335,5,430.0,378.63,62.0,66.82,392.12,7.17,14960.0,56.86,45.21,21089.74,31490.0
WO-000868,2025-04-14,2025-04,2025-W16,Morning,M04,P04,259,183,179,4,430.0,335.67,95.0,110.06,266.34,7.17,18117.0,38.62,76.95,25225.24,37590.0
WO-000869,2025-04-14,2025-04,2025-W16,Afternoon,M04,P06,200,132,126,6,430.0,318.14,125.0,144.61,245.58,7.17,18348.0,35.61,93.58,25796.86,37548.0
WO-000870,2025-04-14,2025-04,2025-W16,Morning,M05,P06,190,166,160,6,430.0,383.38,125.0,138.57,210.24,7.17,23074.0,30.48,28.74,32186.89,47680.0
WO-000871,2025-04-14,2025-04,2025-W16,Afternoon,M05,P06,188,159,153,6,430.0,376.51,125.0,142.08,220.16,7.17,22101.0,31.92,34.38,30863.97,45594.0
WO-000872,2025-04-14,2025-04,2025-W16,Morning,M06,P05,461,412,402,10,430.0,391.44,52.0,57.01,227.37,7.17,19776.0,32.97,113.25,27513.88,41004.0
WO-000873,2025-04-14,2025-04,2025-W16,Afternoon,M06,P01,399,343,338,5,430.0,387.4,62.0,67.77,239.83,7.17,15092.0,34.78,18.29,21220.73,31772.0
WO-000874,2025-04-15,2025-04,2025-W16,Afternoon,M01,P01,389,341,335,6,430.0,390.58,62.0,68.72,351.52,7.17,15004.0,50.97,33.05,21131.69,31490.0
WO-000875,2025-04-15,2025-04,2025-W16,Morning,M02,P02,344,254,250,4,430.0,356.66,74.0,84.25,253.76,7.17,14986.0,36.8,62.29,21006.75,31500.0
WO-000876,2025-04-15,2025-04,2025-W16,Afternoon,M02,P01,402,335,332,3,430.0,382.87,62.0,68.57,266.16,7.17,14740.0,38.59,57.47,20783.72,31208.0
WO-000877,2025-04-15,2025-04,2025-W16,Morning,M03,P01,406,333,331,2,430.0,369.36,62.0,66.55,386.89,7.17,14652.0,56.1,38.84,20662.61,31114.0
WO-000878,2025-04-15,2025-04,2025-W16,Afternoon,M03,P05,498,417,408,9,430.0,383.91,52.0,55.24,400.3,7.17,20016.0,58.04,93.33,27844.04,41616.0
WO-000879,2025-04-15,2025-04,2025-W16,Morning,M04,P06,195,125,119,6,430.0,312.34,125.0,149.92,239.62,7.17,17375.0,34.74,120.17,24492.58,35462.0
WO-000880,2025-04-15,2025-04,2025-W16,Afternoon,M04,P03,646,428,418,10,430.0,320.31,38.0,44.9,241.78,7.17,11128.0,35.06,70.98,15887.7,23408.0
WO-000881,2025-04-15,2025-04,2025-W16,Morning,M05,P06,186,160,154,6,430.0,374.45,125.0,140.42,213.8,7.17,22240.0,31.0,42.3,31060.97,45892.0
WO-000882,2025-04-15,2025-04,2025-W16,Afternoon,M05,P05,470,366,357,9,430.0,365.18,52.0,59.86,200.0,7.17,17568.0,29.0,36.46,24443.12,36414.0
WO-000883,2025-04-15,2025-04,2025-W16,Morning,M06,P06,190,184,179,5,430.0,404.97,125.0,132.06,246.27,7.17,25576.0,35.71,24.84,35608.21,53342.0
WO-000884,2025-04-15,2025-04,2025-W16,Afternoon,M06,P06,200,171,165,6,430.0,385.33,125.0,135.2,233.51,7.17,23769.0,33.86,62.37,33173.9,49170.0
WO-000885,2025-04-16,2025-04,2025-W16,Morning,M01,P03,696,542,536,6,430.0,368.51,38.0,40.79,324.51,7.17,14092.0,47.05,39.43,19915.15,30016.0
WO-000886,2025-04-16,2025-04,2025-W16,Afternoon,M01,P03,668,539,533,6,430.0,375.94,38.0,41.85,331.06,7.17,14014.0,48.0,12.0,19782.17,29848.0
WO-000887,2025-04-16,2025-04,2025-W16,Morning,M02,P02,332,283,279,4,430.0,381.08,74.0,80.8,274.15,7.17,16697.0,39.75,33.95,23301.37,35154.0
WO-000888,2025-04-16,2025-04,2025-W16,Afternoon,M02,P02,333,249,242,7,430.0,346.28,74.0,83.44,235.59,7.17,14691.0,34.16,12.0,20553.83,30492.0
WO-000889,2025-04-16,2025-04,2025-W16,Morning,M03,P03,623,560,551,9,430.0,388.23,38.0,41.6,395.37,7.17,14560.0,57.33,59.33,20584.32,30856.0
WO-000890,2025-04-16,2025-04,2025-W16,Afternoon,M03,P03,625,545,537,8,430.0,382.95,38.0,42.16,376.47,7.17,14170.0,54.59,38.14,20027.9,30072.0
WO-000891,2025-04-16,2025-04,2025-W16,Morning,M04,P03,633,441,429,12,430.0,322.49,38.0,43.88,250.31,7.17,11466.0,36.29,152.33,16431.79,24024.0
WO-000892,2025-04-16,2025-04,2025-W16,Afternoon,M04,P03,602,439,430,9,430.0,320.19,38.0,43.76,252.14,7.17,11414.0,36.56,102.96,16311.69,24080.0
WO-000893,2025-04-16,2025-04,2025-W16,Morning,M05,P01,393,356,351,5,430.0,405.12,62.0,68.28,226.22,7.17,15664.0,32.8,16.17,21996.63,32994.0
WO-000894,2025-04-16,2025-04,2025-W16,Afternoon,M05,P01,399,329,323,6,430.0,371.87,62.0,67.82,207.56,7.17,14476.0,30.1,84.17,20441.93,30362.0
WO-000895,2025-04-16,2025-04,2025-W16,Morning,M06,P04,263,238,232,6,430.0,410.23,95.0,103.42,244.4,7.17,23562.0,35.44,76.61,32591.72,48720.0
WO-000896,2025-04-16,2025-04,2025-W16,Afternoon,M06,P04,247,227,222,5,430.0,389.83,95.0,103.04,234.41,7.17,22473.0,33.99,59.27,31098.93,46620.0
WO-000897,2025-04-17,2025-04,2025-W16,Morning,M01,P03,670,538,531,7,430.0,376.06,38.0,41.94,356.65,7.17,13988.0,51.71,72.32,19810.7,29736.0
WO-000898,2025-04-17,2025-04,2025-W16,Afternoon,M01,P03,621,569,559,10,430.0,394.5,38.0,41.6,347.73,7.17,14794.0,50.42,25.37,20862.96,31304.0
WO-000899,2025-04-17,2025-04,2025-W16,Morning,M02,P02,317,286,279,7,430.0,389.06,74.0,81.62,274.21,7.17,16874.0,39.76,38.79,23546.22,35154.0
WO-000900,2025-04-17,2025-04,2025-W16,Afternoon,M02,P02,334,267,261,6,430.0,372.04,74.0,83.6,265.24,7.17,15753.0,38.46,49.31,22035.43,32886.0
WO-000901,2025-04-17,2025-04,2025-W16,Morning,M03,P01,396,362,360,2,430.0,390.73,62.0,64.76,419.7,7.17,15928.0,60.86,46.52,22415.04,33840.0
WO-000902,2025-04-17,2025-04,2025-W16,Afternoon,M03,P03,621,519,511,8,430.0,362.22,38.0,41.88,377.51,7.17,13494.0,54.74,69.14,19136.05,28616.0
WO-000903,2025-04-17,2025-04,2025-W16,Morning,M04,P03,607,456,448,8,430.0,327.87,38.0,43.14,260.47,7.17,11856.0,37.77,131.47,16944.9,25088.0
WO-000904,2025-04-17,2025-04,2025-W16,Afternoon,M04,P03,649,432,422,10,430.0,312.61,38.0,43.42,242.33,7.17,11232.0,35.14,121.92,16080.72,23632.0
WO-000905,2025-04-17,2025-04,2025-W16,Morning,M05,P05,479,401,394,7,430.0,384.11,52.0,57.47,217.52,7.17,19248.0,31.54,54.48,26738.68,40188.0
WO-000906,2025-04-17,2025-04,2025-W16,Afternoon,M05,P04,269,220,215,5,430.0,380.56,95.0,103.79,210.05,7.17,21780.0,30.46,17.6,30115.72,45150.0
WO-000907,2025-04-17,2025-04,2025-W16,Afternoon,M06,P01,376,355,349,6,430.0,396.84,62.0,67.07,239.35,7.17,15620.0,34.71,12.0,21934.37,32806.0
WO-000908,2025-04-18,2025-04,2025-W16,Morning,M01,P02,321,280,275,5,430.0,366.84,74.0,78.61,330.53,7.17,16520.0,47.93,63.13,23098.72,34650.0
WO-000909,2025-04-18,2025-04,2025-W16,Afternoon,M01,P03,659,528,521,7,430.0,386.51,38.0,43.92,320.73,7.17,13728.0,46.51,76.45,19454.63,29176.0
WO-000910,2025-04-18,2025-04,2025-W16,Morning,M02,P05,446,394,384,10,430.0,386.04,52.0,58.79,272.77,7.17,18912.0,39.55,16.93,26254.15,39168.0
WO-000911,2025-04-18,2025-04,2025-W16,Afternoon,M02,P05,451,396,386,10,430.0,376.49,52.0,57.04,264.65,7.17,19008.0,38.37,26.47,26392.51,39372.0
WO-000912,2025-04-18,2025-04,2025-W16,Morning,M03,P05,451,440,432,8,430.0,412.02,52.0,56.18,436.4,7.17,21120.0,63.28,51.51,29302.46,44064.0
WO-000913,2025-04-18,2025-04,2025-W16,Afternoon,M03,P03,650,538,535,3,430.0,384.69,38.0,42.9,389.49,7.17,13988.0,56.48,47.57,19790.71,29960.0
WO-000914,2025-04-18,2025-04,2025-W16,Morning,M04,P03,631,426,417,9,430.0,310.54,38.0,43.74,254.1,7.17,11076.0,36.84,90.98,15838.49,23352.0
WO-000915,2025-04-18,2025-04,2025-W16,Afternoon,M04,P03,637,418,409,9,430.0,317.11,38.0,45.52,266.1,7.17,10868.0,38.58,122.91,15588.16,22904.0
WO-000916,2025-04-18,2025-04,2025-W16,Morning,M05,P05,480,385,376,9,430.0,363.58,52.0,56.66,201.19,7.17,18480.0,29.17,12.0,25653.84,38352.0
WO-000917,2025-04-18,2025-04,2025-W16,Afternoon,M05,P06,194,162,156,6,430.0,376.17,125.0,139.32,216.45,7.17,22518.0,31.39,28.19,31427.24,46488.0
WO-000918,2025-04-18,2025-04,2025-W16,Morning,M06,P05,457,431,422,9,430.0,401.83,52.0,55.94,254.59,7.17,20688.0,36.92,107.97,28747.55,43044.0
WO-000919,2025-04-18,2025-04,2025-W16,Afternoon,M06,P06,193,173,167,6,430.0,402.92,125.0,139.74,246.01,7.17,24047.0,35.67,143.68,33637.02,49766.0
WO-000920,2025-04-21,2025-04,2025-W17,Morning,M01,P01,389,320,316,4,430.0,366.05,62.0,68.64,341.88,7.17,14080.0,49.57,45.46,19882.7,29704.0
WO-000921,2025-04-21,2025-04,2025-W17,Afternoon,M01,P01,369,337,333,4,430.0,394.76,62.0,70.28,365.3,7.17,14828.0,52.97,19.69,20880.32,31302.0
WO-000922,2025-04-21,2025-04,2025-W17,Morning,M02,P05,472,388,378,10,430.0,381.05,52.0,58.93,274.85,7.17,18624.0,39.85,55.61,25903.13,38556.0
WO-000923,2025-04-21,2025-04,2025-W17,Afternoon,M02,P02,320,269,263,6,430.0,378.36,74.0,84.39,257.3,7.17,15871.0,37.31,31.22,22176.19,33138.0
WO-000924,2025-04-21,2025-04,2025-W17,Morning,M03,P01,377,363,358,5,430.0,401.33,62.0,66.34,402.92,7.17,15972.0,58.42,12.0,22438.09,33652.0
WO-000925,2025-04-21,2025-04,2025-W17,Afternoon,M03,P05,479,428,417,11,430.0,396.6,52.0,55.6,393.92,7.17,20544.0,57.12,58.31,28523.1,42534.0
WO-000926,2025-04-21,2025-04,2025-W17,Morning,M04,P06,192,126,120,6,430.0,309.36,125.0,147.32,255.32,7.17,17514.0,37.02,87.42,24652.1,35760.0
WO-000927,2025-04-21,2025-04,2025-W17,Afternoon,M04,P03,678,422,415,7,430.0,312.23,38.0,44.39,256.83,7.17,10972.0,37.24,148.09,15754.0,23240.0
WO-000928,2025-04-21,2025-04,2025-W17,Morning,M05,P04,258,216,212,4,430.0,384.56,95.0,106.82,214.68,7.17,21384.0,31.13,12.0,29574.8,44520.0
WO-000929,2025-04-21,2025-04,2025-W17,Afternoon,M05,P05,460,388,380,8,430.0,373.11,52.0,57.7,203.12,7.17,18624.0,29.45,12.0,25849.12,38760.0
WO-000930,2025-04-21,2025-04,2025-W17,Morning,M06,P06,204,189,182,7,430.0,410.43,125.0,130.29,256.44,7.17,26271.0,37.18,17.98,36552.83,54236.0
WO-000931,2025-04-21,2025-04,2025-W17,Afternoon,M06,P04,248,227,221,6,430.0,408.85,95.0,108.07,241.04,7.17,22473.0,34.95,12.0,31052.62,46410.0
WO-000932,2025-04-22,2025-04,2025-W17,Morning,M01,P01,393,334,328,6,430.0,373.27,62.0,67.05,332.26,7.17,14696.0,48.18,32.55,20708.39,30832.0
WO-000933,2025-04-22,2025-04,2025-W17,Afternoon,M01,P03,670,543,535,8,430.0,384.52,38.0,42.49,353.94,7.17,14118.0,51.32,20.68,19936.16,29960.0
WO-000934,2025-04-22,2025-04,2025-W17,Morning,M02,P01,400,342,336,6,430.0,390.99,62.0,68.59,281.52,7.17,15048.0,40.82,40.69,21189.17,31584.0
WO-000935,2025-04-22,2025-04,2025-W17,Afternoon,M02,P01,367,309,302,7,430.0,360.4,62.0,69.98,254.36,7.17,13596.0,36.88,43.34,19207.89,28388.0
WO-000936,2025-04-22,2025-04,2025-W17,Morning,M03,P03,627,577,567,10,430.0,399.09,38.0,41.5,413.93,7.17,15002.0,60.02,12.0,21143.19,31752.0
WO-000937,2025-04-22,2025-04,2025-W17,Afternoon,M03,P05,479,397,385,12,430.0,380.4,52.0,57.49,385.07,7.17,19056.0,55.83,50.96,26499.46,39270.0
WO-000938,2025-04-22,2025-04,2025-W17,Morning,M04,P03,643,455,445,10,430.0,333.36,38.0,43.96,253.0,7.17,11830.0,36.69,84.63,16861.48,24920.0
WO-000939,2025-04-22,2025-04,2025-W17,Afternoon,M04,P04,267,172,167,5,430.0,316.06,95.0,110.25,264.57,7.17,17028.0,38.36,115.23,23789.26,35070.0
WO-000940,2025-04-22,2025-04,2025-W17,Morning,M05,P04,273,218,213,5,430.0,372.9,95.0,102.63,203.13,7.17,21582.0,29.45,167.81,29996.93,44730.0
WO-000941,2025-04-22,2025-04,2025-W17,Afternoon,M05,P01,387,323,318,5,430.0,373.34,62.0,69.35,212.51,7.17,14212.0,30.81,12.0,20010.48,29892.0
WO-000942,2025-04-22,2025-04,2025-W17,Morning,M06,P01,394,341,335,6,430.0,386.5,62.0,68.01,238.05,7.17,15004.0,34.52,34.04,21116.22,31490.0
WO-000943,2025-04-22,2025-04,2025-W17,Afternoon,M06,P05,443,423,412,11,430.0,404.83,52.0,57.42,243.91,7.17,20304.0,35.37,12.0,28130.03,42024.0
WO-000944,2025-04-23,2025-04,2025-W17,Morning,M01,P01,386,321,316,5,430.0,371.07,62.0,69.36,337.94,7.17,14124.0,49.0,62.84,19959.5,29704.0
WO-000945,2025-04-23,2025-04,2025-W17,Afternoon,M01,P03,644,546,535,11,430.0,390.87,38.0,42.95,340.22,7.17,14196.0,49.33,26.55,20046.55,29960.0
WO-000946,2025-04-23,2025-04,2025-W17,Morning,M02,P01,383,326,321,5,430.0,378.79,62.0,69.72,270.62,7.17,14344.0,39.24,29.53,20216.44,30174.0
WO-000947,2025-04-23,2025-04,2025-W17,Afternoon,M02,P05,495,374,365,9,430.0,373.84,52.0,59.97,276.54,7.17,17952.0,40.1,23.7,24961.46,37230.0
WO-000948,2025-04-23,2025-04,2025-W17,Morning,M03,P05,467,445,436,9,430.0,411.22,52.0,55.45,435.0,7.17,21360.0,63.08,13.86,29589.61,44472.0
WO-000949,2025-04-23,2025-04,2025-W17,Morning,M04,P03,653,420,414,6,430.0,324.67,38.0,46.38,255.72,7.17,10920.0,37.08,83.41,15618.16,23184.0
WO-000950,2025-04-23,2025-04,2025-W17,Afternoon,M04,P03,675,440,428,12,430.0,325.14,38.0,44.34,247.66,7.17,11440.0,35.91,93.0,16336.58,23968.0
WO-000951,2025-04-23,2025-04,2025-W17,Morning,M05,P01,373,319,316,3,430.0,367.77,62.0,69.17,200.67,7.17,14036.0,29.1,12.0,19768.76,29704.0
WO-000952,2025-04-23,2025-04,2025-W17,Afternoon,M05,P04,240,226,222,4,430.0,388.72,95.0,103.2,216.73,7.17,22374.0,31.43,38.36,30941.45,46620.0
WO-000953,2025-04-23,2025-04,2025-W17,Morning,M06,P06,199,183,177,6,430.0,416.5,125.0,136.56,263.5,7.17,25437.0,38.21,44.7,35440.57,52746.0
WO-000954,2025-04-23,2025-04,2025-W17,Afternoon,M06,P04,263,224,219,5,430.0,386.73,95.0,103.59,228.89,7.17,22176.0,33.19,18.63,30655.49,45990.0
WO-000955,2025-04-24,2025-04,2025-W17,Morning,M01,P02,319,270,264,6,430.0,368.22,74.0,81.83,340.01,7.17,15930.0,49.3,44.29,22281.25,33264.0
WO-000956,2025-04-24,2025-04,2025-W17,Afternoon,M01,P01,388,349,343,6,430.0,396.42,62.0,68.15,354.37,7.17,15356.0,51.38,24.18,21603.23,32242.0
WO-000957,2025-04-24,2025-04,2025-W17,Morning,M02,P01,374,313,309,4,430.0,379.93,62.0,72.83,258.74,7.17,13772.0,37.52,45.27,19450.45,29046.0
WO-000958,2025-04-24,2025-04,2025-W17,Afternoon,M02,P05,458,393,383,10,430.0,369.75,52.0,56.45,254.97,7.17,18864.0,36.97,42.17,26211.81,39066.0
WO-000959,2025-04-24,2025-04,2025-W17,Morning,M03,P03,648,578,570,8,430.0,387.66,38.0,40.24,394.8,7.17,15028.0,57.25,47.94,21211.85,31920.0
WO-000960,2025-04-24,2025-04,2025-W17,Afternoon,M03,P05,458,412,403,9,430.0,386.45,52.0,56.28,417.64,7.17,19776.0,60.56,29.03,27457.25,41106.0
WO-000961,2025-04-24,2025-04,2025-W17,Morning,M04,P06,199,141,135,6,430.0,332.27,125.0,141.39,278.13,7.17,19599.0,40.33,67.81,27485.81,40230.0
WO-000962,2025-04-24,2025-04,2025-W17,Afternoon,M04,P06,196,126,120,6,430.0,316.96,125.0,150.93,249.05,7.17,17514.0,36.11,75.95,24639.73,35760.0
WO-000963,2025-04-24,2025-04,2025-W17,Morning,M05,P06,196,155,149,6,430.0,364.23,125.0,140.99,204.9,7.17,21545.0,29.71,16.19,30083.56,44402.0
WO-000964,2025-04-24,2025-04,2025-W17,Morning,M06,P06,194,189,182,7,430.0,408.15,125.0,129.57,255.44,7.17,26271.0,37.04,12.0,36546.71,54236.0
WO-000965,2025-04-24,2025-04,2025-W17,Afternoon,M06,P05,470,422,413,9,430.0,407.17,52.0,57.89,238.59,7.17,20256.0,34.6,30.25,28082.51,42126.0
WO-000966,2025-04-25,2025-04,2025-W17,Morning,M01,P01,416,340,335,5,430.0,382.09,62.0,67.43,340.35,7.17,14960.0,49.35,15.37,21052.39,31490.0
WO-000967,2025-04-25,2025-04,2025-W17,Afternoon,M01,P02,332,275,270,5,430.0,375.41,74.0,81.91,350.31,7.17,16225.0,50.8,56.5,22694.96,34020.0
WO-000968,2025-04-25,2025-04,2025-W17,Morning,M02,P01,388,328,324,4,430.0,376.76,62.0,68.92,267.94,7.17,14432.0,38.85,33.67,20340.19,30456.0
WO-000969,2025-04-25,2025-04,2025-W17,Afternoon,M02,P02,340,257,251,6,430.0,353.37,74.0,82.5,250.69,7.17,15163.0,36.35,18.75,21202.76,31626.0
WO-000970,2025-04-25,2025-04,2025-W17,Morning,M03,P05,481,422,413,9,430.0,390.56,52.0,55.53,407.31,7.17,20256.0,59.06,25.81,28102.54,42126.0
WO-000971,2025-04-25,2025-04,2025-W17,Afternoon,M03,P03,641,577,572,5,430.0,397.7,38.0,41.35,427.45,7.17,15002.0,61.98,84.33,21217.48,32032.0
WO-000972,2025-04-25,2025-04,2025-W17,Morning,M04,P03,578,442,434,8,430.0,327.08,38.0,44.4,258.56,7.17,11492.0,37.49,61.05,16377.21,24304.0
WO-000973,2025-04-25,2025-04,2025-W17,Afternoon,M04,P06,188,139,132,7,430.0,329.77,125.0,142.35,265.08,7.17,19321.0,38.44,88.34,27124.44,39336.0
WO-000974,2025-04-25,2025-04,2025-W17,Morning,M05,P04,260,216,213,3,430.0,380.18,95.0,105.6,210.7,7.17,21384.0,30.55,142.37,29704.58,44730.0
WO-000975,2025-04-25,2025-04,2025-W17,Afternoon,M05,P01,411,328,323,5,430.0,390.01,62.0,71.34,218.6,7.17,14432.0,31.7,12.0,20311.36,30362.0
WO-000976,2025-04-25,2025-04,2025-W17,Morning,M06,P01,404,351,346,5,430.0,389.25,62.0,66.54,245.1,7.17,15444.0,35.54,30.54,21713.75,32524.0
WO-000977,2025-04-25,2025-04,2025-W17,Afternoon,M06,P01,378,341,334,7,430.0,383.01,62.0,67.39,239.65,7.17,15004.0,34.75,51.48,21133.9,31396.0
WO-000978,2025-04-28,2025-04,2025-W18,Morning,M01,P03,649,543,538,5,430.0,375.17,38.0,41.46,342.56,7.17,14118.0,49.67,30.19,19944.02,30128.0
WO-000979,2025-04-28,2025-04,2025-W18,Afternoon,M01,P01,402,336,331,5,430.0,374.99,62.0,66.96,332.47,7.17,14784.0,48.21,55.64,20851.52,31114.0
WO-000980,2025-04-28,2025-04,2025-W18,Morning,M02,P05,453,390,381,9,430.0,380.38,52.0,58.52,271.41,7.17,18720.0,39.35,20.29,25997.31,38862.0
WO-000981,2025-04-28,2025-04,2025-W18,Afternoon,M02,P02,331,278,272,6,430.0,382.71,74.0,82.6,264.72,7.17,16402.0,38.38,28.12,22894.17,34272.0
WO-000982,2025-04-28,2025-04,2025-W18,Morning,M03,P03,632,570,563,7,430.0,375.5,38.0,39.53,394.33,7.17,14820.0,57.18,79.08,20958.93,31528.0
WO-000983,2025-04-28,2025-04,2025-W18,Afternoon,M03,P01,387,339,331,8,430.0,372.66,62.0,65.96,396.52,7.17,14916.0,57.5,12.0,20997.16,31114.0
WO-000984,2025-04-28,2025-04,2025-W18,Morning,M04,P04,241,178,172,6,430.0,316.77,95.0,106.78,259.02,7.17,17622.0,37.56,81.65,24558.87,36120.0
WO-000985,2025-04-28,2025-04,2025-W18,Afternoon,M04,P04,257,177,173,4,430.0,326.15,95.0,110.56,254.25,7.17,17523.0,36.87,64.81,24407.35,36330.0
WO-000986,2025-04-28,2025-04,2025-W18,Morning,M05,P04,254,224,221,3,430.0,379.88,95.0,101.75,213.41,7.17,22176.0,30.94,18.63,30653.24,46410.0
WO-000987,2025-04-28,2025-04,2025-W18,Afternoon,M05,P06,195,166,159,7,430.0,373.94,125.0,135.16,221.88,7.17,23074.0,32.17,60.32,32220.16,47382.0
WO-000988,2025-04-28,2025-04,2025-W18,Morning,M06,P04,248,234,228,6,430.0,403.82,95.0,103.54,248.3,7.17,23166.0,36.0,12.0,31991.67,47880.0
WO-000989,2025-04-28,2025-04,2025-W18,Afternoon,M06,P06,201,169,163,6,430.0,390.46,125.0,138.63,226.03,7.17,23491.0,32.77,15.44,32745.88,48574.0
WO-000990,2025-04-29,2025-04,2025-W18,Morning,M01,P02,325,303,297,6,430.0,417.1,74.0,82.59,357.83,7.17,17877.0,51.88,19.74,24899.29,37422.0
WO-000991,2025-04-29,2025-04,2025-W18,Afternoon,M01,P02,325,275,268,7,430.0,376.88,74.0,82.23,345.47,7.17,16225.0,50.09,21.6,22659.36,33768.0
WO-000992,2025-04-29,2025-04,2025-W18,Morning,M02,P01,424,309,305,4,430.0,359.63,62.0,69.83,254.39,7.17,13596.0,36.89,90.98,19255.53,28670.0
WO-000993,2025-04-29,2025-04,2025-W18,Afternoon,M02,P02,323,263,257,6,430.0,369.21,74.0,84.23,251.62,7.17,15517.0,36.48,12.0,21676.15,32382.0
WO-000994,2025-04-29,2025-04,2025-W18,Morning,M03,P05,483,431,420,11,430.0,409.21,52.0,56.97,429.82,7.17,20688.0,62.32,12.0,28676.99,42840.0
WO-000995,2025-04-29,2025-04,2025-W18,Afternoon,M03,P03,637,562,551,11,430.0,389.21,38.0,41.55,426.87,7.17,14612.0,61.9,54.42,20654.99,30856.0
WO-000996,2025-04-29,2025-04,2025-W18,Morning,M04,P03,639,478,470,8,430.0,344.06,38.0,43.19,279.1,7.17,12428.0,40.47,147.85,17744.99,26320.0
WO-000997,2025-04-29,2025-04,2025-W18,Afternoon,M04,P04,267,177,170,7,430.0,310.81,95.0,105.36,233.89,7.17,17523.0,33.91,91.73,24431.31,35700.0
WO-000998,2025-04-29,2025-04,2025-W18,Morning,M05,P01,386,343,338,5,430.0,394.27,62.0,68.97,208.94,7.17,15092.0,30.3,39.2,21237.16,31772.0
WO-000999,2025-04-29,2025-04,2025-W18,Afternoon,M05,P05,473,370,359,11,430.0,373.29,52.0,60.53,200.5,7.17,17760.0,29.07,36.89,24703.63,36618.0
WO-001000,2025-04-29,2025-04,2025-W18,Morning,M06,P04,244,229,225,4,430.0,386.24,95.0,101.2,235.2,7.17,22671.0,34.1,12.0,31319.77,47250.0
WO-001001,2025-04-29,2025-04,2025-W18,Afternoon,M06,P05,464,415,402,13,430.0,394.95,52.0,57.1,238.15,7.17,19920.0,34.53,26.14,27623.34,41004.0
WO-001002,2025-04-30,2025-04,2025-W18,Morning,M01,P03,640,552,543,9,430.0,374.67,38.0,40.72,358.66,7.17,14352.0,52.01,28.82,20264.49,30408.0
WO-001003,2025-04-30,2025-04,2025-W18,Afternoon,M01,P03,631,534,524,10,430.0,373.56,38.0,41.97,339.99,7.17,13884.0,49.3,69.17,19663.13,29344.0
WO-001004,2025-04-30,2025-04,2025-W18,Morning,M02,P01,379,325,323,2,430.0,368.32,62.0,68.0,257.69,7.17,14300.0,37.37,18.39,20143.42,30362.0
WO-001005,2025-04-30,2025-04,2025-W18,Afternoon,M02,P05,463,386,375,11,430.0,374.19,52.0,58.16,269.32,7.17,18528.0,39.05,53.79,25770.51,38250.0
WO-001006,2025-04-30,2025-04,2025-W18,Morning,M03,P03,606,606,602,4,430.0,400.91,38.0,39.69,425.16,7.17,15756.0,61.65,31.51,22193.83,33712.0
WO-001007,2025-04-30,2025-04,2025-W18,Afternoon,M03,P01,383,324,319,5,430.0,370.67,62.0,68.64,396.04,7.17,14256.0,57.43,59.19,20144.29,29986.0
WO-001008,2025-04-30,2025-04,2025-W18,Morning,M04,P03,647,453,445,8,430.0,316.12,38.0,41.87,255.92,7.17,11778.0,37.11,96.33,16802.61,24920.0
WO-001009,2025-04-30,2025-04,2025-W18,Afternoon,M04,P04,267,178,173,5,430.0,323.56,95.0,109.06,266.15,7.17,17622.0,38.59,83.78,24562.04,36330.0
WO-001010,2025-04-30,2025-04,2025-W18,Morning,M05,P06,196,164,158,6,430.0,388.09,125.0,141.98,220.02,7.17,22796.0,31.9,18.94,31798.51,47084.0
WO-001011,2025-04-30,2025-04,2025-W18,Afternoon,M05,P01,395,330,325,5,430.0,371.28,62.0,67.51,211.21,7.17,14520.0,30.63,29.97,20448.27,30550.0
WO-001012,2025-04-30,2025-04,2025-W18,Morning,M06,P05,481,408,399,9,430.0,378.76,52.0,55.7,234.74,7.17,19584.0,34.04,79.34,27221.05,40698.0
WO-001013,2025-04-30,2025-04,2025-W18,Afternoon,M06,P06,184,173,167,6,430.0,396.17,125.0,137.4,244.35,7.17,24047.0,35.43,12.0,33505.1,49766.0
WO-001014,2025-05-01,2025-05,2025-W18,Morning,M01,P02,324,300,292,8,430.0,399.36,74.0,79.87,364.12,7.17,17700.0,52.8,87.47,24727.94,36792.0
WO-001015,2025-05-01,2025-05,2025-W18,Afternoon,M01,P02,308,283,275,8,430.0,380.97,74.0,80.77,348.89,7.17,16697.0,50.59,52.18,23330.44,34650.0
WO-001016,2025-05-01,2025-05,2025-W18,Afternoon,M02,P05,501,377,368,9,430.0,370.69,52.0,59.0,260.6,7.17,18096.0,37.79,12.0,25142.45,37536.0
WO-001017,2025-05-01,2025-05,2025-W18,Morning,M03,P01,385,359,355,4,430.0,395.94,62.0,66.17,416.58,7.17,15796.0,60.4,25.92,22213.99,33370.0
WO-001018,2025-05-01,2025-05,2025-W18,Afternoon,M03,P03,669,561,549,12,430.0,383.14,38.0,40.98,397.5,7.17,14586.0,57.64,44.57,20605.37,30744.0
WO-001019,2025-05-01,2025-05,2025-W18,Morning,M04,P03,613,453,443,10,430.0,333.57,38.0,44.18,274.05,7.17,11778.0,39.74,132.27,16841.18,24808.0
WO-001020,2025-05-01,2025-05,2025-W18,Afternoon,M04,P06,195,128,122,6,430.0,314.4,125.0,147.37,260.09,7.17,17792.0,37.71,131.31,25076.69,36356.0
WO-001021,2025-05-01,2025-05,2025-W18,Morning,M05,P01,381,312,308,4,430.0,359.98,62.0,69.23,200.82,7.17,13728.0,29.12,29.57,19366.35,28952.0
WO-001022,2025-05-01,2025-05,2025-W18,Afternoon,M05,P05,466,389,379,10,430.0,373.21,52.0,57.57,212.13,7.17,18672.0,30.76,26.35,25929.78,38658.0
WO-001023,2025-05-01,2025-05,2025-W18,Morning,M06,P01,389,367,363,4,430.0,407.31,62.0,66.59,249.81,7.17,16148.0,36.22,23.11,22667.0,34122.0
WO-001024,2025-05-01,2025-05,2025-W18,Afternoon,M06,P05,457,410,400,10,430.0,389.82,52.0,57.05,224.58,7.17,19680.0,32.56,12.0,27282.23,40800.0
WO-001025,2025-05-02,2025-05,2025-W18,Morning,M01,P01,374,336,331,5,430.0,365.97,62.0,65.35,338.75,7.17,14784.0,49.12,22.41,20819.19,31114.0
WO-001026,2025-05-02,2025-05,2025-W18,Afternoon,M01,P01,396,321,316,5,430.0,369.84,62.0,69.13,346.76,7.17,14124.0,50.28,89.37,19987.32,29704.0
WO-001027,2025-05-02,2025-05,2025-W18,Morning,M02,P05,462,413,404,9,430.0,384.67,52.0,55.88,263.45,7.17,19824.0,38.2,53.91,27524.78,41208.0
WO-001028,2025-05-02,2025-05,2025-W18,Afternoon,M02,P05,467,388,378,10,430.0,379.27,52.0,58.65,256.68,7.17,18624.0,37.22,22.67,25867.55,38556.0
WO-001029,2025-05-02,2025-05,2025-W18,Morning,M03,P03,618,566,560,6,430.0,395.84,38.0,41.96,390.81,7.17,14716.0,56.67,19.08,20756.41,31360.0
WO-001030,2025-05-02,2025-05,2025-W18,Afternoon,M03,P05,475,410,400,10,430.0,389.19,52.0,56.95,403.88,7.17,19680.0,58.56,38.88,27335.11,40800.0
WO-001031,2025-05-02,2025-05,2025-W18,Morning,M04,P06,184,134,128,6,430.0,325.13,125.0,145.58,260.33,7.17,18626.0,37.75,95.13,26180.55,38144.0
WO-001032,2025-05-02,2025-05,2025-W18,Afternoon,M04,P03,604,447,435,12,430.0,334.41,38.0,44.89,261.03,7.17,11622.0,37.85,129.83,16623.85,24360.0
WO-001033,2025-05-02,2025-05,2025-W18,Afternoon,M05,P01,357,311,306,5,430.0,363.57,62.0,70.14,202.65,7.17,13684.0,29.38,33.07,19310.12,28764.0
WO-001034,2025-05-02,2025-05,2025-W18,Morning,M06,P04,248,239,235,4,430.0,400.65,95.0,100.58,246.42,7.17,23661.0,35.73,12.0,32661.4,49350.0
WO-001035,2025-05-02,2025-05,2025-W18,Afternoon,M06,P04,240,218,213,5,430.0,374.18,95.0,102.99,220.35,7.17,21582.0,31.95,38.84,29870.46,44730.0
WO-001036,2025-05-05,2025-05,2025-W19,Morning,M01,P02,313,283,277,6,430.0,386.59,74.0,81.96,350.09,7.17,16697.0,50.76,44.89,23323.32,34902.0
WO-001037,2025-05-05,2025-05,2025-W19,Afternoon,M01,P02,327,277,270,7,430.0,375.79,74.0,81.4,346.02,7.17,16343.0,50.17,40.36,22838.2,34020.0
WO-001038,2025-05-05,2025-05,2025-W19,Morning,M02,P02,329,279,272,7,430.0,380.02,74.0,81.73,259.57,7.17,16461.0,37.64,57.19,23002.5,34272.0
WO-001039,2025-05-05,2025-05,2025-W19,Afternoon,M02,P02,322,263,259,4,430.0,375.52,74.0,85.67,264.44,7.17,15517.0,38.34,76.57,21742.59,32634.0
WO-001040,2025-05-05,2025-05,2025-W19,Morning,M03,P03,603,585,580,5,430.0,391.32,38.0,40.14,400.45,7.17,15210.0,58.07,54.64,21467.87,32480.0
WO-001041,2025-05-05,2025-05,2025-W19,Afternoon,M03,P03,639,539,528,11,430.0,379.96,38.0,42.3,419.34,7.17,14014.0,60.8,17.81,19800.78,29568.0
WO-001042,2025-05-05,2025-05,2025-W19,Morning,M04,P03,653,403,395,8,430.0,308.71,38.0,45.96,252.12,7.17,10478.0,36.56,125.7,15056.42,22120.0
WO-001043,2025-05-05,2025-05,2025-W19,Afternoon,M04,P04,252,149,144,5,430.0,281.97,95.0,113.54,214.13,7.17,14751.0,31.05,73.35,20658.07,30240.0
WO-001044,2025-05-05,2025-05,2025-W19,Morning,M05,P06,185,167,161,6,430.0,396.02,125.0,142.28,205.14,7.17,23213.0,29.75,15.51,32362.92,47978.0
WO-001045,2025-05-05,2025-05,2025-W19,Afternoon,M05,P01,406,315,311,4,430.0,375.9,62.0,71.6,209.6,7.17,13860.0,30.39,12.0,19530.06,29234.0
WO-001046,2025-05-05,2025-05,2025-W19,Morning,M06,P04,250,233,228,5,430.0,404.17,95.0,104.08,249.62,7.17,23067.0,36.2,12.0,31857.86,47880.0
WO-001047,2025-05-05,2025-05,2025-W19,Afternoon,M06,P06,194,176,171,5,430.0,394.07,125.0,134.34,239.72,7.17,24464.0,34.76,17.25,34079.68,50958.0
WO-001048,2025-05-06,2025-05,2025-W19,Morning,M01,P03,608,532,526,6,430.0,369.46,38.0,41.67,338.65,7.17,13832.0,49.1,58.78,19581.55,29456.0
WO-001049,2025-05-06,2025-05,2025-W19,Afternoon,M01,P03,621,541,536,5,430.0,388.39,38.0,43.07,345.98,7.17,14066.0,50.17,12.0,19855.33,30016.0
WO-001050,2025-05-06,2025-05,2025-W19,Morning,M02,P02,309,289,283,6,430.0,394.68,74.0,81.94,279.59,7.17,17051.0,40.54,60.27,23808.48,35658.0
WO-001051,2025-05-06,2025-05,2025-W19,Afternoon,M02,P01,379,325,320,5,430.0,381.25,62.0,70.39,261.72,7.17,14300.0,37.95,64.3,20189.92,30080.0
WO-001052,2025-05-06,2025-05,2025-W19,Morning,M03,P01,383,375,372,3,430.0,415.22,62.0,66.44,419.72,7.17,16500.0,60.86,28.99,23177.52,34968.0
WO-001053,2025-05-06,2025-05,2025-W19,Afternoon,M03,P01,373,343,338,5,430.0,385.05,62.0,67.36,414.24,7.17,15092.0,60.06,40.53,21268.26,31772.0
WO-001054,2025-05-06,2025-05,2025-W19,Morning,M04,P03,616,411,402,9,430.0,312.55,38.0,45.63,239.22,7.17,10686.0,34.69,101.64,15314.49,22512.0
WO-001055,2025-05-06,2025-05,2025-W19,Afternoon,M04,P03,628,439,429,10,430.0,312.71,38.0,42.74,259.74,7.17,11414.0,37.66,88.72,16298.55,24024.0
WO-001056,2025-05-06,2025-05,2025-W19,Morning,M05,P06,185,163,157,6,430.0,374.31,125.0,137.78,203.92,7.17,22657.0,29.57,26.97,31614.2,46786.0
WO-001057,2025-05-06,2025-05,2025-W19,Afternoon,M05,P01,396,316,309,7,430.0,376.71,62.0,71.53,210.29,7.17,13904.0,30.49,78.13,19656.29,29046.0
WO-001058,2025-05-06,2025-05,2025-W19,Morning,M06,P01,365,350,344,6,430.0,392.17,62.0,67.23,234.5,7.17,15400.0,34.0,12.72,21634.39,32336.0
WO-001059,2025-05-06,2025-05,2025-W19,Afternoon,M06,P04,250,220,214,6,430.0,395.4,95.0,107.84,245.02,7.17,21780.0,35.53,73.01,30176.21,44940.0
WO-001060,2025-05-07,2025-05,2025-W19,Morning,M01,P02,319,285,278,7,430.0,379.33,74.0,79.86,356.04,7.17,16815.0,51.63,30.45,23469.75,35028.0
WO-001061,2025-05-07,2025-05,2025-W19,Afternoon,M01,P02,329,285,278,7,430.0,377.44,74.0,79.46,336.07,7.17,16815.0,48.73,12.0,23448.4,35028.0
WO-001062,2025-05-07,2025-05,2025-W19,Morning,M02,P01,382,351,347,4,430.0,404.45,62.0,69.14,293.95,7.17,15444.0,42.62,62.47,21752.76,32618.0
WO-001063,2025-05-07,2025-05,2025-W19,Afternoon,M02,P01,395,305,301,4,430.0,353.87,62.0,69.61,247.04,7.17,13420.0,35.82,93.35,19016.84,28294.0
WO-001064,2025-05-07,2025-05,2025-W19,Morning,M03,P03,600,559,551,8,430.0,388.45,38.0,41.69,396.52,7.17,14534.0,57.5,12.0,20501.66,30856.0
WO-001065,2025-05-07,2025-05,2025-W19,Afternoon,M03,P01,395,348,342,6,430.0,390.75,62.0,67.37,399.88,7.17,15312.0,57.98,75.71,21601.36,32148.0
WO-001066,2025-05-07,2025-05,2025-W19,Morning,M04,P03,666,475,464,11,430.0,348.48,38.0,44.02,277.64,7.17,12350.0,40.26,91.48,17581.91,25984.0
WO-001067,2025-05-07,2025-05,2025-W19,Afternoon,M04,P04,240,171,166,5,430.0,316.75,95.0,111.14,254.73,7.17,16929.0,36.94,142.98,23681.58,34860.0
WO-001068,2025-05-07,2025-05,2025-W19,Morning,M05,P01,399,331,326,5,430.0,389.96,62.0,70.69,229.18,7.17,14564.0,33.23,20.92,20501.82,30644.0
WO-001069,2025-05-07,2025-05,2025-W19,Afternoon,M05,P05,459,387,379,8,430.0,372.33,52.0,57.73,205.91,7.17,18576.0,29.86,34.26,25806.78,38658.0
WO-001070,2025-05-07,2025-05,2025-W19,Morning,M06,P04,241,244,238,6,430.0,417.1,95.0,102.57,266.56,7.17,24156.0,38.65,37.39,33359.7,49980.0
WO-001071,2025-05-07,2025-05,2025-W19,Afternoon,M06,P05,466,429,418,11,430.0,399.77,52.0,55.91,254.61,7.17,20592.0,36.92,99.34,28608.92,42636.0
WO-001072,2025-05-08,2025-05,2025-W19,Morning,M01,P01,391,345,339,6,430.0,387.29,62.0,67.35,348.93,7.17,15180.0,50.59,77.43,21415.69,31866.0
WO-001073,2025-05-08,2025-05,2025-W19,Afternoon,M01,P01,364,332,325,7,430.0,389.09,62.0,70.32,349.55,7.17,14608.0,50.68,21.96,20580.31,30550.0
WO-001074,2025-05-08,2025-05,2025-W19,Morning,M02,P02,337,276,271,5,430.0,380.97,74.0,82.82,262.41,7.17,16284.0,38.05,12.0,22717.72,34146.0
WO-001075,2025-05-08,2025-05,2025-W19,Afternoon,M02,P01,390,323,318,5,430.0,370.3,62.0,68.79,262.09,7.17,14212.0,38.0,116.69,20122.36,29892.0
WO-001076,2025-05-08,2025-05,2025-W19,Morning,M03,P05,442,432,424,8,430.0,395.04,52.0,54.87,406.64,7.17,20736.0,58.96,12.0,28738.63,43248.0
WO-001077,2025-05-08,2025-05,2025-W19,Afternoon,M03,P05,461,411,402,9,430.0,380.11,52.0,55.49,398.38,7.17,19728.0,57.76,53.86,27414.29,41004.0
WO-001078,2025-05-08,2025-05,2025-W19,Morning,M04,P04,256,169,165,4,430.0,317.57,95.0,112.75,249.42,7.17,16731.0,36.17,76.5,23346.33,34650.0
WO-001079,2025-05-08,2025-05,2025-W19,Afternoon,M04,P06,190,125,119,6,430.0,302.53,125.0,145.22,242.84,7.17,17375.0,35.21,93.16,24466.04,35462.0
WO-001080,2025-05-08,2025-05,2025-W19,Morning,M05,P01,370,318,313,5,430.0,365.95,62.0,69.05,191.91,7.17,13992.0,27.83,32.0,19727.5,29422.0
WO-001081,2025-05-08,2025-05,2025-W19,Afternoon,M05,P05,466,404,393,11,430.0,382.58,52.0,56.82,211.12,7.17,19392.0,30.61,20.08,26898.36,40086.0
WO-001082,2025-05-08,2025-05,2025-W19,Morning,M06,P04,262,239,236,3,430.0,410.59,95.0,103.08,249.25,7.17,23661.0,36.14,22.42,32672.22,49560.0
WO-001083,2025-05-08,2025-05,2025-W19,Afternoon,M06,P05,470,435,424,11,430.0,397.06,52.0,54.77,248.08,7.17,20880.0,35.97,78.08,28976.72,43248.0
WO-001084,2025-05-09,2025-05,2025-W19,Morning,M01,P01,383,345,336,9,430.0,386.46,62.0,67.21,358.02,7.17,15180.0,51.91,24.05,21363.63,31584.0
WO-001085,2025-05-09,2025-05,2025-W19,Afternoon,M01,P01,373,308,305,3,430.0,355.25,62.0,69.21,330.23,7.17,13552.0,47.88,24.29,19139.84,28670.0
WO-001086,2025-05-09,2025-05,2025-W19,Morning,M02,P02,313,262,257,5,430.0,371.12,74.0,84.99,253.02,7.17,15458.0,36.69,30.76,21615.11,32382.0
WO-001087,2025-05-09,2025-05,2025-W19,Afternoon,M02,P02,317,264,258,6,430.0,372.23,74.0,84.6,262.01,7.17,15576.0,37.99,21.17,21766.82,32508.0
WO-001088,2025-05-09,2025-05,2025-W19,Morning,M03,P05,420,419,411,8,430.0,389.29,52.0,55.75,408.33,7.17,20112.0,59.21,67.88,27949.76,41922.0
WO-001089,2025-05-09,2025-05,2025-W19,Afternoon,M03,P05,477,407,396,11,430.0,381.61,52.0,56.26,400.86,7.17,19536.0,58.12,12.0,27112.79,40392.0
WO-001090,2025-05-09,2025-05,2025-W19,Morning,M04,P04,236,182,176,6,430.0,327.69,95.0,108.03,263.99,7.17,18018.0,38.28,73.99,25087.93,36960.0
WO-001091,2025-05-09,2025-05,2025-W19,Afternoon,M04,P03,628,447,435,12,430.0,317.92,38.0,42.67,247.65,7.17,11622.0,35.91,93.18,16585.26,24360.0
WO-001092,2025-05-09,2025-05,2025-W19,Morning,M05,P05,481,390,381,9,430.0,382.34,52.0,58.82,209.8,7.17,18720.0,30.42,12.0,25980.09,38862.0
WO-001093,2025-05-09,2025-05,2025-W19,Afternoon,M05,P04,249,203,198,5,430.0,366.43,95.0,108.3,212.76,7.17,20097.0,30.85,12.0,27832.52,41580.0
WO-001094,2025-05-09,2025-05,2025-W19,Morning,M06,P05,498,438,428,10,430.0,417.1,52.0,57.14,246.2,7.17,21024.0,35.7,46.21,29139.58,43656.0
WO-001095,2025-05-09,2025-05,2025-W19,Afternoon,M06,P04,244,228,223,5,430.0,397.75,95.0,104.67,236.13,7.17,22572.0,34.24,36.47,31210.38,46830.0
WO-001096,2025-05-12,2025-05,2025-W20,Morning,M01,P02,318,286,280,6,430.0,382.43,74.0,80.23,334.33,7.17,16874.0,48.48,38.83,23554.97,35280.0
WO-001097,2025-05-12,2025-05,2025-W20,Afternoon,M01,P03,643,520,513,7,430.0,364.24,38.0,42.03,333.83,7.17,13520.0,48.4,29.04,19125.11,28728.0
WO-001098,2025-05-12,2025-05,2025-W20,Morning,M02,P01,389,331,326,5,430.0,369.43,62.0,66.97,262.12,7.17,14564.0,38.01,38.06,20523.74,30644.0
WO-001099,2025-05-12,2025-05,2025-W20,Afternoon,M02,P02,335,264,258,6,430.0,371.95,74.0,84.53,261.78,7.17,15576.0,37.96,32.07,21777.7,32508.0
WO-001100,2025-05-12,2025-05,2025-W20,Morning,M03,P03,620,594,588,6,430.0,409.46,38.0,41.36,435.23,7.17,15444.0,63.11,53.75,21791.53,32928.0
WO-001101,2025-05-12,2025-05,2025-W20,Afternoon,M03,P05,458,397,390,7,430.0,359.09,52.0,54.27,392.88,7.17,19056.0,56.97,36.97,26486.61,39780.0
WO-001102,2025-05-12,2025-05,2025-W20,Morning,M04,P06,171,140,134,6,430.0,339.01,125.0,145.29,270.4,7.17,19460.0,39.21,78.3,27305.18,39932.0
WO-001103,2025-05-12,2025-05,2025-W20,Afternoon,M04,P03,627,405,396,9,430.0,306.25,38.0,45.37,246.37,7.17,10530.0,35.72,109.48,15110.37,22176.0
WO-001104,2025-05-12,2025-05,2025-W20,Morning,M05,P01,385,322,317,5,430.0,378.44,62.0,70.52,214.66,7.17,14168.0,31.12,18.07,19956.86,29798.0
WO-001105,2025-05-12,2025-05,2025-W20,Afternoon,M05,P05,463,393,383,10,430.0,374.94,52.0,57.24,211.23,7.17,18864.0,30.63,54.52,26217.81,39066.0
WO-001106,2025-05-12,2025-05,2025-W20,Morning,M06,P04,254,237,233,4,430.0,405.38,95.0,102.63,251.75,7.17,23463.0,36.5,55.58,32437.75,48930.0
WO-001107,2025-05-12,2025-05,2025-W20,Afternoon,M06,P06,183,173,165,8,430.0,392.62,125.0,136.17,232.73,7.17,24047.0,33.75,21.77,33513.18,49170.0
WO-001108,2025-05-13,2025-05,2025-W20,Morning,M01,P03,607,592,587,5,430.0,399.64,38.0,40.5,375.34,7.17,15392.0,54.42,93.37,21751.46,32872.0
WO-001109,2025-05-13,2025-05,2025-W20,Afternoon,M01,P03,641,550,546,4,430.0,385.09,38.0,42.01,352.74,7.17,14300.0,51.15,42.99,20206.8,30576.0
WO-001110,2025-05-13,2025-05,2025-W20,Morning,M02,P01,395,357,351,6,430.0,405.71,62.0,68.19,284.81,7.17,15708.0,41.3,15.05,22064.02,32994.0
WO-001111,2025-05-13,2025-05,2025-W20,Afternoon,M02,P02,324,269,264,5,430.0,370.86,74.0,82.72,268.99,7.17,15871.0,39.0,35.32,22181.99,33264.0
WO-001112,2025-05-13,2025-05,2025-W20,Morning,M03,P03,604,600,595,5,430.0,410.78,38.0,41.08,428.13,7.17,15600.0,62.08,26.4,21976.15,33320.0
WO-001113,2025-05-13,2025-05,2025-W20,Afternoon,M03,P05,451,413,403,10,430.0,389.39,52.0,56.57,411.85,7.17,19824.0,59.72,51.58,27543.97,41106.0
WO-001114,2025-05-13,2025-05,2025-W20,Morning,M04,P06,198,142,136,6,430.0,332.93,125.0,140.67,261.32,7.17,19738.0,37.89,79.6,27685.16,40528.0
WO-001115,2025-05-13,2025-05,2025-W20,Afternoon,M04,P06,195,129,123,6,430.0,314.5,125.0,146.28,251.34,7.17,17931.0,36.44,69.28,25203.4,36654.0
WO-001116,2025-05-13,2025-05,2025-W20,Morning,M05,P05,453,377,369,8,430.0,369.15,52.0,58.75,209.05,7.17,18096.0,30.31,60.67,25183.65,37638.0
WO-001117,2025-05-13,2025-05,2025-W20,Afternoon,M05,P01,372,321,313,8,430.0,364.92,62.0,68.21,198.46,7.17,14124.0,28.78,15.11,19891.56,29422.0
WO-001118,2025-05-13,2025-05,2025-W20,Morning,M06,P01,385,345,340,5,430.0,401.61,62.0,69.84,235.03,7.17,15180.0,34.08,61.75,21383.49,31960.0
WO-001119,2025-05-13,2025-05,2025-W20,Afternoon,M06,P06,187,166,159,7,430.0,389.27,125.0,140.7,224.86,7.17,23074.0,32.6,15.37,32175.64,47382.0
WO-001120,2025-05-14,2025-05,2025-W20,Afternoon,M01,P02,315,274,268,6,430.0,379.89,74.0,83.19,353.44,7.17,16166.0,51.25,48.21,22607.13,33768.0
WO-001121,2025-05-14,2025-05,2025-W20,Morning,M02,P02,318,263,258,5,430.0,360.44,74.0,82.23,241.81,7.17,15517.0,35.06,42.61,21705.34,32508.0
WO-001122,2025-05-14,2025-05,2025-W20,Afternoon,M02,P01,364,326,321,5,430.0,366.54,62.0,67.46,268.32,7.17,14344.0,38.91,85.23,20271.81,30174.0
WO-001123,2025-05-14,2025-05,2025-W20,Morning,M03,P05,453,437,427,10,430.0,400.56,52.0,55.0,442.58,7.17,20976.0,64.17,65.64,29122.48,43554.0
WO-001124,2025-05-14,2025-05,2025-W20,Afternoon,M03,P05,481,410,401,9,430.0,378.7,52.0,55.42,393.13,7.17,19680.0,57.0,56.07,27350.74,40902.0
WO-001125,2025-05-14,2025-05,2025-W20,Morning,M04,P03,628,456,445,11,430.0,334.6,38.0,44.03,270.39,7.17,11856.0,39.21,63.88,16878.75,24920.0
WO-001126,2025-05-14,2025-05,2025-W20,Afternoon,M04,P03,648,452,446,6,430.0,336.47,38.0,44.66,268.27,7.17,11752.0,38.9,80.88,16753.44,24976.0
WO-001127,2025-05-14,2025-05,2025-W20,Morning,M05,P05,460,400,391,9,430.0,383.79,52.0,57.57,212.77,7.17,19200.0,30.85,37.33,26655.84,39882.0
WO-001128,2025-05-14,2025-05,2025-W20,Afternoon,M05,P05,451,394,386,8,430.0,387.81,52.0,59.06,208.58,7.17,18912.0,30.24,24.99,26252.9,39372.0
WO-001129,2025-05-14,2025-05,2025-W20,Morning,M06,P04,248,222,217,5,430.0,392.47,95.0,106.07,240.2,7.17,21978.0,34.83,59.58,30430.08,45570.0
WO-001130,2025-05-14,2025-05,2025-W20,Afternoon,M06,P04,261,219,214,5,430.0,386.9,95.0,106.0,235.75,7.17,21681.0,34.18,92.22,30060.07,44940.0
WO-001131,2025-05-15,2025-05,2025-W20,Morning,M01,P02,320,304,296,8,430.0,400.05,74.0,78.96,366.47,7.17,17936.0,53.14,30.46,24991.27,37296.0
WO-001132,2025-05-15,2025-05,2025-W20,Afternoon,M01,P02,322,293,285,8,430.0,395.95,74.0,81.08,369.27,7.17,17287.0,53.54,18.15,24099.36,35910.0
WO-001133,2025-05-15,2025-05,2025-W20,Morning,M02,P01,380,352,347,5,430.0,392.54,62.0,66.91,269.68,7.17,15488.0,39.1,37.57,21784.34,32618.0
WO-001134,2025-05-15,2025-05,2025-W20,Afternoon,M02,P02,326,270,263,7,430.0,373.22,74.0,82.94,259.77,7.17,15930.0,37.67,117.05,22342.38,33138.0
WO-001135,2025-05-15,2025-05,2025-W20,Morning,M03,P03,626,568,562,6,430.0,386.99,38.0,40.88,395.26,7.17,14768.0,57.31,31.56,20840.54,31472.0
WO-001136,2025-05-15,2025-05,2025-W20,Afternoon,M03,P03,626,541,535,6,430.0,376.44,38.0,41.75,394.15,7.17,14066.0,57.15,31.02,19881.34,29960.0
WO-001137,2025-05-15,2025-05,2025-W20,Morning,M04,P03,683,467,459,8,430.0,331.12,38.0,42.54,268.07,7.17,12142.0,38.87,157.53,17362.56,25704.0
WO-001138,2025-05-15,2025-05,2025-W20,Afternoon,M04,P03,644,449,438,11,430.0,316.8,38.0,42.33,264.88,7.17,11674.0,38.41,130.19,16695.77,24528.0
WO-001139,2025-05-15,2025-05,2025-W20,Morning,M05,P04,243,223,219,4,430.0,376.74,95.0,101.37,208.25,7.17,22077.0,30.2,12.0,30511.86,45990.0
WO-001140,2025-05-15,2025-05,2025-W20,Afternoon,M05,P01,410,323,318,5,430.0,382.48,62.0,71.05,207.95,7.17,14212.0,30.15,13.71,20011.53,29892.0
WO-001141,2025-05-15,2025-05,2025-W20,Morning,M06,P04,256,240,235,5,430.0,399.58,95.0,99.89,243.9,7.17,23760.0,35.37,31.19,32814.23,49350.0
WO-001142,2025-05-15,2025-05,2025-W20,Afternoon,M06,P04,256,243,237,6,430.0,402.8,95.0,99.46,251.35,7.17,24057.0,36.45,15.58,33201.69,49770.0
WO-001143,2025-05-16,2025-05,2025-W20,Morning,M01,P03,660,542,535,7,430.0,378.41,38.0,41.89,349.46,7.17,14092.0,50.67,12.0,19891.34,29960.0
WO-001144,2025-05-16,2025-05,2025-W20,Afternoon,M01,P01,393,332,326,6,430.0,372.28,62.0,67.28,345.72,7.17,14608.0,50.13,52.51,20610.3,30644.0
WO-001145,2025-05-16,2025-05,2025-W20,Morning,M02,P02,332,281,274,7,430.0,387.32,74.0,82.7,272.3,7.17,16579.0,39.48,12.79,23119.94,34524.0
WO-001146,2025-05-16,2025-05,2025-W20,Afternoon,M02,P05,463,391,380,11,430.0,380.69,52.0,58.42,266.62,7.17,18768.0,38.66,49.72,26091.05,38760.0
WO-001147,2025-05-16,2025-05,2025-W20,Morning,M03,P05,438,414,402,12,430.0,381.93,52.0,55.35,385.1,7.17,19872.0,55.84,32.47,27585.98,41004.0
WO-001148,2025-05-16,2025-05,2025-W20,Afternoon,M03,P01,381,353,346,7,430.0,387.92,62.0,65.94,417.81,7.17,15532.0,60.58,82.14,21910.39,32524.0
WO-001149,2025-05-16,2025-05,2025-W20,Morning,M04,P06,190,137,131,6,430.0,332.85,125.0,145.77,272.59,7.17,19043.0,39.53,68.91,26726.1,39038.0
WO-001150,2025-05-16,2025-05,2025-W20,Afternoon,M04,P03,642,420,409,11,430.0,309.22,38.0,44.17,253.54,7.17,10920.0,36.76,65.0,15599.43,22904.0
WO-001151,2025-05-16,2025-05,2025-W20,Morning,M05,P05,448,405,394,11,430.0,386.16,52.0,57.21,211.56,7.17,19440.0,30.68,31.44,26974.78,40188.0
WO-001152,2025-05-16,2025-05,2025-W20,Afternoon,M05,P04,249,204,199,5,430.0,355.49,95.0,104.56,190.33,7.17,20196.0,27.6,90.23,28041.49,41790.0
WO-001153,2025-05-16,2025-05,2025-W20,Morning,M06,P04,254,241,234,7,430.0,405.91,95.0,101.06,234.04,7.17,23859.0,33.94,12.0,32927.6,49140.0
WO-001154,2025-05-16,2025-05,2025-W20,Afternoon,M06,P01,383,343,339,4,430.0,394.86,62.0,69.07,236.47,7.17,15092.0,34.29,24.81,21226.76,31866.0
WO-001155,2025-05-19,2025-05,2025-W21,Morning,M01,P03,635,535,527,8,430.0,364.91,38.0,40.92,330.45,7.17,13910.0,47.92,46.05,19674.13,29512.0
WO-001156,2025-05-19,2025-05,2025-W21,Afternoon,M01,P01,383,328,322,6,430.0,389.18,62.0,71.19,346.57,7.17,14432.0,50.25,56.08,20374.0,30268.0
WO-001157,2025-05-19,2025-05,2025-W21,Morning,M02,P02,320,267,262,5,430.0,360.3,74.0,80.97,248.05,7.17,15753.0,35.97,13.28,21996.92,33012.0
WO-001158,2025-05-19,2025-05,2025-W21,Afternoon,M02,P05,450,376,365,11,430.0,370.49,52.0,59.12,255.72,7.17,18048.0,37.08,53.86,25118.61,37230.0
WO-001159,2025-05-19,2025-05,2025-W21,Morning,M03,P05,447,418,409,9,430.0,393.82,52.0,56.53,434.73,7.17,20064.0,63.04,27.72,27848.42,41718.0
WO-001160,2025-05-19,2025-05,2025-W21,Afternoon,M03,P05,457,408,397,11,430.0,389.51,52.0,57.28,416.07,7.17,19584.0,60.33,14.93,27182.92,40494.0
WO-001161,2025-05-19,2025-05,2025-W21,Morning,M04,P04,253,166,161,5,430.0,297.42,95.0,107.5,241.19,7.17,16434.0,34.97,149.12,23015.75,33810.0
WO-001162,2025-05-19,2025-05,2025-W21,Afternoon,M04,P03,635,415,407,8,430.0,309.25,38.0,44.71,243.73,7.17,10790.0,35.34,119.91,15475.42,22792.0
WO-001163,2025-05-19,2025-05,2025-W21,Morning,M05,P01,400,346,342,4,430.0,386.49,62.0,67.02,204.28,7.17,15224.0,29.62,12.0,21389.29,32148.0
WO-001164,2025-05-19,2025-05,2025-W21,Afternoon,M05,P04,247,216,211,5,430.0,367.29,95.0,102.03,217.29,7.17,21384.0,31.51,33.64,29596.81,44310.0
WO-001165,2025-05-19,2025-05,2025-W21,Morning,M06,P06,194,178,171,7,430.0,399.73,125.0,134.74,236.86,7.17,24742.0,34.34,82.69,34524.7,50958.0
WO-001166,2025-05-19,2025-05,2025-W21,Afternoon,M06,P06,196,173,165,8,430.0,394.91,125.0,136.96,234.0,7.17,24047.0,33.93,41.05,33532.65,49170.0
WO-001167,2025-05-20,2025-05,2025-W21,Morning,M01,P01,373,340,335,5,430.0,379.83,62.0,67.03,358.32,7.17,14960.0,51.96,30.4,21070.03,31490.0
WO-001168,2025-05-20,2025-05,2025-W21,Afternoon,M01,P01,382,349,344,5,430.0,398.03,62.0,68.43,357.05,7.17,15356.0,51.77,32.47,21611.91,32336.0
WO-001169,2025-05-20,2025-05,2025-W21,Morning,M02,P02,321,278,271,7,430.0,379.29,74.0,81.86,263.0,7.17,16402.0,38.14,43.21,22909.01,34146.0
WO-001170,2025-05-20,2025-05,2025-W21,Afternoon,M02,P05,440,383,375,8,430.0,377.13,52.0,59.08,280.24,7.17,18384.0,40.63,19.35,25542.65,38250.0
WO-001171,2025-05-20,2025-05,2025-W21,Morning,M03,P05,462,441,432,9,430.0,399.29,52.0,54.32,397.01,7.17,21168.0,57.57,12.0,29322.23,44064.0
WO-001172,2025-05-20,2025-05,2025-W21,Afternoon,M03,P03,654,566,557,9,430.0,387.09,38.0,41.03,385.59,7.17,14716.0,55.91,28.17,20764.75,31192.0
WO-001173,2025-05-20,2025-05,2025-W21,Morning,M04,P04,256,174,169,5,430.0,315.94,95.0,108.94,251.16,7.17,17226.0,36.42,135.83,24075.92,35490.0
WO-001174,2025-05-20,2025-05,2025-W21,Afternoon,M04,P04,244,173,168,5,430.0,325.71,95.0,112.96,256.53,7.17,17127.0,37.2,139.7,23946.56,35280.0
WO-001175,2025-05-20,2025-05,2025-W21,Morning,M05,P01,405,327,321,6,430.0,382.65,62.0,70.21,206.22,7.17,14388.0,29.9,32.95,20270.52,30174.0
WO-001176,2025-05-20,2025-05,2025-W21,Afternoon,M05,P01,404,313,307,6,430.0,359.63,62.0,68.94,205.17,7.17,13772.0,29.75,14.01,19411.43,28858.0
WO-001177,2025-05-20,2025-05,2025-W21,Morning,M06,P05,432,411,400,11,430.0,390.42,52.0,57.0,238.18,7.17,19728.0,34.54,23.86,27361.06,40800.0
WO-001178,2025-05-20,2025-05,2025-W21,Afternoon,M06,P04,266,217,213,4,430.0,388.19,95.0,107.33,224.1,7.17,21483.0,32.49,67.42,29765.58,44730.0
WO-001179,2025-05-21,2025-05,2025-W21,Morning,M01,P02,320,275,269,6,430.0,376.92,74.0,82.24,341.63,7.17,16225.0,49.54,116.87,22754.07,33894.0
WO-001180,2025-05-21,2025-05,2025-W21,Afternoon,M01,P01,379,345,337,8,430.0,384.91,62.0,66.94,342.37,7.17,15180.0,49.64,24.81,21362.12,31678.0
WO-001181,2025-05-21,2025-05,2025-W21,Morning,M02,P02,342,272,266,6,430.0,375.69,74.0,82.87,267.97,7.17,16048.0,38.86,41.68,22428.2,33516.0
WO-001182,2025-05-21,2025-05,2025-W21,Afternoon,M02,P05,455,388,379,9,430.0,374.09,52.0,57.85,267.52,7.17,18624.0,38.79,13.96,25860.42,38658.0
WO-001183,2025-05-21,2025-05,2025-W21,Afternoon,M03,P05,424,403,393,10,430.0,376.45,52.0,56.05,390.44,7.17,19344.0,56.61,51.38,26890.66,40086.0
WO-001184,2025-05-21,2025-05,2025-W21,Morning,M04,P03,634,443,434,9,430.0,314.22,38.0,42.56,242.61,7.17,11518.0,35.18,90.78,16440.13,24304.0
WO-001185,2025-05-21,2025-05,2025-W21,Afternoon,M04,P06,201,122,115,7,430.0,291.44,125.0,143.33,235.45,7.17,16958.0,34.14,57.28,23859.08,34270.0
WO-001186,2025-05-21,2025-05,2025-W21,Morning,M05,P04,245,209,206,3,430.0,374.79,95.0,107.59,207.55,7.17,20691.0,30.1,12.0,28635.76,43260.0
WO-001187,2025-05-21,2025-05,2025-W21,Afternoon,M05,P04,246,218,213,5,430.0,388.58,95.0,106.95,227.46,7.17,21582.0,32.98,12.0,29844.65,44730.0
WO-001188,2025-05-21,2025-05,2025-W21,Morning,M06,P06,178,172,166,6,430.0,397.14,125.0,138.54,244.53,7.17,23908.0,35.46,36.63,33339.75,49468.0
WO-001189,2025-05-21,2025-05,2025-W21,Afternoon,M06,P01,398,347,344,3,430.0,401.27,62.0,69.38,244.44,7.17,15268.0,35.44,100.88,21543.99,32336.0
WO-001190,2025-05-22,2025-05,2025-W21,Morning,M01,P01,405,357,350,7,430.0,397.73,62.0,66.85,363.35,7.17,15708.0,52.69,51.98,22112.34,32900.0
WO-001191,2025-05-22,2025-05,2025-W21,Afternoon,M01,P01,388,333,327,6,430.0,373.72,62.0,67.34,353.97,7.17,14652.0,51.33,46.53,20665.53,30738.0
WO-001192,2025-05-22,2025-05,2025-W21,Morning,M02,P01,404,319,314,5,430.0,366.59,62.0,68.95,271.52,7.17,14036.0,39.37,27.49,19794.52,29516.0
WO-001193,2025-05-22,2025-05,2025-W21,Afternoon,M02,P02,297,259,252,7,430.0,360.23,74.0,83.45,248.75,7.17,15281.0,36.07,30.89,21374.62,31752.0
WO-001194,2025-05-22,2025-05,2025-W21,Morning,M03,P03,624,577,570,7,430.0,400.24,38.0,41.62,460.96,7.17,15002.0,66.84,25.41,21163.41,31920.0
WO-001195,2025-05-22,2025-05,2025-W21,Afternoon,M03,P03,645,540,533,7,430.0,378.2,38.0,42.02,401.59,7.17,14040.0,58.23,12.0,19827.9,29848.0
WO-001196,2025-05-22,2025-05,2025-W21,Morning,M04,P04,246,182,176,6,430.0,323.23,95.0,106.56,258.63,7.17,18018.0,37.5,72.67,25085.84,36960.0
WO-001197,2025-05-22,2025-05,2025-W21,Afternoon,M04,P04,245,181,176,5,430.0,321.14,95.0,106.46,252.97,7.17,17919.0,36.68,61.41,24939.76,36960.0
WO-001198,2025-05-22,2025-05,2025-W21,Morning,M05,P06,189,168,162,6,430.0,381.84,125.0,136.37,213.46,7.17,23352.0,30.95,60.59,32599.21,48276.0
WO-001199,2025-05-22,2025-05,2025-W21,Afternoon,M06,P05,464,421,409,12,430.0,389.59,52.0,55.52,251.71,7.17,20208.0,36.5,50.6,28039.77,41718.0
WO-001200,2025-05-23,2025-05,2025-W21,Morning,M01,P01,402,340,336,4,430.0,386.92,62.0,68.28,337.36,7.17,14960.0,48.92,12.0,21048.58,31584.0
WO-001201,2025-05-23,2025-05,2025-W21,Afternoon,M01,P01,367,313,308,5,430.0,369.35,62.0,70.8,329.05,7.17,13772.0,47.71,42.55,19457.93,28952.0
WO-001202,2025-05-23,2025-05,2025-W21,Morning,M02,P01,372,337,331,6,430.0,377.34,62.0,67.18,270.29,7.17,14828.0,39.19,35.02,20881.88,31114.0
WO-001203,2025-05-23,2025-05,2025-W21,Afternoon,M02,P01,388,297,292,5,430.0,362.76,62.0,73.29,258.48,7.17,13068.0,37.48,61.01,18506.16,27448.0
WO-001204,2025-05-23,2025-05,2025-W21,Morning,M03,P05,435,404,393,11,430.0,383.95,52.0,57.02,421.57,7.17,19392.0,61.13,22.8,26931.59,40086.0
WO-001205,2025-05-23,2025-05,2025-W21,Afternoon,M03,P03,637,587,579,8,430.0,390.5,38.0,39.92,405.2,7.17,15262.0,58.75,73.29,21558.21,32424.0
WO-001206,2025-05-23,2025-05,2025-W21,Morning,M04,P03,619,444,434,10,430.0,325.56,38.0,43.99,266.32,7.17,11544.0,38.62,90.59,16478.87,24304.0
WO-001207,2025-05-23,2025-05,2025-W21,Afternoon,M04,P03,634,412,402,10,430.0,307.5,38.0,44.78,248.12,7.17,10712.0,35.98,116.53,15366.18,22512.0
WO-001208,2025-05-23,2025-05,2025-W21,Morning,M05,P04,253,211,206,5,430.0,378.27,95.0,107.57,212.07,7.17,20889.0,30.75,19.7,28912.12,43260.0
WO-001209,2025-05-23,2025-05,2025-W21,Afternoon,M05,P01,384,311,305,6,430.0,366.53,62.0,70.71,206.89,7.17,13684.0,30.0,38.09,19315.76,28670.0
WO-001210,2025-05-23,2025-05,2025-W21,Morning,M06,P01,395,375,369,6,430.0,406.05,62.0,64.97,251.74,7.17,16500.0,36.5,43.79,23167.96,34686.0
WO-001211,2025-05-23,2025-05,2025-W21,Afternoon,M06,P04,250,226,220,6,430.0,392.44,95.0,104.19,238.15,7.17,22374.0,34.53,35.43,30941.63,46200.0
WO-001212,2025-05-26,2025-05,2025-W22,Morning,M01,P03,610,549,541,8,430.0,375.85,38.0,41.08,330.68,7.17,14274.0,47.95,73.25,20198.37,30296.0
WO-001213,2025-05-26,2025-05,2025-W22,Afternoon,M01,P01,402,313,306,7,430.0,363.66,62.0,69.71,325.29,7.17,13772.0,47.17,69.17,19484.0,28764.0
WO-001214,2025-05-26,2025-05,2025-W22,Morning,M02,P02,314,262,256,6,430.0,359.0,74.0,82.21,252.95,7.17,15458.0,36.68,19.15,21603.5,32256.0
WO-001215,2025-05-26,2025-05,2025-W22,Afternoon,M02,P05,439,384,373,11,430.0,371.52,52.0,58.05,272.28,7.17,18432.0,39.48,29.26,25616.4,38046.0
WO-001216,2025-05-26,2025-05,2025-W22,Morning,M03,P05,439,409,401,8,430.0,390.29,52.0,57.26,411.08,7.17,19632.0,59.61,12.0,27244.27,40902.0
WO-001217,2025-05-26,2025-05,2025-W22,Afternoon,M03,P05,485,409,398,11,430.0,381.98,52.0,56.04,396.52,7.17,19632.0,57.5,97.64,27327.8,40596.0
WO-001218,2025-05-26,2025-05,2025-W22,Morning,M04,P04,264,179,173,6,430.0,324.58,95.0,108.8,263.27,7.17,17721.0,38.17,77.35,24689.19,36330.0
WO-001219,2025-05-26,2025-05,2025-W22,Afternoon,M04,P03,645,422,414,8,430.0,311.52,38.0,44.29,255.32,7.17,10972.0,37.02,69.73,15675.42,23184.0
WO-001220,2025-05-26,2025-05,2025-W22,Morning,M05,P06,187,172,167,5,430.0,398.42,125.0,138.98,231.36,7.17,23908.0,33.55,17.53,33318.75,49766.0
WO-001221,2025-05-26,2025-05,2025-W22,Afternoon,M05,P01,366,326,321,5,430.0,368.68,62.0,67.86,212.03,7.17,14344.0,30.74,53.77,20232.18,30174.0
WO-001222,2025-05-26,2025-05,2025-W22,Morning,M06,P01,392,355,348,7,430.0,390.49,62.0,66.0,246.14,7.17,15620.0,35.69,91.64,22014.99,32712.0
WO-001223,2025-05-26,2025-05,2025-W22,Afternoon,M06,P06,188,168,161,7,430.0,387.57,125.0,138.42,237.56,7.17,23352.0,34.45,23.02,32565.13,47978.0
WO-001224,2025-05-27,2025-05,2025-W22,Morning,M01,P01,376,355,348,7,430.0,390.58,62.0,66.01,353.57,7.17,15620.0,51.27,42.25,21981.18,32712.0
WO-001225,2025-05-27,2025-05,2025-W22,Afternoon,M01,P01,420,320,316,4,430.0,377.22,62.0,70.73,360.1,7.17,14080.0,52.21,102.55,19942.43,29704.0
WO-001226,2025-05-27,2025-05,2025-W22,Morning,M02,P01,400,353,345,8,430.0,400.65,62.0,68.1,277.38,7.17,15532.0,40.22,47.65,21855.53,32430.0
WO-001227,2025-05-27,2025-05,2025-W22,Afternoon,M02,P05,449,375,363,12,430.0,373.22,52.0,59.72,272.87,7.17,18000.0,39.57,15.05,25017.29,37026.0
WO-001228,2025-05-27,2025-05,2025-W22,Morning,M03,P05,433,424,413,11,430.0,397.48,52.0,56.25,436.06,7.17,20352.0,63.23,26.21,28237.1,42126.0
WO-001229,2025-05-27,2025-05,2025-W22,Afternoon,M03,P03,629,563,557,6,430.0,382.93,38.0,40.81,388.34,7.17,14638.0,56.31,81.92,20712.4,31192.0
WO-001230,2025-05-27,2025-05,2025-W22,Morning,M04,P03,590,448,438,10,430.0,315.82,38.0,42.3,241.44,7.17,11648.0,35.01,79.79,16606.46,24528.0
WO-001231,2025-05-27,2025-05,2025-W22,Afternoon,M04,P06,184,120,114,6,430.0,302.94,125.0,151.47,230.84,7.17,16680.0,33.47,93.86,23515.0,33972.0
WO-001232,2025-05-27,2025-05,2025-W22,Morning,M05,P04,258,212,208,4,430.0,374.14,95.0,105.89,195.35,7.17,20988.0,28.33,80.79,29104.78,43680.0
WO-001233,2025-05-27,2025-05,2025-W22,Afternoon,M05,P04,235,201,196,5,430.0,365.96,95.0,109.24,208.22,7.17,19899.0,30.19,12.0,27563.86,41160.0
WO-001234,2025-05-27,2025-05,2025-W22,Morning,M06,P05,446,433,423,10,430.0,402.62,52.0,55.79,237.95,7.17,20784.0,34.5,70.71,28837.88,43146.0
WO-001235,2025-05-27,2025-05,2025-W22,Afternoon,M06,P04,252,230,225,5,430.0,392.58,95.0,102.41,237.61,7.17,22770.0,34.45,52.74,31494.86,47250.0
WO-001236,2025-05-28,2025-05,2025-W22,Morning,M01,P03,634,525,517,8,430.0,373.33,38.0,42.67,344.45,7.17,13650.0,49.95,50.53,19325.65,28952.0
WO-001237,2025-05-28,2025-05,2025-W22,Afternoon,M01,P03,610,545,536,9,430.0,380.63,38.0,41.9,357.9,7.17,14170.0,51.9,19.23,20006.3,30016.0
WO-001238,2025-05-28,2025-05,2025-W22,Morning,M02,P05,461,402,393,9,430.0,383.11,52.0,57.18,271.35,7.17,19296.0,39.35,28.67,26785.68,40086.0
WO-001239,2025-05-28,2025-05,2025-W22,Afternoon,M02,P01,346,326,319,7,430.0,384.23,62.0,70.72,264.99,7.17,14344.0,38.42,65.04,20251.13,29986.0
WO-001240,2025-05-28,2025-05,2025-W22,Morning,M03,P01,401,328,325,3,430.0,370.66,62.0,67.8,394.48,7.17,14432.0,57.2,27.67,20352.54,30550.0
WO-001241,2025-05-28,2025-05,2025-W22,Afternoon,M03,P01,394,344,337,7,430.0,395.97,62.0,69.06,395.65,7.17,15136.0,57.37,38.79,21323.83,31678.0
WO-001242,2025-05-28,2025-05,2025-W22,Morning,M04,P03,659,456,448,8,430.0,327.16,38.0,43.05,264.77,7.17,11856.0,38.39,104.46,16918.51,25088.0
WO-001243,2025-05-28,2025-05,2025-W22,Afternoon,M04,P04,250,167,163,4,430.0,298.69,95.0,107.31,224.34,7.17,16533.0,32.53,128.22,23126.42,34230.0
WO-001244,2025-05-28,2025-05,2025-W22,Morning,M05,P04,264,211,207,4,430.0,373.56,95.0,106.23,215.52,7.17,20889.0,31.25,12.0,28904.92,43470.0
WO-001245,2025-05-28,2025-05,2025-W22,Afternoon,M05,P06,188,152,146,6,430.0,366.7,125.0,144.75,195.64,7.17,21128.0,28.37,49.17,29545.2,43508.0
WO-001246,2025-05-28,2025-05,2025-W22,Morning,M06,P04,254,240,234,6,430.0,410.97,95.0,102.74,251.16,7.17,23760.0,36.42,58.17,32842.25,49140.0
WO-001247,2025-05-29,2025-05,2025-W22,Morning,M01,P03,631,563,556,7,430.0,396.42,38.0,42.25,357.92,7.17,14638.0,51.9,89.5,20715.57,31136.0
WO-001248,2025-05-29,2025-05,2025-W22,Afternoon,M01,P01,371,334,330,4,430.0,392.38,62.0,70.49,355.92,7.17,14696.0,51.61,12.0,20691.28,31020.0
WO-001249,2025-05-29,2025-05,2025-W22,Morning,M02,P01,383,333,329,4,430.0,384.93,62.0,69.36,271.28,7.17,14652.0,39.34,106.73,20713.73,30926.0
WO-001250,2025-05-29,2025-05,2025-W22,Afternoon,M02,P02,309,254,248,6,430.0,350.11,74.0,82.7,240.72,7.17,14986.0,34.9,29.61,20972.18,31248.0
WO-001251,2025-05-29,2025-05,2025-W22,Morning,M03,P01,388,349,341,8,430.0,385.9,62.0,66.34,414.97,7.17,15356.0,60.17,66.29,21654.13,32054.0
WO-001252,2025-05-29,2025-05,2025-W22,Afternoon,M03,P03,640,567,558,9,430.0,376.7,38.0,39.86,389.69,7.17,14742.0,56.5,31.27,20803.95,31248.0
WO-001253,2025-05-29,2025-05,2025-W22,Morning,M04,P06,178,145,139,6,430.0,332.9,125.0,137.75,264.89,7.17,20155.0,38.41,102.31,28278.39,41422.0
WO-001254,2025-05-29,2025-05,2025-W22,Afternoon,M04,P04,247,172,166,6,430.0,314.86,95.0,109.83,257.05,7.17,17028.0,37.27,107.21,23780.15,34860.0
WO-001255,2025-05-29,2025-05,2025-W22,Morning,M05,P05,476,392,381,11,430.0,376.46,52.0,57.62,204.43,7.17,18816.0,29.64,18.14,26115.45,38862.0
WO-001256,2025-05-29,2025-05,2025-W22,Afternoon,M05,P06,197,162,154,8,430.0,376.13,125.0,139.31,225.36,7.17,22518.0,32.68,19.99,31420.33,45892.0
WO-001257,2025-05-29,2025-05,2025-W22,Morning,M06,P04,234,242,238,4,430.0,408.97,95.0,101.4,250.97,7.17,23958.0,36.39,53.39,33105.45,49980.0
WO-001258,2025-05-29,2025-05,2025-W22,Afternoon,M06,P05,494,414,405,9,430.0,399.46,52.0,57.89,245.47,7.17,19872.0,35.59,12.0,27545.26,41310.0
WO-001259,2025-05-30,2025-05,2025-W22,Morning,M01,P02,343,276,272,4,430.0,375.43,74.0,81.62,342.77,7.17,16284.0,49.7,24.82,22742.18,34272.0
WO-001260,2025-05-30,2025-05,2025-W22,Afternoon,M01,P02,315,271,265,6,430.0,368.76,74.0,81.65,340.32,7.17,15989.0,49.35,23.69,22340.7,33390.0
WO-001261,2025-05-30,2025-05,2025-W22,Morning,M02,P02,325,273,266,7,430.0,365.96,74.0,80.43,269.09,7.17,16107.0,39.02,12.0,22478.68,33516.0
WO-001262,2025-05-30,2025-05,2025-W22,Morning,M03,P05,467,412,402,10,430.0,384.64,52.0,56.02,406.1,7.17,19776.0,58.88,101.14,27527.69,41004.0
WO-001263,2025-05-30,2025-05,2025-W22,Afternoon,M03,P01,383,326,322,4,430.0,376.99,62.0,69.38,370.14,7.17,14344.0,53.67,89.14,20290.48,30268.0
WO-001264,2025-05-30,2025-05,2025-W22,Morning,M04,P06,187,136,130,6,430.0,323.69,125.0,142.8,258.53,7.17,18904.0,37.49,140.73,26605.88,38740.0
WO-001265,2025-05-30,2025-05,2025-W22,Afternoon,M04,P06,194,134,127,7,430.0,322.1,125.0,144.22,255.55,7.17,18626.0,37.05,80.29,26165.01,37846.0
WO-001266,2025-05-30,2025-05,2025-W22,Morning,M05,P06,194,153,149,4,430.0,361.92,125.0,141.93,204.88,7.17,21267.0,29.71,49.88,29737.25,44402.0
WO-001267,2025-05-30,2025-05,2025-W22,Afternoon,M05,P06,187,167,159,8,430.0,387.42,125.0,139.19,210.69,7.17,23213.0,30.55,12.67,32360.89,47382.0
WO-001268,2025-05-30,2025-05,2025-W22,Morning,M06,P01,397,367,361,6,430.0,406.63,62.0,66.48,257.16,7.17,16148.0,37.29,95.02,22739.97,33934.0
WO-001269,2025-05-30,2025-05,2025-W22,Afternoon,M06,P05,460,400,390,10,430.0,387.46,52.0,58.12,225.87,7.17,19200.0,32.75,45.03,26665.45,39780.0
WO-001270,2025-06-02,2025-06,2025-W23,Morning,M01,P03,607,538,529,9,430.0,375.4,38.0,41.87,341.43,7.17,13988.0,49.51,25.18,19761.36,29624.0
WO-001271,2025-06-02,2025-06,2025-W23,Afternoon,M01,P01,364,317,311,6,430.0,364.33,62.0,68.96,329.42,7.17,13948.0,47.77,14.7,19670.13,29234.0
WO-001272,2025-06-02,2025-06,2025-W23,Morning,M02,P02,319,271,266,5,430.0,374.22,74.0,82.85,242.85,7.17,15989.0,35.21,30.01,22332.89,33516.0
WO-001273,2025-06-02,2025-06,2025-W23,Afternoon,M02,P05,453,393,385,8,430.0,375.63,52.0,57.35,271.53,7.17,18864.0,39.37,43.92,26215.96,39270.0
WO-001274,2025-06-02,2025-06,2025-W23,Morning,M03,P03,584,550,545,5,430.0,379.38,38.0,41.39,383.46,7.17,14300.0,55.6,29.85,20198.12,30520.0
WO-001275,2025-06-02,2025-06,2025-W23,Afternoon,M03,P01,392,339,333,6,430.0,384.08,62.0,67.98,399.95,7.17,14916.0,57.99,47.35,21033.01,31302.0
WO-001276,2025-06-02,2025-06,2025-W23,Morning,M04,P03,619,419,411,8,430.0,308.57,38.0,44.19,244.08,7.17,10894.0,35.39,68.77,15566.33,23016.0
WO-001277,2025-06-02,2025-06,2025-W23,Afternoon,M04,P04,228,177,171,6,430.0,316.4,95.0,107.25,266.23,7.17,17523.0,38.6,151.03,24495.3,35910.0
WO-001278,2025-06-02,2025-06,2025-W23,Morning,M05,P05,490,388,380,8,430.0,376.19,52.0,58.17,205.74,7.17,18624.0,29.83,58.86,25896.36,38760.0
WO-001279,2025-06-02,2025-06,2025-W23,Afternoon,M05,P04,261,212,207,5,430.0,379.63,95.0,107.44,201.15,7.17,20988.0,29.17,94.31,29119.14,43470.0
WO-001280,2025-06-02,2025-06,2025-W23,Morning,M06,P05,450,428,417,11,430.0,392.73,52.0,55.06,243.51,7.17,20544.0,35.31,23.64,28466.62,42534.0
WO-001281,2025-06-02,2025-06,2025-W23,Afternoon,M06,P04,246,234,230,4,430.0,399.99,95.0,102.56,248.58,7.17,23166.0,36.04,70.19,32049.9,48300.0
WO-001282,2025-06-03,2025-06,2025-W23,Morning,M01,P01,386,344,339,5,430.0,387.57,62.0,67.6,352.66,7.17,15136.0,51.14,39.71,21318.51,31866.0
WO-001283,2025-06-03,2025-06,2025-W23,Afternoon,M01,P03,634,567,559,8,430.0,387.42,38.0,41.0,353.31,7.17,14742.0,51.23,102.31,20869.71,31304.0
WO-001284,2025-06-03,2025-06,2025-W23,Morning,M02,P01,371,301,296,5,430.0,362.23,62.0,72.21,254.46,7.17,13244.0,36.9,34.01,18718.57,27824.0
WO-001285,2025-06-03,2025-06,2025-W23,Afternoon,M02,P01,375,316,311,5,430.0,367.17,62.0,69.72,275.64,7.17,13904.0,39.97,31.67,19619.3,29234.0
WO-001286,2025-06-03,2025-06,2025-W23,Morning,M03,P05,453,434,424,10,430.0,393.16,52.0,54.35,407.78,7.17,20832.0,59.13,48.95,28905.74,43248.0
WO-001287,2025-06-03,2025-06,2025-W23,Afternoon,M03,P03,576,564,557,7,430.0,389.91,38.0,41.48,392.62,7.17,14664.0,56.93,31.63,20698.23,31192.0
WO-001288,2025-06-03,2025-06,2025-W23,Morning,M05,P01,362,340,335,5,430.0,384.14,62.0,67.79,217.72,7.17,14960.0,31.57,43.54,21062.77,31490.0
WO-001289,2025-06-03,2025-06,2025-W23,Afternoon,M05,P04,248,211,207,4,430.0,372.51,95.0,105.93,199.36,7.17,20889.0,28.91,42.52,28933.1,43470.0
WO-001290,2025-06-03,2025-06,2025-W23,Morning,M06,P04,234,240,236,4,430.0,400.0,95.0,100.0,231.11,7.17,23760.0,33.51,28.0,32809.18,49560.0
WO-001291,2025-06-03,2025-06,2025-W23,Afternoon,M06,P05,442,394,381,13,430.0,378.26,52.0,57.6,230.0,7.17,18912.0,33.35,71.03,26302.05,38862.0
WO-001292,2025-06-04,2025-06,2025-W23,Morning,M01,P01,379,343,339,4,430.0,386.23,62.0,67.56,348.02,7.17,15092.0,50.46,43.85,21261.98,31866.0
WO-001293,2025-06-04,2025-06,2025-W23,Afternoon,M01,P02,295,273,267,6,430.0,365.71,74.0,80.38,344.79,7.17,16107.0,50.0,19.67,22497.33,33642.0
WO-001294,2025-06-04,2025-06,2025-W23,Morning,M02,P01,368,341,338,3,430.0,393.29,62.0,69.2,277.42,7.17,15004.0,40.23,64.37,21152.26,31772.0
WO-001295,2025-06-04,2025-06,2025-W23,Afternoon,M02,P01,369,321,315,6,430.0,373.2,62.0,69.76,274.61,7.17,14124.0,39.82,43.01,19930.5,29610.0
WO-001296,2025-06-04,2025-06,2025-W23,Afternoon,M03,P05,423,406,397,9,430.0,397.05,52.0,58.68,417.27,7.17,19488.0,60.5,82.18,27120.35,40494.0
WO-001297,2025-06-04,2025-06,2025-W23,Morning,M04,P04,233,183,178,5,430.0,324.36,95.0,106.35,257.8,7.17,18117.0,37.38,84.82,25231.87,37380.0
WO-001298,2025-06-04,2025-06,2025-W23,Afternoon,M04,P06,184,137,131,6,430.0,326.64,125.0,143.06,265.31,7.17,19043.0,38.47,140.62,26796.76,39038.0
WO-001299,2025-06-04,2025-06,2025-W23,Morning,M05,P06,177,162,157,5,430.0,396.46,125.0,146.84,216.16,7.17,22518.0,31.34,36.07,31435.08,46786.0
WO-001300,2025-06-04,2025-06,2025-W23,Afternoon,M05,P01,400,325,318,7,430.0,371.94,62.0,68.67,210.52,7.17,14300.0,30.53,41.77,20159.97,29892.0
WO-001301,2025-06-04,2025-06,2025-W23,Morning,M06,P04,238,220,216,4,430.0,387.57,95.0,105.7,225.76,7.17,21780.0,32.74,52.37,30152.77,45360.0
WO-001302,2025-06-04,2025-06,2025-W23,Afternoon,M06,P05,450,396,387,9,430.0,380.21,52.0,57.61,232.2,7.17,19008.0,33.67,31.88,26393.22,39474.0
WO-001303,2025-06-05,2025-06,2025-W23,Morning,M01,P01,386,330,326,4,430.0,372.35,62.0,67.7,349.22,7.17,14520.0,50.64,12.0,20450.3,30644.0
WO-001304,2025-06-05,2025-06,2025-W23,Afternoon,M01,P01,373,351,344,7,430.0,395.14,62.0,67.55,366.23,7.17,15444.0,53.1,33.23,21734.0,32336.0
WO-001305,2025-06-05,2025-06,2025-W23,Morning,M02,P05,462,394,386,8,430.0,377.93,52.0,57.55,269.41,7.17,18912.0,39.06,33.22,26269.95,39372.0
WO-001306,2025-06-05,2025-06,2025-W23,Afternoon,M02,P05,424,408,397,11,430.0,390.88,52.0,57.48,278.02,7.17,19584.0,40.31,88.8,27236.78,40494.0
WO-001307,2025-06-05,2025-06,2025-W23,Morning,M03,P01,389,353,350,3,430.0,386.61,62.0,65.71,405.37,7.17,15532.0,58.78,36.45,21862.89,32900.0
WO-001308,2025-06-05,2025-06,2025-W23,Afternoon,M03,P03,617,539,531,8,430.0,385.15,38.0,42.87,391.73,7.17,14014.0,56.8,76.82,19855.79,29736.0
WO-001309,2025-06-05,2025-06,2025-W23,Morning,M04,P03,603,452,445,7,430.0,341.7,38.0,45.36,256.51,7.17,11752.0,37.19,142.83,16813.69,24920.0
WO-001310,2025-06-05,2025-06,2025-W23,Afternoon,M04,P06,179,126,120,6,430.0,307.99,125.0,146.66,259.47,7.17,17514.0,37.62,84.6,24649.89,35760.0
WO-001311,2025-06-05,2025-06,2025-W23,Morning,M05,P04,239,213,208,5,430.0,381.69,95.0,107.52,219.28,7.17,21087.0,31.8,12.0,29173.46,43680.0
WO-001312,2025-06-05,2025-06,2025-W23,Afternoon,M05,P04,234,206,203,3,430.0,379.96,95.0,110.67,208.84,7.17,20394.0,30.28,12.0,28233.95,42630.0
WO-001313,2025-06-05,2025-06,2025-W23,Morning,M06,P04,242,234,229,5,430.0,391.77,95.0,100.45,238.52,7.17,23166.0,34.59,12.0,31990.25,48090.0
WO-001314,2025-06-05,2025-06,2025-W23,Afternoon,M06,P05,453,407,401,6,430.0,392.31,52.0,57.83,235.42,7.17,19536.0,34.14,20.49,27097.29,40902.0
WO-001315,2025-06-06,2025-06,2025-W23,Morning,M01,P03,637,516,507,9,430.0,369.82,38.0,43.0,339.85,7.17,13416.0,49.28,19.52,18974.46,28392.0
WO-001316,2025-06-06,2025-06,2025-W23,Afternoon,M01,P01,366,338,334,4,430.0,384.21,62.0,68.2,349.78,7.17,14872.0,50.72,45.74,20964.12,31396.0
WO-001317,2025-06-06,2025-06,2025-W23,Morning,M02,P05,436,370,364,6,430.0,355.62,52.0,57.67,255.11,7.17,17760.0,36.99,45.25,24719.91,37128.0
WO-001318,2025-06-06,2025-06,2025-W23,Afternoon,M02,P02,315,275,269,6,430.0,376.14,74.0,82.07,262.24,7.17,16225.0,38.03,12.0,22637.69,33894.0
WO-001319,2025-06-06,2025-06,2025-W23,Morning,M03,P05,437,427,416,11,430.0,401.32,52.0,56.39,417.43,7.17,20496.0,60.53,59.73,28462.93,42432.0
WO-001320,2025-06-06,2025-06,2025-W23,Morning,M04,P04,234,188,182,6,430.0,335.46,95.0,107.06,266.08,7.17,18612.0,38.58,100.28,25918.53,38220.0
WO-001321,2025-06-06,2025-06,2025-W23,Afternoon,M04,P06,185,135,128,7,430.0,327.03,125.0,145.34,263.8,7.17,18765.0,38.25,120.53,26396.44,38144.0
WO-001322,2025-06-06,2025-06,2025-W23,Morning,M05,P06,195,169,162,7,430.0,387.84,125.0,137.7,215.78,7.17,23491.0,31.29,38.4,32767.35,48276.0
WO-001323,2025-06-06,2025-06,2025-W23,Afternoon,M05,P04,264,224,218,6,430.0,391.81,95.0,104.95,212.24,7.17,22176.0,30.77,68.62,30703.06,45780.0
WO-001324,2025-06-06,2025-06,2025-W23,Morning,M06,P01,352,361,356,5,430.0,417.1,62.0,69.32,250.63,7.17,15884.0,36.34,24.76,22308.77,33464.0
WO-001325,2025-06-06,2025-06,2025-W23,Afternoon,M06,P05,424,407,396,11,430.0,389.47,52.0,57.42,239.26,7.17,19536.0,34.69,73.31,27150.67,40392.0
WO-001326,2025-06-09,2025-06,2025-W24,Morning,M01,P02,318,287,283,4,430.0,390.72,74.0,81.68,350.51,7.17,16933.0,50.82,82.47,23680.96,35658.0
WO-001327,2025-06-09,2025-06,2025-W24,Afternoon,M01,P01,375,344,336,8,430.0,387.79,62.0,67.64,360.2,7.17,15136.0,52.23,12.0,21291.9,31584.0
WO-001328,2025-06-09,2025-06,2025-W24,Morning,M02,P01,380,324,320,4,430.0,365.55,62.0,67.7,267.59,7.17,14256.0,38.8,14.37,20080.84,30080.0
WO-001329,2025-06-09,2025-06,2025-W24,Afternoon,M02,P01,355,317,312,5,430.0,365.6,62.0,69.2,248.4,7.17,13948.0,36.02,22.52,19666.21,29328.0
WO-001330,2025-06-09,2025-06,2025-W24,Morning,M03,P05,462,428,421,7,430.0,397.12,52.0,55.67,401.47,7.17,20544.0,58.21,22.2,28488.07,42942.0
WO-001331,2025-06-09,2025-06,2025-W24,Afternoon,M03,P05,437,388,378,10,430.0,375.94,52.0,58.14,385.05,7.17,18624.0,55.83,73.65,25937.15,38556.0
WO-001332,2025-06-09,2025-06,2025-W24,Morning,M04,P04,240,174,169,5,430.0,312.6,95.0,107.79,255.87,7.17,17226.0,37.1,63.05,24003.82,35490.0
WO-001333,2025-06-09,2025-06,2025-W24,Afternoon,M04,P03,577,434,426,8,430.0,319.56,38.0,44.18,245.22,7.17,11284.0,35.56,64.22,16094.44,23856.0
WO-001334,2025-06-09,2025-06,2025-W24,Morning,M05,P04,244,224,219,5,430.0,390.73,95.0,104.66,215.15,7.17,22176.0,31.2,28.32,30663.18,45990.0
WO-001335,2025-06-09,2025-06,2025-W24,Afternoon,M05,P01,370,318,311,7,430.0,371.09,62.0,70.02,202.5,7.17,13992.0,29.36,28.47,19725.5,29234.0
WO-001336,2025-06-09,2025-06,2025-W24,Morning,M06,P06,187,174,168,6,430.0,403.01,125.0,138.97,238.15,7.17,24186.0,34.53,31.18,33713.38,50064.0
WO-001337,2025-06-09,2025-06,2025-W24,Afternoon,M06,P01,372,346,341,5,430.0,395.57,62.0,68.6,248.57,7.17,15224.0,36.04,21.93,21405.64,32054.0
WO-001338,2025-06-10,2025-06,2025-W24,Morning,M01,P03,623,547,540,7,430.0,377.98,38.0,41.46,336.86,7.17,14222.0,48.84,41.98,20096.99,30240.0
WO-001339,2025-06-10,2025-06,2025-W24,Afternoon,M01,P03,585,530,522,8,430.0,375.06,38.0,42.46,349.81,7.17,13780.0,50.72,39.37,19492.76,29232.0
WO-001340,2025-06-10,2025-06,2025-W24,Morning,M02,P01,368,335,331,4,430.0,388.01,62.0,69.49,270.27,7.17,14740.0,39.19,71.87,20798.73,31114.0
WO-001341,2025-06-10,2025-06,2025-W24,Afternoon,M02,P01,373,315,309,6,430.0,357.87,62.0,68.17,242.29,7.17,13860.0,35.13,99.07,19621.87,29046.0
WO-001342,2025-06-10,2025-06,2025-W24,Morning,M03,P03,627,585,581,4,430.0,396.63,38.0,40.68,421.7,7.17,15210.0,61.15,56.76,21473.07,32536.0
WO-001343,2025-06-10,2025-06,2025-W24,Afternoon,M03,P01,382,350,345,5,430.0,386.42,62.0,66.24,412.31,7.17,15400.0,59.79,103.13,21750.58,32430.0
WO-001344,2025-06-10,2025-06,2025-W24,Morning,M04,P04,252,177,172,5,430.0,319.08,95.0,108.16,246.32,7.17,17523.0,35.72,129.86,24471.24,36120.0
WO-001345,2025-06-10,2025-06,2025-W24,Afternoon,M04,P06,181,140,133,7,430.0,335.55,125.0,143.81,266.0,7.17,19460.0,38.57,120.64,27346.87,39634.0
WO-001346,2025-06-10,2025-06,2025-W24,Morning,M05,P01,383,331,327,4,430.0,375.16,62.0,68.01,221.0,7.17,14564.0,32.05,48.83,20528.55,30738.0
WO-001347,2025-06-10,2025-06,2025-W24,Afternoon,M05,P01,379,331,324,7,430.0,382.81,62.0,69.39,214.68,7.17,14564.0,31.13,81.68,20560.47,30456.0
WO-001348,2025-06-10,2025-06,2025-W24,Morning,M06,P01,397,361,356,5,430.0,408.52,62.0,67.9,244.66,7.17,15884.0,35.48,12.0,22295.14,33464.0
WO-001349,2025-06-10,2025-06,2025-W24,Afternoon,M06,P01,358,359,354,5,430.0,406.67,62.0,67.97,258.29,7.17,15796.0,37.45,51.76,22216.88,33276.0
WO-001350,2025-06-11,2025-06,2025-W24,Morning,M01,P01,394,351,347,4,430.0,394.33,62.0,67.41,344.43,7.17,15444.0,49.94,14.1,21711.71,32618.0
WO-001351,2025-06-11,2025-06,2025-W24,Afternoon,M01,P03,605,536,527,9,430.0,376.6,38.0,42.16,345.7,7.17,13936.0,50.13,68.15,19733.95,29512.0
WO-001352,2025-06-11,2025-06,2025-W24,Morning,M02,P05,439,408,399,9,430.0,397.3,52.0,58.43,280.75,7.17,19584.0,40.71,27.21,27175.58,40698.0
WO-001353,2025-06-11,2025-06,2025-W24,Afternoon,M02,P02,324,238,233,5,430.0,344.23,74.0,86.78,231.65,7.17,14042.0,33.59,41.74,19703.0,29358.0
WO-001354,2025-06-11,2025-06,2025-W24,Morning,M03,P05,428,399,391,8,430.0,389.46,52.0,58.57,404.67,7.17,19152.0,58.68,25.95,26607.29,39882.0
WO-001355,2025-06-11,2025-06,2025-W24,Afternoon,M03,P01,375,360,353,7,430.0,394.72,62.0,65.79,403.48,7.17,15840.0,58.51,60.17,22306.34,33182.0
WO-001356,2025-06-11,2025-06,2025-W24,Morning,M04,P04,255,175,171,4,430.0,313.43,95.0,107.46,254.75,7.17,17325.0,36.94,130.55,24205.16,35910.0
WO-001357,2025-06-11,2025-06,2025-W24,Afternoon,M04,P03,597,404,394,10,430.0,299.78,38.0,44.52,245.27,7.17,10504.0,35.56,68.41,15033.64,22064.0
WO-001358,2025-06-11,2025-06,2025-W24,Morning,M05,P04,233,216,210,6,430.0,379.14,95.0,105.32,217.36,7.17,21384.0,31.52,141.31,29704.49,44100.0
WO-001359,2025-06-11,2025-06,2025-W24,Afternoon,M05,P04,252,212,207,5,430.0,366.31,95.0,103.67,211.28,7.17,20988.0,30.64,20.9,29047.21,43470.0
WO-001360,2025-06-11,2025-06,2025-W24,Morning,M06,P01,339,366,360,6,430.0,395.03,62.0,64.76,225.03,7.17,16104.0,32.63,16.13,22596.43,33840.0
WO-001361,2025-06-11,2025-06,2025-W24,Afternoon,M06,P04,257,210,204,6,430.0,378.77,95.0,108.22,220.9,7.17,20790.0,32.03,54.79,28814.49,42840.0
WO-001362,2025-06-12,2025-06,2025-W24,Morning,M01,P02,312,275,269,6,430.0,375.38,74.0,81.9,344.66,7.17,16225.0,49.98,34.57,22672.21,33894.0
WO-001363,2025-06-12,2025-06,2025-W24,Afternoon,M01,P03,640,534,528,6,430.0,376.15,38.0,42.26,338.63,7.17,13884.0,49.1,31.83,19625.6,29568.0
WO-001364,2025-06-12,2025-06,2025-W24,Morning,M02,P01,375,321,316,5,430.0,363.34,62.0,67.91,261.28,7.17,14124.0,37.89,66.02,19951.57,29704.0
WO-001365,2025-06-12,2025-06,2025-W24,Afternoon,M02,P01,366,325,319,6,430.0,381.92,62.0,70.51,259.67,7.17,14300.0,37.65,12.0,20137.32,29986.0
WO-001366,2025-06-12,2025-06,2025-W24,Morning,M03,P01,392,358,353,5,430.0,398.08,62.0,66.72,414.88,7.17,15752.0,60.16,70.2,22198.02,33182.0
WO-001367,2025-06-12,2025-06,2025-W24,Afternoon,M03,P03,639,582,574,8,430.0,396.29,38.0,40.85,410.94,7.17,15132.0,59.59,17.89,21326.15,32144.0
WO-001368,2025-06-12,2025-06,2025-W24,Morning,M04,P06,181,139,133,6,430.0,339.88,125.0,146.71,273.02,7.17,19321.0,39.59,79.65,27116.91,39634.0
WO-001369,2025-06-12,2025-06,2025-W24,Afternoon,M04,P04,235,173,168,5,430.0,319.32,95.0,110.75,260.84,7.17,17127.0,37.82,79.81,23887.29,35280.0
WO-001370,2025-06-12,2025-06,2025-W24,Morning,M05,P04,241,220,215,5,430.0,383.78,95.0,104.67,217.0,7.17,21780.0,31.47,21.97,30121.1,45150.0
WO-001371,2025-06-12,2025-06,2025-W24,Afternoon,M05,P01,376,327,321,6,430.0,388.53,62.0,71.29,212.2,7.17,14388.0,30.77,136.79,20375.22,30174.0
WO-001372,2025-06-12,2025-06,2025-W24,Morning,M06,P01,366,374,370,4,430.0,409.14,62.0,65.64,247.8,7.17,16456.0,35.93,44.82,23108.42,34780.0
WO-001373,2025-06-12,2025-06,2025-W24,Afternoon,M06,P05,464,419,408,11,430.0,395.14,52.0,56.58,244.26,7.17,20112.0,35.42,18.0,27876.08,41616.0
WO-001374,2025-06-13,2025-06,2025-W24,Morning,M01,P03,588,583,575,8,430.0,398.39,38.0,41.0,362.48,7.17,15158.0,52.56,72.53,21409.25,32200.0
WO-001375,2025-06-13,2025-06,2025-W24,Afternoon,M01,P02,309,264,258,6,430.0,354.61,74.0,80.59,325.68,7.17,15576.0,47.22,12.0,21766.89,32508.0
WO-001376,2025-06-13,2025-06,2025-W24,Morning,M02,P02,304,279,274,5,430.0,383.25,74.0,82.42,252.15,7.17,16461.0,36.56,32.29,22976.52,34524.0
WO-001377,2025-06-13,2025-06,2025-W24,Afternoon,M02,P01,368,311,305,6,430.0,361.84,62.0,69.81,259.1,7.17,13684.0,37.57,14.5,19299.74,28670.0
WO-001378,2025-06-13,2025-06,2025-W24,Morning,M03,P05,445,434,425,9,430.0,394.45,52.0,54.53,397.74,7.17,20832.0,57.67,19.01,28874.35,43350.0
WO-001379,2025-06-13,2025-06,2025-W24,Afternoon,M03,P01,376,341,333,8,430.0,374.11,62.0,65.83,388.05,7.17,15004.0,56.27,29.94,21133.88,31302.0
WO-001380,2025-06-13,2025-06,2025-W24,Morning,M04,P06,188,149,143,6,430.0,347.1,125.0,139.77,274.12,7.17,20711.0,39.75,97.22,29034.64,42614.0
WO-001381,2025-06-13,2025-06,2025-W24,Afternoon,M04,P04,247,187,181,6,430.0,328.35,95.0,105.35,255.46,7.17,18513.0,37.04,110.67,25793.38,38010.0
WO-001382,2025-06-13,2025-06,2025-W24,Morning,M05,P04,240,219,215,4,430.0,378.61,95.0,103.73,213.88,7.17,21681.0,31.01,26.95,29991.63,45150.0
WO-001383,2025-06-13,2025-06,2025-W24,Afternoon,M05,P05,440,394,386,8,430.0,374.38,52.0,57.01,224.7,7.17,18912.0,32.58,15.09,26245.34,39372.0
WO-001384,2025-06-13,2025-06,2025-W24,Morning,M06,P06,206,178,172,6,430.0,403.39,125.0,135.98,245.39,7.17,24742.0,35.58,18.07,34461.32,51256.0
WO-001385,2025-06-13,2025-06,2025-W24,Afternoon,M06,P04,258,237,231,6,430.0,402.86,95.0,101.99,237.5,7.17,23463.0,34.44,34.18,32414.28,48510.0
WO-001386,2025-06-16,2025-06,2025-W25,Morning,M01,P01,367,334,327,7,430.0,370.57,62.0,66.57,335.36,7.17,14696.0,48.63,59.5,20735.8,30738.0
WO-001387,2025-06-16,2025-06,2025-W25,Afternoon,M01,P03,598,527,519,8,430.0,370.44,38.0,42.18,338.98,7.17,13702.0,49.15,13.65,19358.97,29064.0
WO-001388,2025-06-16,2025-06,2025-W25,Morning,M02,P02,311,272,266,6,430.0,377.37,74.0,83.24,272.83,7.17,16048.0,39.56,98.26,22485.49,33516.0
WO-001389,2025-06-16,2025-06,2025-W25,Afternoon,M02,P02,316,251,244,7,430.0,363.49,74.0,86.89,248.84,7.17,14809.0,36.08,35.36,20739.11,30744.0
WO-001390,2025-06-16,2025-06,2025-W25,Morning,M03,P05,444,418,407,11,430.0,376.22,52.0,54.0,413.87,7.17,20064.0,60.01,49.11,27866.79,41514.0
WO-001391,2025-06-16,2025-06,2025-W25,Afternoon,M03,P05,472,408,400,8,430.0,379.67,52.0,55.83,401.91,7.17,19584.0,58.28,19.23,27185.17,40800.0
WO-001392,2025-06-16,2025-06,2025-W25,Morning,M04,P03,591,453,442,11,430.0,325.6,38.0,43.13,277.75,7.17,11778.0,40.27,152.93,16862.37,24752.0
WO-001393,2025-06-16,2025-06,2025-W25,Afternoon,M04,P06,189,135,129,6,430.0,326.14,125.0,144.95,263.49,7.17,18765.0,38.21,85.11,26360.99,38442.0
WO-001394,2025-06-16,2025-06,2025-W25,Morning,M05,P01,354,339,334,5,430.0,389.71,62.0,68.97,218.84,7.17,14916.0,31.73,18.88,20978.28,31396.0
WO-001395,2025-06-16,2025-06,2025-W25,Afternoon,M05,P05,467,354,346,8,430.0,360.48,52.0,61.1,204.26,7.17,16992.0,29.62,41.05,23668.33,35292.0
WO-001396,2025-06-16,2025-06,2025-W25,Morning,M06,P04,243,231,225,6,430.0,390.15,95.0,101.34,237.14,7.17,22869.0,34.39,18.58,31594.63,47250.0
WO-001397,2025-06-16,2025-06,2025-W25,Afternoon,M06,P06,185,169,163,6,430.0,387.31,125.0,137.51,237.59,7.17,23491.0,34.45,35.55,32767.66,48574.0
WO-001398,2025-06-17,2025-06,2025-W25,Morning,M01,P03,582,572,565,7,430.0,389.56,38.0,40.86,342.46,7.17,14872.0,49.66,18.73,20962.05,31640.0
WO-001399,2025-06-17,2025-06,2025-W25,Afternoon,M01,P01,371,327,321,6,430.0,380.58,62.0,69.83,357.12,7.17,14388.0,51.78,19.18,20278.63,30174.0
WO-001400,2025-06-17,2025-06,2025-W25,Morning,M02,P01,390,329,322,7,430.0,370.16,62.0,67.51,264.31,7.17,14476.0,38.33,12.0,20377.99,30268.0
WO-001401,2025-06-17,2025-06,2025-W25,Afternoon,M02,P01,351,320,313,7,430.0,370.38,62.0,69.45,272.77,7.17,14080.0,39.55,16.18,19843.4,29422.0
WO-001402,2025-06-17,2025-06,2025-W25,Morning,M03,P05,439,447,437,10,430.0,410.46,52.0,55.1,432.15,7.17,21456.0,62.66,25.19,29730.52,44574.0
WO-001403,2025-06-17,2025-06,2025-W25,Afternoon,M03,P01,393,328,324,4,430.0,369.84,62.0,67.65,377.38,7.17,14432.0,54.72,20.28,20342.66,30456.0
WO-001404,2025-06-17,2025-06,2025-W25,Morning,M04,P04,241,186,180,6,430.0,338.22,95.0,109.1,259.73,7.17,18414.0,37.66,103.45,25652.78,37800.0
WO-001405,2025-06-17,2025-06,2025-W25,Afternoon,M04,P06,184,131,125,6,430.0,317.23,125.0,145.29,268.45,7.17,18209.0,38.92,97.42,25614.02,37250.0
WO-001406,2025-06-17,2025-06,2025-W25,Morning,M05,P05,431,401,391,10,430.0,380.12,52.0,56.88,213.98,7.17,19248.0,31.03,38.5,26722.19,39882.0
WO-001407,2025-06-17,2025-06,2025-W25,Afternoon,M05,P04,248,208,202,6,430.0,377.2,95.0,108.81,207.34,7.17,20592.0,30.06,40.9,28530.63,42420.0
WO-001408,2025-06-17,2025-06,2025-W25,Morning,M06,P04,256,228,223,5,430.0,391.42,95.0,103.0,232.65,7.17,22572.0,33.73,54.16,31227.56,46830.0
WO-001409,2025-06-17,2025-06,2025-W25,Afternoon,M06,P05,453,426,414,12,430.0,402.2,52.0,56.65,247.86,7.17,20448.0,35.94,58.33,28371.93,42228.0
WO-001410,2025-06-18,2025-06,2025-W25,Morning,M01,P01,376,340,334,6,430.0,384.16,62.0,67.79,330.97,7.17,14960.0,47.99,33.97,21069.63,31396.0
WO-001411,2025-06-18,2025-06,2025-W25,Morning,M02,P01,377,331,325,6,430.0,376.74,62.0,68.29,267.04,7.17,14564.0,38.72,48.8,20535.18,30550.0
WO-001412,2025-06-18,2025-06,2025-W25,Afternoon,M02,P05,420,361,351,10,430.0,356.08,52.0,59.18,248.19,7.17,17328.0,35.99,39.62,24128.28,35802.0
WO-001413,2025-06-18,2025-06,2025-W25,Morning,M03,P05,438,404,395,9,430.0,382.01,52.0,56.73,386.03,7.17,19392.0,55.97,29.02,26932.66,40290.0
WO-001414,2025-06-18,2025-06,2025-W25,Afternoon,M03,P05,439,397,387,10,430.0,380.01,52.0,57.43,397.26,7.17,19056.0,57.6,12.0,26462.27,39474.0
WO-001415,2025-06-18,2025-06,2025-W25,Morning,M04,P04,240,173,168,5,430.0,317.88,95.0,110.25,274.97,7.17,17127.0,39.87,102.59,23912.13,35280.0
WO-001416,2025-06-18,2025-06,2025-W25,Afternoon,M04,P03,604,427,417,10,430.0,306.77,38.0,43.11,244.38,7.17,11102.0,35.43,91.69,15873.29,23352.0
WO-001417,2025-06-18,2025-06,2025-W25,Morning,M05,P06,179,166,159,7,430.0,364.3,125.0,131.67,204.06,7.17,23074.0,29.59,19.25,32176.5,47382.0
WO-001418,2025-06-18,2025-06,2025-W25,Afternoon,M05,P01,369,305,301,4,430.0,358.77,62.0,70.58,201.81,7.17,13420.0,29.26,64.21,18981.14,28294.0
WO-001419,2025-06-18,2025-06,2025-W25,Morning,M06,P01,397,356,353,3,430.0,387.2,62.0,65.26,240.95,7.17,15664.0,34.94,23.18,22005.79,33182.0
WO-001420,2025-06-18,2025-06,2025-W25,Afternoon,M06,P05,449,416,407,9,430.0,389.84,52.0,56.23,232.6,7.17,19968.0,33.73,48.0,27709.4,41514.0
WO-001421,2025-06-19,2025-06,2025-W25,Morning,M01,P01,379,336,329,7,430.0,384.03,62.0,68.58,341.38,7.17,14784.0,49.5,31.05,20828.22,30926.0
WO-001422,2025-06-19,2025-06,2025-W25,Afternoon,M01,P02,315,280,274,6,430.0,377.59,74.0,80.91,349.68,7.17,16520.0,50.7,25.33,23063.7,34524.0
WO-001423,2025-06-19,2025-06,2025-W25,Morning,M02,P01,381,325,320,5,430.0,371.76,62.0,68.63,259.91,7.17,14300.0,37.69,45.27,20170.63,30080.0
WO-001424,2025-06-19,2025-06,2025-W25,Afternoon,M02,P05,458,366,355,11,430.0,366.94,52.0,60.15,250.64,7.17,17568.0,36.34,18.53,24432.54,36210.0
WO-001425,2025-06-19,2025-06,2025-W25,Morning,M03,P03,610,591,586,5,430.0,401.68,38.0,40.78,413.38,7.17,15366.0,59.94,31.92,21660.03,32816.0
WO-001426,2025-06-19,2025-06,2025-W25,Afternoon,M03,P05,433,394,385,9,430.0,380.22,52.0,57.9,412.91,7.17,18912.0,59.87,77.06,26334.6,39270.0
WO-001427,2025-06-19,2025-06,2025-W25,Morning,M04,P04,246,172,168,4,430.0,317.03,95.0,110.59,247.17,7.17,17028.0,35.84,84.17,23755.68,35280.0
WO-001428,2025-06-19,2025-06,2025-W25,Afternoon,M04,P06,188,135,130,5,430.0,327.59,125.0,145.6,256.88,7.17,18765.0,37.25,96.44,26371.36,38740.0
WO-001429,2025-06-19,2025-06,2025-W25,Morning,M05,P01,390,323,318,5,430.0,368.03,62.0,68.36,205.66,7.17,14212.0,29.82,53.22,20050.71,29892.0
WO-001430,2025-06-19,2025-06,2025-W25,Afternoon,M05,P01,400,341,333,8,430.0,381.88,62.0,67.19,205.22,7.17,15004.0,29.76,16.37,21093.79,31302.0
WO-001431,2025-06-19,2025-06,2025-W25,Morning,M06,P01,367,369,366,3,430.0,404.0,62.0,65.69,249.86,7.17,16236.0,36.23,12.0,22775.9,34404.0
WO-001432,2025-06-19,2025-06,2025-W25,Afternoon,M06,P01,381,340,336,4,430.0,373.48,62.0,65.91,227.78,7.17,14960.0,33.03,24.22,21044.92,31584.0
WO-001433,2025-06-20,2025-06,2025-W25,Morning,M01,P03,609,600,591,9,430.0,413.27,38.0,41.33,382.97,7.17,15600.0,55.53,27.27,21970.46,33096.0
WO-001434,2025-06-20,2025-06,2025-W25,Afternoon,M01,P01,375,323,316,7,430.0,375.91,62.0,69.83,329.47,7.17,14212.0,47.77,22.29,20037.73,29704.0
WO-001435,2025-06-20,2025-06,2025-W25,Afternoon,M02,P02,301,248,243,5,430.0,351.53,74.0,85.05,251.73,7.17,14632.0,36.5,46.5,20510.67,30618.0
WO-001436,2025-06-20,2025-06,2025-W25,Morning,M03,P05,451,436,425,11,430.0,404.0,52.0,55.6,434.59,7.17,20928.0,63.02,36.47,29027.16,43350.0
WO-001437,2025-06-20,2025-06,2025-W25,Afternoon,M03,P03,604,559,553,6,430.0,387.2,38.0,41.56,410.28,7.17,14534.0,59.49,17.75,20509.41,30968.0
WO-001438,2025-06-20,2025-06,2025-W25,Morning,M04,P06,191,135,129,6,430.0,315.84,125.0,140.37,251.22,7.17,18765.0,36.43,115.01,26389.1,38442.0
WO-001439,2025-06-20,2025-06,2025-W25,Afternoon,M04,P03,623,424,415,9,430.0,310.29,38.0,43.91,244.01,7.17,11024.0,35.38,73.31,15748.35,23240.0
WO-001440,2025-06-20,2025-06,2025-W25,Morning,M05,P05,459,404,394,10,430.0,392.73,52.0,58.33,222.23,7.17,19392.0,32.22,26.56,26906.45,40188.0
WO-001441,2025-06-20,2025-06,2025-W25,Afternoon,M05,P01,366,323,317,6,430.0,375.93,62.0,69.83,216.69,7.17,14212.0,31.42,50.24,20049.33,29798.0
WO-001442,2025-06-20,2025-06,2025-W25,Morning,M06,P05,452,430,420,10,430.0,400.19,52.0,55.84,237.3,7.17,20640.0,34.41,38.65,28610.72,42840.0
WO-001443,2025-06-20,2025-06,2025-W25,Afternoon,M06,P05,461,411,400,11,430.0,385.18,52.0,56.23,245.2,7.17,19728.0,35.55,19.72,27357.94,40800.0
WO-001444,2025-06-23,2025-06,2025-W26,Morning,M01,P02,308,282,275,7,430.0,379.25,74.0,80.69,350.12,7.17,16638.0,50.77,22.62,23221.06,34650.0
WO-001445,2025-06-23,2025-06,2025-W26,Afternoon,M01,P01,376,328,324,4,430.0,379.23,62.0,69.37,338.48,7.17,14432.0,49.08,22.01,20338.76,30456.0
WO-001446,2025-06-23,2025-06,2025-W26,Morning,M02,P02,325,270,264,6,430.0,382.11,74.0,84.91,283.6,7.17,15930.0,41.12,19.21,22248.0,33264.0
WO-001447,2025-06-23,2025-06,2025-W26,Afternoon,M02,P02,323,263,258,5,430.0,366.16,74.0,83.53,254.23,7.17,15517.0,36.86,20.46,21684.99,32508.0
WO-001448,2025-06-23,2025-06,2025-W26,Morning,M03,P01,383,327,321,6,430.0,375.75,62.0,68.95,367.39,7.17,14388.0,53.27,58.32,20319.26,30174.0
WO-001449,2025-06-23,2025-06,2025-W26,Afternoon,M03,P01,356,342,335,7,430.0,378.94,62.0,66.48,413.45,7.17,15048.0,59.95,134.68,21302.29,31490.0
WO-001450,2025-06-23,2025-06,2025-W26,Morning,M04,P03,629,462,455,7,430.0,337.93,38.0,43.89,262.63,7.17,12012.0,38.08,70.99,17097.74,25480.0
WO-001451,2025-06-23,2025-06,2025-W26,Afternoon,M04,P03,595,417,409,8,430.0,304.61,38.0,43.83,232.61,7.17,10842.0,33.73,61.56,15486.45,22904.0
WO-001452,2025-06-23,2025-06,2025-W26,Morning,M05,P06,202,169,164,5,430.0,387.75,125.0,137.66,219.1,7.17,23491.0,31.77,14.78,32744.22,48872.0
WO-001453,2025-06-23,2025-06,2025-W26,Afternoon,M05,P01,360,316,309,7,430.0,364.37,62.0,69.18,204.57,7.17,13904.0,29.66,22.29,19599.62,29046.0
WO-001454,2025-06-23,2025-06,2025-W26,Morning,M06,P05,460,434,424,10,430.0,416.88,52.0,57.63,251.76,7.17,20832.0,36.51,12.0,28846.17,43248.0
WO-001455,2025-06-23,2025-06,2025-W26,Afternoon,M06,P04,241,228,224,4,430.0,394.43,95.0,103.8,232.02,7.17,22572.0,33.64,29.53,31202.84,47040.0
WO-001456,2025-06-24,2025-06,2025-W26,Morning,M01,P01,367,322,317,5,430.0,375.34,62.0,69.94,345.22,7.17,14168.0,50.06,12.16,19969.89,29798.0
WO-001457,2025-06-24,2025-06,2025-W26,Afternoon,M01,P02,308,274,266,8,430.0,378.3,74.0,82.84,363.21,7.17,16166.0,52.67,12.0,22572.33,33516.0
WO-001458,2025-06-24,2025-06,2025-W26,Morning,M02,P01,382,333,326,7,430.0,379.86,62.0,68.44,255.46,7.17,14652.0,37.04,28.62,20633.32,30644.0
WO-001459,2025-06-24,2025-06,2025-W26,Afternoon,M02,P01,400,292,286,6,430.0,341.22,62.0,70.11,252.11,7.17,12848.0,36.56,94.43,18238.66,26884.0
WO-001460,2025-06-24,2025-06,2025-W26,Morning,M03,P01,374,352,347,5,430.0,393.8,62.0,67.12,388.87,7.17,15488.0,56.39,15.08,21779.14,32618.0
WO-001461,2025-06-24,2025-06,2025-W26,Afternoon,M03,P03,592,540,530,10,430.0,375.82,38.0,41.76,398.33,7.17,14040.0,57.76,98.78,19914.2,29680.0
WO-001462,2025-06-24,2025-06,2025-W26,Morning,M04,P06,190,139,133,6,430.0,330.88,125.0,142.82,284.22,7.17,19321.0,41.21,94.94,27133.82,39634.0
WO-001463,2025-06-24,2025-06,2025-W26,Afternoon,M04,P03,629,459,447,12,430.0,335.09,38.0,43.8,270.32,7.17,11934.0,39.2,59.53,16980.89,25032.0
WO-001464,2025-06-24,2025-06,2025-W26,Morning,M05,P06,183,169,164,5,430.0,388.07,125.0,137.77,210.26,7.17,23491.0,30.49,15.82,32743.97,48872.0
WO-001465,2025-06-24,2025-06,2025-W26,Afternoon,M05,P01,361,338,333,5,430.0,388.26,62.0,68.92,205.57,7.17,14872.0,29.81,21.62,20919.09,31302.0
WO-001466,2025-06-24,2025-06,2025-W26,Morning,M06,P05,441,433,423,10,430.0,396.65,52.0,54.96,235.17,7.17,20784.0,34.1,28.24,28795.01,43146.0
WO-001467,2025-06-24,2025-06,2025-W26,Afternoon,M06,P01,357,345,339,6,430.0,389.22,62.0,67.69,233.13,7.17,15180.0,33.8,32.73,21354.2,31866.0
WO-001468,2025-06-25,2025-06,2025-W26,Morning,M01,P01,384,320,315,5,430.0,362.96,62.0,68.05,330.7,7.17,14080.0,47.95,17.31,19852.93,29610.0
WO-001469,2025-06-25,2025-06,2025-W26,Afternoon,M01,P02,323,268,260,8,430.0,365.82,74.0,81.9,332.24,7.17,15812.0,48.18,47.37,22123.21,32760.0
WO-001470,2025-06-25,2025-06,2025-W26,Morning,M02,P02,314,288,283,5,430.0,396.73,74.0,82.65,286.26,7.17,16992.0,41.51,42.76,23711.94,35658.0
WO-001471,2025-06-25,2025-06,2025-W26,Afternoon,M02,P01,367,299,293,6,430.0,349.85,62.0,70.2,253.89,7.17,13156.0,36.81,12.0,18576.48,27542.0
WO-001472,2025-06-25,2025-06,2025-W26,Morning,M03,P05,454,426,418,8,430.0,385.5,52.0,54.3,389.18,7.17,20448.0,56.43,32.42,28366.52,42636.0
WO-001473,2025-06-25,2025-06,2025-W26,Afternoon,M03,P01,366,337,330,7,430.0,375.61,62.0,66.88,392.3,7.17,14828.0,56.88,18.13,20882.68,31020.0
WO-001474,2025-06-25,2025-06,2025-W26,Morning,M04,P06,190,135,130,5,430.0,326.82,125.0,145.25,271.69,7.17,18765.0,39.39,95.11,26372.17,38740.0
WO-001475,2025-06-25,2025-06,2025-W26,Afternoon,M04,P04,237,168,162,6,430.0,309.39,95.0,110.5,251.27,7.17,16632.0,36.43,70.58,23206.68,34020.0
WO-001476,2025-06-25,2025-06,2025-W26,Morning,M05,P01,367,348,345,3,430.0,388.39,62.0,66.96,226.24,7.17,15312.0,32.8,53.57,21554.04,32430.0
WO-001477,2025-06-25,2025-06,2025-W26,Afternoon,M05,P06,185,170,163,7,430.0,392.45,125.0,138.51,220.01,7.17,23630.0,31.9,42.58,32962.15,48574.0
WO-001478,2025-06-25,2025-06,2025-W26,Morning,M06,P01,354,358,352,6,430.0,413.45,62.0,69.29,243.36,7.17,15752.0,35.29,25.34,22128.3,33088.0
WO-001479,2025-06-25,2025-06,2025-W26,Afternoon,M06,P04,231,236,232,4,430.0,406.78,95.0,103.42,249.99,7.17,23364.0,36.25,29.37,32277.28,48720.0
WO-001480,2025-06-26,2025-06,2025-W26,Morning,M01,P03,636,551,549,2,430.0,393.77,38.0,42.88,344.51,7.17,14326.0,49.95,15.05,20213.17,30744.0
WO-001481,2025-06-26,2025-06,2025-W26,Afternoon,M01,P01,353,355,346,9,430.0,405.54,62.0,68.54,365.44,7.17,15620.0,52.99,14.85,21955.5,32524.0
WO-001482,2025-06-26,2025-06,2025-W26,Morning,M02,P02,309,279,273,6,430.0,375.9,74.0,80.84,280.75,7.17,16461.0,40.71,54.72,23003.1,34398.0
WO-001483,2025-06-26,2025-06,2025-W26,Afternoon,M02,P05,445,371,363,8,430.0,374.96,52.0,60.64,262.02,7.17,17808.0,37.99,19.95,24760.61,37026.0
WO-001484,2025-06-26,2025-06,2025-W26,Morning,M03,P05,437,430,419,11,430.0,393.71,52.0,54.94,413.5,7.17,20640.0,59.96,28.08,28625.71,42738.0
WO-001485,2025-06-26,2025-06,2025-W26,Afternoon,M03,P03,610,581,570,11,430.0,391.35,38.0,40.41,414.14,7.17,15106.0,60.05,14.96,21288.18,31920.0
WO-001486,2025-06-26,2025-06,2025-W26,Morning,M04,P03,642,440,435,5,430.0,317.41,38.0,43.28,263.76,7.17,11440.0,38.24,122.29,16368.2,24360.0
WO-001487,2025-06-26,2025-06,2025-W26,Afternoon,M04,P04,244,181,176,5,430.0,315.79,95.0,104.68,261.6,7.17,17919.0,37.93,149.28,25028.88,36960.0
WO-001488,2025-06-26,2025-06,2025-W26,Morning,M05,P05,426,409,401,8,430.0,388.89,52.0,57.05,214.99,7.17,19632.0,31.17,30.13,27233.97,40902.0
WO-001489,2025-06-26,2025-06,2025-W26,Afternoon,M05,P01,364,330,325,5,430.0,373.67,62.0,67.94,210.71,7.17,14520.0,30.55,12.0,20430.22,30550.0
WO-001490,2025-06-26,2025-06,2025-W26,Morning,M06,P05,460,429,419,10,430.0,401.23,52.0,56.12,244.59,7.17,20592.0,35.47,49.92,28558.05,42738.0
WO-001491,2025-06-26,2025-06,2025-W26,Afternoon,M06,P04,233,239,233,6,430.0,401.15,95.0,100.71,252.7,7.17,23661.0,36.64,56.14,32706.45,48930.0
WO-001492,2025-06-27,2025-06,2025-W26,Morning,M01,P01,369,323,318,5,430.0,371.24,62.0,68.96,335.87,7.17,14212.0,48.7,45.8,20062.16,29892.0
WO-001493,2025-06-27,2025-06,2025-W26,Afternoon,M01,P02,314,289,282,7,430.0,386.23,74.0,80.19,332.45,7.17,17051.0,48.2,30.5,23786.37,35532.0
WO-001494,2025-06-27,2025-06,2025-W26,Morning,M02,P02,317,280,274,6,430.0,384.14,74.0,82.32,270.54,7.17,16520.0,39.23,19.21,23046.11,34524.0
WO-001495,2025-06-27,2025-06,2025-W26,Afternoon,M02,P02,327,269,263,6,430.0,370.55,74.0,82.65,258.58,7.17,15871.0,37.49,35.28,22180.44,33138.0
WO-001496,2025-06-27,2025-06,2025-W26,Morning,M03,P03,602,543,534,9,430.0,380.93,38.0,42.09,401.66,7.17,14118.0,58.24,69.36,19991.77,29904.0
WO-001497,2025-06-27,2025-06,2025-W26,Afternoon,M03,P03,629,532,525,7,430.0,366.8,38.0,41.37,375.71,7.17,13832.0,54.48,29.6,19557.74,29400.0
WO-001498,2025-06-27,2025-06,2025-W26,Morning,M04,P06,181,137,131,6,430.0,326.82,125.0,143.13,262.38,7.17,19043.0,38.05,59.74,26715.45,39038.0
WO-001499,2025-06-27,2025-06,2025-W26,Afternoon,M04,P04,256,160,154,6,430.0,293.11,95.0,109.92,228.55,7.17,15840.0,33.14,156.1,22216.91,32340.0
WO-001500,2025-06-27,2025-06,2025-W26,Morning,M05,P01,384,338,333,5,430.0,390.88,62.0,69.39,214.42,7.17,14872.0,31.09,28.49,20927.25,31302.0
WO-001501,2025-06-27,2025-06,2025-W26,Afternoon,M05,P06,193,162,155,7,430.0,370.03,125.0,137.05,206.65,7.17,22518.0,29.96,26.97,31424.6,46190.0
WO-001502,2025-06-27,2025-06,2025-W26,Morning,M06,P01,388,332,326,6,430.0,372.83,62.0,67.38,229.52,7.17,14608.0,33.28,15.93,20556.87,30644.0
WO-001503,2025-06-27,2025-06,2025-W26,Afternoon,M06,P06,194,172,166,6,430.0,397.92,125.0,138.81,256.15,7.17,23908.0,37.14,12.0,33316.81,49468.0
WO-001504,2025-06-30,2025-06,2025-W27,Morning,M01,P02,321,280,274,6,430.0,374.32,74.0,80.21,367.11,7.17,16520.0,53.23,15.15,23056.05,34524.0
WO-001505,2025-06-30,2025-06,2025-W27,Afternoon,M01,P03,642,549,541,8,430.0,384.37,38.0,42.01,352.42,7.17,14274.0,51.1,17.09,20145.36,30296.0
WO-001506,2025-06-30,2025-06,2025-W27,Morning,M02,P02,297,270,266,4,430.0,367.22,74.0,81.6,259.08,7.17,15930.0,37.57,12.0,22237.23,33516.0
WO-001507,2025-06-30,2025-06,2025-W27,Afternoon,M02,P01,370,312,306,6,430.0,368.88,62.0,70.94,262.2,7.17,13728.0,38.02,39.82,19385.51,28764.0
WO-001508,2025-06-30,2025-06,2025-W27,Morning,M03,P01,365,317,312,5,430.0,361.82,62.0,68.48,395.09,7.17,13948.0,57.29,49.96,19714.91,29328.0
WO-001509,2025-06-30,2025-06,2025-W27,Afternoon,M03,P03,586,568,557,11,430.0,382.16,38.0,40.37,410.01,7.17,14768.0,59.45,46.75,20857.86,31192.0
WO-001510,2025-06-30,2025-06,2025-W27,Morning,M04,P06,184,135,129,6,430.0,316.05,125.0,140.46,253.79,7.17,18765.0,36.8,74.59,26349.05,38442.0
WO-001511,2025-06-30,2025-06,2025-W27,Afternoon,M04,P06,191,133,127,6,430.0,320.24,125.0,144.47,247.63,7.17,18487.0,35.91,66.18,25959.75,37846.0
WO-001512,2025-06-30,2025-06,2025-W27,Morning,M05,P06,186,181,174,7,430.0,406.5,125.0,134.75,228.27,7.17,25159.0,33.1,12.0,35022.77,51852.0
WO-001513,2025-06-30,2025-06,2025-W27,Afternoon,M05,P06,185,163,156,7,430.0,375.27,125.0,138.14,209.96,7.17,22657.0,30.44,28.38,31616.49,46488.0
WO-001514,2025-06-30,2025-06,2025-W27,Morning,M06,P06,192,173,167,6,430.0,389.55,125.0,135.11,234.74,7.17,24047.0,34.04,31.23,33522.93,49766.0
WO-001515,2025-06-30,2025-06,2025-W27,Afternoon,M06,P05,424,419,406,13,430.0,399.93,52.0,57.27,236.18,7.17,20112.0,34.25,73.45,27930.36,41412.0
WO-001516,2025-07-01,2025-07,2025-W27,Morning,M01,P02,305,284,280,4,430.0,393.34,74.0,83.1,353.73,7.17,16756.0,51.29,12.0,23370.96,35280.0
WO-001517,2025-07-01,2025-07,2025-W27,Afternoon,M01,P01,364,317,310,7,430.0,367.21,62.0,69.5,327.5,7.17,13948.0,47.49,27.1,19682.25,29140.0
WO-001518,2025-07-01,2025-07,2025-W27,Morning,M02,P05,435,388,381,7,430.0,365.61,52.0,56.54,255.28,7.17,18624.0,37.02,26.2,25870.88,38862.0
WO-001519,2025-07-01,2025-07,2025-W27,Afternoon,M02,P01,365,318,316,2,430.0,371.74,62.0,70.14,266.57,7.17,13992.0,38.65,48.6,19754.92,29704.0
WO-001520,2025-07-01,2025-07,2025-W27,Morning,M03,P01,340,375,368,7,430.0,402.44,62.0,64.39,431.2,7.17,16500.0,62.52,16.49,23166.68,34592.0
WO-001521,2025-07-01,2025-07,2025-W27,Afternoon,M03,P03,551,556,546,10,430.0,384.68,38.0,41.51,424.05,7.17,14456.0,61.49,79.27,20466.43,30576.0
WO-001522,2025-07-01,2025-07,2025-W27,Morning,M04,P06,177,139,134,5,430.0,329.25,125.0,142.12,254.41,7.17,19321.0,36.89,76.87,27111.42,39932.0
WO-001523,2025-07-01,2025-07,2025-W27,Afternoon,M04,P03,565,418,409,9,430.0,318.05,38.0,45.65,252.07,7.17,10868.0,36.55,61.69,15524.91,22904.0
WO-001524,2025-07-01,2025-07,2025-W27,Morning,M05,P04,229,224,221,3,430.0,386.07,95.0,103.41,229.15,7.17,22176.0,33.23,15.85,30652.74,46410.0
WO-001525,2025-07-01,2025-07,2025-W27,Afternoon,M05,P04,238,209,206,3,430.0,374.39,95.0,107.48,207.71,7.17,20691.0,30.12,36.32,28660.11,43260.0
WO-001526,2025-07-01,2025-07,2025-W27,Morning,M06,P05,422,446,437,9,430.0,409.49,52.0,55.09,247.15,7.17,21408.0,35.84,12.0,29625.5,44574.0
WO-001527,2025-07-01,2025-07,2025-W27,Afternoon,M06,P05,426,438,427,11,430.0,417.1,52.0,57.14,261.66,7.17,21024.0,37.94,53.49,29149.1,43554.0
WO-001528,2025-07-02,2025-07,2025-W27,Morning,M01,P03,569,576,573,3,430.0,383.75,38.0,39.97,350.0,7.17,14976.0,50.75,22.35,21108.77,32088.0
WO-001529,2025-07-02,2025-07,2025-W27,Afternoon,M01,P02,320,282,275,7,430.0,383.02,74.0,81.49,348.73,7.17,16638.0,50.57,51.32,23249.55,34650.0
WO-001530,2025-07-02,2025-07,2025-W27,Morning,M02,P02,296,296,289,7,430.0,394.54,74.0,79.97,284.14,7.17,17464.0,41.2,15.69,24324.56,36414.0
WO-001531,2025-07-02,2025-07,2025-W27,Afternoon,M02,P05,444,354,344,10,430.0,354.83,52.0,60.14,236.65,7.17,16992.0,34.31,12.0,23643.98,35088.0
WO-001532,2025-07-02,2025-07,2025-W27,Morning,M03,P03,593,563,556,7,430.0,389.79,38.0,41.54,430.54,7.17,14638.0,62.43,12.0,20648.59,31136.0
WO-001533,2025-07-02,2025-07,2025-W27,Morning,M04,P04,225,184,179,5,430.0,331.42,95.0,108.07,276.76,7.17,18216.0,40.13,83.63,25367.43,37590.0
WO-001534,2025-07-02,2025-07,2025-W27,Morning,M05,P04,232,226,220,6,430.0,397.48,95.0,105.53,222.83,7.17,22374.0,32.31,35.28,30939.26,46200.0
WO-001535,2025-07-02,2025-07,2025-W27,Afternoon,M05,P06,182,152,147,5,430.0,361.79,125.0,142.81,205.11,7.17,21128.0,29.74,129.48,29626.89,43806.0
WO-001536,2025-07-02,2025-07,2025-W27,Morning,M06,P01,327,342,337,5,430.0,384.57,62.0,67.47,242.48,7.17,15048.0,35.16,30.03,21172.86,31678.0
WO-001537,2025-07-02,2025-07,2025-W27,Afternoon,M06,P01,350,355,348,7,430.0,395.2,62.0,66.79,241.33,7.17,15620.0,34.99,21.91,21944.57,32712.0
WO-001538,2025-07-03,2025-07,2025-W27,Morning,M01,P02,309,294,290,4,430.0,393.62,74.0,80.33,357.41,7.17,17346.0,51.82,66.97,24226.46,36540.0
WO-001539,2025-07-03,2025-07,2025-W27,Afternoon,M01,P03,589,529,526,3,430.0,380.13,38.0,43.11,343.22,7.17,13754.0,49.77,56.52,19473.45,29456.0
WO-001540,2025-07-03,2025-07,2025-W27,Morning,M02,P05,437,399,394,5,430.0,377.92,52.0,56.83,263.31,7.17,19152.0,38.18,12.0,26572.85,40188.0
WO-001541,2025-07-03,2025-07,2025-W27,Afternoon,M02,P05,429,368,358,10,430.0,359.28,52.0,58.58,261.93,7.17,17664.0,37.98,25.67,24571.31,36516.0
WO-001542,2025-07-03,2025-07,2025-W27,Morning,M03,P03,572,563,559,4,430.0,381.74,38.0,40.68,419.01,7.17,14638.0,60.76,18.92,20653.84,31304.0
WO-001543,2025-07-03,2025-07,2025-W27,Afternoon,M03,P03,606,588,583,5,430.0,394.43,38.0,40.25,413.89,7.17,15288.0,60.01,63.88,21585.56,32648.0
WO-001544,2025-07-03,2025-07,2025-W27,Morning,M04,P04,224,177,173,4,430.0,318.44,95.0,107.95,247.59,7.17,17523.0,35.9,72.87,24414.43,36330.0
WO-001545,2025-07-03,2025-07,2025-W27,Afternoon,M04,P04,230,186,180,6,430.0,324.53,95.0,104.69,269.6,7.17,18414.0,39.09,65.32,25616.08,37800.0
WO-001546,2025-07-03,2025-07,2025-W27,Morning,M05,P01,349,336,333,3,430.0,367.07,62.0,65.55,201.44,7.17,14784.0,29.21,71.38,20848.26,31302.0
WO-001547,2025-07-03,2025-07,2025-W27,Afternoon,M05,P01,352,330,322,8,430.0,361.92,62.0,65.8,197.08,7.17,14520.0,28.58,32.8,20449.05,30268.0
WO-001548,2025-07-03,2025-07,2025-W27,Morning,M06,P01,364,359,354,5,430.0,397.47,62.0,66.43,245.99,7.17,15796.0,35.67,28.52,22191.86,33276.0
WO-001549,2025-07-03,2025-07,2025-W27,Afternoon,M06,P01,370,380,372,8,430.0,417.1,62.0,65.86,261.34,7.17,16720.0,37.89,69.02,23494.58,34968.0
WO-001550,2025-07-04,2025-07,2025-W27,Morning,M01,P03,569,535,532,3,430.0,370.66,38.0,41.57,325.41,7.17,13910.0,47.18,68.34,19695.69,29792.0
WO-001551,2025-07-04,2025-07,2025-W27,Afternoon,M01,P01,353,333,326,7,430.0,370.41,62.0,66.74,355.08,7.17,14652.0,51.49,41.72,20660.87,30644.0
WO-001552,2025-07-04,2025-07,2025-W27,Morning,M02,P01,352,316,311,5,430.0,361.18,62.0,68.58,253.8,7.17,13904.0,36.8,74.11,19658.58,29234.0
WO-001553,2025-07-04,2025-07,2025-W27,Afternoon,M02,P01,360,332,327,5,430.0,378.72,62.0,68.44,268.41,7.17,14608.0,38.92,25.54,20572.13,30738.0
WO-001554,2025-07-04,2025-07,2025-W27,Morning,M03,P03,565,558,552,6,430.0,378.86,38.0,40.74,400.41,7.17,14508.0,58.06,23.64,20478.36,30912.0
WO-001555,2025-07-04,2025-07,2025-W27,Afternoon,M03,P05,424,402,392,10,430.0,380.92,52.0,56.85,388.23,7.17,19296.0,56.29,35.92,26809.88,39984.0
WO-001556,2025-07-04,2025-07,2025-W27,Morning,M04,P03,584,429,420,9,430.0,309.16,38.0,43.24,251.96,7.17,11154.0,36.53,160.86,16014.56,23520.0
WO-001557,2025-07-04,2025-07,2025-W27,Afternoon,M04,P04,234,170,165,5,430.0,305.42,95.0,107.8,248.13,7.17,16830.0,35.98,93.17,23496.82,34650.0
WO-001558,2025-07-04,2025-07,2025-W27,Morning,M05,P04,240,220,216,4,430.0,393.32,95.0,107.27,216.5,7.17,21780.0,31.39,30.71,30129.77,45360.0
WO-001559,2025-07-04,2025-07,2025-W27,Afternoon,M05,P01,356,327,322,5,430.0,378.27,62.0,69.41,207.82,7.17,14388.0,30.13,45.52,20283.32,30268.0
WO-001560,2025-07-04,2025-07,2025-W27,Morning,M06,P04,232,242,239,3,430.0,407.85,95.0,101.12,239.6,7.17,23958.0,34.74,20.46,33070.86,50190.0
WO-001561,2025-07-04,2025-07,2025-W27,Afternoon,M06,P04,236,228,223,5,430.0,394.9,95.0,103.92,240.57,7.17,22572.0,34.88,12.0,31186.55,46830.0
WO-001562,2025-07-07,2025-07,2025-W28,Morning,M01,P01,346,337,332,5,430.0,374.58,62.0,66.69,340.56,7.17,14828.0,49.38,21.44,20878.49,31208.0
WO-001563,2025-07-07,2025-07,2025-W28,Afternoon,M01,P02,309,272,266,6,430.0,371.95,74.0,82.05,343.08,7.17,16048.0,49.75,18.06,22415.48,33516.0
WO-001564,2025-07-07,2025-07,2025-W28,Morning,M02,P05,440,375,364,11,430.0,364.48,52.0,58.32,253.06,7.17,18000.0,36.69,32.67,25032.02,37128.0
WO-001565,2025-07-07,2025-07,2025-W28,Afternoon,M02,P01,372,320,314,6,430.0,382.94,62.0,71.8,257.09,7.17,14080.0,37.28,20.09,19845.03,29516.0
WO-001566,2025-07-07,2025-07,2025-W28,Morning,M03,P01,360,352,344,8,430.0,395.08,62.0,67.34,395.05,7.17,15488.0,57.28,50.05,21815.0,32336.0
WO-001567,2025-07-07,2025-07,2025-W28,Afternoon,M03,P01,350,346,340,6,430.0,384.13,62.0,66.61,404.18,7.17,15224.0,58.61,12.0,21418.27,31960.0
WO-001568,2025-07-07,2025-07,2025-W28,Morning,M04,P06,178,132,125,7,430.0,327.72,125.0,148.96,261.05,7.17,18348.0,37.85,89.47,25794.99,37250.0
WO-001569,2025-07-07,2025-07,2025-W28,Afternoon,M04,P04,235,170,164,6,430.0,313.29,95.0,110.57,247.4,7.17,16830.0,35.87,82.09,23485.63,34440.0
WO-001570,2025-07-07,2025-07,2025-W28,Morning,M05,P04,240,229,226,3,430.0,386.38,95.0,101.23,211.82,7.17,22671.0,30.71,44.04,31348.42,47460.0
WO-001571,2025-07-07,2025-07,2025-W28,Afternoon,M05,P05,452,383,372,11,430.0,365.94,52.0,57.33,194.17,7.17,18384.0,28.15,35.3,25546.12,37944.0
WO-001572,2025-07-07,2025-07,2025-W28,Morning,M06,P05,420,416,406,10,430.0,397.82,52.0,57.38,252.97,7.17,19968.0,36.68,76.29,27740.63,41412.0
WO-001573,2025-07-07,2025-07,2025-W28,Afternoon,M06,P06,171,183,174,9,430.0,411.58,125.0,134.95,238.62,7.17,25437.0,34.6,81.13,35473.4,51852.0
WO-001574,2025-07-08,2025-07,2025-W28,Morning,M01,P02,286,283,277,6,430.0,382.31,74.0,81.06,347.35,7.17,16697.0,50.37,58.47,23336.5,34902.0
WO-001575,2025-07-08,2025-07,2025-W28,Afternoon,M01,P03,566,521,511,10,430.0,370.33,38.0,42.65,320.75,7.17,13546.0,46.51,12.0,19141.68,28616.0
WO-001576,2025-07-08,2025-07,2025-W28,Morning,M02,P02,305,263,257,6,430.0,369.08,74.0,84.2,262.86,7.17,15517.0,38.11,16.22,21682.0,32382.0
WO-001577,2025-07-08,2025-07,2025-W28,Afternoon,M02,P05,424,383,375,8,430.0,366.66,52.0,57.44,242.91,7.17,18384.0,35.22,12.0,25529.89,38250.0
WO-001578,2025-07-08,2025-07,2025-W28,Morning,M03,P01,364,361,354,7,430.0,397.61,62.0,66.08,404.0,7.17,15884.0,58.58,22.74,22328.99,33276.0
WO-001579,2025-07-08,2025-07,2025-W28,Afternoon,M03,P03,619,555,550,5,430.0,384.0,38.0,41.51,408.49,7.17,14430.0,59.23,34.61,20384.01,30800.0
WO-001580,2025-07-08,2025-07,2025-W28,Morning,M04,P04,233,180,175,5,430.0,318.15,95.0,106.05,256.42,7.17,17820.0,37.18,88.09,24832.94,36750.0
WO-001581,2025-07-08,2025-07,2025-W28,Afternoon,M04,P04,238,179,174,5,430.0,319.62,95.0,107.13,256.89,7.17,17721.0,37.25,84.62,24695.53,36540.0
WO-001582,2025-07-08,2025-07,2025-W28,Morning,M05,P01,350,349,342,7,430.0,395.69,62.0,68.03,218.2,7.17,15356.0,31.64,30.89,21590.19,32148.0
WO-001583,2025-07-08,2025-07,2025-W28,Afternoon,M05,P01,346,329,321,8,430.0,366.4,62.0,66.82,200.07,7.17,14476.0,29.01,57.71,20414.39,30174.0
WO-001584,2025-07-08,2025-07,2025-W28,Morning,M06,P01,347,368,360,8,430.0,406.47,62.0,66.27,250.96,7.17,16192.0,36.39,53.68,22757.74,33840.0
WO-001585,2025-07-08,2025-07,2025-W28,Afternoon,M06,P05,417,396,382,14,430.0,378.83,52.0,57.4,227.91,7.17,19008.0,33.05,20.49,26381.21,38964.0
WO-001586,2025-07-09,2025-07,2025-W28,Morning,M01,P01,343,330,325,5,430.0,377.82,62.0,68.7,345.39,7.17,14520.0,50.08,12.22,20449.97,30550.0
WO-001587,2025-07-09,2025-07,2025-W28,Afternoon,M01,P02,294,282,275,7,430.0,384.26,74.0,81.76,353.97,7.17,16638.0,51.33,131.87,23330.86,34650.0
WO-001588,2025-07-09,2025-07,2025-W28,Morning,M02,P01,353,317,313,4,430.0,371.71,62.0,70.36,258.96,7.17,13948.0,37.55,24.85,19670.07,29422.0
WO-001589,2025-07-09,2025-07,2025-W28,Afternoon,M02,P02,299,272,265,7,430.0,365.46,74.0,80.62,259.08,7.17,16048.0,37.57,14.13,22399.36,33390.0
WO-001590,2025-07-09,2025-07,2025-W28,Morning,M03,P03,587,584,575,9,430.0,393.95,38.0,40.47,424.17,7.17,15184.0,61.5,94.23,21475.4,32200.0
WO-001591,2025-07-09,2025-07,2025-W28,Afternoon,M03,P05,455,430,416,14,430.0,394.68,52.0,55.07,426.74,7.17,20640.0,61.88,12.0,28611.54,42432.0
WO-001592,2025-07-09,2025-07,2025-W28,Morning,M04,P03,579,441,430,11,430.0,321.11,38.0,43.69,267.2,7.17,11466.0,38.74,176.61,16458.52,24080.0
WO-001593,2025-07-09,2025-07,2025-W28,Afternoon,M04,P03,600,450,442,8,430.0,327.29,38.0,43.64,271.47,7.17,11700.0,39.36,67.87,16669.9,24752.0
WO-001594,2025-07-09,2025-07,2025-W28,Morning,M05,P05,422,426,415,11,430.0,403.48,52.0,56.83,219.8,7.17,20448.0,31.87,135.55,28445.09,42330.0
WO-001595,2025-07-09,2025-07,2025-W28,Afternoon,M05,P06,176,162,155,7,430.0,378.54,125.0,140.2,220.91,7.17,22518.0,32.03,20.5,31420.2,46190.0
WO-001596,2025-07-09,2025-07,2025-W28,Morning,M06,P01,367,366,363,3,430.0,403.68,62.0,66.18,244.38,7.17,16104.0,35.44,32.3,22615.4,34122.0
WO-001597,2025-07-09,2025-07,2025-W28,Afternoon,M06,P04,232,230,225,5,430.0,401.21,95.0,104.66,238.75,7.17,22770.0,34.62,202.52,31644.8,47250.0
WO-001598,2025-07-10,2025-07,2025-W28,Morning,M01,P01,346,345,339,6,430.0,382.48,62.0,66.52,354.82,7.17,15180.0,51.45,21.46,21360.57,31866.0
WO-001599,2025-07-10,2025-07,2025-W28,Afternoon,M01,P01,354,334,327,7,430.0,377.56,62.0,67.82,348.32,7.17,14696.0,50.51,58.21,20736.38,30738.0
WO-001600,2025-07-10,2025-07,2025-W28,Morning,M02,P05,418,385,376,9,430.0,368.81,52.0,57.48,252.44,7.17,18480.0,36.6,27.66,25676.93,38352.0
WO-001601,2025-07-10,2025-07,2025-W28,Afternoon,M02,P01,337,323,318,5,430.0,373.13,62.0,69.31,255.38,7.17,14212.0,37.03,29.91,20034.61,29892.0
WO-001602,2025-07-10,2025-07,2025-W28,Afternoon,M03,P03,614,563,553,10,430.0,381.31,38.0,40.64,389.32,7.17,14638.0,56.45,12.03,20642.65,30968.0
WO-001603,2025-07-10,2025-07,2025-W28,Morning,M04,P04,228,192,187,5,430.0,342.84,95.0,107.14,266.08,7.17,19008.0,38.58,114.21,26468.46,39270.0
WO-001604,2025-07-10,2025-07,2025-W28,Afternoon,M04,P06,181,134,127,7,430.0,327.05,125.0,146.44,263.79,7.17,18626.0,38.25,112.88,26198.8,37846.0
WO-001605,2025-07-10,2025-07,2025-W28,Morning,M05,P04,226,209,205,4,430.0,383.16,95.0,110.0,218.57,7.17,20691.0,31.69,26.97,28652.33,43050.0
WO-001606,2025-07-10,2025-07,2025-W28,Afternoon,M05,P05,420,367,358,9,430.0,363.09,52.0,59.36,210.12,7.17,17616.0,30.47,35.56,24508.7,36516.0
WO-001607,2025-07-10,2025-07,2025-W28,Morning,M06,P01,361,365,364,1,430.0,405.12,62.0,66.59,244.22,7.17,16060.0,35.41,45.25,22568.33,34216.0
WO-001608,2025-07-10,2025-07,2025-W28,Afternoon,M06,P01,375,342,335,7,430.0,399.86,62.0,70.15,237.83,7.17,15048.0,34.48,21.52,21163.67,31490.0
WO-001609,2025-07-11,2025-07,2025-W28,Morning,M01,P02,301,285,279,6,430.0,383.53,74.0,80.74,361.43,7.17,16815.0,52.41,38.26,23478.33,35154.0
WO-001610,2025-07-11,2025-07,2025-W28,Afternoon,M01,P03,580,557,547,10,430.0,384.79,38.0,41.45,349.68,7.17,14482.0,50.7,37.77,20449.64,30632.0
WO-001611,2025-07-11,2025-07,2025-W28,Morning,M02,P02,303,268,262,6,430.0,371.01,74.0,83.06,267.64,7.17,15812.0,38.81,38.4,22104.87,33012.0
WO-001612,2025-07-11,2025-07,2025-W28,Afternoon,M02,P05,409,376,365,11,430.0,366.41,52.0,58.47,252.02,7.17,18048.0,36.54,55.55,25119.76,37230.0
WO-001613,2025-07-11,2025-07,2025-W28,Morning,M03,P03,580,601,595,6,430.0,409.2,38.0,40.85,448.62,7.17,15626.0,65.05,91.19,22079.41,33320.0
WO-001614,2025-07-11,2025-07,2025-W28,Afternoon,M03,P05,413,391,381,10,430.0,379.18,52.0,58.19,401.67,7.17,18768.0,58.24,12.0,26072.91,38862.0
WO-001615,2025-07-11,2025-07,2025-W28,Morning,M04,P04,242,173,168,5,430.0,314.64,95.0,109.12,265.72,7.17,17127.0,38.53,92.64,23900.83,35280.0
WO-001616,2025-07-11,2025-07,2025-W28,Afternoon,M04,P04,232,185,180,5,430.0,333.63,95.0,108.21,268.87,7.17,18315.0,38.99,70.5,25487.15,37800.0
WO-001617,2025-07-11,2025-07,2025-W28,Morning,M05,P05,447,410,399,11,430.0,385.15,52.0,56.36,216.24,7.17,19680.0,31.35,62.14,27331.16,40698.0
WO-001618,2025-07-11,2025-07,2025-W28,Afternoon,M05,P06,177,156,150,6,430.0,385.46,125.0,148.25,216.52,7.17,21684.0,31.4,34.56,30293.62,44700.0
WO-001619,2025-07-11,2025-07,2025-W28,Morning,M06,P04,241,228,225,3,430.0,401.87,95.0,105.76,235.21,7.17,22572.0,34.11,12.0,31185.77,47250.0
WO-001620,2025-07-11,2025-07,2025-W28,Afternoon,M06,P05,428,424,416,8,430.0,403.6,52.0,57.11,232.86,7.17,20352.0,33.77,37.59,28219.02,42432.0
WO-001621,2025-07-14,2025-07,2025-W29,Morning,M01,P02,305,284,279,5,430.0,395.85,74.0,83.63,359.16,7.17,16756.0,52.08,73.58,23433.32,35154.0
WO-001622,2025-07-14,2025-07,2025-W29,Afternoon,M01,P01,352,335,330,5,430.0,385.71,62.0,69.08,349.26,7.17,14740.0,50.64,20.21,20758.52,31020.0
WO-001623,2025-07-14,2025-07,2025-W29,Morning,M02,P05,407,380,369,11,430.0,371.42,52.0,58.65,267.69,7.17,18240.0,38.82,107.43,25433.91,37638.0
WO-001624,2025-07-14,2025-07,2025-W29,Afternoon,M02,P01,370,322,316,6,430.0,379.82,62.0,70.77,261.02,7.17,14168.0,37.85,88.29,20033.8,29704.0
WO-001625,2025-07-14,2025-07,2025-W29,Morning,M03,P05,449,424,414,10,430.0,380.54,52.0,53.85,395.1,7.17,20352.0,57.29,12.0,28216.96,42228.0
WO-001626,2025-07-14,2025-07,2025-W29,Afternoon,M03,P05,422,392,383,9,430.0,360.64,52.0,55.2,392.1,7.17,18816.0,56.85,18.25,26142.77,39066.0
WO-001627,2025-07-14,2025-07,2025-W29,Morning,M04,P03,562,424,416,8,430.0,311.87,38.0,44.13,244.09,7.17,11024.0,35.39,150.72,15825.78,23296.0
WO-001628,2025-07-14,2025-07,2025-W29,Afternoon,M04,P04,230,180,175,5,430.0,323.79,95.0,107.93,264.75,7.17,17820.0,38.39,138.44,24884.5,36750.0
WO-001629,2025-07-14,2025-07,2025-W29,Morning,M05,P06,183,159,154,5,430.0,369.22,125.0,139.33,216.72,7.17,22101.0,31.43,27.41,30856.5,45892.0
WO-001630,2025-07-14,2025-07,2025-W29,Afternoon,M05,P05,429,389,381,8,430.0,380.68,52.0,58.72,210.36,7.17,18672.0,30.5,19.62,25922.79,38862.0
WO-001631,2025-07-14,2025-07,2025-W29,Morning,M06,P05,427,444,435,9,430.0,417.1,52.0,56.36,259.37,7.17,21312.0,37.61,114.15,29599.42,44370.0
WO-001632,2025-07-14,2025-07,2025-W29,Afternoon,M06,P06,174,178,171,7,430.0,407.5,125.0,137.36,241.87,7.17,24742.0,35.07,43.69,34486.43,50958.0
WO-001633,2025-07-15,2025-07,2025-W29,Morning,M01,P02,297,274,270,4,430.0,377.97,74.0,82.77,336.8,7.17,16166.0,48.84,32.38,22588.88,34020.0
WO-001634,2025-07-15,2025-07,2025-W29,Afternoon,M01,P01,362,314,307,7,430.0,355.76,62.0,67.98,320.0,7.17,13816.0,46.4,30.73,19504.8,28858.0
WO-001635,2025-07-15,2025-07,2025-W29,Morning,M02,P02,285,279,272,7,430.0,388.48,74.0,83.54,265.72,7.17,16461.0,38.53,48.2,22994.39,34272.0
WO-001636,2025-07-15,2025-07,2025-W29,Afternoon,M02,P01,345,317,313,4,430.0,366.27,62.0,69.33,254.05,7.17,13948.0,36.84,19.09,19663.59,29422.0
WO-001637,2025-07-15,2025-07,2025-W29,Morning,M03,P03,582,577,570,7,430.0,390.81,38.0,40.64,401.06,7.17,15002.0,58.15,79.43,21208.75,31920.0
WO-001638,2025-07-15,2025-07,2025-W29,Afternoon,M03,P05,434,412,399,13,430.0,382.63,52.0,55.72,376.23,7.17,19776.0,54.55,24.69,27446.91,40698.0
WO-001639,2025-07-15,2025-07,2025-W29,Morning,M04,P06,165,130,124,6,430.0,320.43,125.0,147.89,256.71,7.17,18070.0,37.22,61.89,25386.78,36952.0
WO-001640,2025-07-15,2025-07,2025-W29,Afternoon,M04,P03,604,421,412,9,430.0,307.55,38.0,43.83,242.89,7.17,10946.0,35.22,78.28,15646.67,23072.0
WO-001641,2025-07-15,2025-07,2025-W29,Morning,M05,P01,363,347,339,8,430.0,388.72,62.0,67.21,213.39,7.17,15268.0,30.94,45.19,21483.8,31866.0
WO-001642,2025-07-15,2025-07,2025-W29,Afternoon,M05,P04,242,224,217,7,430.0,374.84,95.0,100.4,216.4,7.17,22176.0,31.38,46.67,30681.71,45570.0
WO-001643,2025-07-15,2025-07,2025-W29,Morning,M06,P01,361,363,358,5,430.0,417.1,62.0,68.94,243.19,7.17,15972.0,35.26,61.8,22464.73,33652.0
WO-001644,2025-07-15,2025-07,2025-W29,Afternoon,M06,P01,356,345,337,8,430.0,398.21,62.0,69.25,248.36,7.17,15180.0,36.01,75.79,21399.47,31678.0
WO-001645,2025-07-16,2025-07,2025-W29,Morning,M01,P03,612,578,570,8,430.0,398.93,38.0,41.41,355.0,7.17,15028.0,51.48,14.16,21172.3,31920.0
WO-001646,2025-07-16,2025-07,2025-W29,Afternoon,M01,P01,353,335,330,5,430.0,383.77,62.0,68.74,361.29,7.17,14740.0,52.39,60.48,20800.53,31020.0
WO-001647,2025-07-16,2025-07,2025-W29,Morning,M02,P02,299,261,256,5,430.0,358.91,74.0,82.51,255.76,7.17,15399.0,37.09,12.0,21516.75,32256.0
WO-001648,2025-07-16,2025-07,2025-W29,Afternoon,M02,P01,375,313,308,5,430.0,374.41,62.0,71.77,256.82,7.17,13772.0,37.24,20.9,19425.8,28952.0
WO-001649,2025-07-16,2025-07,2025-W29,Morning,M03,P01,345,372,365,7,430.0,405.69,62.0,65.43,419.17,7.17,16368.0,60.78,13.82,22982.26,34310.0
WO-001650,2025-07-16,2025-07,2025-W29,Afternoon,M03,P01,383,336,330,6,430.0,380.71,62.0,67.98,390.58,7.17,14784.0,56.63,12.0,20816.3,31020.0
WO-001651,2025-07-16,2025-07,2025-W29,Morning,M04,P06,180,138,132,6,430.0,320.92,125.0,139.53,260.9,7.17,19182.0,37.83,202.84,27048.34,39336.0
WO-001652,2025-07-16,2025-07,2025-W29,Afternoon,M04,P04,234,182,177,5,430.0,327.27,95.0,107.89,253.4,7.17,18018.0,36.74,91.85,25104.26,37170.0
WO-001653,2025-07-16,2025-07,2025-W29,Morning,M05,P04,228,217,212,5,430.0,380.43,95.0,105.19,217.74,7.17,21483.0,31.57,57.9,29755.14,44520.0
WO-001654,2025-07-16,2025-07,2025-W29,Afternoon,M05,P05,425,377,367,10,430.0,369.92,52.0,58.87,205.42,7.17,18096.0,29.79,28.81,25151.26,37434.0
WO-001655,2025-07-16,2025-07,2025-W29,Morning,M06,P06,186,185,177,8,430.0,416.04,125.0,134.93,243.88,7.17,25715.0,35.36,52.71,35825.74,52746.0
WO-001656,2025-07-16,2025-07,2025-W29,Afternoon,M06,P04,232,225,219,6,430.0,387.48,95.0,103.33,232.45,7.17,22275.0,33.71,20.37,30791.74,45990.0
WO-001657,2025-07-17,2025-07,2025-W29,Morning,M01,P03,592,551,543,8,430.0,385.03,38.0,41.93,345.35,7.17,14326.0,50.08,49.97,20248.21,30408.0
WO-001658,2025-07-17,2025-07,2025-W29,Afternoon,M01,P02,324,270,265,5,430.0,374.76,74.0,83.28,341.15,7.17,15930.0,49.47,45.4,22282.53,33390.0
WO-001659,2025-07-17,2025-07,2025-W29,Morning,M02,P05,413,402,392,10,430.0,381.08,52.0,56.88,272.89,7.17,19296.0,39.57,76.36,26833.6,39984.0
WO-001660,2025-07-17,2025-07,2025-W29,Afternoon,M02,P01,364,327,320,7,430.0,379.06,62.0,69.55,262.63,7.17,14388.0,38.08,41.86,20287.61,30080.0
WO-001661,2025-07-17,2025-07,2025-W29,Morning,M03,P01,377,382,376,6,430.0,416.92,62.0,65.48,436.93,7.17,16808.0,63.36,25.26,23596.29,35344.0
WO-001662,2025-07-17,2025-07,2025-W29,Afternoon,M03,P05,438,397,385,12,430.0,374.84,52.0,56.65,392.08,7.17,19056.0,56.85,18.76,26468.28,39270.0
WO-001663,2025-07-17,2025-07,2025-W29,Afternoon,M04,P06,189,127,122,5,430.0,308.71,125.0,145.85,248.16,7.17,17653.0,35.98,73.63,24827.28,36356.0
WO-001664,2025-07-17,2025-07,2025-W29,Morning,M05,P01,355,329,324,5,430.0,380.49,62.0,69.39,201.44,7.17,14476.0,29.21,27.79,20384.67,30456.0
WO-001665,2025-07-17,2025-07,2025-W29,Afternoon,M05,P04,232,203,198,5,430.0,365.14,95.0,107.92,205.42,7.17,20097.0,29.79,12.0,27831.45,41580.0
WO-001666,2025-07-17,2025-07,2025-W29,Morning,M06,P01,373,350,345,5,430.0,387.12,62.0,66.36,236.62,7.17,15400.0,34.31,31.32,21653.3,32430.0
WO-001667,2025-07-17,2025-07,2025-W29,Afternoon,M06,P01,374,349,342,7,430.0,389.8,62.0,67.01,235.23,7.17,15356.0,34.11,12.0,21573.77,32148.0
WO-001668,2025-07-18,2025-07,2025-W29,Morning,M01,P02,314,289,284,5,430.0,382.9,74.0,79.49,368.55,7.17,17051.0,53.44,12.0,23773.11,35784.0
WO-001669,2025-07-18,2025-07,2025-W29,Afternoon,M01,P02,304,278,272,6,430.0,385.96,74.0,83.3,344.28,7.17,16402.0,49.92,29.4,22906.99,34272.0
WO-001670,2025-07-18,2025-07,2025-W29,Morning,M02,P02,316,279,273,6,430.0,386.15,74.0,83.04,273.77,7.17,16461.0,39.7,20.66,22968.03,34398.0
WO-001671,2025-07-18,2025-07,2025-W29,Afternoon,M02,P01,354,323,317,6,430.0,374.4,62.0,69.55,256.56,7.17,14212.0,37.2,49.37,20054.24,29798.0
WO-001672,2025-07-18,2025-07,2025-W29,Morning,M03,P03,584,612,602,10,430.0,404.96,38.0,39.7,435.11,7.17,15912.0,63.09,28.53,22405.28,33712.0
WO-001673,2025-07-18,2025-07,2025-W29,Afternoon,M03,P01,356,336,333,3,430.0,390.4,62.0,69.71,396.19,7.17,14784.0,57.45,68.48,20873.59,31302.0
WO-001674,2025-07-18,2025-07,2025-W29,Morning,M04,P03,566,449,441,8,430.0,319.78,38.0,42.73,263.15,7.17,11674.0,38.16,101.57,16666.89,24696.0
WO-001675,2025-07-18,2025-07,2025-W29,Afternoon,M04,P04,240,174,168,6,430.0,324.1,95.0,111.76,257.66,7.17,17226.0,37.36,132.84,24073.87,35280.0
WO-001676,2025-07-18,2025-07,2025-W29,Morning,M05,P06,178,171,164,7,430.0,384.5,125.0,134.91,213.05,7.17,23769.0,30.89,12.0,33120.56,48872.0
WO-001677,2025-07-18,2025-07,2025-W29,Afternoon,M05,P04,257,203,197,6,430.0,370.25,95.0,109.43,210.89,7.17,20097.0,30.58,21.35,27841.6,41370.0
WO-001678,2025-07-18,2025-07,2025-W29,Morning,M06,P04,245,225,220,5,430.0,384.06,95.0,102.42,234.08,7.17,22275.0,33.94,12.0,30783.61,46200.0
WO-001679,2025-07-18,2025-07,2025-W29,Afternoon,M06,P05,405,430,418,12,430.0,400.57,52.0,55.89,243.66,7.17,20640.0,35.33,40.75,28613.75,42636.0
WO-001680,2025-07-21,2025-07,2025-W30,Morning,M01,P02,298,290,286,4,430.0,388.9,74.0,80.46,337.84,7.17,17110.0,48.99,12.55,23849.21,36036.0
WO-001681,2025-07-21,2025-07,2025-W30,Afternoon,M01,P01,374,324,319,5,430.0,367.56,62.0,68.07,337.4,7.17,14256.0,48.92,37.49,20114.08,29986.0
WO-001682,2025-07-21,2025-07,2025-W30,Morning,M02,P05,439,394,382,12,430.0,382.03,52.0,58.18,291.44,7.17,18912.0,42.26,72.03,26311.96,38964.0
WO-001683,2025-07-21,2025-07,2025-W30,Afternoon,M02,P01,363,338,330,8,430.0,376.43,62.0,66.82,269.54,7.17,14872.0,39.08,38.35,20945.1,31020.0
WO-001684,2025-07-21,2025-07,2025-W30,Morning,M03,P05,429,417,408,9,430.0,392.35,52.0,56.45,402.99,7.17,20016.0,58.43,48.0,27799.1,41616.0
WO-001685,2025-07-21,2025-07,2025-W30,Afternoon,M03,P05,431,437,423,14,430.0,394.3,52.0,54.14,416.39,7.17,20976.0,60.38,67.89,29120.93,43146.0
WO-001686,2025-07-21,2025-07,2025-W30,Morning,M04,P04,227,186,182,4,430.0,325.82,95.0,105.1,276.31,7.17,18414.0,40.06,82.19,25633.92,38220.0
WO-001687,2025-07-21,2025-07,2025-W30,Afternoon,M04,P04,227,170,165,5,430.0,326.03,95.0,115.07,255.38,7.17,16830.0,37.03,72.87,23477.56,34650.0
WO-001688,2025-07-21,2025-07,2025-W30,Morning,M05,P04,229,219,216,3,430.0,382.64,95.0,104.83,217.19,7.17,21681.0,31.49,32.2,29997.36,45360.0
WO-001689,2025-07-21,2025-07,2025-W30,Afternoon,M05,P01,369,309,302,7,430.0,356.58,62.0,69.24,191.54,7.17,13596.0,27.77,54.2,19209.64,28388.0
WO-001690,2025-07-21,2025-07,2025-W30,Morning,M06,P05,432,444,434,10,430.0,405.39,52.0,54.78,257.16,7.17,21312.0,37.29,12.0,29496.95,44268.0
WO-001691,2025-07-21,2025-07,2025-W30,Afternoon,M06,P06,179,184,177,7,430.0,416.63,125.0,135.86,253.72,7.17,25576.0,36.79,34.01,35618.47,52746.0
WO-001692,2025-07-22,2025-07,2025-W30,Morning,M01,P03,574,552,544,8,430.0,397.27,38.0,43.18,363.37,7.17,14352.0,52.69,25.01,20261.36,30464.0
WO-001693,2025-07-22,2025-07,2025-W30,Afternoon,M01,P03,582,539,530,9,430.0,375.7,38.0,41.82,341.46,7.17,14014.0,49.51,69.64,19841.31,29680.0
WO-001694,2025-07-22,2025-07,2025-W30,Morning,M02,P05,433,382,374,8,430.0,364.47,52.0,57.25,242.07,7.17,18336.0,35.1,24.48,25477.25,38148.0
WO-001695,2025-07-22,2025-07,2025-W30,Afternoon,M02,P05,426,366,356,10,430.0,359.19,52.0,58.88,253.53,7.17,17568.0,36.76,27.11,24441.54,36312.0
WO-001696,2025-07-22,2025-07,2025-W30,Morning,M03,P05,424,405,395,10,430.0,381.84,52.0,56.57,373.86,7.17,19440.0,54.21,75.27,27042.15,40290.0
WO-001697,2025-07-22,2025-07,2025-W30,Afternoon,M03,P01,358,333,328,5,430.0,372.42,62.0,67.1,395.61,7.17,14652.0,57.36,12.0,20637.03,30832.0
WO-001698,2025-07-22,2025-07,2025-W30,Morning,M04,P06,175,131,125,6,430.0,316.48,125.0,144.95,257.3,7.17,18209.0,37.31,56.52,25571.49,37250.0
WO-001699,2025-07-22,2025-07,2025-W30,Afternoon,M04,P04,240,182,175,7,430.0,325.14,95.0,107.19,251.0,7.17,18018.0,36.39,57.7,25069.76,36750.0
WO-001700,2025-07-22,2025-07,2025-W30,Morning,M05,P04,227,240,237,3,430.0,406.91,95.0,101.73,238.43,7.17,23760.0,34.57,80.23,32862.47,49770.0
WO-001701,2025-07-22,2025-07,2025-W30,Afternoon,M05,P06,183,156,150,6,430.0,373.05,125.0,143.48,203.75,7.17,21684.0,29.54,25.85,30283.06,44700.0
WO-001702,2025-07-22,2025-07,2025-W30,Morning,M06,P01,365,366,359,7,430.0,406.44,62.0,66.63,243.88,7.17,16104.0,35.36,45.13,22628.16,33746.0
WO-001703,2025-07-22,2025-07,2025-W30,Afternoon,M06,P06,176,164,158,6,430.0,373.42,125.0,136.62,227.9,7.17,22796.0,33.05,30.29,31811.0,47084.0
WO-001704,2025-07-23,2025-07,2025-W30,Morning,M01,P02,303,282,276,6,430.0,382.28,74.0,81.34,364.96,7.17,16638.0,52.92,14.28,23214.87,34776.0
WO-001705,2025-07-23,2025-07,2025-W30,Afternoon,M01,P02,294,280,272,8,430.0,369.87,74.0,79.26,326.16,7.17,16520.0,47.29,12.0,23046.96,34272.0
WO-001706,2025-07-23,2025-07,2025-W30,Morning,M02,P02,293,268,264,4,430.0,370.58,74.0,82.97,267.72,7.17,15812.0,38.82,37.19,22103.68,33264.0
WO-001707,2025-07-23,2025-07,2025-W30,Afternoon,M02,P02,297,245,239,6,430.0,352.25,74.0,86.26,236.39,7.17,14455.0,34.28,41.02,20262.97,30114.0
WO-001708,2025-07-23,2025-07,2025-W30,Morning,M03,P05,431,428,416,12,430.0,398.87,52.0,55.92,406.31,7.17,20544.0,58.91,23.32,28489.9,42432.0
WO-001709,2025-07-23,2025-07,2025-W30,Afternoon,M03,P03,594,583,578,5,430.0,405.28,38.0,41.71,408.69,7.17,15158.0,59.26,15.37,21358.8,32368.0
WO-001710,2025-07-23,2025-07,2025-W30,Morning,M04,P06,172,129,124,5,430.0,319.26,125.0,148.49,257.39,7.17,17931.0,37.32,79.35,25214.34,36952.0
WO-001711,2025-07-23,2025-07,2025-W30,Afternoon,M04,P06,174,124,118,6,430.0,297.89,125.0,144.14,232.31,7.17,17236.0,33.69,93.12,24274.47,35164.0
WO-001712,2025-07-23,2025-07,2025-W30,Morning,M05,P06,185,161,155,6,430.0,371.37,125.0,138.4,216.69,7.17,22379.0,31.42,22.47,31231.56,46190.0
WO-001713,2025-07-23,2025-07,2025-W30,Afternoon,M05,P05,432,405,395,10,430.0,383.03,52.0,56.74,210.39,7.17,19440.0,30.51,37.65,26980.82,40290.0
WO-001714,2025-07-23,2025-07,2025-W30,Morning,M06,P01,375,382,378,4,430.0,416.41,62.0,65.41,254.99,7.17,16808.0,36.97,72.62,23617.26,35532.0
WO-001715,2025-07-23,2025-07,2025-W30,Afternoon,M06,P06,186,175,170,5,430.0,374.81,125.0,128.5,225.78,7.17,24325.0,32.74,12.0,33882.4,50660.0
WO-001716,2025-07-24,2025-07,2025-W30,Morning,M01,P01,371,351,345,6,430.0,396.35,62.0,67.75,354.99,7.17,15444.0,51.47,29.15,21728.29,32430.0
WO-001717,2025-07-24,2025-07,2025-W30,Afternoon,M01,P01,338,344,339,5,430.0,385.25,62.0,67.19,364.23,7.17,15136.0,52.81,19.78,21300.26,31866.0
WO-001718,2025-07-24,2025-07,2025-W30,Morning,M02,P02,298,261,255,6,430.0,353.82,74.0,81.34,237.87,7.17,15399.0,34.49,27.38,21529.54,32130.0
WO-001719,2025-07-24,2025-07,2025-W30,Afternoon,M02,P02,302,274,269,5,430.0,373.51,74.0,81.79,261.04,7.17,16166.0,37.85,44.03,22589.55,33894.0
WO-001720,2025-07-24,2025-07,2025-W30,Morning,M03,P03,582,552,543,9,430.0,373.99,38.0,40.65,381.76,7.17,14352.0,55.36,12.0,20251.02,30408.0
WO-001721,2025-07-24,2025-07,2025-W30,Afternoon,M03,P05,444,399,389,10,430.0,368.34,52.0,55.39,387.54,7.17,19152.0,56.19,27.15,26606.01,39678.0
WO-001722,2025-07-24,2025-07,2025-W30,Morning,M04,P04,228,175,170,5,430.0,319.5,95.0,109.54,249.72,7.17,17325.0,36.21,62.17,24136.05,35700.0
WO-001723,2025-07-24,2025-07,2025-W30,Afternoon,M04,P06,172,134,127,7,430.0,317.08,125.0,141.98,243.7,7.17,18626.0,35.34,95.57,26178.58,37846.0
WO-001724,2025-07-24,2025-07,2025-W30,Morning,M05,P04,226,212,207,5,430.0,376.27,95.0,106.49,208.76,7.17,20988.0,30.27,57.47,29083.41,43470.0
WO-001725,2025-07-24,2025-07,2025-W30,Afternoon,M05,P05,428,367,357,10,430.0,361.47,52.0,59.1,209.67,7.17,17616.0,30.4,37.14,24510.21,36414.0
WO-001726,2025-07-24,2025-07,2025-W30,Morning,M06,P01,355,347,345,2,430.0,389.53,62.0,67.35,233.46,7.17,15268.0,33.85,18.61,21460.13,32430.0
WO-001727,2025-07-24,2025-07,2025-W30,Afternoon,M06,P06,177,170,163,7,430.0,391.32,125.0,138.11,232.4,7.17,23630.0,33.7,50.62,32971.98,48574.0
WO-001728,2025-07-25,2025-07,2025-W30,Morning,M01,P02,287,280,274,6,430.0,378.58,74.0,81.12,341.07,7.17,16520.0,49.46,13.53,23050.65,34524.0
WO-001729,2025-07-25,2025-07,2025-W30,Afternoon,M01,P01,369,337,332,5,430.0,378.99,62.0,67.48,348.55,7.17,14828.0,50.54,58.43,20916.64,31208.0
WO-001730,2025-07-25,2025-07,2025-W30,Morning,M02,P05,414,405,395,10,430.0,385.44,52.0,57.1,278.13,7.17,19440.0,40.33,24.13,26977.12,40290.0
WO-001731,2025-07-25,2025-07,2025-W30,Afternoon,M02,P05,454,377,367,10,430.0,374.79,52.0,59.65,258.08,7.17,18096.0,37.42,87.73,25217.82,37434.0
WO-001732,2025-07-25,2025-07,2025-W30,Morning,M03,P01,352,346,340,6,430.0,387.95,62.0,67.27,409.85,7.17,15224.0,59.43,35.36,21442.46,31960.0
WO-001733,2025-07-25,2025-07,2025-W30,Afternoon,M03,P01,375,349,342,7,430.0,388.54,62.0,66.8,412.79,7.17,15356.0,59.85,144.87,21732.39,32148.0
WO-001734,2025-07-25,2025-07,2025-W30,Morning,M04,P04,229,185,178,7,430.0,323.63,95.0,104.96,260.05,7.17,18315.0,37.71,81.98,25497.36,37380.0
WO-001735,2025-07-25,2025-07,2025-W30,Afternoon,M04,P04,242,174,168,6,430.0,319.13,95.0,110.05,253.29,7.17,17226.0,36.73,63.95,24004.35,35280.0
WO-001736,2025-07-25,2025-07,2025-W30,Morning,M05,P05,411,405,396,9,430.0,380.24,52.0,56.33,217.19,7.17,19440.0,31.49,52.27,26996.43,40392.0
WO-001737,2025-07-25,2025-07,2025-W30,Afternoon,M05,P04,237,205,202,3,430.0,378.33,95.0,110.73,211.27,7.17,20295.0,30.63,30.11,28118.41,42420.0
WO-001738,2025-07-25,2025-07,2025-W30,Morning,M06,P01,329,368,363,5,430.0,409.9,62.0,66.83,258.3,7.17,16192.0,37.45,128.32,22833.44,34122.0
WO-001739,2025-07-25,2025-07,2025-W30,Afternoon,M06,P05,424,403,393,10,430.0,391.18,52.0,58.24,247.99,7.17,19344.0,35.96,35.72,26854.34,40086.0
WO-001740,2025-07-28,2025-07,2025-W31,Morning,M01,P01,381,342,337,5,430.0,387.79,62.0,68.03,346.55,7.17,15048.0,50.25,33.19,21191.1,31678.0
WO-001741,2025-07-28,2025-07,2025-W31,Afternoon,M01,P01,363,323,319,4,430.0,368.83,62.0,68.51,336.75,7.17,14212.0,48.83,28.31,20044.81,29986.0
WO-001742,2025-07-28,2025-07,2025-W31,Morning,M02,P02,293,281,273,8,430.0,388.88,74.0,83.03,268.23,7.17,16579.0,38.89,72.97,23179.53,34398.0
WO-001743,2025-07-28,2025-07,2025-W31,Afternoon,M02,P01,362,329,325,4,430.0,378.98,62.0,69.12,247.89,7.17,14476.0,35.94,26.76,20390.37,30550.0
WO-001744,2025-07-28,2025-07,2025-W31,Morning,M03,P03,568,528,521,7,430.0,376.62,38.0,42.8,405.91,7.17,13728.0,58.86,27.45,19417.97,29176.0
WO-001745,2025-07-28,2025-07,2025-W31,Afternoon,M03,P05,409,409,400,9,430.0,378.29,52.0,55.5,413.14,7.17,19632.0,59.91,21.79,27254.36,40800.0
WO-001746,2025-07-28,2025-07,2025-W31,Morning,M04,P04,231,170,165,5,430.0,324.7,95.0,114.6,254.48,7.17,16830.0,36.9,80.92,23485.48,34650.0
WO-001747,2025-07-28,2025-07,2025-W31,Afternoon,M04,P04,230,171,166,5,430.0,318.41,95.0,111.72,254.12,7.17,16929.0,36.85,94.75,23633.26,34860.0
WO-001748,2025-07-28,2025-07,2025-W31,Morning,M05,P06,168,169,164,5,430.0,376.89,125.0,133.81,208.53,7.17,23491.0,30.24,21.88,32749.78,48872.0
WO-001749,2025-07-28,2025-07,2025-W31,Afternoon,M05,P04,228,212,208,4,430.0,376.63,95.0,106.59,203.52,7.17,20988.0,29.51,21.76,29046.94,43680.0
WO-001750,2025-07-28,2025-07,2025-W31,Morning,M06,P04,236,230,227,3,430.0,389.99,95.0,101.74,231.53,7.17,22770.0,33.57,82.59,31523.83,47670.0
WO-001751,2025-07-28,2025-07,2025-W31,Afternoon,M06,P06,191,178,171,7,430.0,402.61,125.0,135.71,236.02,7.17,24742.0,34.22,130.21,34572.1,50958.0
WO-001752,2025-07-29,2025-07,2025-W31,Morning,M01,P01,354,352,348,4,430.0,390.02,62.0,66.48,345.69,7.17,15488.0,50.13,16.1,21773.89,32712.0
WO-001753,2025-07-29,2025-07,2025-W31,Afternoon,M01,P02,293,294,288,6,430.0,388.78,74.0,79.34,358.37,7.17,17346.0,51.96,16.41,24176.04,36288.0
WO-001754,2025-07-29,2025-07,2025-W31,Morning,M02,P01,359,318,314,4,430.0,364.92,62.0,68.85,275.67,7.17,13992.0,39.97,34.11,19741.75,29516.0
WO-001755,2025-07-29,2025-07,2025-W31,Afternoon,M02,P02,301,256,250,6,430.0,350.97,74.0,82.26,245.43,7.17,15104.0,35.59,28.22,21131.47,31500.0
WO-001756,2025-07-29,2025-07,2025-W31,Morning,M03,P03,601,537,533,4,430.0,374.38,38.0,41.83,383.86,7.17,13962.0,55.66,34.67,19741.49,29848.0
WO-001757,2025-07-29,2025-07,2025-W31,Afternoon,M03,P01,362,349,343,6,430.0,382.58,62.0,65.77,410.56,7.17,15356.0,59.53,34.44,21621.64,32242.0
WO-001758,2025-07-29,2025-07,2025-W31,Morning,M04,P04,235,187,182,5,430.0,340.37,95.0,109.21,266.24,7.17,18513.0,38.6,111.92,25796.2,38220.0
WO-001759,2025-07-29,2025-07,2025-W31,Afternoon,M04,P03,616,445,433,12,430.0,314.27,38.0,42.37,250.88,7.17,11570.0,36.38,130.55,16552.09,24248.0
WO-001760,2025-07-29,2025-07,2025-W31,Morning,M05,P06,177,166,161,5,430.0,380.07,125.0,137.38,208.91,7.17,23074.0,30.29,19.22,32177.18,47978.0
WO-001761,2025-07-29,2025-07,2025-W31,Afternoon,M05,P06,174,158,152,6,430.0,370.84,125.0,140.83,207.08,7.17,21962.0,30.03,57.3,30694.99,45296.0
WO-001762,2025-07-29,2025-07,2025-W31,Morning,M06,P04,228,228,222,6,430.0,393.48,95.0,103.55,239.05,7.17,22572.0,34.66,29.14,31203.47,46620.0
WO-001763,2025-07-29,2025-07,2025-W31,Afternoon,M06,P06,185,171,164,7,430.0,392.06,125.0,137.57,235.07,7.17,23769.0,34.08,61.27,33173.02,48872.0
WO-001764,2025-07-30,2025-07,2025-W31,Morning,M01,P02,306,274,269,5,430.0,382.6,74.0,83.78,357.74,7.17,16166.0,51.87,12.0,22571.54,33894.0
WO-001765,2025-07-30,2025-07,2025-W31,Afternoon,M01,P03,590,519,513,6,430.0,362.4,38.0,41.9,334.91,7.17,13494.0,48.56,12.9,19073.63,28728.0
WO-001766,2025-07-30,2025-07,2025-W31,Morning,M02,P02,303,273,269,4,430.0,386.48,74.0,84.94,274.77,7.17,16107.0,39.84,19.31,22486.82,33894.0
WO-001767,2025-07-30,2025-07,2025-W31,Afternoon,M02,P02,285,270,263,7,430.0,380.2,74.0,84.49,266.2,7.17,15930.0,38.6,34.38,22260.65,33138.0
WO-001768,2025-07-30,2025-07,2025-W31,Morning,M03,P05,433,409,399,10,430.0,383.94,52.0,56.32,402.22,7.17,19632.0,58.32,33.63,27264.62,40698.0
WO-001769,2025-07-30,2025-07,2025-W31,Afternoon,M03,P03,581,531,521,10,430.0,371.44,38.0,41.97,384.67,7.17,13806.0,55.78,59.04,19552.99,29176.0
WO-001770,2025-07-30,2025-07,2025-W31,Morning,M04,P03,594,444,432,12,430.0,322.96,38.0,43.64,253.0,7.17,11544.0,36.68,84.45,16470.8,24192.0
WO-001771,2025-07-30,2025-07,2025-W31,Afternoon,M04,P03,588,472,460,12,430.0,329.93,38.0,41.94,264.99,7.17,12272.0,38.42,106.83,17488.92,25760.0
WO-001772,2025-07-30,2025-07,2025-W31,Morning,M05,P04,228,205,199,6,430.0,369.39,95.0,108.11,194.29,7.17,20295.0,28.17,22.17,28108.01,41790.0
WO-001773,2025-07-30,2025-07,2025-W31,Afternoon,M05,P06,173,152,147,5,430.0,361.11,125.0,142.54,193.57,7.17,21128.0,28.07,12.0,29507.73,43806.0
WO-001774,2025-07-30,2025-07,2025-W31,Morning,M06,P04,249,238,232,6,430.0,403.63,95.0,101.76,243.92,7.17,23562.0,35.37,23.2,32538.23,48720.0
WO-001775,2025-07-30,2025-07,2025-W31,Afternoon,M06,P01,349,370,362,8,430.0,410.79,62.0,66.61,241.74,7.17,16280.0,35.05,28.12,22850.84,34028.0
WO-001776,2025-07-31,2025-07,2025-W31,Morning,M01,P01,357,356,350,6,430.0,388.34,62.0,65.45,352.11,7.17,15664.0,51.06,59.39,22058.12,32900.0
WO-001777,2025-07-31,2025-07,2025-W31,Afternoon,M01,P03,587,508,500,8,430.0,363.45,38.0,42.93,339.95,7.17,13208.0,49.29,12.0,18682.96,28000.0
WO-001778,2025-07-31,2025-07,2025-W31,Morning,M02,P01,366,351,346,5,430.0,383.82,62.0,65.61,284.4,7.17,15444.0,41.24,18.02,21706.93,32524.0
WO-001779,2025-07-31,2025-07,2025-W31,Afternoon,M02,P01,347,300,295,5,430.0,358.63,62.0,71.73,255.57,7.17,13200.0,37.06,26.63,18651.35,27730.0
WO-001780,2025-07-31,2025-07,2025-W31,Morning,M03,P03,599,593,585,8,430.0,398.12,38.0,40.28,415.96,7.17,15418.0,60.31,45.34,21744.82,32760.0
WO-001781,2025-07-31,2025-07,2025-W31,Afternoon,M03,P03,573,536,528,8,430.0,373.65,38.0,41.83,370.3,7.17,13936.0,53.69,51.21,19720.57,29568.0
WO-001782,2025-07-31,2025-07,2025-W31,Morning,M04,P06,188,140,134,6,430.0,327.74,125.0,140.46,266.29,7.17,19460.0,38.61,60.95,27287.23,39932.0
WO-001783,2025-07-31,2025-07,2025-W31,Morning,M05,P05,430,389,379,10,430.0,368.69,52.0,56.87,206.84,7.17,18672.0,29.99,41.85,25944.51,38658.0
WO-001784,2025-07-31,2025-07,2025-W31,Afternoon,M05,P06,171,162,156,6,430.0,378.88,125.0,140.33,221.34,7.17,22518.0,32.09,43.91,31443.67,46488.0
WO-001785,2025-07-31,2025-07,2025-W31,Morning,M06,P05,458,398,388,10,430.0,379.77,52.0,57.25,225.33,7.17,19104.0,32.67,13.08,26503.42,39576.0
WO-001786,2025-07-31,2025-07,2025-W31,Afternoon,M06,P04,242,245,240,5,430.0,410.93,95.0,100.64,251.46,7.17,24255.0,36.46,37.33,33491.46,50400.0
WO-001787,2025-08-01,2025-08,2025-W31,Morning,M01,P03,483,535,529,6,430.0,375.75,38.0,42.14,351.01,7.17,13910.0,50.9,12.0,19643.06,29624.0
WO-001788,2025-08-01,2025-08,2025-W31,Afternoon,M01,P01,305,349,343,6,430.0,391.51,62.0,67.31,363.25,7.17,15356.0,52.67,28.98,21609.32,32242.0
WO-001789,2025-08-01,2025-08,2025-W31,Morning,M02,P05,343,391,381,10,430.0,374.38,52.0,57.45,261.76,7.17,18768.0,37.96,12.0,26052.62,38862.0
WO-001790,2025-08-01,2025-08,2025-W31,Afternoon,M02,P01,304,314,308,6,430.0,373.13,62.0,71.3,270.31,7.17,13816.0,39.2,61.04,19527.91,28952.0
WO-001791,2025-08-01,2025-08,2025-W31,Morning,M03,P05,343,438,426,12,430.0,411.95,52.0,56.43,425.46,7.17,21024.0,61.69,36.1,29155.45,43452.0
WO-001792,2025-08-01,2025-08,2025-W31,Morning,M04,P04,207,186,180,6,430.0,334.5,95.0,107.9,277.17,7.17,18414.0,40.19,55.65,25607.51,37800.0
WO-001793,2025-08-01,2025-08,2025-W31,Afternoon,M04,P04,202,171,166,5,430.0,315.21,95.0,110.6,243.02,7.17,16929.0,35.24,61.21,23598.12,34860.0
WO-001794,2025-08-01,2025-08,2025-W31,Morning,M05,P01,303,328,323,5,430.0,377.2,62.0,69.0,202.36,7.17,14432.0,29.34,46.18,20343.19,30362.0
WO-001795,2025-08-01,2025-08,2025-W31,Afternoon,M05,P06,147,150,145,5,430.0,350.28,125.0,140.11,197.66,7.17,20850.0,28.66,48.1,29164.42,43210.0
WO-001796,2025-08-01,2025-08,2025-W31,Afternoon,M06,P01,297,327,323,4,430.0,379.95,62.0,69.72,219.89,7.17,14388.0,31.88,19.34,20258.89,30362.0
WO-001797,2025-08-04,2025-08,2025-W32,Morning,M01,P01,313,335,330,5,430.0,382.7,62.0,68.54,367.44,7.17,14740.0,53.28,51.97,20792.92,31020.0
WO-001798,2025-08-04,2025-08,2025-W32,Afternoon,M01,P03,485,534,526,8,430.0,381.05,38.0,42.82,343.31,7.17,13884.0,49.78,32.36,19626.8,29456.0
WO-001799,2025-08-04,2025-08,2025-W32,Morning,M02,P01,320,351,344,7,430.0,386.14,62.0,66.01,279.01,7.17,15444.0,40.46,87.22,21775.34,32336.0
WO-001800,2025-08-04,2025-08,2025-W32,Afternoon,M02,P01,327,312,307,5,430.0,355.05,62.0,68.28,243.17,7.17,13728.0,35.26,12.0,19354.93,28858.0
WO-001801,2025-08-04,2025-08,2025-W32,Morning,M03,P01,298,345,342,3,430.0,395.76,62.0,68.83,378.13,7.17,15180.0,54.83,20.22,21362.71,32148.0
WO-001802,2025-08-04,2025-08,2025-W32,Afternoon,M03,P05,377,422,409,13,430.0,404.78,52.0,57.55,432.01,7.17,20256.0,62.64,109.0,28189.3,41718.0
WO-001803,2025-08-04,2025-08,2025-W32,Morning,M04,P06,153,138,132,6,430.0,329.85,125.0,143.41,259.56,7.17,19182.0,37.64,73.36,26918.66,39336.0
WO-001804,2025-08-04,2025-08,2025-W32,Afternoon,M04,P06,151,136,129,7,430.0,321.29,125.0,141.75,255.3,7.17,18904.0,37.02,59.65,26524.33,38442.0
WO-001805,2025-08-04,2025-08,2025-W32,Morning,M05,P06,146,169,163,6,430.0,390.23,125.0,138.54,213.3,7.17,23491.0,30.93,57.22,32785.82,48574.0
WO-001806,2025-08-04,2025-08,2025-W32,Morning,M06,P06,157,185,178,7,430.0,409.82,125.0,132.91,259.52,7.17,25715.0,37.63,12.0,35787.3,53044.0
WO-001807,2025-08-04,2025-08,2025-W32,Afternoon,M06,P06,153,176,169,7,430.0,401.76,125.0,136.96,235.26,7.17,24464.0,34.11,53.05,34114.83,50362.0
WO-001808,2025-08-05,2025-08,2025-W32,Morning,M01,P03,516,550,545,5,430.0,369.94,38.0,40.36,343.48,7.17,14300.0,49.8,12.0,20174.47,30520.0
WO-001809,2025-08-05,2025-08,2025-W32,Afternoon,M01,P02,263,272,266,6,430.0,372.13,74.0,82.09,360.6,7.17,16048.0,52.29,29.9,22429.85,33516.0
WO-001810,2025-08-05,2025-08,2025-W32,Morning,M02,P01,317,330,327,3,430.0,384.58,62.0,69.92,271.61,7.17,14520.0,39.38,24.07,20451.12,30738.0
WO-001811,2025-08-05,2025-08,2025-W32,Afternoon,M02,P05,368,351,343,8,430.0,348.65,52.0,59.6,236.61,7.17,16848.0,34.31,82.86,23519.84,34986.0
WO-001812,2025-08-05,2025-08,2025-W32,Morning,M03,P01,309,346,341,5,430.0,389.31,62.0,67.51,405.81,7.17,15224.0,58.84,12.0,21418.51,32054.0
WO-001813,2025-08-05,2025-08,2025-W32,Afternoon,M03,P03,495,530,522,8,430.0,365.48,38.0,41.37,385.91,7.17,13780.0,55.96,45.07,19503.7,29232.0
WO-001814,2025-08-05,2025-08,2025-W32,Afternoon,M04,P03,513,407,398,9,430.0,298.89,38.0,44.06,239.69,7.17,10582.0,34.75,63.97,15134.89,22288.0
WO-001815,2025-08-05,2025-08,2025-W32,Morning,M05,P06,146,175,169,6,430.0,391.13,125.0,134.1,208.32,7.17,24325.0,30.21,55.66,33923.53,50362.0
WO-001816,2025-08-05,2025-08,2025-W32,Afternoon,M05,P01,304,321,314,7,430.0,369.16,62.0,69.0,202.19,7.17,14124.0,29.32,46.19,19923.18,29516.0
WO-001817,2025-08-05,2025-08,2025-W32,Morning,M06,P05,350,437,426,11,430.0,417.1,52.0,57.27,238.99,7.17,20976.0,34.65,13.88,29041.2,43452.0
WO-001818,2025-08-05,2025-08,2025-W32,Afternoon,M06,P01,304,343,338,5,430.0,401.68,62.0,70.26,247.54,7.17,15092.0,35.89,21.46,21225.02,31772.0
WO-001819,2025-08-06,2025-08,2025-W32,Morning,M01,P02,241,286,280,6,430.0,386.89,74.0,81.17,348.81,7.17,16874.0,50.58,55.81,23574.05,35280.0
WO-001820,2025-08-06,2025-08,2025-W32,Afternoon,M01,P01,316,324,317,7,430.0,363.92,62.0,67.39,324.82,7.17,14256.0,47.1,19.62,20094.38,29798.0
WO-001821,2025-08-06,2025-08,2025-W32,Morning,M02,P02,252,286,278,8,430.0,376.44,74.0,78.97,256.46,7.17,16874.0,37.19,12.0,23516.85,35028.0
WO-001822,2025-08-06,2025-08,2025-W32,Afternoon,M02,P01,315,307,303,4,430.0,364.06,62.0,71.15,262.99,7.17,13508.0,38.13,118.11,19163.91,28482.0
WO-001823,2025-08-06,2025-08,2025-W32,Morning,M03,P05,362,426,417,9,430.0,391.55,52.0,55.15,406.43,7.17,20448.0,58.93,44.31,28380.91,42534.0
WO-001824,2025-08-06,2025-08,2025-W32,Afternoon,M03,P05,387,412,403,9,430.0,387.5,52.0,56.43,392.05,7.17,19776.0,56.85,53.99,27478.51,41106.0
WO-001825,2025-08-06,2025-08,2025-W32,Morning,M04,P04,197,182,177,5,430.0,336.55,95.0,110.95,260.63,7.17,18018.0,37.79,117.85,25131.31,37170.0
WO-001826,2025-08-06,2025-08,2025-W32,Afternoon,M04,P06,151,137,130,7,430.0,320.73,125.0,140.47,268.46,7.17,19043.0,38.93,76.04,26732.63,38740.0
WO-001827,2025-08-06,2025-08,2025-W32,Morning,M05,P05,351,392,382,10,430.0,371.94,52.0,56.93,214.08,7.17,18816.0,31.04,33.23,26131.94,38964.0
WO-001828,2025-08-06,2025-08,2025-W32,Afternoon,M05,P06,157,161,156,5,430.0,371.28,125.0,138.37,206.45,7.17,22379.0,29.94,75.41,31283.02,46488.0
WO-001829,2025-08-06,2025-08,2025-W32,Morning,M06,P04,210,241,237,4,430.0,417.1,95.0,103.84,261.54,7.17,23859.0,37.92,41.43,32961.02,49770.0
WO-001830,2025-08-07,2025-08,2025-W32,Afternoon,M01,P01,317,340,334,6,430.0,382.61,62.0,67.52,343.87,7.17,14960.0,49.86,51.67,21089.2,31396.0
WO-001831,2025-08-07,2025-08,2025-W32,Morning,M02,P05,394,370,364,6,430.0,357.32,52.0,57.94,257.56,7.17,17760.0,37.35,101.73,24776.75,37128.0
WO-001832,2025-08-07,2025-08,2025-W32,Afternoon,M02,P01,305,326,320,6,430.0,375.41,62.0,69.09,258.44,7.17,14344.0,37.47,77.95,20263.1,30080.0
WO-001833,2025-08-07,2025-08,2025-W32,Morning,M03,P03,491,568,563,5,430.0,380.33,38.0,40.18,392.12,7.17,14768.0,56.86,40.08,20848.61,31528.0
WO-001834,2025-08-07,2025-08,2025-W32,Afternoon,M03,P01,304,338,334,4,430.0,391.21,62.0,69.44,394.87,7.17,14872.0,57.26,12.0,20936.92,31396.0
WO-001835,2025-08-07,2025-08,2025-W32,Morning,M04,P04,199,180,175,5,430.0,324.82,95.0,108.27,272.68,7.17,17820.0,39.54,68.74,24815.95,36750.0
WO-001836,2025-08-07,2025-08,2025-W32,Afternoon,M04,P03,491,456,447,9,430.0,329.79,38.0,43.39,283.17,7.17,11856.0,41.06,82.54,16899.27,25032.0
WO-001837,2025-08-07,2025-08,2025-W32,Morning,M05,P04,195,215,209,6,430.0,382.83,95.0,106.84,213.41,7.17,21285.0,30.95,22.53,29451.14,43890.0
WO-001838,2025-08-07,2025-08,2025-W32,Afternoon,M05,P05,384,379,368,11,430.0,358.65,52.0,56.78,195.47,7.17,18192.0,28.34,42.54,25293.55,37536.0
WO-001839,2025-08-07,2025-08,2025-W32,Morning,M06,P04,186,229,226,3,430.0,386.63,95.0,101.3,225.46,7.17,22671.0,32.69,29.86,31336.22,47460.0
WO-001840,2025-08-07,2025-08,2025-W32,Afternoon,M06,P06,156,163,157,6,430.0,385.48,125.0,141.89,241.01,7.17,22657.0,34.95,46.01,31638.62,46786.0
WO-001841,2025-08-08,2025-08,2025-W32,Morning,M01,P03,505,585,582,3,430.0,394.1,38.0,40.42,349.23,7.17,15210.0,50.64,31.44,21437.25,32592.0
WO-001842,2025-08-08,2025-08,2025-W32,Afternoon,M01,P02,262,267,260,7,430.0,370.98,74.0,83.37,340.83,7.17,15753.0,49.42,43.06,22040.15,32760.0
WO-001843,2025-08-08,2025-08,2025-W32,Morning,M02,P05,359,408,397,11,430.0,382.65,52.0,56.27,283.53,7.17,19584.0,41.11,73.64,27222.41,40494.0
WO-001844,2025-08-08,2025-08,2025-W32,Morning,M03,P05,354,414,403,11,430.0,381.65,52.0,55.31,392.84,7.17,19872.0,56.96,154.4,27709.02,41106.0
WO-001845,2025-08-08,2025-08,2025-W32,Afternoon,M03,P01,309,323,318,5,430.0,370.11,62.0,68.75,391.68,7.17,14212.0,56.79,12.0,20036.46,29892.0
WO-001846,2025-08-08,2025-08,2025-W32,Morning,M04,P06,148,131,125,6,430.0,309.32,125.0,141.67,242.44,7.17,18209.0,35.15,70.04,25582.86,37250.0
WO-001847,2025-08-08,2025-08,2025-W32,Morning,M05,P01,306,335,331,4,430.0,383.71,62.0,68.72,206.56,7.17,14740.0,29.95,40.09,20757.71,31114.0
WO-001848,2025-08-08,2025-08,2025-W32,Afternoon,M05,P05,375,384,377,7,430.0,376.76,52.0,58.87,211.99,7.17,18432.0,30.74,27.76,25606.16,38454.0
WO-001849,2025-08-08,2025-08,2025-W32,Morning,M06,P04,198,230,225,5,430.0,408.3,95.0,106.51,246.14,7.17,22770.0,35.69,28.11,31471.47,47250.0
WO-001850,2025-08-08,2025-08,2025-W32,Afternoon,M06,P01,296,351,344,7,430.0,407.03,62.0,69.58,240.64,7.17,15444.0,34.89,63.74,21746.3,32336.0
WO-001851,2025-08-11,2025-08,2025-W33,Morning,M01,P03,514,574,568,6,430.0,386.96,38.0,40.45,342.08,7.17,14924.0,49.6,23.56,21037.83,31808.0
WO-001852,2025-08-11,2025-08,2025-W33,Morning,M02,P05,372,380,371,9,430.0,372.47,52.0,58.81,271.13,7.17,18240.0,39.31,14.73,25341.71,37842.0
WO-001853,2025-08-11,2025-08,2025-W33,Afternoon,M02,P02,246,269,262,7,430.0,361.38,74.0,80.61,244.16,7.17,15871.0,35.4,12.0,22155.07,33012.0
WO-001854,2025-08-11,2025-08,2025-W33,Morning,M03,P05,377,393,385,8,430.0,375.37,52.0,57.31,379.51,7.17,18864.0,55.03,41.03,26228.72,39270.0
WO-001855,2025-08-11,2025-08,2025-W33,Afternoon,M03,P05,382,387,378,9,430.0,371.51,52.0,57.6,391.04,7.17,18576.0,56.7,17.52,25816.89,38556.0
WO-001856,2025-08-11,2025-08,2025-W33,Morning,M04,P04,201,179,174,5,430.0,329.73,95.0,110.52,265.93,7.17,17721.0,38.56,157.79,24770.01,36540.0
WO-001857,2025-08-11,2025-08,2025-W33,Afternoon,M04,P06,146,139,133,6,430.0,337.56,125.0,145.71,267.42,7.17,19321.0,38.78,90.63,27127.07,39634.0
WO-001858,2025-08-11,2025-08,2025-W33,Morning,M05,P05,361,385,375,10,430.0,372.54,52.0,58.06,217.37,7.17,18480.0,31.52,28.49,25672.67,38250.0
WO-001859,2025-08-11,2025-08,2025-W33,Afternoon,M05,P01,316,326,320,6,430.0,371.67,62.0,68.41,214.09,7.17,14344.0,31.04,202.57,20381.28,30080.0
WO-001860,2025-08-11,2025-08,2025-W33,Morning,M06,P01,307,352,347,5,430.0,405.52,62.0,69.12,246.91,7.17,15488.0,35.8,87.86,21831.33,32618.0
WO-001861,2025-08-11,2025-08,2025-W33,Afternoon,M06,P05,355,413,401,12,430.0,389.74,52.0,56.62,240.16,7.17,19824.0,34.82,92.89,27560.38,40902.0
WO-001862,2025-08-12,2025-08,2025-W33,Morning,M01,P03,504,533,531,2,430.0,390.91,38.0,44.01,346.01,7.17,13858.0,50.17,26.84,19586.18,29736.0
WO-001863,2025-08-12,2025-08,2025-W33,Afternoon,M01,P02,266,262,257,5,430.0,361.18,74.0,82.71,339.45,7.17,15458.0,49.22,32.32,21629.21,32382.0
WO-001864,2025-08-12,2025-08,2025-W33,Morning,M02,P05,373,402,392,10,430.0,379.67,52.0,56.67,256.65,7.17,19296.0,37.21,19.84,26774.72,39984.0
WO-001865,2025-08-12,2025-08,2025-W33,Afternoon,M02,P02,261,259,255,4,430.0,360.37,74.0,83.48,249.25,7.17,15281.0,36.14,12.0,21355.81,32130.0
WO-001866,2025-08-12,2025-08,2025-W33,Morning,M03,P05,379,425,414,11,430.0,382.21,52.0,53.96,403.95,7.17,20400.0,58.57,13.47,28284.71,42228.0
WO-001867,2025-08-12,2025-08,2025-W33,Afternoon,M03,P03,486,538,531,7,430.0,372.66,38.0,41.56,380.25,7.17,13988.0,55.14,32.58,19774.39,29736.0
WO-001868,2025-08-12,2025-08,2025-W33,Morning,M04,P04,198,186,181,5,430.0,338.04,95.0,109.05,264.12,7.17,18414.0,38.3,104.18,25654.15,38010.0
WO-001869,2025-08-12,2025-08,2025-W33,Afternoon,M04,P06,153,129,124,5,430.0,317.77,125.0,147.8,259.29,7.17,17931.0,37.6,98.13,25233.4,36952.0
WO-001870,2025-08-12,2025-08,2025-W33,Morning,M05,P05,382,400,391,9,430.0,385.35,52.0,57.8,226.05,7.17,19200.0,32.78,27.56,26648.01,39882.0
WO-001871,2025-08-12,2025-08,2025-W33,Afternoon,M05,P06,158,159,153,6,430.0,380.14,125.0,143.45,210.97,7.17,22101.0,30.59,59.45,30887.71,45594.0
WO-001872,2025-08-12,2025-08,2025-W33,Morning,M06,P01,317,364,360,4,430.0,417.1,62.0,68.75,244.56,7.17,16016.0,35.46,52.71,22515.83,33840.0
WO-001873,2025-08-12,2025-08,2025-W33,Afternoon,M06,P01,303,341,334,7,430.0,396.56,62.0,69.78,225.87,7.17,15004.0,32.75,97.16,21177.58,31396.0
WO-001874,2025-08-13,2025-08,2025-W33,Morning,M01,P02,263,284,280,4,430.0,379.92,74.0,80.26,323.59,7.17,16756.0,46.92,42.32,23396.91,35280.0
WO-001875,2025-08-13,2025-08,2025-W33,Afternoon,M01,P01,294,339,334,5,430.0,380.15,62.0,67.28,336.04,7.17,14916.0,48.73,34.11,21010.5,31396.0
WO-001876,2025-08-13,2025-08,2025-W33,Morning,M02,P05,385,379,365,14,430.0,371.61,52.0,58.83,238.59,7.17,18192.0,34.6,50.04,25307.3,37230.0
WO-001877,2025-08-13,2025-08,2025-W33,Afternoon,M02,P05,364,375,364,11,430.0,376.06,52.0,60.17,264.96,7.17,18000.0,38.42,32.11,25033.19,37128.0
WO-001878,2025-08-13,2025-08,2025-W33,Morning,M03,P05,371,399,387,12,430.0,370.79,52.0,55.76,386.06,7.17,19152.0,55.98,54.05,26632.69,39474.0
WO-001879,2025-08-13,2025-08,2025-W33,Afternoon,M03,P03,504,542,533,9,430.0,378.62,38.0,41.91,397.6,7.17,14092.0,57.65,38.95,19925.27,29848.0
WO-001880,2025-08-13,2025-08,2025-W33,Morning,M04,P04,201,177,173,4,430.0,315.43,95.0,106.93,258.85,7.17,17523.0,37.53,102.54,24445.74,36330.0
WO-001881,2025-08-13,2025-08,2025-W33,Afternoon,M04,P06,158,138,132,6,430.0,322.28,125.0,140.12,254.54,7.17,19182.0,36.91,155.95,27000.53,39336.0
WO-001882,2025-08-13,2025-08,2025-W33,Morning,M05,P01,299,318,313,5,430.0,366.16,62.0,69.09,204.7,7.17,13992.0,29.68,12.0,19709.35,29422.0
WO-001883,2025-08-13,2025-08,2025-W33,Afternoon,M05,P05,368,389,379,10,430.0,374.55,52.0,57.77,207.93,7.17,18672.0,30.15,22.1,25924.92,38658.0
WO-001884,2025-08-13,2025-08,2025-W33,Morning,M06,P01,296,349,343,6,430.0,392.85,62.0,67.54,232.31,7.17,15356.0,33.68,39.2,21600.55,32242.0
WO-001885,2025-08-13,2025-08,2025-W33,Afternoon,M06,P01,312,344,337,7,430.0,391.83,62.0,68.34,226.43,7.17,15136.0,32.83,77.18,21337.68,31678.0
WO-001886,2025-08-14,2025-08,2025-W33,Morning,M01,P02,263,292,286,6,430.0,391.68,74.0,80.48,363.34,7.17,17228.0,52.68,14.97,24015.32,36036.0
WO-001887,2025-08-14,2025-08,2025-W33,Afternoon,M01,P03,508,530,522,8,430.0,380.6,38.0,43.09,342.17,7.17,13780.0,49.61,22.09,19474.37,29232.0
WO-001888,2025-08-14,2025-08,2025-W33,Morning,M02,P02,262,278,273,5,430.0,386.85,74.0,83.49,282.57,7.17,16402.0,40.97,63.35,22931.99,34398.0
WO-001889,2025-08-14,2025-08,2025-W33,Afternoon,M02,P05,372,383,373,10,430.0,362.22,52.0,56.74,258.92,7.17,18384.0,37.54,14.88,25535.09,38046.0
WO-001890,2025-08-14,2025-08,2025-W33,Morning,M03,P05,367,421,410,11,430.0,396.41,52.0,56.49,405.31,7.17,20208.0,58.77,104.39,28115.83,41820.0
WO-001891,2025-08-14,2025-08,2025-W33,Afternoon,M03,P01,308,342,334,8,430.0,369.95,62.0,64.9,386.87,7.17,15048.0,56.1,12.0,21175.76,31396.0
WO-001892,2025-08-14,2025-08,2025-W33,Morning,M04,P03,496,449,442,7,430.0,339.85,38.0,45.41,273.54,7.17,11674.0,39.66,93.63,16660.46,24752.0
WO-001893,2025-08-14,2025-08,2025-W33,Morning,M05,P01,309,347,344,3,430.0,389.55,62.0,67.36,224.29,7.17,15268.0,32.52,51.67,21491.86,32336.0
WO-001894,2025-08-14,2025-08,2025-W33,Morning,M06,P05,353,427,419,8,430.0,401.97,52.0,56.48,232.16,7.17,20496.0,33.66,12.0,28388.33,42738.0
WO-001895,2025-08-14,2025-08,2025-W33,Afternoon,M06,P04,192,225,220,5,430.0,386.47,95.0,103.06,223.74,7.17,22275.0,32.44,20.75,30790.86,46200.0
WO-001896,2025-08-15,2025-08,2025-W33,Afternoon,M01,P02,263,276,271,5,430.0,366.09,74.0,79.59,345.03,7.17,16284.0,50.03,31.39,22749.08,34146.0
WO-001897,2025-08-15,2025-08,2025-W33,Morning,M02,P05,364,382,374,8,430.0,365.4,52.0,57.39,254.16,7.17,18336.0,36.85,44.49,25499.01,38148.0
WO-001898,2025-08-15,2025-08,2025-W33,Afternoon,M02,P01,309,325,318,7,430.0,379.85,62.0,70.13,267.31,7.17,14300.0,38.76,12.0,20138.43,29892.0
WO-001899,2025-08-15,2025-08,2025-W33,Morning,M03,P05,365,420,405,15,430.0,384.99,52.0,55.0,393.1,7.17,20160.0,57.0,86.25,28030.92,41310.0
WO-001900,2025-08-15,2025-08,2025-W33,Afternoon,M03,P05,349,398,389,9,430.0,383.28,52.0,57.78,413.6,7.17,19104.0,59.97,28.8,26546.44,39678.0
WO-001901,2025-08-15,2025-08,2025-W33,Morning,M04,P04,207,184,179,5,430.0,328.55,95.0,107.14,256.73,7.17,18216.0,37.23,76.9,25357.79,37590.0
WO-001902,2025-08-15,2025-08,2025-W33,Afternoon,M04,P06,146,134,128,6,430.0,324.26,125.0,145.19,264.76,7.17,18626.0,38.39,140.3,26226.36,38144.0
WO-001903,2025-08-15,2025-08,2025-W33,Morning,M05,P01,307,335,330,5,430.0,376.38,62.0,67.41,202.7,7.17,14740.0,29.39,17.38,20734.44,31020.0
WO-001904,2025-08-15,2025-08,2025-W33,Afternoon,M05,P01,311,331,326,5,430.0,383.34,62.0,69.49,205.93,7.17,14564.0,29.86,50.15,20527.67,30644.0
WO-001905,2025-08-15,2025-08,2025-W33,Morning,M06,P01,322,363,356,7,430.0,399.1,62.0,65.97,253.23,7.17,15972.0,36.72,36.27,22440.66,33464.0
WO-001906,2025-08-15,2025-08,2025-W33,Afternoon,M06,P04,204,243,237,6,430.0,409.74,95.0,101.17,245.69,7.17,24057.0,35.63,46.5,33231.79,49770.0
WO-001907,2025-08-18,2025-08,2025-W34,Morning,M01,P02,252,284,278,6,430.0,385.1,74.0,81.36,349.71,7.17,16756.0,50.71,43.51,23401.88,35028.0
WO-001908,2025-08-18,2025-08,2025-W34,Afternoon,M01,P03,471,535,524,11,430.0,372.95,38.0,41.83,325.45,7.17,13910.0,47.19,135.72,19763.08,29344.0
WO-001909,2025-08-18,2025-08,2025-W34,Morning,M02,P05,377,392,383,9,430.0,383.83,52.0,58.75,273.53,7.17,18816.0,39.66,32.98,26140.31,39066.0
WO-001910,2025-08-18,2025-08,2025-W34,Morning,M03,P01,309,350,345,5,430.0,387.56,62.0,66.44,410.2,7.17,15400.0,59.48,15.2,21662.34,32430.0
WO-001911,2025-08-18,2025-08,2025-W34,Afternoon,M03,P05,352,402,391,11,430.0,381.25,52.0,56.9,395.75,7.17,19296.0,57.38,26.84,26801.89,39882.0
WO-001912,2025-08-18,2025-08,2025-W34,Morning,M04,P06,146,136,130,6,430.0,311.35,125.0,137.36,256.89,7.17,18904.0,37.25,68.16,26533.07,38740.0
WO-001913,2025-08-18,2025-08,2025-W34,Afternoon,M04,P03,521,443,433,10,430.0,326.24,38.0,44.19,272.21,7.17,11518.0,39.47,67.58,16421.21,24248.0
WO-001914,2025-08-18,2025-08,2025-W34,Morning,M05,P04,208,202,199,3,430.0,367.56,95.0,109.18,205.6,7.17,19998.0,29.81,47.61,27733.09,41790.0
WO-001915,2025-08-18,2025-08,2025-W34,Afternoon,M05,P04,201,214,209,5,430.0,374.55,95.0,105.01,206.33,7.17,21186.0,29.92,46.65,29340.23,43890.0
WO-001916,2025-08-18,2025-08,2025-W34,Afternoon,M06,P06,153,178,173,5,430.0,413.85,125.0,139.5,242.66,7.17,24742.0,35.19,33.29,34476.15,51554.0
WO-001917,2025-08-19,2025-08,2025-W34,Morning,M01,P01,307,343,338,5,430.0,394.07,62.0,68.93,351.21,7.17,15092.0,50.93,18.98,21237.57,31772.0
WO-001918,2025-08-19,2025-08,2025-W34,Afternoon,M01,P01,288,329,325,4,430.0,372.92,62.0,68.01,343.36,7.17,14476.0,49.79,72.84,20450.29,30550.0
WO-001919,2025-08-19,2025-08,2025-W34,Morning,M02,P05,367,374,365,9,430.0,364.41,52.0,58.46,249.91,7.17,17952.0,36.24,96.52,25030.42,37230.0
WO-001920,2025-08-19,2025-08,2025-W34,Afternoon,M02,P05,356,379,372,7,430.0,358.92,52.0,56.82,269.7,7.17,18192.0,39.11,12.89,25274.67,37944.0
WO-001921,2025-08-19,2025-08,2025-W34,Morning,M03,P05,367,402,392,10,430.0,371.65,52.0,55.47,394.75,7.17,19296.0,57.24,57.84,26832.75,39984.0
WO-001922,2025-08-19,2025-08,2025-W34,Afternoon,M03,P05,353,405,395,10,430.0,389.6,52.0,57.72,401.66,7.17,19440.0,58.24,13.69,26984.6,40290.0
WO-001923,2025-08-19,2025-08,2025-W34,Morning,M04,P03,496,463,452,11,430.0,334.7,38.0,43.37,262.21,7.17,12038.0,38.02,88.89,17151.07,25312.0
WO-001924,2025-08-19,2025-08,2025-W34,Afternoon,M04,P04,212,173,168,5,430.0,327.16,95.0,113.47,249.96,7.17,17127.0,36.24,101.28,23907.19,35280.0
WO-001925,2025-08-19,2025-08,2025-W34,Afternoon,M05,P05,364,367,358,9,430.0,359.06,52.0,58.7,196.46,7.17,17616.0,28.49,24.24,24495.39,36516.0
WO-001926,2025-08-19,2025-08,2025-W34,Morning,M06,P05,375,455,445,10,430.0,407.69,52.0,53.76,260.72,7.17,21840.0,37.8,14.77,30215.24,45390.0
WO-001927,2025-08-19,2025-08,2025-W34,Afternoon,M06,P04,193,217,213,4,430.0,380.06,95.0,105.08,221.57,7.17,21483.0,32.13,81.22,29779.02,44730.0
WO-001928,2025-08-20,2025-08,2025-W34,Morning,M01,P02,250,268,262,6,430.0,368.0,74.0,82.39,355.53,7.17,15812.0,51.55,84.94,22164.16,33012.0
WO-001929,2025-08-20,2025-08,2025-W34,Afternoon,M01,P02,258,263,257,6,430.0,368.22,74.0,84.0,328.44,7.17,15517.0,47.62,65.26,21740.55,32382.0
WO-001930,2025-08-20,2025-08,2025-W34,Morning,M02,P05,366,375,369,6,430.0,366.58,52.0,58.65,255.44,7.17,18000.0,37.04,26.21,25025.92,37638.0
WO-001931,2025-08-20,2025-08,2025-W34,Afternoon,M02,P02,244,247,242,5,430.0,356.53,74.0,86.61,241.72,7.17,14573.0,35.05,20.68,20403.4,30492.0
WO-001932,2025-08-20,2025-08,2025-W34,Morning,M03,P01,304,345,341,4,430.0,399.49,62.0,69.48,422.99,7.17,15180.0,61.33,68.97,21417.97,32054.0
WO-001933,2025-08-20,2025-08,2025-W34,Afternoon,M03,P05,370,408,400,8,430.0,371.59,52.0,54.65,394.8,7.17,19584.0,57.25,30.97,27195.88,40800.0
WO-001934,2025-08-20,2025-08,2025-W34,Morning,M04,P06,156,136,130,6,430.0,315.24,125.0,139.08,268.08,7.17,18904.0,38.87,88.85,26555.39,38740.0
WO-001935,2025-08-20,2025-08,2025-W34,Afternoon,M04,P06,153,128,122,6,430.0,313.41,125.0,146.91,242.46,7.17,17792.0,35.16,64.21,25007.03,36356.0
WO-001936,2025-08-20,2025-08,2025-W34,Morning,M05,P06,157,168,163,5,430.0,381.41,125.0,136.22,210.03,7.17,23352.0,30.45,163.84,32701.96,48574.0
WO-001937,2025-08-20,2025-08,2025-W34,Afternoon,M05,P01,326,314,309,5,430.0,359.49,62.0,68.69,200.14,7.17,13816.0,29.02,46.99,19503.68,29046.0
WO-001938,2025-08-20,2025-08,2025-W34,Morning,M06,P01,331,359,355,4,430.0,401.52,62.0,67.11,240.15,7.17,15796.0,34.82,65.75,22228.23,33370.0
WO-001939,2025-08-20,2025-08,2025-W34,Afternoon,M06,P06,150,176,168,8,430.0,398.63,125.0,135.9,246.78,7.17,24464.0,35.78,77.67,34141.12,50064.0
WO-001940,2025-08-21,2025-08,2025-W34,Morning,M01,P02,258,279,275,4,430.0,373.74,74.0,80.38,347.59,7.17,16461.0,50.4,12.0,22970.07,34650.0
WO-001941,2025-08-21,2025-08,2025-W34,Afternoon,M01,P01,315,315,309,6,430.0,364.71,62.0,69.47,350.03,7.17,13860.0,50.75,25.48,19563.9,29046.0
WO-001942,2025-08-21,2025-08,2025-W34,Morning,M02,P05,359,407,398,9,430.0,385.81,52.0,56.88,286.7,7.17,19536.0,41.57,64.14,27148.38,40596.0
WO-001943,2025-08-21,2025-08,2025-W34,Afternoon,M02,P05,369,377,366,11,430.0,361.03,52.0,57.46,262.63,7.17,18096.0,38.08,12.0,25142.75,37332.0
WO-001944,2025-08-21,2025-08,2025-W34,Morning,M03,P03,505,536,528,8,430.0,369.27,38.0,41.34,393.62,7.17,13936.0,57.07,90.98,19763.72,29568.0
WO-001945,2025-08-21,2025-08,2025-W34,Afternoon,M03,P03,498,541,534,7,430.0,374.1,38.0,41.49,407.99,7.17,14066.0,59.16,42.75,19895.07,29904.0
WO-001946,2025-08-21,2025-08,2025-W34,Morning,M04,P03,512,460,454,6,430.0,334.04,38.0,43.57,266.27,7.17,11960.0,38.61,86.74,17043.02,25424.0
WO-001947,2025-08-21,2025-08,2025-W34,Afternoon,M04,P06,155,136,130,6,430.0,325.2,125.0,143.47,257.43,7.17,18904.0,37.33,65.73,26530.73,38740.0
WO-001948,2025-08-21,2025-08,2025-W34,Morning,M05,P04,192,223,220,3,430.0,388.25,95.0,104.46,215.77,7.17,22077.0,31.29,113.49,30614.44,46200.0
WO-001949,2025-08-21,2025-08,2025-W34,Morning,M06,P06,146,173,167,6,430.0,385.3,125.0,133.63,235.41,7.17,24047.0,34.13,34.37,33526.17,49766.0
WO-001950,2025-08-22,2025-08,2025-W34,Morning,M01,P02,257,292,287,5,430.0,393.42,74.0,80.84,372.85,7.17,17228.0,54.06,26.69,24028.42,36162.0
WO-001951,2025-08-22,2025-08,2025-W34,Afternoon,M01,P03,491,556,551,5,430.0,373.22,38.0,40.28,343.6,7.17,14456.0,49.82,87.87,20463.36,30856.0
WO-001952,2025-08-22,2025-08,2025-W34,Morning,M02,P02,272,283,277,6,430.0,388.96,74.0,82.46,276.91,7.17,16697.0,40.15,45.49,23313.31,34902.0
WO-001953,2025-08-22,2025-08,2025-W34,Afternoon,M02,P05,353,365,357,8,430.0,351.26,52.0,57.74,239.43,7.17,17520.0,34.72,23.74,24371.12,36414.0
WO-001954,2025-08-22,2025-08,2025-W34,Morning,M03,P03,510,581,575,6,430.0,386.04,38.0,39.87,425.01,7.17,15106.0,61.63,16.44,21291.23,32200.0
WO-001955,2025-08-22,2025-08,2025-W34,Afternoon,M03,P01,305,345,340,5,430.0,391.24,62.0,68.04,407.69,7.17,15180.0,59.11,61.58,21408.36,31960.0
WO-001956,2025-08-22,2025-08,2025-W34,Afternoon,M04,P06,151,135,128,7,430.0,320.53,125.0,142.46,255.33,7.17,18765.0,37.02,79.35,26354.04,38144.0
WO-001957,2025-08-22,2025-08,2025-W34,Morning,M05,P01,310,340,336,4,430.0,378.53,62.0,66.8,210.38,7.17,14960.0,30.51,59.46,21077.64,31584.0
WO-001958,2025-08-22,2025-08,2025-W34,Afternoon,M05,P01,296,339,334,5,430.0,376.57,62.0,66.65,209.13,7.17,14916.0,30.32,24.82,20982.81,31396.0
WO-001959,2025-08-22,2025-08,2025-W34,Morning,M06,P05,365,424,413,11,430.0,393.68,52.0,55.71,237.32,7.17,20352.0,34.41,31.94,28214.01,42126.0
WO-001960,2025-08-22,2025-08,2025-W34,Afternoon,M06,P04,197,229,224,5,430.0,402.38,95.0,105.43,235.28,7.17,22671.0,34.12,45.99,31353.77,47040.0
WO-001961,2025-08-25,2025-08,2025-W35,Morning,M01,P02,259,276,270,6,430.0,377.22,74.0,82.0,346.51,7.17,16284.0,50.24,55.5,22773.41,34020.0
WO-001962,2025-08-25,2025-08,2025-W35,Afternoon,M01,P03,506,554,546,8,430.0,388.69,38.0,42.1,356.89,7.17,14404.0,51.75,34.8,20341.22,30576.0
WO-001963,2025-08-25,2025-08,2025-W35,Morning,M02,P01,314,342,336,6,430.0,385.89,62.0,67.7,276.47,7.17,15048.0,40.09,70.54,21218.3,31584.0
WO-001964,2025-08-25,2025-08,2025-W35,Afternoon,M02,P01,302,319,314,5,430.0,375.09,62.0,70.55,272.75,7.17,14036.0,39.55,78.59,19845.81,29516.0
WO-001965,2025-08-25,2025-08,2025-W35,Morning,M03,P03,502,580,572,8,430.0,394.29,38.0,40.79,397.72,7.17,15080.0,57.67,37.68,21273.01,32032.0
WO-001966,2025-08-25,2025-08,2025-W35,Afternoon,M03,P01,306,339,333,6,430.0,390.15,62.0,69.05,388.63,7.17,14916.0,56.35,12.0,20996.02,31302.0
WO-001967,2025-08-25,2025-08,2025-W35,Morning,M04,P06,150,145,138,7,430.0,335.23,125.0,138.72,273.42,7.17,20155.0,39.65,95.53,28272.85,41124.0
WO-001968,2025-08-25,2025-08,2025-W35,Afternoon,M04,P04,198,173,168,5,430.0,311.17,95.0,107.92,235.87,7.17,17127.0,34.2,70.83,23874.7,35280.0
WO-001969,2025-08-25,2025-08,2025-W35,Morning,M05,P05,373,392,382,10,430.0,384.7,52.0,58.88,200.66,7.17,18816.0,29.1,18.34,26115.1,38964.0
WO-001970,2025-08-25,2025-08,2025-W35,Afternoon,M05,P06,157,155,148,7,430.0,366.23,125.0,141.77,198.1,7.17,21545.0,28.72,23.82,30090.21,44104.0
WO-001971,2025-08-25,2025-08,2025-W35,Morning,M06,P06,155,173,166,7,430.0,397.84,125.0,137.98,245.65,7.17,24047.0,35.62,140.34,33633.62,49468.0
WO-001972,2025-08-25,2025-08,2025-W35,Afternoon,M06,P06,149,170,163,7,430.0,390.92,125.0,137.97,235.32,7.17,23630.0,34.12,12.0,32933.79,48574.0
WO-001973,2025-08-26,2025-08,2025-W35,Morning,M01,P02,255,285,280,5,430.0,387.97,74.0,81.68,350.91,7.17,16815.0,50.88,32.63,23471.18,35280.0
WO-001974,2025-08-26,2025-08,2025-W35,Afternoon,M01,P03,480,527,519,8,430.0,374.36,38.0,42.62,333.35,7.17,13702.0,48.34,29.36,19373.86,29064.0
WO-001975,2025-08-26,2025-08,2025-W35,Morning,M02,P02,244,270,266,4,430.0,374.87,74.0,83.3,254.97,7.17,15930.0,36.97,12.0,22236.64,33516.0
WO-001976,2025-08-26,2025-08,2025-W35,Afternoon,M02,P01,326,321,318,3,430.0,373.34,62.0,69.78,249.44,7.17,14124.0,36.17,37.97,19921.81,29892.0
WO-001977,2025-08-26,2025-08,2025-W35,Morning,M03,P01,309,351,344,7,430.0,375.73,62.0,64.23,414.76,7.17,15444.0,60.14,23.18,21730.98,32336.0
WO-001978,2025-08-26,2025-08,2025-W35,Afternoon,M03,P03,503,575,567,8,430.0,394.3,38.0,41.14,422.97,7.17,14950.0,61.33,27.68,21089.17,31752.0
WO-001979,2025-08-26,2025-08,2025-W35,Morning,M04,P06,147,138,133,5,430.0,323.95,125.0,140.85,255.57,7.17,19182.0,37.06,152.37,26997.1,39634.0
WO-001980,2025-08-26,2025-08,2025-W35,Afternoon,M04,P06,153,129,123,6,430.0,311.66,125.0,144.96,240.35,7.17,17931.0,34.85,90.95,25223.47,36654.0
WO-001981,2025-08-26,2025-08,2025-W35,Afternoon,M05,P06,153,163,157,6,430.0,371.98,125.0,136.93,204.87,7.17,22657.0,29.71,19.15,31606.53,46786.0
WO-001982,2025-08-26,2025-08,2025-W35,Morning,M06,P06,142,177,170,7,430.0,399.76,125.0,135.51,239.79,7.17,24603.0,34.77,21.56,34274.0,50660.0
WO-001983,2025-08-26,2025-08,2025-W35,Afternoon,M06,P04,205,227,221,6,430.0,386.06,95.0,102.04,236.29,7.17,22473.0,34.26,37.33,31077.25,46410.0
WO-001984,2025-08-27,2025-08,2025-W35,Morning,M01,P02,254,275,270,5,430.0,374.69,74.0,81.75,338.28,7.17,16225.0,49.05,80.67,22717.38,34020.0
WO-001985,2025-08-27,2025-08,2025-W35,Afternoon,M01,P01,301,338,332,6,430.0,387.89,62.0,68.86,336.57,7.17,14872.0,48.8,12.0,20928.47,31208.0
WO-001986,2025-08-27,2025-08,2025-W35,Morning,M02,P05,370,379,369,10,430.0,361.77,52.0,57.27,269.51,7.17,18192.0,39.08,13.29,25275.03,37638.0
WO-001987,2025-08-27,2025-08,2025-W35,Afternoon,M02,P02,257,250,244,6,430.0,354.53,74.0,85.09,247.74,7.17,14750.0,35.92,12.0,20635.59,30744.0
WO-001988,2025-08-27,2025-08,2025-W35,Morning,M03,P03,475,567,561,6,430.0,402.87,38.0,42.63,413.1,7.17,14742.0,59.9,127.35,20903.42,31416.0
WO-001989,2025-08-27,2025-08,2025-W35,Afternoon,M03,P01,316,325,321,4,430.0,370.16,62.0,68.34,369.68,7.17,14300.0,53.6,15.52,20156.79,30174.0
WO-001990,2025-08-27,2025-08,2025-W35,Morning,M04,P04,185,194,188,6,430.0,337.22,95.0,104.3,274.17,7.17,19206.0,39.75,91.15,26714.57,39480.0
WO-001991,2025-08-27,2025-08,2025-W35,Afternoon,M04,P06,161,132,126,6,430.0,315.83,125.0,143.56,252.6,7.17,18348.0,36.63,59.24,25763.53,37548.0
WO-001992,2025-08-27,2025-08,2025-W35,Morning,M05,P05,346,425,414,11,430.0,401.96,52.0,56.75,227.29,7.17,20400.0,32.96,24.48,28270.1,42228.0
WO-001993,2025-08-27,2025-08,2025-W35,Afternoon,M05,P04,200,208,204,4,430.0,370.12,95.0,106.76,210.07,7.17,20592.0,30.46,21.37,28511.5,42840.0
WO-001994,2025-08-27,2025-08,2025-W35,Morning,M06,P04,210,225,220,5,430.0,389.0,95.0,103.73,239.64,7.17,22275.0,34.75,17.17,30789.59,46200.0
WO-001995,2025-08-27,2025-08,2025-W35,Afternoon,M06,P05,360,422,414,8,430.0,417.1,52.0,59.3,252.89,7.17,20256.0,36.67,31.47,28085.81,42228.0
WO-001996,2025-08-28,2025-08,2025-W35,Morning,M01,P01,301,337,331,6,430.0,392.73,62.0,69.92,340.21,7.17,14828.0,49.33,30.18,20887.18,31114.0
WO-001997,2025-08-28,2025-08,2025-W35,Afternoon,M01,P03,522,551,542,9,430.0,382.01,38.0,41.6,339.13,7.17,14326.0,49.17,56.57,20253.91,30352.0
WO-001998,2025-08-28,2025-08,2025-W35,Morning,M02,P05,365,392,382,10,430.0,368.68,52.0,56.43,259.7,7.17,18816.0,37.66,58.43,26163.76,38964.0
WO-001999,2025-08-28,2025-08,2025-W35,Afternoon,M02,P02,266,269,263,6,430.0,371.45,74.0,82.85,255.15,7.17,15871.0,37.0,37.28,22181.94,33138.0
WO-002000,2025-08-28,2025-08,2025-W35,Morning,M03,P03,507,600,593,7,430.0,398.6,38.0,39.86,412.57,7.17,15600.0,59.82,33.16,21980.65,33208.0
WO-002001,2025-08-28,2025-08,2025-W35,Afternoon,M03,P03,492,554,546,8,430.0,387.77,38.0,42.0,415.67,7.17,14404.0,60.27,25.45,20340.39,30576.0
WO-002002,2025-08-28,2025-08,2025-W35,Morning,M04,P04,205,183,177,6,430.0,330.78,95.0,108.45,259.48,7.17,18117.0,37.63,83.85,25231.14,37170.0
WO-002003,2025-08-28,2025-08,2025-W35,Afternoon,M04,P04,202,169,163,6,430.0,311.9,95.0,110.73,249.96,7.17,16731.0,36.24,107.19,23377.1,34230.0
WO-002004,2025-08-28,2025-08,2025-W35,Morning,M05,P04,216,230,226,4,430.0,389.62,95.0,101.64,208.93,7.17,22770.0,30.3,30.56,31468.52,47460.0
WO-002005,2025-08-28,2025-08,2025-W35,Morning,M06,P01,285,365,359,6,430.0,407.68,62.0,67.02,235.93,7.17,16060.0,34.21,99.61,22621.49,33746.0
WO-002006,2025-08-28,2025-08,2025-W35,Afternoon,M06,P01,307,356,351,5,430.0,395.41,62.0,66.64,243.31,7.17,15664.0,35.28,29.8,22012.75,32994.0
WO-002007,2025-08-29,2025-08,2025-W35,Morning,M01,P03,487,538,532,6,430.0,370.64,38.0,41.34,335.75,7.17,13988.0,48.68,31.9,19767.26,29792.0
WO-002008,2025-08-29,2025-08,2025-W35,Afternoon,M01,P03,519,551,543,8,430.0,382.7,38.0,41.67,331.95,7.17,14326.0,48.13,38.39,20234.69,30408.0
WO-002009,2025-08-29,2025-08,2025-W35,Morning,M02,P05,387,379,371,8,430.0,365.53,52.0,57.87,267.13,7.17,18192.0,38.73,28.21,25289.61,37842.0
WO-002010,2025-08-29,2025-08,2025-W35,Afternoon,M02,P05,338,380,368,12,430.0,370.34,52.0,58.47,263.07,7.17,18240.0,38.15,49.79,25375.6,37536.0
WO-002011,2025-08-29,2025-08,2025-W35,Morning,M03,P03,501,558,547,11,430.0,375.88,38.0,40.42,409.99,7.17,14508.0,59.45,37.87,20493.98,30632.0
WO-002012,2025-08-29,2025-08,2025-W35,Afternoon,M03,P01,289,334,326,8,430.0,378.42,62.0,67.98,391.25,7.17,14696.0,56.73,37.45,20721.84,30644.0
WO-002013,2025-08-29,2025-08,2025-W35,Morning,M04,P03,480,457,447,10,430.0,327.37,38.0,42.98,244.02,7.17,11882.0,35.38,80.09,16926.64,25032.0
WO-002014,2025-08-29,2025-08,2025-W35,Afternoon,M04,P04,207,174,168,6,430.0,308.61,95.0,106.42,256.72,7.17,17226.0,37.22,72.78,24013.67,35280.0
WO-002015,2025-08-29,2025-08,2025-W35,Morning,M05,P04,210,207,203,4,430.0,367.56,95.0,106.54,198.72,7.17,20493.0,28.81,42.16,28396.64,42630.0
WO-002016,2025-08-29,2025-08,2025-W35,Afternoon,M05,P06,155,159,152,7,430.0,367.09,125.0,138.53,203.35,7.17,22101.0,29.49,12.0,30839.15,45296.0
WO-002017,2025-08-29,2025-08,2025-W35,Morning,M06,P01,284,356,353,3,430.0,405.15,62.0,68.28,248.93,7.17,15664.0,36.09,14.86,21998.62,33182.0
WO-002018,2025-08-29,2025-08,2025-W35,Afternoon,M06,P06,150,164,159,5,430.0,380.73,125.0,139.29,229.8,7.17,22796.0,33.32,12.08,31793.07,47382.0
WO-002019,2025-09-01,2025-09,2025-W36,Morning,M01,P02,313,275,269,6,430.0,373.14,74.0,81.41,336.53,7.17,16225.0,48.8,16.8,22653.26,33894.0
WO-002020,2025-09-01,2025-09,2025-W36,Afternoon,M01,P01,380,328,324,4,430.0,376.12,62.0,68.8,339.09,7.17,14432.0,49.17,37.61,20354.44,30456.0
WO-002021,2025-09-01,2025-09,2025-W36,Morning,M02,P01,377,344,337,7,430.0,382.52,62.0,66.72,263.26,7.17,15136.0,38.17,12.0,21277.84,31678.0
WO-002022,2025-09-01,2025-09,2025-W36,Afternoon,M02,P01,386,312,306,6,430.0,372.7,62.0,71.67,257.68,7.17,13728.0,37.36,34.28,19379.31,28764.0
WO-002023,2025-09-01,2025-09,2025-W36,Morning,M03,P01,350,343,336,7,430.0,389.65,62.0,68.16,407.25,7.17,15092.0,59.05,12.0,21238.72,31584.0
WO-002024,2025-09-01,2025-09,2025-W36,Afternoon,M03,P03,620,584,578,6,430.0,401.19,38.0,41.22,421.86,7.17,15184.0,61.17,38.88,21419.72,32368.0
WO-002025,2025-09-01,2025-09,2025-W36,Morning,M04,P06,185,137,131,6,430.0,326.3,125.0,142.9,268.36,7.17,19043.0,38.91,67.29,26723.87,39038.0
WO-002026,2025-09-01,2025-09,2025-W36,Afternoon,M04,P06,179,131,125,6,430.0,311.03,125.0,142.46,262.21,7.17,18209.0,38.02,107.59,25623.28,37250.0
WO-002027,2025-09-01,2025-09,2025-W36,Morning,M05,P05,436,398,390,8,430.0,382.09,52.0,57.6,202.74,7.17,19104.0,29.4,49.02,26536.09,39780.0
WO-002028,2025-09-01,2025-09,2025-W36,Afternoon,M05,P04,255,200,194,6,430.0,357.52,95.0,107.25,200.88,7.17,19800.0,29.13,16.5,27433.3,40740.0
WO-002029,2025-09-01,2025-09,2025-W36,Morning,M06,P01,382,358,354,4,430.0,405.93,62.0,68.03,238.85,7.17,15752.0,34.63,42.44,22144.74,33276.0
WO-002030,2025-09-01,2025-09,2025-W36,Afternoon,M06,P04,243,236,231,5,430.0,393.97,95.0,100.16,237.91,7.17,23364.0,34.5,33.03,32279.2,48510.0
WO-002031,2025-09-02,2025-09,2025-W36,Morning,M01,P01,385,352,348,4,430.0,401.56,62.0,68.45,364.24,7.17,15488.0,52.81,65.28,21825.76,32712.0
WO-002032,2025-09-02,2025-09,2025-W36,Afternoon,M01,P01,394,331,326,5,430.0,380.36,62.0,68.95,346.91,7.17,14564.0,50.3,43.28,20541.25,30644.0
WO-002033,2025-09-02,2025-09,2025-W36,Afternoon,M02,P01,398,313,308,5,430.0,368.67,62.0,70.67,250.0,7.17,13772.0,36.25,108.3,19512.22,28952.0
WO-002034,2025-09-02,2025-09,2025-W36,Morning,M03,P03,637,570,560,10,430.0,394.37,38.0,41.51,396.62,7.17,14820.0,57.51,63.69,20943.87,31360.0
WO-002035,2025-09-02,2025-09,2025-W36,Afternoon,M03,P03,609,571,563,8,430.0,402.64,38.0,42.31,431.52,7.17,14846.0,62.57,12.0,20932.74,31528.0
WO-002036,2025-09-02,2025-09,2025-W36,Morning,M04,P03,598,416,408,8,430.0,312.04,38.0,45.01,247.5,7.17,10816.0,35.89,75.66,15467.21,22848.0
WO-002037,2025-09-02,2025-09,2025-W36,Afternoon,M04,P03,653,442,433,9,430.0,339.54,38.0,46.09,260.09,7.17,11492.0,37.71,124.75,16441.13,24248.0
WO-002038,2025-09-02,2025-09,2025-W36,Morning,M05,P05,452,393,382,11,430.0,380.39,52.0,58.07,210.49,7.17,18864.0,30.52,99.81,26262.99,38964.0
WO-002039,2025-09-02,2025-09,2025-W36,Afternoon,M05,P06,194,142,136,6,430.0,349.36,125.0,147.62,191.95,7.17,19738.0,27.83,147.7,27743.2,40528.0
WO-002040,2025-09-02,2025-09,2025-W36,Morning,M06,P05,471,434,422,12,430.0,414.17,52.0,57.26,257.08,7.17,20832.0,37.28,84.25,28919.19,43044.0
WO-002041,2025-09-02,2025-09,2025-W36,Afternoon,M06,P05,449,419,410,9,430.0,404.2,52.0,57.88,249.37,7.17,20112.0,36.16,23.24,27882.07,41820.0
WO-002042,2025-09-03,2025-09,2025-W36,Morning,M01,P02,292,308,299,9,430.0,411.14,74.0,80.09,376.06,7.17,18172.0,54.53,69.45,25351.64,37674.0
WO-002043,2025-09-03,2025-09,2025-W36,Afternoon,M01,P01,392,332,327,5,430.0,373.38,62.0,67.48,329.96,7.17,14608.0,47.84,29.93,20585.44,30738.0
WO-002044,2025-09-03,2025-09,2025-W36,Morning,M02,P02,314,267,260,7,430.0,370.22,74.0,83.2,266.8,7.17,15753.0,38.69,57.91,22044.27,32760.0
WO-002045,2025-09-03,2025-09,2025-W36,Afternoon,M02,P05,433,372,362,10,430.0,365.97,52.0,59.03,246.75,7.17,17856.0,35.78,65.69,24869.13,36924.0
WO-002046,2025-09-03,2025-09,2025-W36,Morning,M03,P03,577,544,535,9,430.0,380.2,38.0,41.93,400.97,7.17,14144.0,58.14,74.74,20032.55,29960.0
WO-002047,2025-09-03,2025-09,2025-W36,Afternoon,M03,P01,380,322,315,7,430.0,366.56,62.0,68.3,386.47,7.17,14168.0,56.04,78.69,20042.4,29610.0
WO-002048,2025-09-03,2025-09,2025-W36,Morning,M04,P04,239,176,170,6,430.0,323.53,95.0,110.3,249.9,7.17,17424.0,36.24,87.01,24294.91,35700.0
WO-002049,2025-09-03,2025-09,2025-W36,Afternoon,M04,P03,647,434,419,15,430.0,310.51,38.0,42.93,238.43,7.17,11284.0,34.57,85.39,16114.63,23464.0
WO-002050,2025-09-03,2025-09,2025-W36,Morning,M05,P06,191,154,148,6,430.0,365.27,125.0,142.31,189.69,7.17,21406.0,27.51,12.0,29887.17,44104.0
WO-002051,2025-09-03,2025-09,2025-W36,Afternoon,M05,P01,380,316,310,6,430.0,370.31,62.0,70.31,209.6,7.17,13904.0,30.39,49.67,19627.73,29140.0
WO-002052,2025-09-03,2025-09,2025-W36,Morning,M06,P01,368,337,332,5,430.0,382.32,62.0,68.07,226.39,7.17,14828.0,32.83,12.0,20852.49,31208.0
WO-002053,2025-09-03,2025-09,2025-W36,Afternoon,M06,P05,464,410,402,8,430.0,381.64,52.0,55.85,234.48,7.17,19680.0,34.0,32.38,27304.05,41004.0
WO-002054,2025-09-04,2025-09,2025-W36,Morning,M01,P01,374,350,342,8,430.0,380.51,62.0,65.23,348.39,7.17,15400.0,50.52,40.65,21678.83,32148.0
WO-002055,2025-09-04,2025-09,2025-W36,Afternoon,M01,P01,382,324,318,6,430.0,373.25,62.0,69.12,351.33,7.17,14256.0,50.94,69.92,20148.53,29892.0
WO-002056,2025-09-04,2025-09,2025-W36,Morning,M02,P02,313,266,259,7,430.0,369.73,74.0,83.4,259.16,7.17,15694.0,37.58,50.98,21956.23,32634.0
WO-002057,2025-09-04,2025-09,2025-W36,Afternoon,M02,P02,316,258,255,3,430.0,366.1,74.0,85.14,258.75,7.17,15222.0,37.52,46.89,21312.07,32130.0
WO-002058,2025-09-04,2025-09,2025-W36,Morning,M03,P01,378,369,365,4,430.0,394.05,62.0,64.07,406.02,7.17,16236.0,58.87,17.91,22804.45,34310.0
WO-002059,2025-09-04,2025-09,2025-W36,Afternoon,M03,P05,462,409,398,11,430.0,382.12,52.0,56.06,424.91,7.17,19632.0,61.61,82.15,27316.43,40596.0
WO-002060,2025-09-04,2025-09,2025-W36,Morning,M04,P06,191,143,137,6,430.0,340.67,125.0,142.94,275.64,7.17,19877.0,39.97,65.99,27863.62,40826.0
WO-002061,2025-09-04,2025-09,2025-W36,Afternoon,M04,P04,251,170,166,4,430.0,312.59,95.0,110.33,243.97,7.17,16830.0,35.38,65.66,23468.7,34860.0
WO-002062,2025-09-04,2025-09,2025-W36,Morning,M05,P01,358,339,334,5,430.0,391.82,62.0,69.35,210.91,7.17,14916.0,30.58,12.0,20970.25,31396.0
WO-002063,2025-09-04,2025-09,2025-W36,Afternoon,M05,P06,177,153,147,6,430.0,364.21,125.0,142.83,200.12,7.17,21267.0,29.02,12.0,29698.68,43806.0
WO-002064,2025-09-04,2025-09,2025-W36,Morning,M06,P01,397,366,363,3,430.0,415.14,62.0,68.06,242.46,7.17,16104.0,35.16,17.65,22600.47,34122.0
WO-002065,2025-09-04,2025-09,2025-W36,Afternoon,M06,P01,393,341,334,7,430.0,398.88,62.0,70.19,245.12,7.17,15004.0,35.54,18.0,21101.21,31396.0
WO-002066,2025-09-05,2025-09,2025-W36,Morning,M01,P03,626,563,561,2,430.0,383.45,38.0,40.87,346.19,7.17,14638.0,50.2,36.96,20661.32,31416.0
WO-002067,2025-09-05,2025-09,2025-W36,Afternoon,M01,P02,312,283,278,5,430.0,382.57,74.0,81.11,349.79,7.17,16697.0,50.72,34.92,23313.3,35028.0
WO-002068,2025-09-05,2025-09,2025-W36,Morning,M02,P05,452,418,409,9,430.0,400.06,52.0,57.42,275.97,7.17,20064.0,40.02,12.0,27809.68,41718.0
WO-002069,2025-09-05,2025-09,2025-W36,Afternoon,M02,P01,366,322,316,6,430.0,377.88,62.0,70.41,258.2,7.17,14168.0,37.44,21.11,19966.21,29704.0
WO-002070,2025-09-05,2025-09,2025-W36,Morning,M03,P03,642,587,582,5,430.0,389.91,38.0,39.85,393.82,7.17,15262.0,57.1,21.61,21504.88,32592.0
WO-002071,2025-09-05,2025-09,2025-W36,Afternoon,M03,P01,378,339,333,6,430.0,390.94,62.0,69.19,399.16,7.17,14916.0,57.88,27.09,21012.63,31302.0
WO-002072,2025-09-05,2025-09,2025-W36,Morning,M04,P04,233,180,175,5,430.0,320.35,95.0,106.78,252.91,7.17,17820.0,36.67,118.57,24862.91,36750.0
WO-002073,2025-09-05,2025-09,2025-W36,Afternoon,M04,P03,643,422,413,9,430.0,315.17,38.0,44.81,263.31,7.17,10972.0,38.18,75.67,15682.51,23128.0
WO-002074,2025-09-05,2025-09,2025-W36,Morning,M05,P01,383,334,329,5,430.0,381.45,62.0,68.52,201.22,7.17,14696.0,29.18,16.2,20673.04,30926.0
WO-002075,2025-09-05,2025-09,2025-W36,Afternoon,M05,P01,388,305,300,5,430.0,359.1,62.0,70.64,203.39,7.17,13420.0,29.49,24.56,18941.71,28200.0
WO-002076,2025-09-05,2025-09,2025-W36,Morning,M06,P01,398,377,372,5,430.0,417.1,62.0,66.38,253.14,7.17,16588.0,36.71,32.06,23276.43,34968.0
WO-002077,2025-09-05,2025-09,2025-W36,Afternoon,M06,P05,446,425,415,10,430.0,398.69,52.0,56.29,244.09,7.17,20400.0,35.39,72.51,28320.57,42330.0
WO-002078,2025-09-08,2025-09,2025-W37,Morning,M01,P02,322,288,284,4,430.0,376.63,74.0,78.47,351.97,7.17,16992.0,51.04,28.29,23706.99,35784.0
WO-002079,2025-09-08,2025-09,2025-W37,Afternoon,M01,P01,380,339,335,4,430.0,379.8,62.0,67.22,349.91,7.17,14916.0,50.74,13.26,20991.66,31490.0
WO-002080,2025-09-08,2025-09,2025-W37,Morning,M02,P01,377,312,307,5,430.0,370.26,62.0,71.2,261.22,7.17,13728.0,37.88,55.2,19400.74,28858.0
WO-002081,2025-09-08,2025-09,2025-W37,Afternoon,M02,P05,452,389,381,8,430.0,376.25,52.0,58.03,262.98,7.17,18672.0,38.13,24.52,25935.32,38862.0
WO-002082,2025-09-08,2025-09,2025-W37,Morning,M03,P03,605,603,596,7,430.0,408.51,38.0,40.65,427.25,7.17,15678.0,61.95,26.17,22082.28,33376.0
WO-002083,2025-09-08,2025-09,2025-W37,Afternoon,M03,P03,623,556,550,6,430.0,391.31,38.0,42.23,402.76,7.17,14456.0,58.4,103.83,20487.9,30800.0
WO-002084,2025-09-08,2025-09,2025-W37,Morning,M04,P04,245,181,175,6,430.0,325.04,95.0,107.75,257.3,7.17,17919.0,37.31,78.38,24957.36,36750.0
WO-002085,2025-09-08,2025-09,2025-W37,Afternoon,M04,P06,186,134,128,6,430.0,329.32,125.0,147.46,267.99,7.17,18626.0,38.86,116.52,26203.05,38144.0
WO-002086,2025-09-08,2025-09,2025-W37,Morning,M05,P04,272,215,210,5,430.0,372.43,95.0,103.93,204.6,7.17,21285.0,29.67,37.61,29464.94,44100.0
WO-002087,2025-09-08,2025-09,2025-W37,Afternoon,M05,P06,192,161,155,6,430.0,364.46,125.0,135.82,198.23,7.17,22379.0,28.74,67.81,31274.22,46190.0
WO-002088,2025-09-08,2025-09,2025-W37,Morning,M06,P05,417,423,415,8,430.0,405.49,52.0,57.52,235.44,7.17,20304.0,34.14,31.28,28148.09,42330.0
WO-002089,2025-09-08,2025-09,2025-W37,Afternoon,M06,P01,377,325,318,7,430.0,363.98,62.0,67.2,220.29,7.17,14300.0,31.94,52.73,20172.34,29892.0
WO-002090,2025-09-09,2025-09,2025-W37,Morning,M01,P01,349,335,331,4,430.0,379.67,62.0,68.0,348.89,7.17,14740.0,50.59,12.0,20750.26,31114.0
WO-002091,2025-09-09,2025-09,2025-W37,Morning,M02,P01,373,327,322,5,430.0,368.11,62.0,67.54,268.92,7.17,14388.0,38.99,29.63,20276.29,30268.0
WO-002092,2025-09-09,2025-09,2025-W37,Afternoon,M02,P05,421,359,347,12,430.0,353.4,52.0,59.06,247.48,7.17,17232.0,35.88,76.11,24034.66,35394.0
WO-002093,2025-09-09,2025-09,2025-W37,Morning,M03,P01,377,357,349,8,430.0,388.97,62.0,65.37,398.69,7.17,15708.0,57.81,80.39,22145.86,32806.0
WO-002094,2025-09-09,2025-09,2025-W37,Afternoon,M03,P01,365,349,342,7,430.0,401.16,62.0,68.97,426.8,7.17,15356.0,61.89,84.93,21674.49,32148.0
WO-002095,2025-09-09,2025-09,2025-W37,Morning,M04,P06,192,133,127,6,430.0,320.93,125.0,144.78,266.7,7.17,18487.0,38.67,78.27,25974.6,37846.0
WO-002096,2025-09-09,2025-09,2025-W37,Afternoon,M04,P06,188,137,130,7,430.0,328.69,125.0,143.95,255.59,7.17,19043.0,37.06,152.15,26806.88,38740.0
WO-002097,2025-09-09,2025-09,2025-W37,Morning,M05,P04,243,221,217,4,430.0,396.86,95.0,107.75,222.39,7.17,21879.0,32.25,98.78,30332.69,45570.0
WO-002098,2025-09-09,2025-09,2025-W37,Afternoon,M05,P01,373,325,319,6,430.0,381.93,62.0,70.51,221.17,7.17,14300.0,32.07,50.07,20169.81,29986.0
WO-002099,2025-09-09,2025-09,2025-W37,Morning,M06,P05,436,439,434,5,430.0,400.04,52.0,54.68,250.71,7.17,21072.0,36.35,28.34,29187.36,44268.0
WO-002100,2025-09-09,2025-09,2025-W37,Afternoon,M06,P01,373,346,340,6,430.0,396.52,62.0,68.76,244.65,7.17,15224.0,35.47,12.0,21395.14,31960.0
WO-002101,2025-09-10,2025-09,2025-W37,Morning,M01,P03,652,543,535,8,430.0,370.83,38.0,40.98,339.64,7.17,14118.0,49.25,12.0,19925.41,29960.0
WO-002102,2025-09-10,2025-09,2025-W37,Afternoon,M01,P01,374,329,323,6,430.0,379.03,62.0,69.12,344.73,7.17,14476.0,49.99,49.99,20427.64,30362.0
WO-002103,2025-09-10,2025-09,2025-W37,Morning,M02,P02,318,281,276,5,430.0,373.28,74.0,79.7,259.55,7.17,16579.0,37.63,15.09,23120.39,34776.0
WO-002104,2025-09-10,2025-09,2025-W37,Afternoon,M02,P05,429,377,367,10,430.0,366.75,52.0,58.37,262.35,7.17,18096.0,38.04,39.59,25170.3,37434.0
WO-002105,2025-09-10,2025-09,2025-W37,Morning,M03,P03,606,565,558,7,430.0,389.7,38.0,41.38,424.96,7.17,14690.0,61.62,12.0,20718.79,31248.0
WO-002106,2025-09-10,2025-09,2025-W37,Afternoon,M03,P05,447,391,380,11,430.0,369.54,52.0,56.71,373.74,7.17,18768.0,54.19,49.08,26105.94,38760.0
WO-002107,2025-09-10,2025-09,2025-W37,Morning,M04,P03,602,449,439,10,430.0,319.59,38.0,42.71,251.85,7.17,11674.0,36.52,135.59,16699.27,24584.0
WO-002108,2025-09-10,2025-09,2025-W37,Afternoon,M04,P03,647,415,407,8,430.0,312.73,38.0,45.21,245.42,7.17,10790.0,35.59,60.15,15415.9,22792.0
WO-002109,2025-09-10,2025-09,2025-W37,Afternoon,M05,P05,429,371,363,8,430.0,363.81,52.0,58.84,199.5,7.17,17808.0,28.93,33.64,24765.24,37026.0
WO-002110,2025-09-10,2025-09,2025-W37,Morning,M06,P04,246,235,230,5,430.0,413.5,95.0,105.58,250.13,7.17,23265.0,36.27,15.37,32129.31,48300.0
WO-002111,2025-09-10,2025-09,2025-W37,Afternoon,M06,P04,245,220,216,4,430.0,390.74,95.0,106.57,228.1,7.17,21780.0,33.07,12.0,30112.74,45360.0
WO-002112,2025-09-11,2025-09,2025-W37,Morning,M01,P03,562,592,587,5,430.0,405.6,38.0,41.11,371.81,7.17,15392.0,53.91,31.82,21689.4,32872.0
WO-002113,2025-09-11,2025-09,2025-W37,Afternoon,M01,P01,363,320,316,4,430.0,376.78,62.0,70.65,341.72,7.17,14080.0,49.55,60.46,19897.67,29704.0
WO-002114,2025-09-11,2025-09,2025-W37,Morning,M02,P05,454,381,371,10,430.0,365.09,52.0,57.49,252.42,7.17,18288.0,36.6,52.55,25441.81,37842.0
WO-002115,2025-09-11,2025-09,2025-W37,Afternoon,M02,P02,338,256,250,6,430.0,357.57,74.0,83.8,255.9,7.17,15104.0,37.11,12.0,21116.77,31500.0
WO-002116,2025-09-11,2025-09,2025-W37,Afternoon,M03,P05,456,428,415,13,430.0,402.42,52.0,56.41,422.86,7.17,20544.0,61.31,26.42,28495.4,42330.0
WO-002117,2025-09-11,2025-09,2025-W37,Morning,M04,P03,600,444,436,8,430.0,319.08,38.0,43.12,266.84,7.17,11544.0,38.69,117.63,16505.99,24416.0
WO-002118,2025-09-11,2025-09,2025-W37,Afternoon,M04,P06,194,141,134,7,430.0,326.13,125.0,138.78,264.08,7.17,19599.0,38.29,102.52,27518.48,39932.0
WO-002119,2025-09-11,2025-09,2025-W37,Morning,M05,P01,380,324,320,4,430.0,375.38,62.0,69.51,204.21,7.17,14256.0,29.61,27.81,20085.09,30080.0
WO-002120,2025-09-11,2025-09,2025-W37,Afternoon,M05,P06,181,161,153,8,430.0,380.23,125.0,141.7,205.62,7.17,22379.0,29.82,15.22,31222.7,45594.0
WO-002121,2025-09-11,2025-09,2025-W37,Morning,M06,P06,187,190,183,7,430.0,417.1,125.0,131.72,266.27,7.17,26410.0,38.61,12.0,36738.28,54534.0
WO-002122,2025-09-11,2025-09,2025-W37,Afternoon,M06,P04,254,223,218,5,430.0,398.97,95.0,107.35,243.32,7.17,22077.0,35.28,56.46,30561.41,45780.0
WO-002123,2025-09-12,2025-09,2025-W37,Morning,M01,P02,320,296,289,7,430.0,384.54,74.0,77.95,346.69,7.17,17464.0,50.27,12.88,24330.82,36414.0
WO-002124,2025-09-12,2025-09,2025-W37,Afternoon,M01,P01,375,340,333,7,430.0,393.35,62.0,69.42,355.64,7.17,14960.0,51.57,12.0,21051.23,31302.0
WO-002125,2025-09-12,2025-09,2025-W37,Morning,M02,P01,345,337,330,7,430.0,373.84,62.0,66.56,266.23,7.17,14828.0,38.6,119.6,20965.87,31020.0
WO-002126,2025-09-12,2025-09,2025-W37,Afternoon,M02,P05,472,380,369,11,430.0,371.51,52.0,58.66,238.67,7.17,18240.0,34.61,44.76,25367.04,37638.0
WO-002127,2025-09-12,2025-09,2025-W37,Morning,M03,P01,372,329,324,5,430.0,385.24,62.0,70.26,397.26,7.17,14476.0,57.6,50.42,20435.69,30456.0
WO-002128,2025-09-12,2025-09,2025-W37,Afternoon,M03,P03,598,540,533,7,430.0,373.36,38.0,41.48,385.93,7.17,14040.0,55.96,96.99,19910.61,29848.0
WO-002129,2025-09-12,2025-09,2025-W37,Morning,M04,P04,239,191,186,5,430.0,334.16,95.0,104.97,276.38,7.17,18909.0,40.07,60.17,26281.91,39060.0
WO-002130,2025-09-12,2025-09,2025-W37,Afternoon,M04,P06,202,128,122,6,430.0,311.32,125.0,145.93,249.83,7.17,17792.0,36.23,117.57,25061.46,36356.0
WO-002131,2025-09-12,2025-09,2025-W37,Morning,M05,P01,390,339,334,5,430.0,384.44,62.0,68.04,207.22,7.17,14916.0,30.05,12.0,20969.71,31396.0
WO-002132,2025-09-12,2025-09,2025-W37,Afternoon,M05,P01,354,332,326,6,430.0,389.33,62.0,70.36,231.93,7.17,14608.0,33.63,114.46,20655.76,30644.0
WO-002133,2025-09-12,2025-09,2025-W37,Morning,M06,P05,429,426,418,8,430.0,408.25,52.0,57.5,242.72,7.17,20448.0,35.19,81.06,28393.92,42636.0
WO-002134,2025-09-12,2025-09,2025-W37,Afternoon,M06,P05,455,413,404,9,430.0,396.39,52.0,57.59,243.73,7.17,19824.0,35.34,70.51,27538.51,41208.0
WO-002135,2025-09-15,2025-09,2025-W38,Morning,M01,P01,382,336,331,5,430.0,374.0,62.0,66.79,335.52,7.17,14784.0,48.65,31.96,20828.27,31114.0
WO-002136,2025-09-15,2025-09,2025-W38,Afternoon,M01,P03,614,565,560,5,430.0,383.61,38.0,40.74,333.63,7.17,14690.0,48.38,12.0,20705.54,31360.0
WO-002137,2025-09-15,2025-09,2025-W38,Morning,M02,P01,360,325,321,4,430.0,373.11,62.0,68.88,264.74,7.17,14300.0,38.39,12.0,20138.05,30174.0
WO-002138,2025-09-15,2025-09,2025-W38,Afternoon,M02,P02,337,275,271,4,430.0,373.43,74.0,81.48,252.05,7.17,16225.0,36.55,12.0,22636.21,34146.0
WO-002139,2025-09-15,2025-09,2025-W38,Morning,M03,P05,440,424,414,10,430.0,377.1,52.0,53.36,408.67,7.17,20352.0,59.26,56.94,28263.86,42228.0
WO-002140,2025-09-15,2025-09,2025-W38,Afternoon,M03,P05,445,398,387,11,430.0,378.26,52.0,57.02,387.66,7.17,19104.0,56.21,30.53,26544.41,39474.0
WO-002141,2025-09-15,2025-09,2025-W38,Morning,M04,P06,196,145,137,8,430.0,343.35,125.0,142.08,276.36,7.17,20155.0,40.07,115.08,28292.82,40826.0
WO-002142,2025-09-15,2025-09,2025-W38,Afternoon,M04,P04,241,182,176,6,430.0,343.83,95.0,113.35,278.43,7.17,18018.0,40.37,98.56,25114.6,36960.0
WO-002143,2025-09-15,2025-09,2025-W38,Morning,M05,P06,180,171,165,6,430.0,389.03,125.0,136.5,219.2,7.17,23769.0,31.78,12.37,33121.82,49170.0
WO-002144,2025-09-15,2025-09,2025-W38,Afternoon,M05,P06,187,158,152,6,430.0,363.53,125.0,138.05,204.88,7.17,21962.0,29.71,51.74,30689.11,45296.0
WO-002145,2025-09-15,2025-09,2025-W38,Morning,M06,P01,382,329,321,8,430.0,371.66,62.0,67.78,233.18,7.17,14476.0,33.81,34.46,20395.93,30174.0
WO-002146,2025-09-15,2025-09,2025-W38,Afternoon,M06,P01,404,351,345,6,430.0,391.77,62.0,66.97,234.62,7.17,15444.0,34.02,42.74,21724.43,32430.0
WO-002147,2025-09-16,2025-09,2025-W38,Morning,M01,P01,383,364,357,7,430.0,401.23,62.0,66.14,368.2,7.17,16016.0,53.39,57.4,22538.45,33558.0
WO-002148,2025-09-16,2025-09,2025-W38,Afternoon,M01,P03,605,565,556,9,430.0,384.03,38.0,40.78,356.26,7.17,14690.0,51.66,42.32,20739.15,31136.0
WO-002149,2025-09-16,2025-09,2025-W38,Morning,M02,P02,306,278,272,6,430.0,370.71,74.0,80.01,257.71,7.17,16402.0,37.37,63.24,22928.27,34272.0
WO-002150,2025-09-16,2025-09,2025-W38,Afternoon,M02,P02,324,266,259,7,430.0,367.77,74.0,82.95,258.7,7.17,15694.0,37.51,39.22,21944.4,32634.0
WO-002151,2025-09-16,2025-09,2025-W38,Morning,M03,P03,644,569,564,5,430.0,392.33,38.0,41.37,410.91,7.17,14794.0,59.58,44.27,20891.02,31584.0
WO-002152,2025-09-16,2025-09,2025-W38,Afternoon,M03,P03,636,572,570,2,430.0,385.0,38.0,40.38,400.39,7.17,14872.0,58.06,12.0,20963.72,31920.0
WO-002153,2025-09-16,2025-09,2025-W38,Morning,M04,P03,587,441,431,10,430.0,316.46,38.0,43.06,251.46,7.17,11466.0,36.46,74.24,16353.87,24136.0
WO-002154,2025-09-16,2025-09,2025-W38,Morning,M05,P05,441,410,402,8,430.0,392.59,52.0,57.45,213.01,7.17,19680.0,30.89,41.51,27310.06,41004.0
WO-002155,2025-09-16,2025-09,2025-W38,Afternoon,M05,P01,375,322,316,6,430.0,369.71,62.0,68.89,201.72,7.17,14168.0,29.25,40.68,19977.6,29704.0
WO-002156,2025-09-16,2025-09,2025-W38,Morning,M06,P04,252,224,220,4,430.0,390.2,95.0,104.52,237.0,7.17,22176.0,34.36,30.28,30668.32,46200.0
WO-002157,2025-09-16,2025-09,2025-W38,Afternoon,M06,P04,246,228,224,4,430.0,404.57,95.0,106.47,240.0,7.17,22572.0,34.8,92.78,31267.25,47040.0
WO-002158,2025-09-17,2025-09,2025-W38,Morning,M01,P01,387,341,336,5,430.0,378.84,62.0,66.66,361.09,7.17,15004.0,52.36,29.05,21129.08,31584.0
WO-002159,2025-09-17,2025-09,2025-W38,Afternoon,M01,P01,363,328,322,6,430.0,372.35,62.0,68.11,348.22,7.17,14432.0,50.49,90.68,20408.84,30268.0
WO-002160,2025-09-17,2025-09,2025-W38,Morning,M02,P02,316,255,252,3,430.0,349.65,74.0,82.27,238.21,7.17,15045.0,34.54,53.46,21075.67,31752.0
WO-002161,2025-09-17,2025-09,2025-W38,Afternoon,M02,P05,430,394,382,12,430.0,380.41,52.0,57.93,254.81,7.17,18912.0,36.95,12.0,26246.61,38964.0
WO-002162,2025-09-17,2025-09,2025-W38,Morning,M03,P03,657,592,583,9,430.0,391.1,38.0,39.64,407.37,7.17,15392.0,59.07,30.18,21692.91,32648.0
WO-002163,2025-09-17,2025-09,2025-W38,Afternoon,M03,P03,634,546,540,6,430.0,376.6,38.0,41.38,391.72,7.17,14196.0,56.8,29.87,20057.34,30240.0
WO-002164,2025-09-17,2025-09,2025-W38,Morning,M04,P03,612,455,445,10,430.0,328.66,38.0,43.34,243.86,7.17,11830.0,35.36,105.51,16881.04,24920.0
WO-002165,2025-09-17,2025-09,2025-W38,Afternoon,M04,P06,181,128,122,6,430.0,309.49,125.0,145.07,246.54,7.17,17792.0,35.75,141.62,25085.04,36356.0
WO-002166,2025-09-17,2025-09,2025-W38,Morning,M05,P04,240,219,215,4,430.0,381.61,95.0,104.55,220.36,7.17,21681.0,31.95,29.28,29994.9,45150.0
WO-002167,2025-09-17,2025-09,2025-W38,Afternoon,M05,P01,373,312,305,7,430.0,370.0,62.0,71.15,199.03,7.17,13728.0,28.86,12.0,19348.53,28670.0
WO-002168,2025-09-17,2025-09,2025-W38,Morning,M06,P06,189,185,176,9,430.0,414.99,125.0,134.59,252.58,7.17,25715.0,36.62,12.0,35786.29,52448.0
WO-002169,2025-09-17,2025-09,2025-W38,Afternoon,M06,P01,400,360,353,7,430.0,404.42,62.0,67.4,252.13,7.17,15840.0,36.56,46.12,22270.35,33182.0
WO-002170,2025-09-18,2025-09,2025-W38,Morning,M01,P01,375,322,316,6,430.0,371.67,62.0,69.25,326.08,7.17,14168.0,47.28,94.32,20049.27,29704.0
WO-002171,2025-09-18,2025-09,2025-W38,Afternoon,M01,P01,380,337,333,4,430.0,383.1,62.0,68.21,343.51,7.17,14828.0,49.81,44.83,20902.31,31302.0
WO-002172,2025-09-18,2025-09,2025-W38,Morning,M02,P02,306,273,269,4,430.0,366.09,74.0,80.46,254.8,7.17,16107.0,36.95,40.76,22505.38,33894.0
WO-002173,2025-09-18,2025-09,2025-W38,Afternoon,M02,P02,316,267,260,7,430.0,382.92,74.0,86.05,262.55,7.17,15753.0,38.07,61.32,22047.06,32760.0
WO-002174,2025-09-18,2025-09,2025-W38,Morning,M03,P03,639,587,580,7,430.0,396.8,38.0,40.56,415.24,7.17,15262.0,60.21,30.63,21517.01,32480.0
WO-002175,2025-09-18,2025-09,2025-W38,Morning,M04,P03,620,466,456,10,430.0,334.8,38.0,43.11,281.82,7.17,12116.0,40.86,87.15,17258.68,25536.0
WO-002176,2025-09-18,2025-09,2025-W38,Afternoon,M04,P03,591,421,410,11,430.0,302.43,38.0,43.1,245.09,7.17,10946.0,35.54,89.75,15658.45,22960.0
WO-002177,2025-09-18,2025-09,2025-W38,Morning,M05,P05,446,406,398,8,430.0,383.96,52.0,56.74,214.0,7.17,19488.0,31.03,38.32,27047.01,40596.0
WO-002178,2025-09-18,2025-09,2025-W38,Afternoon,M05,P04,255,204,198,6,430.0,371.97,95.0,109.4,208.62,7.17,20196.0,30.25,27.47,27981.39,41580.0
WO-002179,2025-09-18,2025-09,2025-W38,Morning,M06,P05,426,413,404,9,430.0,396.58,52.0,57.61,256.65,7.17,19824.0,37.21,99.98,27569.86,41208.0
WO-002180,2025-09-18,2025-09,2025-W38,Afternoon,M06,P04,250,238,233,5,430.0,407.32,95.0,102.69,243.31,7.17,23562.0,35.28,16.99,32531.94,48930.0
WO-002181,2025-09-19,2025-09,2025-W38,Morning,M01,P03,602,544,536,8,430.0,379.71,38.0,41.88,340.0,7.17,14144.0,49.3,36.53,19985.5,30016.0
WO-002182,2025-09-19,2025-09,2025-W38,Afternoon,M01,P03,619,544,536,8,430.0,380.73,38.0,41.99,344.06,7.17,14144.0,49.89,19.81,19969.37,30016.0
WO-002183,2025-09-19,2025-09,2025-W38,Morning,M02,P02,316,268,262,6,430.0,377.12,74.0,84.43,262.03,7.17,15812.0,37.99,52.03,22117.69,33012.0
WO-002184,2025-09-19,2025-09,2025-W38,Afternoon,M02,P02,317,275,270,5,430.0,384.01,74.0,83.78,273.8,7.17,16225.0,39.7,27.32,22654.69,34020.0
WO-002185,2025-09-19,2025-09,2025-W38,Morning,M03,P05,454,415,404,11,430.0,385.93,52.0,55.8,414.19,7.17,19920.0,60.06,65.62,27688.34,41208.0
WO-002186,2025-09-19,2025-09,2025-W38,Afternoon,M03,P03,633,561,555,6,430.0,387.05,38.0,41.4,412.09,7.17,14586.0,59.75,105.63,20668.55,31080.0
WO-002187,2025-09-19,2025-09,2025-W38,Morning,M04,P04,246,177,172,5,430.0,316.94,95.0,107.44,247.89,7.17,17523.0,35.94,70.34,24411.95,36120.0
WO-002188,2025-09-19,2025-09,2025-W38,Afternoon,M04,P06,178,126,121,5,430.0,303.05,125.0,144.31,238.03,7.17,17514.0,34.51,73.09,24635.27,36058.0
WO-002189,2025-09-19,2025-09,2025-W38,Morning,M05,P04,251,207,204,3,430.0,357.94,95.0,103.75,193.51,7.17,20493.0,28.06,73.04,28426.77,42840.0
WO-002190,2025-09-19,2025-09,2025-W38,Afternoon,M05,P04,265,206,201,5,430.0,364.47,95.0,106.16,200.51,7.17,20394.0,29.07,12.0,28232.74,42210.0
WO-002191,2025-09-19,2025-09,2025-W38,Morning,M06,P01,346,363,356,7,430.0,412.94,62.0,68.25,239.15,7.17,15972.0,34.68,40.28,22442.62,33464.0
WO-002192,2025-09-19,2025-09,2025-W38,Afternoon,M06,P05,454,407,397,10,430.0,389.78,52.0,57.46,234.38,7.17,19536.0,33.98,39.38,27116.04,40494.0
WO-002193,2025-09-22,2025-09,2025-W39,Morning,M01,P01,360,353,349,4,430.0,394.32,62.0,67.02,366.29,7.17,15532.0,53.11,46.99,21867.77,32806.0
WO-002194,2025-09-22,2025-09,2025-W39,Afternoon,M01,P03,613,546,537,9,430.0,376.5,38.0,41.37,342.95,7.17,14196.0,49.73,19.98,20040.37,30072.0
WO-002195,2025-09-22,2025-09,2025-W39,Morning,M02,P01,368,334,327,7,430.0,396.8,62.0,71.28,282.43,7.17,14696.0,40.95,32.66,20701.28,30738.0
WO-002196,2025-09-22,2025-09,2025-W39,Afternoon,M02,P01,385,316,308,8,430.0,367.63,62.0,69.8,257.65,7.17,13904.0,37.36,58.93,19643.95,28952.0
WO-002197,2025-09-22,2025-09,2025-W39,Morning,M03,P03,582,578,576,2,430.0,389.78,38.0,40.46,427.27,7.17,15028.0,61.95,110.11,21278.73,32256.0
WO-002198,2025-09-22,2025-09,2025-W39,Afternoon,M03,P05,458,437,426,11,430.0,411.37,52.0,56.48,414.15,7.17,20976.0,60.05,46.55,29099.27,43452.0
WO-002199,2025-09-22,2025-09,2025-W39,Morning,M04,P06,188,142,136,6,430.0,333.5,125.0,140.92,266.88,7.17,19738.0,38.7,77.45,27683.81,40528.0
WO-002200,2025-09-22,2025-09,2025-W39,Afternoon,M04,P04,247,167,162,5,430.0,311.03,95.0,111.75,239.84,7.17,16533.0,34.78,110.97,23111.41,34020.0
WO-002201,2025-09-22,2025-09,2025-W39,Morning,M05,P05,470,399,390,9,430.0,383.66,52.0,57.69,205.41,7.17,19152.0,29.78,119.4,26671.85,39780.0
WO-002202,2025-09-22,2025-09,2025-W39,Afternoon,M05,P04,264,207,203,4,430.0,366.56,95.0,106.25,204.01,7.17,20493.0,29.58,51.4,28406.65,42630.0
WO-002203,2025-09-22,2025-09,2025-W39,Morning,M06,P05,441,435,420,15,430.0,408.84,52.0,56.39,237.63,7.17,20880.0,34.46,46.49,28943.61,42840.0
WO-002204,2025-09-22,2025-09,2025-W39,Afternoon,M06,P05,450,436,426,10,430.0,403.73,52.0,55.56,242.14,7.17,20928.0,35.11,27.0,28989.78,43452.0
WO-002205,2025-09-23,2025-09,2025-W39,Morning,M01,P01,371,333,328,5,430.0,379.68,62.0,68.41,354.06,7.17,14652.0,51.34,30.43,20649.43,30832.0
WO-002206,2025-09-23,2025-09,2025-W39,Afternoon,M01,P03,589,514,508,6,430.0,361.05,38.0,42.15,316.09,7.17,13364.0,45.83,52.14,18932.64,28448.0
WO-002207,2025-09-23,2025-09,2025-W39,Morning,M02,P02,314,281,274,7,430.0,384.39,74.0,82.08,266.26,7.17,16579.0,38.61,136.65,23242.92,34524.0
WO-002208,2025-09-23,2025-09,2025-W39,Afternoon,M02,P01,345,306,302,4,430.0,362.61,62.0,71.1,252.39,7.17,13464.0,36.6,54.54,19038.81,28388.0
WO-002209,2025-09-23,2025-09,2025-W39,Morning,M03,P05,453,413,406,7,430.0,380.79,52.0,55.32,401.03,7.17,19824.0,58.15,35.99,27526.81,41412.0
WO-002210,2025-09-23,2025-09,2025-W39,Afternoon,M03,P03,617,571,561,10,430.0,390.84,38.0,41.07,427.98,7.17,14846.0,62.06,88.41,21008.64,31416.0
WO-002211,2025-09-23,2025-09,2025-W39,Morning,M04,P03,569,453,441,12,430.0,336.97,38.0,44.63,259.43,7.17,11778.0,37.62,69.13,16775.92,24696.0
WO-002212,2025-09-23,2025-09,2025-W39,Afternoon,M04,P06,194,128,122,6,430.0,318.43,125.0,149.26,264.02,7.17,17792.0,38.28,114.92,25060.87,36356.0
WO-002213,2025-09-23,2025-09,2025-W39,Morning,M05,P06,181,178,172,6,430.0,393.89,125.0,132.77,219.18,7.17,24742.0,31.78,34.97,34474.42,51256.0
WO-002214,2025-09-23,2025-09,2025-W39,Afternoon,M05,P01,375,325,317,8,430.0,379.17,62.0,70.0,200.74,7.17,14300.0,29.11,85.22,20202.0,29798.0
WO-002215,2025-09-23,2025-09,2025-W39,Morning,M06,P04,241,228,223,5,430.0,400.58,95.0,105.42,241.89,7.17,22572.0,35.07,57.79,31232.53,46830.0
WO-002216,2025-09-23,2025-09,2025-W39,Afternoon,M06,P05,434,420,410,10,430.0,398.56,52.0,56.94,239.93,7.17,20160.0,34.79,43.76,27966.21,41820.0
WO-002217,2025-09-24,2025-09,2025-W39,Morning,M01,P01,384,336,330,6,430.0,383.68,62.0,68.52,356.74,7.17,14784.0,51.73,12.0,20811.39,31020.0
WO-002218,2025-09-24,2025-09,2025-W39,Afternoon,M01,P02,319,278,272,6,430.0,379.07,74.0,81.81,332.84,7.17,16402.0,48.26,12.76,22888.69,34272.0
WO-002219,2025-09-24,2025-09,2025-W39,Morning,M02,P05,447,422,412,10,430.0,396.44,52.0,56.37,273.84,7.17,20256.0,39.71,97.93,28155.31,42024.0
WO-002220,2025-09-24,2025-09,2025-W39,Afternoon,M02,P05,460,391,381,10,430.0,384.78,52.0,59.05,263.85,7.17,18768.0,38.26,26.61,26067.54,38862.0
WO-002221,2025-09-24,2025-09,2025-W39,Morning,M03,P03,599,624,619,5,430.0,411.75,38.0,39.59,439.46,7.17,16224.0,63.72,12.03,22815.42,34664.0
WO-002222,2025-09-24,2025-09,2025-W39,Afternoon,M03,P05,414,414,403,11,430.0,393.9,52.0,57.09,401.8,7.17,19872.0,58.26,97.04,27652.97,41106.0
WO-002223,2025-09-24,2025-09,2025-W39,Morning,M04,P06,199,138,131,7,430.0,326.15,125.0,141.8,262.52,7.17,19182.0,38.07,124.46,26970.2,39038.0
WO-002224,2025-09-24,2025-09,2025-W39,Afternoon,M04,P04,238,162,157,5,430.0,302.85,95.0,112.17,232.58,7.17,16038.0,33.72,63.41,22392.8,32970.0
WO-002225,2025-09-24,2025-09,2025-W39,Morning,M05,P05,458,391,382,9,430.0,395.45,52.0,60.68,218.37,7.17,18768.0,31.66,38.02,26072.35,38964.0
WO-002226,2025-09-24,2025-09,2025-W39,Afternoon,M05,P05,459,378,367,11,430.0,373.07,52.0,59.22,198.36,7.17,18144.0,28.76,70.55,25256.98,37434.0
WO-002227,2025-09-24,2025-09,2025-W39,Morning,M06,P05,456,435,425,10,430.0,402.12,52.0,55.47,242.11,7.17,20880.0,35.11,24.34,28922.11,43350.0
WO-002228,2025-09-24,2025-09,2025-W39,Afternoon,M06,P01,371,339,334,5,430.0,388.18,62.0,68.7,233.81,7.17,14916.0,33.9,12.0,20973.57,31396.0
WO-002229,2025-09-25,2025-09,2025-W39,Morning,M01,P03,641,597,592,5,430.0,407.84,38.0,40.99,380.26,7.17,15522.0,55.14,32.23,21868.54,33152.0
WO-002230,2025-09-25,2025-09,2025-W39,Afternoon,M01,P03,619,527,518,9,430.0,367.13,38.0,41.8,333.1,7.17,13702.0,48.3,34.54,19379.01,29008.0
WO-002231,2025-09-25,2025-09,2025-W39,Morning,M02,P05,460,383,374,9,430.0,376.02,52.0,58.91,262.24,7.17,18384.0,38.02,88.17,25608.86,38148.0
WO-002232,2025-09-25,2025-09,2025-W39,Afternoon,M02,P02,328,269,262,7,430.0,370.36,74.0,82.61,280.86,7.17,15871.0,40.72,12.0,22160.39,33012.0
WO-002233,2025-09-25,2025-09,2025-W39,Morning,M03,P05,470,390,382,8,430.0,369.6,52.0,56.86,383.64,7.17,18720.0,55.63,47.92,26041.22,38964.0
WO-002234,2025-09-25,2025-09,2025-W39,Afternoon,M03,P01,391,373,366,7,430.0,401.24,62.0,64.54,447.12,7.17,16412.0,64.83,31.9,23064.4,34404.0
WO-002235,2025-09-25,2025-09,2025-W39,Morning,M04,P03,615,470,458,12,430.0,333.49,38.0,42.57,265.56,7.17,12220.0,38.51,79.97,17391.15,25648.0
WO-002236,2025-09-25,2025-09,2025-W39,Afternoon,M04,P06,186,133,126,7,430.0,320.64,125.0,144.65,257.14,7.17,18487.0,37.28,93.56,25988.51,37548.0
WO-002237,2025-09-25,2025-09,2025-W39,Morning,M05,P01,377,349,341,8,430.0,398.69,62.0,68.54,221.42,7.17,15356.0,32.11,63.69,21623.46,32054.0
WO-002238,2025-09-25,2025-09,2025-W39,Afternoon,M05,P06,181,162,155,7,430.0,385.32,125.0,142.71,204.84,7.17,22518.0,29.7,22.6,31419.97,46190.0
WO-002239,2025-09-25,2025-09,2025-W39,Morning,M06,P04,255,224,220,4,430.0,388.94,95.0,104.18,236.96,7.17,22176.0,34.36,46.64,30684.66,46200.0
WO-002240,2025-09-25,2025-09,2025-W39,Afternoon,M06,P04,243,234,229,5,430.0,398.06,95.0,102.07,239.04,7.17,23166.0,34.66,116.58,32094.91,48090.0
WO-002241,2025-09-26,2025-09,2025-W39,Morning,M01,P01,392,343,338,5,430.0,392.55,62.0,68.67,343.86,7.17,15092.0,49.86,34.25,21251.78,31772.0
WO-002242,2025-09-26,2025-09,2025-W39,Afternoon,M01,P03,615,521,514,7,430.0,377.37,38.0,43.46,349.25,7.17,13546.0,50.64,98.76,19232.57,28784.0
WO-002243,2025-09-26,2025-09,2025-W39,Morning,M02,P01,359,337,333,4,430.0,382.1,62.0,68.03,272.69,7.17,14828.0,39.54,24.87,20872.08,31302.0
WO-002244,2025-09-26,2025-09,2025-W39,Afternoon,M02,P01,383,333,326,7,430.0,381.57,62.0,68.75,252.01,7.17,14652.0,36.54,45.1,20649.3,30644.0
WO-002245,2025-09-26,2025-09,2025-W39,Morning,M03,P01,383,338,333,5,430.0,386.67,62.0,68.64,388.92,7.17,14872.0,56.39,17.73,20941.79,31302.0
WO-002246,2025-09-26,2025-09,2025-W39,Afternoon,M03,P01,394,351,343,8,430.0,399.66,62.0,68.32,428.62,7.17,15444.0,62.15,47.23,21757.04,32242.0
WO-002247,2025-09-26,2025-09,2025-W39,Morning,M04,P06,183,131,125,6,430.0,316.53,125.0,144.97,259.45,7.17,18209.0,37.62,90.24,25605.53,37250.0
WO-002248,2025-09-26,2025-09,2025-W39,Afternoon,M04,P03,599,432,421,11,430.0,321.93,38.0,44.71,252.48,7.17,11232.0,36.61,59.58,16019.86,23576.0
WO-002249,2025-09-26,2025-09,2025-W39,Morning,M05,P05,459,381,377,4,430.0,374.73,52.0,59.01,216.26,7.17,18288.0,31.36,14.57,25398.6,38454.0
WO-002250,2025-09-26,2025-09,2025-W39,Afternoon,M05,P06,185,163,156,7,430.0,366.76,125.0,135.0,204.83,7.17,22657.0,29.7,180.71,31768.07,46488.0
WO-002251,2025-09-26,2025-09,2025-W39,Morning,M06,P04,245,242,238,4,430.0,417.1,95.0,103.41,238.4,7.17,23958.0,34.57,39.93,33090.16,49980.0
WO-002252,2025-09-26,2025-09,2025-W39,Afternoon,M06,P04,243,224,218,6,430.0,390.36,95.0,104.56,236.37,7.17,22176.0,34.27,33.41,30671.35,45780.0
WO-002253,2025-09-29,2025-09,2025-W40,Morning,M01,P02,317,283,279,4,430.0,379.6,74.0,80.48,334.39,7.17,16697.0,48.49,43.22,23319.37,35154.0
WO-002254,2025-09-29,2025-09,2025-W40,Afternoon,M01,P03,622,542,531,11,430.0,387.57,38.0,42.9,335.96,7.17,14092.0,48.71,45.05,19922.43,29736.0
WO-002255,2025-09-29,2025-09,2025-W40,Morning,M02,P05,460,390,378,12,430.0,377.34,52.0,58.05,264.49,7.17,18720.0,38.35,20.99,25997.0,38556.0
WO-002256,2025-09-29,2025-09,2025-W40,Afternoon,M02,P01,380,316,307,9,430.0,367.74,62.0,69.82,254.02,7.17,13904.0,36.83,68.58,19653.07,28858.0
WO-002257,2025-09-29,2025-09,2025-W40,Morning,M03,P03,628,598,590,8,430.0,406.06,38.0,40.74,430.02,7.17,15548.0,62.35,43.39,21922.41,33040.0
WO-002258,2025-09-29,2025-09,2025-W40,Afternoon,M03,P05,467,423,408,15,430.0,407.86,52.0,57.85,415.74,7.17,20304.0,60.28,12.0,28154.95,41616.0
WO-002259,2025-09-29,2025-09,2025-W40,Morning,M04,P03,644,462,452,10,430.0,334.41,38.0,43.43,281.82,7.17,12012.0,40.86,65.56,17095.09,25312.0
WO-002260,2025-09-29,2025-09,2025-W40,Afternoon,M04,P06,181,134,127,7,430.0,325.02,125.0,145.53,270.11,7.17,18626.0,39.17,98.11,26184.94,37846.0
WO-002261,2025-09-29,2025-09,2025-W40,Morning,M05,P01,374,358,352,6,430.0,389.78,62.0,65.33,230.77,7.17,15752.0,33.46,91.9,22193.03,33088.0
WO-002262,2025-09-29,2025-09,2025-W40,Afternoon,M05,P04,260,211,205,6,430.0,376.85,95.0,107.16,212.99,7.17,20889.0,30.88,17.49,28910.04,43050.0
WO-002263,2025-09-29,2025-09,2025-W40,Morning,M06,P06,180,187,181,6,430.0,412.87,125.0,132.47,252.02,7.17,25993.0,36.54,12.0,36166.21,53938.0
WO-002264,2025-09-29,2025-09,2025-W40,Afternoon,M06,P04,249,223,219,4,430.0,395.16,95.0,106.32,223.73,7.17,22077.0,32.44,12.0,30514.11,45990.0
WO-002265,2025-09-30,2025-09,2025-W40,Morning,M01,P01,355,347,341,6,430.0,385.88,62.0,66.72,355.59,7.17,15268.0,51.56,59.21,21518.44,32054.0
WO-002266,2025-09-30,2025-09,2025-W40,Afternoon,M01,P01,374,334,329,5,430.0,378.87,62.0,68.06,351.27,7.17,14696.0,50.93,20.22,20698.82,30926.0
WO-002267,2025-09-30,2025-09,2025-W40,Morning,M02,P02,317,251,245,6,430.0,350.54,74.0,83.79,238.29,7.17,14809.0,34.55,33.14,20735.36,30870.0
WO-002268,2025-09-30,2025-09,2025-W40,Afternoon,M02,P02,311,272,266,6,430.0,374.66,74.0,82.65,280.78,7.17,16048.0,40.71,35.64,22424.02,33516.0
WO-002269,2025-09-30,2025-09,2025-W40,Morning,M03,P05,464,414,403,11,430.0,391.21,52.0,56.7,403.28,7.17,19872.0,58.48,12.0,27568.14,41106.0
WO-002270,2025-09-30,2025-09,2025-W40,Afternoon,M03,P03,644,535,528,7,430.0,387.59,38.0,43.47,393.75,7.17,13910.0,57.09,84.9,19722.16,29568.0
WO-002271,2025-09-30,2025-09,2025-W40,Morning,M04,P03,634,422,414,8,430.0,307.49,38.0,43.72,243.39,7.17,10972.0,35.29,68.36,15672.31,23184.0
WO-002272,2025-09-30,2025-09,2025-W40,Afternoon,M04,P06,186,140,134,6,430.0,326.26,125.0,139.83,255.73,7.17,19460.0,37.08,181.67,27406.42,39932.0
WO-002273,2025-09-30,2025-09,2025-W40,Morning,M05,P05,491,394,385,9,430.0,374.97,52.0,57.1,207.23,7.17,18912.0,30.05,74.31,26302.03,39270.0
WO-002274,2025-09-30,2025-09,2025-W40,Afternoon,M05,P04,252,212,207,5,430.0,371.97,95.0,105.27,203.1,7.17,20988.0,29.45,72.17,29097.28,43470.0
WO-002275,2025-09-30,2025-09,2025-W40,Morning,M06,P04,255,235,230,5,430.0,406.57,95.0,103.81,246.1,7.17,23265.0,35.68,40.86,32154.21,48300.0
WO-002276,2025-09-30,2025-09,2025-W40,Afternoon,M06,P05,433,415,406,9,430.0,400.31,52.0,57.88,254.21,7.17,19920.0,36.86,57.57,27657.1,41412.0
WO-002277,2025-10-01,2025-10,2025-W40,Morning,M01,P02,337,291,286,5,430.0,392.07,74.0,80.84,367.13,7.17,17169.0,53.23,48.57,23969.47,36036.0
WO-002278,2025-10-01,2025-10,2025-W40,Afternoon,M01,P01,401,330,326,4,430.0,374.39,62.0,68.07,339.5,7.17,14520.0,49.23,139.89,20576.78,30644.0
WO-002279,2025-10-01,2025-10,2025-W40,Morning,M02,P05,473,386,375,11,430.0,373.32,52.0,58.03,268.75,7.17,18528.0,38.97,69.56,25786.19,38250.0
WO-002280,2025-10-01,2025-10,2025-W40,Afternoon,M02,P02,333,276,269,7,430.0,380.33,74.0,82.68,268.38,7.17,16284.0,38.91,41.17,22747.76,33894.0
WO-002281,2025-10-01,2025-10,2025-W40,Morning,M03,P01,409,357,351,6,430.0,389.19,62.0,65.41,420.78,7.17,15708.0,61.01,24.2,22092.88,32994.0
WO-002282,2025-10-01,2025-10,2025-W40,Afternoon,M03,P03,673,546,535,11,430.0,384.47,38.0,42.25,415.32,7.17,14196.0,60.22,61.66,20092.55,29960.0
WO-002283,2025-10-01,2025-10,2025-W40,Morning,M04,P06,195,139,132,7,430.0,329.8,125.0,142.36,267.67,7.17,19321.0,38.81,150.57,27187.05,39336.0
WO-002284,2025-10-01,2025-10,2025-W40,Afternoon,M04,P03,618,399,390,9,430.0,295.19,38.0,44.39,239.07,7.17,10374.0,34.67,65.9,14852.73,21840.0
WO-002285,2025-10-01,2025-10,2025-W40,Morning,M05,P01,373,333,327,6,430.0,370.85,62.0,66.82,203.75,7.17,14652.0,29.54,18.04,20615.25,30738.0
WO-002286,2025-10-01,2025-10,2025-W40,Afternoon,M05,P01,405,314,310,4,430.0,370.78,62.0,70.85,207.01,7.17,13816.0,30.02,24.79,19482.47,29140.0
WO-002287,2025-10-01,2025-10,2025-W40,Morning,M06,P06,198,186,179,7,430.0,401.15,125.0,129.4,233.03,7.17,25854.0,33.79,70.6,36032.05,53342.0
WO-002288,2025-10-01,2025-10,2025-W40,Afternoon,M06,P04,256,232,226,6,430.0,414.43,95.0,107.18,247.4,7.17,22968.0,35.87,76.11,31787.65,47460.0
WO-002289,2025-10-02,2025-10,2025-W40,Morning,M01,P02,324,288,283,5,430.0,388.08,74.0,80.85,358.51,7.17,16992.0,51.98,43.57,23723.22,35658.0
WO-002290,2025-10-02,2025-10,2025-W40,Afternoon,M01,P01,398,327,322,5,430.0,379.45,62.0,69.62,338.84,7.17,14388.0,49.13,12.0,20268.8,30268.0
WO-002291,2025-10-02,2025-10,2025-W40,Morning,M02,P01,380,344,338,6,430.0,404.53,62.0,70.56,278.32,7.17,15136.0,40.36,13.54,21281.56,31772.0
WO-002292,2025-10-02,2025-10,2025-W40,Afternoon,M02,P01,402,299,296,3,430.0,346.59,62.0,69.55,242.27,7.17,13156.0,35.13,31.84,18594.64,27824.0
WO-002293,2025-10-02,2025-10,2025-W40,Morning,M03,P01,392,335,329,6,430.0,382.73,62.0,68.55,393.35,7.17,14740.0,57.04,26.97,20771.67,30926.0
WO-002294,2025-10-02,2025-10,2025-W40,Afternoon,M03,P05,472,426,415,11,430.0,396.95,52.0,55.91,416.75,7.17,20448.0,60.43,34.12,28372.21,42330.0
WO-002295,2025-10-02,2025-10,2025-W40,Morning,M04,P03,629,467,454,13,430.0,337.82,38.0,43.4,262.55,7.17,12142.0,38.07,76.45,17280.69,25424.0
WO-002296,2025-10-02,2025-10,2025-W40,Afternoon,M04,P03,636,459,449,10,430.0,334.65,38.0,43.75,252.21,7.17,11934.0,36.57,82.25,17000.99,25144.0
WO-002297,2025-10-02,2025-10,2025-W40,Morning,M05,P01,397,335,330,5,430.0,368.04,62.0,65.92,209.51,7.17,14740.0,30.38,12.0,20730.05,31020.0
WO-002298,2025-10-02,2025-10,2025-W40,Afternoon,M05,P05,483,383,374,9,430.0,367.84,52.0,57.63,202.66,7.17,18384.0,29.39,12.0,25524.05,38148.0
WO-002299,2025-10-02,2025-10,2025-W40,Morning,M06,P05,478,439,426,13,430.0,406.82,52.0,55.6,244.39,7.17,21072.0,35.44,28.54,29186.64,43452.0
WO-002300,2025-10-02,2025-10,2025-W40,Afternoon,M06,P04,271,233,227,6,430.0,401.06,95.0,103.28,237.66,7.17,23067.0,34.46,12.0,31856.13,47670.0
WO-002301,2025-10-03,2025-10,2025-W40,Morning,M01,P01,401,353,346,7,430.0,382.33,62.0,64.98,373.97,7.17,15532.0,54.23,15.65,21837.55,32524.0
WO-002302,2025-10-03,2025-10,2025-W40,Afternoon,M01,P01,391,328,320,8,430.0,373.51,62.0,68.32,359.98,7.17,14432.0,52.2,60.16,20380.02,30080.0
WO-002303,2025-10-03,2025-10,2025-W40,Morning,M02,P05,473,420,410,10,430.0,396.97,52.0,56.71,279.47,7.17,20160.0,40.52,35.77,27963.96,41820.0
WO-002304,2025-10-03,2025-10,2025-W40,Afternoon,M02,P02,326,261,257,4,430.0,371.12,74.0,85.32,253.64,7.17,15399.0,36.78,53.29,21557.74,32382.0
WO-002305,2025-10-03,2025-10,2025-W40,Morning,M03,P05,458,407,396,11,430.0,384.16,52.0,56.63,399.8,7.17,19536.0,57.97,12.0,27112.64,40392.0
WO-002306,2025-10-03,2025-10,2025-W40,Afternoon,M03,P05,493,374,366,8,430.0,366.04,52.0,58.72,398.18,7.17,17952.0,57.74,24.99,24980.39,37332.0
WO-002307,2025-10-03,2025-10,2025-W40,Morning,M04,P03,701,440,433,7,430.0,302.87,38.0,41.3,244.34,7.17,11440.0,35.43,68.51,16311.61,24248.0
WO-002308,2025-10-03,2025-10,2025-W40,Afternoon,M04,P04,264,178,173,5,430.0,328.83,95.0,110.84,252.34,7.17,17622.0,36.59,101.44,24577.69,36330.0
WO-002309,2025-10-03,2025-10,2025-W40,Morning,M05,P05,460,385,377,8,430.0,371.44,52.0,57.89,199.42,7.17,18480.0,28.92,17.33,25658.92,38454.0
WO-002310,2025-10-03,2025-10,2025-W40,Afternoon,M05,P05,472,382,374,8,430.0,361.62,52.0,56.8,200.26,7.17,18336.0,29.04,82.45,25529.15,38148.0
WO-002311,2025-10-03,2025-10,2025-W40,Morning,M06,P06,187,186,179,7,430.0,408.82,125.0,131.88,261.9,7.17,25854.0,37.98,23.74,35989.38,53342.0
WO-002312,2025-10-03,2025-10,2025-W40,Afternoon,M06,P06,210,171,164,7,430.0,393.1,125.0,137.93,235.5,7.17,23769.0,34.15,27.37,33139.18,48872.0
WO-002313,2025-10-06,2025-10,2025-W41,Morning,M01,P03,665,531,524,7,430.0,368.42,38.0,41.63,352.69,7.17,13806.0,51.14,49.7,19539.01,29344.0
WO-002314,2025-10-06,2025-10,2025-W41,Afternoon,M01,P03,647,535,527,8,430.0,371.46,38.0,41.66,339.94,7.17,13910.0,49.29,52.35,19681.8,29512.0
WO-002315,2025-10-06,2025-10,2025-W41,Morning,M02,P02,322,298,292,6,430.0,388.6,74.0,78.24,281.32,7.17,17582.0,40.79,12.0,24480.46,36792.0
WO-002316,2025-10-06,2025-10,2025-W41,Afternoon,M02,P05,467,364,355,9,430.0,354.62,52.0,58.45,254.45,7.17,17472.0,36.89,13.11,24297.67,36210.0
WO-002317,2025-10-06,2025-10,2025-W41,Morning,M03,P03,650,604,600,4,430.0,410.55,38.0,40.78,450.53,7.17,15704.0,65.33,90.84,22185.83,33600.0
WO-002318,2025-10-06,2025-10,2025-W41,Afternoon,M03,P05,491,431,423,8,430.0,395.52,52.0,55.06,399.66,7.17,20688.0,57.95,19.22,28679.84,43146.0
WO-002319,2025-10-06,2025-10,2025-W41,Morning,M04,P06,198,141,136,5,430.0,338.16,125.0,143.9,263.78,7.17,19599.0,38.25,80.99,27496.9,40528.0
WO-002320,2025-10-06,2025-10,2025-W41,Afternoon,M04,P06,182,136,130,6,430.0,326.38,125.0,143.99,261.51,7.17,18904.0,37.92,85.0,26550.58,38740.0
WO-002321,2025-10-06,2025-10,2025-W41,Morning,M05,P01,394,348,340,8,430.0,384.93,62.0,66.37,208.14,7.17,15312.0,30.18,13.26,21511.11,31960.0
WO-002322,2025-10-06,2025-10,2025-W41,Afternoon,M05,P05,453,359,349,10,430.0,349.68,52.0,58.44,199.89,7.17,17232.0,28.98,22.95,23974.6,35598.0
WO-002323,2025-10-06,2025-10,2025-W41,Morning,M06,P05,471,408,398,10,430.0,398.06,52.0,58.54,236.41,7.17,19584.0,34.28,25.62,27167.56,40596.0
WO-002324,2025-10-06,2025-10,2025-W41,Afternoon,M06,P06,191,175,169,6,430.0,401.97,125.0,137.82,246.17,7.17,24325.0,35.7,12.0,33885.36,50362.0
WO-002325,2025-10-07,2025-10,2025-W41,Morning,M01,P02,333,273,268,5,430.0,376.76,74.0,82.81,338.09,7.17,16107.0,49.02,17.91,22494.6,33768.0
WO-002326,2025-10-07,2025-10,2025-W41,Afternoon,M01,P02,329,266,260,6,430.0,372.17,74.0,83.95,332.4,7.17,15694.0,48.2,34.25,21950.11,32760.0
WO-002327,2025-10-07,2025-10,2025-W41,Morning,M02,P05,492,393,385,8,430.0,371.3,52.0,56.69,276.1,7.17,18864.0,40.04,17.55,26190.26,39270.0
WO-002328,2025-10-07,2025-10,2025-W41,Afternoon,M02,P05,468,386,378,8,430.0,372.92,52.0,57.97,254.86,7.17,18528.0,36.95,107.36,25821.98,38556.0
WO-002329,2025-10-07,2025-10,2025-W41,Morning,M03,P05,479,405,396,9,430.0,383.38,52.0,56.8,407.41,7.17,19440.0,59.07,34.71,27006.45,40392.0
WO-002330,2025-10-07,2025-10,2025-W41,Afternoon,M03,P03,578,570,560,10,430.0,380.05,38.0,40.01,384.94,7.17,14820.0,55.82,23.91,20902.39,31360.0
WO-002331,2025-10-07,2025-10,2025-W41,Morning,M04,P06,183,130,124,6,430.0,308.27,125.0,142.28,253.21,7.17,18070.0,36.72,127.18,25451.56,36952.0
WO-002332,2025-10-07,2025-10,2025-W41,Afternoon,M04,P04,256,177,172,5,430.0,324.67,95.0,110.06,271.94,7.17,17523.0,39.43,115.07,24460.16,36120.0
WO-002333,2025-10-07,2025-10,2025-W41,Morning,M05,P04,237,235,231,4,430.0,393.07,95.0,100.36,219.74,7.17,23265.0,31.86,25.1,32134.62,48510.0
WO-002334,2025-10-07,2025-10,2025-W41,Afternoon,M05,P05,498,392,382,10,430.0,381.37,52.0,58.37,223.53,7.17,18816.0,32.41,20.36,26120.44,38964.0
WO-002335,2025-10-07,2025-10,2025-W41,Morning,M06,P04,252,225,222,3,430.0,384.64,95.0,102.57,232.93,7.17,22275.0,33.77,12.0,30783.44,46620.0
WO-002336,2025-10-07,2025-10,2025-W41,Afternoon,M06,P05,477,426,417,9,430.0,397.27,52.0,55.95,240.33,7.17,20448.0,34.85,130.75,28443.27,42534.0
WO-002337,2025-10-08,2025-10,2025-W41,Morning,M01,P01,402,325,318,7,430.0,375.7,62.0,69.36,334.3,7.17,14300.0,48.47,29.78,20165.92,29892.0
WO-002338,2025-10-08,2025-10,2025-W41,Afternoon,M01,P02,312,263,256,7,430.0,358.87,74.0,81.87,312.98,7.17,15517.0,45.38,28.07,21701.12,32256.0
WO-002339,2025-10-08,2025-10,2025-W41,Morning,M02,P02,332,287,280,7,430.0,377.33,74.0,78.88,268.2,7.17,16933.0,38.89,40.56,23627.12,35280.0
WO-002340,2025-10-08,2025-10,2025-W41,Afternoon,M02,P05,450,376,366,10,430.0,368.68,52.0,58.83,249.34,7.17,18048.0,36.15,15.68,25079.5,37332.0
WO-002341,2025-10-08,2025-10,2025-W41,Morning,M03,P05,441,422,414,8,430.0,386.22,52.0,54.91,402.76,7.17,20256.0,58.4,26.2,28102.27,42228.0
WO-002342,2025-10-08,2025-10,2025-W41,Afternoon,M03,P05,484,425,417,8,430.0,398.3,52.0,56.23,425.88,7.17,20400.0,61.75,12.0,28286.42,42534.0
WO-002343,2025-10-08,2025-10,2025-W41,Morning,M04,P06,197,133,126,7,430.0,312.71,125.0,141.07,251.92,7.17,18487.0,36.53,66.83,25961.03,37548.0
WO-002344,2025-10-08,2025-10,2025-W41,Afternoon,M04,P03,613,432,420,12,430.0,311.32,38.0,43.24,252.95,7.17,11232.0,36.68,97.83,16058.17,23520.0
WO-002345,2025-10-08,2025-10,2025-W41,Morning,M05,P05,466,400,392,8,430.0,382.13,52.0,57.32,213.19,7.17,19200.0,30.91,37.86,26656.44,39984.0
WO-002346,2025-10-08,2025-10,2025-W41,Afternoon,M05,P06,192,156,150,6,430.0,366.92,125.0,141.12,196.18,7.17,21684.0,28.45,39.87,30295.99,44700.0
WO-002347,2025-10-08,2025-10,2025-W41,Morning,M06,P05,457,390,382,8,430.0,375.79,52.0,57.81,223.83,7.17,18720.0,32.46,16.94,25987.06,38964.0
WO-002348,2025-10-08,2025-10,2025-W41,Afternoon,M06,P06,205,172,165,7,430.0,385.26,125.0,134.39,224.03,7.17,23908.0,32.48,22.08,33322.23,49170.0
WO-002349,2025-10-09,2025-10,2025-W41,Morning,M01,P01,392,359,354,5,430.0,396.38,62.0,66.25,377.51,7.17,15796.0,54.74,39.98,22222.38,33276.0
WO-002350,2025-10-09,2025-10,2025-W41,Afternoon,M01,P02,338,273,264,9,430.0,378.98,74.0,83.29,324.91,7.17,16107.0,47.11,12.92,22487.7,33264.0
WO-002351,2025-10-09,2025-10,2025-W41,Morning,M02,P05,477,384,373,11,430.0,362.75,52.0,56.68,252.65,7.17,18432.0,36.63,42.64,25626.94,38046.0
WO-002352,2025-10-09,2025-10,2025-W41,Afternoon,M02,P01,399,318,313,5,430.0,382.66,62.0,72.2,265.36,7.17,13992.0,38.48,67.4,19773.54,29422.0
WO-002353,2025-10-09,2025-10,2025-W41,Morning,M03,P01,370,375,371,4,430.0,404.8,62.0,64.77,435.13,7.17,16500.0,63.09,25.67,23176.43,34874.0
WO-002354,2025-10-09,2025-10,2025-W41,Afternoon,M03,P03,679,582,578,4,430.0,405.71,38.0,41.83,410.32,7.17,15132.0,59.5,37.02,21345.18,32368.0
WO-002355,2025-10-09,2025-10,2025-W41,Morning,M04,P06,199,135,130,5,430.0,318.11,125.0,141.38,261.74,7.17,18765.0,37.95,87.45,26363.07,38740.0
WO-002356,2025-10-09,2025-10,2025-W41,Afternoon,M04,P06,184,136,131,5,430.0,328.34,125.0,144.86,249.05,7.17,18904.0,36.11,81.46,26545.24,39038.0
WO-002357,2025-10-09,2025-10,2025-W41,Morning,M05,P06,203,158,152,6,430.0,367.47,125.0,139.55,212.36,7.17,21962.0,30.79,12.0,30650.46,45296.0
WO-002358,2025-10-09,2025-10,2025-W41,Afternoon,M05,P04,254,208,203,5,430.0,358.81,95.0,103.5,206.61,7.17,20592.0,29.96,115.79,28605.42,42630.0
WO-002359,2025-10-09,2025-10,2025-W41,Morning,M06,P01,392,365,359,6,430.0,410.0,62.0,67.4,230.61,7.17,16060.0,33.44,84.72,22605.82,33746.0
WO-002360,2025-10-09,2025-10,2025-W41,Afternoon,M06,P01,414,353,348,5,430.0,384.1,62.0,65.29,223.81,7.17,15532.0,32.45,75.32,21875.44,32712.0
WO-002361,2025-10-10,2025-10,2025-W41,Morning,M01,P02,308,281,277,4,430.0,375.71,74.0,80.22,326.42,7.17,16579.0,47.33,16.44,23131.43,34902.0
WO-002362,2025-10-10,2025-10,2025-W41,Afternoon,M01,P01,372,328,321,7,430.0,372.08,62.0,68.06,341.35,7.17,14432.0,49.5,12.0,20329.16,30174.0
WO-002363,2025-10-10,2025-10,2025-W41,Morning,M02,P05,476,389,380,9,430.0,368.7,52.0,56.87,270.67,7.17,18672.0,39.25,22.51,25934.42,38760.0
WO-002364,2025-10-10,2025-10,2025-W41,Afternoon,M02,P05,479,391,379,12,430.0,371.13,52.0,56.95,266.57,7.17,18768.0,38.65,12.0,26053.32,38658.0
WO-002365,2025-10-10,2025-10,2025-W41,Morning,M03,P03,629,586,579,7,430.0,402.2,38.0,41.18,425.81,7.17,15236.0,61.74,70.83,21523.24,32424.0
WO-002366,2025-10-10,2025-10,2025-W41,Morning,M04,P03,683,454,442,12,430.0,334.51,38.0,44.21,279.98,7.17,11804.0,40.6,57.13,16802.4,24752.0
WO-002367,2025-10-10,2025-10,2025-W41,Morning,M05,P04,254,225,222,3,430.0,395.74,95.0,105.53,221.64,7.17,22275.0,32.14,31.42,30801.23,46620.0
WO-002368,2025-10-10,2025-10,2025-W41,Afternoon,M05,P05,478,387,374,13,430.0,368.59,52.0,57.15,216.86,7.17,18576.0,31.44,23.66,25797.77,38148.0
WO-002369,2025-10-10,2025-10,2025-W41,Morning,M06,P04,245,230,227,3,430.0,398.52,95.0,103.96,239.5,7.17,22770.0,34.73,23.31,31465.7,47670.0
WO-002370,2025-10-10,2025-10,2025-W41,Afternoon,M06,P04,248,220,216,4,430.0,389.64,95.0,106.27,225.62,7.17,21780.0,32.71,83.66,30184.04,45360.0
WO-002371,2025-10-13,2025-10,2025-W42,Morning,M01,P02,326,284,277,7,430.0,386.99,74.0,81.76,360.22,7.17,16756.0,52.23,20.44,23380.34,34902.0
WO-002372,2025-10-13,2025-10,2025-W42,Afternoon,M01,P03,641,535,526,9,430.0,375.49,38.0,42.11,332.16,7.17,13910.0,48.16,25.76,19654.09,29456.0
WO-002373,2025-10-13,2025-10,2025-W42,Morning,M02,P05,490,368,362,6,430.0,359.43,52.0,58.6,253.7,7.17,17664.0,36.79,30.83,24575.29,36924.0
WO-002374,2025-10-13,2025-10,2025-W42,Afternoon,M02,P02,326,255,251,4,430.0,356.63,74.0,83.91,236.71,7.17,15045.0,34.32,19.05,21041.04,31626.0
WO-002375,2025-10-13,2025-10,2025-W42,Morning,M03,P01,388,342,336,6,430.0,386.05,62.0,67.73,400.06,7.17,15048.0,58.01,12.0,21177.68,31584.0
WO-002376,2025-10-13,2025-10,2025-W42,Afternoon,M03,P05,480,409,399,10,430.0,396.95,52.0,58.23,426.32,7.17,19632.0,61.82,22.26,27256.74,40698.0
WO-002377,2025-10-13,2025-10,2025-W42,Morning,M04,P04,263,174,168,6,430.0,323.5,95.0,111.55,255.79,7.17,17226.0,37.09,149.85,24090.61,35280.0
WO-002378,2025-10-13,2025-10,2025-W42,Afternoon,M04,P04,269,164,160,4,430.0,307.14,95.0,112.37,251.65,7.17,16236.0,36.49,73.39,22673.54,33600.0
WO-002379,2025-10-13,2025-10,2025-W42,Morning,M05,P06,196,165,159,6,430.0,381.55,125.0,138.75,211.02,7.17,22935.0,30.6,12.0,31980.26,47382.0
WO-002380,2025-10-13,2025-10,2025-W42,Afternoon,M05,P05,485,382,370,12,430.0,375.31,52.0,58.95,210.5,7.17,18336.0,30.52,15.87,25464.06,37740.0
WO-002381,2025-10-13,2025-10,2025-W42,Morning,M06,P06,194,175,169,6,430.0,389.64,125.0,133.59,238.61,7.17,24325.0,34.6,37.01,33909.28,50362.0
WO-002382,2025-10-13,2025-10,2025-W42,Afternoon,M06,P01,423,358,352,6,430.0,398.62,62.0,66.81,242.85,7.17,15752.0,35.21,53.16,22156.04,33088.0
WO-002383,2025-10-14,2025-10,2025-W42,Morning,M01,P02,320,285,278,7,430.0,392.63,74.0,82.66,356.21,7.17,16815.0,51.65,75.07,23514.39,35028.0
WO-002384,2025-10-14,2025-10,2025-W42,Afternoon,M01,P01,416,312,307,5,430.0,365.29,62.0,70.25,337.43,7.17,13728.0,48.93,25.81,19382.4,28858.0
WO-002385,2025-10-14,2025-10,2025-W42,Morning,M02,P01,384,322,317,5,430.0,369.86,62.0,68.92,264.95,7.17,14168.0,38.42,40.2,19986.28,29798.0
WO-002386,2025-10-14,2025-10,2025-W42,Afternoon,M02,P02,333,256,251,5,430.0,366.11,74.0,85.81,258.43,7.17,15104.0,37.47,50.63,21155.77,31626.0
WO-002387,2025-10-14,2025-10,2025-W42,Morning,M03,P03,660,576,568,8,430.0,392.2,38.0,40.85,428.35,7.17,14976.0,62.11,20.45,21118.23,31808.0
WO-002388,2025-10-14,2025-10,2025-W42,Afternoon,M03,P05,466,430,420,10,430.0,394.16,52.0,55.0,403.9,7.17,20640.0,58.57,85.89,28682.13,42840.0
WO-002389,2025-10-14,2025-10,2025-W42,Morning,M04,P06,197,142,136,6,430.0,326.93,125.0,138.14,264.41,7.17,19738.0,38.34,101.79,27707.79,40528.0
WO-002390,2025-10-14,2025-10,2025-W42,Afternoon,M04,P03,655,456,447,9,430.0,332.52,38.0,43.75,263.24,7.17,11856.0,38.17,109.99,16923.82,25032.0
WO-002391,2025-10-14,2025-10,2025-W42,Morning,M05,P06,192,162,155,7,430.0,382.85,125.0,141.79,211.92,7.17,22518.0,30.73,30.08,31428.48,46190.0
WO-002392,2025-10-14,2025-10,2025-W42,Afternoon,M05,P04,259,212,207,5,430.0,370.5,95.0,104.86,208.03,7.17,20988.0,30.16,12.0,29037.83,43470.0
WO-002393,2025-10-14,2025-10,2025-W42,Morning,M06,P06,199,180,174,6,430.0,417.1,125.0,139.03,258.99,7.17,25020.0,37.55,42.61,34867.83,51852.0
WO-002394,2025-10-14,2025-10,2025-W42,Afternoon,M06,P01,397,355,347,8,430.0,400.53,62.0,67.69,239.16,7.17,15620.0,34.68,59.58,21981.92,32618.0
WO-002395,2025-10-15,2025-10,2025-W42,Morning,M01,P03,650,550,541,9,430.0,392.51,38.0,42.82,348.67,7.17,14300.0,50.56,51.33,20214.55,30296.0
WO-002396,2025-10-15,2025-10,2025-W42,Afternoon,M01,P03,605,534,524,10,430.0,377.43,38.0,42.41,339.54,7.17,13884.0,49.23,18.64,19612.55,29344.0
WO-002397,2025-10-15,2025-10,2025-W42,Morning,M02,P02,327,280,271,9,430.0,385.31,74.0,82.57,252.78,7.17,16520.0,36.65,31.69,23056.01,34146.0
WO-002398,2025-10-15,2025-10,2025-W42,Afternoon,M02,P01,380,324,321,3,430.0,364.54,62.0,67.51,269.74,7.17,14256.0,39.11,16.1,20082.88,30174.0
WO-002399,2025-10-15,2025-10,2025-W42,Morning,M03,P01,389,351,345,6,430.0,390.4,62.0,66.73,411.61,7.17,15444.0,59.68,12.0,21719.35,32430.0
WO-002400,2025-10-15,2025-10,2025-W42,Afternoon,M03,P03,607,544,534,10,430.0,375.68,38.0,41.44,398.96,7.17,14144.0,57.85,25.58,19983.09,29904.0
WO-002401,2025-10-15,2025-10,2025-W42,Morning,M04,P06,201,146,140,6,430.0,338.1,125.0,138.95,276.46,7.17,20294.0,40.09,89.67,28457.42,41720.0
WO-002402,2025-10-15,2025-10,2025-W42,Afternoon,M04,P03,635,423,413,10,430.0,303.91,38.0,43.11,242.66,7.17,10998.0,35.19,96.9,15736.25,23128.0
WO-002403,2025-10-15,2025-10,2025-W42,Morning,M05,P06,194,155,149,6,430.0,369.48,125.0,143.02,207.05,7.17,21545.0,30.02,22.91,30090.6,44402.0
WO-002404,2025-10-15,2025-10,2025-W42,Afternoon,M05,P05,459,383,374,9,430.0,364.76,52.0,57.14,203.94,7.17,18384.0,29.57,41.67,25553.9,38148.0
WO-002405,2025-10-15,2025-10,2025-W42,Morning,M06,P01,372,361,358,3,430.0,408.65,62.0,67.92,250.86,7.17,15884.0,36.38,50.29,22334.33,33652.0
WO-002406,2025-10-15,2025-10,2025-W42,Afternoon,M06,P01,376,370,363,7,430.0,399.97,62.0,64.86,247.36,7.17,16280.0,35.87,21.67,22845.2,34122.0
WO-002407,2025-10-16,2025-10,2025-W42,Morning,M01,P01,383,340,336,4,430.0,381.16,62.0,67.26,350.78,7.17,14960.0,50.86,70.06,21108.59,31584.0
WO-002408,2025-10-16,2025-10,2025-W42,Afternoon,M01,P03,673,548,544,4,430.0,387.67,38.0,42.45,363.63,7.17,14248.0,52.73,49.69,20144.08,30464.0
WO-002409,2025-10-16,2025-10,2025-W42,Morning,M02,P05,478,397,386,11,430.0,367.8,52.0,55.59,256.32,7.17,19056.0,37.17,176.23,26606.06,39372.0
WO-002410,2025-10-16,2025-10,2025-W42,Afternoon,M02,P05,475,416,409,7,430.0,382.58,52.0,55.18,278.08,7.17,19968.0,40.32,19.3,27687.29,41718.0
WO-002411,2025-10-16,2025-10,2025-W42,Morning,M03,P03,637,550,547,3,430.0,374.9,38.0,40.9,408.66,7.17,14300.0,59.26,54.35,20226.28,30632.0
WO-002412,2025-10-16,2025-10,2025-W42,Afternoon,M03,P01,418,333,329,4,430.0,384.2,62.0,69.23,400.77,7.17,14652.0,58.11,23.21,20648.99,30926.0
WO-002413,2025-10-16,2025-10,2025-W42,Morning,M04,P06,195,140,135,5,430.0,326.36,125.0,139.87,258.18,7.17,19460.0,37.44,68.18,27293.28,40230.0
WO-002414,2025-10-16,2025-10,2025-W42,Afternoon,M04,P04,260,177,172,5,430.0,332.94,95.0,112.86,267.3,7.17,17523.0,38.76,66.06,24410.48,36120.0
WO-002415,2025-10-16,2025-10,2025-W42,Morning,M05,P06,195,178,171,7,430.0,404.65,125.0,136.4,222.72,7.17,24742.0,32.29,42.92,34482.88,50958.0
WO-002416,2025-10-16,2025-10,2025-W42,Afternoon,M05,P06,192,154,149,5,430.0,365.98,125.0,142.59,201.77,7.17,21406.0,29.26,25.57,29902.5,44402.0
WO-002417,2025-10-16,2025-10,2025-W42,Morning,M06,P01,402,344,338,6,430.0,383.88,62.0,66.96,249.53,7.17,15136.0,36.18,99.72,21363.57,31772.0
WO-002418,2025-10-16,2025-10,2025-W42,Afternoon,M06,P05,437,406,396,10,430.0,390.22,52.0,57.67,238.82,7.17,19488.0,34.63,12.0,27024.3,40392.0
WO-002419,2025-10-17,2025-10,2025-W42,Morning,M01,P03,599,557,549,8,430.0,382.33,38.0,41.18,347.39,7.17,14482.0,50.37,20.97,20432.51,30744.0
WO-002420,2025-10-17,2025-10,2025-W42,Afternoon,M01,P02,333,286,280,6,430.0,388.57,74.0,81.52,359.14,7.17,16874.0,52.07,12.0,23531.74,35280.0
WO-002421,2025-10-17,2025-10,2025-W42,Morning,M02,P01,391,328,321,7,430.0,371.62,62.0,67.98,251.96,7.17,14432.0,36.53,95.54,20399.75,30174.0
WO-002422,2025-10-17,2025-10,2025-W42,Afternoon,M02,P05,470,397,389,8,430.0,383.2,52.0,57.91,278.7,7.17,19056.0,40.41,58.25,26491.33,39678.0
WO-002423,2025-10-17,2025-10,2025-W42,Morning,M03,P05,467,398,392,6,430.0,389.23,52.0,58.68,415.14,7.17,19104.0,60.2,12.0,26529.86,39984.0
WO-002424,2025-10-17,2025-10,2025-W42,Afternoon,M03,P01,431,344,338,6,430.0,394.61,62.0,68.83,405.24,7.17,15136.0,58.76,17.12,21303.54,31772.0
WO-002425,2025-10-17,2025-10,2025-W42,Morning,M04,P04,260,178,173,5,430.0,321.61,95.0,108.41,251.26,7.17,17622.0,36.43,115.19,24591.29,36330.0
WO-002426,2025-10-17,2025-10,2025-W42,Afternoon,M04,P04,261,174,168,6,430.0,320.45,95.0,110.5,267.21,7.17,17226.0,38.75,108.02,24050.44,35280.0
WO-002427,2025-10-17,2025-10,2025-W42,Morning,M05,P01,395,342,336,6,430.0,397.35,62.0,69.71,223.27,7.17,15048.0,32.37,49.57,21189.61,31584.0
WO-002428,2025-10-17,2025-10,2025-W42,Afternoon,M05,P01,418,312,304,8,430.0,369.02,62.0,70.97,206.2,7.17,13728.0,29.9,17.28,19354.84,28576.0
WO-002429,2025-10-17,2025-10,2025-W42,Morning,M06,P05,465,396,385,11,430.0,371.15,52.0,56.24,217.0,7.17,19008.0,31.47,12.0,26371.13,39270.0
WO-002430,2025-10-17,2025-10,2025-W42,Afternoon,M06,P01,406,349,343,6,430.0,398.64,62.0,68.53,243.35,7.17,15356.0,35.29,44.21,21607.17,32242.0
WO-002431,2025-10-20,2025-10,2025-W43,Morning,M01,P03,628,554,548,6,430.0,377.86,38.0,40.92,355.75,7.17,14404.0,51.58,42.13,20348.38,30688.0
WO-002432,2025-10-20,2025-10,2025-W43,Afternoon,M01,P03,596,519,511,8,430.0,368.76,38.0,42.63,335.22,7.17,13494.0,48.61,27.59,19088.37,28616.0
WO-002433,2025-10-20,2025-10,2025-W43,Morning,M02,P01,411,331,326,5,430.0,392.59,62.0,71.17,286.35,7.17,14564.0,41.52,12.0,20501.19,30644.0
WO-002434,2025-10-20,2025-10,2025-W43,Afternoon,M02,P05,469,398,389,9,430.0,381.29,52.0,57.48,274.77,7.17,19104.0,39.84,103.06,26600.57,39678.0
WO-002435,2025-10-20,2025-10,2025-W43,Morning,M03,P01,414,351,343,8,430.0,400.09,62.0,68.39,400.47,7.17,15444.0,58.07,48.57,21754.3,32242.0
WO-002436,2025-10-20,2025-10,2025-W43,Afternoon,M03,P01,404,338,333,5,430.0,383.38,62.0,68.06,413.18,7.17,14872.0,59.91,19.46,20947.04,31302.0
WO-002437,2025-10-20,2025-10,2025-W43,Morning,M04,P04,256,173,169,4,430.0,319.05,95.0,110.65,247.77,7.17,17127.0,35.93,77.46,23883.06,35490.0
WO-002438,2025-10-20,2025-10,2025-W43,Afternoon,M04,P06,193,125,120,5,430.0,312.06,125.0,149.79,246.54,7.17,17375.0,35.75,59.24,24432.65,35760.0
WO-002439,2025-10-20,2025-10,2025-W43,Morning,M05,P06,192,161,156,5,430.0,360.03,125.0,134.17,214.44,7.17,22379.0,31.09,72.65,31281.41,46488.0
WO-002440,2025-10-20,2025-10,2025-W43,Afternoon,M05,P01,372,334,327,7,430.0,382.64,62.0,68.74,200.52,7.17,14696.0,29.08,12.0,20668.74,30738.0
WO-002441,2025-10-20,2025-10,2025-W43,Morning,M06,P05,471,436,424,12,430.0,405.37,52.0,55.79,239.19,7.17,20928.0,34.68,54.51,29016.86,43248.0
WO-002442,2025-10-20,2025-10,2025-W43,Afternoon,M06,P05,487,426,412,14,430.0,397.78,52.0,56.03,243.26,7.17,20448.0,35.27,20.59,28333.53,42024.0
WO-002443,2025-10-21,2025-10,2025-W43,Morning,M01,P01,393,332,325,7,430.0,371.94,62.0,67.22,329.26,7.17,14608.0,47.74,12.0,20567.41,30550.0
WO-002444,2025-10-21,2025-10,2025-W43,Afternoon,M01,P01,390,312,304,8,430.0,376.09,62.0,72.32,330.74,7.17,13728.0,47.96,14.13,19369.75,28576.0
WO-002445,2025-10-21,2025-10,2025-W43,Afternoon,M02,P01,408,323,318,5,430.0,374.21,62.0,69.51,264.98,7.17,14212.0,38.42,12.0,20018.09,29892.0
WO-002446,2025-10-21,2025-10,2025-W43,Morning,M03,P03,580,570,565,5,430.0,395.59,38.0,41.64,406.28,7.17,14820.0,58.91,46.31,20927.89,31640.0
WO-002447,2025-10-21,2025-10,2025-W43,Afternoon,M03,P05,480,439,425,14,430.0,399.55,52.0,54.61,411.34,7.17,21072.0,59.64,27.34,29209.65,43350.0
WO-002448,2025-10-21,2025-10,2025-W43,Morning,M04,P03,649,458,451,7,430.0,335.9,38.0,44.0,266.25,7.17,11908.0,38.61,119.56,17004.83,25256.0
WO-002449,2025-10-21,2025-10,2025-W43,Afternoon,M04,P06,193,137,130,7,430.0,334.0,125.0,146.28,262.84,7.17,19043.0,38.11,63.06,26718.84,38740.0
WO-002450,2025-10-21,2025-10,2025-W43,Morning,M05,P01,387,312,307,5,430.0,362.33,62.0,69.68,199.62,7.17,13728.0,28.94,78.35,19414.96,28858.0
WO-002451,2025-10-21,2025-10,2025-W43,Afternoon,M05,P06,191,162,155,7,430.0,380.56,125.0,140.95,211.11,7.17,22518.0,30.61,77.52,31475.8,46190.0
WO-002452,2025-10-21,2025-10,2025-W43,Morning,M06,P04,251,232,228,4,430.0,406.96,95.0,105.25,246.19,7.17,22968.0,35.7,12.0,31723.36,47880.0
WO-002453,2025-10-21,2025-10,2025-W43,Afternoon,M06,P06,195,176,171,5,430.0,404.79,125.0,137.99,219.86,7.17,24464.0,31.88,40.86,34100.41,50958.0
WO-002454,2025-10-22,2025-10,2025-W43,Morning,M01,P03,645,561,557,4,430.0,387.9,38.0,41.49,362.93,7.17,14586.0,52.63,21.2,20576.99,31192.0
WO-002455,2025-10-22,2025-10,2025-W43,Afternoon,M01,P01,407,337,330,7,430.0,375.15,62.0,66.79,339.11,7.17,14828.0,49.17,54.42,20911.26,31020.0
WO-002456,2025-10-22,2025-10,2025-W43,Morning,M02,P05,462,377,369,8,430.0,363.74,52.0,57.89,257.78,7.17,18096.0,37.38,21.86,25151.91,37638.0
WO-002457,2025-10-22,2025-10,2025-W43,Afternoon,M02,P02,343,273,265,8,430.0,373.61,74.0,82.11,265.61,7.17,16107.0,38.51,32.88,22499.06,33390.0
WO-002458,2025-10-22,2025-10,2025-W43,Morning,M03,P01,380,321,318,3,430.0,373.03,62.0,69.72,385.6,7.17,14124.0,55.91,46.3,19949.88,29892.0
WO-002459,2025-10-22,2025-10,2025-W43,Afternoon,M03,P03,622,559,550,9,430.0,372.09,38.0,39.94,396.85,7.17,14534.0,57.54,115.12,20604.83,30800.0
WO-002460,2025-10-22,2025-10,2025-W43,Morning,M04,P03,664,440,432,8,430.0,321.86,38.0,43.89,265.86,7.17,11440.0,38.55,72.94,16319.16,24192.0
WO-002461,2025-10-22,2025-10,2025-W43,Afternoon,M04,P03,656,405,395,10,430.0,303.79,38.0,45.01,242.76,7.17,10530.0,35.2,76.43,15076.8,22120.0
WO-002462,2025-10-22,2025-10,2025-W43,Morning,M05,P04,265,218,213,5,430.0,381.56,95.0,105.02,209.88,7.17,21582.0,30.43,72.9,29903.0,44730.0
WO-002463,2025-10-22,2025-10,2025-W43,Afternoon,M05,P01,386,335,330,5,430.0,378.11,62.0,67.72,208.15,7.17,14740.0,30.18,98.5,20816.35,31020.0
WO-002464,2025-10-22,2025-10,2025-W43,Morning,M06,P01,373,372,368,4,430.0,411.77,62.0,66.41,262.36,7.17,16368.0,38.04,39.66,22985.37,34592.0
WO-002465,2025-10-22,2025-10,2025-W43,Afternoon,M06,P04,263,221,216,5,430.0,387.65,95.0,105.24,238.38,7.17,21879.0,34.57,31.01,30267.24,45360.0
WO-002466,2025-10-23,2025-10,2025-W43,Morning,M01,P01,417,330,325,5,430.0,372.91,62.0,67.8,344.31,7.17,14520.0,49.93,12.0,20449.59,30550.0
WO-002467,2025-10-23,2025-10,2025-W43,Afternoon,M01,P02,344,271,265,6,430.0,368.87,74.0,81.67,328.02,7.17,15989.0,47.56,46.4,22361.63,33390.0
WO-002468,2025-10-23,2025-10,2025-W43,Morning,M02,P02,316,282,276,6,430.0,388.53,74.0,82.66,270.56,7.17,16638.0,39.23,35.94,23222.84,34776.0
WO-002469,2025-10-23,2025-10,2025-W43,Afternoon,M02,P02,334,265,262,3,430.0,369.89,74.0,83.75,256.5,7.17,15635.0,37.19,34.89,21859.74,33012.0
WO-002470,2025-10-23,2025-10,2025-W43,Morning,M03,P05,481,424,416,8,430.0,398.39,52.0,56.38,404.06,7.17,20352.0,58.59,41.45,28247.71,42432.0
WO-002471,2025-10-23,2025-10,2025-W43,Afternoon,M03,P01,370,334,329,5,430.0,382.41,62.0,68.7,405.85,7.17,14696.0,58.85,87.19,20773.7,30926.0
WO-002472,2025-10-23,2025-10,2025-W43,Morning,M04,P04,253,171,166,5,430.0,304.17,95.0,106.73,246.1,7.17,16929.0,35.68,76.48,23613.83,34860.0
WO-002473,2025-10-23,2025-10,2025-W43,Afternoon,M04,P04,263,165,161,4,430.0,313.16,95.0,113.88,250.64,7.17,16335.0,36.34,80.62,22814.63,33810.0
WO-002474,2025-10-23,2025-10,2025-W43,Morning,M05,P05,459,431,424,7,430.0,398.78,52.0,55.51,230.14,7.17,20688.0,33.37,61.86,28697.9,43248.0
WO-002475,2025-10-23,2025-10,2025-W43,Afternoon,M05,P06,195,168,161,7,430.0,398.99,125.0,142.49,214.59,7.17,23352.0,31.12,49.29,32588.07,47978.0
WO-002476,2025-10-23,2025-10,2025-W43,Morning,M06,P04,259,224,218,6,430.0,383.0,95.0,102.59,225.23,7.17,22176.0,32.66,69.02,30705.34,45780.0
WO-002477,2025-10-23,2025-10,2025-W43,Afternoon,M06,P05,489,421,411,10,430.0,400.62,52.0,57.1,238.57,7.17,20208.0,34.59,17.45,28004.71,41922.0
WO-002478,2025-10-24,2025-10,2025-W43,Morning,M01,P01,422,311,307,4,430.0,368.84,62.0,71.16,339.23,7.17,13684.0,49.19,12.0,19308.85,28858.0
WO-002479,2025-10-24,2025-10,2025-W43,Afternoon,M01,P01,389,323,317,6,430.0,370.68,62.0,68.86,349.11,7.17,14212.0,50.62,25.7,20043.99,29798.0
WO-002480,2025-10-24,2025-10,2025-W43,Morning,M02,P02,334,279,275,4,430.0,397.28,74.0,85.44,284.81,7.17,16461.0,41.3,17.69,22966.65,34650.0
WO-002481,2025-10-24,2025-10,2025-W43,Afternoon,M02,P02,331,272,266,6,430.0,376.13,74.0,82.97,261.94,7.17,16048.0,37.98,12.0,22397.65,33516.0
WO-002482,2025-10-24,2025-10,2025-W43,Morning,M03,P01,400,341,336,5,430.0,388.13,62.0,68.29,416.9,7.17,15004.0,60.45,13.04,21121.16,31584.0
WO-002483,2025-10-24,2025-10,2025-W43,Afternoon,M03,P01,389,359,354,5,430.0,394.96,62.0,66.01,422.68,7.17,15796.0,61.29,142.71,22331.67,33276.0
WO-002484,2025-10-24,2025-10,2025-W43,Morning,M04,P04,254,177,172,5,430.0,324.19,95.0,109.89,252.84,7.17,17523.0,36.66,96.79,24439.12,36120.0
WO-002485,2025-10-24,2025-10,2025-W43,Afternoon,M04,P03,644,421,414,7,430.0,306.39,38.0,43.67,245.53,7.17,10946.0,35.6,109.35,15678.12,23184.0
WO-002486,2025-10-24,2025-10,2025-W43,Morning,M05,P04,260,206,201,5,430.0,360.41,95.0,104.97,200.53,7.17,20394.0,29.08,61.48,28282.22,42210.0
WO-002487,2025-10-24,2025-10,2025-W43,Afternoon,M05,P01,384,324,319,5,430.0,380.68,62.0,70.5,219.54,7.17,14256.0,31.83,20.71,20080.21,29986.0
WO-002488,2025-10-24,2025-10,2025-W43,Morning,M06,P04,259,243,239,4,430.0,410.01,95.0,101.24,255.67,7.17,24057.0,37.07,52.22,33238.96,50190.0
WO-002489,2025-10-24,2025-10,2025-W43,Afternoon,M06,P04,264,227,221,6,430.0,391.21,95.0,103.4,231.44,7.17,22473.0,33.56,138.47,31177.7,46410.0
WO-002490,2025-10-27,2025-10,2025-W44,Morning,M01,P01,416,314,309,5,430.0,359.63,62.0,68.72,319.67,7.17,13816.0,46.35,26.66,19500.68,29046.0
WO-002491,2025-10-27,2025-10,2025-W44,Afternoon,M01,P03,656,548,535,13,430.0,389.57,38.0,42.65,341.22,7.17,14248.0,49.48,32.31,20123.46,29960.0
WO-002492,2025-10-27,2025-10,2025-W44,Morning,M02,P05,447,414,404,10,430.0,394.76,52.0,57.21,271.04,7.17,19872.0,39.3,128.82,27665.79,41208.0
WO-002493,2025-10-27,2025-10,2025-W44,Afternoon,M02,P02,325,270,264,6,430.0,369.97,74.0,82.22,257.69,7.17,15930.0,37.36,46.54,22271.58,33264.0
WO-002494,2025-10-27,2025-10,2025-W44,Morning,M03,P05,488,421,413,8,430.0,395.37,52.0,56.35,411.79,7.17,20208.0,59.71,17.99,28030.37,42126.0
WO-002495,2025-10-27,2025-10,2025-W44,Afternoon,M03,P03,642,567,561,6,430.0,391.28,38.0,41.41,405.08,7.17,14742.0,58.74,12.96,20787.87,31416.0
WO-002496,2025-10-27,2025-10,2025-W44,Morning,M04,P06,200,128,123,5,430.0,316.54,125.0,148.38,262.49,7.17,17792.0,38.06,63.54,25009.27,36654.0
WO-002497,2025-10-27,2025-10,2025-W44,Afternoon,M04,P04,263,173,168,5,430.0,321.04,95.0,111.34,248.24,7.17,17127.0,35.99,69.82,23875.48,35280.0
WO-002498,2025-10-27,2025-10,2025-W44,Morning,M05,P04,242,218,215,3,430.0,376.11,95.0,103.52,211.55,7.17,21582.0,30.68,36.97,29867.32,45150.0
WO-002499,2025-10-27,2025-10,2025-W44,Afternoon,M05,P06,199,163,156,7,430.0,392.45,125.0,144.46,209.62,7.17,22657.0,30.39,39.57,31627.63,46488.0
WO-002500,2025-10-27,2025-10,2025-W44,Morning,M06,P05,492,428,420,8,430.0,404.64,52.0,56.73,252.88,7.17,20544.0,36.67,14.8,28459.14,42840.0
WO-002501,2025-10-27,2025-10,2025-W44,Afternoon,M06,P04,247,230,225,5,430.0,388.31,95.0,101.3,233.19,7.17,22770.0,33.81,12.0,31453.48,47250.0
WO-002502,2025-10-28,2025-10,2025-W44,Morning,M01,P01,407,352,344,8,430.0,393.58,62.0,67.09,358.56,7.17,15488.0,51.99,103.08,21862.73,32336.0
WO-002503,2025-10-28,2025-10,2025-W44,Afternoon,M01,P03,639,570,562,8,430.0,387.38,38.0,40.78,359.69,7.17,14820.0,52.16,31.58,20906.4,31472.0
WO-002504,2025-10-28,2025-10,2025-W44,Morning,M02,P02,354,258,253,5,430.0,361.95,74.0,84.17,252.1,7.17,15222.0,36.55,25.03,21289.25,31878.0
WO-002505,2025-10-28,2025-10,2025-W44,Afternoon,M02,P05,481,365,357,8,430.0,349.27,52.0,57.41,246.3,7.17,17520.0,35.71,46.93,24395.31,36414.0
WO-002506,2025-10-28,2025-10,2025-W44,Morning,M03,P03,610,568,559,9,430.0,377.86,38.0,39.91,395.53,7.17,14768.0,57.35,30.12,20839.14,31304.0
WO-002507,2025-10-28,2025-10,2025-W44,Afternoon,M03,P03,629,557,549,8,430.0,376.45,38.0,40.55,385.42,7.17,14482.0,55.89,28.4,20445.46,30744.0
WO-002508,2025-10-28,2025-10,2025-W44,Morning,M04,P06,202,128,123,5,430.0,304.04,125.0,142.52,237.12,7.17,17792.0,34.38,78.04,25020.09,36654.0
WO-002509,2025-10-28,2025-10,2025-W44,Afternoon,M04,P03,631,416,403,13,430.0,308.82,38.0,44.54,251.19,7.17,10816.0,36.42,177.84,15569.93,22568.0
WO-002510,2025-10-28,2025-10,2025-W44,Morning,M05,P05,497,399,392,7,430.0,378.28,52.0,56.88,207.8,7.17,19152.0,30.13,77.77,26630.57,39984.0
WO-002511,2025-10-28,2025-10,2025-W44,Afternoon,M05,P05,460,382,374,8,430.0,371.35,52.0,58.33,203.52,7.17,18336.0,29.51,26.52,25473.7,38148.0
WO-002512,2025-10-28,2025-10,2025-W44,Morning,M06,P04,262,245,240,5,430.0,408.71,95.0,100.09,245.87,7.17,24255.0,35.65,15.06,33468.38,50400.0
WO-002513,2025-10-28,2025-10,2025-W44,Afternoon,M06,P06,183,176,168,8,430.0,402.31,125.0,137.15,251.29,7.17,24464.0,36.44,51.32,34115.43,50064.0
WO-002514,2025-10-29,2025-10,2025-W44,Morning,M01,P02,342,281,276,5,430.0,374.51,74.0,79.97,353.04,7.17,16579.0,51.19,54.96,23173.82,34776.0
WO-002515,2025-10-29,2025-10,2025-W44,Afternoon,M01,P01,395,324,318,6,430.0,376.78,62.0,69.77,326.46,7.17,14256.0,47.34,12.0,20087.0,29892.0
WO-002516,2025-10-29,2025-10,2025-W44,Morning,M02,P05,464,390,381,9,430.0,379.8,52.0,58.43,265.94,7.17,18720.0,38.56,39.26,26015.49,38862.0
WO-002517,2025-10-29,2025-10,2025-W44,Afternoon,M02,P02,318,267,260,7,430.0,364.5,74.0,81.91,249.91,7.17,15753.0,36.24,23.27,22007.17,32760.0
WO-002518,2025-10-29,2025-10,2025-W44,Morning,M03,P03,672,591,586,5,430.0,395.48,38.0,40.15,441.23,7.17,15366.0,63.98,19.75,21651.9,32816.0
WO-002519,2025-10-29,2025-10,2025-W44,Afternoon,M03,P01,383,342,338,4,430.0,390.66,62.0,68.54,393.1,7.17,15048.0,57.0,47.93,21212.59,31772.0
WO-002520,2025-10-29,2025-10,2025-W44,Morning,M04,P03,640,441,433,8,430.0,311.08,38.0,42.32,251.99,7.17,11466.0,36.54,144.53,16424.24,24248.0
WO-002521,2025-10-29,2025-10,2025-W44,Afternoon,M04,P06,197,132,125,7,430.0,322.4,125.0,146.55,257.53,7.17,18348.0,37.34,79.77,25784.78,37250.0
WO-002522,2025-10-29,2025-10,2025-W44,Morning,M05,P01,391,329,325,4,430.0,382.71,62.0,69.8,214.95,7.17,14476.0,31.17,13.82,20372.66,30550.0
WO-002523,2025-10-29,2025-10,2025-W44,Afternoon,M05,P05,461,386,378,8,430.0,376.02,52.0,58.45,205.64,7.17,18528.0,29.82,12.0,25719.48,38556.0
WO-002524,2025-10-29,2025-10,2025-W44,Morning,M06,P05,462,451,439,12,430.0,412.4,52.0,54.86,258.42,7.17,21648.0,37.47,12.0,29952.14,44778.0
WO-002525,2025-10-29,2025-10,2025-W44,Afternoon,M06,P04,260,236,233,3,430.0,407.91,95.0,103.71,242.29,7.17,23364.0,35.13,18.88,32265.68,48930.0
WO-002526,2025-10-30,2025-10,2025-W44,Morning,M01,P02,334,291,285,6,430.0,388.75,74.0,80.16,375.7,7.17,17169.0,54.48,28.24,23950.39,35910.0
WO-002527,2025-10-30,2025-10,2025-W44,Afternoon,M01,P03,681,516,507,9,430.0,365.39,38.0,42.49,336.96,7.17,13416.0,48.86,57.96,19012.48,28392.0
WO-002528,2025-10-30,2025-10,2025-W44,Morning,M02,P05,474,386,377,9,430.0,374.66,52.0,58.24,259.23,7.17,18528.0,37.59,55.26,25770.51,38454.0
WO-002529,2025-10-30,2025-10,2025-W44,Afternoon,M02,P05,442,369,357,12,430.0,359.75,52.0,58.5,254.52,7.17,17712.0,36.9,56.51,24666.08,36414.0
WO-002530,2025-10-30,2025-10,2025-W44,Morning,M03,P03,656,603,597,6,430.0,402.32,38.0,40.03,415.01,7.17,15678.0,60.18,33.69,22088.03,33432.0
WO-002531,2025-10-30,2025-10,2025-W44,Afternoon,M03,P03,685,557,551,6,430.0,376.97,38.0,40.61,384.82,7.17,14482.0,55.8,72.68,20489.65,30856.0
WO-002532,2025-10-30,2025-10,2025-W44,Morning,M04,P06,206,137,131,6,430.0,325.19,125.0,142.42,256.56,7.17,19043.0,37.2,64.67,26719.54,39038.0
WO-002533,2025-10-30,2025-10,2025-W44,Morning,M05,P06,195,167,162,5,430.0,383.09,125.0,137.64,211.46,7.17,23213.0,30.66,33.15,32381.48,48276.0
WO-002534,2025-10-30,2025-10,2025-W44,Afternoon,M05,P06,197,155,148,7,430.0,354.61,125.0,137.27,197.2,7.17,21545.0,28.59,68.49,30134.75,44104.0
WO-002535,2025-10-30,2025-10,2025-W44,Morning,M06,P06,190,177,170,7,430.0,413.41,125.0,140.14,253.92,7.17,24603.0,36.82,20.39,34274.87,50660.0
WO-002536,2025-10-30,2025-10,2025-W44,Afternoon,M06,P01,391,358,351,7,430.0,404.18,62.0,67.74,241.4,7.17,15752.0,35.0,14.68,22117.35,32994.0
WO-002537,2025-10-31,2025-10,2025-W44,Morning,M01,P01,388,333,328,5,430.0,377.91,62.0,68.09,353.66,7.17,14652.0,51.28,17.69,20636.64,30832.0
WO-002538,2025-10-31,2025-10,2025-W44,Afternoon,M01,P02,339,275,269,6,430.0,387.68,74.0,84.58,332.0,7.17,16225.0,48.14,12.0,22647.81,33894.0
WO-002539,2025-10-31,2025-10,2025-W44,Morning,M02,P02,323,272,267,5,430.0,384.93,74.0,84.91,266.17,7.17,16048.0,38.6,39.68,22425.94,33642.0
WO-002540,2025-10-31,2025-10,2025-W44,Afternoon,M02,P02,336,271,268,3,430.0,370.96,74.0,82.13,269.35,7.17,15989.0,39.06,52.33,22359.06,33768.0
WO-002541,2025-10-31,2025-10,2025-W44,Morning,M03,P05,447,421,413,8,430.0,379.26,52.0,54.05,417.4,7.17,20208.0,60.52,27.12,28040.31,42126.0
WO-002542,2025-10-31,2025-10,2025-W44,Afternoon,M03,P03,644,550,546,4,430.0,388.98,38.0,42.43,400.99,7.17,14300.0,58.14,56.92,20227.73,30576.0
WO-002543,2025-10-31,2025-10,2025-W44,Morning,M04,P06,203,137,131,6,430.0,323.49,125.0,141.67,256.6,7.17,19043.0,37.21,104.63,26759.5,39038.0
WO-002544,2025-10-31,2025-10,2025-W44,Afternoon,M04,P03,664,438,425,13,430.0,321.97,38.0,44.1,249.19,7.17,11388.0,36.13,132.96,16305.75,23800.0
WO-002545,2025-10-31,2025-10,2025-W44,Morning,M05,P06,194,167,159,8,430.0,382.15,125.0,137.3,220.49,7.17,23213.0,31.97,23.45,32373.09,47382.0
WO-002546,2025-10-31,2025-10,2025-W44,Afternoon,M05,P06,202,158,152,6,430.0,374.33,125.0,142.15,214.09,7.17,21962.0,31.04,22.55,30661.26,45296.0
WO-002547,2025-10-31,2025-10,2025-W44,Morning,M06,P06,200,177,171,6,430.0,394.49,125.0,133.72,235.25,7.17,24603.0,34.11,50.42,34302.19,50958.0
WO-002548,2025-10-31,2025-10,2025-W44,Afternoon,M06,P06,193,168,163,5,430.0,390.04,125.0,139.3,237.91,7.17,23352.0,34.5,27.54,32569.71,48574.0
WO-002549,2025-11-03,2025-11,2025-W45,Morning,M01,P03,663,601,595,6,430.0,399.77,38.0,39.91,385.85,7.17,15626.0,55.95,38.64,22017.75,33320.0
WO-002550,2025-11-03,2025-11,2025-W45,Afternoon,M01,P01,418,333,326,7,430.0,376.36,62.0,67.81,340.83,7.17,14652.0,49.42,49.32,20666.4,30644.0
WO-002551,2025-11-03,2025-11,2025-W45,Morning,M02,P05,478,418,406,12,430.0,385.77,52.0,55.37,278.57,7.17,20064.0,40.39,14.91,27812.97,41412.0
WO-002552,2025-11-03,2025-11,2025-W45,Afternoon,M02,P05,473,375,364,11,430.0,365.51,52.0,58.48,246.59,7.17,18000.0,35.76,34.81,25033.23,37128.0
WO-002553,2025-11-03,2025-11,2025-W45,Morning,M03,P03,657,574,567,7,430.0,387.96,38.0,40.55,412.11,7.17,14924.0,59.76,26.25,21050.67,31752.0
WO-002554,2025-11-03,2025-11,2025-W45,Afternoon,M03,P05,483,415,408,7,430.0,386.35,52.0,55.86,395.05,7.17,19920.0,57.28,23.45,27643.4,41616.0
WO-002555,2025-11-03,2025-11,2025-W45,Morning,M04,P04,261,187,182,5,430.0,335.1,95.0,107.52,274.28,7.17,18513.0,39.77,120.12,25805.55,38220.0
WO-002556,2025-11-03,2025-11,2025-W45,Afternoon,M04,P03,633,419,409,10,430.0,315.53,38.0,45.18,247.61,7.17,10894.0,35.9,70.41,15568.49,22904.0
WO-002557,2025-11-03,2025-11,2025-W45,Morning,M05,P05,502,398,390,8,430.0,385.61,52.0,58.13,219.95,7.17,19104.0,31.89,27.71,26517.27,39780.0
WO-002558,2025-11-03,2025-11,2025-W45,Afternoon,M05,P06,201,155,150,5,430.0,372.3,125.0,144.12,205.07,7.17,21545.0,29.74,39.94,30107.34,44700.0
WO-002559,2025-11-03,2025-11,2025-W45,Morning,M06,P01,392,363,358,5,430.0,403.6,62.0,66.71,233.83,7.17,15972.0,33.91,33.89,22435.46,33652.0
WO-002560,2025-11-03,2025-11,2025-W45,Afternoon,M06,P04,276,233,229,4,430.0,408.43,95.0,105.18,220.6,7.17,23067.0,31.99,35.14,31876.8,48090.0
WO-002561,2025-11-04,2025-11,2025-W45,Morning,M01,P01,405,334,328,6,430.0,381.01,62.0,68.45,322.68,7.17,14696.0,46.79,92.05,20766.51,30832.0
WO-002562,2025-11-04,2025-11,2025-W45,Afternoon,M01,P02,317,279,274,5,430.0,381.12,74.0,81.96,351.22,7.17,16461.0,50.93,63.28,23021.87,34524.0
WO-002563,2025-11-04,2025-11,2025-W45,Morning,M02,P05,481,387,378,9,430.0,378.69,52.0,58.71,261.92,7.17,18576.0,37.98,15.73,25796.38,38556.0
WO-002564,2025-11-04,2025-11,2025-W45,Afternoon,M02,P02,326,266,260,6,430.0,371.7,74.0,83.84,253.61,7.17,15694.0,36.77,12.0,21916.44,32760.0
WO-002565,2025-11-04,2025-11,2025-W45,Morning,M03,P03,626,553,548,5,430.0,390.92,38.0,42.41,388.43,7.17,14378.0,56.32,62.41,20337.9,30688.0
WO-002566,2025-11-04,2025-11,2025-W45,Afternoon,M03,P03,670,552,544,8,430.0,380.6,38.0,41.37,402.56,7.17,14352.0,58.37,35.28,20277.31,30464.0
WO-002567,2025-11-04,2025-11,2025-W45,Morning,M04,P04,278,172,167,5,430.0,319.66,95.0,111.51,260.94,7.17,17028.0,37.84,67.39,23740.89,35070.0
WO-002568,2025-11-04,2025-11,2025-W45,Afternoon,M04,P04,256,168,163,5,430.0,306.23,95.0,109.37,244.06,7.17,16632.0,35.39,119.55,23254.6,34230.0
WO-002569,2025-11-04,2025-11,2025-W45,Morning,M05,P04,285,221,217,4,430.0,384.09,95.0,104.28,228.12,7.17,21879.0,33.08,16.99,30251.73,45570.0
WO-002570,2025-11-04,2025-11,2025-W45,Afternoon,M05,P01,394,324,319,5,430.0,377.31,62.0,69.87,206.26,7.17,14256.0,29.91,43.57,20101.14,29986.0
WO-002571,2025-11-04,2025-11,2025-W45,Afternoon,M06,P05,484,429,418,11,430.0,399.6,52.0,55.89,240.75,7.17,20592.0,34.91,43.02,28550.59,42636.0
WO-002572,2025-11-05,2025-11,2025-W45,Morning,M01,P01,432,325,319,6,430.0,373.03,62.0,68.87,337.92,7.17,14300.0,49.0,76.98,20213.64,29986.0
WO-002573,2025-11-05,2025-11,2025-W45,Afternoon,M01,P03,626,551,545,6,430.0,381.48,38.0,41.54,349.49,7.17,14326.0,50.68,19.03,20217.87,30520.0
WO-002574,2025-11-05,2025-11,2025-W45,Morning,M02,P05,444,386,376,10,430.0,369.02,52.0,57.36,268.25,7.17,18528.0,38.9,12.0,25728.56,38352.0
WO-002575,2025-11-05,2025-11,2025-W45,Afternoon,M02,P01,420,308,302,6,430.0,359.24,62.0,69.98,260.65,7.17,13552.0,37.79,93.46,19198.93,28388.0
WO-002576,2025-11-05,2025-11,2025-W45,Morning,M03,P01,378,351,344,7,430.0,381.84,62.0,65.27,407.88,7.17,15444.0,59.14,26.73,21733.54,32336.0
WO-002577,2025-11-05,2025-11,2025-W45,Afternoon,M03,P05,489,397,386,11,430.0,373.73,52.0,56.48,394.4,7.17,19056.0,57.19,63.96,26513.81,39372.0
WO-002578,2025-11-05,2025-11,2025-W45,Morning,M04,P03,638,442,434,8,430.0,327.44,38.0,44.45,260.32,7.17,11492.0,37.75,76.83,16393.24,24304.0
WO-002579,2025-11-05,2025-11,2025-W45,Afternoon,M04,P03,661,467,455,12,430.0,347.15,38.0,44.6,292.69,7.17,12142.0,42.44,63.99,17272.6,25480.0
WO-002580,2025-11-05,2025-11,2025-W45,Morning,M05,P05,479,399,391,8,430.0,383.39,52.0,57.65,205.3,7.17,19152.0,29.77,12.0,26564.44,39882.0
WO-002581,2025-11-05,2025-11,2025-W45,Afternoon,M05,P05,481,391,382,9,430.0,367.73,52.0,56.43,206.43,7.17,18768.0,29.93,12.0,26044.6,38964.0
WO-002582,2025-11-05,2025-11,2025-W45,Morning,M06,P05,478,444,434,10,430.0,404.05,52.0,54.6,242.08,7.17,21312.0,35.1,49.76,29532.53,44268.0
WO-002583,2025-11-05,2025-11,2025-W45,Afternoon,M06,P04,269,223,218,5,430.0,388.1,95.0,104.42,241.13,7.17,22077.0,34.96,27.49,30532.12,45780.0
WO-002584,2025-11-06,2025-11,2025-W45,Morning,M01,P02,351,296,291,5,430.0,389.07,74.0,78.87,332.63,7.17,17464.0,48.23,20.67,24336.57,36666.0
WO-002585,2025-11-06,2025-11,2025-W45,Afternoon,M01,P01,402,328,323,5,430.0,385.53,62.0,70.52,335.21,7.17,14432.0,48.61,12.0,20328.27,30362.0
WO-002586,2025-11-06,2025-11,2025-W45,Morning,M02,P01,383,315,309,6,430.0,353.98,62.0,67.43,250.57,7.17,13860.0,36.33,52.94,19576.94,29046.0
WO-002587,2025-11-06,2025-11,2025-W45,Afternoon,M02,P02,335,263,258,5,430.0,362.0,74.0,82.59,252.38,7.17,15517.0,36.6,86.56,21750.82,32508.0
WO-002588,2025-11-06,2025-11,2025-W45,Morning,M03,P05,463,423,413,10,430.0,392.62,52.0,55.69,425.42,7.17,20304.0,61.69,70.2,28214.55,42126.0
WO-002589,2025-11-06,2025-11,2025-W45,Afternoon,M03,P01,389,329,322,7,430.0,376.51,62.0,68.66,399.79,7.17,14476.0,57.97,106.89,20492.53,30268.0
WO-002590,2025-11-06,2025-11,2025-W45,Morning,M04,P03,654,436,428,8,430.0,325.8,38.0,44.84,273.37,7.17,11336.0,39.64,58.36,16163.66,23968.0
WO-002591,2025-11-06,2025-11,2025-W45,Afternoon,M04,P03,642,428,418,10,430.0,305.3,38.0,42.8,246.92,7.17,11128.0,35.8,59.02,15876.49,23408.0
WO-002592,2025-11-06,2025-11,2025-W45,Morning,M05,P06,197,168,162,6,430.0,375.94,125.0,134.27,219.22,7.17,23352.0,31.79,14.93,32554.38,48276.0
WO-002593,2025-11-06,2025-11,2025-W45,Afternoon,M05,P05,482,385,375,10,430.0,386.37,52.0,60.21,224.99,7.17,18480.0,32.62,12.0,25657.29,38250.0
WO-002594,2025-11-06,2025-11,2025-W45,Morning,M06,P06,207,184,178,6,430.0,409.14,125.0,133.41,244.84,7.17,25576.0,35.5,18.33,35601.49,53044.0
WO-002595,2025-11-06,2025-11,2025-W45,Afternoon,M06,P05,490,432,420,12,430.0,409.68,52.0,56.9,245.24,7.17,20736.0,35.56,43.72,28746.95,42840.0
WO-002596,2025-11-07,2025-11,2025-W45,Morning,M01,P01,401,325,320,5,430.0,370.58,62.0,68.41,329.01,7.17,14300.0,47.71,52.54,20187.92,30080.0
WO-002597,2025-11-07,2025-11,2025-W45,Afternoon,M01,P02,341,278,272,6,430.0,368.88,74.0,79.62,340.33,7.17,16402.0,49.35,34.47,22911.48,34272.0
WO-002598,2025-11-07,2025-11,2025-W45,Morning,M02,P01,396,338,334,4,430.0,379.48,62.0,67.36,260.87,7.17,14872.0,37.83,25.47,20930.97,31396.0
WO-002599,2025-11-07,2025-11,2025-W45,Afternoon,M02,P01,406,315,309,6,430.0,375.6,62.0,71.54,281.13,7.17,13860.0,40.76,47.28,19575.71,29046.0
WO-002600,2025-11-07,2025-11,2025-W45,Morning,M03,P03,653,616,606,10,430.0,414.37,38.0,40.36,426.41,7.17,16016.0,61.83,53.49,22570.99,33936.0
WO-002601,2025-11-07,2025-11,2025-W45,Afternoon,M03,P03,611,536,527,9,430.0,381.32,38.0,42.68,371.19,7.17,13936.0,53.82,12.0,19681.49,29512.0
WO-002602,2025-11-07,2025-11,2025-W45,Morning,M04,P03,641,439,427,12,430.0,316.74,38.0,43.29,243.52,7.17,11414.0,35.31,66.31,16273.79,23912.0
WO-002603,2025-11-07,2025-11,2025-W45,Afternoon,M04,P04,272,172,167,5,430.0,307.74,95.0,107.35,254.43,7.17,17028.0,36.89,83.32,23755.88,35070.0
WO-002604,2025-11-07,2025-11,2025-W45,Morning,M05,P01,393,334,331,3,430.0,369.41,62.0,66.36,216.82,7.17,14696.0,31.44,61.7,20720.8,31114.0
WO-002605,2025-11-07,2025-11,2025-W45,Afternoon,M05,P05,465,391,383,8,430.0,384.13,52.0,58.95,220.52,7.17,18768.0,31.97,38.26,26072.91,39066.0
WO-002606,2025-11-07,2025-11,2025-W45,Morning,M06,P06,200,187,181,6,430.0,399.83,125.0,128.29,243.95,7.17,25993.0,35.37,12.0,36165.04,53938.0
WO-002607,2025-11-07,2025-11,2025-W45,Afternoon,M06,P04,264,234,229,5,430.0,386.32,95.0,99.06,234.62,7.17,23166.0,34.02,12.0,31989.69,48090.0
WO-002608,2025-11-10,2025-11,2025-W46,Morning,M01,P01,391,344,340,4,430.0,395.1,62.0,68.91,358.53,7.17,15136.0,51.99,60.51,21340.17,31960.0
WO-002609,2025-11-10,2025-11,2025-W46,Afternoon,M01,P01,402,336,332,4,430.0,380.07,62.0,67.87,354.68,7.17,14784.0,51.43,82.46,20881.56,31208.0
WO-002610,2025-11-10,2025-11,2025-W46,Morning,M02,P01,389,308,301,7,430.0,367.72,62.0,71.63,260.2,7.17,13552.0,37.73,31.98,19137.38,28294.0
WO-002611,2025-11-10,2025-11,2025-W46,Afternoon,M02,P01,392,298,291,7,430.0,355.95,62.0,71.67,252.67,7.17,13112.0,36.64,39.84,18544.14,27354.0
WO-002612,2025-11-10,2025-11,2025-W46,Morning,M03,P05,451,424,413,11,430.0,392.49,52.0,55.54,400.3,7.17,20352.0,58.04,48.99,28254.7,42126.0
WO-002613,2025-11-10,2025-11,2025-W46,Afternoon,M03,P01,412,352,350,2,430.0,394.29,62.0,67.21,396.31,7.17,15488.0,57.46,54.63,21819.76,32900.0
WO-002614,2025-11-10,2025-11,2025-W46,Morning,M04,P06,202,142,137,5,430.0,340.93,125.0,144.05,263.18,7.17,19738.0,38.16,134.48,27740.31,40826.0
WO-002615,2025-11-10,2025-11,2025-W46,Afternoon,M04,P06,206,133,127,6,430.0,325.01,125.0,146.62,253.21,7.17,18487.0,36.72,69.91,25964.3,37846.0
WO-002616,2025-11-10,2025-11,2025-W46,Morning,M05,P06,201,164,159,5,430.0,383.27,125.0,140.22,211.81,7.17,22796.0,30.71,12.0,31790.38,47382.0
WO-002617,2025-11-10,2025-11,2025-W46,Afternoon,M05,P01,387,318,314,4,430.0,376.81,62.0,71.1,201.3,7.17,13992.0,29.19,22.4,19719.25,29516.0
WO-002618,2025-11-10,2025-11,2025-W46,Morning,M06,P01,417,365,363,2,430.0,413.51,62.0,67.97,241.55,7.17,16060.0,35.02,15.56,22538.25,34122.0
WO-002619,2025-11-10,2025-11,2025-W46,Afternoon,M06,P05,496,427,418,9,430.0,404.99,52.0,56.91,239.38,7.17,20496.0,34.71,49.75,28427.12,42636.0
WO-002620,2025-11-11,2025-11,2025-W46,Morning,M01,P03,679,564,555,9,430.0,388.68,38.0,41.35,343.87,7.17,14664.0,49.86,29.38,20688.91,31080.0
WO-002621,2025-11-11,2025-11,2025-W46,Afternoon,M01,P01,392,335,331,4,430.0,387.55,62.0,69.41,337.75,7.17,14740.0,48.97,12.0,20748.64,31114.0
WO-002622,2025-11-11,2025-11,2025-W46,Morning,M02,P01,417,316,310,6,430.0,358.66,62.0,68.1,267.34,7.17,13904.0,38.76,98.11,19684.54,29140.0
WO-002623,2025-11-11,2025-11,2025-W46,Afternoon,M02,P01,420,328,323,5,430.0,385.14,62.0,70.45,276.2,7.17,14432.0,40.05,12.0,20319.71,30362.0
WO-002624,2025-11-11,2025-11,2025-W46,Morning,M03,P01,406,360,355,5,430.0,397.6,62.0,66.27,435.4,7.17,15840.0,63.13,12.0,22262.8,33370.0
WO-002625,2025-11-11,2025-11,2025-W46,Afternoon,M03,P05,496,415,404,11,430.0,385.53,52.0,55.74,396.12,7.17,19920.0,57.44,64.42,27684.53,41208.0
WO-002626,2025-11-11,2025-11,2025-W46,Morning,M04,P06,198,144,137,7,430.0,331.24,125.0,138.02,255.9,7.17,20016.0,37.11,82.13,28066.9,40826.0
WO-002627,2025-11-11,2025-11,2025-W46,Afternoon,M04,P04,272,172,166,6,430.0,322.18,95.0,112.39,256.15,7.17,17028.0,37.14,69.1,23741.91,34860.0
WO-002628,2025-11-11,2025-11,2025-W46,Morning,M05,P05,476,378,370,8,430.0,370.82,52.0,58.86,202.48,7.17,18144.0,29.36,48.86,25235.89,37740.0
WO-002629,2025-11-11,2025-11,2025-W46,Afternoon,M05,P06,208,158,152,6,430.0,374.01,125.0,142.03,216.77,7.17,21962.0,31.43,12.0,30651.1,45296.0
WO-002630,2025-11-11,2025-11,2025-W46,Morning,M06,P04,260,222,219,3,430.0,391.82,95.0,105.9,229.1,7.17,21978.0,33.22,19.08,30387.97,45990.0
WO-002631,2025-11-11,2025-11,2025-W46,Afternoon,M06,P01,409,338,333,5,430.0,385.96,62.0,68.51,231.81,7.17,14872.0,33.61,21.14,20922.42,31302.0
WO-002632,2025-11-12,2025-11,2025-W46,Morning,M01,P02,329,288,279,9,430.0,387.81,74.0,80.79,338.71,7.17,16992.0,49.11,12.0,23688.78,35154.0
WO-002633,2025-11-12,2025-11,2025-W46,Afternoon,M01,P02,345,276,270,6,430.0,383.11,74.0,83.29,339.81,7.17,16284.0,49.27,15.22,22732.16,34020.0
WO-002634,2025-11-12,2025-11,2025-W46,Morning,M02,P05,479,376,367,9,430.0,362.07,52.0,57.78,262.64,7.17,18048.0,38.08,23.3,25089.05,37434.0
WO-002635,2025-11-12,2025-11,2025-W46,Afternoon,M02,P05,483,369,358,11,430.0,357.91,52.0,58.2,244.95,7.17,17712.0,35.52,39.29,24647.48,36516.0
WO-002636,2025-11-12,2025-11,2025-W46,Morning,M03,P05,468,448,438,10,430.0,413.9,52.0,55.43,432.36,7.17,21504.0,62.69,34.81,29805.17,44676.0
WO-002637,2025-11-12,2025-11,2025-W46,Afternoon,M03,P05,473,396,389,7,430.0,371.01,52.0,56.21,381.5,7.17,19008.0,55.32,14.87,26397.86,39678.0
WO-002638,2025-11-12,2025-11,2025-W46,Morning,M04,P06,202,133,127,6,430.0,321.8,125.0,145.17,271.78,7.17,18487.0,39.41,82.94,25980.02,37846.0
WO-002639,2025-11-12,2025-11,2025-W46,Afternoon,M04,P06,205,124,119,5,430.0,298.82,125.0,144.59,239.28,7.17,17236.0,34.7,78.69,24261.05,35462.0
WO-002640,2025-11-12,2025-11,2025-W46,Morning,M05,P06,200,178,172,6,430.0,393.85,125.0,132.76,223.69,7.17,24742.0,32.44,63.4,34503.5,51256.0
WO-002641,2025-11-12,2025-11,2025-W46,Afternoon,M05,P04,265,221,215,6,430.0,387.86,95.0,105.3,218.84,7.17,21879.0,31.73,61.42,30294.82,45150.0
WO-002642,2025-11-12,2025-11,2025-W46,Morning,M06,P01,402,369,361,8,430.0,411.69,62.0,66.94,244.52,7.17,16236.0,35.46,20.44,22783.56,33934.0
WO-002643,2025-11-12,2025-11,2025-W46,Afternoon,M06,P04,272,234,229,5,430.0,414.1,95.0,106.18,250.84,7.17,23166.0,36.37,12.0,31992.04,48090.0
WO-002644,2025-11-13,2025-11,2025-W46,Morning,M01,P01,391,341,334,7,430.0,390.26,62.0,68.67,372.65,7.17,15004.0,54.03,29.45,21131.15,31396.0
WO-002645,2025-11-13,2025-11,2025-W46,Afternoon,M01,P01,390,332,325,7,430.0,370.57,62.0,66.97,343.97,7.17,14608.0,49.88,26.12,20583.66,30550.0
WO-002646,2025-11-13,2025-11,2025-W46,Morning,M02,P01,411,332,328,4,430.0,375.17,62.0,67.8,274.65,7.17,14608.0,39.82,97.15,20644.64,30832.0
WO-002647,2025-11-13,2025-11,2025-W46,Afternoon,M02,P01,407,339,333,6,430.0,379.01,62.0,67.08,266.17,7.17,14916.0,38.6,22.84,20989.1,31302.0
WO-002648,2025-11-13,2025-11,2025-W46,Morning,M03,P05,456,408,399,9,430.0,389.94,52.0,57.34,397.12,7.17,19584.0,57.58,22.56,27187.81,40698.0
WO-002649,2025-11-13,2025-11,2025-W46,Afternoon,M03,P05,467,416,405,11,430.0,383.08,52.0,55.25,408.99,7.17,19968.0,59.3,53.93,27740.9,41310.0
WO-002650,2025-11-13,2025-11,2025-W46,Morning,M05,P01,378,346,342,4,430.0,397.07,62.0,68.86,225.13,7.17,15224.0,32.64,26.09,21406.4,32148.0
WO-002651,2025-11-13,2025-11,2025-W46,Afternoon,M05,P04,261,195,191,4,430.0,354.6,95.0,109.11,191.94,7.17,19305.0,27.83,46.21,26791.71,40110.0
WO-002652,2025-11-13,2025-11,2025-W46,Morning,M06,P04,266,239,233,6,430.0,401.22,95.0,100.73,248.17,7.17,23661.0,35.98,15.01,32664.66,48930.0
WO-002653,2025-11-13,2025-11,2025-W46,Afternoon,M06,P05,470,415,406,9,430.0,392.62,52.0,56.76,233.06,7.17,19920.0,33.79,48.37,27644.83,41412.0
WO-002654,2025-11-14,2025-11,2025-W46,Morning,M01,P01,401,325,319,6,430.0,379.11,62.0,69.99,333.08,7.17,14300.0,48.3,51.78,20187.74,29986.0
WO-002655,2025-11-14,2025-11,2025-W46,Afternoon,M01,P02,346,284,279,5,430.0,382.69,74.0,80.85,337.59,7.17,16756.0,48.95,42.55,23399.16,35154.0
WO-002656,2025-11-14,2025-11,2025-W46,Morning,M02,P02,324,273,268,5,430.0,380.45,74.0,83.62,265.54,7.17,16107.0,38.5,57.69,22523.86,33768.0
WO-002657,2025-11-14,2025-11,2025-W46,Afternoon,M02,P02,363,260,253,7,430.0,369.81,74.0,85.34,256.95,7.17,15340.0,37.26,81.19,21506.11,31878.0
WO-002658,2025-11-14,2025-11,2025-W46,Morning,M03,P03,650,613,606,7,430.0,409.36,38.0,40.07,449.47,7.17,15938.0,65.17,27.68,22442.02,33936.0
WO-002659,2025-11-14,2025-11,2025-W46,Afternoon,M03,P03,643,535,527,8,430.0,363.69,38.0,40.79,383.91,7.17,13910.0,55.67,40.5,19676.34,29512.0
WO-002660,2025-11-14,2025-11,2025-W46,Morning,M04,P06,206,139,133,6,430.0,323.7,125.0,139.73,270.8,7.17,19321.0,39.27,119.08,27156.01,39634.0
WO-002661,2025-11-14,2025-11,2025-W46,Afternoon,M04,P04,260,173,169,4,430.0,320.01,95.0,110.99,262.26,7.17,17127.0,38.03,96.17,23903.86,35490.0
WO-002662,2025-11-14,2025-11,2025-W46,Morning,M05,P06,199,166,160,6,430.0,385.44,125.0,139.31,213.96,7.17,23074.0,31.02,47.77,32206.46,47680.0
WO-002663,2025-11-14,2025-11,2025-W46,Afternoon,M05,P04,271,204,199,5,430.0,369.29,95.0,108.62,206.47,7.17,20196.0,29.94,63.59,28017.19,41790.0
WO-002664,2025-11-14,2025-11,2025-W46,Morning,M06,P05,498,444,434,10,430.0,410.14,52.0,55.42,246.53,7.17,21312.0,35.75,13.39,29496.8,44268.0
WO-002665,2025-11-14,2025-11,2025-W46,Afternoon,M06,P05,486,419,408,11,430.0,394.17,52.0,56.44,234.49,7.17,20112.0,34.0,68.28,27924.95,41616.0
WO-002666,2025-11-17,2025-11,2025-W47,Morning,M01,P01,398,333,329,4,430.0,382.48,62.0,68.92,353.78,7.17,14652.0,51.3,63.64,20682.61,30926.0
WO-002667,2025-11-17,2025-11,2025-W47,Afternoon,M01,P01,397,347,341,6,430.0,386.69,62.0,66.86,353.47,7.17,15268.0,51.25,54.36,21513.28,32054.0
WO-002668,2025-11-17,2025-11,2025-W47,Morning,M02,P01,409,328,321,7,430.0,379.41,62.0,69.4,261.04,7.17,14432.0,37.85,116.0,20421.52,30174.0
WO-002669,2025-11-17,2025-11,2025-W47,Morning,M03,P05,489,442,430,12,430.0,406.79,52.0,55.22,452.51,7.17,21216.0,65.61,48.55,29431.83,43860.0
WO-002670,2025-11-17,2025-11,2025-W47,Afternoon,M03,P05,497,396,386,10,430.0,375.65,52.0,56.92,392.12,7.17,19008.0,56.86,18.34,26402.86,39372.0
WO-002671,2025-11-17,2025-11,2025-W47,Morning,M04,P03,653,449,438,11,430.0,328.57,38.0,43.91,257.84,7.17,11674.0,37.39,91.4,16655.95,24528.0
WO-002672,2025-11-17,2025-11,2025-W47,Afternoon,M04,P06,197,125,119,6,430.0,299.79,125.0,143.9,229.97,7.17,17375.0,33.35,69.45,24440.47,35462.0
WO-002673,2025-11-17,2025-11,2025-W47,Morning,M05,P01,386,331,325,6,430.0,381.86,62.0,69.22,224.86,7.17,14564.0,32.6,45.76,20526.03,30550.0
WO-002674,2025-11-17,2025-11,2025-W47,Afternoon,M05,P04,263,201,198,3,430.0,352.23,95.0,105.14,200.7,7.17,19899.0,29.1,38.97,27589.74,41580.0
WO-002675,2025-11-17,2025-11,2025-W47,Morning,M06,P05,504,398,387,11,430.0,373.7,52.0,56.34,215.57,7.17,19104.0,31.26,14.45,26503.38,39474.0
WO-002676,2025-11-17,2025-11,2025-W47,Afternoon,M06,P06,194,177,169,8,430.0,401.61,125.0,136.14,240.05,7.17,24603.0,34.81,26.98,34279.45,50362.0
WO-002677,2025-11-18,2025-11,2025-W47,Morning,M01,P02,336,280,274,6,430.0,381.06,74.0,81.66,345.59,7.17,16520.0,50.11,42.71,23080.49,34524.0
WO-002678,2025-11-18,2025-11,2025-W47,Afternoon,M01,P02,347,265,259,6,430.0,373.86,74.0,84.65,349.27,7.17,15635.0,50.64,16.81,21855.12,32634.0
WO-002679,2025-11-18,2025-11,2025-W47,Morning,M02,P02,344,279,273,6,430.0,386.75,74.0,83.17,271.86,7.17,16461.0,39.42,12.0,22959.09,34398.0
WO-002680,2025-11-18,2025-11,2025-W47,Afternoon,M02,P05,499,362,354,8,430.0,368.61,52.0,61.1,262.13,7.17,17376.0,38.01,12.0,24167.68,36108.0
WO-002681,2025-11-18,2025-11,2025-W47,Morning,M03,P05,493,432,425,7,430.0,396.17,52.0,55.02,389.66,7.17,20736.0,56.5,12.0,28736.17,43350.0
WO-002682,2025-11-18,2025-11,2025-W47,Afternoon,M03,P05,456,390,380,10,430.0,374.5,52.0,57.62,385.38,7.17,18720.0,55.88,24.12,26017.67,38760.0
WO-002683,2025-11-18,2025-11,2025-W47,Morning,M04,P06,207,138,133,5,430.0,326.72,125.0,142.05,274.41,7.17,19182.0,39.79,126.51,26973.96,39634.0
WO-002684,2025-11-18,2025-11,2025-W47,Afternoon,M04,P03,638,400,390,10,430.0,291.46,38.0,43.72,231.5,7.17,10400.0,33.57,81.68,14902.91,21840.0
WO-002685,2025-11-18,2025-11,2025-W47,Morning,M05,P04,268,218,213,5,430.0,378.32,95.0,104.13,208.86,7.17,21582.0,30.29,18.02,29847.98,44730.0
WO-002686,2025-11-18,2025-11,2025-W47,Afternoon,M05,P05,480,364,353,11,430.0,352.35,52.0,58.08,194.22,7.17,17472.0,28.16,14.35,24290.18,36006.0
WO-002687,2025-11-18,2025-11,2025-W47,Morning,M06,P06,192,183,176,7,430.0,411.15,125.0,134.8,245.83,7.17,25437.0,35.65,16.54,35409.85,52448.0
WO-002688,2025-11-18,2025-11,2025-W47,Afternoon,M06,P06,206,183,175,8,430.0,402.41,125.0,131.94,247.74,7.17,25437.0,35.92,47.16,35440.75,52150.0
WO-002689,2025-11-19,2025-11,2025-W47,Morning,M01,P01,394,344,339,5,430.0,393.5,62.0,68.63,358.97,7.17,15136.0,52.05,18.33,21298.05,31866.0
WO-002690,2025-11-19,2025-11,2025-W47,Afternoon,M01,P01,402,349,344,5,430.0,387.62,62.0,66.64,347.25,7.17,15356.0,50.35,93.97,21671.99,32336.0
WO-002691,2025-11-19,2025-11,2025-W47,Morning,M02,P02,337,273,265,8,430.0,369.86,74.0,81.29,264.85,7.17,16107.0,38.4,12.0,22478.07,33390.0
WO-002692,2025-11-19,2025-11,2025-W47,Afternoon,M02,P05,458,367,358,9,430.0,367.13,52.0,60.02,264.8,7.17,17616.0,38.4,58.92,24539.98,36516.0
WO-002693,2025-11-19,2025-11,2025-W47,Morning,M03,P01,429,348,345,3,430.0,380.27,62.0,65.56,394.36,7.17,15312.0,57.18,36.96,21561.81,32430.0
WO-002694,2025-11-19,2025-11,2025-W47,Afternoon,M03,P01,421,347,343,4,430.0,394.14,62.0,68.15,425.19,7.17,15268.0,61.65,12.0,21481.32,32242.0
WO-002695,2025-11-19,2025-11,2025-W47,Morning,M04,P03,686,451,441,10,430.0,321.02,38.0,42.71,249.97,7.17,11726.0,36.25,116.17,16750.58,24696.0
WO-002696,2025-11-19,2025-11,2025-W47,Afternoon,M04,P06,201,119,114,5,430.0,291.77,125.0,147.11,231.34,7.17,16541.0,33.54,71.73,23302.94,33972.0
WO-002697,2025-11-19,2025-11,2025-W47,Afternoon,M05,P01,393,324,317,7,430.0,377.45,62.0,69.9,209.09,7.17,14256.0,30.32,18.36,20076.34,29798.0
WO-002698,2025-11-19,2025-11,2025-W47,Morning,M06,P04,254,234,229,5,430.0,404.28,95.0,103.66,248.77,7.17,23166.0,36.07,42.59,32022.33,48090.0
WO-002699,2025-11-19,2025-11,2025-W47,Afternoon,M06,P04,262,234,229,5,430.0,404.2,95.0,103.64,252.02,7.17,23166.0,36.54,44.36,32024.57,48090.0
WO-002700,2025-11-20,2025-11,2025-W47,Morning,M01,P01,397,341,337,4,430.0,392.77,62.0,69.11,358.15,7.17,15004.0,51.93,47.17,21146.77,31678.0
WO-002701,2025-11-20,2025-11,2025-W47,Afternoon,M01,P01,412,323,317,6,430.0,375.32,62.0,69.72,348.22,7.17,14212.0,50.49,75.08,20093.24,29798.0
WO-002702,2025-11-20,2025-11,2025-W47,Morning,M02,P02,322,278,272,6,430.0,369.67,74.0,79.78,269.53,7.17,16402.0,39.08,70.96,22937.71,34272.0
WO-002703,2025-11-20,2025-11,2025-W47,Afternoon,M02,P02,344,261,254,7,430.0,370.2,74.0,85.1,266.41,7.17,15399.0,38.63,12.0,21518.3,32004.0
WO-002704,2025-11-20,2025-11,2025-W47,Morning,M03,P01,396,346,345,1,430.0,376.75,62.0,65.33,394.81,7.17,15224.0,57.25,60.89,21465.8,32430.0
WO-002705,2025-11-20,2025-11,2025-W47,Afternoon,M03,P03,694,558,550,8,430.0,390.28,38.0,41.97,415.38,7.17,14508.0,60.23,38.93,20495.83,30800.0
WO-002706,2025-11-20,2025-11,2025-W47,Morning,M04,P04,274,188,183,5,430.0,335.44,95.0,107.05,278.58,7.17,18612.0,40.39,64.9,25884.96,38430.0
WO-002707,2025-11-20,2025-11,2025-W47,Afternoon,M04,P03,643,434,424,10,430.0,325.65,38.0,45.02,266.59,7.17,11284.0,38.66,107.69,16141.01,23744.0
WO-002708,2025-11-20,2025-11,2025-W47,Morning,M05,P05,469,379,370,9,430.0,374.53,52.0,59.29,206.45,7.17,18192.0,29.93,34.63,25287.23,37740.0
WO-002709,2025-11-20,2025-11,2025-W47,Afternoon,M05,P04,261,208,204,4,430.0,370.46,95.0,106.86,198.93,7.17,20592.0,28.85,38.91,28527.42,42840.0
WO-002710,2025-11-20,2025-11,2025-W47,Morning,M06,P05,464,433,425,8,430.0,392.75,52.0,54.42,237.88,7.17,20784.0,34.49,18.72,28785.88,43350.0
WO-002711,2025-11-20,2025-11,2025-W47,Afternoon,M06,P06,205,177,169,8,430.0,398.47,125.0,135.07,242.28,7.17,24603.0,35.13,36.71,34289.51,50362.0
WO-002712,2025-11-21,2025-11,2025-W47,Morning,M01,P03,684,571,562,9,430.0,389.79,38.0,40.96,346.35,7.17,14846.0,50.22,58.11,20966.5,31472.0
WO-002713,2025-11-21,2025-11,2025-W47,Afternoon,M01,P02,344,285,277,8,430.0,386.77,74.0,81.43,356.7,7.17,16815.0,51.72,17.67,23457.06,34902.0
WO-002714,2025-11-21,2025-11,2025-W47,Morning,M02,P02,337,275,269,6,430.0,379.24,74.0,82.74,270.9,7.17,16225.0,39.28,16.54,22643.49,33894.0
WO-002715,2025-11-21,2025-11,2025-W47,Afternoon,M02,P02,350,254,248,6,430.0,350.9,74.0,82.89,237.0,7.17,14986.0,34.36,28.21,20970.24,31248.0
WO-002716,2025-11-21,2025-11,2025-W47,Morning,M03,P03,669,626,618,8,430.0,412.66,38.0,39.55,433.7,7.17,16276.0,62.89,30.67,22904.23,34608.0
WO-002717,2025-11-21,2025-11,2025-W47,Afternoon,M03,P03,654,563,554,9,430.0,390.71,38.0,41.64,412.55,7.17,14638.0,59.82,12.0,20645.99,31024.0
WO-002718,2025-11-21,2025-11,2025-W47,Morning,M04,P03,603,457,447,10,430.0,334.52,38.0,43.92,260.65,7.17,11882.0,37.79,155.15,17004.11,25032.0
WO-002719,2025-11-21,2025-11,2025-W47,Afternoon,M04,P04,251,170,164,6,430.0,304.22,95.0,107.37,241.64,7.17,16830.0,35.04,109.65,23512.35,34440.0
WO-002720,2025-11-21,2025-11,2025-W47,Morning,M05,P06,206,164,158,6,430.0,373.61,125.0,136.68,217.22,7.17,22796.0,31.5,44.79,31823.95,47084.0
WO-002721,2025-11-21,2025-11,2025-W47,Afternoon,M05,P06,200,154,149,5,430.0,374.13,125.0,145.77,212.75,7.17,21406.0,30.85,12.2,29890.71,44402.0
WO-002722,2025-11-21,2025-11,2025-W47,Morning,M06,P04,270,228,222,6,430.0,394.91,95.0,103.92,238.29,7.17,22572.0,34.55,15.18,31189.4,46620.0
WO-002723,2025-11-21,2025-11,2025-W47,Afternoon,M06,P04,272,218,214,4,430.0,379.4,95.0,104.42,233.53,7.17,21582.0,33.86,56.16,29889.68,44940.0
WO-002724,2025-11-24,2025-11,2025-W48,Morning,M01,P01,399,338,333,5,430.0,384.78,62.0,68.3,363.49,7.17,14872.0,52.71,44.41,20964.79,31302.0
WO-002725,2025-11-24,2025-11,2025-W48,Morning,M02,P02,323,276,270,6,430.0,380.97,74.0,82.82,278.08,7.17,16284.0,40.32,33.55,22741.54,34020.0
WO-002726,2025-11-24,2025-11,2025-W48,Afternoon,M02,P01,392,329,323,6,430.0,383.58,62.0,69.95,260.11,7.17,14476.0,37.72,31.17,20396.55,30362.0
WO-002727,2025-11-24,2025-11,2025-W48,Morning,M03,P05,494,402,390,12,430.0,377.08,52.0,56.28,398.01,7.17,19296.0,57.71,68.96,26844.34,39780.0
WO-002728,2025-11-24,2025-11,2025-W48,Afternoon,M03,P01,392,349,343,6,430.0,391.03,62.0,67.23,415.12,7.17,15356.0,60.19,21.67,21609.53,32242.0
WO-002729,2025-11-24,2025-11,2025-W48,Morning,M04,P04,263,179,174,5,430.0,322.13,95.0,107.98,246.66,7.17,17721.0,35.77,96.1,24705.54,36540.0
WO-002730,2025-11-24,2025-11,2025-W48,Afternoon,M04,P06,204,131,126,5,430.0,316.12,125.0,144.79,251.75,7.17,18209.0,36.5,104.69,25618.86,37548.0
WO-002731,2025-11-24,2025-11,2025-W48,Morning,M05,P05,494,402,393,9,430.0,395.99,52.0,59.1,222.08,7.17,19296.0,32.2,30.96,26780.83,40086.0
WO-002732,2025-11-24,2025-11,2025-W48,Afternoon,M05,P01,400,324,321,3,430.0,370.28,62.0,68.57,204.91,7.17,14256.0,29.71,31.11,20088.49,30174.0
WO-002733,2025-11-24,2025-11,2025-W48,Morning,M06,P06,198,174,169,5,430.0,395.27,125.0,136.3,242.68,7.17,24186.0,35.19,14.54,33697.39,50362.0
WO-002734,2025-11-24,2025-11,2025-W48,Afternoon,M06,P04,242,226,220,6,430.0,388.25,95.0,103.07,233.31,7.17,22374.0,33.83,72.63,30978.13,46200.0
WO-002735,2025-11-25,2025-11,2025-W48,Morning,M01,P01,377,360,354,6,430.0,401.63,62.0,66.94,357.58,7.17,15840.0,51.85,15.0,22254.51,33276.0
WO-002736,2025-11-25,2025-11,2025-W48,Afternoon,M01,P03,640,514,507,7,430.0,360.6,38.0,42.09,340.19,7.17,13364.0,49.33,43.1,18927.09,28392.0
WO-002737,2025-11-25,2025-11,2025-W48,Morning,M02,P02,337,285,279,6,430.0,390.73,74.0,82.26,272.38,7.17,16815.0,39.5,66.88,23494.04,35154.0
WO-002738,2025-11-25,2025-11,2025-W48,Afternoon,M02,P02,319,258,253,5,430.0,362.4,74.0,84.28,246.59,7.17,15222.0,35.76,65.6,21329.02,31878.0
WO-002739,2025-11-25,2025-11,2025-W48,Morning,M03,P01,407,333,327,6,430.0,387.08,62.0,69.74,416.23,7.17,14652.0,60.35,31.37,20659.39,30738.0
WO-002740,2025-11-25,2025-11,2025-W48,Afternoon,M03,P03,644,554,545,9,430.0,386.05,38.0,41.81,410.51,7.17,14404.0,59.52,36.85,20351.04,30520.0
WO-002741,2025-11-25,2025-11,2025-W48,Morning,M04,P03,631,470,458,12,430.0,333.62,38.0,42.59,282.3,7.17,12220.0,40.93,104.33,17417.93,25648.0
WO-002742,2025-11-25,2025-11,2025-W48,Afternoon,M04,P03,642,424,416,8,430.0,310.91,38.0,44.0,235.71,7.17,11024.0,34.18,58.6,15732.45,23296.0
WO-002743,2025-11-25,2025-11,2025-W48,Morning,M05,P05,482,382,372,10,430.0,372.57,52.0,58.52,206.14,7.17,18336.0,29.89,40.52,25488.08,37944.0
WO-002744,2025-11-25,2025-11,2025-W48,Afternoon,M05,P05,458,425,413,12,430.0,396.52,52.0,55.98,218.06,7.17,20400.0,31.62,24.16,28268.45,42126.0
WO-002745,2025-11-25,2025-11,2025-W48,Morning,M06,P04,274,227,223,4,430.0,399.1,95.0,105.49,241.96,7.17,22473.0,35.08,39.8,31080.55,46830.0
WO-002746,2025-11-25,2025-11,2025-W48,Afternoon,M06,P04,264,229,224,5,430.0,411.65,95.0,107.86,248.5,7.17,22671.0,36.03,68.73,31378.43,47040.0
WO-002747,2025-11-26,2025-11,2025-W48,Morning,M01,P01,397,336,333,3,430.0,384.23,62.0,68.61,317.88,7.17,14784.0,46.09,12.0,20805.76,31302.0
WO-002748,2025-11-26,2025-11,2025-W48,Afternoon,M01,P02,322,279,272,7,430.0,380.84,74.0,81.9,350.85,7.17,16461.0,50.87,59.86,23018.4,34272.0
WO-002749,2025-11-26,2025-11,2025-W48,Morning,M02,P05,505,379,372,7,430.0,370.74,52.0,58.69,246.44,7.17,18192.0,35.73,45.36,25303.77,37944.0
WO-002750,2025-11-26,2025-11,2025-W48,Afternoon,M02,P01,420,335,329,6,430.0,375.66,62.0,67.28,262.31,7.17,14740.0,38.04,23.54,20749.24,30926.0
WO-002751,2025-11-26,2025-11,2025-W48,Morning,M03,P03,622,575,569,6,430.0,383.88,38.0,40.06,408.87,7.17,14950.0,59.29,49.26,21108.71,31864.0
WO-002752,2025-11-26,2025-11,2025-W48,Afternoon,M03,P01,405,339,331,8,430.0,368.11,62.0,65.15,379.94,7.17,14916.0,55.09,74.52,21057.28,31114.0
WO-002753,2025-11-26,2025-11,2025-W48,Morning,M04,P06,188,133,127,6,430.0,317.27,125.0,143.13,257.95,7.17,18487.0,37.4,98.51,25993.58,37846.0
WO-002754,2025-11-26,2025-11,2025-W48,Afternoon,M04,P06,197,133,127,6,430.0,319.97,125.0,144.35,260.43,7.17,18487.0,37.76,143.8,26039.23,37846.0
WO-002755,2025-11-26,2025-11,2025-W48,Morning,M05,P04,252,227,221,6,430.0,390.46,95.0,103.21,221.4,7.17,22473.0,32.1,12.0,31049.77,46410.0
WO-002756,2025-11-26,2025-11,2025-W48,Afternoon,M05,P04,268,208,203,5,430.0,383.74,95.0,110.69,211.03,7.17,20592.0,30.6,48.3,28538.56,42630.0
WO-002757,2025-11-26,2025-11,2025-W48,Morning,M06,P06,196,181,174,7,430.0,406.46,125.0,134.74,244.64,7.17,25159.0,35.47,30.65,35043.79,51852.0
WO-002758,2025-11-26,2025-11,2025-W48,Afternoon,M06,P01,391,331,326,5,430.0,374.95,62.0,67.97,234.25,7.17,14564.0,33.97,47.14,20528.78,30644.0
WO-002759,2025-11-27,2025-11,2025-W48,Morning,M01,P03,679,563,556,7,430.0,394.03,38.0,41.99,357.16,7.17,14638.0,51.79,45.57,20671.52,31136.0
WO-002760,2025-11-27,2025-11,2025-W48,Afternoon,M01,P03,685,503,494,9,430.0,369.29,38.0,44.05,326.73,7.17,13078.0,47.38,33.98,18525.52,27664.0
WO-002761,2025-11-27,2025-11,2025-W48,Morning,M02,P05,497,393,384,9,430.0,375.33,52.0,57.3,258.72,7.17,18864.0,37.51,64.52,26234.7,39168.0
WO-002762,2025-11-27,2025-11,2025-W48,Afternoon,M02,P01,417,297,294,3,430.0,364.16,62.0,73.57,251.87,7.17,13068.0,36.52,114.45,18558.64,27636.0
WO-002763,2025-11-27,2025-11,2025-W48,Morning,M03,P05,482,436,427,9,430.0,404.79,52.0,55.7,414.04,7.17,20928.0,60.04,18.08,29005.79,43554.0
WO-002764,2025-11-27,2025-11,2025-W48,Afternoon,M03,P01,410,335,330,5,430.0,390.32,62.0,69.91,396.06,7.17,14740.0,57.43,47.29,20792.38,31020.0
WO-002765,2025-11-27,2025-11,2025-W48,Morning,M04,P04,259,181,175,6,430.0,334.67,95.0,110.94,262.51,7.17,17919.0,38.06,154.7,25034.43,36750.0
WO-002766,2025-11-27,2025-11,2025-W48,Afternoon,M04,P03,696,418,406,12,430.0,311.16,38.0,44.66,254.26,7.17,10868.0,36.87,61.79,15525.32,22736.0
WO-002767,2025-11-27,2025-11,2025-W48,Morning,M05,P06,197,160,154,6,430.0,368.3,125.0,138.11,207.38,7.17,22240.0,30.07,79.75,31097.49,45892.0
WO-002768,2025-11-27,2025-11,2025-W48,Afternoon,M05,P01,390,311,307,4,430.0,368.58,62.0,71.11,199.87,7.17,13684.0,28.98,49.52,19326.17,28858.0
WO-002769,2025-11-27,2025-11,2025-W48,Morning,M06,P05,478,397,389,8,430.0,386.27,52.0,58.38,225.0,7.17,19056.0,32.62,12.0,26437.29,39678.0
WO-002770,2025-11-27,2025-11,2025-W48,Afternoon,M06,P05,509,421,409,12,430.0,393.45,52.0,56.07,240.91,7.17,20208.0,34.93,25.21,28012.81,41718.0
WO-002771,2025-11-28,2025-11,2025-W48,Morning,M01,P01,389,372,366,6,430.0,407.26,62.0,65.69,390.93,7.17,16368.0,56.68,38.82,23003.17,34404.0
WO-002772,2025-11-28,2025-11,2025-W48,Afternoon,M01,P03,650,556,549,7,430.0,389.05,38.0,41.98,354.6,7.17,14456.0,51.42,52.26,20429.34,30744.0
WO-002773,2025-11-28,2025-11,2025-W48,Morning,M02,P05,477,401,390,11,430.0,380.13,52.0,56.88,256.63,7.17,19248.0,37.21,92.16,26782.04,39780.0
WO-002774,2025-11-28,2025-11,2025-W48,Afternoon,M02,P02,368,269,262,7,430.0,377.49,74.0,84.2,272.51,7.17,15871.0,39.51,52.88,22200.06,33012.0
WO-002775,2025-11-28,2025-11,2025-W48,Morning,M03,P03,666,568,561,7,430.0,387.8,38.0,40.96,402.76,7.17,14768.0,58.4,37.97,20848.03,31416.0
WO-002776,2025-11-28,2025-11,2025-W48,Afternoon,M03,P05,467,404,393,11,430.0,386.96,52.0,57.47,412.33,7.17,19392.0,59.79,51.99,26959.44,40086.0
WO-002777,2025-11-28,2025-11,2025-W48,Morning,M04,P06,197,134,128,6,430.0,321.15,125.0,143.8,255.2,7.17,18626.0,37.0,89.98,26174.65,38144.0
WO-002778,2025-11-28,2025-11,2025-W48,Afternoon,M04,P04,264,158,154,4,430.0,297.99,95.0,113.16,235.5,7.17,15642.0,34.15,221.68,22015.5,32340.0
WO-002779,2025-11-28,2025-11,2025-W48,Morning,M05,P05,494,380,371,9,430.0,366.65,52.0,57.89,200.81,7.17,18240.0,29.12,12.0,25328.78,37842.0
WO-002780,2025-11-28,2025-11,2025-W48,Afternoon,M05,P01,396,315,309,6,430.0,367.04,62.0,69.91,207.18,7.17,13860.0,30.04,35.75,19553.46,29046.0
WO-002781,2025-11-28,2025-11,2025-W48,Morning,M06,P04,268,238,233,5,430.0,405.83,95.0,102.31,233.27,7.17,23562.0,33.82,21.29,32534.78,48930.0
WO-002782,2025-11-28,2025-11,2025-W48,Afternoon,M06,P01,423,340,334,6,430.0,399.02,62.0,70.42,225.88,7.17,14960.0,32.75,56.65,21077.06,31396.0
WO-002783,2025-12-01,2025-12,2025-W49,Morning,M01,P01,320,356,353,3,430.0,398.11,62.0,67.1,354.04,7.17,15664.0,51.34,12.63,22011.63,33182.0
WO-002784,2025-12-01,2025-12,2025-W49,Afternoon,M01,P01,322,339,332,7,430.0,386.06,62.0,68.33,336.26,7.17,14916.0,48.76,33.93,21010.36,31208.0
WO-002785,2025-12-01,2025-12,2025-W49,Morning,M02,P05,405,374,363,11,430.0,367.94,52.0,59.03,260.97,7.17,17952.0,37.84,33.0,24968.51,37026.0
WO-002786,2025-12-01,2025-12,2025-W49,Afternoon,M02,P02,271,255,249,6,430.0,343.68,74.0,80.87,239.86,7.17,15045.0,34.78,38.19,21060.64,31374.0
WO-002787,2025-12-01,2025-12,2025-W49,Morning,M03,P05,397,413,402,11,430.0,385.06,52.0,55.94,392.35,7.17,19824.0,56.89,49.92,27539.48,41004.0
WO-002788,2025-12-01,2025-12,2025-W49,Afternoon,M03,P01,325,320,313,7,430.0,367.93,62.0,68.99,390.75,7.17,14080.0,56.66,28.86,19873.19,29422.0
WO-002789,2025-12-01,2025-12,2025-W49,Morning,M04,P04,214,171,166,5,430.0,307.15,95.0,107.77,249.11,7.17,16929.0,36.12,69.38,23607.17,34860.0
WO-002790,2025-12-01,2025-12,2025-W49,Afternoon,M04,P04,214,165,160,5,430.0,308.75,95.0,112.27,245.9,7.17,16335.0,35.66,102.08,22835.4,33600.0
WO-002791,2025-12-01,2025-12,2025-W49,Morning,M05,P06,159,160,156,4,430.0,369.29,125.0,138.48,204.86,7.17,22240.0,29.7,31.53,31048.9,46488.0
WO-002792,2025-12-01,2025-12,2025-W49,Afternoon,M05,P06,169,157,151,6,430.0,372.76,125.0,142.46,206.02,7.17,21823.0,29.87,12.0,30459.54,44998.0
WO-002793,2025-12-01,2025-12,2025-W49,Morning,M06,P01,332,362,356,6,430.0,398.75,62.0,66.09,250.69,7.17,15928.0,36.35,30.06,22374.07,33464.0
WO-002794,2025-12-01,2025-12,2025-W49,Afternoon,M06,P05,402,423,413,10,430.0,401.93,52.0,57.01,236.76,7.17,20304.0,34.33,62.01,28179.01,42126.0
WO-002795,2025-12-02,2025-12,2025-W49,Morning,M01,P03,563,577,571,6,430.0,391.67,38.0,40.73,369.09,7.17,15002.0,53.52,36.31,21161.0,31976.0
WO-002796,2025-12-02,2025-12,2025-W49,Afternoon,M01,P02,273,265,261,4,430.0,363.75,74.0,82.36,327.63,7.17,15635.0,47.51,27.77,21862.95,32886.0
WO-002797,2025-12-02,2025-12,2025-W49,Morning,M02,P02,259,271,266,5,430.0,357.83,74.0,79.23,257.02,7.17,15989.0,37.27,75.81,22380.74,33516.0
WO-002798,2025-12-02,2025-12,2025-W49,Afternoon,M02,P05,365,362,355,7,430.0,356.14,52.0,59.03,252.28,7.17,17376.0,36.58,15.64,24169.89,36210.0
WO-002799,2025-12-02,2025-12,2025-W49,Morning,M03,P03,561,572,563,9,430.0,397.24,38.0,41.67,414.91,7.17,14872.0,60.16,31.32,20985.15,31528.0
WO-002800,2025-12-02,2025-12,2025-W49,Afternoon,M03,P05,397,405,395,10,430.0,378.73,52.0,56.11,383.49,7.17,19440.0,55.61,40.32,27008.59,40290.0
WO-002801,2025-12-02,2025-12,2025-W49,Morning,M04,P03,526,453,445,8,430.0,325.24,38.0,43.08,270.68,7.17,11778.0,39.25,84.78,16793.2,24920.0
WO-002802,2025-12-02,2025-12,2025-W49,Afternoon,M04,P06,167,135,129,6,430.0,322.27,125.0,143.23,239.72,7.17,18765.0,34.76,105.98,26378.41,38442.0
WO-002803,2025-12-02,2025-12,2025-W49,Morning,M05,P05,387,387,376,11,430.0,388.29,52.0,60.2,212.18,7.17,18576.0,30.77,42.38,25815.82,38352.0
WO-002804,2025-12-02,2025-12,2025-W49,Afternoon,M05,P01,330,325,320,5,430.0,369.97,62.0,68.3,216.88,7.17,14300.0,31.45,42.09,20161.2,30080.0
WO-002805,2025-12-02,2025-12,2025-W49,Morning,M06,P04,212,240,236,4,430.0,400.8,95.0,100.2,239.38,7.17,23760.0,34.71,14.17,32796.54,49560.0
WO-002806,2025-12-02,2025-12,2025-W49,Afternoon,M06,P05,400,401,389,12,430.0,386.55,52.0,57.84,240.43,7.17,19248.0,34.86,112.76,26800.28,39678.0
WO-002807,2025-12-03,2025-12,2025-W49,Morning,M01,P01,322,349,342,7,430.0,393.11,62.0,67.58,357.46,7.17,15356.0,51.83,43.76,21623.26,32148.0
WO-002808,2025-12-03,2025-12,2025-W49,Afternoon,M01,P02,281,263,255,8,430.0,361.64,74.0,82.5,311.59,7.17,15517.0,45.18,40.03,21712.87,32130.0
WO-002809,2025-12-03,2025-12,2025-W49,Morning,M02,P02,275,281,274,7,430.0,381.57,74.0,81.47,262.93,7.17,16579.0,38.13,92.04,23197.83,34524.0
WO-002810,2025-12-03,2025-12,2025-W49,Afternoon,M02,P02,285,254,248,6,430.0,372.31,74.0,87.95,263.58,7.17,14986.0,38.22,40.01,20985.9,31248.0
WO-002811,2025-12-03,2025-12,2025-W49,Morning,M03,P01,329,331,326,5,430.0,379.93,62.0,68.87,390.83,7.17,14564.0,56.67,25.48,20529.81,30644.0
WO-002812,2025-12-03,2025-12,2025-W49,Afternoon,M03,P05,408,399,388,11,430.0,385.68,52.0,58.0,409.76,7.17,19152.0,59.41,62.04,26644.12,39576.0
WO-002813,2025-12-03,2025-12,2025-W49,Morning,M04,P04,220,169,164,5,430.0,311.46,95.0,110.58,249.77,7.17,16731.0,36.22,75.17,23345.05,34440.0
WO-002814,2025-12-03,2025-12,2025-W49,Afternoon,M04,P04,214,176,170,6,430.0,309.33,95.0,105.45,251.83,7.17,17424.0,36.52,92.87,24301.05,35700.0
WO-002815,2025-12-03,2025-12,2025-W49,Morning,M05,P06,169,163,157,6,430.0,387.93,125.0,142.79,206.88,7.17,22657.0,30.0,14.79,31602.45,46786.0
WO-002816,2025-12-03,2025-12,2025-W49,Morning,M06,P01,323,360,352,8,430.0,398.92,62.0,66.49,260.57,7.17,15840.0,37.78,95.32,22320.77,33088.0
WO-002817,2025-12-03,2025-12,2025-W49,Afternoon,M06,P06,179,161,153,8,430.0,379.17,125.0,141.31,232.32,7.17,22379.0,33.69,50.72,31262.08,45594.0
WO-002818,2025-12-04,2025-12,2025-W49,Morning,M01,P01,341,341,337,4,430.0,382.2,62.0,67.25,342.07,7.17,15004.0,49.6,51.32,21148.58,31678.0
WO-002819,2025-12-04,2025-12,2025-W49,Afternoon,M01,P01,330,326,320,6,430.0,364.53,62.0,67.09,339.9,7.17,14344.0,49.29,17.83,20214.78,30080.0
WO-002820,2025-12-04,2025-12,2025-W49,Morning,M02,P02,258,262,257,5,430.0,366.32,74.0,83.89,251.74,7.17,15458.0,36.5,33.23,21617.4,32382.0
WO-002821,2025-12-04,2025-12,2025-W49,Afternoon,M02,P05,405,365,357,8,430.0,352.53,52.0,57.95,240.56,7.17,17520.0,34.88,76.14,24423.69,36414.0
WO-002822,2025-12-04,2025-12,2025-W49,Morning,M03,P03,535,586,582,4,430.0,396.78,38.0,40.63,421.29,7.17,15236.0,61.09,12.0,21463.75,32592.0
WO-002823,2025-12-04,2025-12,2025-W49,Afternoon,M03,P05,394,406,396,10,430.0,379.49,52.0,56.08,393.65,7.17,19488.0,57.08,12.0,27046.75,40392.0
WO-002824,2025-12-04,2025-12,2025-W49,Morning,M04,P04,207,186,180,6,430.0,323.81,95.0,104.46,258.85,7.17,18414.0,37.53,115.42,25664.62,37800.0
WO-002825,2025-12-04,2025-12,2025-W49,Afternoon,M04,P04,225,157,152,5,430.0,297.82,95.0,113.82,235.11,7.17,15543.0,34.09,83.59,21743.35,31920.0
WO-002826,2025-12-04,2025-12,2025-W49,Morning,M05,P06,164,169,162,7,430.0,382.69,125.0,135.87,207.36,7.17,23491.0,30.07,51.67,32779.41,48276.0
WO-002827,2025-12-04,2025-12,2025-W49,Afternoon,M05,P05,403,378,368,10,430.0,362.29,52.0,57.51,195.52,7.17,18144.0,28.35,42.31,25228.33,37536.0
WO-002828,2025-12-04,2025-12,2025-W49,Morning,M06,P04,227,230,225,5,430.0,404.06,95.0,105.41,237.6,7.17,22770.0,34.45,26.11,31468.23,47250.0
WO-002829,2025-12-04,2025-12,2025-W49,Afternoon,M06,P01,342,338,333,5,430.0,389.47,62.0,69.14,244.95,7.17,14872.0,35.52,26.6,20929.79,31302.0
WO-002830,2025-12-05,2025-12,2025-W49,Morning,M01,P03,551,599,597,2,430.0,409.11,38.0,40.98,363.78,7.17,15574.0,52.75,62.71,21967.63,33432.0
WO-002831,2025-12-05,2025-12,2025-W49,Afternoon,M01,P01,338,345,340,5,430.0,385.5,62.0,67.04,356.59,7.17,15180.0,51.71,44.05,21383.42,31960.0
WO-002832,2025-12-05,2025-12,2025-W49,Morning,M02,P01,328,332,325,7,430.0,395.11,62.0,71.4,274.55,7.17,14608.0,39.81,12.69,20560.17,30550.0
WO-002833,2025-12-05,2025-12,2025-W49,Afternoon,M02,P01,308,302,297,5,430.0,351.57,62.0,69.85,255.01,7.17,13288.0,36.98,35.23,18779.87,27918.0
WO-002834,2025-12-05,2025-12,2025-W49,Morning,M03,P01,353,371,366,5,430.0,396.91,62.0,64.19,430.28,7.17,16324.0,62.39,31.27,22941.32,34404.0
WO-002835,2025-12-05,2025-12,2025-W49,Afternoon,M03,P01,323,341,335,6,430.0,384.93,62.0,67.73,421.76,7.17,15004.0,61.16,37.54,21146.36,31490.0
WO-002836,2025-12-05,2025-12,2025-W49,Morning,M04,P06,164,138,132,6,430.0,327.13,125.0,142.23,276.23,7.17,19182.0,40.05,75.92,26923.64,39336.0
WO-002837,2025-12-05,2025-12,2025-W49,Afternoon,M04,P06,162,129,125,4,430.0,322.34,125.0,149.93,262.78,7.17,17931.0,38.1,84.06,25219.83,37250.0
WO-002838,2025-12-05,2025-12,2025-W49,Morning,M05,P04,216,220,216,4,430.0,386.44,95.0,105.39,218.95,7.17,21780.0,31.75,74.1,30173.51,45360.0
WO-002839,2025-12-05,2025-12,2025-W49,Afternoon,M05,P01,327,330,324,6,430.0,384.34,62.0,69.88,214.53,7.17,14520.0,31.11,12.0,20430.77,30456.0
WO-002840,2025-12-05,2025-12,2025-W49,Morning,M06,P05,382,425,415,10,430.0,402.31,52.0,56.8,245.45,7.17,20400.0,35.59,62.13,28310.39,42330.0
WO-002841,2025-12-05,2025-12,2025-W49,Afternoon,M06,P01,340,351,345,6,430.0,403.1,62.0,68.91,225.17,7.17,15444.0,32.65,24.41,21704.73,32430.0
WO-002842,2025-12-08,2025-12,2025-W50,Morning,M01,P01,329,350,344,6,430.0,397.27,62.0,68.1,362.4,7.17,15400.0,52.55,54.68,21694.89,32336.0
WO-002843,2025-12-08,2025-12,2025-W50,Afternoon,M01,P01,323,324,318,6,430.0,372.36,62.0,68.96,329.9,7.17,14256.0,47.84,23.6,20099.1,29892.0
WO-002844,2025-12-08,2025-12,2025-W50,Morning,M02,P05,414,413,403,10,430.0,397.43,52.0,57.74,277.29,7.17,19824.0,40.21,57.91,27530.79,41106.0
WO-002845,2025-12-08,2025-12,2025-W50,Afternoon,M02,P05,396,382,373,9,430.0,374.01,52.0,58.75,253.44,7.17,18336.0,36.75,12.0,25466.42,38046.0
WO-002846,2025-12-08,2025-12,2025-W50,Morning,M03,P05,392,412,401,11,430.0,390.42,52.0,56.86,411.7,7.17,19776.0,59.7,51.2,27478.56,40902.0
WO-002847,2025-12-08,2025-12,2025-W50,Afternoon,M03,P03,542,551,544,7,430.0,387.8,38.0,42.23,402.9,7.17,14326.0,58.42,14.78,20221.37,30464.0
WO-002848,2025-12-08,2025-12,2025-W50,Morning,M04,P06,153,135,129,6,430.0,322.17,125.0,143.19,272.74,7.17,18765.0,39.55,76.06,26353.27,38442.0
WO-002849,2025-12-08,2025-12,2025-W50,Afternoon,M04,P04,225,174,169,5,430.0,324.4,95.0,111.86,273.92,7.17,17226.0,39.72,62.24,24005.62,35490.0
WO-002850,2025-12-08,2025-12,2025-W50,Afternoon,M05,P06,165,158,150,8,430.0,376.94,125.0,143.14,203.08,7.17,21962.0,29.45,12.0,30649.11,44700.0
WO-002851,2025-12-08,2025-12,2025-W50,Morning,M06,P05,411,453,441,12,430.0,415.48,52.0,55.03,260.12,7.17,21744.0,37.72,51.89,30122.27,44982.0
WO-002852,2025-12-08,2025-12,2025-W50,Afternoon,M06,P05,400,415,407,8,430.0,396.34,52.0,57.3,244.83,7.17,19920.0,35.5,29.78,27627.95,41514.0
WO-002853,2025-12-09,2025-12,2025-W50,Morning,M01,P01,331,338,333,5,430.0,389.4,62.0,69.12,357.92,7.17,14872.0,51.9,19.43,20939.0,31302.0
WO-002854,2025-12-09,2025-12,2025-W50,Afternoon,M01,P03,548,540,535,5,430.0,374.57,38.0,41.62,335.33,7.17,14040.0,48.62,62.81,19869.1,29960.0
WO-002855,2025-12-09,2025-12,2025-W50,Morning,M02,P05,365,390,381,9,430.0,379.15,52.0,58.33,269.94,7.17,18720.0,39.14,19.94,25996.75,38862.0
WO-002856,2025-12-09,2025-12,2025-W50,Afternoon,M02,P02,268,264,258,6,430.0,363.77,74.0,82.67,261.56,7.17,15576.0,37.93,40.38,21785.98,32508.0
WO-002857,2025-12-09,2025-12,2025-W50,Morning,M03,P03,565,589,582,7,430.0,395.57,38.0,40.3,413.75,7.17,15314.0,59.99,18.31,21575.47,32592.0
WO-002858,2025-12-09,2025-12,2025-W50,Afternoon,M03,P03,547,527,522,5,430.0,371.73,38.0,42.32,397.22,7.17,13702.0,57.6,32.85,19386.62,29232.0
WO-002859,2025-12-09,2025-12,2025-W50,Morning,M04,P03,528,439,430,9,430.0,326.94,38.0,44.68,249.47,7.17,11414.0,36.17,70.96,16279.3,24080.0
WO-002860,2025-12-09,2025-12,2025-W50,Morning,M05,P06,160,163,157,6,430.0,371.98,125.0,136.93,216.36,7.17,22657.0,31.37,27.09,31616.13,46786.0
WO-002861,2025-12-09,2025-12,2025-W50,Afternoon,M05,P04,217,210,205,5,430.0,370.19,95.0,105.77,211.79,7.17,20790.0,30.71,12.0,28770.38,43050.0
WO-002862,2025-12-09,2025-12,2025-W50,Morning,M06,P01,324,375,365,10,430.0,411.49,62.0,65.84,250.21,7.17,16500.0,36.28,12.0,23135.95,34310.0
WO-002863,2025-12-09,2025-12,2025-W50,Afternoon,M06,P04,212,231,227,4,430.0,401.56,95.0,104.3,237.91,7.17,22869.0,34.5,12.72,31588.88,47670.0
WO-002864,2025-12-10,2025-12,2025-W50,Morning,M01,P03,510,574,565,9,430.0,399.76,38.0,41.79,369.48,7.17,14924.0,53.57,12.0,21030.24,31640.0
WO-002865,2025-12-10,2025-12,2025-W50,Afternoon,M01,P01,333,334,328,6,430.0,374.73,62.0,67.32,354.22,7.17,14696.0,51.36,12.0,20691.03,30832.0
WO-002866,2025-12-10,2025-12,2025-W50,Morning,M02,P05,392,387,375,12,430.0,366.72,52.0,56.86,246.57,7.17,18576.0,35.75,55.54,25833.96,38250.0
WO-002867,2025-12-10,2025-12,2025-W50,Afternoon,M02,P05,398,360,352,8,430.0,357.63,52.0,59.61,243.42,7.17,17280.0,35.3,52.21,24075.17,35904.0
WO-002868,2025-12-10,2025-12,2025-W50,Morning,M03,P01,323,363,358,5,430.0,399.53,62.0,66.04,438.99,7.17,15972.0,63.65,31.53,22462.85,33652.0
WO-002869,2025-12-10,2025-12,2025-W50,Morning,M04,P06,156,142,137,5,430.0,333.83,125.0,141.06,265.4,7.17,19738.0,38.48,69.4,27675.55,40826.0
WO-002870,2025-12-10,2025-12,2025-W50,Afternoon,M04,P04,218,173,168,5,430.0,314.07,95.0,108.93,248.64,7.17,17127.0,36.05,152.04,23957.76,35280.0
WO-002871,2025-12-10,2025-12,2025-W50,Morning,M05,P04,215,214,210,4,430.0,367.41,95.0,103.01,205.03,7.17,21186.0,29.73,36.43,29329.83,44100.0
WO-002872,2025-12-10,2025-12,2025-W50,Afternoon,M05,P04,212,213,208,5,430.0,374.08,95.0,105.38,216.93,7.17,21087.0,31.45,24.62,29185.74,43680.0
WO-002873,2025-12-10,2025-12,2025-W50,Morning,M06,P05,376,449,436,13,430.0,417.1,52.0,55.74,260.15,7.17,21552.0,37.72,110.34,29920.73,44472.0
WO-002874,2025-12-10,2025-12,2025-W50,Afternoon,M06,P01,351,359,353,6,430.0,395.63,62.0,66.12,239.95,7.17,15796.0,34.79,30.97,22193.43,33182.0
WO-002875,2025-12-11,2025-12,2025-W50,Morning,M01,P01,317,330,325,5,430.0,376.75,62.0,68.5,343.63,7.17,14520.0,49.83,111.2,20548.69,30550.0
WO-002876,2025-12-11,2025-12,2025-W50,Afternoon,M01,P02,274,285,280,5,430.0,388.71,74.0,81.83,353.1,7.17,16815.0,51.2,12.0,23450.87,35280.0
WO-002877,2025-12-11,2025-12,2025-W50,Morning,M02,P05,415,394,384,10,430.0,370.81,52.0,56.47,251.95,7.17,18912.0,36.53,107.58,26341.78,39168.0
WO-002878,2025-12-11,2025-12,2025-W50,Afternoon,M02,P01,319,311,306,5,430.0,355.52,62.0,68.59,254.0,7.17,13684.0,36.83,83.32,19367.82,28764.0
WO-002879,2025-12-11,2025-12,2025-W50,Morning,M03,P01,322,369,365,4,430.0,411.62,62.0,66.93,443.44,7.17,16236.0,64.3,35.27,22827.24,34310.0
WO-002880,2025-12-11,2025-12,2025-W50,Afternoon,M03,P03,541,537,530,7,430.0,377.74,38.0,42.21,411.76,7.17,13962.0,59.7,55.86,19766.73,29680.0
WO-002881,2025-12-11,2025-12,2025-W50,Morning,M04,P04,212,178,173,5,430.0,319.91,95.0,107.83,248.62,7.17,17622.0,36.05,68.66,24544.38,36330.0
WO-002882,2025-12-11,2025-12,2025-W50,Afternoon,M04,P04,223,171,167,4,430.0,313.44,95.0,109.98,247.79,7.17,16929.0,35.93,130.89,23668.49,35070.0
WO-002883,2025-12-11,2025-12,2025-W50,Morning,M05,P05,383,408,403,5,430.0,375.47,52.0,55.22,216.64,7.17,19584.0,31.41,25.4,27164.48,41106.0
WO-002884,2025-12-11,2025-12,2025-W50,Afternoon,M05,P06,155,157,150,7,430.0,369.48,125.0,141.2,211.02,7.17,21823.0,30.6,34.75,30483.01,44700.0
WO-002885,2025-12-11,2025-12,2025-W50,Morning,M06,P06,177,182,176,6,430.0,400.71,125.0,132.1,253.11,7.17,25298.0,36.7,27.67,35232.04,52448.0
WO-002886,2025-12-11,2025-12,2025-W50,Afternoon,M06,P05,390,404,394,10,430.0,388.81,52.0,57.74,233.65,7.17,19392.0,33.88,12.0,26893.55,40188.0
WO-002887,2025-12-12,2025-12,2025-W50,Morning,M01,P02,296,279,273,6,430.0,380.83,74.0,81.9,361.53,7.17,16461.0,52.42,22.24,22982.33,34398.0
WO-002888,2025-12-12,2025-12,2025-W50,Afternoon,M01,P03,512,534,522,12,430.0,374.29,38.0,42.05,335.19,7.17,13884.0,48.6,47.53,19640.8,29232.0
WO-002889,2025-12-12,2025-12,2025-W50,Morning,M02,P02,271,291,285,6,430.0,388.7,74.0,80.14,271.57,7.17,17169.0,39.38,21.63,23928.67,35910.0
WO-002890,2025-12-12,2025-12,2025-W50,Afternoon,M02,P02,279,273,268,5,430.0,388.24,74.0,85.33,261.41,7.17,16107.0,37.9,39.95,22505.52,33768.0
WO-002891,2025-12-12,2025-12,2025-W50,Morning,M03,P05,412,425,415,10,430.0,400.88,52.0,56.6,425.53,7.17,20400.0,61.7,57.92,28332.29,42330.0
WO-002892,2025-12-12,2025-12,2025-W50,Afternoon,M03,P03,529,571,563,8,430.0,389.53,38.0,40.93,380.06,7.17,14846.0,55.11,23.53,20936.81,31528.0
WO-002893,2025-12-12,2025-12,2025-W50,Morning,M04,P06,173,131,126,5,430.0,316.58,125.0,145.0,241.16,7.17,18209.0,34.97,60.65,25573.28,37548.0
WO-002894,2025-12-12,2025-12,2025-W50,Afternoon,M04,P04,210,175,169,6,430.0,329.72,95.0,113.05,261.71,7.17,17325.0,37.95,80.54,24156.16,35490.0
WO-002895,2025-12-12,2025-12,2025-W50,Morning,M05,P06,180,172,165,7,430.0,396.9,125.0,138.45,230.33,7.17,23908.0,33.4,44.26,33345.33,49170.0
WO-002896,2025-12-12,2025-12,2025-W50,Afternoon,M05,P04,227,212,208,4,430.0,366.97,95.0,103.86,207.09,7.17,20988.0,30.03,38.06,29063.76,43680.0
WO-002897,2025-12-12,2025-12,2025-W50,Morning,M06,P06,160,177,170,7,430.0,403.47,125.0,136.77,239.05,7.17,24603.0,34.66,13.94,34266.27,50660.0
WO-002898,2025-12-15,2025-12,2025-W51,Morning,M01,P01,341,343,340,3,430.0,389.53,62.0,68.14,344.27,7.17,15092.0,49.92,12.0,21229.59,31960.0
WO-002899,2025-12-15,2025-12,2025-W51,Afternoon,M01,P01,318,340,335,5,430.0,386.51,62.0,68.21,352.3,7.17,14960.0,51.08,12.0,21050.75,31490.0
WO-002900,2025-12-15,2025-12,2025-W51,Morning,M02,P02,279,276,271,5,430.0,378.8,74.0,82.35,268.86,7.17,16284.0,38.99,34.4,22741.05,34146.0
WO-002901,2025-12-15,2025-12,2025-W51,Afternoon,M02,P05,399,371,360,11,430.0,361.78,52.0,58.51,250.35,7.17,17808.0,36.3,60.05,24799.01,36720.0
WO-002902,2025-12-15,2025-12,2025-W51,Morning,M03,P01,328,345,342,3,430.0,376.64,62.0,65.5,390.65,7.17,15180.0,56.64,61.74,21406.05,32148.0
WO-002903,2025-12-15,2025-12,2025-W51,Afternoon,M03,P03,529,564,554,10,430.0,390.45,38.0,41.54,407.94,7.17,14664.0,59.15,28.28,20697.09,31024.0
WO-002904,2025-12-15,2025-12,2025-W51,Morning,M04,P03,517,436,424,12,430.0,314.03,38.0,43.21,250.13,7.17,11336.0,36.27,134.88,16236.82,23744.0
WO-002905,2025-12-15,2025-12,2025-W51,Afternoon,M04,P04,224,180,175,5,430.0,327.53,95.0,109.18,262.11,7.17,17820.0,38.01,83.71,24829.38,36750.0
WO-002906,2025-12-15,2025-12,2025-W51,Morning,M05,P05,377,388,380,8,430.0,374.29,52.0,57.88,208.93,7.17,18624.0,30.3,19.17,25857.13,38760.0
WO-002907,2025-12-15,2025-12,2025-W51,Afternoon,M05,P04,211,207,203,4,430.0,381.45,95.0,110.56,218.82,7.17,20493.0,31.73,24.47,28381.87,42630.0
WO-002908,2025-12-15,2025-12,2025-W51,Morning,M06,P01,351,337,332,5,430.0,392.13,62.0,69.82,239.6,7.17,14828.0,34.74,24.84,20867.25,31208.0
WO-002909,2025-12-15,2025-12,2025-W51,Afternoon,M06,P05,384,421,413,8,430.0,404.95,52.0,57.71,243.51,7.17,20208.0,35.31,80.71,28068.68,42126.0
WO-002910,2025-12-16,2025-12,2025-W51,Morning,M01,P03,531,605,599,6,430.0,406.09,38.0,40.27,366.64,7.17,15730.0,53.16,13.14,22131.47,33544.0
WO-002911,2025-12-16,2025-12,2025-W51,Afternoon,M01,P01,316,332,328,4,430.0,374.13,62.0,67.61,323.08,7.17,14608.0,46.85,12.0,20566.51,30832.0
WO-002912,2025-12-16,2025-12,2025-W51,Morning,M02,P05,391,390,382,8,430.0,371.38,52.0,57.14,248.79,7.17,18720.0,36.07,53.13,26026.87,38964.0
WO-002913,2025-12-16,2025-12,2025-W51,Afternoon,M02,P01,330,307,301,6,430.0,359.1,62.0,70.18,255.26,7.17,13508.0,37.01,54.05,19098.73,28294.0
WO-002914,2025-12-16,2025-12,2025-W51,Morning,M03,P05,387,445,433,12,430.0,409.68,52.0,55.24,439.13,7.17,21360.0,63.67,101.72,29678.07,44166.0
WO-002915,2025-12-16,2025-12,2025-W51,Afternoon,M03,P01,332,341,337,4,430.0,383.8,62.0,67.53,400.04,7.17,15004.0,58.01,19.53,21125.2,31678.0
WO-002916,2025-12-16,2025-12,2025-W51,Morning,M04,P04,223,170,165,5,430.0,311.08,95.0,109.79,240.78,7.17,16830.0,34.91,81.7,23484.28,34650.0
WO-002917,2025-12-16,2025-12,2025-W51,Afternoon,M04,P04,219,188,183,5,430.0,334.71,95.0,106.82,277.4,7.17,18612.0,40.22,82.06,25901.95,38430.0
WO-002918,2025-12-16,2025-12,2025-W51,Morning,M05,P06,162,166,160,6,430.0,376.83,125.0,136.2,207.33,7.17,23074.0,30.06,38.15,32195.88,47680.0
WO-002919,2025-12-16,2025-12,2025-W51,Afternoon,M05,P06,160,160,153,7,430.0,371.2,125.0,139.2,213.78,7.17,22240.0,31.0,39.97,31058.63,45594.0
WO-002920,2025-12-16,2025-12,2025-W51,Morning,M06,P04,212,241,237,4,430.0,406.26,95.0,101.14,247.96,7.17,23859.0,35.95,50.9,32968.52,49770.0
WO-002921,2025-12-16,2025-12,2025-W51,Afternoon,M06,P01,323,351,345,6,430.0,393.17,62.0,67.21,249.57,7.17,15444.0,36.19,56.86,21740.72,32430.0
WO-002922,2025-12-17,2025-12,2025-W51,Afternoon,M01,P01,354,345,339,6,430.0,387.53,62.0,67.4,345.31,7.17,15180.0,50.07,36.03,21373.77,31866.0
WO-002923,2025-12-17,2025-12,2025-W51,Morning,M02,P02,296,273,266,7,430.0,372.24,74.0,81.81,271.07,7.17,16107.0,39.31,71.26,22538.23,33516.0
WO-002924,2025-12-17,2025-12,2025-W51,Afternoon,M02,P05,399,369,360,9,430.0,367.19,52.0,59.71,264.82,7.17,17712.0,38.4,20.19,24631.26,36720.0
WO-002925,2025-12-17,2025-12,2025-W51,Morning,M03,P01,329,344,340,4,430.0,371.55,62.0,64.81,386.31,7.17,15136.0,56.02,71.53,21355.21,31960.0
WO-002926,2025-12-17,2025-12,2025-W51,Afternoon,M03,P01,352,334,328,6,430.0,382.19,62.0,68.66,401.72,7.17,14696.0,58.25,60.47,20746.39,30832.0
WO-002927,2025-12-17,2025-12,2025-W51,Morning,M04,P04,219,178,174,4,430.0,326.97,95.0,110.22,263.12,7.17,17622.0,38.15,107.12,24584.94,36540.0
WO-002928,2025-12-17,2025-12,2025-W51,Afternoon,M04,P04,212,170,166,4,430.0,311.26,95.0,109.86,252.36,7.17,16830.0,36.59,74.12,23478.38,34860.0
WO-002929,2025-12-17,2025-12,2025-W51,Morning,M05,P04,220,219,214,5,430.0,387.65,95.0,106.2,222.05,7.17,21681.0,32.2,24.7,29990.56,44940.0
WO-002930,2025-12-17,2025-12,2025-W51,Afternoon,M05,P01,334,326,320,6,430.0,379.35,62.0,69.82,206.93,7.17,14344.0,30.0,12.0,20189.67,30080.0
WO-002931,2025-12-17,2025-12,2025-W51,Morning,M06,P04,217,234,229,5,430.0,409.89,95.0,105.1,243.26,7.17,23166.0,35.27,63.41,32042.35,48090.0
WO-002932,2025-12-17,2025-12,2025-W51,Afternoon,M06,P04,216,212,207,5,430.0,363.92,95.0,103.0,228.58,7.17,20988.0,33.14,64.05,29092.86,43470.0
WO-002933,2025-12-18,2025-12,2025-W51,Morning,M01,P01,334,325,319,6,430.0,372.47,62.0,68.76,340.22,7.17,14300.0,49.33,93.52,20230.52,29986.0
WO-002934,2025-12-18,2025-12,2025-W51,Afternoon,M01,P02,272,261,256,5,430.0,353.76,74.0,81.32,323.48,7.17,15399.0,46.91,35.78,21550.36,32256.0
WO-002935,2025-12-18,2025-12,2025-W51,Morning,M02,P01,335,330,323,7,430.0,378.53,62.0,68.82,270.61,7.17,14520.0,39.24,97.55,20524.46,30362.0
WO-002936,2025-12-18,2025-12,2025-W51,Afternoon,M02,P02,245,269,264,5,430.0,377.61,74.0,84.23,266.79,7.17,15871.0,38.68,15.58,22161.93,33264.0
WO-002937,2025-12-18,2025-12,2025-W51,Morning,M03,P03,572,539,533,6,430.0,380.77,38.0,42.39,423.41,7.17,14014.0,61.39,99.93,19883.49,29848.0
WO-002938,2025-12-18,2025-12,2025-W51,Afternoon,M03,P01,320,331,326,5,430.0,378.27,62.0,68.57,377.71,7.17,14564.0,54.77,16.84,20519.28,30644.0
WO-002939,2025-12-18,2025-12,2025-W51,Morning,M04,P03,558,466,458,8,430.0,333.4,38.0,42.93,266.9,7.17,12116.0,38.7,191.55,17360.92,25648.0
WO-002940,2025-12-18,2025-12,2025-W51,Afternoon,M04,P06,168,128,123,5,430.0,313.48,125.0,146.94,251.36,7.17,17792.0,36.45,83.28,25027.39,36654.0
WO-002941,2025-12-18,2025-12,2025-W51,Morning,M05,P04,206,216,212,4,430.0,377.5,95.0,104.86,223.56,7.17,21384.0,32.42,94.56,29658.64,44520.0
WO-002942,2025-12-18,2025-12,2025-W51,Afternoon,M05,P01,305,327,320,7,430.0,376.09,62.0,69.01,198.73,7.17,14388.0,28.82,33.65,20270.13,30080.0
WO-002943,2025-12-18,2025-12,2025-W51,Morning,M06,P01,306,365,361,4,430.0,396.7,62.0,65.21,234.71,7.17,16060.0,34.03,27.29,22548.99,33934.0
WO-002944,2025-12-18,2025-12,2025-W51,Afternoon,M06,P04,211,241,235,6,430.0,408.89,95.0,101.8,251.42,7.17,23859.0,36.46,32.69,32950.81,49350.0
WO-002945,2025-12-19,2025-12,2025-W51,Morning,M01,P03,535,562,556,6,430.0,387.28,38.0,41.35,360.4,7.17,14612.0,52.26,12.0,20602.92,31136.0
WO-002946,2025-12-19,2025-12,2025-W51,Afternoon,M01,P02,273,273,266,7,430.0,381.88,74.0,83.93,331.97,7.17,16107.0,48.14,35.83,22511.63,33516.0
WO-002947,2025-12-19,2025-12,2025-W51,Morning,M02,P02,280,269,263,6,430.0,370.7,74.0,82.68,259.98,7.17,15871.0,37.7,36.62,22181.99,33138.0
WO-002948,2025-12-19,2025-12,2025-W51,Afternoon,M02,P05,401,394,384,10,430.0,376.13,52.0,57.28,261.58,7.17,18912.0,37.93,84.93,26320.53,39168.0
WO-002949,2025-12-19,2025-12,2025-W51,Morning,M03,P05,386,438,428,10,430.0,393.97,52.0,53.97,423.25,7.17,21024.0,61.37,41.76,29160.8,43656.0
WO-002950,2025-12-19,2025-12,2025-W51,Afternoon,M03,P01,339,338,332,6,430.0,385.57,62.0,68.44,397.76,7.17,14872.0,57.68,43.7,20969.04,31208.0
WO-002951,2025-12-19,2025-12,2025-W51,Morning,M04,P06,161,137,131,6,430.0,322.95,125.0,141.44,257.16,7.17,19043.0,37.29,104.42,26759.37,39038.0
WO-002952,2025-12-19,2025-12,2025-W51,Afternoon,M04,P03,537,461,450,11,430.0,333.65,38.0,43.43,261.06,7.17,11986.0,37.85,67.72,17058.75,25200.0
WO-002953,2025-12-19,2025-12,2025-W51,Morning,M05,P06,164,171,165,6,430.0,386.8,125.0,135.72,217.89,7.17,23769.0,31.59,63.6,33172.86,49170.0
WO-002954,2025-12-19,2025-12,2025-W51,Afternoon,M05,P01,348,320,316,4,430.0,374.56,62.0,70.23,211.09,7.17,14080.0,30.61,52.34,19870.62,29704.0
WO-002955,2025-12-19,2025-12,2025-W51,Morning,M06,P04,209,238,233,5,430.0,401.18,95.0,101.14,241.02,7.17,23562.0,34.95,12.0,32526.62,48930.0
WO-002956,2025-12-19,2025-12,2025-W51,Afternoon,M06,P06,170,172,165,7,430.0,391.47,125.0,136.56,232.11,7.17,23908.0,33.66,51.62,33352.95,49170.0
WO-002957,2025-12-22,2025-12,2025-W52,Morning,M01,P03,498,548,543,5,430.0,368.88,38.0,40.39,344.39,7.17,14248.0,49.94,37.83,20129.44,30408.0
WO-002958,2025-12-22,2025-12,2025-W52,Afternoon,M01,P01,332,340,335,5,430.0,384.84,62.0,67.91,362.48,7.17,14960.0,52.56,30.79,21071.02,31490.0
WO-002959,2025-12-22,2025-12,2025-W52,Morning,M02,P01,331,323,319,4,430.0,380.68,62.0,70.72,266.72,7.17,14212.0,38.67,90.62,20096.96,29986.0
WO-002960,2025-12-22,2025-12,2025-W52,Afternoon,M02,P02,268,260,253,7,430.0,363.37,74.0,83.85,244.8,7.17,15340.0,35.5,59.8,21482.97,31878.0
WO-002961,2025-12-22,2025-12,2025-W52,Morning,M03,P01,327,343,341,2,430.0,380.71,62.0,66.6,409.4,7.17,15092.0,59.36,45.54,21272.57,32054.0
WO-002962,2025-12-22,2025-12,2025-W52,Afternoon,M03,P05,371,428,416,12,430.0,404.6,52.0,56.72,420.42,7.17,20544.0,60.96,71.57,28540.2,42432.0
WO-002963,2025-12-22,2025-12,2025-W52,Morning,M04,P04,210,180,174,6,430.0,331.15,95.0,110.38,265.36,7.17,17820.0,38.48,100.89,24847.04,36540.0
WO-002964,2025-12-22,2025-12,2025-W52,Afternoon,M04,P06,166,132,125,7,430.0,320.78,125.0,145.81,255.75,7.17,18348.0,37.08,69.14,25773.89,37250.0
WO-002965,2025-12-22,2025-12,2025-W52,Morning,M05,P04,200,217,211,6,430.0,377.38,95.0,104.34,217.92,7.17,21483.0,31.6,28.9,29726.16,44310.0
WO-002966,2025-12-22,2025-12,2025-W52,Afternoon,M05,P05,399,394,383,11,430.0,376.0,52.0,57.26,217.0,7.17,18912.0,31.46,15.12,26244.25,39066.0
WO-002967,2025-12-22,2025-12,2025-W52,Morning,M06,P01,338,343,336,7,430.0,388.02,62.0,67.87,235.7,7.17,15092.0,34.18,17.7,21219.55,31584.0
WO-002968,2025-12-22,2025-12,2025-W52,Afternoon,M06,P01,323,339,333,6,430.0,384.31,62.0,68.02,235.46,7.17,14916.0,34.14,15.08,20976.89,31302.0
WO-002969,2025-12-23,2025-12,2025-W52,Morning,M01,P01,317,339,336,3,430.0,381.29,62.0,67.48,358.16,7.17,14916.0,51.93,43.08,21022.68,31584.0
WO-002970,2025-12-23,2025-12,2025-W52,Afternoon,M01,P03,545,546,541,5,430.0,387.45,38.0,42.58,363.72,7.17,14196.0,52.74,43.06,20066.46,30296.0
WO-002971,2025-12-23,2025-12,2025-W52,Morning,M02,P01,343,341,337,4,430.0,384.04,62.0,67.57,274.71,7.17,15004.0,39.83,41.81,21129.31,31678.0
WO-002972,2025-12-23,2025-12,2025-W52,Afternoon,M02,P02,281,259,252,7,430.0,354.26,74.0,82.07,239.61,7.17,15281.0,34.74,15.71,21358.12,31752.0
WO-002973,2025-12-23,2025-12,2025-W52,Morning,M03,P05,392,417,408,9,430.0,386.96,52.0,55.68,405.64,7.17,20016.0,58.82,47.34,27798.82,41616.0
WO-002974,2025-12-23,2025-12,2025-W52,Afternoon,M03,P05,401,405,395,10,430.0,381.44,52.0,56.51,403.26,7.17,19440.0,58.47,52.39,27023.53,40290.0
WO-002975,2025-12-23,2025-12,2025-W52,Morning,M04,P06,166,134,128,6,430.0,321.03,125.0,143.74,256.96,7.17,18626.0,37.26,117.57,26202.5,38144.0
WO-002976,2025-12-23,2025-12,2025-W52,Afternoon,M04,P04,209,167,162,5,430.0,315.83,95.0,113.47,251.07,7.17,16533.0,36.41,148.46,23150.53,34020.0
WO-002977,2025-12-23,2025-12,2025-W52,Morning,M05,P06,158,161,156,5,430.0,377.75,125.0,140.77,210.6,7.17,22379.0,30.54,41.09,31249.3,46488.0
WO-002978,2025-12-23,2025-12,2025-W52,Afternoon,M05,P04,222,214,209,5,430.0,376.45,95.0,105.55,212.38,7.17,21186.0,30.79,14.46,29308.93,43890.0
WO-002979,2025-12-23,2025-12,2025-W52,Morning,M06,P05,392,423,413,10,430.0,397.92,52.0,56.44,239.89,7.17,20304.0,34.78,68.65,28186.1,42126.0
WO-002980,2025-12-23,2025-12,2025-W52,Afternoon,M06,P05,400,416,406,10,430.0,404.63,52.0,58.36,246.6,7.17,19968.0,35.76,71.11,27734.53,41412.0
WO-002981,2025-12-24,2025-12,2025-W52,Morning,M01,P03,552,575,566,9,430.0,398.18,38.0,41.55,367.52,7.17,14950.0,53.29,12.0,21065.46,31696.0
WO-002982,2025-12-24,2025-12,2025-W52,Afternoon,M01,P02,280,287,279,8,430.0,393.79,74.0,82.33,363.45,7.17,16933.0,52.7,12.05,23612.42,35154.0
WO-002983,2025-12-24,2025-12,2025-W52,Morning,M02,P01,331,312,307,5,430.0,361.1,62.0,69.44,243.59,7.17,13728.0,35.32,38.15,19381.13,28858.0
WO-002984,2025-12-24,2025-12,2025-W52,Afternoon,M02,P01,313,319,313,6,430.0,367.35,62.0,69.09,257.68,7.17,14036.0,37.36,33.43,19798.46,29422.0
WO-002985,2025-12-24,2025-12,2025-W52,Morning,M03,P01,318,347,341,6,430.0,380.41,62.0,65.78,401.38,7.17,15268.0,58.2,12.0,21477.87,32054.0
WO-002986,2025-12-24,2025-12,2025-W52,Afternoon,M03,P05,405,407,396,11,430.0,383.36,52.0,56.52,401.06,7.17,19536.0,58.15,98.68,27199.5,40392.0
WO-002987,2025-12-24,2025-12,2025-W52,Morning,M04,P03,525,451,443,8,430.0,328.06,38.0,43.64,242.47,7.17,11726.0,35.16,77.83,16711.15,24808.0
WO-002988,2025-12-24,2025-12,2025-W52,Afternoon,M04,P03,540,416,407,9,430.0,307.79,38.0,44.39,246.5,7.17,10816.0,35.74,106.87,15498.28,22792.0
WO-002989,2025-12-24,2025-12,2025-W52,Morning,M05,P01,335,342,337,5,430.0,385.54,62.0,67.64,211.18,7.17,15048.0,30.62,86.57,21224.85,31678.0
WO-002990,2025-12-24,2025-12,2025-W52,Afternoon,M05,P06,156,157,151,6,430.0,369.67,125.0,141.28,206.26,7.17,21823.0,29.91,13.87,30461.45,44998.0
WO-002991,2025-12-24,2025-12,2025-W52,Morning,M06,P06,165,164,159,5,430.0,375.56,125.0,137.4,223.9,7.17,22796.0,32.47,104.83,31884.96,47382.0
WO-002992,2025-12-24,2025-12,2025-W52,Afternoon,M06,P01,339,321,316,5,430.0,377.09,62.0,70.48,215.18,7.17,14124.0,31.2,22.61,19901.48,29704.0
WO-002993,2025-12-25,2025-12,2025-W52,Morning,M01,P01,315,361,354,7,430.0,391.17,62.0,65.02,358.77,7.17,15884.0,52.02,12.0,22311.69,33276.0
WO-002994,2025-12-25,2025-12,2025-W52,Afternoon,M01,P03,550,495,488,7,430.0,369.28,38.0,44.76,330.68,7.17,12870.0,47.95,21.96,18230.08,27328.0
WO-002995,2025-12-25,2025-12,2025-W52,Morning,M02,P02,273,274,267,7,430.0,364.33,74.0,79.78,255.12,7.17,16166.0,36.99,42.32,22586.98,33642.0
WO-002996,2025-12-25,2025-12,2025-W52,Afternoon,M02,P02,292,263,257,6,430.0,360.59,74.0,82.26,256.39,7.17,15517.0,37.18,46.68,21711.52,32382.0
WO-002997,2025-12-25,2025-12,2025-W52,Morning,M03,P05,387,434,423,11,430.0,396.9,52.0,54.87,439.3,7.17,20832.0,63.7,41.29,28902.65,43146.0
WO-002998,2025-12-25,2025-12,2025-W52,Afternoon,M03,P05,404,404,394,10,430.0,378.04,52.0,56.14,398.95,7.17,19392.0,57.85,44.58,26950.09,40188.0
WO-002999,2025-12-25,2025-12,2025-W52,Morning,M04,P04,212,178,174,4,430.0,321.74,95.0,108.45,267.13,7.17,17622.0,38.73,153.79,24632.19,36540.0
WO-003000,2025-12-25,2025-12,2025-W52,Afternoon,M04,P03,569,426,417,9,430.0,322.63,38.0,45.44,244.82,7.17,11076.0,35.5,98.42,15844.58,23352.0
WO-003001,2025-12-25,2025-12,2025-W52,Morning,M05,P04,219,218,212,6,430.0,373.55,95.0,102.81,207.08,7.17,21582.0,30.03,32.82,29862.51,44520.0
WO-003002,2025-12-25,2025-12,2025-W52,Afternoon,M05,P05,391,404,397,7,430.0,372.77,52.0,55.36,214.38,7.17,19392.0,31.09,30.06,26908.81,40494.0
WO-003003,2025-12-25,2025-12,2025-W52,Morning,M06,P06,160,169,164,5,430.0,384.95,125.0,136.67,237.9,7.17,23491.0,34.5,53.9,32786.06,48872.0
WO-003004,2025-12-25,2025-12,2025-W52,Afternoon,M06,P04,225,234,229,5,430.0,411.8,95.0,105.59,241.91,7.17,23166.0,35.08,95.33,32074.07,48090.0
WO-003005,2025-12-26,2025-12,2025-W52,Morning,M01,P02,285,277,271,6,430.0,369.19,74.0,79.97,337.0,7.17,16343.0,48.86,19.45,22815.98,34146.0
WO-003006,2025-12-26,2025-12,2025-W52,Afternoon,M01,P02,280,281,276,5,430.0,389.63,74.0,83.19,348.39,7.17,16579.0,50.52,21.23,23139.41,34776.0
WO-003007,2025-12-26,2025-12,2025-W52,Morning,M02,P02,270,268,262,6,430.0,373.73,74.0,83.67,264.37,7.17,15812.0,38.33,73.52,22139.52,33012.0
WO-003008,2025-12-26,2025-12,2025-W52,Afternoon,M02,P02,271,283,276,7,430.0,378.41,74.0,80.23,264.34,7.17,16697.0,38.33,12.0,23278.0,34776.0
WO-003009,2025-12-26,2025-12,2025-W52,Morning,M03,P05,414,396,389,7,430.0,382.9,52.0,58.01,393.44,7.17,19008.0,57.05,12.0,26396.72,39678.0
WO-003010,2025-12-26,2025-12,2025-W52,Afternoon,M03,P03,515,557,546,11,430.0,377.97,38.0,40.72,393.35,7.17,14482.0,57.04,14.43,20432.63,30576.0
WO-003011,2025-12-26,2025-12,2025-W52,Morning,M04,P04,215,184,180,4,430.0,332.88,95.0,108.55,278.45,7.17,18216.0,40.38,69.96,25354.0,37800.0
WO-003012,2025-12-26,2025-12,2025-W52,Afternoon,M04,P03,535,405,395,10,430.0,304.98,38.0,45.18,241.43,7.17,10530.0,35.01,67.27,15067.44,22120.0
WO-003013,2025-12-26,2025-12,2025-W52,Morning,M05,P06,154,159,153,6,430.0,362.93,125.0,136.95,199.19,7.17,22101.0,28.88,79.11,30905.66,45594.0
WO-003014,2025-12-26,2025-12,2025-W52,Afternoon,M05,P05,393,375,364,11,430.0,367.78,52.0,58.85,205.76,7.17,18000.0,29.83,132.41,25124.91,37128.0
WO-003015,2025-12-26,2025-12,2025-W52,Morning,M06,P04,212,235,231,4,430.0,398.67,95.0,101.79,237.13,7.17,23265.0,34.38,61.18,32173.23,48510.0
WO-003016,2025-12-26,2025-12,2025-W52,Afternoon,M06,P04,209,227,222,5,430.0,387.66,95.0,102.47,231.17,7.17,22473.0,33.52,81.4,31120.59,46620.0
WO-003017,2025-12-29,2025-12,2026-W01,Morning,M01,P02,268,286,278,8,430.0,375.76,74.0,78.83,335.4,7.17,16874.0,48.63,81.33,23597.63,35028.0
WO-003018,2025-12-29,2025-12,2026-W01,Afternoon,M01,P01,327,307,301,6,430.0,353.88,62.0,69.16,324.64,7.17,13508.0,47.07,40.28,19095.02,28294.0
WO-003019,2025-12-29,2025-12,2026-W01,Morning,M02,P05,405,398,388,10,430.0,392.6,52.0,59.19,276.24,7.17,19104.0,40.06,12.0,26509.72,39576.0
WO-003020,2025-12-29,2025-12,2026-W01,Afternoon,M02,P02,274,267,261,6,430.0,369.8,74.0,83.1,257.67,7.17,15753.0,37.36,40.92,22025.95,32886.0
WO-003021,2025-12-29,2025-12,2026-W01,Morning,M03,P05,383,432,421,11,430.0,388.8,52.0,54.0,414.16,7.17,20736.0,60.05,51.37,28779.09,42942.0
WO-003022,2025-12-29,2025-12,2026-W01,Afternoon,M03,P03,536,542,534,8,430.0,385.06,38.0,42.63,390.02,7.17,14092.0,56.55,37.26,19922.48,29904.0
WO-003023,2025-12-29,2025-12,2026-W01,Morning,M04,P06,155,133,126,7,430.0,314.98,125.0,142.1,263.74,7.17,18487.0,38.24,69.37,25965.28,37548.0
WO-003024,2025-12-29,2025-12,2026-W01,Afternoon,M04,P06,158,138,132,6,430.0,319.95,125.0,139.11,257.02,7.17,19182.0,37.27,151.53,26996.46,39336.0
WO-003025,2025-12-29,2025-12,2026-W01,Morning,M05,P04,226,224,219,5,430.0,380.86,95.0,102.02,216.1,7.17,22176.0,31.34,28.66,30663.66,45990.0
WO-003026,2025-12-29,2025-12,2026-W01,Afternoon,M05,P01,334,317,309,8,430.0,377.05,62.0,71.37,197.77,7.17,13948.0,28.68,41.75,19678.09,29046.0
WO-003027,2025-12-29,2025-12,2026-W01,Morning,M06,P06,159,177,171,6,430.0,396.2,125.0,134.31,236.7,7.17,24603.0,34.32,34.81,34286.79,50958.0
WO-003028,2025-12-29,2025-12,2026-W01,Afternoon,M06,P01,322,347,340,7,430.0,400.75,62.0,69.29,235.7,7.17,15268.0,34.18,31.8,21473.64,31960.0
WO-003029,2025-12-30,2025-12,2026-W01,Morning,M01,P02,279,290,282,8,430.0,385.29,74.0,79.72,353.18,7.17,17110.0,51.21,27.9,23866.78,35532.0
WO-003030,2025-12-30,2025-12,2026-W01,Afternoon,M01,P02,267,272,266,6,430.0,377.38,74.0,83.25,333.32,7.17,16048.0,48.33,56.5,22452.5,33516.0
WO-003031,2025-12-30,2025-12,2026-W01,Morning,M02,P01,313,314,312,2,430.0,372.11,62.0,71.1,254.82,7.17,13816.0,36.95,12.0,19476.62,29328.0
WO-003032,2025-12-30,2025-12,2026-W01,Afternoon,M02,P05,400,392,380,12,430.0,372.81,52.0,57.06,260.74,7.17,18816.0,37.81,21.77,26127.24,38760.0
WO-003033,2025-12-30,2025-12,2026-W01,Morning,M03,P05,433,406,397,9,430.0,379.32,52.0,56.06,389.18,7.17,19488.0,56.43,12.0,27046.1,40494.0
WO-003034,2025-12-30,2025-12,2026-W01,Afternoon,M03,P01,323,336,330,6,430.0,381.95,62.0,68.21,387.15,7.17,14784.0,56.14,18.03,20821.83,31020.0
WO-003035,2025-12-30,2025-12,2026-W01,Morning,M04,P06,167,138,131,7,430.0,325.9,125.0,141.69,261.37,7.17,19182.0,37.9,71.15,26916.72,39038.0
WO-003036,2025-12-30,2025-12,2026-W01,Afternoon,M04,P04,210,172,167,5,430.0,323.81,95.0,112.96,275.67,7.17,17028.0,39.97,111.58,23787.21,35070.0
WO-003037,2025-12-30,2025-12,2026-W01,Morning,M05,P06,167,162,156,6,430.0,374.68,125.0,138.77,203.34,7.17,22518.0,29.48,40.47,31437.62,46488.0
WO-003038,2025-12-30,2025-12,2026-W01,Afternoon,M05,P05,413,392,384,8,430.0,377.03,52.0,57.71,217.98,7.17,18816.0,31.61,65.5,26164.78,39168.0
WO-003039,2025-12-30,2025-12,2026-W01,Morning,M06,P06,155,186,180,6,430.0,408.49,125.0,131.77,250.19,7.17,25854.0,36.28,26.88,35990.82,53640.0
WO-003040,2025-12-30,2025-12,2026-W01,Afternoon,M06,P04,212,215,210,5,430.0,375.01,95.0,104.65,218.27,7.17,21285.0,31.65,12.0,29441.32,44100.0
WO-003041,2025-12-31,2025-12,2026-W01,Morning,M01,P03,523,567,558,9,430.0,389.55,38.0,41.22,345.07,7.17,14742.0,50.04,31.05,20797.26,31248.0
WO-003042,2025-12-31,2025-12,2026-W01,Afternoon,M01,P02,266,275,269,6,430.0,375.6,74.0,81.95,334.35,7.17,16225.0,48.48,43.72,22679.87,33894.0
WO-003043,2025-12-31,2025-12,2026-W01,Afternoon,M02,P05,416,386,376,10,430.0,381.19,52.0,59.25,262.5,7.17,18528.0,38.06,39.88,25755.61,38352.0
WO-003044,2025-12-31,2025-12,2026-W01,Morning,M03,P01,319,332,326,6,430.0,378.54,62.0,68.41,391.84,7.17,14608.0,56.82,74.3,20638.78,30644.0
WO-003045,2025-12-31,2025-12,2026-W01,Afternoon,M03,P05,415,408,399,9,430.0,390.95,52.0,57.49,436.61,7.17,19584.0,63.31,97.89,27268.87,40698.0
WO-003046,2025-12-31,2025-12,2026-W01,Morning,M04,P06,166,140,134,6,430.0,328.79,125.0,140.91,255.22,7.17,19460.0,37.01,107.8,27332.47,39932.0
WO-003047,2025-12-31,2025-12,2026-W01,Afternoon,M04,P04,227,172,167,5,430.0,319.37,95.0,111.41,253.43,7.17,17028.0,36.75,57.08,23729.49,35070.0
WO-003048,2025-12-31,2025-12,2026-W01,Morning,M05,P05,389,383,373,10,430.0,368.1,52.0,57.67,204.0,7.17,18384.0,29.58,38.91,25551.16,38046.0
WO-003049,2025-12-31,2025-12,2026-W01,Afternoon,M05,P06,159,159,152,7,430.0,387.8,125.0,146.34,205.31,7.17,22101.0,29.77,15.86,30843.3,45296.0
WO-003050,2025-12-31,2025-12,2026-W01,Morning,M06,P01,325,361,351,10,430.0,403.61,62.0,67.08,245.43,7.17,15884.0,35.59,13.56,22296.81,32994.0
WO-003051,2025-12-31,2025-12,2026-W01,Afternoon,M06,P01,328,348,341,7,430.0,402.35,62.0,69.37,241.77,7.17,15312.0,35.06,31.28,21534.01,32054.0
WO-003052,2026-01-01,2026-01,2026-W01,Morning,M01,P03,526,528,522,6,430.0,371.8,38.0,42.25,338.67,7.17,13728.0,49.11,35.6,19416.37,29232.0
WO-003053,2026-01-01,2026-01,2026-W01,Afternoon,M01,P01,346,316,310,6,430.0,360.52,62.0,68.45,331.78,7.17,13904.0,48.11,23.24,19619.01,29140.0
WO-003054,2026-01-01,2026-01,2026-W01,Morning,M02,P05,412,373,360,13,430.0,366.95,52.0,59.03,265.41,7.17,17904.0,38.48,31.11,24902.26,36720.0
WO-003055,2026-01-01,2026-01,2026-W01,Afternoon,M02,P01,354,312,304,8,430.0,376.29,62.0,72.36,253.11,7.17,13728.0,36.7,31.21,19375.57,28576.0
WO-003056,2026-01-01,2026-01,2026-W01,Morning,M03,P01,344,352,346,6,430.0,391.27,62.0,66.69,402.54,7.17,15488.0,58.37,19.68,21785.71,32524.0
WO-003057,2026-01-01,2026-01,2026-W01,Afternoon,M03,P01,345,335,327,8,430.0,387.21,62.0,69.35,398.65,7.17,14740.0,57.8,14.62,20760.09,30738.0
WO-003058,2026-01-01,2026-01,2026-W01,Morning,M04,P04,232,172,167,5,430.0,322.42,95.0,112.47,249.67,7.17,17028.0,36.2,132.68,23804.55,35070.0
WO-003059,2026-01-01,2026-01,2026-W01,Afternoon,M04,P04,227,173,169,4,430.0,318.29,95.0,110.39,254.47,7.17,17127.0,36.9,115.82,23922.38,35490.0
WO-003060,2026-01-01,2026-01,2026-W01,Morning,M05,P05,408,394,383,11,430.0,384.78,52.0,58.6,213.21,7.17,18912.0,30.92,31.28,26259.87,39066.0
WO-003061,2026-01-01,2026-01,2026-W01,Afternoon,M05,P04,231,198,194,4,430.0,359.36,95.0,108.9,199.34,7.17,19602.0,28.9,71.2,27219.77,40740.0
WO-003062,2026-01-01,2026-01,2026-W01,Morning,M06,P01,350,335,330,5,430.0,375.49,62.0,67.25,222.85,7.17,14740.0,32.31,15.54,20735.52,31020.0
WO-003063,2026-01-01,2026-01,2026-W01,Afternoon,M06,P04,239,230,226,4,430.0,382.75,95.0,99.85,230.33,7.17,22770.0,33.4,47.39,31488.46,47460.0
WO-003064,2026-01-02,2026-01,2026-W01,Morning,M01,P03,589,583,573,10,430.0,400.05,38.0,41.17,367.9,7.17,15158.0,53.35,34.36,21371.87,32088.0
WO-003065,2026-01-02,2026-01,2026-W01,Afternoon,M01,P02,288,289,283,6,430.0,382.39,74.0,79.39,356.84,7.17,17051.0,51.74,58.06,23817.47,35658.0
WO-003066,2026-01-02,2026-01,2026-W01,Morning,M02,P02,305,279,273,6,430.0,376.28,74.0,80.92,256.36,7.17,16461.0,37.17,30.41,22975.25,34398.0
WO-003067,2026-01-02,2026-01,2026-W01,Afternoon,M02,P01,346,318,311,7,430.0,363.94,62.0,68.67,265.27,7.17,13992.0,38.46,12.0,19718.13,29234.0
WO-003068,2026-01-02,2026-01,2026-W01,Morning,M03,P05,407,427,418,9,430.0,395.85,52.0,55.62,420.33,7.17,20496.0,60.95,21.71,28425.32,42636.0
WO-003069,2026-01-02,2026-01,2026-W01,Afternoon,M03,P03,574,532,525,7,430.0,372.45,38.0,42.01,399.69,7.17,13832.0,57.95,12.0,19543.62,29400.0
WO-003070,2026-01-02,2026-01,2026-W01,Morning,M04,P06,176,141,135,6,430.0,329.71,125.0,140.3,256.15,7.17,19599.0,37.14,171.37,27586.18,40230.0
WO-003071,2026-01-02,2026-01,2026-W01,Afternoon,M04,P03,558,447,438,9,430.0,329.66,38.0,44.25,253.57,7.17,11622.0,36.77,80.04,16572.97,24528.0
WO-003072,2026-01-02,2026-01,2026-W01,Morning,M05,P06,180,166,160,6,430.0,377.72,125.0,136.53,209.39,7.17,23074.0,30.36,81.27,32239.3,47680.0
WO-003073,2026-01-02,2026-01,2026-W01,Afternoon,M05,P04,225,229,223,6,430.0,392.21,95.0,102.76,224.66,7.17,22671.0,32.58,103.55,31409.8,46830.0
WO-003074,2026-01-02,2026-01,2026-W01,Morning,M06,P05,426,415,404,11,430.0,395.19,52.0,57.14,242.55,7.17,19920.0,35.17,14.43,27612.26,41208.0
WO-003075,2026-01-02,2026-01,2026-W01,Afternoon,M06,P06,191,169,161,8,430.0,393.58,125.0,139.73,234.05,7.17,23491.0,33.94,54.81,32786.41,47978.0
WO-003076,2026-01-05,2026-01,2026-W02,Morning,M01,P03,581,568,556,12,430.0,399.25,38.0,42.17,383.22,7.17,14768.0,55.57,73.98,20881.22,31136.0
WO-003077,2026-01-05,2026-01,2026-W02,Afternoon,M01,P03,593,560,551,9,430.0,384.08,38.0,41.15,350.33,7.17,14560.0,50.8,13.21,20531.68,30856.0
WO-003078,2026-01-05,2026-01,2026-W02,Morning,M02,P01,342,334,329,5,430.0,384.76,62.0,69.12,268.75,7.17,14696.0,38.97,58.08,20724.71,30926.0
WO-003079,2026-01-05,2026-01,2026-W02,Afternoon,M02,P01,332,295,290,5,430.0,346.26,62.0,70.43,237.84,7.17,12980.0,34.49,23.24,18345.4,27260.0
WO-003080,2026-01-05,2026-01,2026-W02,Morning,M03,P03,612,559,552,7,430.0,387.8,38.0,41.62,424.49,7.17,14534.0,61.55,42.3,20536.02,30912.0
WO-003081,2026-01-05,2026-01,2026-W02,Afternoon,M03,P01,340,336,330,6,430.0,373.68,62.0,66.73,389.72,7.17,14784.0,56.51,51.84,20856.02,31020.0
WO-003082,2026-01-05,2026-01,2026-W02,Morning,M04,P04,221,179,174,5,430.0,313.74,95.0,105.17,260.84,7.17,17721.0,37.82,99.71,24711.2,36540.0
WO-003083,2026-01-05,2026-01,2026-W02,Afternoon,M04,P04,243,172,166,6,430.0,305.26,95.0,106.49,249.19,7.17,17028.0,36.13,84.75,23756.55,34860.0
WO-003084,2026-01-05,2026-01,2026-W02,Morning,M05,P04,223,216,211,5,430.0,384.21,95.0,106.72,212.42,7.17,21384.0,30.8,52.28,29614.75,44310.0
WO-003085,2026-01-05,2026-01,2026-W02,Afternoon,M05,P01,339,329,324,5,430.0,380.31,62.0,69.36,206.22,7.17,14476.0,29.9,21.27,20378.84,30456.0
WO-003086,2026-01-05,2026-01,2026-W02,Morning,M06,P05,417,418,409,9,430.0,390.77,52.0,56.09,242.84,7.17,20064.0,35.21,32.63,27825.51,41718.0
WO-003087,2026-01-05,2026-01,2026-W02,Afternoon,M06,P04,235,227,221,6,430.0,388.34,95.0,102.64,217.9,7.17,22473.0,31.6,67.36,31104.63,46410.0
WO-003088,2026-01-06,2026-01,2026-W02,Morning,M01,P03,524,534,529,5,430.0,368.06,38.0,41.36,356.92,7.17,13884.0,51.75,46.05,19642.46,29624.0
WO-003089,2026-01-06,2026-01,2026-W02,Afternoon,M01,P02,311,279,274,5,430.0,383.2,74.0,82.41,361.96,7.17,16461.0,52.48,18.45,22978.6,34524.0
WO-003090,2026-01-06,2026-01,2026-W02,Morning,M02,P05,414,408,398,10,430.0,395.0,52.0,58.09,276.38,7.17,19584.0,40.07,74.22,27221.97,40596.0
WO-003091,2026-01-06,2026-01,2026-W02,Afternoon,M02,P05,403,381,369,12,430.0,370.01,52.0,58.27,248.63,7.17,18288.0,36.05,57.38,25446.1,37638.0
WO-003092,2026-01-06,2026-01,2026-W02,Morning,M03,P03,592,564,553,11,430.0,390.58,38.0,41.55,415.74,7.17,14664.0,60.28,124.04,20793.99,30968.0
WO-003093,2026-01-06,2026-01,2026-W02,Afternoon,M03,P03,554,540,531,9,430.0,379.93,38.0,42.21,373.53,7.17,14040.0,54.16,12.0,19823.83,29736.0
WO-003094,2026-01-06,2026-01,2026-W02,Morning,M04,P03,598,456,449,7,430.0,331.95,38.0,43.68,276.76,7.17,11856.0,40.13,75.82,16891.61,25144.0
WO-003095,2026-01-06,2026-01,2026-W02,Afternoon,M04,P06,177,128,121,7,430.0,306.45,125.0,143.65,233.66,7.17,17792.0,33.88,74.4,25015.95,36058.0
WO-003096,2026-01-06,2026-01,2026-W02,Afternoon,M05,P01,349,327,325,2,430.0,370.58,62.0,68.0,214.75,7.17,14388.0,31.14,26.46,20265.27,30550.0
WO-003097,2026-01-06,2026-01,2026-W02,Morning,M06,P01,375,344,340,4,430.0,376.0,62.0,65.58,226.56,7.17,15136.0,32.85,61.37,21321.88,31960.0
WO-003098,2026-01-06,2026-01,2026-W02,Afternoon,M06,P05,399,403,392,11,430.0,382.44,52.0,56.94,237.24,7.17,19344.0,34.4,29.17,26846.23,39984.0
WO-003099,2026-01-07,2026-01,2026-W02,Morning,M01,P03,584,565,558,7,430.0,390.07,38.0,41.42,354.23,7.17,14690.0,51.36,29.86,20726.39,31248.0
WO-003100,2026-01-07,2026-01,2026-W02,Afternoon,M01,P03,574,528,522,6,430.0,372.95,38.0,42.38,326.06,7.17,13728.0,47.28,20.23,19399.17,29232.0
WO-003101,2026-01-07,2026-01,2026-W02,Morning,M02,P01,351,331,325,6,430.0,376.49,62.0,68.25,266.8,7.17,14564.0,38.69,66.79,20553.14,30550.0
WO-003102,2026-01-07,2026-01,2026-W02,Afternoon,M02,P02,296,253,247,6,430.0,361.04,74.0,85.62,252.18,7.17,14927.0,36.57,55.72,20919.96,31122.0
WO-003103,2026-01-07,2026-01,2026-W02,Morning,M03,P03,580,583,576,7,430.0,393.14,38.0,40.46,420.88,7.17,15158.0,61.03,15.89,21361.09,32256.0
WO-003104,2026-01-07,2026-01,2026-W02,Afternoon,M03,P05,422,398,387,11,430.0,370.58,52.0,55.87,393.54,7.17,19104.0,57.06,72.09,26586.82,39474.0
WO-003105,2026-01-07,2026-01,2026-W02,Morning,M04,P06,159,140,135,5,430.0,334.69,125.0,143.44,277.73,7.17,19460.0,40.27,138.14,27366.08,40230.0
WO-003106,2026-01-07,2026-01,2026-W02,Afternoon,M04,P04,232,172,167,5,430.0,310.29,95.0,108.24,255.71,7.17,17028.0,37.08,66.17,23738.91,35070.0
WO-003107,2026-01-07,2026-01,2026-W02,Morning,M05,P06,172,161,156,5,430.0,379.51,125.0,141.43,213.55,7.17,22379.0,30.96,37.08,31245.71,46488.0
WO-003108,2026-01-07,2026-01,2026-W02,Afternoon,M05,P01,359,344,339,5,430.0,390.48,62.0,68.11,216.63,7.17,15136.0,31.41,28.11,21287.19,31866.0
WO-003109,2026-01-07,2026-01,2026-W02,Afternoon,M06,P05,402,404,393,11,430.0,382.88,52.0,56.86,230.09,7.17,19392.0,33.36,88.38,26969.41,40086.0
WO-003110,2026-01-08,2026-01,2026-W02,Morning,M01,P03,600,565,558,7,430.0,381.13,38.0,40.47,358.08,7.17,14690.0,51.92,12.0,20709.09,31248.0
WO-003111,2026-01-08,2026-01,2026-W02,Afternoon,M01,P01,335,353,346,7,430.0,396.16,62.0,67.34,382.99,7.17,15532.0,55.53,20.49,21843.69,32524.0
WO-003112,2026-01-08,2026-01,2026-W02,Morning,M02,P05,404,377,365,12,430.0,375.68,52.0,59.79,258.1,7.17,18096.0,37.43,19.28,25149.37,37230.0
WO-003113,2026-01-08,2026-01,2026-W02,Afternoon,M02,P01,360,330,321,9,430.0,377.05,62.0,68.55,254.45,7.17,14520.0,36.89,12.58,20437.14,30174.0
WO-003114,2026-01-08,2026-01,2026-W02,Morning,M03,P01,328,349,344,5,430.0,391.73,62.0,67.35,397.7,7.17,15356.0,57.67,35.31,21620.65,32336.0
WO-003115,2026-01-08,2026-01,2026-W02,Morning,M04,P03,606,501,490,11,430.0,352.99,38.0,42.27,292.27,7.17,13026.0,42.38,113.14,18528.68,27440.0
WO-003116,2026-01-08,2026-01,2026-W02,Afternoon,M04,P04,229,182,177,5,430.0,336.38,95.0,110.89,263.06,7.17,18018.0,38.14,123.33,25137.14,37170.0
WO-003117,2026-01-08,2026-01,2026-W02,Morning,M05,P04,229,221,216,5,430.0,393.77,95.0,106.91,218.98,7.17,21879.0,31.75,132.11,30365.53,45360.0
WO-003118,2026-01-08,2026-01,2026-W02,Afternoon,M05,P05,398,381,370,11,430.0,379.34,52.0,59.74,198.12,7.17,18288.0,28.73,41.19,25422.58,37740.0
WO-003119,2026-01-08,2026-01,2026-W02,Morning,M06,P01,361,355,347,8,430.0,403.4,62.0,68.18,237.13,7.17,15620.0,34.38,12.0,21934.05,32618.0
WO-003120,2026-01-08,2026-01,2026-W02,Afternoon,M06,P01,375,336,329,7,430.0,376.52,62.0,67.24,237.04,7.17,14784.0,34.37,31.77,20813.81,30926.0
WO-003121,2026-01-09,2026-01,2026-W02,Morning,M01,P02,287,276,271,5,430.0,376.1,74.0,81.76,340.92,7.17,16284.0,49.43,94.69,22811.79,34146.0
WO-003122,2026-01-09,2026-01,2026-W02,Afternoon,M01,P02,289,278,271,7,430.0,385.82,74.0,83.27,357.57,7.17,16402.0,51.85,12.0,22891.51,34146.0
WO-003123,2026-01-09,2026-01,2026-W02,Afternoon,M02,P02,317,269,263,6,430.0,369.71,74.0,82.46,262.55,7.17,15871.0,38.07,38.21,22183.94,33138.0
WO-003124,2026-01-09,2026-01,2026-W02,Morning,M03,P05,407,401,391,10,430.0,386.07,52.0,57.77,411.65,7.17,19248.0,59.69,33.58,26745.93,39882.0
WO-003125,2026-01-09,2026-01,2026-W02,Afternoon,M03,P01,366,350,346,4,430.0,378.28,62.0,64.85,396.57,7.17,15400.0,57.5,52.39,21697.55,32524.0
WO-003126,2026-01-09,2026-01,2026-W02,Morning,M04,P04,230,174,169,5,430.0,318.8,95.0,109.93,271.47,7.17,17226.0,39.36,72.29,24015.32,35490.0
WO-003127,2026-01-09,2026-01,2026-W02,Afternoon,M04,P03,589,435,426,9,430.0,329.74,38.0,45.48,252.64,7.17,11310.0,36.63,66.28,16133.08,23856.0
WO-003128,2026-01-09,2026-01,2026-W02,Morning,M05,P01,343,349,345,4,430.0,390.0,62.0,67.05,212.9,7.17,15356.0,30.87,58.18,21616.71,32430.0
WO-003129,2026-01-09,2026-01,2026-W02,Afternoon,M05,P04,240,217,213,4,430.0,375.1,95.0,103.71,203.0,7.17,21483.0,29.43,151.83,29846.93,44730.0
WO-003130,2026-01-09,2026-01,2026-W02,Morning,M06,P05,433,436,425,11,430.0,404.08,52.0,55.61,253.6,7.17,20928.0,36.77,53.31,29017.75,43350.0
WO-003131,2026-01-09,2026-01,2026-W02,Afternoon,M06,P06,177,178,173,5,430.0,415.96,125.0,140.21,240.47,7.17,24742.0,34.87,12.0,34454.53,51554.0
WO-003132,2026-01-12,2026-01,2026-W03,Morning,M01,P03,566,571,567,4,430.0,392.15,38.0,41.21,373.16,7.17,14846.0,54.11,14.85,20927.12,31752.0
WO-003133,2026-01-12,2026-01,2026-W03,Afternoon,M01,P01,341,331,327,4,430.0,376.92,62.0,68.32,342.34,7.17,14564.0,49.64,88.04,20585.35,30738.0
WO-003134,2026-01-12,2026-01,2026-W03,Morning,M02,P01,347,321,320,1,430.0,368.52,62.0,68.88,255.63,7.17,14124.0,37.07,37.43,19922.17,30080.0
WO-003135,2026-01-12,2026-01,2026-W03,Afternoon,M02,P01,358,320,314,6,430.0,360.92,62.0,67.67,254.55,7.17,14080.0,36.91,22.0,19846.58,29516.0
WO-003136,2026-01-12,2026-01,2026-W03,Morning,M03,P01,374,355,352,3,430.0,388.58,62.0,65.67,393.7,7.17,15620.0,57.09,77.67,22022.42,33088.0
WO-003137,2026-01-12,2026-01,2026-W03,Afternoon,M03,P03,623,552,543,9,430.0,370.55,38.0,40.28,378.07,7.17,14352.0,54.82,50.41,20288.9,30408.0
WO-003138,2026-01-12,2026-01,2026-W03,Morning,M04,P04,234,184,178,6,430.0,324.92,95.0,105.95,264.96,7.17,18216.0,38.42,68.7,25350.79,37380.0
WO-003139,2026-01-12,2026-01,2026-W03,Afternoon,M04,P04,221,182,175,7,430.0,331.61,95.0,109.32,249.15,7.17,18018.0,36.13,130.36,25142.15,36750.0
WO-003140,2026-01-12,2026-01,2026-W03,Morning,M05,P04,230,215,209,6,430.0,382.59,95.0,106.77,201.1,7.17,21285.0,29.16,12.0,29438.83,43890.0
WO-003141,2026-01-12,2026-01,2026-W03,Afternoon,M05,P01,358,317,312,5,430.0,362.82,62.0,68.67,200.98,7.17,13948.0,29.14,24.39,19661.2,29328.0
WO-003142,2026-01-12,2026-01,2026-W03,Morning,M06,P01,337,375,370,5,430.0,417.1,62.0,66.74,253.44,7.17,16500.0,36.75,12.0,23136.42,34780.0
WO-003143,2026-01-12,2026-01,2026-W03,Afternoon,M06,P01,361,332,326,6,430.0,386.96,62.0,69.93,240.6,7.17,14608.0,34.89,28.88,20571.43,30644.0
WO-003144,2026-01-13,2026-01,2026-W03,Morning,M01,P01,371,358,353,5,430.0,398.58,62.0,66.8,359.48,7.17,15752.0,52.13,15.46,22135.25,33182.0
WO-003145,2026-01-13,2026-01,2026-W03,Afternoon,M01,P01,362,334,327,7,430.0,389.43,62.0,69.96,359.98,7.17,14696.0,52.2,12.25,20692.11,30738.0
WO-003146,2026-01-13,2026-01,2026-W03,Morning,M02,P05,428,388,380,8,430.0,373.11,52.0,57.7,264.13,7.17,18624.0,38.3,17.57,25863.53,38760.0
WO-003147,2026-01-13,2026-01,2026-W03,Afternoon,M02,P02,276,265,260,5,430.0,374.44,74.0,84.78,265.38,7.17,15635.0,38.48,29.91,21856.06,32760.0
WO-003148,2026-01-13,2026-01,2026-W03,Morning,M03,P05,408,418,409,9,430.0,382.92,52.0,54.97,422.99,7.17,20064.0,61.33,16.7,27835.7,41718.0
WO-003149,2026-01-13,2026-01,2026-W03,Afternoon,M03,P03,565,563,553,10,430.0,386.5,38.0,41.19,395.03,7.17,14638.0,57.28,12.0,20643.45,30968.0
WO-003150,2026-01-13,2026-01,2026-W03,Morning,M04,P06,180,136,130,6,430.0,330.3,125.0,145.72,259.81,7.17,18904.0,37.67,206.18,26671.52,38740.0
WO-003151,2026-01-13,2026-01,2026-W03,Afternoon,M04,P06,173,128,123,5,430.0,310.29,125.0,145.45,245.24,7.17,17792.0,35.56,93.46,25036.69,36654.0
WO-003152,2026-01-13,2026-01,2026-W03,Morning,M05,P04,231,215,210,5,430.0,362.61,95.0,101.19,200.9,7.17,21285.0,29.13,88.86,29515.65,44100.0
WO-003153,2026-01-13,2026-01,2026-W03,Afternoon,M05,P05,401,381,371,10,430.0,381.23,52.0,60.04,199.46,7.17,18288.0,28.92,30.93,25412.52,37842.0
WO-003154,2026-01-13,2026-01,2026-W03,Morning,M06,P04,225,246,241,5,430.0,417.1,95.0,101.73,254.83,7.17,24354.0,36.95,52.8,33641.41,50610.0
WO-003155,2026-01-13,2026-01,2026-W03,Afternoon,M06,P04,242,220,216,4,430.0,389.98,95.0,106.36,236.87,7.17,21780.0,34.35,51.73,30153.75,45360.0
WO-003156,2026-01-14,2026-01,2026-W03,Morning,M01,P03,605,524,517,7,430.0,366.94,38.0,42.02,345.21,7.17,13624.0,50.06,15.64,19255.36,28952.0
WO-003157,2026-01-14,2026-01,2026-W03,Afternoon,M01,P01,351,315,310,5,430.0,372.38,62.0,70.93,340.64,7.17,13860.0,49.39,109.06,19646.12,29140.0
WO-003158,2026-01-14,2026-01,2026-W03,Morning,M02,P05,404,388,377,11,430.0,380.52,52.0,58.84,267.23,7.17,18624.0,38.75,12.0,25858.41,38454.0
WO-003159,2026-01-14,2026-01,2026-W03,Afternoon,M02,P01,358,306,299,7,430.0,368.45,62.0,72.24,255.95,7.17,13464.0,37.11,12.0,18996.78,28106.0
WO-003160,2026-01-14,2026-01,2026-W03,Morning,M03,P05,414,446,432,14,430.0,400.37,52.0,53.86,429.47,7.17,21408.0,62.27,12.0,29651.94,44064.0
WO-003161,2026-01-14,2026-01,2026-W03,Afternoon,M03,P05,446,407,398,9,430.0,390.82,52.0,57.61,399.23,7.17,19536.0,57.89,44.09,27144.65,40596.0
WO-003162,2026-01-14,2026-01,2026-W03,Morning,M04,P06,168,134,128,6,430.0,315.99,125.0,141.49,252.92,7.17,18626.0,36.67,75.32,26159.66,38144.0
WO-003163,2026-01-14,2026-01,2026-W03,Afternoon,M04,P03,590,421,412,9,430.0,310.33,38.0,44.23,256.97,7.17,10946.0,37.26,102.36,15672.79,23072.0
WO-003164,2026-01-14,2026-01,2026-W03,Morning,M05,P01,347,365,359,6,430.0,403.19,62.0,66.28,229.32,7.17,16060.0,33.25,90.03,22610.95,33746.0
WO-003165,2026-01-14,2026-01,2026-W03,Afternoon,M05,P04,238,225,219,6,430.0,389.5,95.0,103.87,213.57,7.17,22275.0,30.97,33.26,30801.89,45990.0
WO-003166,2026-01-14,2026-01,2026-W03,Morning,M06,P06,176,176,170,6,430.0,399.32,125.0,136.13,237.8,7.17,24464.0,34.48,80.63,34142.78,50660.0
WO-003167,2026-01-14,2026-01,2026-W03,Afternoon,M06,P05,411,404,394,10,430.0,385.29,52.0,57.22,238.96,7.17,19392.0,34.65,20.59,26902.91,40188.0
WO-003168,2026-01-15,2026-01,2026-W03,Morning,M01,P01,342,321,317,4,430.0,368.03,62.0,68.79,346.79,7.17,14124.0,50.28,69.26,19967.21,29798.0
WO-003169,2026-01-15,2026-01,2026-W03,Afternoon,M01,P03,582,525,519,6,430.0,372.2,38.0,42.54,334.41,7.17,13650.0,48.49,66.04,19339.69,29064.0
WO-003170,2026-01-15,2026-01,2026-W03,Morning,M02,P05,439,390,381,9,430.0,378.91,52.0,58.29,267.1,7.17,18720.0,38.73,15.39,25991.79,38862.0
WO-003171,2026-01-15,2026-01,2026-W03,Afternoon,M02,P02,294,276,267,9,430.0,389.15,74.0,84.6,262.19,7.17,16284.0,38.02,19.19,22724.87,33642.0
WO-003172,2026-01-15,2026-01,2026-W03,Morning,M03,P03,531,578,574,4,430.0,397.44,38.0,41.26,412.3,7.17,15028.0,59.78,36.38,21202.83,32144.0
WO-003173,2026-01-15,2026-01,2026-W03,Afternoon,M03,P01,366,339,332,7,430.0,388.6,62.0,68.78,399.34,7.17,14916.0,57.9,26.93,21012.5,31208.0
WO-003174,2026-01-15,2026-01,2026-W03,Morning,M04,P06,174,137,131,6,430.0,329.88,125.0,144.47,260.5,7.17,19043.0,37.77,72.32,26727.76,39038.0
WO-003175,2026-01-15,2026-01,2026-W03,Afternoon,M04,P06,175,129,123,6,430.0,311.41,125.0,144.84,238.21,7.17,17931.0,34.54,70.03,25202.24,36654.0
WO-003176,2026-01-15,2026-01,2026-W03,Morning,M05,P06,183,168,161,7,430.0,377.02,125.0,134.65,217.36,7.17,23352.0,31.52,15.09,32554.28,47978.0
WO-003177,2026-01-15,2026-01,2026-W03,Morning,M06,P04,241,240,236,4,430.0,409.28,95.0,102.32,235.49,7.17,23760.0,34.15,123.19,32905.0,49560.0
WO-003178,2026-01-16,2026-01,2026-W03,Morning,M01,P03,586,578,576,2,430.0,389.97,38.0,40.48,369.99,7.17,15028.0,53.65,104.4,21264.72,32256.0
WO-003179,2026-01-16,2026-01,2026-W03,Afternoon,M01,P01,351,343,337,6,430.0,383.86,62.0,67.15,353.1,7.17,15092.0,51.2,12.0,21230.87,31678.0
WO-003180,2026-01-16,2026-01,2026-W03,Morning,M02,P05,419,418,407,11,430.0,387.63,52.0,55.64,283.87,7.17,20064.0,41.16,27.32,27826.15,41514.0
WO-003181,2026-01-16,2026-01,2026-W03,Afternoon,M02,P01,352,309,302,7,430.0,364.89,62.0,70.85,251.93,7.17,13596.0,36.53,65.73,19229.92,28388.0
WO-003182,2026-01-16,2026-01,2026-W03,Morning,M03,P03,573,571,565,6,430.0,402.06,38.0,42.25,405.08,7.17,14846.0,58.74,31.71,20948.62,31640.0
WO-003183,2026-01-16,2026-01,2026-W03,Morning,M04,P06,178,139,132,7,430.0,329.41,125.0,142.19,270.4,7.17,19321.0,39.21,118.42,27155.29,39336.0
WO-003184,2026-01-16,2026-01,2026-W03,Afternoon,M04,P06,182,134,128,6,430.0,321.87,125.0,144.12,247.81,7.17,18626.0,35.93,86.26,26169.86,38144.0
WO-003185,2026-01-16,2026-01,2026-W03,Morning,M05,P06,170,164,160,4,430.0,378.38,125.0,138.43,212.56,7.17,22796.0,30.82,14.79,31793.28,47680.0
WO-003186,2026-01-16,2026-01,2026-W03,Afternoon,M05,P05,409,375,367,8,430.0,363.33,52.0,58.13,205.81,7.17,18000.0,29.84,12.86,25005.37,37434.0
WO-003187,2026-01-16,2026-01,2026-W03,Morning,M06,P01,348,367,359,8,430.0,405.84,62.0,66.35,245.12,7.17,16148.0,35.54,26.64,22669.85,33746.0
WO-003188,2026-01-16,2026-01,2026-W03,Afternoon,M06,P01,371,337,331,6,430.0,380.05,62.0,67.67,238.12,7.17,14828.0,34.53,12.0,20854.19,31114.0
WO-003189,2026-01-19,2026-01,2026-W04,Morning,M01,P01,369,328,322,6,430.0,381.9,62.0,69.86,367.7,7.17,14432.0,53.32,17.53,20338.51,30268.0
WO-003190,2026-01-19,2026-01,2026-W04,Afternoon,M01,P03,605,525,519,6,430.0,359.11,38.0,41.04,327.49,7.17,13650.0,47.49,107.03,19379.68,29064.0
WO-003191,2026-01-19,2026-01,2026-W04,Morning,M02,P05,403,410,400,10,430.0,390.76,52.0,57.18,289.61,7.17,19680.0,41.99,12.0,27291.66,40800.0
WO-003192,2026-01-19,2026-01,2026-W04,Afternoon,M02,P01,386,320,314,6,430.0,376.78,62.0,70.65,257.3,7.17,14080.0,37.31,32.9,19857.88,29516.0
WO-003193,2026-01-19,2026-01,2026-W04,Morning,M03,P01,361,350,344,6,430.0,394.5,62.0,67.63,408.27,7.17,15400.0,59.2,49.0,21695.86,32336.0
WO-003194,2026-01-19,2026-01,2026-W04,Afternoon,M03,P01,355,352,346,6,430.0,389.39,62.0,66.37,416.06,7.17,15488.0,60.33,33.21,21801.2,32524.0
WO-003195,2026-01-19,2026-01,2026-W04,Morning,M04,P03,581,449,439,10,430.0,324.95,38.0,43.42,270.42,7.17,11674.0,39.21,62.9,16629.28,24584.0
WO-003196,2026-01-19,2026-01,2026-W04,Afternoon,M04,P03,548,394,387,7,430.0,300.35,38.0,45.74,234.61,7.17,10244.0,34.02,77.57,14686.26,21672.0
WO-003197,2026-01-19,2026-01,2026-W04,Morning,M05,P04,234,196,194,2,430.0,361.94,95.0,110.8,210.53,7.17,19404.0,30.53,66.8,26948.99,40740.0
WO-003198,2026-01-19,2026-01,2026-W04,Afternoon,M05,P06,178,163,157,6,430.0,381.65,125.0,140.49,210.95,7.17,22657.0,30.59,12.0,31600.26,46786.0
WO-003199,2026-01-19,2026-01,2026-W04,Morning,M06,P01,362,337,332,5,430.0,392.18,62.0,69.83,231.36,7.17,14828.0,33.55,46.91,20888.13,31208.0
WO-003200,2026-01-19,2026-01,2026-W04,Afternoon,M06,P01,355,342,338,4,430.0,389.1,62.0,68.26,230.71,7.17,15048.0,33.45,55.02,21196.14,31772.0
WO-003201,2026-01-20,2026-01,2026-W04,Morning,M01,P02,287,292,288,4,430.0,393.09,74.0,80.77,345.72,7.17,17228.0,50.13,12.0,24009.8,36288.0
WO-003202,2026-01-20,2026-01,2026-W04,Afternoon,M01,P02,290,266,261,5,430.0,374.42,74.0,84.46,331.75,7.17,15694.0,48.1,72.35,21988.12,32886.0
WO-003203,2026-01-20,2026-01,2026-W04,Morning,M02,P01,329,324,319,5,430.0,359.79,62.0,66.63,262.36,7.17,14256.0,38.04,33.87,20099.58,29986.0
WO-003204,2026-01-20,2026-01,2026-W04,Afternoon,M02,P05,394,373,363,10,430.0,357.19,52.0,57.46,253.54,7.17,17904.0,36.76,24.46,24893.89,37026.0
WO-003205,2026-01-20,2026-01,2026-W04,Morning,M03,P05,408,420,411,9,430.0,384.17,52.0,54.88,391.92,7.17,20160.0,56.83,19.11,27963.6,41922.0
WO-003206,2026-01-20,2026-01,2026-W04,Afternoon,M03,P05,398,409,402,7,430.0,388.3,52.0,56.96,401.46,7.17,19632.0,58.21,12.0,27242.88,41004.0
WO-003207,2026-01-20,2026-01,2026-W04,Morning,M04,P06,174,137,131,6,430.0,323.12,125.0,141.51,260.32,7.17,19043.0,37.75,64.75,26720.16,39038.0
WO-003208,2026-01-20,2026-01,2026-W04,Afternoon,M04,P06,178,129,122,7,430.0,317.49,125.0,147.67,265.04,7.17,17931.0,38.43,114.11,25250.2,36356.0
WO-003209,2026-01-20,2026-01,2026-W04,Morning,M05,P04,233,223,221,2,430.0,383.32,95.0,103.13,226.56,7.17,22077.0,32.85,104.18,30606.7,46410.0
WO-003210,2026-01-20,2026-01,2026-W04,Afternoon,M05,P01,341,310,304,6,430.0,362.02,62.0,70.07,200.44,7.17,13640.0,29.06,43.66,19260.39,28576.0
WO-003211,2026-01-20,2026-01,2026-W04,Morning,M06,P01,365,351,346,5,430.0,399.83,62.0,68.35,218.16,7.17,15444.0,31.63,39.72,21719.02,32524.0
WO-003212,2026-01-20,2026-01,2026-W04,Afternoon,M06,P04,231,227,221,6,430.0,390.6,95.0,103.24,230.5,7.17,22473.0,33.42,18.29,31057.38,46410.0
WO-003213,2026-01-21,2026-01,2026-W04,Morning,M01,P03,554,583,580,3,430.0,411.65,38.0,42.37,365.57,7.17,15158.0,53.01,20.01,21357.19,32480.0
WO-003214,2026-01-21,2026-01,2026-W04,Afternoon,M01,P03,576,512,502,10,430.0,349.98,38.0,41.01,330.83,7.17,13312.0,47.97,49.14,18860.78,28112.0
WO-003215,2026-01-21,2026-01,2026-W04,Morning,M02,P05,430,406,397,9,430.0,390.96,52.0,57.78,274.42,7.17,19488.0,39.79,20.36,27037.82,40494.0
WO-003216,2026-01-21,2026-01,2026-W04,Afternoon,M02,P01,363,325,321,4,430.0,375.58,62.0,69.34,258.76,7.17,14300.0,37.52,54.23,20179.42,30174.0
WO-003217,2026-01-21,2026-01,2026-W04,Morning,M03,P03,591,532,522,10,430.0,378.63,38.0,42.7,401.94,7.17,13832.0,58.28,49.7,19581.65,29232.0
WO-003218,2026-01-21,2026-01,2026-W04,Afternoon,M03,P05,402,408,400,8,430.0,384.84,52.0,56.59,386.52,7.17,19584.0,56.05,29.63,27193.34,40800.0
WO-003219,2026-01-21,2026-01,2026-W04,Morning,M04,P06,175,132,127,5,430.0,313.73,125.0,142.6,240.86,7.17,18348.0,34.93,89.09,25791.68,37846.0
WO-003220,2026-01-21,2026-01,2026-W04,Afternoon,M04,P04,223,179,175,4,430.0,335.65,95.0,112.51,274.08,7.17,17721.0,39.74,71.07,24684.48,36750.0
WO-003221,2026-01-21,2026-01,2026-W04,Morning,M05,P01,338,370,363,7,430.0,401.69,62.0,65.14,231.55,7.17,16280.0,33.57,26.95,22848.19,34122.0
WO-003222,2026-01-21,2026-01,2026-W04,Afternoon,M05,P05,411,387,376,11,430.0,369.9,52.0,57.35,206.01,7.17,18576.0,29.87,37.12,25809.65,38352.0
WO-003223,2026-01-21,2026-01,2026-W04,Morning,M06,P04,220,232,227,5,430.0,400.14,95.0,103.48,247.37,7.17,22968.0,35.87,12.0,31723.53,47670.0
WO-003224,2026-01-21,2026-01,2026-W04,Afternoon,M06,P06,174,167,161,6,430.0,377.76,125.0,135.72,227.36,7.17,23213.0,32.97,23.98,32374.62,47978.0
WO-003225,2026-01-22,2026-01,2026-W04,Morning,M01,P01,362,335,330,5,430.0,381.36,62.0,68.3,357.16,7.17,14740.0,51.79,57.17,20796.62,31020.0
WO-003226,2026-01-22,2026-01,2026-W04,Afternoon,M01,P02,283,282,277,5,430.0,381.1,74.0,81.08,346.29,7.17,16638.0,50.21,12.0,23209.88,34902.0
WO-003227,2026-01-22,2026-01,2026-W04,Morning,M02,P05,416,372,364,8,430.0,372.1,52.0,60.02,250.95,7.17,17856.0,36.39,45.3,24849.35,37128.0
WO-003228,2026-01-22,2026-01,2026-W04,Afternoon,M02,P05,412,397,386,11,430.0,382.61,52.0,57.82,268.26,7.17,19056.0,38.9,18.96,26450.53,39372.0
WO-003229,2026-01-22,2026-01,2026-W04,Morning,M03,P05,415,420,409,11,430.0,381.36,52.0,54.48,404.26,7.17,20160.0,58.62,20.26,27966.54,41718.0
WO-003230,2026-01-22,2026-01,2026-W04,Afternoon,M03,P01,352,340,335,5,430.0,378.44,62.0,66.78,406.76,7.17,14960.0,58.98,13.94,21060.59,31490.0
WO-003231,2026-01-22,2026-01,2026-W04,Morning,M04,P04,227,167,162,5,430.0,310.23,95.0,111.46,262.74,7.17,16533.0,38.1,78.15,23081.91,34020.0
WO-003232,2026-01-22,2026-01,2026-W04,Afternoon,M04,P03,589,466,455,11,430.0,329.48,38.0,42.42,266.52,7.17,12116.0,38.64,87.53,17256.84,25480.0
WO-003233,2026-01-22,2026-01,2026-W04,Morning,M05,P05,401,389,380,9,430.0,376.2,52.0,58.03,204.27,7.17,18672.0,29.62,86.55,25988.84,38760.0
WO-003234,2026-01-22,2026-01,2026-W04,Afternoon,M05,P05,446,394,384,10,430.0,384.34,52.0,58.53,210.04,7.17,18912.0,30.46,19.06,26247.18,39168.0
WO-003235,2026-01-22,2026-01,2026-W04,Morning,M06,P06,176,176,170,6,430.0,384.72,125.0,131.15,234.88,7.17,24464.0,34.06,28.52,34090.25,50660.0
WO-003236,2026-01-22,2026-01,2026-W04,Afternoon,M06,P04,226,220,216,4,430.0,382.16,95.0,104.22,239.82,7.17,21780.0,34.77,18.09,30120.53,45360.0
WO-003237,2026-01-23,2026-01,2026-W04,Morning,M01,P01,343,345,343,2,430.0,398.58,62.0,69.32,357.27,7.17,15180.0,51.8,24.73,21364.2,32242.0
WO-003238,2026-01-23,2026-01,2026-W04,Afternoon,M01,P01,350,319,313,6,430.0,373.72,62.0,70.29,345.4,7.17,14036.0,50.08,33.86,19811.61,29422.0
WO-003239,2026-01-23,2026-01,2026-W04,Morning,M02,P02,317,280,275,5,430.0,383.32,74.0,82.14,269.22,7.17,16520.0,39.04,75.43,23102.13,34650.0
WO-003240,2026-01-23,2026-01,2026-W04,Afternoon,M02,P05,412,384,374,10,430.0,362.53,52.0,56.65,254.16,7.17,18432.0,36.85,25.02,25609.54,38148.0
WO-003241,2026-01-23,2026-01,2026-W04,Morning,M03,P01,364,348,344,4,430.0,385.75,62.0,66.51,420.18,7.17,15312.0,60.93,39.08,21567.67,32336.0
WO-003242,2026-01-23,2026-01,2026-W04,Afternoon,M03,P03,616,555,550,5,430.0,386.92,38.0,41.83,412.61,7.17,14430.0,59.83,12.0,20362.0,30800.0
WO-003243,2026-01-23,2026-01,2026-W04,Morning,M04,P03,570,430,423,7,430.0,312.97,38.0,43.67,266.43,7.17,11180.0,38.63,71.91,15963.21,23688.0
WO-003244,2026-01-23,2026-01,2026-W04,Afternoon,M04,P06,171,135,130,5,430.0,316.64,125.0,140.73,251.57,7.17,18765.0,36.48,108.37,26382.51,38740.0
WO-003245,2026-01-23,2026-01,2026-W04,Morning,M05,P01,356,327,323,4,430.0,367.57,62.0,67.44,211.13,7.17,14388.0,30.61,13.77,20252.05,30362.0
WO-003246,2026-01-23,2026-01,2026-W04,Afternoon,M05,P04,231,214,209,5,430.0,372.69,95.0,104.49,203.51,7.17,21186.0,29.51,12.0,29305.17,43890.0
WO-003247,2026-01-23,2026-01,2026-W04,Morning,M06,P04,218,239,233,6,430.0,400.46,95.0,100.53,238.81,7.17,23661.0,34.63,12.0,32660.29,48930.0
WO-003248,2026-01-23,2026-01,2026-W04,Afternoon,M06,P01,359,340,335,5,430.0,382.79,62.0,67.55,228.64,7.17,14960.0,33.15,24.28,21045.1,31490.0
WO-003249,2026-01-26,2026-01,2026-W05,Morning,M01,P01,368,364,360,4,430.0,396.7,62.0,65.39,392.26,7.17,16016.0,56.88,12.0,22496.54,33840.0
WO-003250,2026-01-26,2026-01,2026-W05,Afternoon,M01,P01,349,331,326,5,430.0,385.23,62.0,69.83,335.6,7.17,14564.0,48.66,56.14,20552.46,30644.0
WO-003251,2026-01-26,2026-01,2026-W05,Morning,M02,P05,433,404,393,11,430.0,398.85,52.0,59.24,272.17,7.17,19392.0,39.46,30.95,26918.09,40086.0
WO-003252,2026-01-26,2026-01,2026-W05,Afternoon,M02,P02,310,265,257,8,430.0,362.72,74.0,82.12,265.66,7.17,15635.0,38.52,33.21,21859.39,32382.0
WO-003253,2026-01-26,2026-01,2026-W05,Morning,M03,P03,560,536,530,6,430.0,364.82,38.0,40.84,379.86,7.17,13936.0,55.08,18.71,19689.46,29680.0
WO-003254,2026-01-26,2026-01,2026-W05,Afternoon,M03,P05,420,398,388,10,430.0,370.17,52.0,55.81,385.62,7.17,19104.0,55.91,38.81,26552.39,39576.0
WO-003255,2026-01-26,2026-01,2026-W05,Morning,M04,P03,584,497,488,9,430.0,352.98,38.0,42.61,281.65,7.17,12922.0,40.84,70.84,18342.84,27328.0
WO-003256,2026-01-26,2026-01,2026-W05,Afternoon,M04,P04,225,184,177,7,430.0,327.03,95.0,106.64,249.56,7.17,18216.0,36.19,140.44,25420.29,37170.0
WO-003257,2026-01-26,2026-01,2026-W05,Morning,M05,P06,167,163,157,6,430.0,379.17,125.0,139.57,211.65,7.17,22657.0,30.69,27.72,31616.08,46786.0
WO-003258,2026-01-26,2026-01,2026-W05,Afternoon,M05,P06,181,164,158,6,430.0,381.26,125.0,139.48,206.33,7.17,22796.0,29.92,12.0,31789.58,47084.0
WO-003259,2026-01-26,2026-01,2026-W05,Morning,M06,P01,352,383,376,7,430.0,417.1,62.0,65.34,245.81,7.17,16852.0,35.64,33.62,23636.93,35344.0
WO-003260,2026-01-26,2026-01,2026-W05,Afternoon,M06,P04,225,218,213,5,430.0,381.03,95.0,104.87,228.75,7.17,21582.0,33.17,58.37,29891.21,44730.0
WO-003261,2026-01-27,2026-01,2026-W05,Morning,M01,P03,564,562,557,5,430.0,380.2,38.0,40.59,340.33,7.17,14612.0,49.35,38.44,20626.46,31192.0
WO-003262,2026-01-27,2026-01,2026-W05,Morning,M02,P02,294,260,256,4,430.0,362.39,74.0,83.63,262.14,7.17,15340.0,38.01,27.14,21452.82,32256.0
WO-003263,2026-01-27,2026-01,2026-W05,Afternoon,M02,P05,428,392,382,10,430.0,366.9,52.0,56.16,255.27,7.17,18816.0,37.01,24.07,26128.75,38964.0
WO-003264,2026-01-27,2026-01,2026-W05,Morning,M03,P01,357,360,352,8,430.0,397.1,62.0,66.18,412.44,7.17,15840.0,59.8,55.81,22303.28,33088.0
WO-003265,2026-01-27,2026-01,2026-W05,Afternoon,M03,P05,423,400,390,10,430.0,372.3,52.0,55.84,385.21,7.17,19200.0,55.86,20.92,26664.44,39780.0
WO-003266,2026-01-27,2026-01,2026-W05,Morning,M04,P03,588,445,433,12,430.0,322.2,38.0,43.44,252.94,7.17,11570.0,36.68,94.24,16516.08,24248.0
WO-003267,2026-01-27,2026-01,2026-W05,Afternoon,M04,P06,169,130,123,7,430.0,317.25,125.0,146.43,249.49,7.17,18070.0,36.18,59.89,25383.74,36654.0
WO-003268,2026-01-27,2026-01,2026-W05,Morning,M05,P06,179,171,165,6,430.0,388.3,125.0,136.25,223.09,7.17,23769.0,32.35,75.2,33185.22,49170.0
WO-003269,2026-01-27,2026-01,2026-W05,Afternoon,M05,P01,352,303,295,8,430.0,358.92,62.0,71.07,204.16,7.17,13332.0,29.6,38.19,18835.46,27730.0
WO-003270,2026-01-27,2026-01,2026-W05,Morning,M06,P01,353,357,351,6,430.0,404.24,62.0,67.94,252.9,7.17,15708.0,36.67,27.14,22071.48,32994.0
WO-003271,2026-01-27,2026-01,2026-W05,Afternoon,M06,P04,232,228,223,5,430.0,391.59,95.0,103.05,240.99,7.17,22572.0,34.94,12.0,31186.61,46830.0
WO-003272,2026-01-28,2026-01,2026-W05,Morning,M01,P01,376,348,343,5,430.0,393.09,62.0,67.77,362.71,7.17,15312.0,52.59,16.2,21536.46,32242.0
WO-003273,2026-01-28,2026-01,2026-W05,Afternoon,M01,P03,576,543,536,7,430.0,370.04,38.0,40.89,341.65,7.17,14118.0,49.54,44.83,19958.54,30016.0
WO-003274,2026-01-28,2026-01,2026-W05,Morning,M02,P01,369,347,342,5,430.0,386.77,62.0,66.88,280.08,7.17,15268.0,40.61,50.02,21498.3,32148.0
WO-003275,2026-01-28,2026-01,2026-W05,Afternoon,M02,P05,425,368,359,9,430.0,358.76,52.0,58.49,249.95,7.17,17664.0,36.24,72.09,24616.0,36618.0
WO-003276,2026-01-28,2026-01,2026-W05,Morning,M03,P05,437,423,413,10,430.0,395.96,52.0,56.16,441.55,7.17,20304.0,64.03,22.64,28169.33,42126.0
WO-003277,2026-01-28,2026-01,2026-W05,Afternoon,M03,P01,359,334,328,6,430.0,385.93,62.0,69.33,419.88,7.17,14696.0,60.88,22.41,20710.96,30832.0
WO-003278,2026-01-28,2026-01,2026-W05,Morning,M04,P04,233,181,177,4,430.0,330.58,95.0,109.58,261.34,7.17,17919.0,37.89,76.7,24956.26,37170.0
WO-003279,2026-01-28,2026-01,2026-W05,Afternoon,M04,P03,575,407,400,7,430.0,301.49,38.0,44.45,250.26,7.17,10582.0,36.29,83.14,15155.59,22400.0
WO-003280,2026-01-28,2026-01,2026-W05,Morning,M05,P05,440,384,377,7,430.0,374.26,52.0,58.48,207.43,7.17,18432.0,30.08,41.15,25618.89,38454.0
WO-003281,2026-01-28,2026-01,2026-W05,Afternoon,M05,P01,351,325,320,5,430.0,380.33,62.0,70.21,225.35,7.17,14300.0,32.68,31.17,20151.51,30080.0
WO-003282,2026-01-28,2026-01,2026-W05,Morning,M06,P04,218,244,239,5,430.0,394.09,95.0,96.91,246.46,7.17,24156.0,35.74,27.75,33347.15,50190.0
WO-003283,2026-01-28,2026-01,2026-W05,Afternoon,M06,P05,435,429,417,12,430.0,410.39,52.0,57.4,247.55,7.17,20592.0,35.89,20.23,28528.79,42534.0
WO-003284,2026-01-29,2026-01,2026-W05,Morning,M01,P02,310,284,280,4,430.0,390.42,74.0,82.48,348.15,7.17,16756.0,50.48,31.53,23389.68,35280.0
WO-003285,2026-01-29,2026-01,2026-W05,Afternoon,M01,P02,298,282,276,6,430.0,391.76,74.0,83.35,344.64,7.17,16638.0,49.97,76.69,23274.33,34776.0
WO-003286,2026-01-29,2026-01,2026-W05,Morning,M02,P02,280,270,265,5,430.0,378.54,74.0,84.12,246.47,7.17,15930.0,35.74,59.61,22283.01,33390.0
WO-003287,2026-01-29,2026-01,2026-W05,Afternoon,M02,P02,291,275,269,6,430.0,381.76,74.0,83.29,263.97,7.17,16225.0,38.28,62.47,22688.41,33894.0
WO-003288,2026-01-29,2026-01,2026-W05,Morning,M03,P01,341,341,336,5,430.0,375.36,62.0,66.05,395.36,7.17,15004.0,57.33,17.51,21122.51,31584.0
WO-003289,2026-01-29,2026-01,2026-W05,Afternoon,M03,P01,354,347,342,5,430.0,385.9,62.0,66.73,414.7,7.17,15268.0,60.13,54.3,21522.09,32148.0
WO-003290,2026-01-29,2026-01,2026-W05,Morning,M04,P03,531,426,419,7,430.0,312.42,38.0,44.0,238.21,7.17,11076.0,34.54,66.26,15811.46,23464.0
WO-003291,2026-01-29,2026-01,2026-W05,Afternoon,M04,P04,236,160,155,5,430.0,305.32,95.0,114.49,245.88,7.17,15840.0,35.65,74.18,22137.5,32550.0
WO-003292,2026-01-29,2026-01,2026-W05,Morning,M05,P05,418,397,390,7,430.0,373.62,52.0,56.47,204.54,7.17,19056.0,29.66,39.7,26462.02,39780.0
WO-003293,2026-01-29,2026-01,2026-W05,Afternoon,M05,P05,423,385,374,11,430.0,371.55,52.0,57.9,220.05,7.17,18480.0,31.91,26.71,25671.29,38148.0
WO-003294,2026-01-29,2026-01,2026-W05,Morning,M06,P01,356,362,358,4,430.0,401.9,62.0,66.61,244.21,7.17,15928.0,35.41,34.32,22377.4,33652.0
WO-003295,2026-01-29,2026-01,2026-W05,Afternoon,M06,P05,431,400,391,9,430.0,371.25,52.0,55.69,229.69,7.17,19200.0,33.3,80.38,26701.35,39882.0
WO-003296,2026-01-30,2026-01,2026-W05,Morning,M01,P02,294,289,284,5,430.0,393.94,74.0,81.79,345.35,7.17,17051.0,50.08,28.71,23786.45,35784.0
WO-003297,2026-01-30,2026-01,2026-W05,Afternoon,M01,P01,346,316,311,5,430.0,369.43,62.0,70.14,333.02,7.17,13904.0,48.29,13.46,19609.42,29234.0
WO-003298,2026-01-30,2026-01,2026-W05,Morning,M02,P01,348,326,320,6,430.0,378.58,62.0,69.68,266.69,7.17,14344.0,38.67,90.62,20276.95,30080.0
WO-003299,2026-01-30,2026-01,2026-W05,Afternoon,M02,P01,357,318,311,7,430.0,358.73,62.0,67.68,253.78,7.17,13992.0,36.8,48.05,19752.52,29234.0
WO-003300,2026-01-30,2026-01,2026-W05,Morning,M03,P01,360,342,339,3,430.0,387.65,62.0,68.01,391.0,7.17,15048.0,56.69,96.27,21260.63,31866.0
WO-003301,2026-01-30,2026-01,2026-W05,Afternoon,M03,P05,427,418,407,11,430.0,393.69,52.0,56.51,411.46,7.17,20064.0,59.66,101.03,27918.36,41514.0
WO-003302,2026-01-30,2026-01,2026-W05,Morning,M04,P04,230,184,178,6,430.0,330.64,95.0,107.82,255.17,7.17,18216.0,37.0,78.14,25358.8,37380.0
WO-003303,2026-01-30,2026-01,2026-W05,Afternoon,M04,P04,229,168,162,6,430.0,305.0,95.0,108.93,247.41,7.17,16632.0,35.87,77.31,23212.85,34020.0
WO-003304,2026-01-30,2026-01,2026-W05,Morning,M05,P06,179,166,161,5,430.0,382.21,125.0,138.15,214.86,7.17,23074.0,31.16,18.94,32177.76,47978.0
WO-003305,2026-01-30,2026-01,2026-W05,Afternoon,M05,P04,231,224,220,4,430.0,399.02,95.0,106.88,227.28,7.17,22176.0,32.96,28.94,30665.56,46200.0
WO-003306,2026-01-30,2026-01,2026-W05,Morning,M06,P06,173,187,180,7,430.0,417.1,125.0,133.83,245.89,7.17,25993.0,35.65,32.76,36186.09,53640.0
WO-003307,2026-01-30,2026-01,2026-W05,Afternoon,M06,P01,364,355,349,6,430.0,410.03,62.0,69.3,247.98,7.17,15620.0,35.96,38.14,21961.76,32806.0
WO-003308,2026-02-02,2026-02,2026-W06,Morning,M01,P01,361,316,310,6,430.0,357.27,62.0,67.84,332.69,7.17,13904.0,48.24,34.1,19630.01,29140.0
WO-003309,2026-02-02,2026-02,2026-W06,Afternoon,M01,P01,365,313,310,3,430.0,354.96,62.0,68.04,335.27,7.17,13772.0,48.61,17.61,19433.89,29140.0
WO-003310,2026-02-02,2026-02,2026-W06,Morning,M02,P05,415,384,374,10,430.0,370.81,52.0,57.94,257.26,7.17,18432.0,37.3,12.0,25596.97,38148.0
WO-003311,2026-02-02,2026-02,2026-W06,Afternoon,M02,P05,443,385,375,10,430.0,377.45,52.0,58.82,271.9,7.17,18480.0,39.42,28.94,25681.04,38250.0
WO-003312,2026-02-02,2026-02,2026-W06,Morning,M03,P01,396,357,351,6,430.0,390.08,62.0,65.56,408.97,7.17,15708.0,59.3,42.68,22109.65,32994.0
WO-003313,2026-02-02,2026-02,2026-W06,Afternoon,M03,P03,589,555,547,8,430.0,387.45,38.0,41.89,401.15,7.17,14430.0,58.17,12.0,20360.33,30632.0
WO-003314,2026-02-02,2026-02,2026-W06,Morning,M04,P03,602,462,452,10,430.0,339.49,38.0,44.09,266.58,7.17,12012.0,38.65,93.73,17121.05,25312.0
WO-003315,2026-02-02,2026-02,2026-W06,Afternoon,M04,P03,594,456,446,10,430.0,324.68,38.0,42.72,258.56,7.17,11856.0,37.49,72.44,16885.6,24976.0
WO-003316,2026-02-02,2026-02,2026-W06,Morning,M05,P06,181,163,159,4,430.0,368.9,125.0,135.79,201.4,7.17,22657.0,29.2,20.59,31607.46,47382.0
WO-003317,2026-02-02,2026-02,2026-W06,Afternoon,M05,P05,441,379,370,9,430.0,367.21,52.0,58.13,203.08,7.17,18192.0,29.45,17.83,25269.95,37740.0
WO-003318,2026-02-02,2026-02,2026-W06,Morning,M06,P01,374,359,354,5,430.0,400.03,62.0,66.86,237.11,7.17,15796.0,34.38,45.47,22207.51,33276.0
WO-003319,2026-02-02,2026-02,2026-W06,Afternoon,M06,P01,357,363,356,7,430.0,410.95,62.0,67.93,243.05,7.17,15972.0,35.24,27.62,22430.53,33464.0
WO-003320,2026-02-03,2026-02,2026-W06,Morning,M01,P03,621,533,526,7,430.0,375.87,38.0,42.31,339.14,7.17,13858.0,49.17,14.96,19573.3,29456.0
WO-003321,2026-02-03,2026-02,2026-W06,Afternoon,M01,P02,300,289,284,5,430.0,385.75,74.0,80.09,362.68,7.17,17051.0,52.59,33.38,23793.64,35784.0
WO-003322,2026-02-03,2026-02,2026-W06,Morning,M02,P01,358,348,344,4,430.0,389.2,62.0,67.1,287.78,7.17,15312.0,41.73,47.46,21556.86,32336.0
WO-003323,2026-02-03,2026-02,2026-W06,Afternoon,M02,P02,291,277,271,6,430.0,371.01,74.0,80.36,260.14,7.17,16343.0,37.72,33.91,22819.3,34146.0
WO-003324,2026-02-03,2026-02,2026-W06,Morning,M03,P03,592,542,535,7,430.0,379.01,38.0,41.96,403.74,7.17,14092.0,58.54,22.92,19910.13,29960.0
WO-003325,2026-02-03,2026-02,2026-W06,Afternoon,M03,P05,402,424,413,11,430.0,396.82,52.0,56.15,409.75,7.17,20352.0,59.41,17.58,28224.66,42126.0
WO-003326,2026-02-03,2026-02,2026-W06,Morning,M04,P03,582,431,421,10,430.0,309.65,38.0,43.11,248.24,7.17,11206.0,36.0,107.91,16032.08,23576.0
WO-003327,2026-02-03,2026-02,2026-W06,Afternoon,M04,P04,232,178,172,6,430.0,324.27,95.0,109.3,256.21,7.17,17622.0,37.15,71.41,24548.22,36120.0
WO-003328,2026-02-03,2026-02,2026-W06,Morning,M05,P01,354,322,318,4,430.0,367.37,62.0,68.45,216.4,7.17,14168.0,31.38,92.19,20031.24,29892.0
WO-003329,2026-02-03,2026-02,2026-W06,Afternoon,M05,P05,452,390,377,13,430.0,381.2,52.0,58.65,203.78,7.17,18720.0,29.55,12.0,25979.21,38454.0
WO-003330,2026-02-03,2026-02,2026-W06,Morning,M06,P01,377,362,358,4,430.0,398.19,62.0,66.0,240.93,7.17,15928.0,34.94,51.62,22394.22,33652.0
WO-003331,2026-02-04,2026-02,2026-W06,Morning,M01,P02,304,283,277,6,430.0,378.71,74.0,80.29,356.95,7.17,16697.0,51.76,52.91,23332.33,34902.0
WO-003332,2026-02-04,2026-02,2026-W06,Afternoon,M01,P03,584,520,510,10,430.0,378.05,38.0,43.62,350.66,7.17,13520.0,50.85,40.43,19138.94,28560.0
WO-003333,2026-02-04,2026-02,2026-W06,Morning,M02,P01,372,327,323,4,430.0,368.48,62.0,67.61,249.5,7.17,14388.0,36.18,23.38,20267.23,30362.0
WO-003334,2026-02-04,2026-02,2026-W06,Afternoon,M02,P05,464,372,363,9,430.0,364.25,52.0,58.75,249.41,7.17,17856.0,36.16,37.28,24841.11,37026.0
WO-003335,2026-02-04,2026-02,2026-W06,Morning,M03,P01,374,365,361,4,430.0,404.66,62.0,66.52,404.71,7.17,16060.0,58.68,45.0,22591.35,33934.0
WO-003336,2026-02-04,2026-02,2026-W06,Afternoon,M03,P01,358,333,326,7,430.0,375.35,62.0,67.63,397.34,7.17,14652.0,57.61,12.0,20637.28,30644.0
WO-003337,2026-02-04,2026-02,2026-W06,Morning,M04,P04,232,178,172,6,430.0,325.01,95.0,109.55,254.71,7.17,17622.0,36.93,110.55,24587.14,36120.0
WO-003338,2026-02-04,2026-02,2026-W06,Afternoon,M04,P03,582,423,413,10,430.0,309.8,38.0,43.94,254.31,7.17,10998.0,36.87,85.11,15726.15,23128.0
WO-003339,2026-02-04,2026-02,2026-W06,Morning,M05,P01,377,331,326,5,430.0,375.28,62.0,68.03,205.82,7.17,14564.0,29.84,51.59,20529.1,30644.0
WO-003340,2026-02-04,2026-02,2026-W06,Afternoon,M05,P05,440,375,366,9,430.0,365.72,52.0,58.52,211.46,7.17,18000.0,30.66,12.0,25005.33,37332.0
WO-003341,2026-02-04,2026-02,2026-W06,Morning,M06,P06,196,175,168,7,430.0,395.38,125.0,135.56,241.87,7.17,24325.0,35.07,17.99,33890.73,50064.0
WO-003342,2026-02-04,2026-02,2026-W06,Afternoon,M06,P06,178,172,166,6,430.0,398.25,125.0,138.93,225.35,7.17,23908.0,32.68,97.54,33397.88,49468.0
WO-003343,2026-02-05,2026-02,2026-W06,Morning,M01,P02,296,291,286,5,430.0,388.73,74.0,80.15,360.81,7.17,17169.0,52.32,65.37,23985.36,36036.0
WO-003344,2026-02-05,2026-02,2026-W06,Afternoon,M01,P02,306,281,273,8,430.0,381.03,74.0,81.36,339.44,7.17,16579.0,49.22,24.91,23141.79,34398.0
WO-003345,2026-02-05,2026-02,2026-W06,Morning,M02,P02,316,263,257,6,430.0,372.76,74.0,85.04,260.35,7.17,15517.0,37.75,63.57,21728.98,32382.0
WO-003346,2026-02-05,2026-02,2026-W06,Afternoon,M02,P05,438,386,376,10,430.0,380.99,52.0,59.22,265.75,7.17,18528.0,38.53,20.89,25737.09,38352.0
WO-003347,2026-02-05,2026-02,2026-W06,Afternoon,M03,P01,374,343,338,5,430.0,390.43,62.0,68.3,415.36,7.17,15092.0,60.23,47.42,21275.31,31772.0
WO-003348,2026-02-05,2026-02,2026-W06,Morning,M04,P04,224,178,172,6,430.0,310.83,95.0,104.78,241.71,7.17,17622.0,35.05,57.62,24532.33,36120.0
WO-003349,2026-02-05,2026-02,2026-W06,Afternoon,M04,P04,234,189,183,6,430.0,337.25,95.0,107.06,260.96,7.17,18711.0,37.84,105.04,26056.55,38430.0
WO-003350,2026-02-05,2026-02,2026-W06,Morning,M05,P05,450,380,369,11,430.0,379.27,52.0,59.89,208.83,7.17,18240.0,30.28,53.52,25371.47,37638.0
WO-003351,2026-02-05,2026-02,2026-W06,Afternoon,M05,P01,349,335,330,5,430.0,376.25,62.0,67.39,217.62,7.17,14740.0,31.56,62.09,20781.31,31020.0
WO-003352,2026-02-05,2026-02,2026-W06,Morning,M06,P06,177,173,168,5,430.0,393.65,125.0,136.52,241.61,7.17,24047.0,35.03,25.31,33518.01,50064.0
WO-003353,2026-02-05,2026-02,2026-W06,Afternoon,M06,P04,248,229,223,6,430.0,394.02,95.0,103.24,238.44,7.17,22671.0,34.57,41.77,31350.01,46830.0
WO-003354,2026-02-06,2026-02,2026-W06,Morning,M01,P02,300,284,279,5,430.0,391.17,74.0,82.64,360.59,7.17,16756.0,52.28,13.77,23373.72,35154.0
WO-003355,2026-02-06,2026-02,2026-W06,Afternoon,M01,P03,595,536,526,10,430.0,391.18,38.0,43.79,353.06,7.17,13936.0,51.19,21.19,19688.05,29456.0
WO-003356,2026-02-06,2026-02,2026-W06,Morning,M02,P02,304,273,266,7,430.0,370.4,74.0,81.41,263.78,7.17,16107.0,38.25,36.43,22502.35,33516.0
WO-003357,2026-02-06,2026-02,2026-W06,Afternoon,M02,P05,424,375,364,11,430.0,366.8,52.0,58.69,249.72,7.17,18000.0,36.21,53.38,25052.26,37128.0
WO-003358,2026-02-06,2026-02,2026-W06,Morning,M03,P01,363,346,341,5,430.0,389.17,62.0,67.49,398.64,7.17,15224.0,57.8,38.53,21444.0,32054.0
WO-003359,2026-02-06,2026-02,2026-W06,Afternoon,M03,P03,591,564,556,8,430.0,388.78,38.0,41.36,415.72,7.17,14664.0,60.28,46.72,20716.67,31136.0
WO-003360,2026-02-06,2026-02,2026-W06,Morning,M04,P04,236,183,178,5,430.0,340.03,95.0,111.48,268.09,7.17,18117.0,38.87,88.37,25236.91,37380.0
WO-003361,2026-02-06,2026-02,2026-W06,Afternoon,M04,P03,596,457,445,12,430.0,329.53,38.0,43.26,265.07,7.17,11882.0,38.44,76.28,16925.88,24920.0
WO-003362,2026-02-06,2026-02,2026-W06,Afternoon,M05,P05,430,382,374,8,430.0,380.66,52.0,59.79,211.89,7.17,18336.0,30.72,75.13,25523.52,38148.0
WO-003363,2026-02-06,2026-02,2026-W06,Morning,M06,P05,460,421,413,8,430.0,391.39,52.0,55.78,228.48,7.17,20208.0,33.13,12.0,27997.8,42126.0
WO-003364,2026-02-06,2026-02,2026-W06,Afternoon,M06,P01,389,357,351,6,430.0,406.27,62.0,68.28,244.54,7.17,15708.0,35.46,20.05,22063.18,32994.0
WO-003365,2026-02-09,2026-02,2026-W07,Morning,M01,P02,303,299,292,7,430.0,396.63,74.0,79.59,375.0,7.17,17641.0,54.38,12.23,24574.27,36792.0
WO-003366,2026-02-09,2026-02,2026-W07,Afternoon,M01,P02,325,258,252,6,430.0,361.7,74.0,84.12,308.09,7.17,15222.0,44.67,86.28,21358.62,31752.0
WO-003367,2026-02-09,2026-02,2026-W07,Morning,M02,P05,457,381,372,9,430.0,370.92,52.0,58.41,264.27,7.17,18288.0,38.32,67.86,25458.84,37944.0
WO-003368,2026-02-09,2026-02,2026-W07,Afternoon,M02,P01,377,320,316,4,430.0,365.0,62.0,68.44,261.39,7.17,14080.0,37.9,82.6,19908.16,29704.0
WO-003369,2026-02-09,2026-02,2026-W07,Morning,M03,P05,459,432,421,11,430.0,401.47,52.0,55.76,435.74,7.17,20736.0,63.18,48.96,28779.81,42942.0
WO-003370,2026-02-09,2026-02,2026-W07,Afternoon,M03,P05,453,410,401,9,430.0,391.49,52.0,57.29,413.61,7.17,19680.0,59.97,29.68,27327.32,40902.0
WO-003371,2026-02-09,2026-02,2026-W07,Morning,M04,P06,187,133,127,6,430.0,317.52,125.0,143.24,255.28,7.17,18487.0,37.02,63.09,25957.77,37846.0
WO-003372,2026-02-09,2026-02,2026-W07,Afternoon,M04,P06,179,137,130,7,430.0,331.96,125.0,145.38,263.02,7.17,19043.0,38.14,68.19,26723.99,38740.0
WO-003373,2026-02-09,2026-02,2026-W07,Morning,M05,P06,187,185,179,6,430.0,409.23,125.0,132.72,234.27,7.17,25715.0,33.97,23.91,35795.55,53342.0
WO-003374,2026-02-09,2026-02,2026-W07,Afternoon,M05,P01,360,309,302,7,430.0,365.91,62.0,71.05,202.08,7.17,13596.0,29.3,70.64,19227.61,28388.0
WO-003375,2026-02-09,2026-02,2026-W07,Morning,M06,P05,435,431,418,13,430.0,408.49,52.0,56.87,249.2,7.17,20688.0,36.13,77.27,28716.07,42636.0
WO-003376,2026-02-09,2026-02,2026-W07,Afternoon,M06,P04,246,224,221,3,430.0,391.49,95.0,104.86,235.26,7.17,22176.0,34.11,71.93,30709.7,46410.0
WO-003377,2026-02-10,2026-02,2026-W07,Morning,M01,P02,303,291,287,4,430.0,400.58,74.0,82.59,366.9,7.17,17169.0,53.2,59.86,23980.72,36162.0
WO-003378,2026-02-10,2026-02,2026-W07,Afternoon,M01,P03,585,534,527,7,430.0,387.85,38.0,43.58,338.67,7.17,13884.0,49.11,31.2,19624.97,29512.0
WO-003379,2026-02-10,2026-02,2026-W07,Morning,M02,P01,351,340,338,2,430.0,393.16,62.0,69.38,282.41,7.17,14960.0,40.95,33.48,21062.09,31772.0
WO-003380,2026-02-10,2026-02,2026-W07,Afternoon,M02,P01,382,313,308,5,430.0,363.65,62.0,69.71,263.06,7.17,13772.0,38.14,19.29,19425.1,28952.0
WO-003381,2026-02-10,2026-02,2026-W07,Morning,M03,P05,452,400,390,10,430.0,386.0,52.0,57.9,396.45,7.17,19200.0,57.48,63.73,26708.88,39780.0
WO-003382,2026-02-10,2026-02,2026-W07,Afternoon,M03,P03,628,553,546,7,430.0,377.56,38.0,40.97,391.44,7.17,14378.0,56.76,60.55,20336.47,30576.0
WO-003383,2026-02-10,2026-02,2026-W07,Morning,M04,P03,586,460,448,12,430.0,327.4,38.0,42.7,265.76,7.17,11960.0,38.54,83.96,17040.16,25088.0
WO-003384,2026-02-10,2026-02,2026-W07,Afternoon,M04,P06,187,128,122,6,430.0,316.25,125.0,148.24,246.38,7.17,17792.0,35.72,121.28,25064.67,36356.0
WO-003385,2026-02-10,2026-02,2026-W07,Morning,M05,P05,466,409,400,9,430.0,391.7,52.0,57.46,220.43,7.17,19632.0,31.96,45.24,27249.87,40800.0
WO-003386,2026-02-10,2026-02,2026-W07,Afternoon,M05,P06,183,158,151,7,430.0,363.66,125.0,138.1,206.71,7.17,21962.0,29.97,38.11,30675.75,44998.0
WO-003387,2026-02-10,2026-02,2026-W07,Morning,M06,P01,355,358,354,4,430.0,398.77,62.0,66.83,249.14,7.17,15752.0,36.13,14.63,22118.42,33276.0
WO-003388,2026-02-10,2026-02,2026-W07,Afternoon,M06,P06,179,174,167,7,430.0,402.8,125.0,138.9,248.49,7.17,24186.0,36.03,47.84,33731.53,49766.0
WO-003389,2026-02-11,2026-02,2026-W07,Morning,M01,P02,312,277,272,5,430.0,377.31,74.0,81.73,335.09,7.17,16343.0,48.59,12.0,22808.25,34272.0
WO-003390,2026-02-11,2026-02,2026-W07,Afternoon,M01,P03,583,548,538,10,430.0,388.38,38.0,42.52,345.38,7.17,14248.0,50.08,52.34,20144.09,30128.0
WO-003391,2026-02-11,2026-02,2026-W07,Morning,M02,P02,307,278,273,5,430.0,385.42,74.0,83.18,267.37,7.17,16402.0,38.77,15.95,22882.39,34398.0
WO-003392,2026-02-11,2026-02,2026-W07,Afternoon,M02,P05,451,387,377,10,430.0,374.63,52.0,58.08,256.87,7.17,18576.0,37.25,38.44,25818.36,38454.0
WO-003393,2026-02-11,2026-02,2026-W07,Morning,M03,P03,591,560,551,9,430.0,384.26,38.0,41.17,409.48,7.17,14560.0,59.38,38.82,20565.87,30856.0
WO-003394,2026-02-11,2026-02,2026-W07,Afternoon,M03,P01,364,337,332,5,430.0,383.54,62.0,68.29,400.94,7.17,14828.0,58.14,64.25,20930.05,31208.0
WO-003395,2026-02-11,2026-02,2026-W07,Morning,M04,P03,619,440,434,6,430.0,317.66,38.0,43.32,260.07,7.17,11440.0,37.71,96.75,16342.13,24304.0
WO-003396,2026-02-11,2026-02,2026-W07,Afternoon,M04,P03,602,422,411,11,430.0,309.98,38.0,44.07,247.24,7.17,10972.0,35.85,71.94,15676.45,23016.0
WO-003397,2026-02-11,2026-02,2026-W07,Morning,M05,P05,417,408,400,8,430.0,391.45,52.0,57.57,218.41,7.17,19584.0,31.67,48.81,27188.14,40800.0
WO-003398,2026-02-11,2026-02,2026-W07,Afternoon,M05,P04,238,214,210,4,430.0,379.17,95.0,106.31,213.08,7.17,21186.0,30.9,41.05,29335.61,44100.0
WO-003399,2026-02-11,2026-02,2026-W07,Morning,M06,P01,381,358,351,7,430.0,393.48,62.0,65.95,232.1,7.17,15752.0,33.65,28.2,22129.52,32994.0
WO-003400,2026-02-11,2026-02,2026-W07,Afternoon,M06,P06,177,176,169,7,430.0,401.8,125.0,136.98,228.07,7.17,24464.0,33.07,12.0,34072.74,50362.0
WO-003401,2026-02-12,2026-02,2026-W07,Morning,M01,P03,598,552,541,11,430.0,380.59,38.0,41.37,350.61,7.17,14352.0,50.84,12.0,20246.5,30296.0
WO-003402,2026-02-12,2026-02,2026-W07,Afternoon,M01,P01,341,319,314,5,430.0,362.63,62.0,68.21,335.23,7.17,14036.0,48.61,12.0,19788.28,29516.0
WO-003403,2026-02-12,2026-02,2026-W07,Morning,M02,P05,430,379,369,10,430.0,362.0,52.0,57.31,254.6,7.17,18192.0,36.92,41.79,25301.37,37638.0
WO-003404,2026-02-12,2026-02,2026-W07,Afternoon,M02,P05,423,387,379,8,430.0,376.96,52.0,58.44,273.47,7.17,18576.0,39.65,31.57,25813.89,38658.0
WO-003405,2026-02-12,2026-02,2026-W07,Morning,M03,P03,615,573,566,7,430.0,384.71,38.0,40.28,418.05,7.17,14898.0,60.62,69.48,21059.27,31696.0
WO-003406,2026-02-12,2026-02,2026-W07,Afternoon,M03,P05,437,378,368,10,430.0,367.46,52.0,58.33,386.71,7.17,18144.0,56.07,35.51,25249.25,37536.0
WO-003407,2026-02-12,2026-02,2026-W07,Morning,M04,P03,552,462,452,10,430.0,331.76,38.0,43.09,271.92,7.17,12012.0,39.43,64.45,17092.55,25312.0
WO-003408,2026-02-12,2026-02,2026-W07,Afternoon,M04,P03,588,458,449,9,430.0,327.46,38.0,42.9,256.67,7.17,11908.0,37.22,72.86,16956.75,25144.0
WO-003409,2026-02-12,2026-02,2026-W07,Morning,M05,P01,375,338,332,6,430.0,380.87,62.0,67.61,215.88,7.17,14872.0,31.3,24.82,20923.79,31208.0
WO-003410,2026-02-12,2026-02,2026-W07,Afternoon,M05,P06,185,150,144,6,430.0,366.48,125.0,146.59,204.79,7.17,20850.0,29.69,22.71,29140.08,42912.0
WO-003411,2026-02-12,2026-02,2026-W07,Morning,M06,P04,239,230,226,4,430.0,392.97,95.0,102.51,247.74,7.17,22770.0,35.92,44.22,31487.81,47460.0
WO-003412,2026-02-13,2026-02,2026-W07,Morning,M01,P01,380,337,330,7,430.0,383.08,62.0,68.2,341.55,7.17,14828.0,49.52,53.6,20910.79,31020.0
WO-003413,2026-02-13,2026-02,2026-W07,Afternoon,M01,P03,651,543,536,7,430.0,376.16,38.0,41.56,329.35,7.17,14118.0,47.76,48.75,19960.67,30016.0
WO-003414,2026-02-13,2026-02,2026-W07,Morning,M02,P02,299,263,257,6,430.0,364.38,74.0,83.13,266.61,7.17,15517.0,38.66,67.55,21733.88,32382.0
WO-003415,2026-02-13,2026-02,2026-W07,Afternoon,M02,P05,420,375,365,10,430.0,367.61,52.0,58.82,278.42,7.17,18000.0,40.37,71.3,25074.34,37230.0
WO-003416,2026-02-13,2026-02,2026-W07,Morning,M03,P03,594,560,551,9,430.0,388.67,38.0,41.64,399.36,7.17,14560.0,57.91,115.54,20641.11,30856.0
WO-003417,2026-02-13,2026-02,2026-W07,Afternoon,M03,P01,377,329,326,3,430.0,378.69,62.0,69.06,392.47,7.17,14476.0,56.91,13.42,20397.99,30644.0
WO-003418,2026-02-13,2026-02,2026-W07,Morning,M04,P06,178,134,128,6,430.0,313.62,125.0,140.43,260.45,7.17,18626.0,37.76,80.85,26166.29,38144.0
WO-003419,2026-02-13,2026-02,2026-W07,Afternoon,M04,P03,582,424,412,12,430.0,308.81,38.0,43.7,253.58,7.17,11024.0,36.77,71.92,15748.35,23072.0
WO-003420,2026-02-13,2026-02,2026-W07,Morning,M05,P04,234,219,215,4,430.0,380.11,95.0,104.14,220.47,7.17,21681.0,31.97,74.43,30040.06,45150.0
WO-003421,2026-02-13,2026-02,2026-W07,Afternoon,M05,P06,178,171,164,7,430.0,386.39,125.0,135.58,210.82,7.17,23769.0,30.57,19.79,33128.03,48872.0
WO-003422,2026-02-13,2026-02,2026-W07,Morning,M06,P05,455,404,392,12,430.0,387.49,52.0,57.55,231.82,7.17,19392.0,33.61,84.9,26966.18,39984.0
WO-003423,2026-02-13,2026-02,2026-W07,Afternoon,M06,P04,237,234,229,5,430.0,398.76,95.0,102.25,244.58,7.17,23166.0,35.46,12.0,31991.13,48090.0
WO-003424,2026-02-16,2026-02,2026-W08,Morning,M01,P02,315,283,277,6,430.0,378.84,74.0,80.32,352.85,7.17,16697.0,51.16,54.82,23333.65,34902.0
WO-003425,2026-02-16,2026-02,2026-W08,Afternoon,M01,P02,327,269,264,5,430.0,374.85,74.0,83.61,330.0,7.17,15871.0,47.85,12.0,22167.52,33264.0
WO-003426,2026-02-16,2026-02,2026-W08,Morning,M02,P05,444,379,370,9,430.0,366.44,52.0,58.01,255.82,7.17,18192.0,37.09,43.07,25302.84,37740.0
WO-003427,2026-02-16,2026-02,2026-W08,Afternoon,M02,P05,416,372,363,9,430.0,365.76,52.0,58.99,257.73,7.17,17856.0,37.37,31.29,24836.33,37026.0
WO-003428,2026-02-16,2026-02,2026-W08,Morning,M03,P05,439,451,439,12,430.0,412.57,52.0,54.89,399.34,7.17,21648.0,57.9,38.25,29998.82,44778.0
WO-003429,2026-02-16,2026-02,2026-W08,Afternoon,M03,P03,580,567,556,11,430.0,385.78,38.0,40.82,412.37,7.17,14742.0,59.79,30.27,20806.23,31136.0
WO-003430,2026-02-16,2026-02,2026-W08,Morning,M04,P03,590,458,447,11,430.0,333.43,38.0,43.68,253.24,7.17,11908.0,36.72,81.98,16965.37,25032.0
WO-003431,2026-02-16,2026-02,2026-W08,Afternoon,M04,P04,236,183,178,5,430.0,332.68,95.0,109.08,263.58,7.17,18117.0,38.22,105.14,25253.03,37380.0
WO-003432,2026-02-16,2026-02,2026-W08,Morning,M05,P06,188,156,150,6,430.0,372.11,125.0,143.12,203.88,7.17,21684.0,29.56,34.63,30291.86,44700.0
WO-003433,2026-02-16,2026-02,2026-W08,Afternoon,M05,P04,232,213,208,5,430.0,375.36,95.0,105.74,217.88,7.17,21087.0,31.59,19.65,29180.91,43680.0
WO-003434,2026-02-16,2026-02,2026-W08,Morning,M06,P05,410,425,414,11,430.0,405.26,52.0,57.21,247.84,7.17,20400.0,35.94,12.0,28260.6,42228.0
WO-003435,2026-02-16,2026-02,2026-W08,Afternoon,M06,P04,231,222,217,5,430.0,389.57,95.0,105.29,240.96,7.17,21978.0,34.94,12.0,30382.61,45570.0
WO-003436,2026-02-17,2026-02,2026-W08,Morning,M01,P02,296,286,280,6,430.0,379.79,74.0,79.68,340.76,7.17,16874.0,49.41,53.48,23570.56,35280.0
WO-003437,2026-02-17,2026-02,2026-W08,Afternoon,M01,P01,378,332,327,5,430.0,384.79,62.0,69.54,360.69,7.17,14608.0,52.3,38.76,20598.73,30738.0
WO-003438,2026-02-17,2026-02,2026-W08,Morning,M02,P02,305,264,257,7,430.0,369.43,74.0,83.96,254.11,7.17,15576.0,36.85,78.59,21823.1,32382.0
WO-003439,2026-02-17,2026-02,2026-W08,Afternoon,M02,P02,310,266,260,6,430.0,362.65,74.0,81.8,246.77,7.17,15694.0,35.78,52.58,21956.02,32760.0
WO-003440,2026-02-17,2026-02,2026-W08,Morning,M03,P05,433,437,429,8,430.0,404.32,52.0,55.51,433.87,7.17,20976.0,62.91,12.0,29067.58,43758.0
WO-003441,2026-02-17,2026-02,2026-W08,Afternoon,M03,P05,439,410,401,9,430.0,381.27,52.0,55.8,418.98,7.17,19680.0,60.75,106.67,27405.09,40902.0
WO-003442,2026-02-17,2026-02,2026-W08,Morning,M04,P06,191,144,138,6,430.0,346.04,125.0,144.19,273.67,7.17,20016.0,39.68,68.76,28056.11,41124.0
WO-003443,2026-02-17,2026-02,2026-W08,Afternoon,M04,P03,583,426,418,8,430.0,311.45,38.0,43.87,257.22,7.17,11076.0,37.3,145.79,15893.75,23408.0
WO-003444,2026-02-17,2026-02,2026-W08,Morning,M05,P06,181,160,155,5,430.0,369.75,125.0,138.66,211.43,7.17,22240.0,30.66,57.01,31075.34,46190.0
WO-003445,2026-02-17,2026-02,2026-W08,Afternoon,M05,P04,235,204,199,5,430.0,371.69,95.0,109.32,204.28,7.17,20196.0,29.62,12.0,27965.29,41790.0
WO-003446,2026-02-17,2026-02,2026-W08,Morning,M06,P05,439,437,429,8,430.0,405.27,52.0,55.64,243.22,7.17,20976.0,35.27,47.91,29075.84,43758.0
WO-003447,2026-02-17,2026-02,2026-W08,Afternoon,M06,P01,366,337,329,8,430.0,381.11,62.0,67.85,222.33,7.17,14828.0,32.24,25.93,20865.84,30926.0
WO-003448,2026-02-18,2026-02,2026-W08,Morning,M01,P03,593,571,563,8,430.0,390.43,38.0,41.03,353.46,7.17,14846.0,51.25,25.32,20934.74,31528.0
WO-003449,2026-02-18,2026-02,2026-W08,Afternoon,M01,P03,621,540,534,6,430.0,376.49,38.0,41.83,353.19,7.17,14040.0,51.21,44.46,19853.34,29904.0
WO-003450,2026-02-18,2026-02,2026-W08,Morning,M02,P02,295,272,267,5,430.0,366.98,74.0,80.95,256.75,7.17,16048.0,37.23,73.76,22458.66,33642.0
WO-003451,2026-02-18,2026-02,2026-W08,Afternoon,M02,P05,443,381,369,12,430.0,384.6,52.0,60.57,267.63,7.17,18288.0,38.81,56.88,25448.35,37638.0
WO-003452,2026-02-18,2026-02,2026-W08,Morning,M03,P01,347,357,353,4,430.0,391.55,62.0,65.81,402.86,7.17,15708.0,58.41,34.87,22100.95,33182.0
WO-003453,2026-02-18,2026-02,2026-W08,Afternoon,M03,P01,390,349,343,6,430.0,386.34,62.0,66.42,395.98,7.17,15356.0,57.42,39.81,21624.89,32242.0
WO-003454,2026-02-18,2026-02,2026-W08,Afternoon,M04,P06,196,133,126,7,430.0,318.82,125.0,143.83,253.73,7.17,18487.0,36.79,78.98,25973.44,37548.0
WO-003455,2026-02-18,2026-02,2026-W08,Morning,M05,P05,454,394,387,7,430.0,368.05,52.0,56.05,202.47,7.17,18912.0,29.36,41.77,26268.79,39474.0
WO-003456,2026-02-18,2026-02,2026-W08,Afternoon,M05,P06,188,161,155,6,430.0,370.45,125.0,138.05,202.25,7.17,22379.0,29.33,13.66,31220.65,46190.0
WO-003457,2026-02-18,2026-02,2026-W08,Morning,M06,P06,181,181,175,6,430.0,403.94,125.0,133.9,245.0,7.17,25159.0,35.53,22.23,35035.42,52150.0
WO-003458,2026-02-18,2026-02,2026-W08,Afternoon,M06,P01,370,342,337,5,430.0,395.2,62.0,69.33,247.92,7.17,15048.0,35.95,22.61,21166.23,31678.0
WO-003459,2026-02-19,2026-02,2026-W08,Morning,M01,P03,561,545,538,7,430.0,388.83,38.0,42.81,343.63,7.17,14170.0,49.83,14.69,19999.68,30128.0
WO-003460,2026-02-19,2026-02,2026-W08,Afternoon,M01,P03,602,568,564,4,430.0,387.22,38.0,40.9,363.36,7.17,14768.0,52.69,88.78,20893.13,31584.0
WO-003461,2026-02-19,2026-02,2026-W08,Morning,M02,P02,309,264,259,5,430.0,360.92,74.0,82.03,261.73,7.17,15576.0,37.95,12.0,21757.62,32634.0
WO-003462,2026-02-19,2026-02,2026-W08,Afternoon,M02,P02,299,252,247,5,430.0,349.82,74.0,83.29,241.56,7.17,14868.0,35.03,21.58,20804.27,31122.0
WO-003463,2026-02-19,2026-02,2026-W08,Morning,M03,P03,603,569,565,4,430.0,386.0,38.0,40.7,398.69,7.17,14794.0,57.81,28.48,20873.46,31640.0
WO-003464,2026-02-19,2026-02,2026-W08,Afternoon,M03,P01,367,347,343,4,430.0,396.16,62.0,68.5,415.19,7.17,15268.0,60.2,28.87,21496.74,32242.0
WO-003465,2026-02-19,2026-02,2026-W08,Morning,M04,P03,591,468,457,11,430.0,343.68,38.0,44.06,279.93,7.17,12168.0,40.59,142.33,17384.59,25592.0
WO-003466,2026-02-19,2026-02,2026-W08,Afternoon,M04,P04,236,178,171,7,430.0,324.0,95.0,109.21,257.15,7.17,17622.0,37.29,63.75,24540.7,35910.0
WO-003467,2026-02-19,2026-02,2026-W08,Morning,M05,P04,238,216,212,4,430.0,388.59,95.0,107.94,213.63,7.17,21384.0,30.98,46.99,29609.64,44520.0
WO-003468,2026-02-19,2026-02,2026-W08,Afternoon,M05,P05,443,369,360,9,430.0,358.35,52.0,58.27,199.93,7.17,17712.0,28.99,61.47,24663.13,36720.0
WO-003469,2026-02-19,2026-02,2026-W08,Morning,M06,P01,378,350,347,3,430.0,393.72,62.0,67.5,235.35,7.17,15400.0,34.13,52.75,21674.54,32618.0
WO-003470,2026-02-19,2026-02,2026-W08,Afternoon,M06,P05,436,416,403,13,430.0,396.82,52.0,57.23,241.56,7.17,19968.0,35.03,53.8,27716.5,41106.0
WO-003471,2026-02-20,2026-02,2026-W08,Morning,M01,P03,588,537,530,7,430.0,365.68,38.0,40.86,342.74,7.17,13962.0,49.7,92.89,19793.76,29680.0
WO-003472,2026-02-20,2026-02,2026-W08,Afternoon,M01,P01,391,323,317,6,430.0,373.53,62.0,69.39,336.19,7.17,14212.0,48.75,68.19,20084.6,29798.0
WO-003473,2026-02-20,2026-02,2026-W08,Morning,M02,P05,413,405,395,10,430.0,387.74,52.0,57.44,263.29,7.17,19440.0,38.18,12.0,26962.84,40290.0
WO-003474,2026-02-20,2026-02,2026-W08,Afternoon,M02,P01,358,332,326,6,430.0,372.25,62.0,67.27,267.08,7.17,14608.0,38.73,79.05,20625.45,30644.0
WO-003475,2026-02-20,2026-02,2026-W08,Morning,M03,P01,359,351,347,4,430.0,395.25,62.0,67.56,419.04,7.17,15444.0,60.76,17.13,21725.56,32618.0
WO-003476,2026-02-20,2026-02,2026-W08,Afternoon,M03,P03,595,530,522,8,430.0,373.1,38.0,42.24,391.79,7.17,13780.0,56.81,70.64,19530.11,29232.0
WO-003477,2026-02-20,2026-02,2026-W08,Morning,M04,P06,182,139,133,6,430.0,319.75,125.0,138.02,245.76,7.17,19321.0,35.63,122.51,27155.81,39634.0
WO-003478,2026-02-20,2026-02,2026-W08,Afternoon,M04,P03,611,400,388,12,430.0,291.26,38.0,43.69,229.66,7.17,10400.0,33.3,76.52,14897.48,21728.0
WO-003479,2026-02-20,2026-02,2026-W08,Morning,M05,P04,240,200,196,4,430.0,364.76,95.0,109.43,200.34,7.17,19800.0,29.05,20.27,27436.98,41160.0
WO-003480,2026-02-20,2026-02,2026-W08,Afternoon,M05,P05,437,374,366,8,430.0,360.64,52.0,57.86,197.24,7.17,17952.0,28.6,99.37,25025.63,37332.0
WO-003481,2026-02-20,2026-02,2026-W08,Morning,M06,P06,191,188,181,7,430.0,399.73,125.0,127.57,236.39,7.17,26132.0,34.28,68.16,36410.1,53938.0
WO-003482,2026-02-20,2026-02,2026-W08,Afternoon,M06,P01,362,359,351,8,430.0,401.11,62.0,67.04,236.34,7.17,15796.0,34.27,19.66,22181.6,32994.0
WO-003483,2026-02-23,2026-02,2026-W09,Morning,M01,P03,607,545,537,8,430.0,389.94,38.0,42.93,349.77,7.17,14170.0,50.72,12.0,19997.88,30072.0
WO-003484,2026-02-23,2026-02,2026-W09,Afternoon,M01,P03,592,580,572,8,430.0,392.57,38.0,40.61,357.89,7.17,15080.0,51.89,79.65,21309.21,32032.0
WO-003485,2026-02-23,2026-02,2026-W09,Morning,M02,P01,349,340,335,5,430.0,392.72,62.0,69.3,273.99,7.17,14960.0,39.73,92.68,21120.08,31490.0
WO-003486,2026-02-23,2026-02,2026-W09,Afternoon,M02,P02,309,261,255,6,430.0,371.62,74.0,85.43,263.59,7.17,15399.0,38.22,67.25,21573.13,32130.0
WO-003487,2026-02-23,2026-02,2026-W09,Morning,M03,P03,628,599,592,7,430.0,406.39,38.0,40.71,441.07,7.17,15574.0,63.96,15.81,21931.93,33152.0
WO-003488,2026-02-23,2026-02,2026-W09,Afternoon,M03,P05,452,407,396,11,430.0,392.75,52.0,57.9,411.32,7.17,19536.0,59.64,47.78,27150.09,40392.0
WO-003489,2026-02-23,2026-02,2026-W09,Morning,M04,P04,235,196,191,5,430.0,331.15,95.0,101.37,281.39,7.17,19404.0,40.8,152.17,27044.64,40110.0
WO-003490,2026-02-23,2026-02,2026-W09,Afternoon,M04,P03,598,410,402,8,430.0,308.22,38.0,45.11,235.44,7.17,10660.0,34.14,63.81,15240.61,22512.0
WO-003491,2026-02-23,2026-02,2026-W09,Morning,M05,P04,243,205,202,3,430.0,367.98,95.0,107.7,189.88,7.17,20295.0,27.53,25.11,28110.31,42420.0
WO-003492,2026-02-23,2026-02,2026-W09,Afternoon,M05,P06,176,159,153,6,430.0,375.65,125.0,141.76,208.51,7.17,22101.0,30.23,37.54,30865.44,45594.0
WO-003493,2026-02-23,2026-02,2026-W09,Morning,M06,P04,242,231,225,6,430.0,389.72,95.0,101.23,241.49,7.17,22869.0,35.02,16.2,31592.88,47250.0
WO-003494,2026-02-23,2026-02,2026-W09,Afternoon,M06,P06,189,176,170,6,430.0,399.86,125.0,136.31,245.98,7.17,24464.0,35.67,69.45,34132.78,50660.0
WO-003495,2026-02-24,2026-02,2026-W09,Morning,M01,P01,380,348,344,4,430.0,378.36,62.0,65.23,354.59,7.17,15312.0,51.42,57.86,21576.95,32336.0
WO-003496,2026-02-24,2026-02,2026-W09,Afternoon,M01,P03,599,535,530,5,430.0,370.8,38.0,41.59,335.0,7.17,13910.0,48.58,25.99,19654.73,29680.0
WO-003497,2026-02-24,2026-02,2026-W09,Morning,M02,P05,446,395,386,9,430.0,368.07,52.0,55.91,260.4,7.17,18960.0,37.76,17.59,26318.01,39372.0
WO-003498,2026-02-24,2026-02,2026-W09,Afternoon,M02,P02,307,263,258,5,430.0,362.89,74.0,82.79,253.54,7.17,15517.0,36.76,13.0,21677.43,32508.0
WO-003499,2026-02-24,2026-02,2026-W09,Morning,M03,P05,456,435,428,7,430.0,393.1,52.0,54.22,412.78,7.17,20880.0,59.85,49.83,28972.35,43656.0
WO-003500,2026-02-24,2026-02,2026-W09,Afternoon,M03,P03,630,529,521,8,430.0,378.08,38.0,42.88,389.56,7.17,13754.0,56.49,43.54,19467.2,29176.0
WO-003501,2026-02-24,2026-02,2026-W09,Morning,M04,P04,241,181,176,5,430.0,327.27,95.0,108.49,268.94,7.17,17919.0,39.0,62.54,24943.2,36960.0
WO-003502,2026-02-24,2026-02,2026-W09,Afternoon,M04,P04,238,174,167,7,430.0,307.71,95.0,106.11,244.64,7.17,17226.0,35.47,80.52,24019.66,35070.0
WO-003503,2026-02-24,2026-02,2026-W09,Morning,M05,P05,412,404,397,7,430.0,377.7,52.0,56.09,214.19,7.17,19392.0,31.06,74.05,26952.77,40494.0
WO-003504,2026-02-24,2026-02,2026-W09,Afternoon,M05,P05,465,379,370,9,430.0,356.75,52.0,56.48,196.01,7.17,18192.0,28.42,53.5,25304.58,37740.0
WO-003505,2026-02-24,2026-02,2026-W09,Morning,M06,P06,186,182,177,5,430.0,412.61,125.0,136.03,256.11,7.17,25298.0,37.14,118.6,35323.4,52746.0
WO-003506,2026-02-24,2026-02,2026-W09,Afternoon,M06,P01,358,347,341,6,430.0,390.34,62.0,67.49,238.38,7.17,15268.0,34.56,12.0,21454.23,32054.0
WO-003507,2026-02-25,2026-02,2026-W09,Morning,M01,P03,594,579,571,8,430.0,392.15,38.0,40.64,369.36,7.17,15054.0,53.56,22.38,21218.1,31976.0
WO-003508,2026-02-25,2026-02,2026-W09,Afternoon,M01,P02,308,270,264,6,430.0,373.49,74.0,83.0,336.06,7.17,15930.0,48.73,36.33,22272.73,33264.0
WO-003509,2026-02-25,2026-02,2026-W09,Morning,M02,P02,315,284,278,6,430.0,388.34,74.0,82.04,264.93,7.17,16756.0,38.41,16.01,23362.09,35028.0
WO-003510,2026-02-25,2026-02,2026-W09,Afternoon,M02,P02,297,271,264,7,430.0,371.0,74.0,82.14,257.54,7.17,15989.0,37.34,38.93,22343.94,33264.0
WO-003511,2026-02-25,2026-02,2026-W09,Morning,M03,P05,456,430,422,8,430.0,393.25,52.0,54.87,419.8,7.17,20640.0,60.87,41.25,28639.79,43044.0
WO-003512,2026-02-25,2026-02,2026-W09,Afternoon,M03,P05,451,423,412,11,430.0,395.73,52.0,56.13,413.53,7.17,20304.0,59.96,43.95,28186.58,42024.0
WO-003513,2026-02-25,2026-02,2026-W09,Morning,M04,P03,569,427,417,10,430.0,301.22,38.0,42.33,248.57,7.17,11102.0,36.04,140.07,15922.28,23352.0
WO-003514,2026-02-25,2026-02,2026-W09,Afternoon,M04,P04,245,172,167,5,430.0,312.88,95.0,109.15,255.34,7.17,17028.0,37.02,121.08,23793.77,35070.0
WO-003515,2026-02-25,2026-02,2026-W09,Morning,M05,P06,176,164,159,5,430.0,369.9,125.0,135.33,203.42,7.17,22796.0,29.5,67.2,31844.36,47382.0
WO-003516,2026-02-25,2026-02,2026-W09,Afternoon,M05,P05,414,377,371,6,430.0,382.0,52.0,60.8,203.51,7.17,18096.0,29.51,18.75,25140.92,37842.0
WO-003517,2026-02-25,2026-02,2026-W09,Morning,M06,P04,236,233,227,6,430.0,395.95,95.0,101.96,237.87,7.17,23067.0,34.49,27.65,31871.81,47670.0
WO-003518,2026-02-25,2026-02,2026-W09,Afternoon,M06,P06,183,179,172,7,430.0,403.37,125.0,135.21,239.16,7.17,24881.0,34.68,12.0,34644.34,51256.0
WO-003519,2026-02-26,2026-02,2026-W09,Morning,M01,P01,344,328,324,4,430.0,375.83,62.0,68.75,337.72,7.17,14432.0,48.97,12.0,20328.64,30456.0
WO-003520,2026-02-26,2026-02,2026-W09,Afternoon,M01,P02,297,270,263,7,430.0,366.28,74.0,81.39,316.89,7.17,15930.0,45.95,15.81,22249.43,33138.0
WO-003521,2026-02-26,2026-02,2026-W09,Morning,M02,P01,350,318,314,4,430.0,373.66,62.0,70.5,263.15,7.17,13992.0,38.16,12.0,19717.82,29516.0
WO-003522,2026-02-26,2026-02,2026-W09,Afternoon,M02,P05,442,387,376,11,430.0,380.3,52.0,58.96,274.58,7.17,18576.0,39.81,12.0,25794.48,38352.0
WO-003523,2026-02-26,2026-02,2026-W09,Morning,M03,P05,436,414,405,9,430.0,377.64,52.0,54.73,405.47,7.17,19872.0,58.79,94.41,27650.87,41310.0
WO-003524,2026-02-26,2026-02,2026-W09,Afternoon,M03,P03,584,541,530,11,430.0,394.54,38.0,43.76,410.85,7.17,14066.0,59.57,20.03,19872.77,29680.0
WO-003525,2026-02-26,2026-02,2026-W09,Morning,M04,P06,176,136,130,6,430.0,325.94,125.0,143.8,273.93,7.17,18904.0,39.72,69.5,26536.88,38740.0
WO-003526,2026-02-26,2026-02,2026-W09,Afternoon,M04,P03,617,461,449,12,430.0,330.17,38.0,42.97,272.28,7.17,11986.0,39.48,174.64,17167.29,25144.0
WO-003527,2026-02-26,2026-02,2026-W09,Morning,M05,P01,365,336,328,8,430.0,377.65,62.0,67.44,210.95,7.17,14784.0,30.59,43.95,20822.21,30832.0
WO-003528,2026-02-26,2026-02,2026-W09,Afternoon,M05,P04,245,204,199,5,430.0,366.08,95.0,107.67,208.84,7.17,20196.0,30.28,24.11,27978.06,41790.0
WO-003529,2026-02-26,2026-02,2026-W09,Morning,M06,P06,183,171,164,7,430.0,380.16,125.0,133.39,230.14,7.17,23769.0,33.37,26.67,33137.7,48872.0
WO-003530,2026-02-26,2026-02,2026-W09,Afternoon,M06,P05,427,424,412,12,430.0,398.68,52.0,56.42,244.05,7.17,20352.0,35.39,114.17,28297.22,42024.0
WO-003531,2026-02-27,2026-02,2026-W09,Morning,M01,P02,324,284,279,5,430.0,381.25,74.0,80.54,346.7,7.17,16756.0,50.27,84.13,23442.07,35154.0
WO-003532,2026-02-27,2026-02,2026-W09,Afternoon,M01,P03,598,528,519,9,430.0,364.49,38.0,41.42,323.9,7.17,13728.0,46.97,27.85,19406.48,29064.0
WO-003533,2026-02-27,2026-02,2026-W09,Morning,M02,P02,302,276,273,3,430.0,379.12,74.0,82.42,263.97,7.17,16284.0,38.28,76.61,22782.56,34398.0
WO-003534,2026-02-27,2026-02,2026-W09,Afternoon,M02,P05,438,363,355,8,430.0,354.9,52.0,58.66,249.08,7.17,17424.0,36.12,15.37,24234.15,36210.0
WO-003535,2026-02-27,2026-02,2026-W09,Morning,M03,P03,561,592,584,8,430.0,397.59,38.0,40.3,412.64,7.17,15392.0,59.83,23.77,21687.27,32704.0
WO-003536,2026-02-27,2026-02,2026-W09,Afternoon,M03,P03,566,554,549,5,430.0,383.75,38.0,41.56,394.54,7.17,14404.0,57.21,62.45,20374.33,30744.0
WO-003537,2026-02-27,2026-02,2026-W09,Morning,M04,P04,245,174,169,5,430.0,314.09,95.0,108.31,250.97,7.17,17226.0,36.39,85.91,24025.96,35490.0
WO-003538,2026-02-27,2026-02,2026-W09,Afternoon,M04,P03,575,423,411,12,430.0,306.87,38.0,43.53,248.87,7.17,10998.0,36.09,71.5,15711.75,23016.0
WO-003539,2026-02-27,2026-02,2026-W09,Morning,M05,P04,224,209,205,4,430.0,367.79,95.0,105.58,203.07,7.17,20691.0,29.44,128.29,28751.4,43050.0
WO-003540,2026-02-27,2026-02,2026-W09,Afternoon,M05,P01,369,318,312,6,430.0,369.68,62.0,69.75,201.97,7.17,13992.0,29.29,12.03,19708.98,29328.0
WO-003541,2026-02-27,2026-02,2026-W09,Morning,M06,P06,178,181,175,6,430.0,403.94,125.0,133.9,256.93,7.17,25159.0,37.25,38.3,35053.22,52150.0
WO-003542,2026-02-27,2026-02,2026-W09,Afternoon,M06,P05,450,413,404,9,430.0,387.72,52.0,56.33,235.88,7.17,19824.0,34.2,31.81,27498.68,41208.0
WO-003543,2026-03-02,2026-03,2026-W10,Morning,M01,P01,392,339,334,5,430.0,380.11,62.0,67.28,344.67,7.17,14916.0,49.98,29.08,21006.72,31396.0
WO-003544,2026-03-02,2026-03,2026-W10,Afternoon,M01,P02,332,267,261,6,430.0,366.38,74.0,82.33,341.14,7.17,15753.0,49.47,17.94,22015.07,32886.0
WO-003545,2026-03-02,2026-03,2026-W10,Morning,M02,P05,456,388,380,8,430.0,370.04,52.0,57.22,253.88,7.17,18624.0,36.81,12.0,25856.48,38760.0
WO-003546,2026-03-02,2026-03,2026-W10,Afternoon,M02,P05,439,392,382,10,430.0,377.52,52.0,57.78,254.45,7.17,18816.0,36.9,37.58,26142.14,38964.0
WO-003547,2026-03-02,2026-03,2026-W10,Morning,M03,P03,637,563,556,7,430.0,383.48,38.0,40.87,376.12,7.17,14638.0,54.54,21.09,20649.79,31136.0
WO-003548,2026-03-02,2026-03,2026-W10,Afternoon,M03,P05,435,405,395,10,430.0,378.26,52.0,56.04,396.91,7.17,19440.0,57.55,54.79,27025.01,40290.0
WO-003549,2026-03-02,2026-03,2026-W10,Morning,M04,P04,239,169,165,4,430.0,314.47,95.0,111.65,246.87,7.17,16731.0,35.8,73.19,23342.65,34650.0
WO-003550,2026-03-02,2026-03,2026-W10,Afternoon,M04,P06,188,130,124,6,430.0,312.91,125.0,144.42,242.87,7.17,18070.0,35.22,91.44,25414.32,36952.0
WO-003551,2026-03-02,2026-03,2026-W10,Morning,M05,P01,402,344,339,5,430.0,377.59,62.0,65.86,213.06,7.17,15136.0,30.89,52.86,21311.42,31866.0
WO-003552,2026-03-02,2026-03,2026-W10,Afternoon,M05,P01,407,317,310,7,430.0,363.35,62.0,68.77,197.81,7.17,13948.0,28.68,12.0,19648.35,29140.0
WO-003553,2026-03-02,2026-03,2026-W10,Morning,M06,P01,391,371,367,4,430.0,411.89,62.0,66.61,255.32,7.17,16324.0,37.02,22.45,22907.14,34498.0
WO-003554,2026-03-02,2026-03,2026-W10,Afternoon,M06,P06,192,188,179,9,430.0,417.1,125.0,133.12,250.02,7.17,26132.0,36.25,52.08,36396.0,53342.0
WO-003555,2026-03-03,2026-03,2026-W10,Morning,M01,P01,396,324,318,6,430.0,372.99,62.0,69.07,336.41,7.17,14256.0,48.78,46.99,20123.44,29892.0
WO-003556,2026-03-03,2026-03,2026-W10,Afternoon,M01,P02,322,265,259,6,430.0,373.32,74.0,84.53,331.59,7.17,15635.0,48.08,46.33,21882.08,32634.0
WO-003557,2026-03-03,2026-03,2026-W10,Morning,M02,P02,326,272,267,5,430.0,379.92,74.0,83.81,267.94,7.17,16048.0,38.85,12.2,22398.72,33642.0
WO-003558,2026-03-03,2026-03,2026-W10,Afternoon,M02,P02,297,271,266,5,430.0,387.75,74.0,85.85,263.65,7.17,15989.0,38.23,12.0,22317.9,33516.0
WO-003559,2026-03-03,2026-03,2026-W10,Morning,M03,P01,364,359,352,7,430.0,400.79,62.0,66.98,412.77,7.17,15796.0,59.85,54.81,22242.33,33088.0
WO-003560,2026-03-03,2026-03,2026-W10,Afternoon,M03,P01,404,337,331,6,430.0,385.23,62.0,68.59,420.67,7.17,14828.0,61.0,81.33,20949.99,31114.0
WO-003561,2026-03-03,2026-03,2026-W10,Morning,M04,P03,602,448,442,6,430.0,328.04,38.0,43.93,265.81,7.17,11648.0,38.54,95.88,16626.09,24752.0
WO-003562,2026-03-03,2026-03,2026-W10,Afternoon,M04,P04,245,176,170,6,430.0,325.55,95.0,110.98,261.45,7.17,17424.0,37.91,64.63,24274.21,35700.0
WO-003563,2026-03-03,2026-03,2026-W10,Morning,M05,P06,189,168,162,6,430.0,381.92,125.0,136.4,211.06,7.17,23352.0,30.6,119.13,32657.4,48276.0
WO-003564,2026-03-03,2026-03,2026-W10,Afternoon,M05,P06,197,159,153,6,430.0,369.23,125.0,139.33,210.17,7.17,22101.0,30.47,12.0,30840.14,45594.0
WO-003565,2026-03-03,2026-03,2026-W10,Morning,M06,P06,199,171,164,7,430.0,396.89,125.0,139.26,250.37,7.17,23769.0,36.3,31.82,33145.79,48872.0
WO-003566,2026-03-03,2026-03,2026-W10,Afternoon,M06,P06,204,179,172,7,430.0,395.83,125.0,132.68,250.35,7.17,24881.0,36.3,111.39,34745.36,51256.0
WO-003567,2026-03-04,2026-03,2026-W10,Morning,M01,P01,385,355,348,7,430.0,399.58,62.0,67.53,376.42,7.17,15620.0,54.58,25.61,21967.86,32712.0
WO-003568,2026-03-04,2026-03,2026-W10,Afternoon,M01,P03,621,574,564,10,430.0,397.84,38.0,41.59,369.89,7.17,14924.0,53.63,12.8,21031.1,31584.0
WO-003569,2026-03-04,2026-03,2026-W10,Morning,M02,P05,461,387,379,8,430.0,362.32,52.0,56.17,256.81,7.17,18576.0,37.24,48.47,25828.37,38658.0
WO-003570,2026-03-04,2026-03,2026-W10,Afternoon,M02,P02,322,272,265,7,430.0,372.91,74.0,82.26,261.94,7.17,16048.0,37.98,69.62,22455.26,33390.0
WO-003571,2026-03-04,2026-03,2026-W10,Morning,M03,P01,384,360,355,5,430.0,399.63,62.0,66.6,434.31,7.17,15840.0,62.97,122.17,22372.81,33370.0
WO-003572,2026-03-04,2026-03,2026-W10,Afternoon,M03,P03,641,545,536,9,430.0,389.54,38.0,42.89,389.04,7.17,14170.0,56.41,67.52,20059.1,30016.0
WO-003573,2026-03-04,2026-03,2026-W10,Morning,M04,P04,236,184,181,3,430.0,337.3,95.0,109.99,262.65,7.17,18216.0,38.08,116.21,25397.96,38010.0
WO-003574,2026-03-04,2026-03,2026-W10,Afternoon,M04,P03,649,432,424,8,430.0,319.04,38.0,44.31,259.27,7.17,11232.0,37.59,83.72,16044.98,23744.0
WO-003575,2026-03-04,2026-03,2026-W10,Morning,M05,P06,187,160,154,6,430.0,364.64,125.0,136.74,215.89,7.17,22240.0,31.3,27.29,31046.26,45892.0
WO-003576,2026-03-04,2026-03,2026-W10,Afternoon,M05,P04,257,212,207,5,430.0,383.16,95.0,108.44,212.54,7.17,20988.0,30.82,49.84,29076.32,43470.0
WO-003577,2026-03-04,2026-03,2026-W10,Morning,M06,P04,259,234,230,4,430.0,403.33,95.0,103.42,246.04,7.17,23166.0,35.68,12.0,31991.34,48300.0
WO-003578,2026-03-04,2026-03,2026-W10,Afternoon,M06,P01,364,345,338,7,430.0,387.2,62.0,67.34,229.2,7.17,15180.0,33.23,23.52,21344.42,31772.0
WO-003579,2026-03-05,2026-03,2026-W10,Morning,M01,P02,308,282,277,5,430.0,379.89,74.0,80.83,342.46,7.17,16638.0,49.66,19.23,23216.55,34902.0
WO-003580,2026-03-05,2026-03,2026-W10,Afternoon,M01,P01,380,342,335,7,430.0,389.83,62.0,68.39,357.33,7.17,15048.0,51.81,21.98,21181.46,31490.0
WO-003581,2026-03-05,2026-03,2026-W10,Morning,M02,P02,343,289,283,6,430.0,387.68,74.0,80.49,275.77,7.17,17051.0,39.99,12.0,23759.65,35658.0
WO-003582,2026-03-05,2026-03,2026-W10,Afternoon,M02,P05,459,366,358,8,430.0,354.27,52.0,58.08,246.96,7.17,17568.0,35.81,15.05,24428.52,36516.0
WO-003583,2026-03-05,2026-03,2026-W10,Morning,M03,P03,631,577,571,6,430.0,395.81,38.0,41.16,423.17,7.17,15002.0,61.36,124.04,21256.57,31976.0
WO-003584,2026-03-05,2026-03,2026-W10,Afternoon,M03,P01,375,337,334,3,430.0,382.47,62.0,68.1,386.75,7.17,14828.0,56.08,26.38,20890.13,31396.0
WO-003585,2026-03-05,2026-03,2026-W10,Morning,M04,P03,648,442,432,10,430.0,318.59,38.0,43.25,247.26,7.17,11492.0,35.85,107.56,16422.08,24192.0
WO-003586,2026-03-05,2026-03,2026-W10,Afternoon,M04,P04,239,159,154,5,430.0,297.81,95.0,112.38,231.91,7.17,15741.0,33.63,81.94,22009.24,32340.0
WO-003587,2026-03-05,2026-03,2026-W10,Morning,M05,P05,454,389,382,7,430.0,370.28,52.0,57.11,206.9,7.17,18672.0,30.0,33.62,25936.29,38964.0
WO-003588,2026-03-05,2026-03,2026-W10,Afternoon,M05,P01,398,314,310,4,430.0,360.57,62.0,68.9,200.02,7.17,13816.0,29.0,57.6,19514.27,29140.0
WO-003589,2026-03-05,2026-03,2026-W10,Morning,M06,P06,192,181,175,6,430.0,416.35,125.0,138.02,245.35,7.17,25159.0,35.58,28.54,35041.78,52150.0
WO-003590,2026-03-05,2026-03,2026-W10,Afternoon,M06,P01,389,352,343,9,430.0,394.67,62.0,67.27,228.89,7.17,15488.0,33.19,44.04,21784.9,32242.0
WO-003591,2026-03-06,2026-03,2026-W10,Morning,M01,P02,307,280,275,5,430.0,371.36,74.0,79.58,334.9,7.17,16520.0,48.56,39.53,23075.75,34650.0
WO-003592,2026-03-06,2026-03,2026-W10,Afternoon,M01,P03,631,536,529,7,430.0,367.68,38.0,41.16,327.16,7.17,13936.0,47.44,45.97,19709.08,29624.0
WO-003593,2026-03-06,2026-03,2026-W10,Morning,M02,P02,326,263,257,6,430.0,359.28,74.0,81.96,256.19,7.17,15517.0,37.15,15.85,21680.67,32382.0
WO-003594,2026-03-06,2026-03,2026-W10,Afternoon,M02,P02,328,283,276,7,430.0,390.07,74.0,82.7,272.21,7.17,16697.0,39.47,25.38,23292.51,34776.0
WO-003595,2026-03-06,2026-03,2026-W10,Morning,M03,P01,371,359,355,4,430.0,403.55,62.0,67.45,407.02,7.17,15796.0,59.02,12.0,22198.68,33370.0
WO-003596,2026-03-06,2026-03,2026-W10,Afternoon,M03,P01,391,335,329,6,430.0,375.64,62.0,67.28,380.07,7.17,14740.0,55.11,73.35,20816.12,30926.0
WO-003597,2026-03-06,2026-03,2026-W10,Morning,M04,P03,655,438,429,9,430.0,307.65,38.0,42.14,244.22,7.17,11388.0,35.41,79.69,16251.76,24024.0
WO-003598,2026-03-06,2026-03,2026-W10,Afternoon,M04,P03,608,425,416,9,430.0,297.36,38.0,41.98,233.64,7.17,11050.0,33.88,100.11,15809.15,23296.0
WO-003599,2026-03-06,2026-03,2026-W10,Morning,M05,P06,199,174,168,6,430.0,407.4,125.0,140.48,234.7,7.17,24186.0,34.03,58.5,33740.2,50064.0
WO-003600,2026-03-06,2026-03,2026-W10,Afternoon,M05,P04,249,204,200,4,430.0,374.26,95.0,110.08,206.97,7.17,20196.0,30.01,29.63,27983.31,42000.0
WO-003601,2026-03-06,2026-03,2026-W10,Morning,M06,P01,387,352,347,5,430.0,396.33,62.0,67.56,243.19,7.17,15488.0,35.26,20.72,21763.65,32618.0
WO-003602,2026-03-06,2026-03,2026-W10,Afternoon,M06,P06,191,174,168,6,430.0,397.53,125.0,137.08,232.52,7.17,24186.0,33.71,20.06,33701.45,50064.0
WO-003603,2026-03-09,2026-03,2026-W11,Morning,M01,P03,617,578,569,9,430.0,391.23,38.0,40.61,383.98,7.17,15028.0,55.68,46.69,21209.03,31864.0
WO-003604,2026-03-09,2026-03,2026-W11,Afternoon,M01,P02,336,271,266,5,430.0,379.87,74.0,84.1,357.63,7.17,15989.0,51.86,20.86,22340.39,33516.0
WO-003605,2026-03-09,2026-03,2026-W11,Morning,M02,P05,479,390,378,12,430.0,373.32,52.0,57.43,269.43,7.17,18720.0,39.07,33.78,26010.51,38556.0
WO-003606,2026-03-09,2026-03,2026-W11,Afternoon,M02,P01,369,294,290,4,430.0,350.16,62.0,71.46,247.7,7.17,12936.0,35.92,23.53,18287.12,27260.0
WO-003607,2026-03-09,2026-03,2026-W11,Morning,M03,P03,592,581,574,7,430.0,378.9,38.0,39.13,380.22,7.17,15106.0,55.13,45.96,21314.25,32144.0
WO-003608,2026-03-09,2026-03,2026-W11,Afternoon,M03,P03,630,545,535,10,430.0,381.68,38.0,42.02,390.3,7.17,14170.0,56.59,36.14,20027.9,29960.0
WO-003609,2026-03-09,2026-03,2026-W11,Morning,M04,P03,650,432,426,6,430.0,308.66,38.0,42.87,250.62,7.17,11232.0,36.34,71.42,16031.43,23856.0
WO-003610,2026-03-09,2026-03,2026-W11,Morning,M05,P01,383,332,327,5,430.0,378.71,62.0,68.44,204.69,7.17,14608.0,29.68,15.22,20552.57,30738.0
WO-003611,2026-03-09,2026-03,2026-W11,Afternoon,M05,P01,386,323,320,3,430.0,367.71,62.0,68.3,197.29,7.17,14212.0,28.61,12.0,20008.27,30080.0
WO-003612,2026-03-09,2026-03,2026-W11,Morning,M06,P05,487,443,434,9,430.0,417.1,52.0,56.49,260.57,7.17,21264.0,37.78,12.0,29432.45,44268.0
WO-003613,2026-03-09,2026-03,2026-W11,Afternoon,M06,P04,247,224,218,6,430.0,394.4,95.0,105.64,243.31,7.17,22176.0,35.28,53.24,30692.18,45780.0
WO-003614,2026-03-10,2026-03,2026-W11,Morning,M01,P02,321,302,297,5,430.0,409.22,74.0,81.3,369.06,7.17,17818.0,53.51,69.5,24870.68,37422.0
WO-003615,2026-03-10,2026-03,2026-W11,Afternoon,M01,P01,361,313,307,6,430.0,368.76,62.0,70.69,357.29,7.17,13772.0,51.81,32.28,19451.75,28858.0
WO-003616,2026-03-10,2026-03,2026-W11,Morning,M02,P01,392,305,299,6,430.0,367.11,62.0,72.22,258.22,7.17,13420.0,37.44,15.24,18940.35,28106.0
WO-003617,2026-03-10,2026-03,2026-W11,Afternoon,M02,P05,472,380,370,10,430.0,381.65,52.0,60.26,260.43,7.17,18240.0,37.76,59.24,25384.67,37740.0
WO-003618,2026-03-10,2026-03,2026-W11,Morning,M03,P01,390,348,344,4,430.0,397.37,62.0,68.51,416.66,7.17,15312.0,60.42,193.11,21721.19,32336.0
WO-003619,2026-03-10,2026-03,2026-W11,Afternoon,M03,P03,619,585,577,8,430.0,398.79,38.0,40.9,412.4,7.17,15210.0,59.8,12.0,21426.96,32312.0
WO-003620,2026-03-10,2026-03,2026-W11,Morning,M04,P03,634,417,405,12,430.0,300.59,38.0,43.25,233.07,7.17,10842.0,33.8,107.91,15532.88,22680.0
WO-003621,2026-03-10,2026-03,2026-W11,Afternoon,M04,P06,192,133,127,6,430.0,337.59,125.0,152.29,265.9,7.17,18487.0,38.56,75.45,25971.67,37846.0
WO-003622,2026-03-10,2026-03,2026-W11,Morning,M05,P04,253,231,227,4,430.0,403.53,95.0,104.81,226.23,7.17,22869.0,32.8,54.32,31628.79,47670.0
WO-003623,2026-03-10,2026-03,2026-W11,Afternoon,M05,P06,186,167,162,5,430.0,389.74,125.0,140.03,217.34,7.17,23213.0,31.51,47.6,32396.78,48276.0
WO-003624,2026-03-10,2026-03,2026-W11,Afternoon,M06,P06,194,173,167,6,430.0,391.38,125.0,135.74,236.87,7.17,24047.0,34.35,57.13,33549.14,49766.0
WO-003625,2026-03-11,2026-03,2026-W11,Morning,M01,P03,678,540,530,10,430.0,374.92,38.0,41.66,336.99,7.17,14040.0,48.86,32.55,19839.09,29680.0
WO-003626,2026-03-11,2026-03,2026-W11,Afternoon,M01,P01,375,318,314,4,430.0,358.09,62.0,67.56,328.28,7.17,13992.0,47.6,26.31,19741.58,29516.0
WO-003627,2026-03-11,2026-03,2026-W11,Morning,M02,P05,453,387,377,10,430.0,376.63,52.0,58.39,269.62,7.17,18576.0,39.09,40.46,25822.22,38454.0
WO-003628,2026-03-11,2026-03,2026-W11,Afternoon,M02,P05,458,381,374,7,430.0,369.09,52.0,58.12,264.58,7.17,18288.0,38.36,12.0,25403.03,38148.0
WO-003629,2026-03-11,2026-03,2026-W11,Morning,M03,P03,633,578,573,5,430.0,398.2,38.0,41.34,399.83,7.17,15028.0,57.98,12.0,21176.64,32088.0
WO-003630,2026-03-11,2026-03,2026-W11,Afternoon,M03,P03,620,572,563,9,430.0,384.92,38.0,40.38,389.78,7.17,14872.0,56.52,118.09,21068.28,31528.0
WO-003631,2026-03-11,2026-03,2026-W11,Morning,M04,P03,620,438,429,9,430.0,322.43,38.0,44.17,262.81,7.17,11388.0,38.11,95.3,16270.07,24024.0
WO-003632,2026-03-11,2026-03,2026-W11,Afternoon,M04,P04,253,155,150,5,430.0,291.29,95.0,112.76,234.68,7.17,15345.0,34.03,115.47,21507.17,31500.0
WO-003633,2026-03-11,2026-03,2026-W11,Morning,M05,P05,447,413,405,8,430.0,398.75,52.0,57.93,225.82,7.17,19824.0,32.74,19.88,27485.29,41310.0
WO-003634,2026-03-11,2026-03,2026-W11,Afternoon,M05,P06,180,157,151,6,430.0,372.53,125.0,142.37,205.32,7.17,21823.0,29.77,70.1,30517.54,44998.0
WO-003635,2026-03-11,2026-03,2026-W11,Morning,M06,P05,478,415,404,11,430.0,376.62,52.0,54.45,233.23,7.17,19920.0,33.82,18.94,27615.42,41208.0
WO-003636,2026-03-11,2026-03,2026-W11,Afternoon,M06,P05,468,436,425,11,430.0,405.28,52.0,55.77,246.73,7.17,20928.0,35.78,45.82,29009.26,43350.0
WO-003637,2026-03-12,2026-03,2026-W11,Morning,M01,P02,302,303,296,7,430.0,397.13,74.0,78.64,373.44,7.17,17877.0,54.15,70.67,24952.48,37296.0
WO-003638,2026-03-12,2026-03,2026-W11,Afternoon,M01,P03,657,552,545,7,430.0,387.01,38.0,42.07,359.96,7.17,14352.0,52.19,39.58,20275.44,30520.0
WO-003639,2026-03-12,2026-03,2026-W11,Morning,M02,P01,385,341,336,5,430.0,387.57,62.0,68.19,280.72,7.17,15004.0,40.7,81.97,21170.34,31584.0
WO-003640,2026-03-12,2026-03,2026-W11,Afternoon,M02,P01,381,306,301,5,430.0,366.08,62.0,71.78,267.96,7.17,13464.0,38.85,12.0,18998.52,28294.0
WO-003641,2026-03-12,2026-03,2026-W11,Morning,M03,P01,394,344,337,7,430.0,383.46,62.0,66.88,423.91,7.17,15136.0,61.47,66.32,21355.45,31678.0
WO-003642,2026-03-12,2026-03,2026-W11,Afternoon,M03,P01,370,342,337,5,430.0,398.13,62.0,69.85,413.08,7.17,15048.0,59.9,87.43,21254.99,31678.0
WO-003643,2026-03-12,2026-03,2026-W11,Morning,M04,P06,187,140,132,8,430.0,326.24,125.0,139.82,253.99,7.17,19460.0,36.83,89.3,27313.79,39336.0
WO-003644,2026-03-12,2026-03,2026-W11,Afternoon,M04,P04,264,161,156,5,430.0,294.06,95.0,109.59,250.53,7.17,15939.0,36.33,83.78,22281.78,32760.0
WO-003645,2026-03-12,2026-03,2026-W11,Morning,M05,P06,203,171,165,6,430.0,392.5,125.0,137.72,208.39,7.17,23769.0,30.22,89.65,33197.53,49170.0
WO-003646,2026-03-12,2026-03,2026-W11,Afternoon,M05,P06,178,159,153,6,430.0,368.8,125.0,139.17,200.33,7.17,22101.0,29.05,24.9,30851.61,45594.0
WO-003647,2026-03-12,2026-03,2026-W11,Morning,M06,P01,357,362,355,7,430.0,413.72,62.0,68.57,255.87,7.17,15928.0,37.1,42.56,22387.33,33370.0
WO-003648,2026-03-12,2026-03,2026-W11,Afternoon,M06,P06,198,172,165,7,430.0,388.59,125.0,135.55,243.16,7.17,23908.0,35.26,16.54,33319.47,49170.0
WO-003649,2026-03-13,2026-03,2026-W11,Morning,M01,P01,389,351,346,5,430.0,405.99,62.0,69.4,374.44,7.17,15444.0,54.29,29.39,21731.35,32524.0
WO-003650,2026-03-13,2026-03,2026-W11,Afternoon,M01,P03,645,539,529,10,430.0,379.42,38.0,42.24,344.44,7.17,14014.0,49.94,40.41,19812.53,29624.0
WO-003651,2026-03-13,2026-03,2026-W11,Morning,M02,P01,399,335,331,4,430.0,378.68,62.0,67.82,273.28,7.17,14740.0,39.62,30.16,20757.45,31114.0
WO-003652,2026-03-13,2026-03,2026-W11,Afternoon,M02,P01,382,329,323,6,430.0,379.73,62.0,69.25,269.22,7.17,14476.0,39.04,92.69,20459.4,30362.0
WO-003653,2026-03-13,2026-03,2026-W11,Morning,M03,P01,383,368,363,5,430.0,398.95,62.0,65.05,437.36,7.17,16192.0,63.42,59.68,22790.76,34122.0
WO-003654,2026-03-13,2026-03,2026-W11,Afternoon,M03,P03,639,542,536,6,430.0,375.96,38.0,41.62,382.95,7.17,14092.0,55.53,52.58,19936.77,30016.0
WO-003655,2026-03-13,2026-03,2026-W11,Morning,M04,P04,245,173,168,5,430.0,302.87,95.0,105.04,239.08,7.17,17127.0,34.67,123.05,23927.39,35280.0
WO-003656,2026-03-13,2026-03,2026-W11,Afternoon,M04,P03,614,420,414,6,430.0,304.75,38.0,43.54,235.3,7.17,10920.0,34.12,104.48,15636.26,23184.0
WO-003657,2026-03-13,2026-03,2026-W11,Morning,M05,P04,266,201,197,4,430.0,361.28,95.0,107.84,195.43,7.17,19899.0,28.34,17.4,27567.41,41370.0
WO-003658,2026-03-13,2026-03,2026-W11,Afternoon,M05,P05,450,389,378,11,430.0,379.57,52.0,58.55,212.08,7.17,18672.0,30.75,15.56,25918.98,38556.0
WO-003659,2026-03-13,2026-03,2026-W11,Morning,M06,P06,191,178,172,6,430.0,394.24,125.0,132.89,229.42,7.17,24742.0,33.27,57.49,34498.43,51256.0
WO-003660,2026-03-13,2026-03,2026-W11,Afternoon,M06,P04,263,222,217,5,430.0,376.14,95.0,101.66,236.51,7.17,21978.0,34.29,28.22,30398.18,45570.0
WO-003661,2026-03-16,2026-03,2026-W12,Morning,M01,P01,414,339,333,6,430.0,386.12,62.0,68.34,341.51,7.17,14916.0,49.52,27.49,21004.68,31302.0
WO-003662,2026-03-16,2026-03,2026-W12,Afternoon,M01,P03,613,533,529,4,430.0,394.64,38.0,44.42,343.06,7.17,13858.0,49.74,12.0,19570.91,29624.0
WO-003663,2026-03-16,2026-03,2026-W12,Morning,M02,P01,369,337,332,5,430.0,385.12,62.0,68.57,277.47,7.17,14828.0,40.23,63.52,20911.42,31208.0
WO-003664,2026-03-16,2026-03,2026-W12,Afternoon,M02,P01,376,313,307,6,430.0,350.07,62.0,67.11,240.29,7.17,13772.0,34.84,12.0,19414.51,28858.0
WO-003665,2026-03-16,2026-03,2026-W12,Morning,M03,P05,408,444,435,9,430.0,402.71,52.0,54.42,426.83,7.17,21312.0,61.89,24.08,29533.64,44370.0
WO-003666,2026-03-16,2026-03,2026-W12,Afternoon,M03,P01,388,335,330,5,430.0,378.97,62.0,67.88,409.5,7.17,14740.0,59.38,108.31,20855.36,31020.0
WO-003667,2026-03-16,2026-03,2026-W12,Morning,M04,P03,650,437,427,10,430.0,315.52,38.0,43.32,249.52,7.17,11362.0,36.18,108.19,16245.54,23912.0
WO-003668,2026-03-16,2026-03,2026-W12,Afternoon,M04,P06,187,122,116,6,430.0,303.65,125.0,149.34,244.91,7.17,16958.0,35.51,95.05,23898.23,34568.0
WO-003669,2026-03-16,2026-03,2026-W12,Morning,M05,P01,387,346,341,5,430.0,394.18,62.0,68.36,220.35,7.17,15224.0,31.95,25.68,21405.3,32054.0
WO-003670,2026-03-16,2026-03,2026-W12,Afternoon,M05,P04,259,201,197,4,430.0,357.71,95.0,106.78,207.35,7.17,19899.0,30.07,26.56,27578.3,41370.0
WO-003671,2026-03-16,2026-03,2026-W12,Morning,M06,P05,456,428,417,11,430.0,393.36,52.0,55.14,245.75,7.17,20544.0,35.63,44.49,28487.79,42534.0
WO-003672,2026-03-16,2026-03,2026-W12,Afternoon,M06,P01,379,346,338,8,430.0,378.05,62.0,65.56,229.07,7.17,15224.0,33.22,46.34,21427.22,31772.0
WO-003673,2026-03-17,2026-03,2026-W12,Morning,M01,P01,373,347,342,5,430.0,391.14,62.0,67.63,361.06,7.17,15268.0,52.35,46.57,21506.59,32148.0
WO-003674,2026-03-17,2026-03,2026-W12,Afternoon,M01,P01,383,341,333,8,430.0,380.04,62.0,66.87,330.52,7.17,15004.0,47.93,38.3,21133.89,31302.0
WO-003675,2026-03-17,2026-03,2026-W12,Morning,M02,P05,445,406,397,9,430.0,398.9,52.0,58.95,290.47,7.17,19488.0,42.12,19.08,27038.86,40494.0
WO-003676,2026-03-17,2026-03,2026-W12,Afternoon,M02,P05,467,358,348,10,430.0,352.98,52.0,59.16,255.52,7.17,17184.0,37.05,30.76,23925.47,35496.0
WO-003677,2026-03-17,2026-03,2026-W12,Morning,M03,P01,379,350,344,6,430.0,395.38,62.0,67.78,414.87,7.17,15400.0,60.16,12.62,21660.45,32336.0
WO-003678,2026-03-17,2026-03,2026-W12,Afternoon,M03,P01,400,337,331,6,430.0,381.31,62.0,67.89,400.92,7.17,14828.0,58.13,12.0,20877.8,31114.0
WO-003679,2026-03-17,2026-03,2026-W12,Morning,M04,P06,188,138,132,6,430.0,324.58,125.0,141.12,261.3,7.17,19182.0,37.89,77.54,26923.1,39336.0
WO-003680,2026-03-17,2026-03,2026-W12,Afternoon,M04,P04,258,170,164,6,430.0,307.0,95.0,108.35,240.31,7.17,16830.0,34.84,96.01,23498.52,34440.0
WO-003681,2026-03-17,2026-03,2026-W12,Morning,M05,P01,367,326,320,6,430.0,381.01,62.0,70.12,218.08,7.17,14344.0,31.62,28.21,20207.5,30080.0
WO-003682,2026-03-17,2026-03,2026-W12,Afternoon,M05,P01,386,320,316,4,430.0,384.71,62.0,72.13,208.25,7.17,14080.0,30.2,43.8,19861.67,29704.0
WO-003683,2026-03-17,2026-03,2026-W12,Morning,M06,P05,450,442,431,11,430.0,417.1,52.0,56.62,245.28,7.17,21216.0,35.57,43.65,29396.88,43962.0
WO-003684,2026-03-17,2026-03,2026-W12,Afternoon,M06,P05,468,424,413,11,430.0,406.8,52.0,57.57,243.2,7.17,20352.0,35.26,17.12,28200.05,42126.0
WO-003685,2026-03-18,2026-03,2026-W12,Morning,M01,P03,599,521,511,10,430.0,367.83,38.0,42.36,334.96,7.17,13546.0,48.57,31.85,19163.58,28616.0
WO-003686,2026-03-18,2026-03,2026-W12,Afternoon,M01,P01,383,323,315,8,430.0,367.82,62.0,68.32,343.8,7.17,14212.0,49.85,36.6,20054.11,29610.0
WO-003687,2026-03-18,2026-03,2026-W12,Morning,M02,P01,402,355,350,5,430.0,400.14,62.0,67.63,288.95,7.17,15620.0,41.9,88.36,22017.92,32900.0
WO-003688,2026-03-18,2026-03,2026-W12,Afternoon,M02,P01,373,323,317,6,430.0,373.51,62.0,69.38,256.21,7.17,14212.0,37.15,12.0,20016.82,29798.0
WO-003689,2026-03-18,2026-03,2026-W12,Morning,M03,P05,461,427,418,9,430.0,390.67,52.0,54.89,418.8,7.17,20496.0,60.73,18.16,28421.56,42636.0
WO-003690,2026-03-18,2026-03,2026-W12,Afternoon,M03,P03,573,585,579,6,430.0,395.01,38.0,40.51,406.59,7.17,15210.0,58.96,40.61,21454.73,32424.0
WO-003691,2026-03-18,2026-03,2026-W12,Morning,M04,P04,251,174,170,4,430.0,316.81,95.0,109.24,262.0,7.17,17226.0,37.99,72.14,24013.79,35700.0
WO-003692,2026-03-18,2026-03,2026-W12,Afternoon,M04,P04,236,164,158,6,430.0,303.07,95.0,110.88,237.18,7.17,16236.0,34.39,72.62,22670.68,33180.0
WO-003693,2026-03-18,2026-03,2026-W12,Morning,M05,P06,193,160,154,6,430.0,369.27,125.0,138.48,201.12,7.17,22240.0,29.16,45.67,31062.5,45892.0
WO-003694,2026-03-18,2026-03,2026-W12,Afternoon,M05,P04,236,203,200,3,430.0,357.68,95.0,105.72,195.29,7.17,20097.0,28.32,66.81,27884.79,42000.0
WO-003695,2026-03-18,2026-03,2026-W12,Morning,M06,P04,247,240,235,5,430.0,405.95,95.0,101.49,239.79,7.17,23760.0,34.77,45.38,32827.81,49350.0
WO-003696,2026-03-18,2026-03,2026-W12,Afternoon,M06,P04,259,213,208,5,430.0,378.74,95.0,106.69,228.26,7.17,21087.0,33.1,91.18,29253.94,43680.0
WO-003697,2026-03-19,2026-03,2026-W12,Morning,M01,P02,333,264,256,8,430.0,371.66,74.0,84.47,343.01,7.17,15576.0,49.74,27.65,21785.05,32256.0
WO-003698,2026-03-19,2026-03,2026-W12,Afternoon,M01,P01,356,313,307,6,430.0,356.1,62.0,68.26,335.68,7.17,13772.0,48.67,13.35,19429.69,28858.0
WO-003699,2026-03-19,2026-03,2026-W12,Morning,M02,P02,304,277,272,5,430.0,368.97,74.0,79.92,266.01,7.17,16343.0,38.57,12.0,22798.24,34272.0
WO-003700,2026-03-19,2026-03,2026-W12,Afternoon,M02,P02,335,258,251,7,430.0,360.21,74.0,83.77,247.46,7.17,15222.0,35.88,105.42,21368.97,31626.0
WO-003701,2026-03-19,2026-03,2026-W12,Morning,M03,P03,634,573,569,4,430.0,398.93,38.0,41.77,407.63,7.17,14898.0,59.11,24.57,21012.84,31864.0
WO-003702,2026-03-19,2026-03,2026-W12,Afternoon,M03,P01,382,334,328,6,430.0,375.66,62.0,67.48,391.27,7.17,14696.0,56.73,27.44,20711.85,30832.0
WO-003703,2026-03-19,2026-03,2026-W12,Morning,M04,P03,603,410,400,10,430.0,299.6,38.0,43.84,247.31,7.17,10660.0,35.86,71.39,15249.92,22400.0
WO-003704,2026-03-19,2026-03,2026-W12,Afternoon,M04,P03,643,411,401,10,430.0,298.18,38.0,43.53,241.89,7.17,10686.0,35.07,96.9,15310.14,22456.0
WO-003705,2026-03-19,2026-03,2026-W12,Morning,M05,P06,185,169,162,7,430.0,383.53,125.0,136.17,213.21,7.17,23491.0,30.92,83.21,32811.79,48276.0
WO-003706,2026-03-19,2026-03,2026-W12,Afternoon,M05,P01,372,317,313,4,430.0,371.74,62.0,70.36,216.13,7.17,13948.0,31.34,25.11,19664.11,29422.0
WO-003707,2026-03-19,2026-03,2026-W12,Morning,M06,P05,465,404,395,9,430.0,377.33,52.0,56.04,220.14,7.17,19392.0,31.92,42.02,26921.61,40290.0
WO-003708,2026-03-19,2026-03,2026-W12,Afternoon,M06,P04,252,219,214,5,430.0,389.19,95.0,106.63,239.89,7.17,21681.0,34.78,81.09,30049.54,44940.0
WO-003709,2026-03-20,2026-03,2026-W12,Morning,M01,P02,329,275,269,6,430.0,366.37,74.0,79.93,340.61,7.17,16225.0,49.39,12.0,22649.05,33894.0
WO-003710,2026-03-20,2026-03,2026-W12,Afternoon,M01,P01,413,328,324,4,430.0,375.36,62.0,68.66,345.92,7.17,14432.0,50.16,64.35,20382.17,30456.0
WO-003711,2026-03-20,2026-03,2026-W12,Morning,M02,P05,471,416,410,6,430.0,388.03,52.0,55.97,269.03,7.17,19968.0,39.01,19.04,27685.71,41820.0
WO-003712,2026-03-20,2026-03,2026-W12,Afternoon,M02,P05,466,387,378,9,430.0,370.17,52.0,57.39,269.28,7.17,18576.0,39.05,18.09,25799.81,38556.0
WO-003713,2026-03-20,2026-03,2026-W12,Morning,M03,P03,649,554,548,6,430.0,379.48,38.0,41.1,400.62,7.17,14404.0,58.09,38.84,20351.6,30688.0
WO-003714,2026-03-20,2026-03,2026-W12,Afternoon,M03,P01,380,358,352,6,430.0,403.15,62.0,67.57,424.72,7.17,15752.0,61.58,39.2,22168.45,33088.0
WO-003715,2026-03-20,2026-03,2026-W12,Morning,M04,P04,253,174,168,6,430.0,311.04,95.0,107.26,244.44,7.17,17226.0,35.44,76.18,24015.29,35280.0
WO-003716,2026-03-20,2026-03,2026-W12,Afternoon,M04,P06,192,130,123,7,430.0,317.34,125.0,146.46,253.68,7.17,18070.0,36.78,59.44,25383.89,36654.0
WO-003717,2026-03-20,2026-03,2026-W12,Morning,M05,P04,246,211,205,6,430.0,363.54,95.0,103.38,196.07,7.17,20889.0,28.43,43.04,28933.14,43050.0
WO-003718,2026-03-20,2026-03,2026-W12,Afternoon,M05,P06,190,160,153,7,430.0,367.12,125.0,137.67,213.06,7.17,22240.0,30.89,64.61,31083.17,45594.0
WO-003719,2026-03-20,2026-03,2026-W12,Morning,M06,P05,466,416,403,13,430.0,387.78,52.0,55.93,233.25,7.17,19968.0,33.82,32.54,27694.02,41106.0
WO-003720,2026-03-20,2026-03,2026-W12,Afternoon,M06,P05,445,416,405,11,430.0,395.95,52.0,57.11,248.55,7.17,19968.0,36.04,95.1,27758.81,41310.0
WO-003721,2026-03-23,2026-03,2026-W13,Morning,M01,P01,372,357,352,5,430.0,407.35,62.0,68.46,354.51,7.17,15708.0,51.4,45.31,22104.38,33088.0
WO-003722,2026-03-23,2026-03,2026-W13,Afternoon,M01,P02,326,276,270,6,430.0,390.59,74.0,84.91,360.23,7.17,16284.0,52.23,50.87,22770.77,34020.0
WO-003723,2026-03-23,2026-03,2026-W13,Morning,M02,P01,389,321,317,4,430.0,376.06,62.0,70.29,279.95,7.17,14124.0,40.59,45.7,19933.96,29798.0
WO-003724,2026-03-23,2026-03,2026-W13,Afternoon,M02,P05,451,383,374,9,430.0,372.61,52.0,58.37,265.99,7.17,18384.0,38.57,53.41,25574.65,38148.0
WO-003725,2026-03-23,2026-03,2026-W13,Morning,M03,P05,462,412,402,10,430.0,393.23,52.0,57.27,425.82,7.17,19776.0,61.74,64.34,27493.75,41004.0
WO-003726,2026-03-23,2026-03,2026-W13,Afternoon,M03,P05,462,439,431,8,430.0,409.41,52.0,55.96,428.29,7.17,21072.0,62.1,21.18,29205.95,43962.0
WO-003727,2026-03-23,2026-03,2026-W13,Morning,M04,P04,262,168,164,4,430.0,308.63,95.0,110.22,247.3,7.17,16632.0,35.86,67.86,23203.38,34440.0
WO-003728,2026-03-23,2026-03,2026-W13,Afternoon,M04,P06,189,134,127,7,430.0,304.65,125.0,136.41,251.36,7.17,18626.0,36.45,80.75,26164.87,37846.0
WO-003729,2026-03-23,2026-03,2026-W13,Morning,M05,P05,466,402,391,11,430.0,383.17,52.0,57.19,219.11,7.17,19296.0,31.77,12.0,26761.44,39882.0
WO-003730,2026-03-23,2026-03,2026-W13,Afternoon,M05,P05,451,367,358,9,430.0,360.37,52.0,58.92,188.45,7.17,17616.0,27.33,12.0,24481.99,36516.0
WO-003731,2026-03-23,2026-03,2026-W13,Morning,M06,P06,197,175,169,6,430.0,390.66,125.0,133.94,240.35,7.17,24325.0,34.85,23.38,33895.9,50362.0
WO-003732,2026-03-23,2026-03,2026-W13,Afternoon,M06,P04,260,224,218,6,430.0,384.88,95.0,103.09,232.86,7.17,22176.0,33.77,12.0,30649.43,45780.0
WO-003733,2026-03-24,2026-03,2026-W13,Morning,M01,P01,399,345,341,4,430.0,380.89,62.0,66.24,345.38,7.17,15180.0,50.08,48.91,21386.66,32054.0
WO-003734,2026-03-24,2026-03,2026-W13,Afternoon,M01,P02,324,283,275,8,430.0,378.34,74.0,80.21,341.2,7.17,16697.0,49.47,33.84,23310.98,34650.0
WO-003735,2026-03-24,2026-03,2026-W13,Morning,M02,P02,316,284,278,6,430.0,381.48,74.0,80.6,264.22,7.17,16756.0,38.31,30.07,23376.05,35028.0
WO-003736,2026-03-24,2026-03,2026-W13,Afternoon,M02,P02,318,256,250,6,430.0,357.13,74.0,83.7,253.58,7.17,15104.0,36.77,53.46,21157.89,31500.0
WO-003737,2026-03-24,2026-03,2026-W13,Morning,M03,P05,448,440,431,9,430.0,413.15,52.0,56.34,439.88,7.17,21120.0,63.78,29.75,29281.2,43962.0
WO-003738,2026-03-24,2026-03,2026-W13,Afternoon,M03,P03,579,550,540,10,430.0,372.51,38.0,40.64,389.4,7.17,14300.0,56.46,14.27,20183.4,30240.0
WO-003739,2026-03-24,2026-03,2026-W13,Morning,M04,P04,253,172,167,5,430.0,304.3,95.0,106.15,251.64,7.17,17028.0,36.49,205.69,23877.84,35070.0
WO-003740,2026-03-24,2026-03,2026-W13,Afternoon,M04,P03,612,418,409,9,430.0,308.18,38.0,44.24,242.05,7.17,10868.0,35.1,59.06,15520.82,22904.0
WO-003741,2026-03-24,2026-03,2026-W13,Morning,M05,P01,373,342,336,6,430.0,391.14,62.0,68.62,226.12,7.17,15048.0,32.79,31.67,21172.12,31584.0
WO-003742,2026-03-24,2026-03,2026-W13,Afternoon,M05,P04,254,206,201,5,430.0,365.81,95.0,106.55,188.52,7.17,20394.0,27.34,12.0,28231.0,42210.0
WO-003743,2026-03-24,2026-03,2026-W13,Morning,M06,P01,371,357,350,7,430.0,412.74,62.0,69.37,239.08,7.17,15708.0,34.67,30.76,22073.09,32900.0
WO-003744,2026-03-24,2026-03,2026-W13,Afternoon,M06,P04,246,226,221,5,430.0,398.83,95.0,105.88,240.99,7.17,22374.0,34.94,57.07,30963.68,46410.0
WO-003745,2026-03-25,2026-03,2026-W13,Morning,M01,P01,379,340,334,6,430.0,389.34,62.0,68.71,353.06,7.17,14960.0,51.19,34.65,21073.51,31396.0
WO-003746,2026-03-25,2026-03,2026-W13,Afternoon,M01,P03,615,561,556,5,430.0,390.98,38.0,41.82,369.85,7.17,14586.0,53.63,76.6,20633.39,31136.0
WO-003747,2026-03-25,2026-03,2026-W13,Morning,M02,P02,319,303,298,5,430.0,412.3,74.0,81.64,279.21,7.17,17877.0,40.48,58.87,24927.02,37548.0
WO-003748,2026-03-25,2026-03,2026-W13,Afternoon,M02,P05,455,361,351,10,430.0,357.23,52.0,59.37,248.4,7.17,17328.0,36.02,27.5,24116.19,35802.0
WO-003749,2026-03-25,2026-03,2026-W13,Morning,M03,P05,466,390,381,9,430.0,369.97,52.0,56.92,389.74,7.17,18720.0,56.51,12.0,26006.18,38862.0
WO-003750,2026-03-25,2026-03,2026-W13,Afternoon,M03,P05,461,412,398,14,430.0,386.42,52.0,56.28,404.47,7.17,19776.0,58.65,45.37,27471.68,40596.0
WO-003751,2026-03-25,2026-03,2026-W13,Morning,M04,P03,601,428,421,7,430.0,306.13,38.0,42.92,257.66,7.17,11128.0,37.36,75.14,15894.16,23576.0
WO-003752,2026-03-25,2026-03,2026-W13,Afternoon,M04,P04,255,179,174,5,430.0,322.76,95.0,108.19,254.26,7.17,17721.0,36.87,114.07,24724.6,36540.0
WO-003753,2026-03-25,2026-03,2026-W13,Morning,M05,P06,193,175,168,7,430.0,396.35,125.0,135.89,218.79,7.17,24325.0,31.72,12.31,33881.7,50064.0
WO-003754,2026-03-25,2026-03,2026-W13,Afternoon,M05,P06,185,157,151,6,430.0,371.82,125.0,142.1,207.29,7.17,21823.0,30.06,17.03,30464.76,44998.0
WO-003755,2026-03-25,2026-03,2026-W13,Morning,M06,P04,248,235,231,4,430.0,398.36,95.0,101.71,249.0,7.17,23265.0,36.11,70.06,32183.84,48510.0
WO-003756,2026-03-25,2026-03,2026-W13,Afternoon,M06,P01,380,360,355,5,430.0,400.8,62.0,66.8,240.12,7.17,15840.0,34.82,22.3,22244.79,33370.0
WO-003757,2026-03-26,2026-03,2026-W13,Morning,M01,P01,364,318,314,4,430.0,349.81,62.0,66.0,320.42,7.17,13992.0,46.46,47.16,19761.29,29516.0
WO-003758,2026-03-26,2026-03,2026-W13,Afternoon,M01,P02,311,274,266,8,430.0,383.3,74.0,83.93,350.97,7.17,16166.0,50.89,39.61,22598.17,33516.0
WO-003759,2026-03-26,2026-03,2026-W13,Morning,M02,P02,308,272,265,7,430.0,364.3,74.0,80.36,255.67,7.17,16048.0,37.07,22.85,22407.59,33390.0
WO-003760,2026-03-26,2026-03,2026-W13,Afternoon,M02,P01,380,327,322,5,430.0,372.86,62.0,68.42,259.58,7.17,14388.0,37.64,16.87,20262.18,30268.0
WO-003761,2026-03-26,2026-03,2026-W13,Morning,M03,P05,432,429,418,11,430.0,394.61,52.0,55.19,417.05,7.17,20592.0,60.47,23.82,28556.96,42636.0
WO-003762,2026-03-26,2026-03,2026-W13,Afternoon,M03,P03,640,546,539,7,430.0,383.54,38.0,42.15,387.73,7.17,14196.0,56.22,44.36,20071.24,30184.0
WO-003763,2026-03-26,2026-03,2026-W13,Morning,M04,P06,180,127,121,6,430.0,313.2,125.0,147.97,254.53,7.17,17653.0,36.91,58.23,24812.8,36058.0
WO-003764,2026-03-26,2026-03,2026-W13,Afternoon,M04,P03,631,441,430,11,430.0,323.09,38.0,43.96,240.53,7.17,11466.0,34.88,78.93,16356.97,24080.0
WO-003765,2026-03-26,2026-03,2026-W13,Morning,M05,P05,467,404,393,11,430.0,374.67,52.0,55.64,204.33,7.17,19392.0,29.63,16.95,26894.25,40086.0
WO-003766,2026-03-26,2026-03,2026-W13,Afternoon,M05,P04,252,213,209,4,430.0,364.19,95.0,102.59,204.36,7.17,21087.0,29.63,35.02,29194.32,43890.0
WO-003767,2026-03-26,2026-03,2026-W13,Morning,M06,P01,404,348,342,6,430.0,388.29,62.0,66.95,243.31,7.17,15312.0,35.28,26.65,21529.59,32148.0
WO-003768,2026-03-26,2026-03,2026-W13,Afternoon,M06,P05,424,407,395,12,430.0,389.75,52.0,57.46,226.09,7.17,19536.0,32.78,18.27,27093.72,40290.0
WO-003769,2026-03-27,2026-03,2026-W13,Morning,M01,P02,313,289,284,5,430.0,400.32,74.0,83.11,368.83,7.17,17051.0,53.48,68.77,23829.92,35784.0
WO-003770,2026-03-27,2026-03,2026-W13,Afternoon,M01,P01,383,326,319,7,430.0,385.61,62.0,70.97,350.48,7.17,14344.0,50.82,53.76,20252.25,29986.0
WO-003771,2026-03-27,2026-03,2026-W13,Morning,M02,P02,329,278,272,6,430.0,375.95,74.0,81.14,259.07,7.17,16402.0,37.57,21.18,22886.41,34272.0
WO-003772,2026-03-27,2026-03,2026-W13,Afternoon,M02,P01,384,316,313,3,430.0,371.69,62.0,70.57,257.38,7.17,13904.0,37.32,36.84,19621.83,29422.0
WO-003773,2026-03-27,2026-03,2026-W13,Afternoon,M03,P01,387,331,326,5,430.0,365.98,62.0,66.34,405.46,7.17,14564.0,58.79,25.92,20532.38,30644.0
WO-003774,2026-03-27,2026-03,2026-W13,Morning,M04,P06,183,131,125,6,430.0,320.59,125.0,146.83,243.74,7.17,18209.0,35.34,95.06,25608.07,37250.0
WO-003775,2026-03-27,2026-03,2026-W13,Afternoon,M04,P03,624,398,387,11,430.0,296.15,38.0,44.65,248.29,7.17,10348.0,36.0,93.52,14846.19,21672.0
WO-003776,2026-03-27,2026-03,2026-W13,Morning,M05,P04,255,230,225,5,430.0,384.87,95.0,100.4,222.58,7.17,22770.0,32.27,22.67,31462.61,47250.0
WO-003777,2026-03-27,2026-03,2026-W13,Afternoon,M05,P01,385,327,320,7,430.0,380.41,62.0,69.8,206.93,7.17,14388.0,30.01,12.0,20249.67,30080.0
WO-003778,2026-03-27,2026-03,2026-W13,Morning,M06,P04,244,234,229,5,430.0,404.78,95.0,103.79,235.41,7.17,23166.0,34.13,63.9,32041.7,48090.0
WO-003779,2026-03-27,2026-03,2026-W13,Afternoon,M06,P04,239,215,210,5,430.0,385.91,95.0,107.7,241.17,7.17,21285.0,34.97,33.35,29465.98,44100.0
WO-003780,2026-03-30,2026-03,2026-W14,Morning,M01,P03,604,539,535,4,430.0,384.09,38.0,42.76,337.33,7.17,14014.0,48.91,40.84,19811.92,29960.0
WO-003781,2026-03-30,2026-03,2026-W14,Afternoon,M01,P02,313,278,269,9,430.0,386.4,74.0,83.4,363.56,7.17,16402.0,52.72,28.78,22909.17,33894.0
WO-003782,2026-03-30,2026-03,2026-W14,Morning,M02,P02,341,267,262,5,430.0,367.81,74.0,82.65,258.65,7.17,15753.0,37.5,37.39,22022.56,33012.0
WO-003783,2026-03-30,2026-03,2026-W14,Afternoon,M02,P01,360,308,302,6,430.0,372.97,62.0,72.66,263.25,7.17,13552.0,38.17,56.8,19162.64,28388.0
WO-003784,2026-03-30,2026-03,2026-W14,Morning,M03,P03,623,575,569,6,430.0,390.57,38.0,40.76,402.62,7.17,14950.0,58.38,12.95,21071.5,31864.0
WO-003785,2026-03-30,2026-03,2026-W14,Afternoon,M03,P01,370,352,345,7,430.0,403.08,62.0,68.71,409.55,7.17,15488.0,59.38,31.29,21798.34,32430.0
WO-003786,2026-03-30,2026-03,2026-W14,Morning,M04,P04,249,180,175,5,430.0,326.55,95.0,108.85,273.12,7.17,17820.0,39.6,108.54,24855.81,36750.0
WO-003787,2026-03-30,2026-03,2026-W14,Afternoon,M04,P04,249,173,166,7,430.0,322.62,95.0,111.89,271.72,7.17,17127.0,39.4,74.66,23883.73,34860.0
WO-003788,2026-03-30,2026-03,2026-W14,Morning,M05,P04,238,224,219,5,430.0,394.15,95.0,105.57,227.77,7.17,22176.0,33.03,61.01,30697.7,45990.0
WO-003789,2026-03-30,2026-03,2026-W14,Afternoon,M05,P05,456,364,356,8,430.0,352.95,52.0,58.18,198.9,7.17,17472.0,28.84,38.27,24314.78,36312.0
WO-003790,2026-03-30,2026-03,2026-W14,Morning,M06,P04,246,226,221,5,430.0,395.65,95.0,105.04,242.61,7.17,22374.0,35.18,36.23,30943.08,46410.0
WO-003791,2026-03-30,2026-03,2026-W14,Afternoon,M06,P06,193,173,166,7,430.0,400.3,125.0,138.83,234.21,7.17,24047.0,33.96,25.62,33517.25,49468.0
WO-003792,2026-03-31,2026-03,2026-W14,Morning,M01,P01,366,344,339,5,430.0,394.5,62.0,68.81,348.39,7.17,15136.0,50.52,12.49,21290.67,31866.0
WO-003793,2026-03-31,2026-03,2026-W14,Afternoon,M01,P01,376,323,314,9,430.0,372.99,62.0,69.29,338.42,7.17,14212.0,49.07,12.0,20028.74,29516.0
WO-003794,2026-03-31,2026-03,2026-W14,Morning,M02,P02,331,269,264,5,430.0,368.49,74.0,82.19,270.49,7.17,15871.0,39.22,17.19,22164.07,33264.0
WO-003795,2026-03-31,2026-03,2026-W14,Afternoon,M02,P01,391,319,313,6,430.0,355.61,62.0,66.89,248.83,7.17,14036.0,36.08,46.37,19810.12,29422.0
WO-003796,2026-03-31,2026-03,2026-W14,Morning,M03,P05,463,435,426,9,430.0,409.08,52.0,56.43,437.43,7.17,20880.0,63.43,12.0,28938.09,43452.0
WO-003797,2026-03-31,2026-03,2026-W14,Afternoon,M03,P01,374,357,351,6,430.0,395.65,62.0,66.5,421.94,7.17,15708.0,61.18,40.62,22109.47,32994.0
WO-003798,2026-03-31,2026-03,2026-W14,Morning,M04,P03,589,431,423,8,430.0,313.23,38.0,43.6,244.66,7.17,11206.0,35.48,63.15,15986.79,23688.0
WO-003799,2026-03-31,2026-03,2026-W14,Afternoon,M04,P03,599,408,397,11,430.0,301.81,38.0,44.38,239.37,7.17,10608.0,34.71,77.43,15183.81,22232.0
WO-003800,2026-03-31,2026-03,2026-W14,Morning,M05,P06,184,175,168,7,430.0,398.9,125.0,136.77,233.65,7.17,24325.0,33.88,12.0,33883.55,50064.0
WO-003801,2026-03-31,2026-03,2026-W14,Afternoon,M05,P01,382,349,342,7,430.0,402.89,62.0,69.26,229.5,7.17,15356.0,33.28,49.51,21610.45,32148.0
WO-003802,2026-03-31,2026-03,2026-W14,Morning,M06,P05,477,439,426,13,430.0,415.17,52.0,56.74,241.09,7.17,21072.0,34.96,20.16,29177.79,43452.0
WO-003803,2026-03-31,2026-03,2026-W14,Afternoon,M06,P01,400,361,353,8,430.0,394.05,62.0,65.49,252.21,7.17,15884.0,36.57,85.58,22369.82,33182.0
WO-003804,2026-04-01,2026-04,2026-W14,Morning,M01,P02,336,282,277,5,430.0,379.75,74.0,80.8,343.44,7.17,16638.0,49.8,12.0,23209.47,34902.0
WO-003805,2026-04-01,2026-04,2026-W14,Afternoon,M01,P02,341,265,259,6,430.0,368.05,74.0,83.33,343.04,7.17,15635.0,49.74,27.38,21864.79,32634.0
WO-003806,2026-04-01,2026-04,2026-W14,Morning,M02,P01,395,336,331,5,430.0,390.15,62.0,69.67,276.13,7.17,14784.0,40.04,12.0,20799.71,31114.0
WO-003807,2026-04-01,2026-04,2026-W14,Afternoon,M02,P01,362,306,300,6,430.0,353.12,62.0,69.24,245.45,7.17,13464.0,35.59,57.85,19041.11,28200.0
WO-003808,2026-04-01,2026-04,2026-W14,Morning,M03,P05,485,420,412,8,430.0,386.76,52.0,55.25,405.46,7.17,20160.0,58.79,75.87,28022.33,42024.0
WO-003809,2026-04-01,2026-04,2026-W14,Afternoon,M03,P03,662,535,525,10,430.0,372.41,38.0,41.77,368.3,7.17,13910.0,53.4,37.08,19670.65,29400.0
WO-003810,2026-04-01,2026-04,2026-W14,Morning,M04,P06,200,138,131,7,430.0,336.96,125.0,146.51,265.88,7.17,19182.0,38.55,100.72,26946.93,39038.0
WO-003811,2026-04-01,2026-04,2026-W14,Afternoon,M04,P03,620,431,423,8,430.0,317.93,38.0,44.26,240.9,7.17,11206.0,34.93,135.57,16058.67,23688.0
WO-003812,2026-04-01,2026-04,2026-W14,Morning,M05,P05,489,383,370,13,430.0,383.52,52.0,60.08,215.9,7.17,18384.0,31.31,29.75,25543.72,37740.0
WO-003813,2026-04-01,2026-04,2026-W14,Afternoon,M05,P04,264,212,206,6,430.0,368.48,95.0,104.29,204.9,7.17,20988.0,29.71,12.0,29037.38,43260.0
WO-003814,2026-04-01,2026-04,2026-W14,Morning,M06,P01,385,334,329,5,430.0,391.25,62.0,70.28,249.08,7.17,14696.0,36.12,61.18,20724.97,30926.0
WO-003815,2026-04-01,2026-04,2026-W14,Afternoon,M06,P04,249,232,226,6,430.0,402.3,95.0,104.04,248.53,7.17,22968.0,36.04,35.57,31747.28,47460.0
WO-003816,2026-04-02,2026-04,2026-W14,Morning,M01,P03,642,585,577,8,430.0,414.15,38.0,42.48,370.05,7.17,15210.0,53.66,31.37,21440.2,32312.0
WO-003817,2026-04-02,2026-04,2026-W14,Afternoon,M01,P03,627,523,517,6,430.0,373.55,38.0,42.86,327.67,7.17,13598.0,47.51,12.0,19213.68,28952.0
WO-003818,2026-04-02,2026-04,2026-W14,Morning,M02,P05,467,400,391,9,430.0,380.32,52.0,57.05,257.92,7.17,19200.0,37.4,28.72,26653.79,39882.0
WO-003819,2026-04-02,2026-04,2026-W14,Afternoon,M02,P01,382,305,300,5,430.0,358.57,62.0,70.54,251.42,7.17,13420.0,36.46,71.87,18996.0,28200.0
WO-003820,2026-04-02,2026-04,2026-W14,Morning,M03,P05,485,425,410,15,430.0,393.74,52.0,55.59,413.97,7.17,20400.0,60.03,26.0,28298.69,41820.0
WO-003821,2026-04-02,2026-04,2026-W14,Afternoon,M03,P05,491,374,364,10,430.0,372.95,52.0,59.83,375.91,7.17,17952.0,54.51,44.48,24996.65,37128.0
WO-003822,2026-04-02,2026-04,2026-W14,Morning,M04,P04,260,180,175,5,430.0,322.81,95.0,107.6,272.65,7.17,17820.0,39.53,138.59,24885.79,36750.0
WO-003823,2026-04-02,2026-04,2026-W14,Afternoon,M04,P04,268,173,167,6,430.0,313.67,95.0,108.79,263.55,7.17,17127.0,38.22,88.54,23896.43,35070.0
WO-003824,2026-04-02,2026-04,2026-W14,Morning,M05,P06,187,176,169,7,430.0,398.58,125.0,135.88,211.23,7.17,24464.0,30.63,15.08,34073.38,50362.0
WO-003825,2026-04-02,2026-04,2026-W14,Afternoon,M05,P01,394,310,304,6,430.0,366.76,62.0,70.99,197.06,7.17,13640.0,28.57,34.09,19250.33,28576.0
WO-003826,2026-04-02,2026-04,2026-W14,Morning,M06,P04,261,239,234,5,430.0,412.68,95.0,103.6,253.17,7.17,23661.0,36.71,87.15,32737.53,49140.0
WO-003827,2026-04-02,2026-04,2026-W14,Afternoon,M06,P01,389,368,360,8,430.0,410.18,62.0,66.88,251.08,7.17,16192.0,36.41,26.37,22730.45,33840.0
WO-003828,2026-04-03,2026-04,2026-W14,Morning,M01,P02,324,274,267,7,430.0,375.88,74.0,82.31,342.49,7.17,16166.0,49.66,26.84,22584.17,33642.0
WO-003829,2026-04-03,2026-04,2026-W14,Afternoon,M01,P03,658,508,499,9,430.0,360.63,38.0,42.59,329.26,7.17,13208.0,47.74,56.2,18725.61,27944.0
WO-003830,2026-04-03,2026-04,2026-W14,Morning,M02,P01,385,332,327,5,430.0,386.53,62.0,69.86,267.27,7.17,14608.0,38.75,23.04,20569.46,30738.0
WO-003831,2026-04-03,2026-04,2026-W14,Afternoon,M02,P01,412,333,327,6,430.0,402.15,62.0,72.46,270.03,7.17,14652.0,39.15,12.0,20618.82,30738.0
WO-003832,2026-04-03,2026-04,2026-W14,Morning,M03,P03,635,559,554,5,430.0,384.26,38.0,41.24,398.86,7.17,14534.0,57.84,59.93,20549.93,31024.0
WO-003833,2026-04-03,2026-04,2026-W14,Afternoon,M03,P05,464,411,400,11,430.0,396.51,52.0,57.88,414.35,7.17,19728.0,60.08,92.81,27455.55,40800.0
WO-003834,2026-04-03,2026-04,2026-W14,Morning,M04,P04,263,182,177,5,430.0,328.64,95.0,108.34,275.36,7.17,18018.0,39.93,106.91,25122.5,37170.0
WO-003835,2026-04-03,2026-04,2026-W14,Afternoon,M04,P06,187,134,126,8,430.0,317.07,125.0,141.97,258.72,7.17,18626.0,37.51,118.25,26203.43,37548.0
WO-003836,2026-04-03,2026-04,2026-W14,Morning,M05,P06,218,169,162,7,430.0,385.15,125.0,136.74,225.32,7.17,23491.0,32.67,35.82,32766.16,48276.0
WO-003837,2026-04-03,2026-04,2026-W14,Afternoon,M05,P01,397,310,306,4,430.0,370.94,62.0,71.8,210.49,7.17,13640.0,30.52,73.4,19291.59,28764.0
WO-003838,2026-04-03,2026-04,2026-W14,Morning,M06,P05,468,429,420,9,430.0,391.61,52.0,54.77,232.78,7.17,20592.0,33.75,47.46,28553.87,42840.0
WO-003839,2026-04-03,2026-04,2026-W14,Afternoon,M06,P05,479,390,380,10,430.0,380.77,52.0,58.58,231.38,7.17,18720.0,33.55,33.12,26004.34,38760.0
WO-003840,2026-04-06,2026-04,2026-W15,Morning,M01,P03,634,559,547,12,430.0,386.24,38.0,41.46,345.77,7.17,14534.0,50.14,12.0,20494.3,30632.0
WO-003841,2026-04-06,2026-04,2026-W15,Afternoon,M01,P02,351,272,266,6,430.0,375.29,74.0,82.79,344.41,7.17,16048.0,49.94,33.17,22430.78,33516.0
WO-003842,2026-04-06,2026-04,2026-W15,Morning,M02,P02,336,269,262,7,430.0,370.77,74.0,82.7,268.11,7.17,15871.0,38.88,37.71,22184.25,33012.0
WO-003843,2026-04-06,2026-04,2026-W15,Afternoon,M02,P02,326,255,247,8,430.0,356.68,74.0,83.93,244.66,7.17,15045.0,35.48,19.97,21043.11,31122.0
WO-003844,2026-04-06,2026-04,2026-W15,Morning,M03,P03,665,581,569,12,430.0,388.3,38.0,40.1,395.33,7.17,15106.0,57.32,59.33,21329.81,31864.0
WO-003845,2026-04-06,2026-04,2026-W15,Afternoon,M03,P03,658,559,549,10,430.0,387.52,38.0,41.59,396.91,7.17,14534.0,57.55,25.7,20515.42,30744.0
WO-003846,2026-04-06,2026-04,2026-W15,Morning,M04,P04,257,169,164,5,430.0,303.82,95.0,107.86,246.57,7.17,16731.0,35.75,65.34,23334.76,34440.0
WO-003847,2026-04-06,2026-04,2026-W15,Afternoon,M04,P04,259,171,166,5,430.0,312.51,95.0,109.65,253.45,7.17,16929.0,36.75,69.88,23608.29,34860.0
WO-003848,2026-04-06,2026-04,2026-W15,Morning,M05,P06,191,173,166,7,430.0,393.21,125.0,136.37,226.33,7.17,24047.0,32.82,39.35,33529.83,49468.0
WO-003849,2026-04-06,2026-04,2026-W15,Afternoon,M05,P01,404,317,310,7,430.0,364.54,62.0,69.0,204.41,7.17,13948.0,29.64,33.48,19670.79,29140.0
WO-003850,2026-04-06,2026-04,2026-W15,Morning,M06,P01,386,370,364,6,430.0,407.47,62.0,66.08,246.91,7.17,16280.0,35.8,12.0,22835.47,34216.0
WO-003851,2026-04-06,2026-04,2026-W15,Afternoon,M06,P06,195,176,169,7,430.0,389.77,125.0,132.88,225.29,7.17,24464.0,32.67,12.79,34073.13,50362.0
WO-003852,2026-04-07,2026-04,2026-W15,Morning,M01,P02,318,295,289,6,430.0,394.95,74.0,80.33,361.3,7.17,17405.0,52.39,31.1,24271.16,36414.0
WO-003853,2026-04-07,2026-04,2026-W15,Afternoon,M01,P02,325,282,279,3,430.0,390.19,74.0,83.02,344.22,7.17,16638.0,49.91,20.37,23217.95,35154.0
WO-003854,2026-04-07,2026-04,2026-W15,Afternoon,M02,P05,472,382,374,8,430.0,374.5,52.0,58.82,269.05,7.17,18336.0,39.01,30.97,25487.65,38148.0
WO-003855,2026-04-07,2026-04,2026-W15,Morning,M03,P05,448,444,435,9,430.0,406.43,52.0,54.92,433.14,7.17,21312.0,62.8,16.25,29526.72,44370.0
WO-003856,2026-04-07,2026-04,2026-W15,Afternoon,M03,P01,397,349,343,6,430.0,393.94,62.0,67.73,405.32,7.17,15356.0,58.77,12.0,21598.44,32242.0
WO-003857,2026-04-07,2026-04,2026-W15,Morning,M04,P04,247,175,169,6,430.0,320.99,95.0,110.05,260.34,7.17,17325.0,37.75,81.9,24157.31,35490.0
WO-003858,2026-04-07,2026-04,2026-W15,Afternoon,M04,P06,186,127,120,7,430.0,317.36,125.0,149.93,260.07,7.17,17653.0,37.71,65.53,24820.91,35760.0
WO-003859,2026-04-07,2026-04,2026-W15,Morning,M05,P01,396,340,334,6,430.0,398.89,62.0,70.39,225.23,7.17,14960.0,32.66,71.06,21091.38,31396.0
WO-003860,2026-04-07,2026-04,2026-W15,Afternoon,M05,P01,380,324,318,6,430.0,371.47,62.0,68.79,206.93,7.17,14256.0,30.0,60.72,20118.4,29892.0
WO-003861,2026-04-07,2026-04,2026-W15,Morning,M06,P04,264,234,230,4,430.0,398.47,95.0,102.17,239.36,7.17,23166.0,34.71,55.91,32034.28,48300.0
WO-003862,2026-04-07,2026-04,2026-W15,Afternoon,M06,P06,201,176,168,8,430.0,395.92,125.0,134.97,231.98,7.17,24464.0,33.64,12.0,34073.3,50064.0
WO-003863,2026-04-08,2026-04,2026-W15,Morning,M01,P01,406,334,330,4,430.0,377.89,62.0,67.89,351.45,7.17,14696.0,50.96,30.01,20708.64,31020.0
WO-003864,2026-04-08,2026-04,2026-W15,Afternoon,M01,P03,623,536,529,7,430.0,368.9,38.0,41.29,343.44,7.17,13936.0,49.8,12.0,19677.47,29624.0
WO-003865,2026-04-08,2026-04,2026-W15,Morning,M02,P05,470,373,365,8,430.0,368.37,52.0,59.26,239.49,7.17,17904.0,34.73,16.24,24883.64,37230.0
WO-003866,2026-04-08,2026-04,2026-W15,Afternoon,M02,P01,426,316,311,5,430.0,377.25,62.0,71.63,257.83,7.17,13904.0,37.39,32.8,19617.85,29234.0
WO-003867,2026-04-08,2026-04,2026-W15,Morning,M03,P01,394,366,362,4,430.0,403.93,62.0,66.22,419.91,7.17,16104.0,60.89,35.92,22644.47,34028.0
WO-003868,2026-04-08,2026-04,2026-W15,Afternoon,M03,P05,474,412,405,7,430.0,384.93,52.0,56.06,397.29,7.17,19776.0,57.61,71.78,27497.05,41310.0
WO-003869,2026-04-08,2026-04,2026-W15,Morning,M04,P04,260,174,168,6,430.0,315.53,95.0,108.8,251.77,7.17,17226.0,36.51,64.34,24004.51,35280.0
WO-003870,2026-04-08,2026-04,2026-W15,Afternoon,M04,P06,206,121,115,6,430.0,299.2,125.0,148.36,238.9,7.17,16819.0,34.64,101.59,23713.9,34270.0
WO-003871,2026-04-08,2026-04,2026-W15,Afternoon,M05,P05,463,398,388,10,430.0,378.85,52.0,57.11,219.29,7.17,19104.0,31.8,25.83,26515.29,39576.0
WO-003872,2026-04-08,2026-04,2026-W15,Morning,M06,P04,255,224,221,3,430.0,391.86,95.0,104.96,235.7,7.17,22176.0,34.18,39.19,30677.04,46410.0
WO-003873,2026-04-08,2026-04,2026-W15,Afternoon,M06,P05,462,391,378,13,430.0,375.82,52.0,57.67,230.63,7.17,18768.0,33.44,19.68,26055.79,38556.0
WO-003874,2026-04-09,2026-04,2026-W15,Morning,M01,P03,649,540,534,6,430.0,380.92,38.0,42.32,350.71,7.17,14040.0,50.85,96.32,19904.83,29904.0
WO-003875,2026-04-09,2026-04,2026-W15,Afternoon,M01,P01,412,326,321,5,430.0,369.93,62.0,68.08,316.28,7.17,14344.0,45.86,64.23,20257.75,30174.0
WO-003876,2026-04-09,2026-04,2026-W15,Morning,M02,P05,472,415,403,12,430.0,385.49,52.0,55.73,274.12,7.17,19920.0,39.75,46.69,27649.1,41106.0
WO-003877,2026-04-09,2026-04,2026-W15,Afternoon,M02,P02,326,273,267,6,430.0,384.89,74.0,84.59,270.69,7.17,16107.0,39.25,70.03,22536.95,33642.0
WO-003878,2026-04-09,2026-04,2026-W15,Morning,M03,P01,392,345,341,4,430.0,379.95,62.0,66.08,384.72,7.17,15180.0,55.78,46.33,21389.78,32054.0
WO-003879,2026-04-09,2026-04,2026-W15,Afternoon,M03,P05,469,411,399,12,430.0,393.0,52.0,57.37,408.04,7.17,19728.0,59.17,44.92,27406.76,40698.0
WO-003880,2026-04-09,2026-04,2026-W15,Morning,M04,P03,577,449,441,8,430.0,321.11,38.0,42.91,265.0,7.17,11674.0,38.42,91.72,16657.32,24696.0
WO-003881,2026-04-09,2026-04,2026-W15,Afternoon,M04,P04,264,162,157,5,430.0,299.85,95.0,111.06,247.2,7.17,16038.0,35.84,67.09,22398.6,32970.0
WO-003882,2026-04-09,2026-04,2026-W15,Morning,M05,P04,252,230,226,4,430.0,398.49,95.0,103.95,234.51,7.17,22770.0,34.0,22.46,31464.13,47460.0
WO-003883,2026-04-09,2026-04,2026-W15,Afternoon,M05,P05,469,362,355,7,430.0,358.82,52.0,59.47,203.95,7.17,17376.0,29.57,21.68,24168.92,36210.0
WO-003884,2026-04-09,2026-04,2026-W15,Morning,M06,P05,462,413,404,9,430.0,386.02,52.0,56.08,234.43,7.17,19824.0,33.99,23.6,27490.26,41208.0
WO-003885,2026-04-09,2026-04,2026-W15,Afternoon,M06,P01,382,347,339,8,430.0,387.72,62.0,67.04,224.99,7.17,15268.0,32.62,46.75,21487.04,31866.0
WO-003886,2026-04-10,2026-04,2026-W15,Morning,M01,P03,637,551,543,8,430.0,390.35,38.0,42.51,352.22,7.17,14326.0,51.07,42.02,20241.26,30408.0
WO-003887,2026-04-10,2026-04,2026-W15,Afternoon,M01,P02,339,252,248,4,430.0,345.93,74.0,82.36,305.92,7.17,14868.0,44.36,23.19,20815.21,31248.0
WO-003888,2026-04-10,2026-04,2026-W15,Morning,M02,P05,442,385,377,8,430.0,371.23,52.0,57.85,267.15,7.17,18480.0,38.74,22.5,25673.9,38454.0
WO-003889,2026-04-10,2026-04,2026-W15,Afternoon,M02,P05,455,376,365,11,430.0,371.72,52.0,59.32,262.62,7.17,18048.0,38.08,51.46,25117.21,37230.0
WO-003890,2026-04-10,2026-04,2026-W15,Morning,M03,P01,394,334,331,3,430.0,371.79,62.0,66.79,379.26,7.17,14696.0,54.99,49.65,20732.31,31114.0
WO-003891,2026-04-10,2026-04,2026-W15,Afternoon,M03,P05,449,402,393,9,430.0,378.1,52.0,56.43,390.82,7.17,19296.0,56.67,26.39,26800.73,40086.0
WO-003892,2026-04-10,2026-04,2026-W15,Morning,M04,P04,261,177,171,6,430.0,325.97,95.0,110.5,257.76,7.17,17523.0,37.38,105.85,24448.89,35910.0
WO-003893,2026-04-10,2026-04,2026-W15,Afternoon,M04,P06,201,126,119,7,430.0,307.04,125.0,146.21,241.82,7.17,17514.0,35.06,117.98,24680.71,35462.0
WO-003894,2026-04-10,2026-04,2026-W15,Morning,M05,P06,207,174,167,7,430.0,387.51,125.0,133.62,227.01,7.17,24186.0,32.92,84.07,33764.66,49766.0
WO-003895,2026-04-10,2026-04,2026-W15,Afternoon,M05,P04,259,201,197,4,430.0,362.2,95.0,108.12,201.56,7.17,19899.0,29.23,115.78,27666.68,41370.0
WO-003896,2026-04-10,2026-04,2026-W15,Morning,M06,P01,389,366,362,4,430.0,413.05,62.0,67.71,248.74,7.17,16104.0,36.07,15.24,22598.97,34028.0
WO-003897,2026-04-10,2026-04,2026-W15,Afternoon,M06,P06,190,180,170,10,430.0,414.51,125.0,138.17,242.31,7.17,25020.0,35.14,38.95,34861.75,50660.0
WO-003898,2026-04-13,2026-04,2026-W16,Morning,M01,P01,419,335,329,6,430.0,375.37,62.0,67.23,320.14,7.17,14740.0,46.42,29.57,20763.65,30926.0
WO-003899,2026-04-13,2026-04,2026-W16,Afternoon,M01,P01,397,343,338,5,430.0,382.57,62.0,66.92,350.64,7.17,15092.0,50.84,103.25,21321.76,31772.0
WO-003900,2026-04-13,2026-04,2026-W16,Morning,M02,P02,326,268,264,4,430.0,368.41,74.0,82.48,264.17,7.17,15812.0,38.31,12.0,22077.97,33264.0
WO-003901,2026-04-13,2026-04,2026-W16,Afternoon,M02,P01,400,325,318,7,430.0,372.79,62.0,68.82,257.6,7.17,14300.0,37.35,19.3,20144.32,29892.0
WO-003902,2026-04-13,2026-04,2026-W16,Morning,M03,P05,482,414,407,7,430.0,392.69,52.0,56.91,412.54,7.17,19872.0,59.82,25.17,27582.65,41514.0
WO-003903,2026-04-13,2026-04,2026-W16,Afternoon,M03,P05,497,380,371,9,430.0,358.8,52.0,56.65,384.36,7.17,18240.0,55.73,12.0,25355.4,37842.0
WO-003904,2026-04-13,2026-04,2026-W16,Morning,M04,P04,248,168,163,5,430.0,313.85,95.0,112.09,246.24,7.17,16632.0,35.7,67.46,23202.83,34230.0
WO-003905,2026-04-13,2026-04,2026-W16,Afternoon,M04,P04,272,190,185,5,430.0,337.71,95.0,106.65,267.8,7.17,18810.0,38.83,95.71,26182.21,38850.0
WO-003906,2026-04-13,2026-04,2026-W16,Morning,M05,P01,413,312,309,3,430.0,362.82,62.0,69.77,207.64,7.17,13728.0,30.11,68.96,19406.73,29046.0
WO-003907,2026-04-13,2026-04,2026-W16,Afternoon,M05,P06,206,163,156,7,430.0,371.26,125.0,136.66,203.13,7.17,22657.0,29.45,98.85,31685.97,46488.0
WO-003908,2026-04-13,2026-04,2026-W16,Morning,M06,P04,253,224,219,5,430.0,391.39,95.0,104.84,231.5,7.17,22176.0,33.57,27.75,30664.99,45990.0
WO-003909,2026-04-13,2026-04,2026-W16,Afternoon,M06,P01,397,339,334,5,430.0,394.51,62.0,69.83,242.77,7.17,14916.0,35.2,71.14,21034.01,31396.0
WO-003910,2026-04-14,2026-04,2026-W16,Morning,M01,P02,340,288,285,3,430.0,391.94,74.0,81.65,356.75,7.17,16992.0,51.73,81.76,23761.16,35910.0
WO-003911,2026-04-14,2026-04,2026-W16,Afternoon,M01,P01,387,317,312,5,430.0,356.89,62.0,67.55,338.36,7.17,13948.0,49.06,40.42,19697.14,29328.0
WO-003912,2026-04-14,2026-04,2026-W16,Morning,M02,P02,335,271,264,7,430.0,367.62,74.0,81.39,242.09,7.17,15989.0,35.1,60.62,22363.39,33264.0
WO-003913,2026-04-14,2026-04,2026-W16,Afternoon,M02,P02,332,257,251,6,430.0,364.64,74.0,85.13,268.07,7.17,15163.0,38.87,45.02,21231.56,31626.0
WO-003914,2026-04-14,2026-04,2026-W16,Morning,M03,P03,616,597,592,5,430.0,395.13,38.0,39.71,413.87,7.17,15522.0,60.01,116.86,21958.03,33152.0
WO-003915,2026-04-14,2026-04,2026-W16,Afternoon,M03,P03,633,586,576,10,430.0,397.41,38.0,40.69,411.67,7.17,15236.0,59.69,61.97,21512.33,32256.0
WO-003916,2026-04-14,2026-04,2026-W16,Morning,M04,P06,206,136,129,7,430.0,316.19,125.0,139.49,257.99,7.17,18904.0,37.41,70.2,26535.28,38442.0
WO-003917,2026-04-14,2026-04,2026-W16,Afternoon,M04,P06,195,130,123,7,430.0,310.44,125.0,143.28,246.52,7.17,18070.0,35.75,119.98,25443.39,36654.0
WO-003918,2026-04-14,2026-04,2026-W16,Morning,M05,P01,425,321,315,6,430.0,373.76,62.0,69.86,207.54,7.17,14124.0,30.09,43.19,19920.95,29610.0
WO-003919,2026-04-14,2026-04,2026-W16,Afternoon,M05,P06,195,160,154,6,430.0,378.24,125.0,141.84,207.24,7.17,22240.0,30.05,14.29,31032.01,45892.0
WO-003920,2026-04-14,2026-04,2026-W16,Morning,M06,P01,400,361,356,5,430.0,403.07,62.0,66.99,252.49,7.17,15884.0,36.61,59.64,22343.92,33464.0
WO-003921,2026-04-14,2026-04,2026-W16,Afternoon,M06,P06,184,165,158,7,430.0,397.2,125.0,144.44,229.2,7.17,22935.0,33.23,90.33,32061.23,47084.0
WO-003922,2026-04-15,2026-04,2026-W16,Morning,M01,P02,333,290,285,5,430.0,390.87,74.0,80.87,345.22,7.17,17110.0,50.06,29.23,23866.96,35910.0
WO-003923,2026-04-15,2026-04,2026-W16,Afternoon,M01,P03,669,523,515,8,430.0,373.72,38.0,42.87,334.48,7.17,13598.0,48.5,25.46,19228.13,28840.0
WO-003924,2026-04-15,2026-04,2026-W16,Morning,M02,P01,401,324,320,4,430.0,384.92,62.0,71.28,263.62,7.17,14256.0,38.22,12.0,20077.89,30080.0
WO-003925,2026-04-15,2026-04,2026-W16,Afternoon,M02,P02,328,274,267,7,430.0,381.52,74.0,83.54,267.79,7.17,16166.0,38.83,12.0,22558.5,33642.0
WO-003926,2026-04-15,2026-04,2026-W16,Morning,M03,P01,365,349,343,6,430.0,394.66,62.0,67.85,404.05,7.17,15356.0,58.59,77.56,21663.82,32242.0
WO-003927,2026-04-15,2026-04,2026-W16,Afternoon,M03,P03,655,596,586,10,430.0,398.34,38.0,40.1,425.63,7.17,15496.0,61.72,12.0,21819.38,32816.0
WO-003928,2026-04-15,2026-04,2026-W16,Morning,M04,P03,651,426,415,11,430.0,307.16,38.0,43.26,246.8,7.17,11076.0,35.79,71.85,15818.31,23240.0
WO-003929,2026-04-15,2026-04,2026-W16,Afternoon,M04,P03,595,425,414,11,430.0,306.81,38.0,43.31,251.58,7.17,11050.0,36.48,80.97,15792.61,23184.0
WO-003930,2026-04-15,2026-04,2026-W16,Morning,M05,P04,252,212,209,3,430.0,375.32,95.0,106.22,203.1,7.17,20988.0,29.45,26.12,29051.23,43890.0
WO-003931,2026-04-15,2026-04,2026-W16,Afternoon,M05,P05,452,380,368,12,430.0,360.37,52.0,56.9,208.1,7.17,18240.0,30.17,52.14,25369.98,37536.0
WO-003932,2026-04-15,2026-04,2026-W16,Morning,M06,P06,200,176,168,8,430.0,403.56,125.0,137.58,251.74,7.17,24464.0,36.5,22.27,34086.44,50064.0
WO-003933,2026-04-15,2026-04,2026-W16,Afternoon,M06,P05,458,410,399,11,430.0,389.23,52.0,56.96,234.18,7.17,19680.0,33.96,24.73,27296.35,40698.0
WO-003934,2026-04-16,2026-04,2026-W16,Morning,M01,P03,600,573,564,9,430.0,382.29,38.0,40.03,363.38,7.17,14898.0,52.69,24.86,21006.72,31584.0
WO-003935,2026-04-16,2026-04,2026-W16,Afternoon,M01,P03,661,546,535,11,430.0,372.97,38.0,40.99,329.87,7.17,14196.0,47.83,55.29,20073.79,29960.0
WO-003936,2026-04-16,2026-04,2026-W16,Morning,M02,P01,409,325,320,5,430.0,376.48,62.0,69.5,274.52,7.17,14300.0,39.81,23.79,20151.26,30080.0
WO-003937,2026-04-16,2026-04,2026-W16,Afternoon,M02,P02,321,262,257,5,430.0,358.48,74.0,82.09,251.05,7.17,15458.0,36.4,14.53,21598.6,32382.0
WO-003938,2026-04-16,2026-04,2026-W16,Morning,M03,P03,627,597,592,5,430.0,412.59,38.0,41.47,442.3,7.17,15522.0,64.13,56.73,21902.03,33152.0
WO-003939,2026-04-16,2026-04,2026-W16,Afternoon,M03,P03,619,524,518,6,430.0,373.57,38.0,42.78,404.14,7.17,13624.0,58.6,19.2,19267.46,29008.0
WO-003940,2026-04-16,2026-04,2026-W16,Morning,M04,P04,257,160,155,5,430.0,291.8,95.0,109.43,233.8,7.17,15840.0,33.9,107.34,22168.91,32550.0
WO-003941,2026-04-16,2026-04,2026-W16,Afternoon,M04,P06,199,121,115,6,430.0,298.55,125.0,148.04,240.02,7.17,16819.0,34.8,104.7,23717.17,34270.0
WO-003942,2026-04-16,2026-04,2026-W16,Morning,M05,P06,203,161,154,7,430.0,375.88,125.0,140.08,206.56,7.17,22379.0,29.95,51.27,31258.88,45892.0
WO-003943,2026-04-16,2026-04,2026-W16,Afternoon,M05,P04,257,199,196,3,430.0,346.47,95.0,104.46,196.95,7.17,19701.0,28.56,48.09,27330.31,41160.0
WO-003944,2026-04-16,2026-04,2026-W16,Morning,M06,P06,188,187,177,10,430.0,417.1,125.0,133.83,250.67,7.17,25993.0,36.35,87.5,36241.52,52746.0
WO-003945,2026-04-16,2026-04,2026-W16,Afternoon,M06,P06,200,179,171,8,430.0,403.98,125.0,135.41,244.55,7.17,24881.0,35.46,34.06,34667.18,50958.0
WO-003946,2026-04-17,2026-04,2026-W16,Morning,M01,P02,319,284,280,4,430.0,395.27,74.0,83.51,364.54,7.17,16756.0,52.86,109.59,23470.12,35280.0
WO-003947,2026-04-17,2026-04,2026-W16,Afternoon,M01,P02,335,274,266,8,430.0,367.47,74.0,80.47,320.37,7.17,16166.0,46.45,144.78,22698.9,33516.0
WO-003948,2026-04-17,2026-04,2026-W16,Morning,M02,P02,314,288,282,6,430.0,386.57,74.0,80.54,284.75,7.17,16992.0,41.29,37.96,23706.92,35532.0
WO-003949,2026-04-17,2026-04,2026-W16,Afternoon,M02,P02,354,258,250,8,430.0,358.61,74.0,83.4,262.76,7.17,15222.0,38.1,87.72,21353.49,31500.0
WO-003950,2026-04-17,2026-04,2026-W16,Morning,M03,P03,606,610,605,5,430.0,404.29,38.0,39.77,415.69,7.17,15860.0,60.27,60.66,22363.6,33880.0
WO-003951,2026-04-17,2026-04,2026-W16,Afternoon,M03,P03,649,568,559,9,430.0,382.73,38.0,40.43,396.66,7.17,14768.0,57.52,110.29,20919.48,31304.0
WO-003952,2026-04-17,2026-04,2026-W16,Morning,M04,P06,183,134,127,7,430.0,322.64,125.0,144.47,253.36,7.17,18626.0,36.74,58.74,26143.14,37846.0
WO-003953,2026-04-17,2026-04,2026-W16,Afternoon,M04,P03,662,400,392,8,430.0,300.89,38.0,45.13,247.6,7.17,10400.0,35.9,94.65,14918.22,21952.0
WO-003954,2026-04-17,2026-04,2026-W16,Morning,M05,P06,200,159,152,7,430.0,364.78,125.0,137.65,203.45,7.17,22101.0,29.5,121.66,30948.83,45296.0
WO-003955,2026-04-17,2026-04,2026-W16,Afternoon,M05,P01,385,306,299,7,430.0,362.66,62.0,71.11,211.74,7.17,13464.0,30.7,26.22,19004.59,28106.0
WO-003956,2026-04-17,2026-04,2026-W16,Morning,M06,P01,393,363,358,5,430.0,397.6,62.0,65.72,245.12,7.17,15972.0,35.54,27.46,22430.67,33652.0
WO-003957,2026-04-17,2026-04,2026-W16,Afternoon,M06,P04,257,231,228,3,430.0,396.63,95.0,103.02,232.4,7.17,22869.0,33.7,19.74,31595.11,47880.0
WO-003958,2026-04-20,2026-04,2026-W17,Morning,M01,P02,323,275,270,5,430.0,377.35,74.0,82.33,349.25,7.17,16225.0,50.64,38.39,22676.7,34020.0
WO-003959,2026-04-20,2026-04,2026-W17,Afternoon,M01,P01,410,329,324,5,430.0,380.54,62.0,69.4,327.7,7.17,14476.0,47.52,41.5,20416.68,30456.0
WO-003960,2026-04-20,2026-04,2026-W17,Morning,M02,P05,489,385,378,7,430.0,374.16,52.0,58.31,263.24,7.17,18480.0,38.17,18.96,25669.79,38556.0
WO-003961,2026-04-20,2026-04,2026-W17,Afternoon,M02,P02,321,254,249,5,430.0,362.16,74.0,85.55,248.64,7.17,14986.0,36.05,12.0,20955.72,31374.0
WO-003962,2026-04-20,2026-04,2026-W17,Morning,M03,P05,449,417,407,10,430.0,398.69,52.0,57.37,407.85,7.17,20016.0,59.14,12.0,27763.8,41514.0
WO-003963,2026-04-20,2026-04,2026-W17,Afternoon,M03,P01,374,337,331,6,430.0,383.2,62.0,68.23,390.12,7.17,14828.0,56.57,82.98,20947.21,31114.0
WO-003964,2026-04-20,2026-04,2026-W17,Morning,M04,P03,613,432,423,9,430.0,306.15,38.0,42.52,243.0,7.17,11232.0,35.23,87.28,16046.18,23688.0
WO-003965,2026-04-20,2026-04,2026-W17,Afternoon,M04,P06,189,137,129,8,430.0,326.23,125.0,142.87,269.33,7.17,19043.0,39.05,181.55,26838.27,38442.0
WO-003966,2026-04-20,2026-04,2026-W17,Morning,M05,P04,261,209,205,4,430.0,367.86,95.0,105.61,208.69,7.17,20691.0,30.26,12.0,28635.93,43050.0
WO-003967,2026-04-20,2026-04,2026-W17,Afternoon,M05,P04,263,208,203,5,430.0,371.45,95.0,107.15,209.96,7.17,20592.0,30.44,12.0,28502.11,42630.0
WO-003968,2026-04-20,2026-04,2026-W17,Morning,M06,P04,263,238,234,4,430.0,405.91,95.0,102.33,252.39,7.17,23562.0,36.6,65.69,32581.96,49140.0
WO-003969,2026-04-20,2026-04,2026-W17,Afternoon,M06,P05,475,399,389,10,430.0,380.19,52.0,57.17,223.22,7.17,19152.0,32.37,104.66,26659.7,39678.0
WO-003970,2026-04-21,2026-04,2026-W17,Morning,M01,P01,370,330,325,5,430.0,376.16,62.0,68.39,331.75,7.17,14520.0,48.1,12.0,20447.77,30550.0
WO-003971,2026-04-21,2026-04,2026-W17,Afternoon,M01,P01,399,335,327,8,430.0,370.75,62.0,66.4,332.1,7.17,14740.0,48.15,17.85,20753.67,30738.0
WO-003972,2026-04-21,2026-04,2026-W17,Morning,M02,P01,369,317,311,6,430.0,368.67,62.0,69.78,260.62,7.17,13948.0,37.79,18.62,19664.07,29234.0
WO-003973,2026-04-21,2026-04,2026-W17,Afternoon,M02,P01,397,328,322,6,430.0,378.28,62.0,69.2,266.64,7.17,14432.0,38.66,42.75,20349.08,30268.0
WO-003974,2026-04-21,2026-04,2026-W17,Morning,M03,P03,639,595,587,8,430.0,413.47,38.0,41.69,417.89,7.17,15470.0,60.59,13.26,21784.02,32872.0
WO-003975,2026-04-21,2026-04,2026-W17,Afternoon,M03,P03,588,585,573,12,430.0,405.39,38.0,41.58,429.59,7.17,15210.0,62.29,76.58,21494.03,32088.0
WO-003976,2026-04-21,2026-04,2026-W17,Morning,M04,P04,255,177,171,6,430.0,311.51,95.0,105.6,253.85,7.17,17523.0,36.81,125.47,24467.94,35910.0
WO-003977,2026-04-21,2026-04,2026-W17,Afternoon,M04,P03,626,398,390,8,430.0,294.93,38.0,44.46,232.35,7.17,10348.0,33.69,56.22,14806.58,21840.0
WO-003978,2026-04-21,2026-04,2026-W17,Morning,M05,P04,247,209,204,5,430.0,370.71,95.0,106.42,200.92,7.17,20691.0,29.13,27.45,28650.25,42840.0
WO-003979,2026-04-21,2026-04,2026-W17,Afternoon,M05,P06,210,158,151,7,430.0,358.32,125.0,136.07,206.73,7.17,21962.0,29.98,27.6,30665.24,44998.0
WO-003980,2026-04-21,2026-04,2026-W17,Morning,M06,P04,253,235,230,5,430.0,403.94,95.0,103.13,243.17,7.17,23265.0,35.26,27.69,32140.62,48300.0
WO-003981,2026-04-21,2026-04,2026-W17,Afternoon,M06,P05,462,388,378,10,430.0,373.03,52.0,57.68,220.92,7.17,18624.0,32.03,46.66,25886.36,38556.0
WO-003982,2026-04-22,2026-04,2026-W17,Morning,M01,P02,343,301,297,4,430.0,402.92,74.0,80.32,373.01,7.17,17759.0,54.09,32.41,24754.17,37422.0
WO-003983,2026-04-22,2026-04,2026-W17,Afternoon,M01,P01,395,319,316,3,430.0,369.8,62.0,69.56,332.88,7.17,14036.0,48.27,27.78,19803.72,29704.0
WO-003984,2026-04-22,2026-04,2026-W17,Morning,M02,P02,328,272,267,5,430.0,380.88,74.0,84.02,274.85,7.17,16048.0,39.85,39.99,22427.51,33642.0
WO-003985,2026-04-22,2026-04,2026-W17,Afternoon,M02,P02,319,263,259,4,430.0,364.86,74.0,83.24,262.59,7.17,15517.0,38.08,107.21,21772.95,32634.0
WO-003986,2026-04-22,2026-04,2026-W17,Morning,M03,P01,388,351,347,4,430.0,402.87,62.0,68.87,400.3,7.17,15444.0,58.04,12.64,21718.35,32618.0
WO-003987,2026-04-22,2026-04,2026-W17,Afternoon,M03,P01,407,339,331,8,430.0,391.56,62.0,69.3,413.72,7.17,14916.0,59.99,12.0,20999.66,31114.0
WO-003988,2026-04-22,2026-04,2026-W17,Morning,M04,P03,636,424,415,9,430.0,309.21,38.0,43.76,248.37,7.17,11024.0,36.01,114.6,15790.28,23240.0
WO-003989,2026-04-22,2026-04,2026-W17,Afternoon,M04,P03,632,429,416,13,430.0,311.42,38.0,43.56,233.26,7.17,11154.0,33.82,78.34,15929.33,23296.0
WO-003990,2026-04-22,2026-04,2026-W17,Morning,M05,P05,466,385,375,10,430.0,382.15,52.0,59.56,223.0,7.17,18480.0,32.34,19.42,25664.43,38250.0
WO-003991,2026-04-22,2026-04,2026-W17,Afternoon,M05,P01,372,338,329,9,430.0,383.96,62.0,68.16,221.08,7.17,14872.0,32.06,12.0,20911.72,30926.0
WO-003992,2026-04-22,2026-04,2026-W17,Morning,M06,P01,398,355,352,3,430.0,393.87,62.0,66.57,248.98,7.17,15620.0,36.1,34.77,21958.54,33088.0
WO-003993,2026-04-22,2026-04,2026-W17,Afternoon,M06,P06,207,172,165,7,430.0,392.1,125.0,136.78,232.02,7.17,23908.0,33.64,24.82,33326.13,49170.0
WO-003994,2026-04-23,2026-04,2026-W17,Morning,M01,P03,639,553,549,4,430.0,373.0,38.0,40.47,329.14,7.17,14378.0,47.73,30.87,20297.76,30744.0
WO-003995,2026-04-23,2026-04,2026-W17,Afternoon,M01,P03,633,539,531,8,430.0,385.1,38.0,42.87,365.65,7.17,14014.0,53.02,33.15,19808.34,29736.0
WO-003996,2026-04-23,2026-04,2026-W17,Morning,M02,P02,309,274,269,5,430.0,369.03,74.0,80.81,260.19,7.17,16166.0,37.73,78.65,22624.05,33894.0
WO-003997,2026-04-23,2026-04,2026-W17,Afternoon,M02,P02,323,242,236,6,430.0,350.09,74.0,86.8,251.3,7.17,14278.0,36.44,27.19,20011.3,29736.0
WO-003998,2026-04-23,2026-04,2026-W17,Morning,M03,P01,400,334,327,7,430.0,390.54,62.0,70.16,400.56,7.17,14696.0,58.08,77.85,20763.6,30738.0
WO-003999,2026-04-23,2026-04,2026-W17,Afternoon,M03,P01,366,349,341,8,430.0,389.84,62.0,67.02,399.83,7.17,15356.0,57.98,12.0,21597.64,32054.0
WO-004000,2026-04-23,2026-04,2026-W17,Morning,M04,P03,678,465,457,8,430.0,327.46,38.0,42.25,256.63,7.17,12090.0,37.21,71.59,17203.97,25592.0
WO-004001,2026-04-23,2026-04,2026-W17,Afternoon,M04,P03,649,453,441,12,430.0,332.78,38.0,44.08,263.29,7.17,11778.0,38.18,123.2,16830.54,24696.0
WO-004002,2026-04-23,2026-04,2026-W17,Morning,M05,P01,397,340,337,3,430.0,388.79,62.0,68.61,221.11,7.17,14960.0,32.06,12.0,21031.73,31678.0
WO-004003,2026-04-23,2026-04,2026-W17,Afternoon,M05,P05,482,374,363,11,430.0,365.86,52.0,58.69,207.9,7.17,17952.0,30.15,62.54,24990.35,37026.0
WO-004004,2026-04-23,2026-04,2026-W17,Morning,M06,P06,199,183,177,6,430.0,406.51,125.0,133.28,254.67,7.17,25437.0,36.93,12.0,35406.59,52746.0
WO-004005,2026-04-23,2026-04,2026-W17,Afternoon,M06,P05,463,385,376,9,430.0,368.95,52.0,57.5,230.9,7.17,18480.0,33.48,15.39,25661.54,38352.0
WO-004006,2026-04-24,2026-04,2026-W17,Morning,M01,P02,304,284,278,6,430.0,382.05,74.0,80.71,361.1,7.17,16756.0,52.36,39.33,23399.36,35028.0
WO-004007,2026-04-24,2026-04,2026-W17,Afternoon,M01,P03,654,555,550,5,430.0,397.91,38.0,43.02,356.09,7.17,14430.0,51.63,52.82,20394.62,30800.0
WO-004008,2026-04-24,2026-04,2026-W17,Morning,M02,P02,332,285,279,6,430.0,383.93,74.0,80.83,282.33,7.17,16815.0,40.94,23.11,23451.71,35154.0
WO-004009,2026-04-24,2026-04,2026-W17,Afternoon,M02,P01,409,309,301,8,430.0,367.61,62.0,71.38,263.99,7.17,13596.0,38.28,13.54,19179.48,28294.0
WO-004010,2026-04-24,2026-04,2026-W17,Morning,M03,P01,390,350,345,5,430.0,398.0,62.0,68.23,411.99,7.17,15400.0,59.74,24.85,21672.26,32430.0
WO-004011,2026-04-24,2026-04,2026-W17,Afternoon,M03,P05,455,429,416,13,430.0,397.38,52.0,55.58,433.92,7.17,20592.0,62.92,45.86,28581.44,42432.0
WO-004012,2026-04-24,2026-04,2026-W17,Morning,M04,P06,196,132,126,6,430.0,324.11,125.0,147.32,255.1,7.17,18348.0,36.99,60.59,25765.25,37548.0
WO-004013,2026-04-24,2026-04,2026-W17,Afternoon,M04,P04,263,166,161,5,430.0,303.98,95.0,109.87,254.24,7.17,16434.0,36.86,68.79,22937.32,33810.0
WO-004014,2026-04-24,2026-04,2026-W17,Morning,M05,P05,469,401,393,8,430.0,382.27,52.0,57.2,213.47,7.17,19248.0,30.95,27.76,26711.39,40086.0
WO-004015,2026-04-24,2026-04,2026-W17,Afternoon,M05,P04,254,222,218,4,430.0,388.49,95.0,105.0,219.38,7.17,21978.0,31.81,14.76,30382.23,45780.0
WO-004016,2026-04-24,2026-04,2026-W17,Morning,M06,P01,370,381,375,6,430.0,417.1,62.0,65.69,252.76,7.17,16764.0,36.65,18.97,23503.29,35250.0
WO-004017,2026-04-24,2026-04,2026-W17,Afternoon,M06,P06,182,175,168,7,430.0,388.88,125.0,133.33,244.02,7.17,24325.0,35.38,33.85,33906.9,50064.0
WO-004018,2026-04-27,2026-04,2026-W18,Morning,M01,P03,639,562,555,7,430.0,379.24,38.0,40.49,337.8,7.17,14612.0,48.98,21.37,20609.02,31080.0
WO-004019,2026-04-27,2026-04,2026-W18,Afternoon,M01,P03,663,540,534,6,430.0,376.28,38.0,41.81,348.49,7.17,14040.0,50.53,89.36,19897.56,29904.0
WO-004020,2026-04-27,2026-04,2026-W18,Morning,M02,P05,444,379,369,10,430.0,361.39,52.0,57.21,248.26,7.17,18192.0,36.0,56.64,25315.31,37638.0
WO-004021,2026-04-27,2026-04,2026-W18,Afternoon,M02,P05,472,376,365,11,430.0,368.26,52.0,58.77,250.23,7.17,18048.0,36.28,36.63,25100.58,37230.0
WO-004022,2026-04-27,2026-04,2026-W18,Morning,M03,P03,658,566,558,8,430.0,397.89,38.0,42.18,437.46,7.17,14716.0,63.43,53.02,20797.12,31248.0
WO-004023,2026-04-27,2026-04,2026-W18,Afternoon,M03,P05,457,415,404,11,430.0,388.18,52.0,56.12,408.18,7.17,19920.0,59.19,29.3,27651.15,41208.0
WO-004024,2026-04-27,2026-04,2026-W18,Morning,M04,P04,245,174,169,5,430.0,303.32,95.0,104.59,260.08,7.17,17226.0,37.71,76.04,24017.41,35490.0
WO-004025,2026-04-27,2026-04,2026-W18,Afternoon,M04,P04,257,170,165,5,430.0,303.69,95.0,107.18,242.56,7.17,16830.0,35.17,58.88,23461.71,34650.0
WO-004026,2026-04-27,2026-04,2026-W18,Morning,M05,P05,484,403,393,10,430.0,381.93,52.0,56.86,206.42,7.17,19344.0,29.93,42.67,26855.26,40086.0
WO-004027,2026-04-27,2026-04,2026-W18,Afternoon,M05,P05,448,368,357,11,430.0,359.58,52.0,58.63,206.07,7.17,17664.0,29.88,20.63,24558.18,36414.0
WO-004028,2026-04-27,2026-04,2026-W18,Afternoon,M06,P06,196,160,153,7,430.0,383.31,125.0,143.74,237.46,7.17,22240.0,34.43,12.0,31034.1,45594.0
WO-004029,2026-04-28,2026-04,2026-W18,Afternoon,M01,P03,620,548,539,9,430.0,378.46,38.0,41.44,351.53,7.17,14248.0,50.97,36.24,20128.88,30184.0
WO-004030,2026-04-28,2026-04,2026-W18,Morning,M02,P05,509,411,399,12,430.0,390.42,52.0,57.0,275.91,7.17,19728.0,40.01,12.0,27354.67,40698.0
WO-004031,2026-04-28,2026-04,2026-W18,Afternoon,M02,P01,393,316,311,5,430.0,369.92,62.0,70.24,272.88,7.17,13904.0,39.57,31.04,19618.27,29234.0
WO-004032,2026-04-28,2026-04,2026-W18,Morning,M03,P05,469,415,404,11,430.0,381.93,52.0,55.22,384.54,7.17,19920.0,55.76,45.83,27664.26,41208.0
WO-004033,2026-04-28,2026-04,2026-W18,Afternoon,M03,P03,672,541,532,9,430.0,373.01,38.0,41.37,389.37,7.17,14066.0,56.46,40.44,19890.06,29792.0
WO-004034,2026-04-28,2026-04,2026-W18,Morning,M04,P03,652,431,426,5,430.0,306.95,38.0,42.73,248.02,7.17,11206.0,35.96,65.56,15989.69,23856.0
WO-004035,2026-04-28,2026-04,2026-W18,Afternoon,M04,P06,182,128,121,7,430.0,313.58,125.0,146.99,247.73,7.17,17792.0,35.92,117.66,25061.25,36058.0
WO-004036,2026-04-28,2026-04,2026-W18,Morning,M05,P04,260,219,215,4,430.0,377.39,95.0,103.39,222.2,7.17,21681.0,32.22,61.15,30027.04,45150.0
WO-004037,2026-04-28,2026-04,2026-W18,Afternoon,M05,P04,246,214,209,5,430.0,392.28,95.0,109.98,212.18,7.17,21186.0,30.77,12.0,29306.43,43890.0
WO-004038,2026-04-28,2026-04,2026-W18,Morning,M06,P04,251,227,222,5,430.0,394.43,95.0,104.26,227.4,7.17,22473.0,32.97,61.76,31100.4,46620.0
WO-004039,2026-04-28,2026-04,2026-W18,Afternoon,M06,P01,386,359,351,8,430.0,406.74,62.0,67.98,250.4,7.17,15796.0,36.31,16.38,22180.35,32994.0
WO-004040,2026-04-29,2026-04,2026-W18,Morning,M01,P01,402,339,333,6,430.0,381.04,62.0,67.44,345.83,7.17,14916.0,50.15,55.51,21033.33,31302.0
WO-004041,2026-04-29,2026-04,2026-W18,Afternoon,M01,P03,632,547,539,8,430.0,383.45,38.0,42.06,366.33,7.17,14222.0,53.12,63.95,20123.24,30184.0
WO-004042,2026-04-29,2026-04,2026-W18,Morning,M02,P05,479,390,385,5,430.0,382.8,52.0,58.89,264.65,7.17,18720.0,38.37,25.21,26001.25,39270.0
WO-004043,2026-04-29,2026-04,2026-W18,Afternoon,M02,P01,393,317,313,4,430.0,366.26,62.0,69.32,267.71,7.17,13948.0,38.82,70.24,19716.73,29422.0
WO-004044,2026-04-29,2026-04,2026-W18,Morning,M03,P03,617,584,581,3,430.0,393.62,38.0,40.44,410.51,7.17,15184.0,59.52,66.35,21445.54,32536.0
WO-004045,2026-04-29,2026-04,2026-W18,Afternoon,M03,P01,393,348,344,4,430.0,390.63,62.0,67.35,409.57,7.17,15312.0,59.39,40.07,21567.13,32336.0
WO-004046,2026-04-29,2026-04,2026-W18,Morning,M04,P04,264,192,186,6,430.0,338.73,95.0,105.85,256.73,7.17,19008.0,37.23,63.14,26416.04,39060.0
WO-004047,2026-04-29,2026-04,2026-W18,Afternoon,M04,P04,248,165,160,5,430.0,297.24,95.0,108.09,218.74,7.17,16335.0,31.72,72.58,22801.96,33600.0
WO-004048,2026-04-29,2026-04,2026-W18,Morning,M05,P05,479,401,392,9,430.0,374.77,52.0,56.08,212.43,7.17,19248.0,30.8,49.95,26733.42,39984.0
WO-004049,2026-04-29,2026-04,2026-W18,Afternoon,M05,P06,200,158,151,7,430.0,373.08,125.0,141.68,209.97,7.17,21962.0,30.44,59.5,30697.61,44998.0
WO-004050,2026-04-29,2026-04,2026-W18,Morning,M06,P01,394,349,344,5,430.0,400.72,62.0,68.89,239.79,7.17,15356.0,34.77,102.55,21664.98,32336.0
WO-004051,2026-04-29,2026-04,2026-W18,Afternoon,M06,P01,385,334,329,5,430.0,381.03,62.0,68.45,233.16,7.17,14696.0,33.81,79.63,20741.1,30926.0
WO-004052,2026-04-30,2026-04,2026-W18,Morning,M01,P03,646,568,562,6,430.0,394.4,38.0,41.66,356.4,7.17,14768.0,51.68,48.32,20851.67,31472.0
WO-004053,2026-04-30,2026-04,2026-W18,Afternoon,M01,P01,387,323,319,4,430.0,371.62,62.0,69.03,329.23,7.17,14212.0,47.74,17.22,20032.62,29986.0
WO-004054,2026-04-30,2026-04,2026-W18,Morning,M02,P02,344,289,283,6,430.0,380.83,74.0,79.07,270.74,7.17,17051.0,39.26,67.77,23814.69,35658.0
WO-004055,2026-04-30,2026-04,2026-W18,Afternoon,M02,P05,466,377,367,10,430.0,368.16,52.0,58.59,263.29,7.17,18096.0,38.18,81.16,25212.0,37434.0
WO-004056,2026-04-30,2026-04,2026-W18,Morning,M03,P05,468,435,422,13,430.0,405.23,52.0,55.89,438.46,7.17,20880.0,63.58,30.86,28957.1,43044.0
WO-004057,2026-04-30,2026-04,2026-W18,Afternoon,M03,P01,392,344,339,5,430.0,388.64,62.0,67.79,398.83,7.17,15136.0,57.83,56.6,21342.1,31866.0
WO-004058,2026-04-30,2026-04,2026-W18,Morning,M04,P04,257,173,169,4,430.0,321.34,95.0,111.45,262.58,7.17,17127.0,38.07,80.61,23888.35,35490.0
WO-004059,2026-04-30,2026-04,2026-W18,Afternoon,M04,P06,196,128,122,6,430.0,310.02,125.0,145.32,240.92,7.17,17792.0,34.93,84.48,25027.08,36356.0
WO-004060,2026-04-30,2026-04,2026-W18,Morning,M05,P06,198,168,160,8,430.0,384.25,125.0,137.23,209.07,7.17,23352.0,30.31,12.0,32549.98,47680.0
WO-004061,2026-04-30,2026-04,2026-W18,Afternoon,M05,P06,190,158,151,7,430.0,376.12,125.0,142.83,199.83,7.17,21962.0,28.98,39.08,30675.72,44998.0
WO-004062,2026-04-30,2026-04,2026-W18,Morning,M06,P06,194,179,172,7,430.0,398.02,125.0,133.41,247.12,7.17,24881.0,35.83,57.58,34691.08,51256.0
WO-004063,2026-04-30,2026-04,2026-W18,Afternoon,M06,P06,198,175,168,7,430.0,398.14,125.0,136.5,229.55,7.17,24325.0,33.28,32.09,33903.04,50064.0
WO-004064,2026-05-01,2026-05,2026-W18,Morning,M01,P01,367,338,333,5,430.0,392.15,62.0,69.61,363.0,7.17,14872.0,52.63,30.55,20950.85,31302.0
WO-004065,2026-05-01,2026-05,2026-W18,Afternoon,M01,P03,647,540,535,5,430.0,374.38,38.0,41.6,333.44,7.17,14040.0,48.35,16.25,19822.26,29960.0
WO-004066,2026-05-01,2026-05,2026-W18,Morning,M02,P02,304,251,247,4,430.0,351.65,74.0,84.06,258.81,7.17,14809.0,37.53,23.92,20729.11,31122.0
WO-004067,2026-05-01,2026-05,2026-W18,Afternoon,M02,P01,368,315,312,3,430.0,370.54,62.0,70.58,272.63,7.17,13860.0,39.53,47.66,19574.86,29328.0
WO-004068,2026-05-01,2026-05,2026-W18,Afternoon,M03,P03,625,577,572,5,430.0,393.86,38.0,40.96,411.9,7.17,15002.0,59.73,30.06,21160.95,32032.0
WO-004069,2026-05-01,2026-05,2026-W18,Morning,M04,P04,241,185,180,5,430.0,326.16,95.0,105.78,268.93,7.17,18315.0,39.0,59.89,25476.55,37800.0
WO-004070,2026-05-01,2026-05,2026-W18,Afternoon,M04,P04,249,170,164,6,430.0,313.6,95.0,110.68,250.92,7.17,16830.0,36.38,124.51,23528.56,34440.0
WO-004071,2026-05-01,2026-05,2026-W18,Morning,M05,P05,440,396,388,8,430.0,367.26,52.0,55.65,210.92,7.17,19008.0,30.58,46.22,26404.47,39576.0
WO-004072,2026-05-01,2026-05,2026-W18,Afternoon,M05,P05,451,386,377,9,430.0,374.0,52.0,58.14,211.22,7.17,18528.0,30.63,27.3,25735.59,38454.0
WO-004073,2026-05-01,2026-05,2026-W18,Morning,M06,P06,186,174,165,9,430.0,400.51,125.0,138.11,241.98,7.17,24186.0,35.09,41.5,33724.25,49170.0
WO-004074,2026-05-01,2026-05,2026-W18,Afternoon,M06,P05,455,421,410,11,430.0,404.66,52.0,57.67,237.21,7.17,20208.0,34.4,106.33,28093.39,41820.0
WO-004075,2026-05-04,2026-05,2026-W19,Morning,M01,P02,325,284,279,5,430.0,384.56,74.0,81.25,335.67,7.17,16756.0,48.67,37.45,23393.79,35154.0
WO-004076,2026-05-04,2026-05,2026-W19,Afternoon,M01,P03,608,554,545,9,430.0,380.88,38.0,41.25,345.5,7.17,14404.0,50.1,12.0,20316.76,30520.0
WO-004077,2026-05-04,2026-05,2026-W19,Morning,M02,P01,397,320,315,5,430.0,370.45,62.0,69.46,255.79,7.17,14080.0,37.09,33.34,19858.1,29610.0
WO-004078,2026-05-04,2026-05,2026-W19,Afternoon,M02,P02,298,261,255,6,430.0,366.03,74.0,84.14,259.68,7.17,15399.0,37.65,12.0,21517.32,32130.0
WO-004079,2026-05-04,2026-05,2026-W19,Morning,M03,P05,453,424,411,13,430.0,389.64,52.0,55.14,421.81,7.17,20352.0,61.16,15.28,28224.11,41922.0
WO-004080,2026-05-04,2026-05,2026-W19,Afternoon,M03,P03,602,567,559,8,430.0,391.04,38.0,41.38,419.25,7.17,14742.0,60.79,31.41,20808.37,31304.0
WO-004081,2026-05-04,2026-05,2026-W19,Morning,M04,P06,199,136,129,7,430.0,322.94,125.0,142.47,267.92,7.17,18904.0,38.85,73.21,26539.72,38442.0
WO-004082,2026-05-04,2026-05,2026-W19,Afternoon,M04,P03,606,444,438,6,430.0,318.47,38.0,43.04,254.04,7.17,11544.0,36.84,76.84,16463.34,24528.0
WO-004083,2026-05-04,2026-05,2026-W19,Morning,M05,P04,238,223,218,5,430.0,393.01,95.0,105.74,224.14,7.17,22077.0,32.5,17.71,30519.88,45780.0
WO-004084,2026-05-04,2026-05,2026-W19,Afternoon,M05,P01,395,331,325,6,430.0,382.58,62.0,69.35,221.02,7.17,14564.0,32.05,60.25,20539.97,30550.0
WO-004085,2026-05-04,2026-05,2026-W19,Morning,M06,P01,386,337,331,6,430.0,385.64,62.0,68.66,244.51,7.17,14828.0,35.45,53.36,20896.48,31114.0
WO-004086,2026-05-04,2026-05,2026-W19,Afternoon,M06,P06,196,176,169,7,430.0,401.81,125.0,136.98,239.28,7.17,24464.0,34.69,19.71,34082.07,50362.0
WO-004087,2026-05-05,2026-05,2026-W19,Morning,M01,P01,398,346,341,5,430.0,394.34,62.0,68.38,346.47,7.17,15224.0,50.24,12.77,21410.67,32054.0
WO-004088,2026-05-05,2026-05,2026-W19,Afternoon,M01,P02,314,268,263,5,430.0,377.6,74.0,84.54,341.34,7.17,15812.0,49.49,16.55,22093.71,33138.0
WO-004089,2026-05-05,2026-05,2026-W19,Morning,M02,P02,316,281,274,7,430.0,370.48,74.0,79.11,258.84,7.17,16579.0,37.53,40.97,23146.17,34524.0
WO-004090,2026-05-05,2026-05,2026-W19,Afternoon,M02,P05,457,383,374,9,430.0,369.01,52.0,57.81,266.31,7.17,18384.0,38.62,29.87,25551.15,38148.0
WO-004091,2026-05-05,2026-05,2026-W19,Morning,M03,P03,642,572,564,8,430.0,392.6,38.0,41.18,425.28,7.17,14872.0,61.66,21.73,20977.06,31584.0
WO-004092,2026-05-05,2026-05,2026-W19,Afternoon,M03,P03,646,575,565,10,430.0,386.91,38.0,40.37,414.82,7.17,14950.0,60.15,12.0,21072.32,31640.0
WO-004093,2026-05-05,2026-05,2026-W19,Morning,M04,P06,202,133,127,6,430.0,308.32,125.0,139.09,250.18,7.17,18487.0,36.28,65.31,25959.25,37846.0
WO-004094,2026-05-05,2026-05,2026-W19,Afternoon,M04,P03,619,428,417,11,430.0,319.54,38.0,44.79,266.63,7.17,11128.0,38.66,71.86,15892.19,23352.0
WO-004095,2026-05-05,2026-05,2026-W19,Morning,M05,P06,189,165,158,7,430.0,371.33,125.0,135.03,208.18,7.17,22935.0,30.19,32.48,32000.34,47084.0
WO-004096,2026-05-05,2026-05,2026-W19,Afternoon,M05,P06,190,167,159,8,430.0,377.91,125.0,135.78,207.51,7.17,23213.0,30.09,20.08,32367.83,47382.0
WO-004097,2026-05-05,2026-05,2026-W19,Morning,M06,P04,267,230,226,4,430.0,395.95,95.0,103.29,236.25,7.17,22770.0,34.26,40.29,31482.21,47460.0
WO-004098,2026-05-05,2026-05,2026-W19,Afternoon,M06,P06,190,167,161,6,430.0,389.12,125.0,139.8,236.19,7.17,23213.0,34.25,36.67,32388.58,47978.0
WO-004099,2026-05-06,2026-05,2026-W19,Morning,M01,P02,338,272,265,7,430.0,384.59,74.0,84.84,345.91,7.17,16048.0,50.16,17.22,22415.04,33390.0
WO-004100,2026-05-06,2026-05,2026-W19,Afternoon,M01,P02,323,273,269,4,430.0,374.78,74.0,82.37,328.86,7.17,16107.0,47.69,115.31,22590.66,33894.0
WO-004101,2026-05-06,2026-05,2026-W19,Morning,M02,P02,324,265,260,5,430.0,369.23,74.0,83.6,257.57,7.17,15635.0,37.35,81.16,21906.18,32760.0
WO-004102,2026-05-06,2026-05,2026-W19,Afternoon,M02,P01,361,334,328,6,430.0,381.27,62.0,68.49,282.66,7.17,14696.0,40.99,39.58,20708.24,30832.0
WO-004103,2026-05-06,2026-05,2026-W19,Morning,M03,P03,600,616,610,6,430.0,417.1,38.0,40.63,446.36,7.17,16016.0,64.72,45.7,22566.08,34160.0
WO-004104,2026-05-06,2026-05,2026-W19,Afternoon,M03,P03,623,542,532,10,430.0,380.56,38.0,42.13,407.2,7.17,14092.0,59.04,17.76,19905.47,29792.0
WO-004105,2026-05-06,2026-05,2026-W19,Morning,M04,P06,193,137,130,7,430.0,332.36,125.0,145.56,276.25,7.17,19043.0,40.06,86.72,26744.44,38740.0
WO-004106,2026-05-06,2026-05,2026-W19,Afternoon,M04,P04,253,171,165,6,430.0,309.2,95.0,108.49,257.8,7.17,16929.0,37.38,64.0,23603.04,34650.0
WO-004107,2026-05-06,2026-05,2026-W19,Morning,M05,P05,477,446,436,10,430.0,409.94,52.0,55.15,235.64,7.17,21408.0,34.17,46.39,29658.22,44472.0
WO-004108,2026-05-06,2026-05,2026-W19,Afternoon,M05,P06,201,166,158,8,430.0,376.74,125.0,136.17,209.79,7.17,23074.0,30.42,48.04,32206.12,47084.0
WO-004109,2026-05-06,2026-05,2026-W19,Morning,M06,P06,190,176,169,7,430.0,378.12,125.0,128.91,219.55,7.17,24464.0,31.83,32.97,34092.47,50362.0
WO-004110,2026-05-06,2026-05,2026-W19,Afternoon,M06,P06,201,165,158,7,430.0,388.24,125.0,141.18,232.2,7.17,22935.0,33.67,35.0,32006.33,47084.0
WO-004111,2026-05-07,2026-05,2026-W19,Morning,M01,P01,381,338,334,4,430.0,379.89,62.0,67.44,342.83,7.17,14872.0,49.71,28.05,20945.43,31396.0
WO-004112,2026-05-07,2026-05,2026-W19,Afternoon,M01,P02,334,282,276,6,430.0,380.89,74.0,81.04,350.7,7.17,16638.0,50.85,36.0,23234.52,34776.0
WO-004113,2026-05-07,2026-05,2026-W19,Morning,M02,P02,341,276,268,8,430.0,378.87,74.0,82.36,267.75,7.17,16284.0,38.82,73.84,22780.33,33768.0
WO-004114,2026-05-07,2026-05,2026-W19,Afternoon,M02,P01,371,317,313,4,430.0,369.22,62.0,69.88,253.38,7.17,13948.0,36.74,53.72,19698.13,29422.0
WO-004115,2026-05-07,2026-05,2026-W19,Morning,M03,P05,467,414,405,9,430.0,384.36,52.0,55.7,405.0,7.17,19872.0,58.72,54.35,27610.75,41310.0
WO-004116,2026-05-07,2026-05,2026-W19,Afternoon,M03,P03,642,542,533,9,430.0,381.91,38.0,42.28,402.01,7.17,14092.0,58.29,49.29,19936.25,29848.0
WO-004117,2026-05-07,2026-05,2026-W19,Morning,M04,P03,648,416,408,8,430.0,306.09,38.0,44.15,255.77,7.17,10816.0,37.09,97.42,15490.17,22848.0
WO-004118,2026-05-07,2026-05,2026-W19,Afternoon,M04,P04,248,172,167,5,430.0,315.15,95.0,109.93,249.44,7.17,17028.0,36.17,124.46,23796.3,35070.0
WO-004119,2026-05-07,2026-05,2026-W19,Morning,M05,P01,388,339,334,5,430.0,382.08,62.0,67.62,207.45,7.17,14916.0,30.08,17.25,20974.99,31396.0
WO-004120,2026-05-07,2026-05,2026-W19,Afternoon,M05,P01,375,328,322,6,430.0,385.42,62.0,70.5,214.91,7.17,14432.0,31.16,15.68,20314.51,30268.0
WO-004121,2026-05-07,2026-05,2026-W19,Morning,M06,P01,382,339,333,6,430.0,387.08,62.0,68.51,237.46,7.17,14916.0,34.43,34.46,20996.56,31302.0
WO-004122,2026-05-07,2026-05,2026-W19,Afternoon,M06,P05,439,385,376,9,430.0,374.83,52.0,58.42,223.63,7.17,18480.0,32.43,37.46,25682.55,38352.0
WO-004123,2026-05-08,2026-05,2026-W19,Morning,M01,P01,403,343,340,3,430.0,381.4,62.0,66.72,348.09,7.17,15092.0,50.47,55.98,21274.12,31960.0
WO-004124,2026-05-08,2026-05,2026-W19,Afternoon,M01,P02,312,274,267,7,430.0,379.29,74.0,83.06,349.6,7.17,16166.0,50.69,33.0,22591.36,33642.0
WO-004125,2026-05-08,2026-05,2026-W19,Morning,M02,P02,301,262,258,4,430.0,357.84,74.0,81.95,242.96,7.17,15458.0,35.23,12.0,21594.9,32508.0
WO-004126,2026-05-08,2026-05,2026-W19,Afternoon,M02,P05,416,395,387,8,430.0,374.54,52.0,56.89,276.0,7.17,18960.0,40.02,37.78,26340.46,39474.0
WO-004127,2026-05-08,2026-05,2026-W19,Morning,M03,P05,459,432,421,11,430.0,394.38,52.0,54.77,427.31,7.17,20736.0,61.96,34.12,28763.75,42942.0
WO-004128,2026-05-08,2026-05,2026-W19,Afternoon,M03,P01,385,346,338,8,430.0,391.62,62.0,67.91,422.28,7.17,15224.0,61.23,22.95,21431.85,31772.0
WO-004129,2026-05-08,2026-05,2026-W19,Morning,M04,P04,251,197,192,5,430.0,345.64,95.0,105.27,273.94,7.17,19503.0,39.72,71.17,27096.56,40320.0
WO-004130,2026-05-08,2026-05,2026-W19,Afternoon,M04,P03,642,436,426,10,430.0,309.52,38.0,42.6,246.22,7.17,11336.0,35.7,66.85,16168.22,23856.0
WO-004131,2026-05-08,2026-05,2026-W19,Morning,M05,P05,470,395,384,11,430.0,379.05,52.0,57.58,215.33,7.17,18960.0,31.22,43.05,26336.94,39168.0
WO-004132,2026-05-08,2026-05,2026-W19,Afternoon,M05,P04,252,202,197,5,430.0,360.28,95.0,107.01,204.39,7.17,19998.0,29.64,40.5,27725.8,41370.0
WO-004133,2026-05-08,2026-05,2026-W19,Morning,M06,P01,388,338,333,5,430.0,396.0,62.0,70.3,247.14,7.17,14872.0,35.83,35.29,20938.8,31302.0
WO-004134,2026-05-08,2026-05,2026-W19,Afternoon,M06,P06,200,173,166,7,430.0,387.31,125.0,134.33,245.78,7.17,24047.0,35.64,24.16,33517.46,49468.0
WO-004135,2026-05-11,2026-05,2026-W20,Morning,M01,P02,308,283,279,4,430.0,387.67,74.0,82.19,335.11,7.17,16697.0,48.59,37.22,23313.48,35154.0
WO-004136,2026-05-11,2026-05,2026-W20,Afternoon,M01,P01,390,339,332,7,430.0,395.35,62.0,69.97,351.63,7.17,14916.0,50.99,32.58,21011.23,31208.0
WO-004137,2026-05-11,2026-05,2026-W20,Morning,M02,P02,321,263,259,4,430.0,383.08,74.0,87.4,261.46,7.17,15517.0,37.91,55.58,21721.15,32634.0
WO-004138,2026-05-11,2026-05,2026-W20,Afternoon,M02,P05,488,376,367,9,430.0,367.27,52.0,58.61,264.31,7.17,18048.0,38.32,70.39,25136.39,37434.0
WO-004139,2026-05-11,2026-05,2026-W20,Afternoon,M03,P01,413,324,319,5,430.0,386.55,62.0,71.58,373.13,7.17,14256.0,54.1,14.46,20096.23,29986.0
WO-004140,2026-05-11,2026-05,2026-W20,Morning,M04,P04,259,170,165,5,430.0,314.17,95.0,110.88,241.73,7.17,16830.0,35.05,98.31,23501.02,34650.0
WO-004141,2026-05-11,2026-05,2026-W20,Afternoon,M04,P03,591,452,439,13,430.0,330.27,38.0,43.84,264.82,7.17,11752.0,38.4,82.59,16754.66,24584.0
WO-004142,2026-05-11,2026-05,2026-W20,Morning,M05,P01,383,333,328,5,430.0,380.0,62.0,68.47,210.34,7.17,14652.0,30.5,17.25,20615.42,30832.0
WO-004143,2026-05-11,2026-05,2026-W20,Afternoon,M05,P01,383,325,319,6,430.0,366.43,62.0,67.65,210.09,7.17,14300.0,30.46,12.0,20130.13,29986.0
WO-004144,2026-05-11,2026-05,2026-W20,Morning,M06,P01,399,353,348,5,430.0,402.02,62.0,68.33,248.43,7.17,15532.0,36.02,12.0,21815.69,32712.0
WO-004145,2026-05-11,2026-05,2026-W20,Afternoon,M06,P05,451,420,407,13,430.0,392.51,52.0,56.07,232.06,7.17,20160.0,33.65,50.75,27972.07,41514.0
WO-004146,2026-05-12,2026-05,2026-W20,Morning,M01,P03,642,542,537,5,430.0,381.39,38.0,42.22,352.23,7.17,14092.0,51.07,12.0,19891.74,30072.0
WO-004147,2026-05-12,2026-05,2026-W20,Afternoon,M01,P03,606,515,511,4,430.0,366.37,38.0,42.68,344.2,7.17,13390.0,49.91,62.34,18982.41,28616.0
WO-004148,2026-05-12,2026-05,2026-W20,Morning,M02,P02,334,285,279,6,430.0,388.45,74.0,81.78,269.07,7.17,16815.0,39.01,35.23,23461.91,35154.0
WO-004149,2026-05-12,2026-05,2026-W20,Afternoon,M02,P05,420,391,382,9,430.0,383.59,52.0,58.86,258.49,7.17,18768.0,37.48,30.19,26070.34,38964.0
WO-004150,2026-05-12,2026-05,2026-W20,Morning,M03,P05,457,412,401,11,430.0,392.78,52.0,57.2,401.62,7.17,19776.0,58.23,39.74,27465.64,40902.0
WO-004151,2026-05-12,2026-05,2026-W20,Afternoon,M03,P01,395,338,330,8,430.0,369.33,62.0,65.56,384.42,7.17,14872.0,55.74,67.11,20990.51,31020.0
WO-004152,2026-05-12,2026-05,2026-W20,Morning,M04,P04,270,169,164,5,430.0,309.88,95.0,110.02,254.19,7.17,16731.0,36.86,64.73,23335.26,34440.0
WO-004153,2026-05-12,2026-05,2026-W20,Afternoon,M04,P04,248,165,160,5,430.0,304.33,95.0,110.66,245.94,7.17,16335.0,35.66,81.86,22815.19,33600.0
WO-004154,2026-05-12,2026-05,2026-W20,Morning,M05,P06,196,167,160,7,430.0,389.21,125.0,139.84,203.57,7.17,23213.0,29.52,17.23,32364.42,47680.0
WO-004155,2026-05-12,2026-05,2026-W20,Afternoon,M05,P05,466,391,382,9,430.0,383.25,52.0,58.81,221.5,7.17,18768.0,32.12,19.69,26054.48,38964.0
WO-004156,2026-05-12,2026-05,2026-W20,Morning,M06,P01,388,361,355,6,430.0,404.65,62.0,67.25,237.94,7.17,15884.0,34.5,103.41,22385.58,33370.0
WO-004157,2026-05-12,2026-05,2026-W20,Afternoon,M06,P05,470,404,393,11,430.0,389.56,52.0,57.86,240.37,7.17,19392.0,34.85,12.0,26894.52,40086.0
WO-004158,2026-05-13,2026-05,2026-W20,Morning,M01,P01,391,341,336,5,430.0,392.08,62.0,68.99,352.21,7.17,15004.0,51.07,70.33,21169.06,31584.0
WO-004159,2026-05-13,2026-05,2026-W20,Afternoon,M01,P01,385,328,321,7,430.0,376.16,62.0,68.81,341.36,7.17,14432.0,49.5,22.0,20339.17,30174.0
WO-004160,2026-05-13,2026-05,2026-W20,Morning,M02,P05,432,407,397,10,430.0,393.29,52.0,57.98,275.98,7.17,19536.0,40.02,19.61,27102.29,40494.0
WO-004161,2026-05-13,2026-05,2026-W20,Afternoon,M02,P02,336,261,256,5,430.0,366.73,74.0,84.31,262.65,7.17,15399.0,38.08,96.07,21601.82,32256.0
WO-004162,2026-05-13,2026-05,2026-W20,Morning,M03,P03,642,542,534,8,430.0,379.45,38.0,42.01,400.86,7.17,14092.0,58.12,21.62,19908.42,29904.0
WO-004163,2026-05-13,2026-05,2026-W20,Afternoon,M03,P05,479,391,382,9,430.0,386.87,52.0,59.37,403.56,7.17,18768.0,58.52,25.53,26086.71,38964.0
WO-004164,2026-05-13,2026-05,2026-W20,Morning,M04,P06,196,128,122,6,430.0,301.91,125.0,141.52,242.26,7.17,17792.0,35.13,87.18,25029.97,36356.0
WO-004165,2026-05-13,2026-05,2026-W20,Afternoon,M04,P03,642,438,430,8,430.0,323.64,38.0,44.33,258.89,7.17,11388.0,37.54,89.31,16263.51,24080.0
WO-004166,2026-05-13,2026-05,2026-W20,Morning,M05,P05,471,394,384,10,430.0,379.82,52.0,57.84,218.27,7.17,18912.0,31.65,12.0,26241.32,39168.0
WO-004167,2026-05-13,2026-05,2026-W20,Afternoon,M05,P01,405,324,319,5,430.0,363.13,62.0,67.25,206.48,7.17,14256.0,29.94,18.68,20076.29,29986.0
WO-004168,2026-05-13,2026-05,2026-W20,Morning,M06,P06,190,184,177,7,430.0,417.1,125.0,136.01,243.78,7.17,25576.0,35.35,18.93,35601.95,52746.0
WO-004169,2026-05-13,2026-05,2026-W20,Afternoon,M06,P04,248,221,215,6,430.0,372.84,95.0,101.22,223.93,7.17,21879.0,32.47,33.14,30267.28,45150.0
WO-004170,2026-05-14,2026-05,2026-W20,Morning,M01,P03,601,544,536,8,430.0,376.15,38.0,41.49,338.36,7.17,14144.0,49.06,41.74,19990.47,30016.0
WO-004171,2026-05-14,2026-05,2026-W20,Afternoon,M01,P02,318,263,256,7,430.0,361.11,74.0,82.38,322.5,7.17,15517.0,46.76,12.91,21687.33,32256.0
WO-004172,2026-05-14,2026-05,2026-W20,Morning,M02,P02,324,262,256,6,430.0,364.62,74.0,83.5,260.37,7.17,15458.0,37.75,97.88,21683.3,32256.0
WO-004173,2026-05-14,2026-05,2026-W20,Afternoon,M02,P01,383,318,312,6,430.0,367.48,62.0,69.34,260.17,7.17,13992.0,37.73,12.0,19717.39,29328.0
WO-004174,2026-05-14,2026-05,2026-W20,Morning,M03,P01,390,363,359,4,430.0,404.22,62.0,66.81,408.12,7.17,15972.0,59.18,30.66,22457.51,33746.0
WO-004175,2026-05-14,2026-05,2026-W20,Afternoon,M03,P05,466,385,376,9,430.0,369.06,52.0,57.52,409.28,7.17,18480.0,59.35,12.0,25684.01,38352.0
WO-004176,2026-05-14,2026-05,2026-W20,Morning,M04,P04,247,172,168,4,430.0,311.25,95.0,108.57,265.4,7.17,17028.0,38.48,164.3,23838.45,35280.0
WO-004177,2026-05-14,2026-05,2026-W20,Afternoon,M04,P04,256,158,152,6,430.0,292.28,95.0,110.99,240.01,7.17,15642.0,34.8,110.96,21905.43,31920.0
WO-004178,2026-05-14,2026-05,2026-W20,Morning,M05,P04,254,211,206,5,430.0,371.57,95.0,105.66,209.0,7.17,20889.0,30.3,12.0,28903.97,43260.0
WO-004179,2026-05-14,2026-05,2026-W20,Afternoon,M05,P04,249,216,211,5,430.0,375.48,95.0,104.3,203.29,7.17,21384.0,29.48,36.68,29597.82,44310.0
WO-004180,2026-05-14,2026-05,2026-W20,Morning,M06,P04,228,237,234,3,430.0,415.73,95.0,105.25,246.68,7.17,23463.0,35.77,12.0,32393.43,49140.0
WO-004181,2026-05-14,2026-05,2026-W20,Afternoon,M06,P05,451,402,392,10,430.0,380.78,52.0,56.83,225.22,7.17,19296.0,32.66,41.37,26791.7,39984.0
WO-004182,2026-05-15,2026-05,2026-W20,Morning,M01,P01,383,336,330,6,430.0,376.38,62.0,67.21,341.9,7.17,14784.0,49.58,87.68,20884.92,31020.0
WO-004183,2026-05-15,2026-05,2026-W20,Afternoon,M01,P02,311,272,265,7,430.0,379.71,74.0,83.76,343.13,7.17,16048.0,49.75,45.83,22443.25,33390.0
WO-004184,2026-05-15,2026-05,2026-W20,Morning,M02,P01,400,344,337,7,430.0,388.81,62.0,67.82,273.21,7.17,15136.0,39.62,38.27,21305.55,31678.0
WO-004185,2026-05-15,2026-05,2026-W20,Afternoon,M02,P05,453,386,377,9,430.0,367.22,52.0,57.08,255.66,7.17,18528.0,37.07,26.46,25741.2,38454.0
WO-004186,2026-05-15,2026-05,2026-W20,Morning,M03,P05,482,431,422,9,430.0,393.23,52.0,54.74,414.36,7.17,20688.0,60.08,41.68,28704.43,43044.0
WO-004187,2026-05-15,2026-05,2026-W20,Afternoon,M03,P01,409,340,336,4,430.0,384.73,62.0,67.89,398.8,7.17,14960.0,57.83,12.0,21057.49,31584.0
WO-004188,2026-05-15,2026-05,2026-W20,Morning,M04,P03,628,451,441,10,430.0,316.22,38.0,42.07,250.15,7.17,11726.0,36.27,108.42,16742.85,24696.0
WO-004189,2026-05-15,2026-05,2026-W20,Afternoon,M04,P04,264,173,169,4,430.0,315.53,95.0,109.43,253.66,7.17,17127.0,36.78,74.53,23880.98,35490.0
WO-004190,2026-05-15,2026-05,2026-W20,Morning,M05,P05,459,409,400,9,430.0,395.23,52.0,57.98,221.34,7.17,19632.0,32.09,26.24,27231.0,40800.0
WO-004191,2026-05-15,2026-05,2026-W20,Afternoon,M05,P04,254,211,206,5,430.0,378.43,95.0,107.61,212.3,7.17,20889.0,30.78,34.34,28926.79,43260.0
WO-004192,2026-05-15,2026-05,2026-W20,Morning,M06,P06,185,177,169,8,430.0,406.18,125.0,137.69,250.92,7.17,24603.0,36.38,48.19,34302.24,50362.0
WO-004193,2026-05-15,2026-05,2026-W20,Afternoon,M06,P01,376,344,338,6,430.0,397.89,62.0,69.4,252.14,7.17,15136.0,36.56,22.84,21287.07,31772.0
WO-004194,2026-05-18,2026-05,2026-W21,Morning,M01,P02,305,277,271,6,430.0,377.56,74.0,81.78,321.76,7.17,16343.0,46.65,42.41,22836.74,34146.0
WO-004195,2026-05-18,2026-05,2026-W21,Afternoon,M01,P01,387,317,312,5,430.0,368.49,62.0,69.75,333.68,7.17,13948.0,48.38,13.6,19669.65,29328.0
WO-004196,2026-05-18,2026-05,2026-W21,Morning,M02,P02,326,270,265,5,430.0,375.87,74.0,83.53,263.69,7.17,15930.0,38.23,36.12,22262.02,33390.0
WO-004197,2026-05-18,2026-05,2026-W21,Morning,M03,P03,650,559,556,3,430.0,391.56,38.0,42.03,412.87,7.17,14534.0,59.87,47.19,20539.22,31136.0
WO-004198,2026-05-18,2026-05,2026-W21,Afternoon,M03,P03,643,560,553,7,430.0,381.12,38.0,40.83,370.81,7.17,14560.0,53.77,50.52,20571.95,30968.0
WO-004199,2026-05-18,2026-05,2026-W21,Morning,M04,P06,190,137,129,8,430.0,320.48,125.0,140.36,261.68,7.17,19043.0,37.94,85.66,26741.27,38442.0
WO-004200,2026-05-18,2026-05,2026-W21,Afternoon,M04,P04,262,160,155,5,430.0,288.84,95.0,108.31,234.23,7.17,15840.0,33.96,105.02,22166.65,32550.0
WO-004201,2026-05-18,2026-05,2026-W21,Morning,M05,P01,380,330,325,5,430.0,380.18,62.0,69.12,207.08,7.17,14520.0,30.03,64.05,20481.74,30550.0
WO-004202,2026-05-18,2026-05,2026-W21,Afternoon,M05,P05,450,395,384,11,430.0,382.07,52.0,58.04,217.18,7.17,18960.0,31.49,44.11,26338.26,39168.0
WO-004203,2026-05-18,2026-05,2026-W21,Morning,M06,P01,388,356,351,5,430.0,384.06,62.0,64.73,232.99,7.17,15664.0,33.78,35.46,22016.91,32994.0
WO-004204,2026-05-18,2026-05,2026-W21,Afternoon,M06,P05,453,409,397,12,430.0,385.33,52.0,56.53,236.84,7.17,19632.0,34.34,108.12,27315.13,40494.0
WO-004205,2026-05-19,2026-05,2026-W21,Morning,M01,P02,322,276,270,6,430.0,371.75,74.0,80.82,333.1,7.17,16284.0,48.3,12.0,22727.97,34020.0
WO-004206,2026-05-19,2026-05,2026-W21,Afternoon,M01,P01,376,331,326,5,430.0,379.36,62.0,68.77,342.06,7.17,14564.0,49.6,12.0,20509.27,30644.0
WO-004207,2026-05-19,2026-05,2026-W21,Morning,M02,P02,330,277,270,7,430.0,384.18,74.0,83.22,270.08,7.17,16343.0,39.16,19.08,22805.91,34020.0
WO-004208,2026-05-19,2026-05,2026-W21,Afternoon,M02,P05,480,379,370,9,430.0,368.79,52.0,58.38,254.95,7.17,18192.0,36.97,81.25,25340.89,37740.0
WO-004209,2026-05-19,2026-05,2026-W21,Morning,M03,P03,645,574,568,6,430.0,386.13,38.0,40.36,410.61,7.17,14924.0,59.54,24.38,21048.59,31808.0
WO-004210,2026-05-19,2026-05,2026-W21,Afternoon,M03,P01,382,336,328,8,430.0,385.27,62.0,68.8,394.18,7.17,14784.0,57.16,25.02,20829.84,30832.0
WO-004211,2026-05-19,2026-05,2026-W21,Afternoon,M04,P04,252,179,173,6,430.0,325.21,95.0,109.01,263.1,7.17,17721.0,38.15,78.86,24690.68,36330.0
WO-004212,2026-05-19,2026-05,2026-W21,Morning,M05,P06,182,161,154,7,430.0,368.51,125.0,137.33,206.89,7.17,22379.0,30.0,31.04,31238.71,45892.0
WO-004213,2026-05-19,2026-05,2026-W21,Afternoon,M05,P04,250,199,195,4,430.0,360.36,95.0,108.65,197.81,7.17,19701.0,28.68,100.17,27382.52,40950.0
WO-004214,2026-05-19,2026-05,2026-W21,Morning,M06,P01,399,349,344,5,430.0,390.45,62.0,67.13,236.34,7.17,15356.0,34.27,12.0,21573.94,32336.0
WO-004215,2026-05-19,2026-05,2026-W21,Afternoon,M06,P05,451,432,422,10,430.0,400.98,52.0,55.69,250.62,7.17,20736.0,36.34,12.22,28716.22,43044.0
WO-004216,2026-05-20,2026-05,2026-W21,Morning,M01,P01,391,342,337,5,430.0,387.35,62.0,67.96,343.03,7.17,15048.0,49.74,68.75,21226.15,31678.0
WO-004217,2026-05-20,2026-05,2026-W21,Afternoon,M01,P03,633,547,537,10,430.0,374.95,38.0,41.13,351.81,7.17,14222.0,51.01,32.93,20090.11,30072.0
WO-004218,2026-05-20,2026-05,2026-W21,Morning,M02,P02,310,300,294,6,430.0,396.69,74.0,79.34,273.98,7.17,17700.0,39.73,45.83,24673.23,37044.0
WO-004219,2026-05-20,2026-05,2026-W21,Afternoon,M02,P05,470,424,416,8,430.0,388.5,52.0,54.98,276.55,7.17,20352.0,40.1,31.44,28219.2,42432.0
WO-004220,2026-05-20,2026-05,2026-W21,Morning,M03,P05,458,409,400,9,430.0,381.95,52.0,56.03,409.89,7.17,19632.0,59.43,23.29,27255.39,40800.0
WO-004221,2026-05-20,2026-05,2026-W21,Afternoon,M03,P01,379,351,343,8,430.0,394.83,62.0,67.49,417.34,7.17,15444.0,60.51,12.0,21720.18,32242.0
WO-004222,2026-05-20,2026-05,2026-W21,Morning,M04,P03,632,446,433,13,430.0,318.11,38.0,42.8,251.54,7.17,11596.0,36.47,119.81,16576.95,24248.0
WO-004223,2026-05-20,2026-05,2026-W21,Afternoon,M04,P03,665,389,378,11,430.0,296.73,38.0,45.77,242.48,7.17,10114.0,35.16,68.63,14500.95,21168.0
WO-004224,2026-05-20,2026-05,2026-W21,Morning,M05,P01,386,338,335,3,430.0,371.24,62.0,65.9,212.25,7.17,14872.0,30.78,32.61,20931.05,31490.0
WO-004225,2026-05-20,2026-05,2026-W21,Afternoon,M05,P05,445,378,368,10,430.0,363.95,52.0,57.77,202.69,7.17,18144.0,29.39,31.39,25218.44,37536.0
WO-004226,2026-05-20,2026-05,2026-W21,Morning,M06,P05,460,462,453,9,430.0,414.34,52.0,53.81,253.86,7.17,22176.0,36.81,33.74,30688.21,46206.0
WO-004227,2026-05-20,2026-05,2026-W21,Afternoon,M06,P05,473,416,406,10,430.0,401.14,52.0,57.86,244.96,7.17,19968.0,35.52,59.58,27722.77,41412.0
WO-004228,2026-05-21,2026-05,2026-W21,Morning,M01,P02,323,287,279,8,430.0,385.43,74.0,80.58,353.17,7.17,16933.0,51.21,12.87,23611.74,35154.0
WO-004229,2026-05-21,2026-05,2026-W21,Afternoon,M01,P03,624,534,528,6,430.0,382.24,38.0,42.95,354.26,7.17,13884.0,51.37,14.47,19610.51,29568.0
WO-004230,2026-05-21,2026-05,2026-W21,Morning,M02,P02,330,283,278,5,430.0,378.93,74.0,80.34,271.91,7.17,16697.0,39.43,37.74,23304.83,35028.0
WO-004231,2026-05-21,2026-05,2026-W21,Afternoon,M02,P02,326,259,252,7,430.0,357.59,74.0,82.84,256.04,7.17,15281.0,37.13,46.37,21391.16,31752.0
WO-004232,2026-05-21,2026-05,2026-W21,Morning,M03,P03,625,567,562,5,430.0,386.19,38.0,40.87,412.08,7.17,14742.0,59.75,25.05,20800.97,31472.0
WO-004233,2026-05-21,2026-05,2026-W21,Afternoon,M03,P03,629,554,548,6,430.0,380.32,38.0,41.19,402.3,7.17,14404.0,58.33,56.35,20369.35,30688.0
WO-004234,2026-05-21,2026-05,2026-W21,Morning,M04,P03,629,423,415,8,430.0,313.1,38.0,44.41,251.76,7.17,10998.0,36.5,77.85,15718.52,23240.0
WO-004235,2026-05-21,2026-05,2026-W21,Afternoon,M04,P04,249,174,169,5,430.0,314.51,95.0,108.45,257.77,7.17,17226.0,37.38,92.77,24033.81,35490.0
WO-004236,2026-05-21,2026-05,2026-W21,Morning,M05,P05,462,407,393,14,430.0,390.84,52.0,57.62,212.24,7.17,19536.0,30.77,109.76,27183.2,40086.0
WO-004237,2026-05-21,2026-05,2026-W21,Afternoon,M05,P01,383,300,294,6,430.0,356.23,62.0,71.25,192.68,7.17,13200.0,27.94,130.09,18745.7,27636.0
WO-004238,2026-05-21,2026-05,2026-W21,Morning,M06,P05,435,440,432,8,430.0,414.91,52.0,56.58,251.78,7.17,21120.0,36.51,26.25,29250.42,44064.0
WO-004239,2026-05-21,2026-05,2026-W21,Afternoon,M06,P04,231,227,223,4,430.0,383.3,95.0,101.31,237.22,7.17,22473.0,34.4,14.44,31054.51,46830.0
WO-004240,2026-05-22,2026-05,2026-W21,Morning,M01,P01,387,332,329,3,430.0,375.37,62.0,67.84,321.85,7.17,14608.0,46.67,160.87,20715.21,30926.0
WO-004241,2026-05-22,2026-05,2026-W21,Afternoon,M01,P03,626,558,552,6,430.0,386.07,38.0,41.51,337.03,7.17,14508.0,48.87,183.87,20629.41,30912.0
WO-004242,2026-05-22,2026-05,2026-W21,Morning,M02,P01,381,319,314,5,430.0,365.8,62.0,68.8,254.8,7.17,14036.0,36.95,49.5,19814.12,29516.0
WO-004243,2026-05-22,2026-05,2026-W21,Afternoon,M02,P05,465,377,365,12,430.0,357.69,52.0,56.93,266.55,7.17,18096.0,38.65,68.15,25199.47,37230.0
WO-004244,2026-05-22,2026-05,2026-W21,Morning,M03,P05,464,427,418,9,430.0,389.27,52.0,54.7,405.97,7.17,20496.0,58.87,20.33,28421.86,42636.0
WO-004245,2026-05-22,2026-05,2026-W21,Afternoon,M03,P01,379,313,307,6,430.0,367.79,62.0,70.5,375.92,7.17,13772.0,54.51,25.2,19447.38,28858.0
WO-004246,2026-05-22,2026-05,2026-W21,Morning,M04,P03,641,460,451,9,430.0,336.95,38.0,43.95,263.82,7.17,11960.0,38.25,154.75,17110.67,25256.0
WO-004247,2026-05-22,2026-05,2026-W21,Afternoon,M04,P04,248,169,165,4,430.0,315.7,95.0,112.08,249.84,7.17,16731.0,36.23,69.9,23339.79,34650.0
WO-004248,2026-05-22,2026-05,2026-W21,Morning,M05,P06,190,165,158,7,430.0,382.72,125.0,139.17,217.76,7.17,22935.0,31.58,12.18,31981.42,47084.0
WO-004249,2026-05-22,2026-05,2026-W21,Afternoon,M05,P01,394,321,317,4,430.0,379.64,62.0,70.96,215.76,7.17,14124.0,31.29,151.57,20030.52,29798.0
WO-004250,2026-05-22,2026-05,2026-W21,Morning,M06,P01,404,348,345,3,430.0,395.81,62.0,68.24,239.11,7.17,15312.0,34.67,12.0,21514.34,32430.0
WO-004251,2026-05-22,2026-05,2026-W21,Afternoon,M06,P01,395,343,336,7,430.0,402.2,62.0,70.36,237.28,7.17,15092.0,34.41,20.53,21222.6,31584.0
WO-004252,2026-05-25,2026-05,2026-W22,Morning,M01,P03,633,557,547,10,430.0,391.45,38.0,42.17,348.36,7.17,14482.0,50.51,45.92,20457.6,30632.0
WO-004253,2026-05-25,2026-05,2026-W22,Afternoon,M01,P03,622,534,528,6,430.0,374.32,38.0,42.06,337.1,7.17,13884.0,48.88,72.45,19666.0,29568.0
WO-004254,2026-05-25,2026-05,2026-W22,Morning,M02,P01,375,317,313,4,430.0,363.47,62.0,68.8,261.87,7.17,13948.0,37.97,12.0,19657.64,29422.0
WO-004255,2026-05-25,2026-05,2026-W22,Afternoon,M02,P01,377,313,308,5,430.0,365.73,62.0,70.11,260.25,7.17,13772.0,37.74,14.24,19419.64,28952.0
WO-004256,2026-05-25,2026-05,2026-W22,Morning,M03,P01,383,356,349,7,430.0,399.43,62.0,67.32,415.22,7.17,15664.0,60.21,34.33,22042.21,32806.0
WO-004257,2026-05-25,2026-05,2026-W22,Afternoon,M03,P01,360,340,333,7,430.0,385.16,62.0,67.97,414.19,7.17,14960.0,60.06,53.84,21101.57,31302.0
WO-004258,2026-05-25,2026-05,2026-W22,Morning,M04,P06,187,140,133,7,430.0,327.49,125.0,140.35,273.84,7.17,19460.0,39.71,97.63,27325.0,39634.0
WO-004259,2026-05-25,2026-05,2026-W22,Afternoon,M04,P06,185,131,124,7,430.0,306.01,125.0,140.16,248.73,7.17,18209.0,36.07,65.11,25578.84,36952.0
WO-004260,2026-05-25,2026-05,2026-W22,Morning,M05,P01,372,321,316,5,430.0,371.55,62.0,69.45,206.91,7.17,14124.0,30.0,64.02,19941.69,29704.0
WO-004261,2026-05-25,2026-05,2026-W22,Afternoon,M05,P01,399,314,309,5,430.0,363.24,62.0,69.41,206.86,7.17,13816.0,30.0,12.0,19469.66,29046.0
WO-004262,2026-05-25,2026-05,2026-W22,Morning,M06,P01,356,360,357,3,430.0,397.91,62.0,66.32,246.14,7.17,15840.0,35.69,89.38,22312.73,33558.0
WO-004263,2026-05-25,2026-05,2026-W22,Afternoon,M06,P06,185,176,169,7,430.0,398.1,125.0,135.72,228.17,7.17,24464.0,33.09,33.2,34093.95,50362.0
WO-004264,2026-05-26,2026-05,2026-W22,Morning,M01,P03,586,566,556,10,430.0,387.18,38.0,41.04,350.68,7.17,14716.0,50.85,23.77,20755.29,31136.0
WO-004265,2026-05-26,2026-05,2026-W22,Afternoon,M01,P03,623,556,550,6,430.0,378.42,38.0,40.84,339.6,7.17,14456.0,49.24,107.97,20482.88,30800.0
WO-004266,2026-05-26,2026-05,2026-W22,Morning,M02,P02,324,272,266,6,430.0,368.65,74.0,81.32,277.01,7.17,16048.0,40.17,36.74,22424.57,33516.0
WO-004267,2026-05-26,2026-05,2026-W22,Afternoon,M02,P05,497,357,348,9,430.0,348.0,52.0,58.49,246.94,7.17,17136.0,35.81,48.82,23877.29,35496.0
WO-004268,2026-05-26,2026-05,2026-W22,Morning,M03,P03,629,583,577,6,430.0,395.84,38.0,40.74,421.34,7.17,15158.0,61.09,12.0,21357.26,32312.0
WO-004269,2026-05-26,2026-05,2026-W22,Afternoon,M03,P03,649,576,568,8,430.0,390.15,38.0,40.64,432.28,7.17,14976.0,62.68,45.85,21144.2,31808.0
WO-004270,2026-05-26,2026-05,2026-W22,Morning,M04,P03,632,436,424,12,430.0,326.04,38.0,44.87,262.09,7.17,11336.0,38.0,56.33,16160.0,23744.0
WO-004271,2026-05-26,2026-05,2026-W22,Afternoon,M04,P04,250,168,162,6,430.0,302.63,95.0,108.08,245.48,7.17,16632.0,35.59,118.38,23253.64,34020.0
WO-004272,2026-05-26,2026-05,2026-W22,Morning,M05,P05,492,396,389,7,430.0,369.35,52.0,55.96,208.4,7.17,19008.0,30.22,106.75,26464.64,39678.0
WO-004273,2026-05-26,2026-05,2026-W22,Afternoon,M05,P05,462,388,378,10,430.0,380.54,52.0,58.85,197.95,7.17,18624.0,28.7,45.29,25881.66,38556.0
WO-004274,2026-05-26,2026-05,2026-W22,Morning,M06,P01,402,361,354,7,430.0,405.57,62.0,67.41,248.08,7.17,15884.0,35.97,60.55,22344.19,33276.0
WO-004275,2026-05-26,2026-05,2026-W22,Afternoon,M06,P01,410,334,327,7,430.0,378.82,62.0,68.05,239.42,7.17,14696.0,34.72,51.01,20713.39,30738.0
WO-004276,2026-05-27,2026-05,2026-W22,Morning,M01,P03,642,598,593,5,430.0,412.11,38.0,41.35,371.13,7.17,15548.0,53.81,34.47,21904.95,33208.0
WO-004277,2026-05-27,2026-05,2026-W22,Afternoon,M01,P03,635,519,515,4,430.0,378.64,38.0,43.77,348.54,7.17,13494.0,50.54,85.64,19148.35,28840.0
WO-004278,2026-05-27,2026-05,2026-W22,Morning,M02,P02,302,270,262,8,430.0,378.15,74.0,84.03,265.3,7.17,15930.0,38.47,36.4,22262.53,33012.0
WO-004279,2026-05-27,2026-05,2026-W22,Afternoon,M02,P02,334,258,254,4,430.0,362.8,74.0,84.37,256.75,7.17,15222.0,37.23,31.66,21296.55,32004.0
WO-004280,2026-05-27,2026-05,2026-W22,Morning,M03,P05,481,435,424,11,430.0,397.97,52.0,54.89,426.14,7.17,20880.0,61.79,25.92,28950.37,43248.0
WO-004281,2026-05-27,2026-05,2026-W22,Afternoon,M03,P03,604,551,545,6,430.0,378.89,38.0,41.26,396.41,7.17,14326.0,57.48,37.9,20243.55,30520.0
WO-004282,2026-05-27,2026-05,2026-W22,Morning,M04,P04,243,172,167,5,430.0,314.82,95.0,109.82,242.59,7.17,17028.0,35.18,101.18,23772.02,35070.0
WO-004283,2026-05-27,2026-05,2026-W22,Afternoon,M04,P06,191,132,125,7,430.0,310.51,125.0,141.14,264.29,7.17,18348.0,38.32,99.98,25805.97,37250.0
WO-004284,2026-05-27,2026-05,2026-W22,Morning,M05,P04,252,214,210,4,430.0,379.1,95.0,106.29,208.02,7.17,21186.0,30.16,39.53,29333.36,44100.0
WO-004285,2026-05-27,2026-05,2026-W22,Afternoon,M05,P01,387,338,332,6,430.0,394.3,62.0,69.99,217.94,7.17,14872.0,31.6,12.98,20912.24,31208.0
WO-004286,2026-05-27,2026-05,2026-W22,Morning,M06,P04,243,228,225,3,430.0,395.58,95.0,104.1,229.81,7.17,22572.0,33.32,12.0,31184.99,47250.0
WO-004287,2026-05-27,2026-05,2026-W22,Afternoon,M06,P06,191,172,165,7,430.0,396.67,125.0,138.37,243.39,7.17,23908.0,35.29,77.94,33380.9,49170.0
WO-004288,2026-05-28,2026-05,2026-W22,Morning,M01,P03,606,551,540,11,430.0,380.24,38.0,41.41,337.12,7.17,14326.0,48.88,12.0,20209.05,30240.0
WO-004289,2026-05-28,2026-05,2026-W22,Afternoon,M01,P01,363,341,335,6,430.0,375.98,62.0,66.15,359.66,7.17,15004.0,52.15,36.85,21136.67,31490.0
WO-004290,2026-05-28,2026-05,2026-W22,Morning,M02,P02,329,278,271,7,430.0,381.81,74.0,82.41,278.16,7.17,16402.0,40.33,33.93,22901.93,34146.0
WO-004291,2026-05-28,2026-05,2026-W22,Afternoon,M02,P02,317,271,266,5,430.0,368.55,74.0,81.6,261.34,7.17,15989.0,37.89,27.2,22332.76,33516.0
WO-004292,2026-05-28,2026-05,2026-W22,Morning,M03,P01,377,356,351,5,430.0,388.2,62.0,65.43,417.79,7.17,15664.0,60.58,22.63,22030.88,32994.0
WO-004293,2026-05-28,2026-05,2026-W22,Afternoon,M03,P05,459,396,386,10,430.0,367.82,52.0,55.73,390.78,7.17,19008.0,56.66,18.12,26402.45,39372.0
WO-004294,2026-05-28,2026-05,2026-W22,Morning,M04,P06,181,130,123,7,430.0,299.56,125.0,138.26,238.93,7.17,18070.0,34.65,112.46,25434.77,36654.0
WO-004295,2026-05-28,2026-05,2026-W22,Afternoon,M04,P03,620,424,416,8,430.0,303.04,38.0,42.88,238.01,7.17,11024.0,34.51,71.57,15745.75,23296.0
WO-004296,2026-05-28,2026-05,2026-W22,Afternoon,M05,P05,434,380,371,9,430.0,371.93,52.0,58.73,208.93,7.17,18240.0,30.3,58.2,25376.16,37842.0
WO-004297,2026-05-28,2026-05,2026-W22,Morning,M06,P06,191,180,172,8,430.0,417.1,125.0,139.03,246.48,7.17,25020.0,35.74,41.01,34864.41,51256.0
WO-004298,2026-05-28,2026-05,2026-W22,Afternoon,M06,P06,191,177,169,8,430.0,408.82,125.0,138.58,240.61,7.17,24603.0,34.89,65.53,34318.08,50362.0
WO-004299,2026-05-29,2026-05,2026-W22,Morning,M01,P03,593,535,526,9,430.0,369.18,38.0,41.4,343.98,7.17,13910.0,49.88,12.0,19642.04,29456.0
WO-004300,2026-05-29,2026-05,2026-W22,Afternoon,M01,P01,397,333,328,5,430.0,374.55,62.0,67.49,342.81,7.17,14652.0,49.71,23.12,20640.49,30832.0
WO-004301,2026-05-29,2026-05,2026-W22,Morning,M02,P02,327,276,269,7,430.0,379.33,74.0,82.46,255.68,7.17,16284.0,37.07,32.16,22736.9,33894.0
WO-004302,2026-05-29,2026-05,2026-W22,Afternoon,M02,P02,320,264,257,7,430.0,372.47,74.0,84.65,274.3,7.17,15576.0,39.77,14.2,21761.64,32382.0
WO-004303,2026-05-29,2026-05,2026-W22,Morning,M03,P05,453,419,410,9,430.0,379.89,52.0,54.4,395.45,7.17,20112.0,57.34,12.0,27892.01,41820.0
WO-004304,2026-05-29,2026-05,2026-W22,Afternoon,M03,P05,452,424,412,12,430.0,398.37,52.0,56.37,415.74,7.17,20352.0,60.28,36.11,28244.06,42024.0
WO-004305,2026-05-29,2026-05,2026-W22,Morning,M04,P06,200,132,125,7,430.0,312.33,125.0,141.97,244.03,7.17,18348.0,35.38,76.0,25779.05,37250.0
WO-004306,2026-05-29,2026-05,2026-W22,Afternoon,M04,P04,244,170,165,5,430.0,306.3,95.0,108.11,254.68,7.17,16830.0,36.93,145.31,23549.9,34650.0
WO-004307,2026-05-29,2026-05,2026-W22,Morning,M05,P06,191,162,156,6,430.0,374.92,125.0,138.86,209.84,7.17,22518.0,30.43,12.0,31410.09,46488.0
WO-004308,2026-05-29,2026-05,2026-W22,Afternoon,M05,P04,261,212,206,6,430.0,365.65,95.0,103.48,215.05,7.17,20988.0,31.18,12.0,29038.85,43260.0
WO-004309,2026-05-29,2026-05,2026-W22,Morning,M06,P06,187,182,175,7,430.0,409.03,125.0,134.85,252.63,7.17,25298.0,36.63,59.55,35263.84,52150.0
WO-004310,2026-05-29,2026-05,2026-W22,Afternoon,M06,P04,254,219,214,5,430.0,389.26,95.0,106.65,242.08,7.17,21681.0,35.1,12.0,29980.77,44940.0
WO-004311,2026-06-01,2026-06,2026-W23,Morning,M01,P02,322,283,278,5,430.0,380.36,74.0,80.64,342.43,7.17,16697.0,49.65,12.0,23289.32,35028.0
WO-004312,2026-06-01,2026-06,2026-W23,Afternoon,M01,P01,362,317,312,5,430.0,369.86,62.0,70.0,332.56,7.17,13948.0,48.22,52.98,19708.87,29328.0
WO-004313,2026-06-01,2026-06,2026-W23,Morning,M02,P05,435,384,373,11,430.0,364.27,52.0,56.92,255.12,7.17,18432.0,36.99,28.72,25613.38,38046.0
WO-004314,2026-06-01,2026-06,2026-W23,Afternoon,M02,P01,383,327,322,5,430.0,370.49,62.0,67.98,262.87,7.17,14388.0,38.12,12.0,20257.78,30268.0
WO-004315,2026-06-01,2026-06,2026-W23,Morning,M03,P05,442,424,413,11,430.0,407.94,52.0,57.73,426.31,7.17,20352.0,61.82,14.48,28223.96,42126.0
WO-004316,2026-06-01,2026-06,2026-W23,Afternoon,M03,P05,446,417,406,11,430.0,397.16,52.0,57.14,404.22,7.17,20016.0,58.61,66.88,27818.16,41412.0
WO-004317,2026-06-01,2026-06,2026-W23,Morning,M04,P06,189,130,123,7,430.0,301.33,125.0,139.08,252.07,7.17,18070.0,36.55,71.92,25396.13,36654.0
WO-004318,2026-06-01,2026-06,2026-W23,Afternoon,M04,P06,171,137,131,6,430.0,323.71,125.0,141.77,249.14,7.17,19043.0,36.13,63.41,26717.2,39038.0
WO-004319,2026-06-01,2026-06,2026-W23,Morning,M05,P01,359,349,345,4,430.0,395.12,62.0,67.93,227.23,7.17,15356.0,32.95,27.84,21588.46,32430.0
WO-004320,2026-06-01,2026-06,2026-W23,Afternoon,M05,P04,241,204,198,6,430.0,358.32,95.0,105.39,194.14,7.17,20196.0,28.15,23.28,27975.1,41580.0
WO-004321,2026-06-01,2026-06,2026-W23,Morning,M06,P05,425,436,424,12,430.0,404.41,52.0,55.65,240.0,7.17,20928.0,34.8,26.15,28988.62,43248.0
WO-004322,2026-06-01,2026-06,2026-W23,Afternoon,M06,P04,239,220,214,6,430.0,386.88,95.0,105.51,236.23,7.17,21780.0,34.25,121.49,30223.41,44940.0
WO-004323,2026-06-02,2026-06,2026-W23,Morning,M01,P01,374,345,341,4,430.0,390.9,62.0,67.98,360.44,7.17,15180.0,52.26,19.57,21359.5,32054.0
WO-004324,2026-06-02,2026-06,2026-W23,Afternoon,M01,P01,387,343,339,4,430.0,387.61,62.0,67.8,349.14,7.17,15092.0,50.62,23.43,21241.72,31866.0
WO-004325,2026-06-02,2026-06,2026-W23,Morning,M02,P02,309,256,250,6,430.0,361.56,74.0,84.74,252.15,7.17,15104.0,36.56,51.21,21155.44,31500.0
WO-004326,2026-06-02,2026-06,2026-W23,Afternoon,M02,P05,429,364,352,12,430.0,358.67,52.0,59.12,253.47,7.17,17472.0,36.75,49.61,24334.03,35904.0
WO-004327,2026-06-02,2026-06,2026-W23,Morning,M03,P03,626,552,545,7,430.0,372.44,38.0,40.48,420.43,7.17,14352.0,60.96,72.47,20317.1,30520.0
WO-004328,2026-06-02,2026-06,2026-W23,Afternoon,M03,P01,378,346,338,8,430.0,384.88,62.0,66.74,391.01,7.17,15224.0,56.7,62.23,21466.59,31772.0
WO-004329,2026-06-02,2026-06,2026-W23,Morning,M04,P04,233,192,188,4,430.0,330.34,95.0,103.23,274.92,7.17,19008.0,39.86,59.33,26414.86,39480.0
WO-004330,2026-06-02,2026-06,2026-W23,Afternoon,M04,P06,174,121,115,6,430.0,291.56,125.0,144.57,234.34,7.17,16819.0,33.98,83.8,23695.45,34270.0
WO-004331,2026-06-02,2026-06,2026-W23,Morning,M05,P01,359,339,335,4,430.0,381.89,62.0,67.59,205.86,7.17,14916.0,29.85,33.76,20991.28,31490.0
WO-004332,2026-06-02,2026-06,2026-W23,Afternoon,M05,P05,466,364,356,8,430.0,360.66,52.0,59.45,194.32,7.17,17472.0,28.18,49.2,24325.05,36312.0
WO-004333,2026-06-02,2026-06,2026-W23,Morning,M06,P04,256,225,222,3,430.0,394.14,95.0,105.1,239.65,7.17,22275.0,34.75,26.59,30799.0,46620.0
WO-004334,2026-06-02,2026-06,2026-W23,Afternoon,M06,P05,434,371,361,10,430.0,362.09,52.0,58.56,213.19,7.17,17808.0,30.91,38.63,24772.21,36822.0
WO-004335,2026-06-03,2026-06,2026-W23,Morning,M01,P03,612,532,522,10,430.0,382.67,38.0,43.16,352.09,7.17,13832.0,51.05,14.82,19539.54,29232.0
WO-004336,2026-06-03,2026-06,2026-W23,Afternoon,M01,P03,634,511,503,8,430.0,363.37,38.0,42.67,328.43,7.17,13286.0,47.62,33.39,18809.17,28168.0
WO-004337,2026-06-03,2026-06,2026-W23,Morning,M02,P05,452,391,381,10,430.0,374.46,52.0,57.46,262.38,7.17,18768.0,38.05,28.75,26069.46,38862.0
WO-004338,2026-06-03,2026-06,2026-W23,Afternoon,M02,P02,332,292,283,9,430.0,400.81,74.0,82.36,267.23,7.17,17228.0,38.75,12.0,23998.42,35658.0
WO-004339,2026-06-03,2026-06,2026-W23,Morning,M03,P05,469,416,407,9,430.0,395.54,52.0,57.05,413.6,7.17,19968.0,59.97,23.37,27711.01,41514.0
WO-004340,2026-06-03,2026-06,2026-W23,Afternoon,M03,P01,365,318,314,4,430.0,366.87,62.0,69.22,380.08,7.17,13992.0,55.11,41.8,19764.58,29516.0
WO-004341,2026-06-03,2026-06,2026-W23,Morning,M04,P06,185,138,130,8,430.0,323.61,125.0,140.7,266.38,7.17,19182.0,38.62,84.17,26930.46,38740.0
WO-004342,2026-06-03,2026-06,2026-W23,Afternoon,M04,P06,190,130,123,7,430.0,315.76,125.0,145.74,260.48,7.17,18070.0,37.77,72.48,25397.92,36654.0
WO-004343,2026-06-03,2026-06,2026-W23,Morning,M05,P01,350,327,322,5,430.0,389.4,62.0,71.45,216.13,7.17,14388.0,31.34,56.32,20295.33,30268.0
WO-004344,2026-06-03,2026-06,2026-W23,Afternoon,M05,P01,379,306,302,4,430.0,365.37,62.0,71.64,206.06,7.17,13464.0,29.88,42.78,19020.33,28388.0
WO-004345,2026-06-03,2026-06,2026-W23,Morning,M06,P04,258,230,227,3,430.0,397.67,95.0,103.74,242.35,7.17,22770.0,35.14,32.14,31474.95,47670.0
WO-004346,2026-06-03,2026-06,2026-W23,Afternoon,M06,P06,185,165,157,8,430.0,382.19,125.0,138.98,232.5,7.17,22935.0,33.71,12.09,31983.47,46786.0
WO-004347,2026-06-04,2026-06,2026-W23,Morning,M01,P02,318,295,288,7,430.0,403.17,74.0,82.0,351.63,7.17,17405.0,50.99,35.4,24274.05,36288.0
WO-004348,2026-06-04,2026-06,2026-W23,Afternoon,M01,P03,653,530,523,7,430.0,374.31,38.0,42.37,318.29,7.17,13780.0,46.15,80.0,19528.82,29288.0
WO-004349,2026-06-04,2026-06,2026-W23,Morning,M02,P05,459,405,394,11,430.0,379.1,52.0,56.16,274.47,7.17,19440.0,39.8,69.0,27021.47,40188.0
WO-004350,2026-06-04,2026-06,2026-W23,Afternoon,M02,P01,381,328,321,7,430.0,381.82,62.0,69.85,275.3,7.17,14432.0,39.92,71.77,20379.35,30174.0
WO-004351,2026-06-04,2026-06,2026-W23,Morning,M03,P03,581,563,557,6,430.0,367.1,38.0,39.12,379.58,7.17,14638.0,55.04,36.73,20665.93,31192.0
WO-004352,2026-06-04,2026-06,2026-W23,Afternoon,M03,P05,463,416,406,10,430.0,383.95,52.0,55.38,406.33,7.17,19968.0,58.92,12.0,27698.58,41412.0
WO-004353,2026-06-04,2026-06,2026-W23,Morning,M04,P06,181,130,122,8,430.0,313.32,125.0,144.61,245.93,7.17,18070.0,35.66,65.71,25389.04,36356.0
WO-004354,2026-06-04,2026-06,2026-W23,Afternoon,M04,P03,630,420,409,11,430.0,319.46,38.0,45.64,254.22,7.17,10920.0,36.86,145.74,15680.27,22904.0
WO-004355,2026-06-04,2026-06,2026-W23,Morning,M05,P06,178,155,149,6,430.0,366.39,125.0,141.83,203.53,7.17,21545.0,29.51,34.09,30101.27,44402.0
WO-004356,2026-06-04,2026-06,2026-W23,Afternoon,M05,P04,223,193,187,6,430.0,356.75,95.0,110.91,202.71,7.17,19107.0,29.39,128.27,26607.33,39270.0
WO-004357,2026-06-04,2026-06,2026-W23,Morning,M06,P01,371,354,348,6,430.0,398.17,62.0,67.49,241.72,7.17,15576.0,35.05,37.09,21899.8,32712.0
WO-004358,2026-06-04,2026-06,2026-W23,Afternoon,M06,P01,378,350,345,5,430.0,392.97,62.0,67.37,234.86,7.17,15400.0,34.06,34.04,21655.77,32430.0
WO-004359,2026-06-05,2026-06,2026-W23,Morning,M01,P01,365,342,335,7,430.0,378.02,62.0,66.32,334.55,7.17,15048.0,48.51,48.6,21204.78,31490.0
WO-004360,2026-06-05,2026-06,2026-W23,Afternoon,M01,P01,359,368,362,6,430.0,402.98,62.0,65.7,369.57,7.17,16192.0,53.59,62.12,22783.37,34028.0
WO-004361,2026-06-05,2026-06,2026-W23,Morning,M02,P02,297,264,258,6,430.0,373.22,74.0,84.82,268.34,7.17,15576.0,38.91,35.82,21782.4,32508.0
WO-004362,2026-06-05,2026-06,2026-W23,Afternoon,M02,P01,353,325,321,4,430.0,374.07,62.0,69.06,250.33,7.17,14300.0,36.3,15.45,20139.41,30174.0
WO-004363,2026-06-05,2026-06,2026-W23,Morning,M03,P03,628,554,548,6,430.0,383.12,38.0,41.49,414.37,7.17,14404.0,60.08,12.0,20326.75,30688.0
WO-004364,2026-06-05,2026-06,2026-W23,Afternoon,M03,P05,449,404,395,9,430.0,384.18,52.0,57.06,384.36,7.17,19392.0,55.73,12.0,26915.4,40290.0
WO-004365,2026-06-05,2026-06,2026-W23,Morning,M04,P04,235,172,167,5,430.0,309.19,95.0,107.86,254.47,7.17,17028.0,36.9,58.02,23730.58,35070.0
WO-004366,2026-06-05,2026-06,2026-W23,Afternoon,M04,P06,184,124,118,6,430.0,302.2,125.0,146.23,251.25,7.17,17236.0,36.43,73.48,24257.58,35164.0
WO-004367,2026-06-05,2026-06,2026-W23,Morning,M05,P05,432,405,396,9,430.0,393.89,52.0,58.35,221.6,7.17,19440.0,32.13,12.0,26956.8,40392.0
WO-004368,2026-06-05,2026-06,2026-W23,Afternoon,M05,P04,240,199,195,4,430.0,364.02,95.0,109.75,211.52,7.17,19701.0,30.67,74.7,27359.03,40950.0
WO-004369,2026-06-05,2026-06,2026-W23,Morning,M06,P06,191,185,176,9,430.0,406.21,125.0,131.74,260.55,7.17,25715.0,37.78,12.0,35787.45,52448.0
WO-004370,2026-06-05,2026-06,2026-W23,Afternoon,M06,P05,462,433,423,10,430.0,389.94,52.0,54.03,241.38,7.17,20784.0,35.0,39.45,28807.12,43146.0
WO-004371,2026-06-08,2026-06,2026-W24,Morning,M01,P03,614,560,550,10,430.0,382.04,38.0,40.93,367.89,7.17,14560.0,53.34,15.18,20536.19,30800.0
WO-004372,2026-06-08,2026-06,2026-W24,Afternoon,M01,P01,365,334,331,3,430.0,373.58,62.0,67.11,333.12,7.17,14696.0,48.3,63.75,20739.72,31114.0
WO-004373,2026-06-08,2026-06,2026-W24,Morning,M02,P01,365,332,327,5,430.0,373.15,62.0,67.44,269.62,7.17,14608.0,39.1,141.74,20688.51,30738.0
WO-004374,2026-06-08,2026-06,2026-W24,Afternoon,M02,P02,309,263,255,8,430.0,359.41,74.0,81.99,248.4,7.17,15517.0,36.02,15.61,21679.3,32130.0
WO-004375,2026-06-08,2026-06,2026-W24,Morning,M03,P01,389,361,357,4,430.0,404.84,62.0,67.29,432.32,7.17,15884.0,62.69,87.81,22398.16,33558.0
WO-004376,2026-06-08,2026-06,2026-W24,Afternoon,M03,P03,610,538,528,10,430.0,378.09,38.0,42.17,410.02,7.17,13988.0,59.45,94.3,19840.42,29568.0
WO-004377,2026-06-08,2026-06,2026-W24,Morning,M04,P03,598,450,441,9,430.0,327.39,38.0,43.65,263.77,7.17,11700.0,38.25,69.71,16670.62,24696.0
WO-004378,2026-06-08,2026-06,2026-W24,Afternoon,M04,P03,598,430,418,12,430.0,312.57,38.0,43.61,259.73,7.17,11180.0,37.66,77.09,15967.42,23408.0
WO-004379,2026-06-08,2026-06,2026-W24,Morning,M05,P05,436,405,394,11,430.0,392.1,52.0,58.09,223.72,7.17,19440.0,32.44,22.65,26967.75,40188.0
WO-004380,2026-06-08,2026-06,2026-W24,Afternoon,M05,P04,241,210,205,5,430.0,368.34,95.0,105.24,209.5,7.17,20790.0,30.38,29.73,28787.77,43050.0
WO-004381,2026-06-08,2026-06,2026-W24,Morning,M06,P05,441,422,415,7,430.0,386.38,52.0,54.94,232.49,7.17,20256.0,33.71,16.31,28067.69,42330.0
WO-004382,2026-06-08,2026-06,2026-W24,Afternoon,M06,P04,239,214,209,5,430.0,384.74,95.0,107.87,229.45,7.17,21186.0,33.27,68.99,29365.92,43890.0
WO-004383,2026-06-09,2026-06,2026-W24,Morning,M01,P03,586,534,528,6,430.0,383.11,38.0,43.05,348.44,7.17,13884.0,50.52,37.48,19632.67,29568.0
WO-004384,2026-06-09,2026-06,2026-W24,Afternoon,M01,P02,312,272,266,6,430.0,375.07,74.0,82.74,357.1,7.17,16048.0,51.78,16.12,22415.56,33516.0
WO-004385,2026-06-09,2026-06,2026-W24,Morning,M02,P01,371,348,344,4,430.0,395.0,62.0,68.1,285.31,7.17,15312.0,41.37,28.39,21537.42,32336.0
WO-004386,2026-06-09,2026-06,2026-W24,Afternoon,M02,P01,353,317,311,6,430.0,376.47,62.0,71.26,265.86,7.17,13948.0,38.55,33.39,19679.61,29234.0
WO-004387,2026-06-09,2026-06,2026-W24,Morning,M03,P01,388,351,345,6,430.0,399.19,62.0,68.24,413.95,7.17,15444.0,60.02,42.83,21750.52,32430.0
WO-004388,2026-06-09,2026-06,2026-W24,Afternoon,M03,P01,369,347,340,7,430.0,384.41,62.0,66.47,413.88,7.17,15268.0,60.01,51.03,21518.71,31960.0
WO-004389,2026-06-09,2026-06,2026-W24,Morning,M04,P04,244,178,173,5,430.0,327.93,95.0,110.54,273.16,7.17,17622.0,39.61,89.98,24569.26,36330.0
WO-004390,2026-06-09,2026-06,2026-W24,Afternoon,M04,P03,619,401,389,12,430.0,302.45,38.0,45.25,239.11,7.17,10426.0,34.67,63.73,14921.57,21784.0
WO-004391,2026-06-09,2026-06,2026-W24,Morning,M05,P05,427,398,387,11,430.0,389.19,52.0,58.67,215.5,7.17,19104.0,31.25,12.0,26500.91,39474.0
WO-004392,2026-06-09,2026-06,2026-W24,Afternoon,M05,P05,488,390,380,10,430.0,375.68,52.0,57.8,208.05,7.17,18720.0,30.17,21.8,25989.63,38760.0
WO-004393,2026-06-09,2026-06,2026-W24,Morning,M06,P04,242,225,221,4,430.0,386.38,95.0,103.03,227.8,7.17,22275.0,33.03,19.99,30790.69,46410.0
WO-004394,2026-06-09,2026-06,2026-W24,Afternoon,M06,P05,429,417,405,12,430.0,400.92,52.0,57.69,242.19,7.17,20016.0,35.12,22.5,27750.29,41310.0
WO-004395,2026-06-10,2026-06,2026-W24,Morning,M01,P03,654,553,548,5,430.0,377.26,38.0,40.93,359.12,7.17,14378.0,52.07,22.34,20293.58,30688.0
WO-004396,2026-06-10,2026-06,2026-W24,Afternoon,M01,P01,380,312,308,4,430.0,370.87,62.0,71.32,345.55,7.17,13728.0,50.1,19.17,19376.94,28952.0
WO-004397,2026-06-10,2026-06,2026-W24,Morning,M02,P01,387,338,331,7,430.0,372.88,62.0,66.19,261.73,7.17,14872.0,37.95,48.99,20954.61,31114.0
WO-004398,2026-06-10,2026-06,2026-W24,Afternoon,M02,P05,475,352,343,9,430.0,350.95,52.0,59.82,250.94,7.17,16896.0,36.39,27.63,23531.68,34986.0
WO-004399,2026-06-10,2026-06,2026-W24,Morning,M03,P01,373,349,344,5,430.0,384.71,62.0,66.14,386.65,7.17,15356.0,56.06,44.8,21628.53,32336.0
WO-004400,2026-06-10,2026-06,2026-W24,Afternoon,M03,P05,418,383,372,11,430.0,368.14,52.0,57.67,363.13,7.17,18384.0,52.65,28.42,25563.74,37944.0
WO-004401,2026-06-10,2026-06,2026-W24,Morning,M04,P03,621,461,454,7,430.0,326.51,38.0,42.5,265.42,7.17,11986.0,38.49,128.49,17120.14,25424.0
WO-004402,2026-06-10,2026-06,2026-W24,Afternoon,M04,P06,185,121,115,6,430.0,295.87,125.0,146.71,237.62,7.17,16819.0,34.46,103.34,23715.46,34270.0
WO-004403,2026-06-10,2026-06,2026-W24,Morning,M05,P04,257,225,220,5,430.0,395.63,95.0,105.5,209.8,7.17,22275.0,30.42,12.0,30780.09,46200.0
WO-004404,2026-06-10,2026-06,2026-W24,Afternoon,M05,P04,239,217,212,5,430.0,382.65,95.0,105.8,215.78,7.17,21483.0,31.29,24.39,29721.34,44520.0
WO-004405,2026-06-10,2026-06,2026-W24,Morning,M06,P05,429,401,391,10,430.0,381.58,52.0,57.09,234.43,7.17,19248.0,33.99,39.97,26726.63,39882.0
WO-004406,2026-06-10,2026-06,2026-W24,Afternoon,M06,P01,367,362,358,4,430.0,398.46,62.0,66.04,240.06,7.17,15928.0,34.81,92.14,22434.62,33652.0
WO-004407,2026-06-11,2026-06,2026-W24,Morning,M01,P03,636,567,563,4,430.0,397.75,38.0,42.09,378.6,7.17,14742.0,54.9,117.0,20888.07,31528.0
WO-004408,2026-06-11,2026-06,2026-W24,Afternoon,M01,P01,346,322,317,5,430.0,368.68,62.0,68.7,327.67,7.17,14168.0,47.51,15.25,19970.43,29798.0
WO-004409,2026-06-11,2026-06,2026-W24,Morning,M02,P01,375,343,337,6,430.0,387.16,62.0,67.72,268.06,7.17,15092.0,38.87,12.0,21218.54,31678.0
WO-004410,2026-06-11,2026-06,2026-W24,Afternoon,M02,P05,432,371,364,7,430.0,363.44,52.0,58.78,240.26,7.17,17808.0,34.84,43.78,24781.28,37128.0
WO-004411,2026-06-11,2026-06,2026-W24,Morning,M03,P03,606,540,538,2,430.0,374.92,38.0,41.66,400.91,7.17,14040.0,58.13,51.08,19866.88,30128.0
WO-004412,2026-06-11,2026-06,2026-W24,Afternoon,M03,P05,445,410,403,7,430.0,386.89,52.0,56.62,417.84,7.17,19680.0,60.59,39.42,27337.67,41106.0
WO-004413,2026-06-11,2026-06,2026-W24,Morning,M04,P04,239,188,184,4,430.0,337.25,95.0,107.63,261.83,7.17,18612.0,37.97,94.88,25912.51,38640.0
WO-004414,2026-06-11,2026-06,2026-W24,Afternoon,M04,P06,188,120,113,7,430.0,295.4,125.0,147.7,226.15,7.17,16680.0,32.79,58.01,23478.47,33674.0
WO-004415,2026-06-11,2026-06,2026-W24,Morning,M05,P01,379,314,309,5,430.0,364.13,62.0,69.58,207.07,7.17,13816.0,30.02,32.23,19489.93,29046.0
WO-004416,2026-06-11,2026-06,2026-W24,Afternoon,M05,P04,245,207,202,5,430.0,365.12,95.0,105.83,203.88,7.17,20493.0,29.56,39.11,28394.34,42420.0
WO-004417,2026-06-11,2026-06,2026-W24,Morning,M06,P06,182,174,167,7,430.0,400.11,125.0,137.97,238.32,7.17,24186.0,34.56,32.59,33714.81,49766.0
WO-004418,2026-06-11,2026-06,2026-W24,Afternoon,M06,P04,243,239,234,5,430.0,398.79,95.0,100.11,237.87,7.17,23661.0,34.49,12.0,32660.16,49140.0
WO-004419,2026-06-12,2026-06,2026-W24,Morning,M01,P02,322,295,289,6,430.0,395.2,74.0,80.38,359.61,7.17,17405.0,52.14,13.66,24253.47,36414.0
WO-004420,2026-06-12,2026-06,2026-W24,Afternoon,M01,P01,385,319,311,8,430.0,366.76,62.0,68.98,338.41,7.17,14036.0,49.07,12.0,19788.74,29234.0
WO-004421,2026-06-12,2026-06,2026-W24,Morning,M02,P05,446,392,383,9,430.0,379.59,52.0,58.1,275.1,7.17,18816.0,39.89,15.47,26123.03,39066.0
WO-004422,2026-06-12,2026-06,2026-W24,Afternoon,M02,P02,323,269,264,5,430.0,381.52,74.0,85.1,264.59,7.17,15871.0,38.37,48.7,22194.73,33264.0
WO-004423,2026-06-12,2026-06,2026-W24,Morning,M03,P01,387,358,352,6,430.0,395.39,62.0,66.27,424.13,7.17,15752.0,61.5,49.33,22178.5,33088.0
WO-004424,2026-06-12,2026-06,2026-W24,Afternoon,M03,P05,460,417,407,10,430.0,392.82,52.0,56.52,401.74,7.17,20016.0,58.25,36.78,27787.7,41514.0
WO-004425,2026-06-12,2026-06,2026-W24,Morning,M04,P06,186,137,130,7,430.0,321.78,125.0,140.93,250.87,7.17,19043.0,36.38,138.95,26792.99,38740.0
WO-004426,2026-06-12,2026-06,2026-W24,Afternoon,M04,P06,181,125,118,7,430.0,300.59,125.0,144.28,239.39,7.17,17375.0,34.71,66.58,24438.96,35164.0
WO-004427,2026-06-12,2026-06,2026-W24,Morning,M05,P05,468,399,389,10,430.0,384.17,52.0,57.77,221.84,7.17,19152.0,32.17,59.17,26614.0,39678.0
WO-004428,2026-06-12,2026-06,2026-W24,Afternoon,M05,P04,239,213,208,5,430.0,389.16,95.0,109.62,214.82,7.17,21087.0,31.15,12.0,29172.82,43680.0
WO-004429,2026-06-12,2026-06,2026-W24,Morning,M06,P01,401,348,342,6,430.0,391.31,62.0,67.47,228.3,7.17,15312.0,33.1,41.44,21542.21,32148.0
WO-004430,2026-06-12,2026-06,2026-W24,Afternoon,M06,P06,188,172,165,7,430.0,392.33,125.0,136.86,224.27,7.17,23908.0,32.52,26.97,33327.16,49170.0
WO-004431,2026-06-15,2026-06,2026-W25,Morning,M01,P03,650,524,516,8,430.0,360.52,38.0,41.28,325.65,7.17,13624.0,47.22,24.19,19261.08,28896.0
WO-004432,2026-06-15,2026-06,2026-W25,Morning,M02,P05,464,390,380,10,430.0,370.27,52.0,56.96,268.09,7.17,18720.0,38.87,26.99,26003.53,38760.0
WO-004433,2026-06-15,2026-06,2026-W25,Afternoon,M02,P02,318,271,264,7,430.0,374.46,74.0,82.91,254.43,7.17,15989.0,36.89,15.55,22320.1,33264.0
WO-004434,2026-06-15,2026-06,2026-W25,Morning,M03,P05,451,427,419,8,430.0,396.73,52.0,55.75,421.47,7.17,20496.0,61.11,51.69,28455.47,42738.0
WO-004435,2026-06-15,2026-06,2026-W25,Afternoon,M03,P03,595,580,570,10,430.0,399.31,38.0,41.31,426.82,7.17,15080.0,61.89,31.93,21271.48,31920.0
WO-004436,2026-06-15,2026-06,2026-W25,Morning,M04,P06,187,133,127,6,430.0,325.38,125.0,146.79,257.16,7.17,18487.0,37.29,68.99,25963.94,37846.0
WO-004437,2026-06-15,2026-06,2026-W25,Afternoon,M04,P03,597,432,421,11,430.0,319.11,38.0,44.32,255.25,7.17,11232.0,37.01,78.13,16038.8,23576.0
WO-004438,2026-06-15,2026-06,2026-W25,Morning,M05,P05,456,393,386,7,430.0,378.31,52.0,57.76,206.35,7.17,18864.0,29.92,45.33,26207.92,39372.0
WO-004439,2026-06-15,2026-06,2026-W25,Afternoon,M05,P06,178,170,163,7,430.0,391.06,125.0,138.02,213.55,7.17,23630.0,30.97,59.73,32978.36,48574.0
WO-004440,2026-06-15,2026-06,2026-W25,Morning,M06,P06,185,177,169,8,430.0,399.63,125.0,135.47,244.85,7.17,24603.0,35.5,18.03,34271.2,50362.0
WO-004441,2026-06-15,2026-06,2026-W25,Afternoon,M06,P04,247,224,220,4,430.0,388.18,95.0,103.98,240.23,7.17,22176.0,34.83,33.9,30672.4,46200.0
WO-004442,2026-06-16,2026-06,2026-W25,Morning,M01,P03,617,555,551,4,430.0,375.66,38.0,40.61,351.04,7.17,14430.0,50.9,21.4,20362.47,30856.0
WO-004443,2026-06-16,2026-06,2026-W25,Afternoon,M01,P01,372,336,330,6,430.0,394.67,62.0,70.48,353.24,7.17,14784.0,51.22,43.41,20842.29,31020.0
WO-004444,2026-06-16,2026-06,2026-W25,Morning,M02,P05,459,374,363,11,430.0,364.21,52.0,58.43,244.5,7.17,17952.0,35.45,13.36,24946.48,37026.0
WO-004445,2026-06-16,2026-06,2026-W25,Afternoon,M02,P02,327,266,261,5,430.0,359.72,74.0,81.14,253.44,7.17,15694.0,36.75,41.71,21946.13,32886.0
WO-004446,2026-06-16,2026-06,2026-W25,Morning,M03,P03,613,584,577,7,430.0,394.9,38.0,40.57,439.43,7.17,15184.0,63.72,12.0,21395.38,32312.0
WO-004447,2026-06-16,2026-06,2026-W25,Afternoon,M03,P01,379,342,336,6,430.0,379.49,62.0,66.58,392.06,7.17,15048.0,56.85,34.61,21199.12,31584.0
WO-004448,2026-06-16,2026-06,2026-W25,Morning,M04,P04,226,175,171,4,430.0,313.44,95.0,107.47,256.71,7.17,17325.0,37.22,89.91,24164.8,35910.0
WO-004449,2026-06-16,2026-06,2026-W25,Afternoon,M04,P06,181,127,121,6,430.0,298.02,125.0,140.8,233.29,7.17,17653.0,33.83,138.31,24889.81,36058.0
WO-004450,2026-06-16,2026-06,2026-W25,Morning,M05,P06,185,169,161,8,430.0,390.95,125.0,138.8,210.77,7.17,23491.0,30.56,69.63,32797.86,47978.0
WO-004451,2026-06-16,2026-06,2026-W25,Afternoon,M05,P01,357,347,341,6,430.0,390.35,62.0,67.5,218.6,7.17,15268.0,31.7,35.2,21474.56,32054.0
WO-004452,2026-06-16,2026-06,2026-W25,Morning,M06,P01,383,357,351,6,430.0,402.37,62.0,67.63,243.88,7.17,15708.0,35.36,54.22,22097.25,32994.0
WO-004453,2026-06-16,2026-06,2026-W25,Afternoon,M06,P05,461,414,401,13,430.0,402.55,52.0,58.34,240.34,7.17,19872.0,34.85,130.52,27663.03,40902.0
WO-004454,2026-06-17,2026-06,2026-W25,Morning,M01,P01,383,369,363,6,430.0,402.86,62.0,65.51,366.09,7.17,16236.0,53.08,12.0,22792.75,34122.0
WO-004455,2026-06-17,2026-06,2026-W25,Afternoon,M01,P01,376,346,338,8,430.0,395.8,62.0,68.64,361.65,7.17,15224.0,52.44,34.82,21434.92,31772.0
WO-004456,2026-06-17,2026-06,2026-W25,Morning,M02,P01,391,327,320,7,430.0,370.14,62.0,67.92,250.96,7.17,14388.0,36.39,12.0,20256.06,30080.0
WO-004457,2026-06-17,2026-06,2026-W25,Afternoon,M02,P05,447,377,367,10,430.0,365.42,52.0,58.16,250.49,7.17,18096.0,36.32,21.85,25150.83,37434.0
WO-004458,2026-06-17,2026-06,2026-W25,Morning,M03,P03,649,566,563,3,430.0,389.71,38.0,41.31,426.23,7.17,14716.0,61.8,33.78,20776.25,31528.0
WO-004459,2026-06-17,2026-06,2026-W25,Afternoon,M03,P01,375,346,339,7,430.0,390.28,62.0,67.68,404.93,7.17,15224.0,58.72,133.05,21539.43,31866.0
WO-004460,2026-06-17,2026-06,2026-W25,Morning,M04,P04,234,185,181,4,430.0,329.71,95.0,106.93,260.62,7.17,18315.0,37.79,141.16,25556.62,38010.0
WO-004461,2026-06-17,2026-06,2026-W25,Afternoon,M04,P03,642,406,399,7,430.0,297.77,38.0,44.0,230.57,7.17,10556.0,33.43,67.45,15101.54,22344.0
WO-004462,2026-06-17,2026-06,2026-W25,Morning,M05,P05,454,397,387,10,430.0,380.14,52.0,57.45,211.59,7.17,19056.0,30.68,13.83,26437.17,39474.0
WO-004463,2026-06-17,2026-06,2026-W25,Afternoon,M05,P01,383,319,313,6,430.0,365.35,62.0,68.72,210.86,7.17,14036.0,30.57,44.46,19802.7,29422.0
WO-004464,2026-06-17,2026-06,2026-W25,Morning,M06,P05,475,448,438,10,430.0,407.69,52.0,54.6,251.98,7.17,21504.0,36.54,40.32,29784.53,44676.0
WO-004465,2026-06-17,2026-06,2026-W25,Afternoon,M06,P01,362,347,342,5,430.0,401.25,62.0,69.38,242.56,7.17,15268.0,35.17,12.0,21454.84,32148.0
WO-004466,2026-06-18,2026-06,2026-W25,Morning,M01,P01,393,339,335,4,430.0,381.21,62.0,67.47,354.32,7.17,14916.0,51.38,16.99,20996.04,31490.0
WO-004467,2026-06-18,2026-06,2026-W25,Afternoon,M01,P01,348,317,310,7,430.0,357.68,62.0,67.7,323.22,7.17,13948.0,46.87,32.04,19686.58,29140.0
WO-004468,2026-06-18,2026-06,2026-W25,Morning,M02,P05,433,383,374,9,430.0,371.92,52.0,58.26,267.75,7.17,18384.0,38.82,41.29,25562.78,38148.0
WO-004469,2026-06-18,2026-06,2026-W25,Afternoon,M02,P01,353,330,326,4,430.0,383.38,62.0,69.71,275.17,7.17,14520.0,39.9,51.65,20479.22,30644.0
WO-004470,2026-06-18,2026-06,2026-W25,Morning,M03,P05,427,424,412,12,430.0,388.85,52.0,55.03,420.37,7.17,20352.0,60.95,12.0,28220.62,42024.0
WO-004471,2026-06-18,2026-06,2026-W25,Afternoon,M03,P01,343,347,341,6,430.0,396.85,62.0,68.62,400.69,7.17,15268.0,58.1,12.0,21477.77,32054.0
WO-004472,2026-06-18,2026-06,2026-W25,Morning,M04,P03,609,441,436,5,430.0,325.19,38.0,44.24,263.71,7.17,11466.0,38.24,78.69,16360.1,24416.0
WO-004473,2026-06-18,2026-06,2026-W25,Afternoon,M04,P04,245,173,168,5,430.0,318.58,95.0,110.49,253.64,7.17,17127.0,36.78,93.61,23900.05,35280.0
WO-004474,2026-06-18,2026-06,2026-W25,Morning,M05,P01,371,332,329,3,430.0,374.25,62.0,67.64,211.08,7.17,14608.0,30.61,94.93,20633.2,30926.0
WO-004475,2026-06-18,2026-06,2026-W25,Afternoon,M05,P05,451,389,381,8,430.0,381.63,52.0,58.86,216.22,7.17,18672.0,31.35,20.33,25924.35,38862.0
WO-004476,2026-06-18,2026-06,2026-W25,Morning,M06,P05,450,455,441,14,430.0,405.84,52.0,53.52,235.31,7.17,21840.0,34.12,64.32,30261.11,44982.0
WO-004477,2026-06-18,2026-06,2026-W25,Afternoon,M06,P06,185,169,162,7,430.0,381.63,125.0,135.49,238.05,7.17,23491.0,34.52,122.75,32854.93,48276.0
WO-004478,2026-06-19,2026-06,2026-W25,Morning,M01,P02,312,293,287,6,430.0,406.77,74.0,83.3,363.94,7.17,17287.0,52.77,63.63,24144.07,36162.0
WO-004479,2026-06-19,2026-06,2026-W25,Afternoon,M01,P02,317,290,282,8,430.0,392.32,74.0,81.17,350.32,7.17,17110.0,50.8,26.89,23865.35,35532.0
WO-004480,2026-06-19,2026-06,2026-W25,Morning,M02,P05,464,384,373,11,430.0,360.52,52.0,56.33,259.66,7.17,18432.0,37.65,63.91,25649.22,38046.0
WO-004481,2026-06-19,2026-06,2026-W25,Afternoon,M02,P02,295,258,255,3,430.0,349.63,74.0,81.31,246.72,7.17,15222.0,35.77,37.61,21301.05,32130.0
WO-004482,2026-06-19,2026-06,2026-W25,Morning,M03,P01,389,356,351,5,430.0,397.54,62.0,67.0,425.92,7.17,15664.0,61.76,18.58,22028.0,32994.0
WO-004483,2026-06-19,2026-06,2026-W25,Afternoon,M03,P01,377,327,323,4,430.0,376.61,62.0,69.1,372.54,7.17,14388.0,54.02,56.25,20317.94,30362.0
WO-004484,2026-06-19,2026-06,2026-W25,Morning,M04,P06,184,125,119,6,430.0,291.89,125.0,140.11,235.44,7.17,17375.0,34.14,87.72,24459.53,35462.0
WO-004485,2026-06-19,2026-06,2026-W25,Afternoon,M04,P04,238,170,165,5,430.0,308.15,95.0,108.76,246.0,7.17,16830.0,35.67,78.1,23481.43,34650.0
WO-004486,2026-06-19,2026-06,2026-W25,Morning,M05,P06,179,166,159,7,430.0,377.98,125.0,136.62,211.38,7.17,23074.0,30.65,45.37,32203.68,47382.0
WO-004487,2026-06-19,2026-06,2026-W25,Afternoon,M05,P04,249,211,206,5,430.0,376.87,95.0,107.17,217.61,7.17,20889.0,31.55,54.96,28948.18,43260.0
WO-004488,2026-06-19,2026-06,2026-W25,Afternoon,M06,P06,187,179,171,8,430.0,404.21,125.0,135.49,233.91,7.17,24881.0,33.92,12.0,34643.58,50958.0
WO-004489,2026-06-22,2026-06,2026-W26,Morning,M01,P02,306,285,279,6,430.0,394.87,74.0,83.13,355.37,7.17,16815.0,51.53,49.22,23488.41,35154.0
WO-004490,2026-06-22,2026-06,2026-W26,Afternoon,M01,P03,595,547,537,10,430.0,375.35,38.0,41.17,340.4,7.17,14222.0,49.36,61.06,20116.58,30072.0
WO-004491,2026-06-22,2026-06,2026-W26,Morning,M02,P05,450,392,381,11,430.0,389.53,52.0,59.62,265.95,7.17,18816.0,38.56,38.59,26144.82,38862.0
WO-004492,2026-06-22,2026-06,2026-W26,Afternoon,M02,P05,461,366,360,6,430.0,359.29,52.0,58.9,261.65,7.17,17568.0,37.94,12.0,24427.61,36720.0
WO-004493,2026-06-22,2026-06,2026-W26,Morning,M03,P01,370,341,336,5,430.0,388.46,62.0,68.35,416.51,7.17,15004.0,60.39,15.75,21123.81,31584.0
WO-004494,2026-06-22,2026-06,2026-W26,Afternoon,M03,P05,453,417,406,11,430.0,397.92,52.0,57.25,426.29,7.17,20016.0,61.81,30.23,27784.71,41412.0
WO-004495,2026-06-22,2026-06,2026-W26,Morning,M04,P06,173,122,116,6,430.0,301.6,125.0,148.33,231.63,7.17,16958.0,33.59,69.64,23870.9,34568.0
WO-004496,2026-06-22,2026-06,2026-W26,Afternoon,M04,P06,188,124,118,6,430.0,308.6,125.0,149.32,238.37,7.17,17236.0,34.56,66.2,24248.43,35164.0
WO-004497,2026-06-22,2026-06,2026-W26,Morning,M05,P04,253,213,207,6,430.0,373.13,95.0,105.11,213.14,7.17,21087.0,30.91,15.88,29176.45,43470.0
WO-004498,2026-06-22,2026-06,2026-W26,Afternoon,M05,P04,239,208,204,4,430.0,370.36,95.0,106.83,204.12,7.17,20592.0,29.6,18.84,28508.11,42840.0
WO-004499,2026-06-22,2026-06,2026-W26,Morning,M06,P04,238,224,219,5,430.0,396.75,95.0,106.27,228.55,7.17,22176.0,33.14,12.0,30648.81,45990.0
WO-004500,2026-06-22,2026-06,2026-W26,Afternoon,M06,P06,191,162,153,9,430.0,382.92,125.0,141.82,220.59,7.17,22518.0,31.99,60.07,31459.72,45594.0
WO-004501,2026-06-23,2026-06,2026-W26,Morning,M01,P03,607,572,563,9,430.0,388.65,38.0,40.77,355.85,7.17,14872.0,51.6,78.92,21024.19,31528.0
WO-004502,2026-06-23,2026-06,2026-W26,Afternoon,M01,P01,389,310,305,5,430.0,351.83,62.0,68.1,323.82,7.17,13640.0,46.95,22.5,19257.12,28670.0
WO-004503,2026-06-23,2026-06,2026-W26,Morning,M02,P01,374,317,310,7,430.0,367.52,62.0,69.56,265.98,7.17,13948.0,38.57,88.21,19734.44,29140.0
WO-004504,2026-06-23,2026-06,2026-W26,Afternoon,M02,P02,332,258,252,6,430.0,361.75,74.0,84.13,249.47,7.17,15222.0,36.17,12.0,21275.84,31752.0
WO-004505,2026-06-23,2026-06,2026-W26,Morning,M03,P01,364,362,356,6,430.0,392.56,62.0,65.07,424.1,7.17,15928.0,61.49,12.0,22381.16,33464.0
WO-004506,2026-06-23,2026-06,2026-W26,Afternoon,M03,P03,564,539,533,6,430.0,366.4,38.0,40.79,380.24,7.17,14014.0,55.13,12.0,19789.3,29848.0
WO-004507,2026-06-23,2026-06,2026-W26,Morning,M04,P06,177,136,129,7,430.0,312.26,125.0,137.76,258.36,7.17,18904.0,37.46,74.97,26540.1,38442.0
WO-004508,2026-06-23,2026-06,2026-W26,Afternoon,M04,P06,181,124,117,7,430.0,299.05,125.0,144.7,242.62,7.17,17236.0,35.18,123.47,24306.32,34866.0
WO-004509,2026-06-23,2026-06,2026-W26,Morning,M05,P06,191,161,153,8,430.0,376.53,125.0,140.32,212.61,7.17,22379.0,30.83,16.01,31224.51,45594.0
WO-004510,2026-06-23,2026-06,2026-W26,Afternoon,M05,P04,243,197,194,3,430.0,353.77,95.0,107.75,188.86,7.17,19503.0,27.38,40.59,27053.64,40740.0
WO-004511,2026-06-23,2026-06,2026-W26,Morning,M06,P01,398,346,341,5,430.0,394.03,62.0,68.33,244.27,7.17,15224.0,35.42,67.86,21450.94,32054.0
WO-004512,2026-06-23,2026-06,2026-W26,Afternoon,M06,P04,232,233,228,5,430.0,402.43,95.0,103.63,250.14,7.17,23067.0,36.27,18.8,31864.73,47880.0
WO-004513,2026-06-24,2026-06,2026-W26,Morning,M01,P03,598,530,525,5,430.0,377.94,38.0,42.79,323.12,7.17,13780.0,46.85,87.11,19536.63,29400.0
WO-004514,2026-06-24,2026-06,2026-W26,Afternoon,M01,P02,300,274,268,6,430.0,376.49,74.0,82.44,335.13,7.17,16166.0,48.59,144.66,22700.92,33768.0
WO-004515,2026-06-24,2026-06,2026-W26,Morning,M02,P02,322,286,281,5,430.0,388.52,74.0,81.51,280.7,7.17,16874.0,40.7,51.87,23560.24,35406.0
WO-004516,2026-06-24,2026-06,2026-W26,Afternoon,M02,P02,313,273,266,7,430.0,375.49,74.0,82.52,250.69,7.17,16107.0,36.35,42.63,22506.65,33516.0
WO-004517,2026-06-24,2026-06,2026-W26,Morning,M03,P01,387,355,349,6,430.0,392.91,62.0,66.41,410.51,7.17,15620.0,59.52,22.02,21969.21,32806.0
WO-004518,2026-06-24,2026-06,2026-W26,Afternoon,M03,P01,384,330,325,5,430.0,381.62,62.0,69.39,411.77,7.17,14520.0,59.71,75.3,20522.67,30550.0
WO-004519,2026-06-24,2026-06,2026-W26,Morning,M04,P06,186,129,123,6,430.0,316.34,125.0,147.13,240.15,7.17,17931.0,34.82,72.19,25204.68,36654.0
WO-004520,2026-06-24,2026-06,2026-W26,Afternoon,M04,P06,190,128,121,7,430.0,311.62,125.0,146.07,244.71,7.17,17792.0,35.48,75.7,25018.85,36058.0
WO-004521,2026-06-24,2026-06,2026-W26,Morning,M05,P05,442,389,382,7,430.0,369.53,52.0,57.0,210.39,7.17,18672.0,30.51,26.21,25929.38,38964.0
WO-004522,2026-06-24,2026-06,2026-W26,Afternoon,M05,P06,172,157,150,7,430.0,376.58,125.0,143.92,199.1,7.17,21823.0,28.87,20.52,30467.06,44700.0
WO-004523,2026-06-24,2026-06,2026-W26,Morning,M06,P05,469,419,410,9,430.0,404.84,52.0,57.97,244.2,7.17,20112.0,35.41,21.36,27879.43,41820.0
WO-004524,2026-06-24,2026-06,2026-W26,Afternoon,M06,P04,247,235,229,6,430.0,401.0,95.0,102.38,254.94,7.17,23265.0,36.97,21.59,32136.23,48090.0
WO-004525,2026-06-25,2026-06,2026-W26,Morning,M01,P02,315,285,280,5,430.0,382.26,74.0,80.48,342.68,7.17,16815.0,49.69,132.07,23569.42,35280.0
WO-004526,2026-06-25,2026-06,2026-W26,Afternoon,M01,P03,594,518,512,6,430.0,365.4,38.0,42.32,344.24,7.17,13468.0,49.91,64.8,19091.38,28672.0
WO-004527,2026-06-25,2026-06,2026-W26,Morning,M02,P01,372,320,314,6,430.0,386.9,62.0,72.54,279.64,7.17,14080.0,40.55,46.1,19874.32,29516.0
WO-004528,2026-06-25,2026-06,2026-W26,Afternoon,M02,P02,330,252,247,5,430.0,361.22,74.0,86.0,246.45,7.17,14868.0,35.73,16.51,20799.91,31122.0
WO-004529,2026-06-25,2026-06,2026-W26,Morning,M03,P05,459,407,397,10,430.0,379.71,52.0,55.98,409.1,7.17,19536.0,59.32,14.05,27116.03,40494.0
WO-004530,2026-06-25,2026-06,2026-W26,Afternoon,M03,P01,388,357,351,6,430.0,400.86,62.0,67.37,408.22,7.17,15708.0,59.19,27.79,22094.65,32994.0
WO-004531,2026-06-25,2026-06,2026-W26,Morning,M04,P06,178,132,125,7,430.0,316.72,125.0,143.96,259.72,7.17,18348.0,37.66,130.61,25835.94,37250.0
WO-004532,2026-06-25,2026-06,2026-W26,Afternoon,M04,P06,191,124,118,6,430.0,300.91,125.0,145.6,238.81,7.17,17236.0,34.63,84.18,24266.47,35164.0
WO-004533,2026-06-25,2026-06,2026-W26,Morning,M05,P04,248,235,230,5,430.0,402.04,95.0,102.65,236.99,7.17,23265.0,34.36,33.22,32145.25,48300.0
WO-004534,2026-06-25,2026-06,2026-W26,Afternoon,M05,P05,439,379,371,8,430.0,365.72,52.0,57.9,199.57,7.17,18192.0,28.94,12.0,25263.6,37842.0
WO-004535,2026-06-25,2026-06,2026-W26,Morning,M06,P06,190,177,170,7,430.0,390.26,125.0,132.29,243.85,7.17,24603.0,35.36,12.0,34265.03,50660.0
WO-004536,2026-06-25,2026-06,2026-W26,Afternoon,M06,P06,194,175,167,8,430.0,404.59,125.0,138.72,239.79,7.17,24325.0,34.77,12.0,33884.44,49766.0
WO-004537,2026-06-26,2026-06,2026-W26,Morning,M01,P01,365,336,330,6,430.0,389.62,62.0,69.58,352.94,7.17,14784.0,51.18,12.0,20810.84,31020.0
WO-004538,2026-06-26,2026-06,2026-W26,Afternoon,M01,P03,592,530,524,6,430.0,377.25,38.0,42.71,341.57,7.17,13780.0,49.53,98.1,19550.29,29344.0
WO-004539,2026-06-26,2026-06,2026-W26,Morning,M02,P02,324,299,296,3,430.0,397.56,74.0,79.78,265.3,7.17,17641.0,38.47,33.42,24579.55,37296.0
WO-004540,2026-06-26,2026-06,2026-W26,Afternoon,M02,P02,302,252,246,6,430.0,359.4,74.0,85.57,251.95,7.17,14868.0,36.53,12.0,20796.2,30996.0
WO-004541,2026-06-26,2026-06,2026-W26,Morning,M03,P03,625,574,570,4,430.0,383.23,38.0,40.06,409.07,7.17,14924.0,59.32,43.81,21067.79,31920.0
WO-004542,2026-06-26,2026-06,2026-W26,Afternoon,M03,P03,564,538,533,5,430.0,379.18,38.0,42.29,398.99,7.17,13988.0,57.85,20.11,19764.63,29848.0
WO-004543,2026-06-26,2026-06,2026-W26,Morning,M04,P06,184,133,126,7,430.0,319.24,125.0,144.02,259.68,7.17,18487.0,37.65,65.87,25961.19,37548.0
WO-004544,2026-06-26,2026-06,2026-W26,Afternoon,M04,P03,566,409,398,11,430.0,295.59,38.0,43.36,244.12,7.17,10634.0,35.4,85.32,15227.89,22288.0
WO-004545,2026-06-26,2026-06,2026-W26,Morning,M05,P04,237,216,211,5,430.0,379.25,95.0,105.35,219.0,7.17,21384.0,31.75,46.65,29610.07,44310.0
WO-004546,2026-06-26,2026-06,2026-W26,Afternoon,M05,P04,247,209,206,3,430.0,365.23,95.0,104.85,211.99,7.17,20691.0,30.74,21.78,28646.18,43260.0
WO-004547,2026-06-26,2026-06,2026-W26,Morning,M06,P04,236,235,231,4,430.0,393.15,95.0,100.38,239.46,7.17,23265.0,34.72,103.11,32215.5,48510.0
WO-004548,2026-06-26,2026-06,2026-W26,Afternoon,M06,P06,176,164,156,8,430.0,368.04,125.0,134.65,220.66,7.17,22796.0,32.0,69.96,31849.62,46488.0
WO-004549,2026-06-29,2026-06,2026-W27,Morning,M01,P01,397,355,347,8,430.0,402.22,62.0,67.98,359.08,7.17,15620.0,52.07,12.0,21951.73,32618.0
WO-004550,2026-06-29,2026-06,2026-W27,Afternoon,M01,P01,385,326,320,6,430.0,375.75,62.0,69.16,349.96,7.17,14344.0,50.74,83.25,20281.66,30080.0
WO-004551,2026-06-29,2026-06,2026-W27,Morning,M02,P02,311,267,261,6,430.0,375.45,74.0,84.37,268.96,7.17,15753.0,39.0,31.41,22018.07,32886.0
WO-004552,2026-06-29,2026-06,2026-W27,Afternoon,M02,P05,446,366,356,10,430.0,358.47,52.0,58.77,242.83,7.17,17568.0,35.21,135.66,24548.54,36312.0
WO-004553,2026-06-29,2026-06,2026-W27,Morning,M03,P01,367,348,341,7,430.0,394.46,62.0,68.01,384.17,7.17,15312.0,55.7,34.55,21557.93,32054.0
WO-004554,2026-06-29,2026-06,2026-W27,Afternoon,M03,P03,583,547,541,6,430.0,378.09,38.0,41.47,405.28,7.17,14222.0,58.77,116.93,20181.86,30296.0
WO-004555,2026-06-29,2026-06,2026-W27,Morning,M04,P04,232,175,169,6,430.0,313.21,95.0,107.38,252.9,7.17,17325.0,36.67,85.36,24159.7,35490.0
WO-004556,2026-06-29,2026-06,2026-W27,Afternoon,M04,P03,613,435,427,8,430.0,319.75,38.0,44.1,255.68,7.17,11310.0,37.07,115.62,16182.86,23912.0
WO-004557,2026-06-29,2026-06,2026-W27,Morning,M05,P05,444,413,405,8,430.0,389.13,52.0,56.53,213.61,7.17,19824.0,30.97,61.94,27525.58,41310.0
WO-004558,2026-06-29,2026-06,2026-W27,Afternoon,M05,P06,180,153,146,7,430.0,357.16,125.0,140.06,201.56,7.17,21267.0,29.23,61.49,29748.38,43508.0
WO-004559,2026-06-29,2026-06,2026-W27,Morning,M06,P01,387,352,347,5,430.0,406.48,62.0,69.29,246.72,7.17,15488.0,35.77,72.87,21816.31,32618.0
WO-004560,2026-06-29,2026-06,2026-W27,Afternoon,M06,P01,367,355,348,7,430.0,388.7,62.0,65.7,228.99,7.17,15620.0,33.2,99.2,22020.07,32712.0
WO-004561,2026-06-30,2026-06,2026-W27,Morning,M01,P02,314,286,281,5,430.0,396.12,74.0,83.1,361.01,7.17,16874.0,52.35,35.68,23555.69,35406.0
WO-004562,2026-06-30,2026-06,2026-W27,Afternoon,M01,P02,320,268,259,9,430.0,374.59,74.0,83.86,329.37,7.17,15812.0,47.76,45.35,22120.77,32634.0
WO-004563,2026-06-30,2026-06,2026-W27,Morning,M02,P02,303,284,278,6,430.0,385.24,74.0,81.39,264.08,7.17,16756.0,38.29,74.56,23420.52,35028.0
WO-004564,2026-06-30,2026-06,2026-W27,Afternoon,M02,P02,318,280,273,7,430.0,374.17,74.0,80.18,258.46,7.17,16520.0,37.48,16.08,23041.23,34398.0
WO-004565,2026-06-30,2026-06,2026-W27,Morning,M03,P05,442,409,401,8,430.0,386.42,52.0,56.69,398.15,7.17,19632.0,57.73,65.0,27295.4,40902.0
WO-004566,2026-06-30,2026-06,2026-W27,Afternoon,M03,P01,371,360,355,5,430.0,408.37,62.0,68.06,412.95,7.17,15840.0,59.88,111.51,22359.06,33370.0
WO-004567,2026-06-30,2026-06,2026-W27,Morning,M04,P03,624,441,433,8,430.0,323.23,38.0,43.98,259.23,7.17,11466.0,37.59,113.3,16394.06,24248.0
WO-004568,2026-06-30,2026-06,2026-W27,Afternoon,M04,P03,587,411,398,13,430.0,303.98,38.0,44.38,249.73,7.17,10686.0,36.21,112.12,15326.5,22288.0
WO-004569,2026-06-30,2026-06,2026-W27,Morning,M05,P05,437,387,381,6,430.0,377.37,52.0,58.51,218.74,7.17,18576.0,31.72,12.0,25786.38,38862.0
WO-004570,2026-06-30,2026-06,2026-W27,Afternoon,M05,P04,234,218,214,4,430.0,379.36,95.0,104.41,214.4,7.17,21582.0,31.09,56.55,29887.3,44940.0
WO-004571,2026-06-30,2026-06,2026-W27,Morning,M06,P05,424,416,408,8,430.0,397.46,52.0,57.33,242.78,7.17,19968.0,35.2,12.0,27674.87,41616.0
WO-004572,2026-06-30,2026-06,2026-W27,Afternoon,M06,P04,244,217,212,5,430.0,388.61,95.0,107.45,238.09,7.17,21483.0,34.52,12.5,29712.69,44520.0
WO-004573,2026-07-01,2026-07,2026-W27,Morning,M01,P02,302,281,276,5,430.0,378.63,74.0,80.85,361.56,7.17,16579.0,52.43,22.47,23142.56,34776.0
WO-004574,2026-07-01,2026-07,2026-W27,Afternoon,M01,P03,606,528,521,7,430.0,365.52,38.0,41.54,361.3,7.17,13728.0,52.39,12.0,19396.05,29176.0
WO-004575,2026-07-01,2026-07,2026-W27,Morning,M02,P02,295,290,285,5,430.0,391.77,74.0,81.06,276.37,7.17,17110.0,40.07,24.18,23851.92,35910.0
WO-004576,2026-07-01,2026-07,2026-W27,Afternoon,M02,P02,280,254,249,5,430.0,355.13,74.0,83.89,253.89,7.17,14986.0,36.81,80.01,21024.49,31374.0
WO-004577,2026-07-01,2026-07,2026-W27,Morning,M03,P01,363,346,341,5,430.0,402.17,62.0,69.74,431.15,7.17,15224.0,62.52,26.0,21436.19,32054.0
WO-004578,2026-07-01,2026-07,2026-W27,Afternoon,M03,P01,374,339,332,7,430.0,373.13,62.0,66.04,399.21,7.17,14916.0,57.89,91.45,21077.01,31208.0
WO-004579,2026-07-01,2026-07,2026-W27,Morning,M04,P06,171,131,125,6,430.0,306.37,125.0,140.32,246.92,7.17,18209.0,35.8,85.48,25598.95,37250.0
WO-004580,2026-07-01,2026-07,2026-W27,Afternoon,M04,P03,611,410,403,7,430.0,302.98,38.0,44.34,228.72,7.17,10660.0,33.16,146.08,15321.91,22568.0
WO-004581,2026-07-01,2026-07,2026-W27,Morning,M05,P05,456,409,399,10,430.0,387.42,52.0,56.83,206.57,7.17,19632.0,29.95,45.55,27248.17,40698.0
WO-004582,2026-07-01,2026-07,2026-W27,Afternoon,M05,P06,189,162,155,7,430.0,367.31,125.0,136.04,206.48,7.17,22518.0,29.94,30.84,31428.44,46190.0
WO-004583,2026-07-01,2026-07,2026-W27,Morning,M06,P04,240,225,220,5,430.0,393.11,95.0,104.83,238.9,7.17,22275.0,34.64,68.6,30840.9,46200.0
WO-004584,2026-07-01,2026-07,2026-W27,Afternoon,M06,P01,342,353,348,5,430.0,396.39,62.0,67.37,227.89,7.17,15532.0,33.04,31.42,21832.13,32712.0
WO-004585,2026-07-02,2026-07,2026-W27,Afternoon,M01,P03,616,543,537,6,430.0,380.65,38.0,42.06,345.62,7.17,14118.0,50.12,124.17,20038.45,30072.0
WO-004586,2026-07-02,2026-07,2026-W27,Morning,M02,P01,377,312,307,5,430.0,367.35,62.0,70.64,264.35,7.17,13728.0,38.33,63.33,19409.33,28858.0
WO-004587,2026-07-02,2026-07,2026-W27,Afternoon,M02,P01,362,311,304,7,430.0,366.26,62.0,70.66,267.56,7.17,13684.0,38.8,12.0,19298.46,28576.0
WO-004588,2026-07-02,2026-07,2026-W27,Morning,M03,P03,581,568,562,6,430.0,385.66,38.0,40.74,422.4,7.17,14768.0,61.25,51.93,20864.84,31472.0
WO-004589,2026-07-02,2026-07,2026-W27,Afternoon,M03,P05,392,414,405,9,430.0,386.29,52.0,55.98,408.2,7.17,19872.0,59.19,48.59,27605.45,41310.0
WO-004590,2026-07-02,2026-07,2026-W27,Morning,M04,P04,228,174,170,4,430.0,325.05,95.0,112.08,259.54,7.17,17226.0,37.63,85.24,24026.54,35700.0
WO-004591,2026-07-02,2026-07,2026-W27,Afternoon,M04,P03,558,425,418,7,430.0,298.05,38.0,42.08,236.88,7.17,11050.0,34.35,69.47,15778.98,23408.0
WO-004592,2026-07-02,2026-07,2026-W27,Morning,M05,P04,228,218,213,5,430.0,377.22,95.0,103.82,200.69,7.17,21582.0,29.1,12.0,29840.77,44730.0
WO-004593,2026-07-02,2026-07,2026-W27,Afternoon,M05,P01,366,293,289,4,430.0,351.48,62.0,71.97,189.56,7.17,12892.0,27.49,40.32,18235.48,27166.0
WO-004594,2026-07-02,2026-07,2026-W27,Morning,M06,P05,429,421,409,12,430.0,396.47,52.0,56.5,244.31,7.17,20208.0,35.42,76.93,28065.02,41718.0
WO-004595,2026-07-02,2026-07,2026-W27,Afternoon,M06,P06,182,172,165,7,430.0,391.81,125.0,136.68,229.31,7.17,23908.0,33.25,12.0,33312.92,49170.0
WO-004596,2026-07-03,2026-07,2026-W27,Morning,M01,P03,568,549,547,2,430.0,386.22,38.0,42.21,354.1,7.17,14274.0,51.34,24.49,20153.0,30632.0
WO-004597,2026-07-03,2026-07,2026-W27,Afternoon,M01,P03,600,528,520,8,430.0,380.06,38.0,43.19,344.09,7.17,13728.0,49.89,12.0,19393.56,29120.0
WO-004598,2026-07-03,2026-07,2026-W27,Morning,M02,P01,354,328,327,1,430.0,383.21,62.0,70.1,256.22,7.17,14432.0,37.15,22.12,20326.94,30738.0
WO-004599,2026-07-03,2026-07,2026-W27,Afternoon,M02,P01,354,326,323,3,430.0,382.18,62.0,70.34,268.78,7.17,14344.0,38.97,12.0,20198.64,30362.0
WO-004600,2026-07-03,2026-07,2026-W27,Morning,M03,P05,444,424,413,11,430.0,395.62,52.0,55.98,436.74,7.17,20352.0,63.33,21.06,28232.06,42126.0
WO-004601,2026-07-03,2026-07,2026-W27,Afternoon,M03,P05,413,418,411,7,430.0,387.84,52.0,55.67,418.32,7.17,20064.0,60.66,12.47,27830.79,41922.0
WO-004602,2026-07-03,2026-07,2026-W27,Morning,M04,P06,178,144,136,8,430.0,326.51,125.0,136.05,254.68,7.17,20016.0,36.93,79.5,28064.1,40528.0
WO-004603,2026-07-03,2026-07,2026-W27,Afternoon,M04,P06,180,122,115,7,430.0,295.75,125.0,145.45,237.81,7.17,16958.0,34.48,75.92,23878.07,34270.0
WO-004604,2026-07-03,2026-07,2026-W27,Morning,M05,P01,364,323,319,4,430.0,366.64,62.0,68.11,198.05,7.17,14212.0,28.72,43.7,20040.08,29986.0
WO-004605,2026-07-03,2026-07,2026-W27,Afternoon,M05,P01,379,306,301,5,430.0,355.13,62.0,69.63,204.61,7.17,13464.0,29.67,12.0,18989.33,28294.0
WO-004606,2026-07-03,2026-07,2026-W27,Morning,M06,P01,379,347,339,8,430.0,394.97,62.0,68.29,224.76,7.17,15268.0,32.59,41.76,21482.01,31866.0
WO-004607,2026-07-03,2026-07,2026-W27,Afternoon,M06,P05,437,421,410,11,430.0,384.66,52.0,54.82,242.18,7.17,20208.0,35.12,12.0,27999.78,41820.0
WO-004608,2026-07-06,2026-07,2026-W28,Morning,M01,P02,311,270,265,5,430.0,358.05,74.0,79.57,326.03,7.17,15930.0,47.27,12.61,22247.55,33390.0
WO-004609,2026-07-06,2026-07,2026-W28,Afternoon,M01,P03,574,539,532,7,430.0,380.53,38.0,42.36,326.19,7.17,14014.0,47.3,99.99,19869.45,29792.0
WO-004610,2026-07-06,2026-07,2026-W28,Morning,M02,P02,295,275,267,8,430.0,377.38,74.0,82.34,252.99,7.17,16225.0,36.68,44.3,22668.65,33642.0
WO-004611,2026-07-06,2026-07,2026-W28,Afternoon,M02,P05,430,371,363,8,430.0,359.41,52.0,58.13,242.43,7.17,17808.0,35.15,13.3,24751.12,37026.0
WO-004612,2026-07-06,2026-07,2026-W28,Morning,M03,P03,569,579,575,4,430.0,380.72,38.0,39.45,399.98,7.17,15054.0,58.0,62.59,21262.76,32200.0
WO-004613,2026-07-06,2026-07,2026-W28,Afternoon,M03,P03,589,545,539,6,430.0,368.57,38.0,40.58,365.41,7.17,14170.0,52.98,62.61,20050.77,30184.0
WO-004614,2026-07-06,2026-07,2026-W28,Morning,M04,P04,236,174,169,5,430.0,312.61,95.0,107.8,244.54,7.17,17226.0,35.46,112.76,24051.89,35490.0
WO-004615,2026-07-06,2026-07,2026-W28,Afternoon,M04,P03,553,414,408,6,430.0,320.32,38.0,46.42,255.64,7.17,10764.0,37.07,79.0,15400.73,22848.0
WO-004616,2026-07-06,2026-07,2026-W28,Morning,M05,P06,185,166,159,7,430.0,389.26,125.0,140.7,222.51,7.17,23074.0,32.26,77.82,32237.75,47382.0
WO-004617,2026-07-06,2026-07,2026-W28,Afternoon,M05,P05,419,400,390,10,430.0,384.42,52.0,57.66,215.02,7.17,19200.0,31.18,57.41,26676.25,39780.0
WO-004618,2026-07-06,2026-07,2026-W28,Morning,M06,P05,405,444,431,13,430.0,406.34,52.0,54.91,245.24,7.17,21312.0,35.56,12.0,29495.23,43962.0
WO-004619,2026-07-06,2026-07,2026-W28,Afternoon,M06,P05,430,444,432,12,430.0,407.28,52.0,55.04,248.96,7.17,21312.0,36.1,31.57,29515.34,44064.0
WO-004620,2026-07-07,2026-07,2026-W28,Morning,M01,P03,590,577,572,5,430.0,390.65,38.0,40.62,345.7,7.17,15002.0,50.13,28.31,21149.6,32032.0
WO-004621,2026-07-07,2026-07,2026-W28,Afternoon,M01,P03,568,544,539,5,430.0,376.0,38.0,41.47,321.35,7.17,14144.0,46.6,23.51,19969.78,30184.0
WO-004622,2026-07-07,2026-07,2026-W28,Morning,M02,P05,427,415,403,12,430.0,394.76,52.0,57.07,286.48,7.17,19920.0,41.54,27.71,27631.91,41106.0
WO-004623,2026-07-07,2026-07,2026-W28,Afternoon,M02,P02,313,278,273,5,430.0,391.18,74.0,84.43,271.71,7.17,16402.0,39.4,12.17,22879.23,34398.0
WO-004624,2026-07-07,2026-07,2026-W28,Morning,M03,P01,379,347,345,2,430.0,390.71,62.0,67.56,440.87,7.17,15268.0,63.93,28.7,21500.3,32430.0
WO-004625,2026-07-07,2026-07,2026-W28,Afternoon,M03,P05,423,395,387,8,430.0,381.14,52.0,57.89,388.65,7.17,18960.0,56.35,56.38,26375.4,39474.0
WO-004626,2026-07-07,2026-07,2026-W28,Morning,M04,P03,603,461,448,13,430.0,330.6,38.0,43.03,264.38,7.17,11986.0,38.33,96.92,17088.43,25088.0
WO-004627,2026-07-07,2026-07,2026-W28,Afternoon,M04,P04,238,175,170,5,430.0,317.4,95.0,108.82,251.75,7.17,17325.0,36.5,68.55,24142.72,35700.0
WO-004628,2026-07-07,2026-07,2026-W28,Morning,M05,P06,175,166,159,7,430.0,378.99,125.0,136.98,200.29,7.17,23074.0,29.04,121.09,32277.8,47382.0
WO-004629,2026-07-07,2026-07,2026-W28,Afternoon,M05,P01,351,318,314,4,430.0,376.61,62.0,71.06,206.52,7.17,13992.0,29.95,30.83,19728.44,29516.0
WO-004630,2026-07-07,2026-07,2026-W28,Morning,M06,P04,229,245,241,4,430.0,407.08,95.0,99.69,244.89,7.17,24255.0,35.51,34.1,33487.28,50610.0
WO-004631,2026-07-07,2026-07,2026-W28,Afternoon,M06,P05,417,404,396,8,430.0,387.86,52.0,57.6,233.58,7.17,19392.0,33.87,12.0,26893.54,40392.0
WO-004632,2026-07-08,2026-07,2026-W28,Morning,M01,P02,295,289,282,7,430.0,381.11,74.0,79.12,374.09,7.17,17051.0,54.24,29.17,23791.08,35532.0
WO-004633,2026-07-08,2026-07,2026-W28,Afternoon,M01,P02,310,277,270,7,430.0,369.18,74.0,79.97,321.28,7.17,16343.0,46.59,23.89,22818.15,34020.0
WO-004634,2026-07-08,2026-07,2026-W28,Morning,M02,P01,361,343,337,6,430.0,388.41,62.0,67.94,263.93,7.17,15092.0,38.27,54.84,21260.78,31678.0
WO-004635,2026-07-08,2026-07,2026-W28,Afternoon,M02,P01,374,310,303,7,430.0,361.79,62.0,70.02,247.98,7.17,13640.0,35.96,28.73,19252.36,28482.0
WO-004636,2026-07-08,2026-07,2026-W28,Morning,M03,P01,365,343,338,5,430.0,379.52,62.0,66.39,380.52,7.17,15092.0,55.18,12.0,21234.84,31772.0
WO-004637,2026-07-08,2026-07,2026-W28,Afternoon,M03,P05,417,397,387,10,430.0,379.4,52.0,57.34,398.01,7.17,19056.0,57.71,20.17,26470.55,39474.0
WO-004638,2026-07-08,2026-07,2026-W28,Morning,M04,P03,599,439,430,9,430.0,309.08,38.0,42.24,245.34,7.17,11414.0,35.57,87.27,16295.01,24080.0
WO-004639,2026-07-08,2026-07,2026-W28,Afternoon,M04,P06,173,133,126,7,430.0,319.77,125.0,144.25,261.82,7.17,18487.0,37.96,135.92,26031.55,37548.0
WO-004640,2026-07-08,2026-07,2026-W28,Morning,M05,P01,351,335,331,4,430.0,384.97,62.0,68.95,212.69,7.17,14740.0,30.84,40.34,20758.85,31114.0
WO-004641,2026-07-08,2026-07,2026-W28,Afternoon,M05,P04,231,209,203,6,430.0,377.82,95.0,108.47,214.4,7.17,20691.0,31.09,17.18,28641.94,42630.0
WO-004642,2026-07-08,2026-07,2026-W28,Morning,M06,P01,357,359,353,6,430.0,397.39,62.0,66.42,234.81,7.17,15796.0,34.05,50.65,22212.37,33182.0
WO-004643,2026-07-08,2026-07,2026-W28,Afternoon,M06,P01,364,365,358,7,430.0,410.76,62.0,67.52,250.63,7.17,16060.0,36.34,62.69,22586.69,33652.0
WO-004644,2026-07-09,2026-07,2026-W28,Morning,M01,P01,344,329,323,6,430.0,378.35,62.0,69.0,352.56,7.17,14476.0,51.12,107.03,20485.82,30362.0
WO-004645,2026-07-09,2026-07,2026-W28,Afternoon,M01,P02,312,273,266,7,430.0,367.22,74.0,80.71,319.92,7.17,16107.0,46.39,34.25,22508.31,33516.0
WO-004646,2026-07-09,2026-07,2026-W28,Morning,M02,P05,420,386,375,11,430.0,382.34,52.0,59.43,270.11,7.17,18528.0,39.17,34.43,25751.26,38250.0
WO-004647,2026-07-09,2026-07,2026-W28,Afternoon,M02,P02,313,284,277,7,430.0,389.87,74.0,82.37,289.25,7.17,16756.0,41.94,68.21,23417.82,34902.0
WO-004648,2026-07-09,2026-07,2026-W28,Afternoon,M03,P03,633,562,555,7,430.0,385.55,38.0,41.16,422.81,7.17,14612.0,61.31,26.09,20626.07,31080.0
WO-004649,2026-07-09,2026-07,2026-W28,Morning,M04,P04,246,166,162,4,430.0,300.08,95.0,108.46,235.74,7.17,16434.0,34.18,61.82,22927.67,34020.0
WO-004650,2026-07-09,2026-07,2026-W28,Afternoon,M04,P06,186,129,123,6,430.0,308.79,125.0,143.62,260.3,7.17,17931.0,37.74,111.5,25246.91,36654.0
WO-004651,2026-07-09,2026-07,2026-W28,Morning,M05,P04,242,213,207,6,430.0,384.78,95.0,108.39,203.44,7.17,21087.0,29.5,28.96,29188.13,43470.0
WO-004652,2026-07-09,2026-07,2026-W28,Afternoon,M05,P01,358,316,308,8,430.0,375.43,62.0,71.28,211.43,7.17,13904.0,30.66,12.0,19590.32,28952.0
WO-004653,2026-07-09,2026-07,2026-W28,Morning,M06,P01,362,349,345,4,430.0,395.71,62.0,68.03,236.73,7.17,15356.0,34.33,106.29,21668.28,32430.0
WO-004654,2026-07-09,2026-07,2026-W28,Afternoon,M06,P01,371,348,345,3,430.0,401.61,62.0,69.24,242.24,7.17,15312.0,35.13,46.23,21549.02,32430.0
WO-004655,2026-07-10,2026-07,2026-W28,Morning,M01,P02,318,276,269,7,430.0,372.21,74.0,80.92,340.97,7.17,16284.0,49.44,79.34,22796.45,33894.0
WO-004656,2026-07-10,2026-07,2026-W28,Afternoon,M01,P02,299,272,263,9,430.0,367.52,74.0,81.07,347.7,7.17,16048.0,50.42,12.93,22411.01,33138.0
WO-004657,2026-07-10,2026-07,2026-W28,Morning,M02,P02,306,281,274,7,430.0,378.12,74.0,80.74,259.61,7.17,16579.0,37.64,40.29,23145.6,34524.0
WO-004658,2026-07-10,2026-07,2026-W28,Afternoon,M02,P02,298,287,280,7,430.0,397.52,74.0,83.1,271.61,7.17,16933.0,39.38,29.33,23616.38,35280.0
WO-004659,2026-07-10,2026-07,2026-W28,Morning,M03,P03,608,568,563,5,430.0,390.5,38.0,41.25,421.21,7.17,14768.0,61.08,12.0,20824.74,31528.0
WO-004660,2026-07-10,2026-07,2026-W28,Afternoon,M03,P01,359,337,333,4,430.0,373.78,62.0,66.55,407.66,7.17,14828.0,59.11,57.12,20923.9,31302.0
WO-004661,2026-07-10,2026-07,2026-W28,Morning,M04,P04,240,172,168,4,430.0,308.8,95.0,107.72,254.04,7.17,17028.0,36.84,65.22,23737.73,35280.0
WO-004662,2026-07-10,2026-07,2026-W28,Afternoon,M04,P04,239,156,152,4,430.0,293.61,95.0,112.93,235.25,7.17,15444.0,34.11,69.94,21595.71,31920.0
WO-004663,2026-07-10,2026-07,2026-W28,Morning,M05,P06,175,166,159,7,430.0,383.29,125.0,138.54,205.27,7.17,23074.0,29.76,43.39,32200.82,47382.0
WO-004664,2026-07-10,2026-07,2026-W28,Afternoon,M05,P01,361,328,324,4,430.0,376.17,62.0,68.81,210.18,7.17,14432.0,30.48,27.35,20325.49,30456.0
WO-004665,2026-07-10,2026-07,2026-W28,Morning,M06,P05,437,410,400,10,430.0,393.99,52.0,57.66,240.43,7.17,19680.0,34.86,12.0,27284.53,40800.0
WO-004666,2026-07-10,2026-07,2026-W28,Afternoon,M06,P01,375,351,346,5,430.0,392.36,62.0,67.07,243.15,7.17,15444.0,35.26,19.51,21702.44,32524.0
WO-004667,2026-07-13,2026-07,2026-W29,Morning,M01,P02,301,292,284,8,430.0,399.59,74.0,82.11,368.26,7.17,17228.0,53.4,107.44,24108.5,35784.0
WO-004668,2026-07-13,2026-07,2026-W29,Afternoon,M01,P02,273,268,261,7,430.0,375.74,74.0,84.12,338.54,7.17,15812.0,49.09,44.25,22121.01,32886.0
WO-004669,2026-07-13,2026-07,2026-W29,Morning,M02,P01,357,340,335,5,430.0,396.0,62.0,69.88,267.65,7.17,14960.0,38.81,15.82,21042.3,31490.0
WO-004670,2026-07-13,2026-07,2026-W29,Afternoon,M02,P05,419,375,366,9,430.0,369.63,52.0,59.14,253.82,7.17,18000.0,36.8,45.28,25044.75,37332.0
WO-004671,2026-07-13,2026-07,2026-W29,Morning,M03,P01,338,356,351,5,430.0,392.53,62.0,66.16,413.86,7.17,15664.0,60.01,36.02,22043.7,32994.0
WO-004672,2026-07-13,2026-07,2026-W29,Afternoon,M03,P01,379,320,315,5,430.0,385.81,62.0,72.34,387.77,7.17,14080.0,56.23,12.0,19855.89,29610.0
WO-004673,2026-07-13,2026-07,2026-W29,Morning,M04,P03,615,418,409,9,430.0,297.77,38.0,42.74,239.02,7.17,10868.0,34.66,138.74,15600.06,22904.0
WO-004674,2026-07-13,2026-07,2026-W29,Afternoon,M04,P04,231,178,173,5,430.0,323.45,95.0,109.03,261.57,7.17,17622.0,37.93,117.96,24595.55,36330.0
WO-004675,2026-07-13,2026-07,2026-W29,Morning,M05,P06,176,162,156,6,430.0,381.03,125.0,141.12,215.41,7.17,22518.0,31.23,14.88,31413.78,46488.0
WO-004676,2026-07-13,2026-07,2026-W29,Afternoon,M05,P05,403,428,419,9,430.0,402.95,52.0,56.49,226.27,7.17,20544.0,32.81,23.17,28463.64,42738.0
WO-004677,2026-07-13,2026-07,2026-W29,Morning,M06,P01,370,365,359,6,430.0,411.84,62.0,67.7,253.73,7.17,16060.0,36.79,50.44,22574.9,33746.0
WO-004678,2026-07-13,2026-07,2026-W29,Afternoon,M06,P05,419,401,389,12,430.0,379.83,52.0,56.83,227.73,7.17,19248.0,33.02,65.88,26751.57,39678.0
WO-004679,2026-07-14,2026-07,2026-W29,Morning,M01,P03,564,559,551,8,430.0,382.45,38.0,41.05,340.22,7.17,14534.0,49.33,47.1,20528.6,30856.0
WO-004680,2026-07-14,2026-07,2026-W29,Afternoon,M01,P03,557,534,527,7,430.0,367.78,38.0,41.32,339.64,7.17,13884.0,49.25,38.71,19632.62,29512.0
WO-004681,2026-07-14,2026-07,2026-W29,Morning,M02,P01,364,312,309,3,430.0,371.44,62.0,71.43,260.67,7.17,13728.0,37.8,40.05,19385.52,29046.0
WO-004682,2026-07-14,2026-07,2026-W29,Afternoon,M02,P05,411,368,362,6,430.0,369.52,52.0,60.25,253.35,7.17,17664.0,36.74,12.0,24556.4,36924.0
WO-004683,2026-07-14,2026-07,2026-W29,Morning,M03,P03,587,593,590,3,430.0,398.34,38.0,40.3,387.14,7.17,15418.0,56.13,60.83,21756.13,33040.0
WO-004684,2026-07-14,2026-07,2026-W29,Afternoon,M03,P05,416,426,419,7,430.0,394.27,52.0,55.53,420.53,7.17,20448.0,60.98,12.0,28350.64,42738.0
WO-004685,2026-07-14,2026-07,2026-W29,Morning,M04,P06,184,131,124,7,430.0,311.13,125.0,142.5,252.22,7.17,18209.0,36.57,57.39,25571.63,36952.0
WO-004686,2026-07-14,2026-07,2026-W29,Afternoon,M04,P03,539,412,403,9,430.0,311.73,38.0,45.4,247.02,7.17,10712.0,35.82,132.11,15381.59,22568.0
WO-004687,2026-07-14,2026-07,2026-W29,Morning,M05,P01,358,324,321,3,430.0,373.27,62.0,69.12,208.84,7.17,14256.0,30.28,21.21,20079.16,30174.0
WO-004688,2026-07-14,2026-07,2026-W29,Afternoon,M05,P01,334,323,317,6,430.0,368.42,62.0,68.44,215.18,7.17,14212.0,31.2,61.49,20060.36,29798.0
WO-004689,2026-07-14,2026-07,2026-W29,Morning,M06,P04,240,229,224,5,430.0,399.38,95.0,104.64,239.11,7.17,22671.0,34.67,12.0,31320.34,47040.0
WO-004690,2026-07-14,2026-07,2026-W29,Afternoon,M06,P04,231,222,218,4,430.0,384.16,95.0,103.83,231.2,7.17,21978.0,33.52,27.18,30396.37,45780.0
WO-004691,2026-07-15,2026-07,2026-W29,Morning,M01,P01,363,343,337,6,430.0,387.59,62.0,67.8,354.69,7.17,15092.0,51.43,27.37,21246.46,31678.0
WO-004692,2026-07-15,2026-07,2026-W29,Afternoon,M01,P02,286,276,270,6,430.0,379.04,74.0,82.4,352.82,7.17,16284.0,51.16,69.79,22788.62,34020.0
WO-004693,2026-07-15,2026-07,2026-W29,Morning,M02,P05,421,379,369,10,430.0,377.7,52.0,59.79,263.74,7.17,18192.0,38.24,147.26,25408.17,37638.0
WO-004694,2026-07-15,2026-07,2026-W29,Afternoon,M02,P02,294,268,262,6,430.0,363.21,74.0,81.31,249.98,7.17,15812.0,36.25,79.65,22143.57,33012.0
WO-004695,2026-07-15,2026-07,2026-W29,Morning,M03,P05,432,404,395,9,430.0,389.78,52.0,57.89,412.92,7.17,19392.0,59.87,50.21,26957.75,40290.0
WO-004696,2026-07-15,2026-07,2026-W29,Afternoon,M03,P05,412,402,394,8,430.0,380.11,52.0,56.73,404.7,7.17,19296.0,58.68,20.56,26796.9,40188.0
WO-004697,2026-07-15,2026-07,2026-W29,Morning,M04,P03,590,408,398,10,430.0,306.16,38.0,45.02,246.65,7.17,10608.0,35.76,72.73,15180.16,22288.0
WO-004698,2026-07-15,2026-07,2026-W29,Afternoon,M04,P03,589,410,398,12,430.0,304.46,38.0,44.55,252.55,7.17,10660.0,36.62,67.8,15247.09,22288.0
WO-004699,2026-07-15,2026-07,2026-W29,Morning,M05,P01,357,329,324,5,430.0,381.91,62.0,69.65,219.93,7.17,14476.0,31.89,12.0,20371.56,30456.0
WO-004700,2026-07-15,2026-07,2026-W29,Afternoon,M05,P06,164,148,142,6,430.0,350.92,125.0,142.27,190.77,7.17,20572.0,27.66,53.61,28788.94,42316.0
WO-004701,2026-07-15,2026-07,2026-W29,Morning,M06,P01,375,364,359,5,430.0,414.0,62.0,68.24,258.02,7.17,16016.0,37.41,18.15,22483.23,33746.0
WO-004702,2026-07-15,2026-07,2026-W29,Afternoon,M06,P05,447,422,410,12,430.0,390.77,52.0,55.56,242.86,7.17,20256.0,35.21,47.85,28100.73,41820.0
WO-004703,2026-07-16,2026-07,2026-W29,Morning,M01,P03,593,553,545,8,430.0,386.0,38.0,41.88,335.59,7.17,14378.0,48.66,17.3,20285.13,30520.0
WO-004704,2026-07-16,2026-07,2026-W29,Afternoon,M01,P03,616,533,526,7,430.0,383.88,38.0,43.21,343.65,7.17,13858.0,49.83,12.0,19571.0,29456.0
WO-004705,2026-07-16,2026-07,2026-W29,Morning,M02,P02,306,272,266,6,430.0,374.78,74.0,82.67,273.71,7.17,16048.0,39.69,29.82,22417.17,33516.0
WO-004706,2026-07-16,2026-07,2026-W29,Afternoon,M02,P02,303,266,260,6,430.0,366.63,74.0,82.7,253.6,7.17,15694.0,36.77,42.84,21947.28,32760.0
WO-004707,2026-07-16,2026-07,2026-W29,Morning,M03,P05,426,414,404,10,430.0,380.81,52.0,55.19,378.29,7.17,19872.0,54.85,34.06,27586.58,41208.0
WO-004708,2026-07-16,2026-07,2026-W29,Afternoon,M03,P05,420,415,406,9,430.0,388.13,52.0,56.12,391.94,7.17,19920.0,56.83,115.35,27734.85,41412.0
WO-004709,2026-07-16,2026-07,2026-W29,Morning,M04,P04,222,171,166,5,430.0,317.07,95.0,111.25,249.94,7.17,16929.0,36.24,97.18,23635.09,34860.0
WO-004710,2026-07-16,2026-07,2026-W29,Afternoon,M04,P04,246,175,169,6,430.0,322.48,95.0,110.56,270.44,7.17,17325.0,39.21,99.13,24176.01,35490.0
WO-004711,2026-07-16,2026-07,2026-W29,Morning,M05,P04,227,229,224,5,430.0,400.04,95.0,104.81,214.65,7.17,22671.0,31.12,22.93,31327.72,47040.0
WO-004712,2026-07-16,2026-07,2026-W29,Afternoon,M05,P04,246,216,212,4,430.0,386.06,95.0,107.24,209.46,7.17,21384.0,30.37,65.14,29627.18,44520.0
WO-004713,2026-07-16,2026-07,2026-W29,Morning,M06,P05,426,445,435,10,430.0,413.41,52.0,55.74,248.78,7.17,21360.0,36.07,40.18,29588.92,44370.0
WO-004714,2026-07-16,2026-07,2026-W29,Afternoon,M06,P05,433,421,411,10,430.0,406.05,52.0,57.87,236.59,7.17,20208.0,34.31,59.77,28046.74,41922.0
WO-004715,2026-07-17,2026-07,2026-W29,Morning,M01,P01,366,322,318,4,430.0,373.02,62.0,69.51,340.2,7.17,14168.0,49.33,18.48,19975.48,29892.0
WO-004716,2026-07-17,2026-07,2026-W29,Afternoon,M01,P01,363,341,337,4,430.0,393.99,62.0,69.32,349.97,7.17,15004.0,50.75,30.56,21128.97,31678.0
WO-004717,2026-07-17,2026-07,2026-W29,Afternoon,M02,P02,294,255,248,7,430.0,356.97,74.0,83.99,253.84,7.17,15045.0,36.81,13.91,21038.38,31248.0
WO-004718,2026-07-17,2026-07,2026-W29,Morning,M03,P01,357,360,354,6,430.0,388.59,62.0,64.77,409.89,7.17,15840.0,59.43,14.98,22262.08,33276.0
WO-004719,2026-07-17,2026-07,2026-W29,Afternoon,M03,P05,425,383,375,8,430.0,374.68,52.0,58.7,367.2,7.17,18384.0,53.24,13.08,25548.99,38250.0
WO-004720,2026-07-17,2026-07,2026-W29,Morning,M04,P03,590,417,407,10,430.0,306.72,38.0,44.13,240.35,7.17,10842.0,34.85,96.71,15522.73,22792.0
WO-004721,2026-07-17,2026-07,2026-W29,Afternoon,M04,P03,572,449,441,8,430.0,330.91,38.0,44.22,267.64,7.17,11674.0,38.81,67.93,16633.91,24696.0
WO-004722,2026-07-17,2026-07,2026-W29,Morning,M05,P04,234,231,226,5,430.0,396.28,95.0,102.93,221.18,7.17,22869.0,32.07,33.15,31606.89,47460.0
WO-004723,2026-07-17,2026-07,2026-W29,Afternoon,M05,P05,450,356,349,7,430.0,345.58,52.0,58.24,193.95,7.17,17088.0,28.12,25.2,23780.99,35598.0
WO-004724,2026-07-17,2026-07,2026-W29,Morning,M06,P04,236,241,235,6,430.0,404.86,95.0,100.8,244.95,7.17,23859.0,35.52,27.9,32945.08,49350.0
WO-004725,2026-07-17,2026-07,2026-W29,Afternoon,M06,P06,188,170,162,8,430.0,400.48,125.0,141.34,236.95,7.17,23630.0,34.36,23.4,32945.43,48276.0
WO-004726,2026-07-20,2026-07,2026-W30,Morning,M01,P01,353,346,343,3,430.0,392.65,62.0,68.09,368.49,7.17,15224.0,53.43,36.34,21437.44,32242.0
WO-004727,2026-07-20,2026-07,2026-W30,Afternoon,M01,P01,358,322,315,7,430.0,373.32,62.0,69.56,338.03,7.17,14168.0,49.01,22.71,19979.4,29610.0
WO-004728,2026-07-20,2026-07,2026-W30,Morning,M02,P05,419,408,399,9,430.0,396.69,52.0,58.34,283.82,7.17,19584.0,41.15,13.69,27162.51,40698.0
WO-004729,2026-07-20,2026-07,2026-W30,Afternoon,M02,P02,316,272,267,5,430.0,377.09,74.0,83.18,277.83,7.17,16048.0,40.29,58.67,22446.63,33642.0
WO-004730,2026-07-20,2026-07,2026-W30,Morning,M03,P03,564,570,559,11,430.0,402.25,38.0,42.34,417.59,7.17,14820.0,60.55,47.56,20930.77,31304.0
WO-004731,2026-07-20,2026-07,2026-W30,Afternoon,M03,P01,368,333,329,4,430.0,380.68,62.0,68.59,396.74,7.17,14652.0,57.53,62.57,20687.77,30926.0
WO-004732,2026-07-20,2026-07,2026-W30,Morning,M04,P06,179,123,117,6,430.0,296.4,125.0,144.58,247.25,7.17,17097.0,35.85,109.18,24102.7,34866.0
WO-004733,2026-07-20,2026-07,2026-W30,Afternoon,M04,P06,172,125,118,7,430.0,300.6,125.0,144.29,235.06,7.17,17375.0,34.08,93.49,24465.24,35164.0
WO-004734,2026-07-20,2026-07,2026-W30,Morning,M05,P04,226,219,214,5,430.0,383.36,95.0,105.03,214.06,7.17,21681.0,31.04,12.0,29976.71,44940.0
WO-004735,2026-07-20,2026-07,2026-W30,Afternoon,M05,P06,178,164,157,7,430.0,373.45,125.0,136.63,208.48,7.17,22796.0,30.23,36.74,31814.63,46786.0
WO-004736,2026-07-20,2026-07,2026-W30,Morning,M06,P05,428,417,408,9,430.0,392.55,52.0,56.48,244.18,7.17,20016.0,35.41,59.14,27787.22,41616.0
WO-004737,2026-07-20,2026-07,2026-W30,Afternoon,M06,P04,235,235,231,4,430.0,407.4,95.0,104.02,243.53,7.17,23265.0,35.31,40.95,32153.93,48510.0
WO-004738,2026-07-21,2026-07,2026-W30,Morning,M01,P01,362,340,335,5,430.0,380.5,62.0,67.15,352.18,7.17,14960.0,51.07,37.45,21076.19,31490.0
WO-004739,2026-07-21,2026-07,2026-W30,Afternoon,M01,P03,593,537,529,8,430.0,371.32,38.0,41.49,329.55,7.17,13962.0,47.78,37.26,19736.21,29624.0
WO-004740,2026-07-21,2026-07,2026-W30,Morning,M02,P02,287,266,260,6,430.0,365.28,74.0,82.39,258.84,7.17,15694.0,37.53,20.29,21925.49,32760.0
WO-004741,2026-07-21,2026-07,2026-W30,Afternoon,M02,P01,383,325,319,6,430.0,385.18,62.0,71.11,268.73,7.17,14300.0,38.97,65.12,20191.75,29986.0
WO-004742,2026-07-21,2026-07,2026-W30,Morning,M03,P05,415,420,409,11,430.0,393.04,52.0,56.15,405.93,7.17,20160.0,58.86,12.0,27958.53,41718.0
WO-004743,2026-07-21,2026-07,2026-W30,Afternoon,M03,P01,373,355,348,7,430.0,403.35,62.0,68.17,437.91,7.17,15620.0,63.5,36.56,21987.72,32712.0
WO-004744,2026-07-21,2026-07,2026-W30,Morning,M04,P04,254,176,170,6,430.0,327.83,95.0,111.76,259.07,7.17,17424.0,37.56,59.97,24269.2,35700.0
WO-004745,2026-07-21,2026-07,2026-W30,Afternoon,M04,P04,232,176,171,5,430.0,314.96,95.0,107.37,255.52,7.17,17424.0,37.05,68.04,24276.75,35910.0
WO-004746,2026-07-21,2026-07,2026-W30,Morning,M05,P01,353,341,337,4,430.0,384.7,62.0,67.69,207.92,7.17,15004.0,30.15,22.87,21100.68,31678.0
WO-004747,2026-07-21,2026-07,2026-W30,Afternoon,M05,P06,182,157,150,7,430.0,374.72,125.0,143.21,204.26,7.17,21823.0,29.62,26.43,30473.71,44700.0
WO-004748,2026-07-21,2026-07,2026-W30,Morning,M06,P04,229,231,225,6,430.0,403.97,95.0,104.93,244.54,7.17,22869.0,35.46,12.0,31589.12,47250.0
WO-004749,2026-07-21,2026-07,2026-W30,Afternoon,M06,P04,243,226,219,7,430.0,396.98,95.0,105.39,231.6,7.17,22374.0,33.58,36.47,30941.71,45990.0
WO-004750,2026-07-22,2026-07,2026-W30,Morning,M01,P01,362,351,345,6,430.0,384.37,62.0,65.7,342.18,7.17,15444.0,49.62,33.64,21730.93,32430.0
WO-004751,2026-07-22,2026-07,2026-W30,Afternoon,M01,P02,275,269,261,8,430.0,372.31,74.0,83.04,328.87,7.17,15871.0,47.69,30.28,22185.63,32886.0
WO-004752,2026-07-22,2026-07,2026-W30,Morning,M02,P05,426,411,401,10,430.0,375.95,52.0,54.88,265.7,7.17,19728.0,38.53,109.51,27450.71,40902.0
WO-004753,2026-07-22,2026-07,2026-W30,Afternoon,M02,P01,345,323,316,7,430.0,366.36,62.0,68.05,245.54,7.17,14212.0,35.6,16.35,20019.62,29704.0
WO-004754,2026-07-22,2026-07,2026-W30,Morning,M03,P01,372,351,347,4,430.0,388.03,62.0,66.33,396.88,7.17,15444.0,57.55,49.9,21755.11,32618.0
WO-004755,2026-07-22,2026-07,2026-W30,Afternoon,M03,P03,587,535,529,6,430.0,366.33,38.0,41.08,392.73,7.17,13910.0,56.95,19.01,19656.12,29624.0
WO-004756,2026-07-22,2026-07,2026-W30,Morning,M04,P03,582,427,417,10,430.0,307.32,38.0,43.18,237.71,7.17,11102.0,34.47,69.44,15850.08,23352.0
WO-004757,2026-07-22,2026-07,2026-W30,Afternoon,M04,P06,174,128,122,6,430.0,316.84,125.0,148.52,242.12,7.17,17792.0,35.11,91.34,25034.11,36356.0
WO-004758,2026-07-22,2026-07,2026-W30,Morning,M05,P06,181,165,159,6,430.0,369.25,125.0,134.27,209.59,7.17,22935.0,30.39,51.04,32019.1,47382.0
WO-004759,2026-07-22,2026-07,2026-W30,Afternoon,M05,P05,416,400,388,12,430.0,388.43,52.0,58.27,222.26,7.17,19200.0,32.23,88.11,26708.0,39576.0
WO-004760,2026-07-22,2026-07,2026-W30,Morning,M06,P06,176,184,177,7,430.0,417.1,125.0,136.01,254.05,7.17,25576.0,36.84,28.29,35612.79,52746.0
WO-004761,2026-07-22,2026-07,2026-W30,Afternoon,M06,P05,420,415,403,12,430.0,392.13,52.0,56.69,229.39,7.17,19920.0,33.26,22.11,27618.03,41106.0
WO-004762,2026-07-23,2026-07,2026-W30,Morning,M01,P03,584,538,533,5,430.0,373.88,38.0,41.7,324.84,7.17,13988.0,47.1,14.48,19748.25,29848.0
WO-004763,2026-07-23,2026-07,2026-W30,Afternoon,M01,P02,298,279,273,6,430.0,373.13,74.0,80.24,346.76,7.17,16461.0,50.28,31.45,22989.4,34398.0
WO-004764,2026-07-23,2026-07,2026-W30,Morning,M02,P01,352,334,327,7,430.0,385.61,62.0,69.27,274.56,7.17,14696.0,39.81,13.99,20681.47,30738.0
WO-004765,2026-07-23,2026-07,2026-W30,Afternoon,M02,P02,291,249,243,6,430.0,347.01,74.0,83.62,256.05,7.17,14691.0,37.13,12.0,20556.79,30618.0
WO-004766,2026-07-23,2026-07,2026-W30,Morning,M03,P03,576,592,584,8,430.0,402.69,38.0,40.81,417.6,7.17,15392.0,60.55,12.0,21676.22,32704.0
WO-004767,2026-07-23,2026-07,2026-W30,Afternoon,M03,P01,350,340,335,5,430.0,385.52,62.0,68.03,409.39,7.17,14960.0,59.36,30.05,21077.07,31490.0
WO-004768,2026-07-23,2026-07,2026-W30,Morning,M04,P06,174,135,128,7,430.0,326.12,125.0,144.94,263.03,7.17,18765.0,38.14,143.41,26419.21,38144.0
WO-004769,2026-07-23,2026-07,2026-W30,Afternoon,M04,P06,187,122,116,6,430.0,288.79,125.0,142.03,241.17,7.17,16958.0,34.97,68.46,23871.1,34568.0
WO-004770,2026-07-23,2026-07,2026-W30,Morning,M05,P01,367,316,314,2,430.0,372.53,62.0,70.73,205.7,7.17,13904.0,29.83,63.23,19640.73,29516.0
WO-004771,2026-07-23,2026-07,2026-W30,Afternoon,M05,P06,176,153,145,8,430.0,370.76,125.0,145.4,201.36,7.17,21267.0,29.2,18.41,29705.28,43210.0
WO-004772,2026-07-23,2026-07,2026-W30,Morning,M06,P01,352,348,341,7,430.0,391.33,62.0,67.47,238.9,7.17,15312.0,34.64,55.83,21558.13,32054.0
WO-004773,2026-07-23,2026-07,2026-W30,Afternoon,M06,P06,187,170,163,7,430.0,386.59,125.0,136.44,233.17,7.17,23630.0,33.81,28.16,32949.63,48574.0
WO-004774,2026-07-24,2026-07,2026-W30,Morning,M01,P02,300,305,298,7,430.0,387.08,74.0,76.15,365.13,7.17,17995.0,52.94,17.28,25057.89,37548.0
WO-004775,2026-07-24,2026-07,2026-W30,Afternoon,M01,P02,306,274,268,6,430.0,375.25,74.0,82.17,343.49,7.17,16166.0,49.81,36.52,22593.99,33768.0
WO-004776,2026-07-24,2026-07,2026-W30,Morning,M02,P05,439,384,375,9,430.0,368.72,52.0,57.61,266.6,7.17,18432.0,38.66,80.41,25666.73,38250.0
WO-004777,2026-07-24,2026-07,2026-W30,Afternoon,M02,P02,292,276,271,5,430.0,390.03,74.0,84.79,270.3,7.17,16284.0,39.19,85.07,22791.93,34146.0
WO-004778,2026-07-24,2026-07,2026-W30,Morning,M03,P01,374,347,342,5,430.0,379.52,62.0,65.62,414.25,7.17,15268.0,60.07,71.31,21539.04,32148.0
WO-004779,2026-07-24,2026-07,2026-W30,Afternoon,M03,P05,433,412,404,8,430.0,398.72,52.0,58.07,422.0,7.17,19776.0,61.19,41.51,27470.37,41208.0
WO-004780,2026-07-24,2026-07,2026-W30,Morning,M04,P06,177,134,126,8,430.0,314.61,125.0,140.87,263.74,7.17,18626.0,38.24,121.47,26207.38,37548.0
WO-004781,2026-07-24,2026-07,2026-W30,Afternoon,M04,P03,559,423,412,11,430.0,308.1,38.0,43.7,250.19,7.17,10998.0,36.28,107.7,15748.14,23072.0
WO-004782,2026-07-24,2026-07,2026-W30,Morning,M05,P05,437,388,379,9,430.0,374.12,52.0,57.85,212.91,7.17,18624.0,30.87,16.95,25855.49,38658.0
WO-004783,2026-07-24,2026-07,2026-W30,Afternoon,M05,P06,159,153,146,7,430.0,365.66,125.0,143.4,207.25,7.17,21267.0,30.05,12.0,29699.72,43508.0
WO-004784,2026-07-24,2026-07,2026-W30,Morning,M06,P01,349,358,354,4,430.0,408.02,62.0,68.38,251.69,7.17,15752.0,36.5,24.01,22128.18,33276.0
WO-004785,2026-07-24,2026-07,2026-W30,Afternoon,M06,P01,391,349,343,6,430.0,389.59,62.0,66.98,240.49,7.17,15356.0,34.87,12.0,21574.54,32242.0
WO-004786,2026-07-27,2026-07,2026-W31,Morning,M01,P02,317,308,300,8,430.0,395.24,74.0,77.0,368.47,7.17,18172.0,53.43,12.0,25293.09,37800.0
WO-004787,2026-07-27,2026-07,2026-W31,Afternoon,M01,P03,579,562,557,5,430.0,377.1,38.0,40.26,341.57,7.17,14612.0,49.53,72.32,20660.51,31192.0
WO-004788,2026-07-27,2026-07,2026-W31,Morning,M02,P01,349,353,348,5,430.0,407.65,62.0,69.29,286.9,7.17,15532.0,41.6,40.77,21850.04,32712.0
WO-004789,2026-07-27,2026-07,2026-W31,Afternoon,M02,P05,455,384,373,11,430.0,377.9,52.0,59.05,258.04,7.17,18432.0,37.42,44.5,25629.58,38046.0
WO-004790,2026-07-27,2026-07,2026-W31,Morning,M03,P01,366,355,350,5,430.0,390.88,62.0,66.06,404.41,7.17,15620.0,58.64,59.47,22005.78,32900.0
WO-004791,2026-07-27,2026-07,2026-W31,Afternoon,M03,P01,382,347,340,7,430.0,399.94,62.0,69.15,425.51,7.17,15268.0,61.7,92.86,21562.22,31960.0
WO-004792,2026-07-27,2026-07,2026-W31,Morning,M04,P06,174,132,125,7,430.0,319.71,125.0,145.32,237.98,7.17,18348.0,34.51,101.93,25804.11,37250.0
WO-004793,2026-07-27,2026-07,2026-W31,Afternoon,M04,P03,589,380,369,11,430.0,285.47,38.0,45.07,229.61,7.17,9880.0,33.29,60.29,14171.25,20664.0
WO-004794,2026-07-27,2026-07,2026-W31,Morning,M05,P01,344,343,339,4,430.0,394.5,62.0,69.01,223.07,7.17,15092.0,32.35,16.03,21216.04,31866.0
WO-004795,2026-07-27,2026-07,2026-W31,Afternoon,M05,P04,220,224,219,5,430.0,407.6,95.0,109.18,228.01,7.17,22176.0,33.06,55.7,30692.43,45990.0
WO-004796,2026-07-27,2026-07,2026-W31,Morning,M06,P01,350,361,355,6,430.0,395.6,62.0,65.75,249.56,7.17,15884.0,36.19,14.05,22297.91,33370.0
WO-004797,2026-07-27,2026-07,2026-W31,Afternoon,M06,P05,416,419,412,7,430.0,397.49,52.0,56.92,255.3,7.17,20112.0,37.02,12.0,27871.68,42024.0
WO-004798,2026-07-28,2026-07,2026-W31,Morning,M01,P02,294,282,278,4,430.0,391.81,74.0,83.36,355.66,7.17,16638.0,51.57,88.29,23287.53,35028.0
WO-004799,2026-07-28,2026-07,2026-W31,Afternoon,M01,P02,301,282,276,6,430.0,381.58,74.0,81.19,352.65,7.17,16638.0,51.13,39.82,23238.62,34776.0
WO-004800,2026-07-28,2026-07,2026-W31,Morning,M02,P01,344,327,322,5,430.0,378.86,62.0,69.51,269.45,7.17,14388.0,39.07,42.57,20289.3,30268.0
WO-004801,2026-07-28,2026-07,2026-W31,Afternoon,M02,P05,430,355,344,11,430.0,348.05,52.0,58.83,229.96,7.17,17040.0,33.34,83.62,23779.63,35088.0
WO-004802,2026-07-28,2026-07,2026-W31,Morning,M03,P01,369,352,348,4,430.0,402.05,62.0,68.53,429.23,7.17,15488.0,62.24,77.68,21847.59,32712.0
WO-004803,2026-07-28,2026-07,2026-W31,Afternoon,M03,P05,421,414,403,11,430.0,381.39,52.0,55.27,417.98,7.17,19872.0,60.61,42.88,27601.15,41106.0
WO-004804,2026-07-28,2026-07,2026-W31,Morning,M04,P06,177,140,132,8,430.0,331.19,125.0,141.94,265.05,7.17,19460.0,38.43,105.29,27331.39,39336.0
WO-004805,2026-07-28,2026-07,2026-W31,Afternoon,M04,P04,231,189,183,6,430.0,334.8,95.0,106.28,268.96,7.17,18711.0,39.0,81.32,26033.99,38430.0
WO-004806,2026-07-28,2026-07,2026-W31,Morning,M05,P06,174,172,164,8,430.0,400.44,125.0,139.69,241.23,7.17,23908.0,34.98,36.03,33338.68,48872.0
WO-004807,2026-07-28,2026-07,2026-W31,Afternoon,M05,P04,243,208,204,4,430.0,363.41,95.0,104.83,191.75,7.17,20592.0,27.8,21.35,28508.82,42840.0
WO-004808,2026-07-28,2026-07,2026-W31,Morning,M06,P05,441,438,425,13,430.0,409.56,52.0,56.1,237.22,7.17,21024.0,34.4,79.09,29171.16,43350.0
WO-004809,2026-07-28,2026-07,2026-W31,Afternoon,M06,P05,428,386,377,9,430.0,376.25,52.0,58.48,226.21,7.17,18528.0,32.8,50.75,25761.22,38454.0
WO-004810,2026-07-29,2026-07,2026-W31,Morning,M01,P02,296,274,269,5,430.0,370.04,74.0,81.03,337.77,7.17,16166.0,48.98,39.22,22595.86,33894.0
WO-004811,2026-07-29,2026-07,2026-W31,Afternoon,M01,P01,358,339,334,5,430.0,377.88,62.0,66.88,348.07,7.17,14916.0,50.47,12.0,20990.14,31396.0
WO-004812,2026-07-29,2026-07,2026-W31,Afternoon,M02,P05,416,391,382,9,430.0,380.93,52.0,58.45,264.65,7.17,18768.0,38.37,36.35,26077.4,38964.0
WO-004813,2026-07-29,2026-07,2026-W31,Morning,M03,P03,590,576,568,8,430.0,398.2,38.0,41.48,437.24,7.17,14976.0,63.4,12.0,21111.07,31808.0
WO-004814,2026-07-29,2026-07,2026-W31,Afternoon,M03,P01,388,350,343,7,430.0,384.22,62.0,65.87,413.81,7.17,15400.0,60.0,19.09,21666.75,32242.0
WO-004815,2026-07-29,2026-07,2026-W31,Morning,M04,P04,233,180,175,5,430.0,326.39,95.0,108.8,265.76,7.17,17820.0,38.53,80.15,24826.36,36750.0
WO-004816,2026-07-29,2026-07,2026-W31,Afternoon,M04,P06,189,127,120,7,430.0,321.27,125.0,151.78,250.82,7.17,17653.0,36.37,73.94,24827.97,35760.0
WO-004817,2026-07-29,2026-07,2026-W31,Morning,M05,P01,375,355,350,5,430.0,391.55,62.0,66.18,225.82,7.17,15620.0,32.74,27.49,21947.91,32900.0
WO-004818,2026-07-29,2026-07,2026-W31,Morning,M06,P01,347,368,363,5,430.0,414.45,62.0,67.57,249.43,7.17,16192.0,36.17,15.81,22719.64,34122.0
WO-004819,2026-07-29,2026-07,2026-W31,Afternoon,M06,P04,234,222,218,4,430.0,390.73,95.0,105.6,233.57,7.17,21978.0,33.87,98.7,30468.24,45780.0
WO-004820,2026-07-30,2026-07,2026-W31,Morning,M01,P01,337,353,346,7,430.0,390.2,62.0,66.32,358.8,7.17,15532.0,52.03,68.12,21887.81,32524.0
WO-004821,2026-07-30,2026-07,2026-W31,Afternoon,M01,P03,574,532,523,9,430.0,373.59,38.0,42.13,349.35,7.17,13832.0,50.66,20.95,19545.27,29288.0
WO-004822,2026-07-30,2026-07,2026-W31,Morning,M02,P05,454,387,380,7,430.0,374.9,52.0,58.12,270.75,7.17,18576.0,39.26,46.33,25828.25,38760.0
WO-004823,2026-07-30,2026-07,2026-W31,Morning,M03,P05,416,439,425,14,430.0,407.26,52.0,55.66,435.46,7.17,21072.0,63.14,40.77,29226.57,43350.0
WO-004824,2026-07-30,2026-07,2026-W31,Afternoon,M03,P05,428,408,399,9,430.0,396.24,52.0,58.27,425.15,7.17,19584.0,61.65,38.22,27207.53,40698.0
WO-004825,2026-07-30,2026-07,2026-W31,Morning,M04,P03,551,441,430,11,430.0,318.21,38.0,43.29,268.49,7.17,11466.0,38.93,111.84,16393.93,24080.0
WO-004826,2026-07-30,2026-07,2026-W31,Afternoon,M04,P06,164,134,127,7,430.0,319.46,125.0,143.04,261.89,7.17,18626.0,37.97,102.55,26188.19,37846.0
WO-004827,2026-07-30,2026-07,2026-W31,Morning,M05,P06,180,175,168,7,430.0,388.48,125.0,133.19,214.25,7.17,24325.0,31.07,56.58,33925.31,50064.0
WO-004828,2026-07-30,2026-07,2026-W31,Afternoon,M05,P04,237,204,200,4,430.0,367.28,95.0,108.02,205.36,7.17,20196.0,29.78,44.17,27997.62,42000.0
WO-004829,2026-07-30,2026-07,2026-W31,Morning,M06,P04,243,242,236,6,430.0,404.83,95.0,100.37,243.2,7.17,23958.0,35.26,16.56,33067.49,49560.0
WO-004830,2026-07-30,2026-07,2026-W31,Afternoon,M06,P05,440,419,407,12,430.0,396.31,52.0,56.75,236.86,7.17,20112.0,34.34,17.46,27874.47,41514.0
WO-004831,2026-07-31,2026-07,2026-W31,Morning,M01,P03,619,555,548,7,430.0,386.17,38.0,41.75,338.14,7.17,14430.0,49.03,37.64,20376.83,30688.0
WO-004832,2026-07-31,2026-07,2026-W31,Afternoon,M01,P03,615,555,545,10,430.0,388.5,38.0,42.0,367.1,7.17,14430.0,53.23,32.79,20376.19,30520.0
WO-004833,2026-07-31,2026-07,2026-W31,Morning,M02,P02,288,260,254,6,430.0,365.6,74.0,84.37,258.03,7.17,15340.0,37.42,31.65,21456.73,32004.0
WO-004834,2026-07-31,2026-07,2026-W31,Afternoon,M02,P01,335,309,303,6,430.0,370.79,62.0,72.0,263.69,7.17,13596.0,38.23,32.96,19198.86,28482.0
WO-004835,2026-07-31,2026-07,2026-W31,Morning,M03,P01,379,358,351,7,430.0,396.46,62.0,66.45,429.42,7.17,15752.0,62.27,32.87,22162.81,32994.0
WO-004836,2026-07-31,2026-07,2026-W31,Afternoon,M03,P03,598,569,557,12,430.0,380.48,38.0,40.12,407.94,7.17,14794.0,59.15,27.19,20873.51,31192.0
WO-004837,2026-07-31,2026-07,2026-W31,Morning,M04,P06,174,140,132,8,430.0,334.06,125.0,143.17,263.12,7.17,19460.0,38.15,94.35,27320.17,39336.0
WO-004838,2026-07-31,2026-07,2026-W31,Afternoon,M04,P03,565,433,423,10,430.0,313.22,38.0,43.4,249.14,7.17,11258.0,36.12,91.81,16087.11,23688.0
WO-004839,2026-07-31,2026-07,2026-W31,Morning,M05,P01,368,327,323,4,430.0,371.34,62.0,68.14,202.16,7.17,14388.0,29.31,38.74,20275.72,30362.0
WO-004840,2026-07-31,2026-07,2026-W31,Afternoon,M05,P06,169,163,156,7,430.0,372.31,125.0,137.05,207.36,7.17,22657.0,30.07,28.25,31615.98,46488.0
WO-004841,2026-07-31,2026-07,2026-W31,Morning,M06,P01,323,367,361,6,430.0,415.4,62.0,67.91,255.31,7.17,16148.0,37.02,47.14,22691.83,33934.0
WO-004842,2026-07-31,2026-07,2026-W31,Afternoon,M06,P01,361,325,317,8,430.0,370.16,62.0,68.34,219.89,7.17,14300.0,31.88,58.31,20177.86,29798.0
WO-004843,2026-08-03,2026-08,2026-W32,Morning,M01,P03,485,545,540,5,430.0,371.36,38.0,40.88,339.79,7.17,14170.0,49.27,12.0,19996.44,30240.0
WO-004844,2026-08-03,2026-08,2026-W32,Afternoon,M01,P01,297,329,324,5,430.0,379.82,62.0,69.27,348.34,7.17,14476.0,50.51,36.19,20414.36,30456.0
WO-004845,2026-08-03,2026-08,2026-W32,Morning,M02,P05,377,368,360,8,430.0,360.98,52.0,58.86,246.09,7.17,17664.0,35.68,36.98,24580.33,36720.0
WO-004846,2026-08-03,2026-08,2026-W32,Afternoon,M02,P05,363,382,373,9,430.0,376.68,52.0,59.16,259.04,7.17,18336.0,37.56,22.68,25477.9,38046.0
WO-004847,2026-08-03,2026-08,2026-W32,Morning,M03,P01,313,349,341,8,430.0,390.32,62.0,67.1,414.33,7.17,15356.0,60.08,34.9,21622.64,32054.0
WO-004848,2026-08-03,2026-08,2026-W32,Afternoon,M03,P01,315,324,319,5,430.0,373.51,62.0,69.17,403.72,7.17,14256.0,58.54,52.6,20138.81,29986.0
WO-004849,2026-08-03,2026-08,2026-W32,Morning,M04,P04,192,177,172,5,430.0,323.25,95.0,109.58,252.96,7.17,17523.0,36.68,75.37,24417.72,36120.0
WO-004850,2026-08-03,2026-08,2026-W32,Afternoon,M04,P04,199,169,163,6,430.0,302.81,95.0,107.51,240.72,7.17,16731.0,34.9,74.82,23343.39,34230.0
WO-004851,2026-08-03,2026-08,2026-W32,Morning,M05,P06,153,158,151,7,430.0,366.16,125.0,139.05,210.22,7.17,21962.0,30.48,12.0,30650.15,44998.0
WO-004852,2026-08-03,2026-08,2026-W32,Afternoon,M05,P06,154,159,152,7,430.0,383.23,125.0,144.61,207.48,7.17,22101.0,30.08,59.49,30887.24,45296.0
WO-004853,2026-08-03,2026-08,2026-W32,Afternoon,M06,P06,151,176,167,9,430.0,392.2,125.0,133.7,233.04,7.17,24464.0,33.79,23.99,34085.44,49766.0
WO-004854,2026-08-04,2026-08,2026-W32,Morning,M01,P02,254,284,280,4,430.0,389.04,74.0,82.19,351.03,7.17,16756.0,50.9,56.72,23415.29,35280.0
WO-004855,2026-08-04,2026-08,2026-W32,Afternoon,M01,P03,539,526,517,9,430.0,370.13,38.0,42.22,323.55,7.17,13676.0,46.91,25.93,19333.51,28952.0
WO-004856,2026-08-04,2026-08,2026-W32,Morning,M02,P05,384,389,379,10,430.0,371.29,52.0,57.27,269.27,7.17,18672.0,39.04,18.22,25929.93,38658.0
WO-004857,2026-08-04,2026-08,2026-W32,Morning,M03,P01,309,353,350,3,430.0,391.46,62.0,66.54,389.88,7.17,15532.0,56.53,12.0,21836.2,32900.0
WO-004858,2026-08-04,2026-08,2026-W32,Afternoon,M03,P01,304,349,342,7,430.0,379.36,62.0,65.22,386.21,7.17,15356.0,56.0,15.23,21598.9,32148.0
WO-004859,2026-08-04,2026-08,2026-W32,Morning,M04,P06,142,139,133,6,430.0,325.9,125.0,140.68,252.45,7.17,19321.0,36.61,88.35,27122.62,39634.0
WO-004860,2026-08-04,2026-08,2026-W32,Afternoon,M04,P06,152,123,116,7,430.0,293.42,125.0,143.13,225.24,7.17,17097.0,32.66,87.76,24078.09,34568.0
WO-004861,2026-08-04,2026-08,2026-W32,Afternoon,M05,P04,208,218,215,3,430.0,382.19,95.0,105.19,220.44,7.17,21582.0,31.96,65.97,29897.6,45150.0
WO-004862,2026-08-04,2026-08,2026-W32,Morning,M06,P01,308,365,359,6,430.0,395.1,62.0,64.95,241.65,7.17,16060.0,35.04,12.0,22534.71,33746.0
WO-004863,2026-08-04,2026-08,2026-W32,Afternoon,M06,P05,390,408,401,7,430.0,388.02,52.0,57.06,233.37,7.17,19584.0,33.84,12.0,27153.51,40902.0
WO-004864,2026-08-05,2026-08,2026-W32,Morning,M01,P01,307,356,350,6,430.0,397.48,62.0,66.99,353.11,7.17,15664.0,51.2,12.0,22010.87,32900.0
WO-004865,2026-08-05,2026-08,2026-W32,Afternoon,M01,P01,307,337,330,7,430.0,373.12,62.0,66.43,332.07,7.17,14828.0,48.15,104.45,20960.27,31020.0
WO-004866,2026-08-05,2026-08,2026-W32,Morning,M02,P02,231,277,272,5,430.0,391.59,74.0,84.82,268.91,7.17,16343.0,38.99,20.06,22806.72,34272.0
WO-004867,2026-08-05,2026-08,2026-W32,Afternoon,M02,P05,368,385,375,10,430.0,363.53,52.0,56.65,260.69,7.17,18480.0,37.8,88.54,25739.0,38250.0
WO-004868,2026-08-05,2026-08,2026-W32,Morning,M03,P03,494,564,560,4,430.0,395.05,38.0,42.03,407.03,7.17,14664.0,59.02,26.97,20695.66,31360.0
WO-004869,2026-08-05,2026-08,2026-W32,Afternoon,M03,P01,296,338,332,6,430.0,382.22,62.0,67.85,413.16,7.17,14872.0,59.91,13.61,20941.18,31208.0
WO-004870,2026-08-05,2026-08,2026-W32,Morning,M04,P03,476,415,408,7,430.0,303.27,38.0,43.85,250.04,7.17,10790.0,36.26,89.35,15445.77,22848.0
WO-004871,2026-08-05,2026-08,2026-W32,Afternoon,M04,P06,164,123,116,7,430.0,310.39,125.0,151.41,252.98,7.17,17097.0,36.68,70.79,24065.14,34568.0
WO-004872,2026-08-05,2026-08,2026-W32,Morning,M05,P06,149,157,150,7,430.0,364.6,125.0,139.34,194.68,7.17,21823.0,28.23,58.64,30504.54,44700.0
WO-004873,2026-08-05,2026-08,2026-W32,Afternoon,M05,P05,369,389,378,11,430.0,377.11,52.0,58.17,197.52,7.17,18672.0,28.64,74.38,25975.69,38556.0
WO-004874,2026-08-05,2026-08,2026-W32,Morning,M06,P05,370,445,434,11,430.0,417.1,52.0,56.24,247.02,7.17,21360.0,35.82,12.0,29560.48,44268.0
WO-004875,2026-08-05,2026-08,2026-W32,Afternoon,M06,P05,377,430,418,12,430.0,414.46,52.0,57.83,262.77,7.17,20640.0,38.1,14.29,28590.06,42636.0
WO-004876,2026-08-06,2026-08,2026-W32,Morning,M01,P02,268,287,283,4,430.0,381.67,74.0,79.79,335.32,7.17,16933.0,48.62,23.53,23619.82,35658.0
WO-004877,2026-08-06,2026-08,2026-W32,Afternoon,M01,P02,252,278,273,5,430.0,387.7,74.0,83.68,352.2,7.17,16402.0,51.07,41.35,22920.09,34398.0
WO-004878,2026-08-06,2026-08,2026-W32,Morning,M02,P01,301,324,321,3,430.0,371.99,62.0,68.89,269.89,7.17,14256.0,39.13,49.43,20116.23,30174.0
WO-004879,2026-08-06,2026-08,2026-W32,Afternoon,M02,P01,303,301,296,5,430.0,356.74,62.0,71.11,240.65,7.17,13244.0,34.89,12.0,18694.56,27824.0
WO-004880,2026-08-06,2026-08,2026-W32,Morning,M03,P01,321,357,351,6,430.0,397.19,62.0,66.75,414.61,7.17,15708.0,60.12,27.9,22095.68,32994.0
WO-004881,2026-08-06,2026-08,2026-W32,Afternoon,M03,P01,290,343,336,7,430.0,380.32,62.0,66.53,416.82,7.17,15092.0,60.44,21.98,21250.09,31584.0
WO-004882,2026-08-06,2026-08,2026-W32,Morning,M04,P03,500,452,444,8,430.0,324.41,38.0,43.06,260.4,7.17,11752.0,37.76,74.49,16745.92,24864.0
WO-004883,2026-08-06,2026-08,2026-W32,Afternoon,M04,P03,513,434,425,9,430.0,320.54,38.0,44.31,266.99,7.17,11284.0,38.71,77.77,16111.15,23800.0
WO-004884,2026-08-06,2026-08,2026-W32,Morning,M05,P04,189,214,211,3,430.0,381.71,95.0,107.02,224.06,7.17,21186.0,32.49,12.2,29308.35,44310.0
WO-004885,2026-08-06,2026-08,2026-W32,Afternoon,M05,P04,214,220,216,4,430.0,376.95,95.0,102.8,208.9,7.17,21780.0,30.29,12.0,30109.96,45360.0
WO-004886,2026-08-06,2026-08,2026-W32,Morning,M06,P06,154,176,168,8,430.0,387.58,125.0,132.13,240.94,7.17,24464.0,34.94,79.97,34142.57,50064.0
WO-004887,2026-08-06,2026-08,2026-W32,Afternoon,M06,P05,351,429,419,10,430.0,411.92,52.0,57.61,248.38,7.17,20592.0,36.01,47.38,28556.07,42738.0
WO-004888,2026-08-07,2026-08,2026-W32,Morning,M01,P03,501,610,607,3,430.0,417.1,38.0,41.03,393.66,7.17,15860.0,57.08,12.0,22311.75,33992.0
WO-004889,2026-08-07,2026-08,2026-W32,Afternoon,M01,P03,513,527,519,8,430.0,379.53,38.0,43.21,342.11,7.17,13702.0,49.61,32.23,19378.01,29064.0
WO-004890,2026-08-07,2026-08,2026-W32,Morning,M02,P05,359,417,409,8,430.0,388.22,52.0,55.86,273.48,7.17,20016.0,39.66,97.11,27829.43,41718.0
WO-004891,2026-08-07,2026-08,2026-W32,Afternoon,M02,P02,247,266,261,5,430.0,376.03,74.0,84.82,247.81,7.17,15694.0,35.93,48.77,21952.37,32886.0
WO-004892,2026-08-07,2026-08,2026-W32,Morning,M03,P05,376,430,419,11,430.0,408.12,52.0,56.95,434.13,7.17,20640.0,62.95,51.6,28652.22,42738.0
WO-004893,2026-08-07,2026-08,2026-W32,Afternoon,M03,P03,494,564,561,3,430.0,384.52,38.0,40.91,417.51,7.17,14664.0,60.54,18.24,20688.45,31416.0
WO-004894,2026-08-07,2026-08,2026-W32,Morning,M04,P03,486,439,433,6,430.0,319.0,38.0,43.6,257.61,7.17,11414.0,37.35,70.26,16279.78,24248.0
WO-004895,2026-08-07,2026-08,2026-W32,Afternoon,M04,P04,196,162,157,5,430.0,294.86,95.0,109.21,241.47,7.17,16038.0,35.01,144.34,22475.02,32970.0
WO-004896,2026-08-07,2026-08,2026-W32,Morning,M05,P05,346,401,394,7,430.0,386.41,52.0,57.82,214.25,7.17,19248.0,31.07,82.22,26765.95,40188.0
WO-004897,2026-08-07,2026-08,2026-W32,Afternoon,M05,P01,318,309,302,7,430.0,365.63,62.0,71.0,201.01,7.17,13596.0,29.15,28.67,19185.48,28388.0
WO-004898,2026-08-07,2026-08,2026-W32,Morning,M06,P04,206,230,226,4,430.0,392.19,95.0,102.31,242.17,7.17,22770.0,35.12,75.0,31517.78,47460.0
WO-004899,2026-08-10,2026-08,2026-W33,Morning,M01,P02,252,284,277,7,430.0,381.88,74.0,80.68,350.75,7.17,16756.0,50.86,45.86,23404.38,34902.0
WO-004900,2026-08-10,2026-08,2026-W33,Afternoon,M01,P03,526,554,546,8,430.0,381.7,38.0,41.34,363.33,7.17,14404.0,52.68,43.75,20351.1,30576.0
WO-004901,2026-08-10,2026-08,2026-W33,Morning,M02,P05,352,387,377,10,430.0,378.92,52.0,58.75,260.94,7.17,18576.0,37.84,17.62,25798.12,38454.0
WO-004902,2026-08-10,2026-08,2026-W33,Afternoon,M02,P01,295,322,316,6,430.0,376.97,62.0,70.24,266.19,7.17,14168.0,38.6,36.82,19983.09,29704.0
WO-004903,2026-08-10,2026-08,2026-W33,Morning,M03,P05,365,440,431,9,430.0,417.1,52.0,56.88,437.27,7.17,21120.0,63.4,29.43,29280.5,43962.0
WO-004904,2026-08-10,2026-08,2026-W33,Afternoon,M03,P01,303,325,319,6,430.0,374.26,62.0,69.09,389.9,7.17,14300.0,56.53,12.0,20156.2,29986.0
WO-004905,2026-08-10,2026-08,2026-W33,Morning,M04,P06,150,141,134,7,430.0,322.97,125.0,137.44,248.47,7.17,19599.0,36.03,70.0,27483.69,39932.0
WO-004906,2026-08-10,2026-08,2026-W33,Afternoon,M04,P04,202,172,167,5,430.0,314.15,95.0,109.59,246.0,7.17,17028.0,35.67,88.28,23759.62,35070.0
WO-004907,2026-08-10,2026-08,2026-W33,Morning,M05,P06,142,169,162,7,430.0,381.23,125.0,135.35,228.92,7.17,23491.0,33.19,46.59,32777.45,48276.0
WO-004908,2026-08-10,2026-08,2026-W33,Afternoon,M05,P04,191,214,209,5,430.0,376.58,95.0,105.58,204.9,7.17,21186.0,29.71,35.82,29329.2,43890.0
WO-004909,2026-08-10,2026-08,2026-W33,Morning,M06,P06,158,182,174,8,430.0,407.79,125.0,134.44,249.25,7.17,25298.0,36.14,46.92,35250.73,51852.0
WO-004910,2026-08-10,2026-08,2026-W33,Afternoon,M06,P01,308,355,348,7,430.0,391.63,62.0,66.19,243.18,7.17,15620.0,35.26,23.29,21946.22,32712.0
WO-004911,2026-08-11,2026-08,2026-W33,Morning,M01,P03,496,544,541,3,430.0,369.22,38.0,40.72,338.77,7.17,14144.0,49.12,164.63,20113.42,30296.0
WO-004912,2026-08-11,2026-08,2026-W33,Afternoon,M01,P02,265,284,279,5,430.0,399.22,74.0,84.34,374.32,7.17,16756.0,54.28,121.95,23483.89,35154.0
WO-004913,2026-08-11,2026-08,2026-W33,Morning,M02,P01,300,323,317,6,430.0,375.35,62.0,69.72,261.12,7.17,14212.0,37.86,27.92,20033.45,29798.0
WO-004914,2026-08-11,2026-08,2026-W33,Afternoon,M02,P02,256,277,272,5,430.0,386.85,74.0,83.79,274.69,7.17,16343.0,39.83,13.09,22800.58,34272.0
WO-004915,2026-08-11,2026-08,2026-W33,Morning,M03,P05,361,421,410,11,430.0,378.97,52.0,54.01,413.56,7.17,20208.0,59.97,30.95,28043.58,41820.0
WO-004916,2026-08-11,2026-08,2026-W33,Afternoon,M03,P01,314,334,328,6,430.0,374.57,62.0,67.29,391.61,7.17,14696.0,56.78,16.51,20700.96,30832.0
WO-004917,2026-08-11,2026-08,2026-W33,Morning,M04,P03,528,423,413,10,430.0,300.91,38.0,42.68,248.51,7.17,10998.0,36.03,75.22,15715.43,23128.0
WO-004918,2026-08-11,2026-08,2026-W33,Afternoon,M04,P03,522,451,438,13,430.0,315.73,38.0,42.0,244.21,7.17,11726.0,35.41,68.42,16702.0,24528.0
WO-004919,2026-08-11,2026-08,2026-W33,Morning,M05,P04,202,219,215,4,430.0,390.22,95.0,106.91,212.73,7.17,21681.0,30.85,52.66,30017.17,45150.0
WO-004920,2026-08-11,2026-08,2026-W33,Afternoon,M05,P04,203,202,199,3,430.0,368.03,95.0,109.31,203.23,7.17,19998.0,29.47,22.21,27707.34,41790.0
WO-004921,2026-08-11,2026-08,2026-W33,Morning,M06,P06,145,167,160,7,430.0,381.36,125.0,137.02,231.7,7.17,23213.0,33.6,14.21,32365.47,47680.0
WO-004922,2026-08-11,2026-08,2026-W33,Afternoon,M06,P04,203,221,217,4,430.0,388.67,95.0,105.52,232.85,7.17,21879.0,33.76,31.89,30267.32,45570.0
WO-004923,2026-08-12,2026-08,2026-W33,Morning,M01,P01,313,345,341,4,430.0,391.15,62.0,68.03,350.1,7.17,15180.0,50.76,57.34,21395.77,32054.0
WO-004924,2026-08-12,2026-08,2026-W33,Afternoon,M01,P02,263,277,271,6,430.0,378.63,74.0,82.01,338.77,7.17,16343.0,49.12,23.27,22820.06,34146.0
WO-004925,2026-08-12,2026-08,2026-W33,Morning,M02,P01,317,310,307,3,430.0,364.83,62.0,70.61,251.64,7.17,13640.0,36.49,54.9,19279.05,28858.0
WO-004926,2026-08-12,2026-08,2026-W33,Afternoon,M02,P01,292,319,313,6,430.0,373.8,62.0,70.31,263.57,7.17,14036.0,38.22,20.54,19786.42,29422.0
WO-004927,2026-08-12,2026-08,2026-W33,Morning,M03,P03,494,542,537,5,430.0,380.34,38.0,42.1,393.32,7.17,14092.0,57.03,12.0,19897.7,30072.0
WO-004928,2026-08-12,2026-08,2026-W33,Afternoon,M03,P01,318,337,331,6,430.0,375.03,62.0,66.77,399.57,7.17,14828.0,57.94,20.26,20885.86,31114.0
WO-004929,2026-08-12,2026-08,2026-W33,Morning,M04,P03,491,421,413,8,430.0,295.62,38.0,42.13,245.33,7.17,10946.0,35.57,60.97,15629.71,23128.0
WO-004930,2026-08-12,2026-08,2026-W33,Afternoon,M04,P04,193,163,159,4,430.0,298.09,95.0,109.73,248.04,7.17,16137.0,35.97,68.51,22534.14,33390.0
WO-004931,2026-08-12,2026-08,2026-W33,Morning,M05,P01,291,329,325,4,430.0,377.9,62.0,68.92,214.36,7.17,14476.0,31.08,27.45,20386.2,30550.0
WO-004932,2026-08-12,2026-08,2026-W33,Afternoon,M05,P05,390,356,346,10,430.0,352.35,52.0,59.39,194.13,7.17,17088.0,28.15,51.17,23806.98,35292.0
WO-004933,2026-08-12,2026-08,2026-W33,Morning,M06,P04,210,230,225,5,430.0,397.98,95.0,103.82,239.29,7.17,22770.0,34.7,30.63,31473.0,47250.0
WO-004934,2026-08-12,2026-08,2026-W33,Afternoon,M06,P04,202,224,219,5,430.0,395.09,95.0,105.83,234.64,7.17,22176.0,34.02,47.58,30685.27,45990.0
WO-004935,2026-08-13,2026-08,2026-W33,Morning,M01,P02,258,314,307,7,430.0,406.53,74.0,77.68,381.46,7.17,18526.0,55.31,32.04,25795.01,38682.0
WO-004936,2026-08-13,2026-08,2026-W33,Afternoon,M01,P02,255,290,283,7,430.0,396.8,74.0,82.1,352.57,7.17,17110.0,51.12,32.6,23871.39,35658.0
WO-004937,2026-08-13,2026-08,2026-W33,Morning,M02,P02,245,280,276,4,430.0,391.88,74.0,83.97,273.1,7.17,16520.0,39.6,40.53,23067.79,34776.0
WO-004938,2026-08-13,2026-08,2026-W33,Afternoon,M02,P02,266,264,259,5,430.0,364.12,74.0,82.75,261.68,7.17,15576.0,37.94,96.63,21842.24,32634.0
WO-004939,2026-08-13,2026-08,2026-W33,Morning,M03,P03,507,577,567,10,430.0,395.1,38.0,41.09,404.02,7.17,15002.0,58.58,26.03,21155.78,31752.0
WO-004940,2026-08-13,2026-08,2026-W33,Afternoon,M03,P03,480,557,553,4,430.0,389.77,38.0,41.99,407.2,7.17,14482.0,59.04,12.1,20432.32,30968.0
WO-004941,2026-08-13,2026-08,2026-W33,Afternoon,M04,P06,151,133,127,6,430.0,327.06,125.0,147.55,274.19,7.17,18487.0,39.76,129.18,26026.6,37846.0
WO-004942,2026-08-13,2026-08,2026-W33,Morning,M05,P06,148,161,155,6,430.0,368.23,125.0,137.23,203.79,7.17,22379.0,29.55,107.59,31314.8,46190.0
WO-004943,2026-08-13,2026-08,2026-W33,Afternoon,M05,P06,158,165,157,8,430.0,384.83,125.0,139.94,203.98,7.17,22935.0,29.58,37.11,32004.35,46786.0
WO-004944,2026-08-13,2026-08,2026-W33,Afternoon,M06,P06,152,170,162,8,430.0,399.3,125.0,140.93,236.5,7.17,23630.0,34.29,12.0,32933.96,48276.0
WO-004945,2026-08-14,2026-08,2026-W33,Morning,M01,P01,314,330,326,4,430.0,368.66,62.0,67.03,350.9,7.17,14520.0,50.88,47.5,20486.04,30644.0
WO-004946,2026-08-14,2026-08,2026-W33,Afternoon,M01,P01,298,325,318,7,430.0,377.47,62.0,69.69,357.17,7.17,14300.0,51.79,28.96,20168.41,29892.0
WO-004947,2026-08-14,2026-08,2026-W33,Morning,M02,P02,252,284,278,6,430.0,397.09,74.0,83.89,284.36,7.17,16756.0,41.23,14.4,23363.3,35028.0
WO-004948,2026-08-14,2026-08,2026-W33,Afternoon,M02,P05,361,383,374,9,430.0,379.39,52.0,59.44,257.3,7.17,18384.0,37.31,46.84,25566.81,38148.0
WO-004949,2026-08-14,2026-08,2026-W33,Morning,M03,P05,365,399,392,7,430.0,380.54,52.0,57.22,390.77,7.17,19152.0,56.66,51.6,26630.93,39984.0
WO-004950,2026-08-14,2026-08,2026-W33,Afternoon,M03,P03,504,551,544,7,430.0,374.76,38.0,40.81,404.8,7.17,14326.0,58.7,13.36,20220.22,30464.0
WO-004951,2026-08-14,2026-08,2026-W33,Morning,M04,P06,166,135,127,8,430.0,316.52,125.0,140.68,259.03,7.17,18765.0,37.56,75.73,26350.95,37846.0
WO-004952,2026-08-14,2026-08,2026-W33,Afternoon,M04,P06,151,129,123,6,430.0,306.51,125.0,142.56,253.77,7.17,17931.0,36.8,64.19,25198.65,36654.0
WO-004953,2026-08-14,2026-08,2026-W33,Afternoon,M05,P06,151,163,156,7,430.0,376.68,125.0,138.66,204.59,7.17,22657.0,29.67,69.91,31657.24,46488.0
WO-004954,2026-08-14,2026-08,2026-W33,Morning,M06,P06,159,185,177,8,430.0,417.1,125.0,135.28,249.68,7.17,25715.0,36.2,12.0,35785.87,52746.0
WO-004955,2026-08-14,2026-08,2026-W33,Afternoon,M06,P05,386,419,410,9,430.0,394.1,52.0,56.43,230.04,7.17,20112.0,33.36,50.26,27906.28,41820.0
WO-004956,2026-08-17,2026-08,2026-W34,Morning,M01,P03,495,553,546,7,430.0,383.61,38.0,41.62,359.9,7.17,14378.0,52.19,38.18,20309.53,30576.0
WO-004957,2026-08-17,2026-08,2026-W34,Afternoon,M01,P02,243,276,269,7,430.0,385.18,74.0,83.74,337.43,7.17,16284.0,48.93,51.75,22768.34,33894.0
WO-004958,2026-08-17,2026-08,2026-W34,Morning,M02,P01,287,327,323,4,430.0,376.27,62.0,69.04,270.3,7.17,14388.0,39.19,17.79,20264.65,30362.0
WO-004959,2026-08-17,2026-08,2026-W34,Afternoon,M02,P05,350,374,363,11,430.0,378.34,52.0,60.7,245.99,7.17,17952.0,35.67,29.28,24962.62,37026.0
WO-004960,2026-08-17,2026-08,2026-W34,Morning,M03,P03,516,587,584,3,430.0,397.9,38.0,40.67,426.52,7.17,15262.0,61.85,13.88,21501.89,32704.0
WO-004961,2026-08-17,2026-08,2026-W34,Afternoon,M03,P05,358,424,415,9,430.0,413.27,52.0,58.48,454.92,7.17,20352.0,65.96,85.9,28299.53,42330.0
WO-004962,2026-08-17,2026-08,2026-W34,Morning,M04,P06,148,129,123,6,430.0,314.27,125.0,146.17,235.25,7.17,17931.0,34.11,108.31,25240.09,36654.0
WO-004963,2026-08-17,2026-08,2026-W34,Afternoon,M04,P04,198,161,157,4,430.0,302.09,95.0,112.58,241.56,7.17,15939.0,35.03,67.28,22263.97,32970.0
WO-004964,2026-08-17,2026-08,2026-W34,Morning,M05,P05,376,368,360,8,430.0,356.04,52.0,58.05,185.32,7.17,17664.0,26.87,60.13,24594.67,36720.0
WO-004965,2026-08-17,2026-08,2026-W34,Afternoon,M05,P04,200,203,197,6,430.0,358.57,95.0,105.98,197.9,7.17,20097.0,28.7,29.0,27847.36,41370.0
WO-004966,2026-08-17,2026-08,2026-W34,Morning,M06,P04,195,234,231,3,430.0,398.37,95.0,102.15,239.78,7.17,23166.0,34.77,60.58,32039.02,48510.0
WO-004967,2026-08-17,2026-08,2026-W34,Afternoon,M06,P05,360,408,398,10,430.0,381.39,52.0,56.09,235.9,7.17,19584.0,34.21,23.33,27165.2,40596.0
WO-004968,2026-08-18,2026-08,2026-W34,Morning,M01,P03,515,546,540,6,430.0,386.15,38.0,42.43,351.96,7.17,14196.0,51.03,40.45,20062.15,30240.0
WO-004969,2026-08-18,2026-08,2026-W34,Afternoon,M01,P01,301,297,292,5,430.0,348.81,62.0,70.47,311.7,7.17,13068.0,45.2,12.12,18464.99,27448.0
WO-004970,2026-08-18,2026-08,2026-W34,Morning,M02,P02,268,265,261,4,430.0,366.06,74.0,82.88,254.6,7.17,15635.0,36.92,72.29,21896.87,32886.0
WO-004971,2026-08-18,2026-08,2026-W34,Afternoon,M02,P01,312,321,317,4,430.0,377.28,62.0,70.52,264.9,7.17,14124.0,38.41,56.69,19942.77,29798.0
WO-004972,2026-08-18,2026-08,2026-W34,Morning,M03,P03,487,589,579,10,430.0,399.41,38.0,40.69,417.22,7.17,15314.0,60.5,27.12,21584.78,32424.0
WO-004973,2026-08-18,2026-08,2026-W34,Afternoon,M03,P01,302,336,333,3,430.0,365.55,62.0,65.28,363.67,7.17,14784.0,52.73,63.16,20863.56,31302.0
WO-004974,2026-08-18,2026-08,2026-W34,Morning,M04,P06,149,142,134,8,430.0,329.34,125.0,139.16,274.49,7.17,19738.0,39.8,79.96,27687.43,39932.0
WO-004975,2026-08-18,2026-08,2026-W34,Afternoon,M04,P04,208,177,171,6,430.0,330.52,95.0,112.04,263.02,7.17,17523.0,38.14,120.51,24464.31,35910.0
WO-004976,2026-08-18,2026-08,2026-W34,Morning,M05,P05,374,410,400,10,430.0,390.46,52.0,57.14,226.73,7.17,19680.0,32.88,12.0,27282.54,40800.0
WO-004977,2026-08-18,2026-08,2026-W34,Afternoon,M05,P04,201,212,207,5,430.0,374.46,95.0,105.98,216.11,7.17,20988.0,31.34,46.4,29073.4,43470.0
WO-004978,2026-08-18,2026-08,2026-W34,Morning,M06,P06,156,173,165,8,430.0,401.83,125.0,139.36,240.15,7.17,24047.0,34.82,20.31,33512.8,49170.0
WO-004979,2026-08-18,2026-08,2026-W34,Afternoon,M06,P04,201,230,225,5,430.0,395.76,95.0,103.24,229.58,7.17,22770.0,33.29,75.77,31516.73,47250.0
WO-004980,2026-08-19,2026-08,2026-W34,Morning,M01,P02,275,274,268,6,430.0,367.75,74.0,80.53,349.39,7.17,16166.0,50.66,104.78,22663.1,33768.0
WO-004981,2026-08-19,2026-08,2026-W34,Afternoon,M01,P03,471,554,543,11,430.0,375.92,38.0,40.71,342.2,7.17,14404.0,49.62,43.42,20347.7,30408.0
WO-004982,2026-08-19,2026-08,2026-W34,Morning,M02,P05,355,391,384,7,430.0,373.81,52.0,57.36,275.75,7.17,18768.0,39.98,12.0,26054.65,39168.0
WO-004983,2026-08-19,2026-08,2026-W34,Afternoon,M02,P01,311,323,317,6,430.0,371.14,62.0,68.94,244.08,7.17,14212.0,35.39,30.37,20033.43,29798.0
WO-004984,2026-08-19,2026-08,2026-W34,Morning,M03,P03,477,598,590,8,430.0,396.86,38.0,39.82,423.94,7.17,15548.0,61.47,68.0,21946.14,33040.0
WO-004985,2026-08-19,2026-08,2026-W34,Afternoon,M03,P05,356,404,391,13,430.0,381.11,52.0,56.6,407.93,7.17,19392.0,59.15,12.0,26918.82,39882.0
WO-004986,2026-08-19,2026-08,2026-W34,Morning,M04,P04,209,159,154,5,430.0,301.58,95.0,113.8,241.86,7.17,15741.0,35.07,62.56,21991.3,32340.0
WO-004987,2026-08-19,2026-08,2026-W34,Afternoon,M04,P04,208,159,153,6,430.0,310.27,95.0,117.08,251.77,7.17,15741.0,36.51,80.95,22011.12,32130.0
WO-004988,2026-08-19,2026-08,2026-W34,Morning,M05,P01,313,319,315,4,430.0,369.42,62.0,69.48,199.13,7.17,14036.0,28.87,42.76,19799.3,29610.0
WO-004989,2026-08-19,2026-08,2026-W34,Afternoon,M05,P06,147,168,160,8,430.0,382.84,125.0,136.73,211.73,7.17,23352.0,30.7,26.97,32565.34,47680.0
WO-004990,2026-08-19,2026-08,2026-W34,Morning,M06,P05,357,433,424,9,430.0,408.34,52.0,56.58,241.31,7.17,20784.0,34.99,26.01,28793.67,43248.0
WO-004991,2026-08-19,2026-08,2026-W34,Afternoon,M06,P01,328,334,328,6,430.0,388.8,62.0,69.85,231.97,7.17,14696.0,33.64,86.82,20748.12,30832.0
WO-004992,2026-08-20,2026-08,2026-W34,Morning,M01,P03,492,553,544,9,430.0,376.31,38.0,40.83,337.33,7.17,14378.0,48.91,43.06,20311.14,30464.0
WO-004993,2026-08-20,2026-08,2026-W34,Afternoon,M01,P01,333,339,330,9,430.0,380.96,62.0,67.43,353.62,7.17,14916.0,51.28,48.0,21026.94,31020.0
WO-004994,2026-08-20,2026-08,2026-W34,Morning,M02,P05,371,389,379,10,430.0,371.98,52.0,57.38,272.26,7.17,18672.0,39.48,73.7,25985.85,38658.0
WO-004995,2026-08-20,2026-08,2026-W34,Afternoon,M02,P02,255,250,243,7,430.0,357.94,74.0,85.9,256.42,7.17,14750.0,37.18,31.64,20656.49,30618.0
WO-004996,2026-08-20,2026-08,2026-W34,Morning,M03,P03,494,593,585,8,430.0,391.66,38.0,39.63,416.75,7.17,15418.0,60.43,12.0,21711.59,32760.0
WO-004997,2026-08-20,2026-08,2026-W34,Afternoon,M03,P05,387,428,418,10,430.0,389.33,52.0,54.58,422.4,7.17,20544.0,61.25,44.28,28513.2,42636.0
WO-004998,2026-08-20,2026-08,2026-W34,Morning,M04,P03,468,446,440,6,430.0,319.69,38.0,43.01,255.24,7.17,11596.0,37.01,79.96,16537.63,24640.0
WO-004999,2026-08-20,2026-08,2026-W34,Afternoon,M04,P04,202,174,168,6,430.0,326.2,95.0,112.48,250.79,7.17,17226.0,36.37,81.61,24021.64,35280.0
WO-005000,2026-08-20,2026-08,2026-W34,Morning,M05,P01,292,346,341,5,430.0,388.79,62.0,67.42,210.85,7.17,15224.0,30.57,13.82,21392.06,32054.0
WO-005001,2026-08-20,2026-08,2026-W34,Afternoon,M05,P01,303,327,322,5,430.0,371.68,62.0,68.2,217.46,7.17,14388.0,31.53,12.0,20251.2,30268.0
WO-005002,2026-08-20,2026-08,2026-W34,Morning,M06,P04,201,243,238,5,430.0,415.29,95.0,102.54,251.97,7.17,24057.0,36.54,13.82,33200.02,49980.0
WO-005003,2026-08-20,2026-08,2026-W34,Afternoon,M06,P06,148,174,167,7,430.0,394.3,125.0,135.96,242.47,7.17,24186.0,35.16,102.06,33784.88,49766.0
WO-005004,2026-08-21,2026-08,2026-W34,Morning,M01,P03,497,567,558,9,430.0,388.9,38.0,41.15,366.89,7.17,14742.0,53.2,12.0,20781.37,31248.0
WO-005005,2026-08-21,2026-08,2026-W34,Afternoon,M01,P03,495,520,511,9,430.0,367.84,38.0,42.44,349.51,7.17,13520.0,50.68,12.0,19110.35,28616.0
WO-005006,2026-08-21,2026-08,2026-W34,Morning,M02,P01,317,328,322,6,430.0,376.33,62.0,68.84,260.0,7.17,14432.0,37.7,32.14,20337.51,30268.0
WO-005007,2026-08-21,2026-08,2026-W34,Afternoon,M02,P02,276,272,268,4,430.0,375.85,74.0,82.91,266.92,7.17,16048.0,38.7,98.64,22485.01,33768.0
WO-005008,2026-08-21,2026-08,2026-W34,Morning,M03,P01,314,340,337,3,430.0,377.67,62.0,66.65,387.79,7.17,14960.0,56.23,12.0,21055.9,31678.0
WO-005009,2026-08-21,2026-08,2026-W34,Afternoon,M03,P05,353,390,378,12,430.0,387.95,52.0,59.69,419.33,7.17,18720.0,60.8,82.48,26080.95,38556.0
WO-005010,2026-08-21,2026-08,2026-W34,Morning,M04,P04,190,177,172,5,430.0,315.3,95.0,106.88,258.85,7.17,17523.0,37.53,61.1,24404.3,36120.0
WO-005011,2026-08-21,2026-08,2026-W34,Afternoon,M04,P06,152,127,120,7,430.0,299.4,125.0,141.45,229.53,7.17,17653.0,33.28,114.9,24865.85,35760.0
WO-005012,2026-08-21,2026-08,2026-W34,Morning,M05,P06,156,167,161,6,430.0,394.73,125.0,141.82,222.03,7.17,23213.0,32.19,131.69,32481.56,47978.0
WO-005013,2026-08-21,2026-08,2026-W34,Afternoon,M05,P05,383,381,370,11,430.0,374.93,52.0,59.04,208.87,7.17,18288.0,30.29,49.78,25432.74,37740.0
WO-005014,2026-08-21,2026-08,2026-W34,Afternoon,M06,P05,338,419,409,10,430.0,397.01,52.0,56.85,240.6,7.17,20112.0,34.89,51.8,27909.36,41718.0
WO-005015,2026-08-24,2026-08,2026-W35,Morning,M01,P02,270,280,275,5,430.0,373.64,74.0,80.07,338.19,7.17,16520.0,49.04,31.2,23067.91,34650.0
WO-005016,2026-08-24,2026-08,2026-W35,Afternoon,M01,P03,487,558,551,7,430.0,385.98,38.0,41.5,341.65,7.17,14508.0,49.54,38.66,20484.86,30856.0
WO-005017,2026-08-24,2026-08,2026-W35,Morning,M02,P02,265,270,265,5,430.0,368.99,74.0,82.0,256.35,7.17,15930.0,37.17,19.59,22244.42,33390.0
WO-005018,2026-08-24,2026-08,2026-W35,Afternoon,M02,P01,318,313,306,7,430.0,370.26,62.0,70.98,261.6,7.17,13772.0,37.93,19.49,19425.08,28764.0
WO-005019,2026-08-24,2026-08,2026-W35,Afternoon,M03,P01,310,338,333,5,430.0,377.7,62.0,67.05,381.78,7.17,14872.0,55.36,37.35,20960.37,31302.0
WO-005020,2026-08-24,2026-08,2026-W35,Morning,M04,P06,153,136,128,8,430.0,322.31,125.0,142.2,266.89,7.17,18904.0,38.7,70.44,26536.81,38144.0
WO-005021,2026-08-24,2026-08,2026-W35,Morning,M05,P05,366,412,402,10,430.0,396.14,52.0,57.69,220.74,7.17,19776.0,32.01,20.16,27419.83,41004.0
WO-005022,2026-08-24,2026-08,2026-W35,Afternoon,M05,P01,291,317,311,6,430.0,363.34,62.0,68.77,204.13,7.17,13948.0,29.6,13.74,19651.0,29234.0
WO-005023,2026-08-24,2026-08,2026-W35,Afternoon,M06,P05,346,450,436,14,430.0,417.1,52.0,55.61,251.28,7.17,21600.0,36.44,53.12,29927.23,44472.0
WO-005024,2026-08-25,2026-08,2026-W35,Morning,M01,P02,255,295,289,6,430.0,390.51,74.0,79.42,340.52,7.17,17405.0,49.37,52.09,24289.13,36414.0
WO-005025,2026-08-25,2026-08,2026-W35,Morning,M02,P02,257,266,260,6,430.0,381.82,74.0,86.12,253.66,7.17,15694.0,36.78,12.0,21916.45,32760.0
WO-005026,2026-08-25,2026-08,2026-W35,Afternoon,M02,P05,386,380,372,8,430.0,370.87,52.0,58.56,254.37,7.17,18240.0,36.88,13.07,25337.62,37944.0
WO-005027,2026-08-25,2026-08,2026-W35,Morning,M03,P01,298,361,356,5,430.0,390.78,62.0,64.95,394.63,7.17,15884.0,57.22,46.17,22351.06,33464.0
WO-005028,2026-08-25,2026-08,2026-W35,Afternoon,M03,P05,385,421,411,10,430.0,396.47,52.0,56.5,399.94,7.17,20208.0,57.99,28.43,28039.08,41922.0
WO-005029,2026-08-25,2026-08,2026-W35,Morning,M04,P04,201,167,161,6,430.0,305.83,95.0,109.88,243.02,7.17,16533.0,35.24,96.22,23097.13,33810.0
WO-005030,2026-08-25,2026-08,2026-W35,Afternoon,M04,P04,206,158,153,5,430.0,297.48,95.0,112.97,239.18,7.17,15642.0,34.68,81.78,21876.13,32130.0
WO-005031,2026-08-25,2026-08,2026-W35,Morning,M05,P04,195,217,213,4,430.0,389.02,95.0,107.56,218.97,7.17,21483.0,31.75,49.83,29747.25,44730.0
WO-005032,2026-08-25,2026-08,2026-W35,Afternoon,M05,P01,319,320,313,7,430.0,371.25,62.0,69.61,201.49,7.17,14080.0,29.22,84.94,19901.82,29422.0
WO-005033,2026-08-25,2026-08,2026-W35,Morning,M06,P06,151,168,162,6,430.0,384.42,125.0,137.29,239.68,7.17,23352.0,34.75,18.73,32561.15,48276.0
WO-005034,2026-08-25,2026-08,2026-W35,Afternoon,M06,P04,200,214,209,5,430.0,373.42,95.0,104.7,229.19,7.17,21186.0,33.23,42.52,29339.42,43890.0
WO-005035,2026-08-26,2026-08,2026-W35,Morning,M01,P03,514,551,546,5,430.0,379.36,38.0,41.31,353.2,7.17,14326.0,51.21,43.67,20243.05,30576.0
WO-005036,2026-08-26,2026-08,2026-W35,Afternoon,M01,P02,263,294,290,4,430.0,393.82,74.0,80.37,346.32,7.17,17346.0,50.22,12.0,24169.88,36540.0
WO-005037,2026-08-26,2026-08,2026-W35,Morning,M02,P02,235,275,269,6,430.0,371.55,74.0,81.07,258.64,7.17,16225.0,37.5,38.63,22663.8,33894.0
WO-005038,2026-08-26,2026-08,2026-W35,Afternoon,M02,P01,317,305,301,4,430.0,368.91,62.0,72.57,252.93,7.17,13420.0,36.68,46.47,18970.81,28294.0
WO-005039,2026-08-26,2026-08,2026-W35,Morning,M03,P03,494,562,554,8,430.0,385.45,38.0,41.15,400.22,7.17,14612.0,58.03,12.0,20608.7,31024.0
WO-005040,2026-08-26,2026-08,2026-W35,Afternoon,M03,P03,521,560,546,14,430.0,393.1,38.0,42.12,405.87,7.17,14560.0,58.85,61.44,20587.96,30576.0
WO-005041,2026-08-26,2026-08,2026-W35,Morning,M04,P03,494,423,413,10,430.0,310.53,38.0,44.05,233.66,7.17,10998.0,33.88,83.14,15721.19,23128.0
WO-005042,2026-08-26,2026-08,2026-W35,Afternoon,M04,P06,145,125,118,7,430.0,309.58,125.0,148.6,251.31,7.17,17375.0,36.44,76.94,24451.05,35164.0
WO-005043,2026-08-26,2026-08,2026-W35,Morning,M05,P01,296,329,323,6,430.0,382.22,62.0,69.71,216.28,7.17,14476.0,31.36,106.45,20465.48,30362.0
WO-005044,2026-08-26,2026-08,2026-W35,Afternoon,M05,P06,152,153,146,7,430.0,358.32,125.0,140.52,203.31,7.17,21267.0,29.48,20.95,29708.1,43508.0
WO-005045,2026-08-26,2026-08,2026-W35,Morning,M06,P05,361,436,427,9,430.0,410.67,52.0,56.51,243.64,7.17,20928.0,35.33,25.87,28988.87,43554.0
WO-005046,2026-08-26,2026-08,2026-W35,Afternoon,M06,P04,199,240,233,7,430.0,407.67,95.0,101.92,257.78,7.17,23760.0,37.38,72.73,32857.77,48930.0
WO-005047,2026-08-27,2026-08,2026-W35,Morning,M01,P02,259,284,277,7,430.0,384.51,74.0,81.23,338.31,7.17,16756.0,49.05,33.32,23390.04,34902.0
WO-005048,2026-08-27,2026-08,2026-W35,Afternoon,M01,P03,522,565,558,7,430.0,381.45,38.0,40.51,345.02,7.17,14690.0,50.03,15.61,20710.8,31248.0
WO-005049,2026-08-27,2026-08,2026-W35,Morning,M02,P02,251,276,269,7,430.0,378.9,74.0,82.37,278.7,7.17,16284.0,40.41,32.42,22740.49,33894.0
WO-005050,2026-08-27,2026-08,2026-W35,Afternoon,M02,P05,360,385,375,10,430.0,375.93,52.0,58.59,258.31,7.17,18480.0,37.46,83.59,25733.72,38250.0
WO-005051,2026-08-27,2026-08,2026-W35,Morning,M03,P03,509,584,577,7,430.0,401.71,38.0,41.27,410.82,7.17,15184.0,59.57,23.17,21402.4,32312.0
WO-005052,2026-08-27,2026-08,2026-W35,Afternoon,M03,P05,339,416,404,12,430.0,392.77,52.0,56.65,398.46,7.17,19968.0,57.78,34.29,27719.73,41208.0
WO-005053,2026-08-27,2026-08,2026-W35,Morning,M04,P06,157,139,133,6,430.0,332.66,125.0,143.59,253.18,7.17,19321.0,36.71,84.2,27118.57,39634.0
WO-005054,2026-08-27,2026-08,2026-W35,Afternoon,M04,P04,194,174,168,6,430.0,312.98,95.0,107.93,259.68,7.17,17226.0,37.65,71.16,24012.48,35280.0
WO-005055,2026-08-27,2026-08,2026-W35,Morning,M05,P01,305,342,337,5,430.0,390.88,62.0,68.58,214.68,7.17,15048.0,31.13,12.0,21150.79,31678.0
WO-005056,2026-08-27,2026-08,2026-W35,Afternoon,M05,P01,295,308,304,4,430.0,369.58,62.0,72.0,210.9,7.17,13552.0,30.58,32.74,19130.99,28576.0
WO-005057,2026-08-27,2026-08,2026-W35,Morning,M06,P04,205,231,226,5,430.0,408.33,95.0,106.06,261.78,7.17,22869.0,37.96,169.36,31748.98,47460.0
WO-005058,2026-08-27,2026-08,2026-W35,Afternoon,M06,P01,306,339,333,6,430.0,388.18,62.0,68.7,236.1,7.17,14916.0,34.23,44.23,21006.13,31302.0
WO-005059,2026-08-28,2026-08,2026-W35,Morning,M01,P02,252,298,292,6,430.0,388.57,74.0,78.23,353.49,7.17,17582.0,51.26,30.89,24509.81,36792.0
WO-005060,2026-08-28,2026-08,2026-W35,Afternoon,M01,P02,257,267,260,7,430.0,348.47,74.0,78.31,310.58,7.17,15753.0,45.03,15.2,22007.9,32760.0
WO-005061,2026-08-28,2026-08,2026-W35,Morning,M02,P05,342,374,365,9,430.0,366.92,52.0,58.86,260.7,7.17,17952.0,37.8,37.55,24973.02,37230.0
WO-005062,2026-08-28,2026-08,2026-W35,Afternoon,M02,P05,365,357,347,10,430.0,361.64,52.0,60.78,250.0,7.17,17136.0,36.25,12.0,23840.92,35394.0
WO-005063,2026-08-28,2026-08,2026-W35,Morning,M03,P05,376,426,417,9,430.0,387.77,52.0,54.61,395.35,7.17,20448.0,57.33,16.46,28351.45,42534.0
WO-005064,2026-08-28,2026-08,2026-W35,Afternoon,M03,P05,373,401,392,9,430.0,379.07,52.0,56.72,415.22,7.17,19248.0,60.21,44.01,26756.88,39984.0
WO-005065,2026-08-28,2026-08,2026-W35,Afternoon,M04,P03,489,431,419,12,430.0,311.26,38.0,43.33,254.37,7.17,11206.0,36.88,62.33,15987.38,23464.0
WO-005066,2026-08-28,2026-08,2026-W35,Morning,M05,P01,317,339,335,4,430.0,390.44,62.0,69.1,224.63,7.17,14916.0,32.57,12.0,20972.24,31490.0
WO-005067,2026-08-28,2026-08,2026-W35,Afternoon,M05,P05,372,391,383,8,430.0,363.65,52.0,55.8,193.34,7.17,18768.0,28.03,42.11,26072.81,39066.0
WO-005068,2026-08-28,2026-08,2026-W35,Morning,M06,P01,310,376,369,7,430.0,415.63,62.0,66.32,246.5,7.17,16544.0,35.74,12.0,23195.41,34686.0
WO-005069,2026-08-28,2026-08,2026-W35,Afternoon,M06,P05,365,416,408,8,430.0,396.5,52.0,57.19,235.2,7.17,19968.0,34.1,59.54,27721.31,41616.0
WO-005070,2026-08-31,2026-08,2026-W36,Afternoon,M01,P01,316,321,318,3,430.0,369.08,62.0,68.99,327.11,7.17,14124.0,47.43,27.22,19922.32,29892.0
WO-005071,2026-08-31,2026-08,2026-W36,Morning,M02,P02,248,278,272,6,430.0,384.41,74.0,82.97,277.95,7.17,16402.0,40.3,43.74,22911.71,34272.0
WO-005072,2026-08-31,2026-08,2026-W36,Afternoon,M02,P01,321,313,308,5,430.0,367.41,62.0,70.43,248.07,7.17,13772.0,35.97,156.82,19560.46,28952.0
WO-005073,2026-08-31,2026-08,2026-W36,Morning,M03,P03,519,594,584,10,430.0,403.94,38.0,40.8,437.04,7.17,15444.0,63.37,38.06,21776.1,32704.0
WO-005074,2026-08-31,2026-08,2026-W36,Afternoon,M03,P05,358,405,393,12,430.0,379.07,52.0,56.16,408.76,7.17,19440.0,59.27,14.28,26986.22,40086.0
WO-005075,2026-08-31,2026-08,2026-W36,Morning,M04,P03,487,411,402,9,430.0,300.93,38.0,43.93,236.05,7.17,10686.0,34.23,76.86,15289.25,22512.0
WO-005076,2026-08-31,2026-08,2026-W36,Afternoon,M04,P04,205,176,172,4,430.0,321.4,95.0,109.57,257.3,7.17,17424.0,37.31,103.97,24312.94,36120.0
WO-005077,2026-08-31,2026-08,2026-W36,Afternoon,M05,P06,151,163,155,8,430.0,371.71,125.0,136.82,207.69,7.17,22657.0,30.11,12.0,31599.78,46190.0
WO-005078,2026-08-31,2026-08,2026-W36,Afternoon,M06,P05,369,431,424,7,430.0,403.34,52.0,56.15,238.94,7.17,20688.0,34.65,48.9,28686.21,43248.0
