check_id,order_id,date,machine_id,product_id,defect_type,defect_count,result
QC-0000001,WO-000001,2025-01-01,M01,P03,Assembly mismatch,3,FAIL
QC-0000002,WO-000001,2025-01-01,M01,P03,Dimensional,3,FAIL
QC-0000003,WO-000001,2025-01-01,M01,P03,Surface finish,1,FAIL
QC-0000004,WO-000002,2025-01-01,M01,P02,Assembly mismatch,5,FAIL
QC-0000005,WO-000002,2025-01-01,M01,P02,Cosmetic,1,FAIL
QC-0000006,WO-000002,2025-01-01,M01,P02,Dimensional,0,PASS
QC-0000007,WO-000003,2025-01-01,M02,P02,Weld porosity,2,FAIL
QC-0000008,WO-000003,2025-01-01,M02,P02,Surface finish,1,FAIL
QC-0000009,WO-000003,2025-01-01,M02,P02,Dimensional,2,FAIL
QC-0000010,WO-000004,2025-01-01,M02,P05,Cosmetic,4,FAIL
QC-0000011,WO-000004,2025-01-01,M02,P05,Assembly mismatch,5,FAIL
QC-0000012,WO-000004,2025-01-01,M02,P05,Surface finish,2,FAIL
QC-0000013,WO-000005,2025-01-01,M03,P03,Dimensional,2,FAIL
QC-0000014,WO-000005,2025-01-01,M03,P03,Material defect,4,FAIL
QC-0000015,WO-000005,2025-01-01,M03,P03,Cosmetic,1,FAIL
QC-0000016,WO-000006,2025-01-01,M03,P05,Dimensional,5,FAIL
QC-0000017,WO-000006,2025-01-01,M03,P05,Surface finish,2,FAIL
QC-0000018,WO-000006,2025-01-01,M03,P05,Cosmetic,3,FAIL
QC-0000019,WO-000007,2025-01-01,M04,P03,Surface finish,5,FAIL
QC-0000020,WO-000007,2025-01-01,M04,P03,Weld porosity,2,FAIL
QC-0000021,WO-000007,2025-01-01,M04,P03,Dimensional,1,FAIL
QC-0000022,WO-000008,2025-01-01,M04,P03,Cosmetic,6,FAIL
QC-0000023,WO-000008,2025-01-01,M04,P03,Dimensional,2,FAIL
QC-0000024,WO-000008,2025-01-01,M04,P03,Weld porosity,4,FAIL
QC-0000025,WO-000009,2025-01-01,M05,P06,Dimensional,5,FAIL
QC-0000026,WO-000009,2025-01-01,M05,P06,Cosmetic,0,PASS
QC-0000027,WO-000009,2025-01-01,M05,P06,Surface finish,1,FAIL
QC-0000028,WO-000010,2025-01-01,M06,P01,Material defect,1,FAIL
QC-0000029,WO-000010,2025-01-01,M06,P01,Assembly mismatch,2,FAIL
QC-0000030,WO-000010,2025-01-01,M06,P01,Surface finish,1,FAIL
QC-0000031,WO-000011,2025-01-01,M06,P06,Cosmetic,4,FAIL
QC-0000032,WO-000011,2025-01-01,M06,P06,Surface finish,1,FAIL
QC-0000033,WO-000011,2025-01-01,M06,P06,Assembly mismatch,1,FAIL
QC-0000034,WO-000012,2025-01-02,M01,P03,Material defect,1,FAIL
QC-0000035,WO-000012,2025-01-02,M01,P03,Weld porosity,3,FAIL
QC-0000036,WO-000012,2025-01-02,M01,P03,Surface finish,3,FAIL
QC-0000037,WO-000013,2025-01-02,M01,P03,Surface finish,6,FAIL
QC-0000038,WO-000013,2025-01-02,M01,P03,Dimensional,0,PASS
QC-0000039,WO-000013,2025-01-02,M01,P03,Material defect,1,FAIL
QC-0000040,WO-000014,2025-01-02,M02,P02,Material defect,5,FAIL
QC-0000041,WO-000014,2025-01-02,M02,P02,Surface finish,1,FAIL
QC-0000042,WO-000014,2025-01-02,M02,P02,Cosmetic,0,PASS
QC-0000043,WO-000015,2025-01-02,M02,P01,Cosmetic,5,FAIL
QC-0000044,WO-000015,2025-01-02,M02,P01,Assembly mismatch,1,FAIL
QC-0000045,WO-000015,2025-01-02,M02,P01,Weld porosity,1,FAIL
QC-0000046,WO-000016,2025-01-02,M03,P03,Weld porosity,5,FAIL
QC-0000047,WO-000016,2025-01-02,M03,P03,Surface finish,1,FAIL
QC-0000048,WO-000016,2025-01-02,M03,P03,Assembly mismatch,4,FAIL
QC-0000049,WO-000017,2025-01-02,M03,P05,Assembly mismatch,5,FAIL
QC-0000050,WO-000017,2025-01-02,M03,P05,Surface finish,4,FAIL
QC-0000051,WO-000017,2025-01-02,M03,P05,Dimensional,0,PASS
QC-0000052,WO-000018,2025-01-02,M04,P04,Weld porosity,2,FAIL
QC-0000053,WO-000018,2025-01-02,M04,P04,Assembly mismatch,1,FAIL
QC-0000054,WO-000018,2025-01-02,M04,P04,Cosmetic,0,PASS
QC-0000055,WO-000019,2025-01-02,M04,P04,Surface finish,2,FAIL
QC-0000056,WO-000019,2025-01-02,M04,P04,Cosmetic,2,FAIL
QC-0000057,WO-000019,2025-01-02,M04,P04,Weld porosity,0,PASS
QC-0000058,WO-000020,2025-01-02,M05,P05,Material defect,4,FAIL
QC-0000059,WO-000020,2025-01-02,M05,P05,Cosmetic,4,FAIL
QC-0000060,WO-000020,2025-01-02,M05,P05,Weld porosity,2,FAIL
QC-0000061,WO-000021,2025-01-02,M05,P04,Surface finish,1,FAIL
QC-0000062,WO-000021,2025-01-02,M05,P04,Dimensional,2,FAIL
QC-0000063,WO-000021,2025-01-02,M05,P04,Assembly mismatch,0,PASS
QC-0000064,WO-000022,2025-01-02,M06,P01,Material defect,2,FAIL
QC-0000065,WO-000022,2025-01-02,M06,P01,Weld porosity,5,FAIL
QC-0000066,WO-000022,2025-01-02,M06,P01,Dimensional,0,PASS
QC-0000067,WO-000023,2025-01-02,M06,P04,Weld porosity,2,FAIL
QC-0000068,WO-000023,2025-01-02,M06,P04,Cosmetic,2,FAIL
QC-0000069,WO-000023,2025-01-02,M06,P04,Dimensional,2,FAIL
QC-0000070,WO-000024,2025-01-03,M01,P03,Weld porosity,2,FAIL
QC-0000071,WO-000024,2025-01-03,M01,P03,Assembly mismatch,1,FAIL
QC-0000072,WO-000024,2025-01-03,M01,P03,Dimensional,0,PASS
QC-0000073,WO-000025,2025-01-03,M01,P02,Surface finish,3,FAIL
QC-0000074,WO-000025,2025-01-03,M01,P02,Assembly mismatch,3,FAIL
QC-0000075,WO-000025,2025-01-03,M01,P02,Dimensional,1,FAIL
QC-0000076,WO-000026,2025-01-03,M02,P05,Weld porosity,4,FAIL
QC-0000077,WO-000026,2025-01-03,M02,P05,Assembly mismatch,3,FAIL
QC-0000078,WO-000026,2025-01-03,M02,P05,Surface finish,2,FAIL
QC-0000079,WO-000027,2025-01-03,M02,P02,Cosmetic,5,FAIL
QC-0000080,WO-000027,2025-01-03,M02,P02,Weld porosity,1,FAIL
QC-0000081,WO-000027,2025-01-03,M02,P02,Surface finish,0,PASS
QC-0000082,WO-000028,2025-01-03,M03,P03,Assembly mismatch,4,FAIL
QC-0000083,WO-000028,2025-01-03,M03,P03,Dimensional,2,FAIL
QC-0000084,WO-000028,2025-01-03,M03,P03,Weld porosity,1,FAIL
QC-0000085,WO-000029,2025-01-03,M03,P03,Material defect,5,FAIL
QC-0000086,WO-000029,2025-01-03,M03,P03,Cosmetic,2,FAIL
QC-0000087,WO-000029,2025-01-03,M03,P03,Surface finish,1,FAIL
QC-0000088,WO-000030,2025-01-03,M04,P06,Weld porosity,4,FAIL
QC-0000089,WO-000030,2025-01-03,M04,P06,Material defect,0,PASS
QC-0000090,WO-000030,2025-01-03,M04,P06,Surface finish,2,FAIL
QC-0000091,WO-000031,2025-01-03,M04,P06,Weld porosity,4,FAIL
QC-0000092,WO-000031,2025-01-03,M04,P06,Assembly mismatch,1,FAIL
QC-0000093,WO-000031,2025-01-03,M04,P06,Dimensional,1,FAIL
QC-0000094,WO-000032,2025-01-03,M05,P05,Weld porosity,7,FAIL
QC-0000095,WO-000032,2025-01-03,M05,P05,Cosmetic,2,FAIL
QC-0000096,WO-000032,2025-01-03,M05,P05,Dimensional,0,PASS
QC-0000097,WO-000033,2025-01-03,M05,P06,Material defect,6,FAIL
QC-0000098,WO-000033,2025-01-03,M05,P06,Cosmetic,0,PASS
QC-0000099,WO-000033,2025-01-03,M05,P06,Dimensional,0,PASS
QC-0000100,WO-000034,2025-01-03,M06,P06,Material defect,4,FAIL
QC-0000101,WO-000034,2025-01-03,M06,P06,Surface finish,2,FAIL
QC-0000102,WO-000034,2025-01-03,M06,P06,Dimensional,0,PASS
QC-0000103,WO-000035,2025-01-03,M06,P01,Weld porosity,3,FAIL
QC-0000104,WO-000035,2025-01-03,M06,P01,Surface finish,2,FAIL
QC-0000105,WO-000035,2025-01-03,M06,P01,Cosmetic,2,FAIL
QC-0000106,WO-000036,2025-01-06,M01,P03,Surface finish,4,FAIL
QC-0000107,WO-000036,2025-01-06,M01,P03,Cosmetic,3,FAIL
QC-0000108,WO-000036,2025-01-06,M01,P03,Material defect,0,PASS
QC-0000109,WO-000037,2025-01-06,M01,P02,Assembly mismatch,4,FAIL
QC-0000110,WO-000037,2025-01-06,M01,P02,Dimensional,1,FAIL
QC-0000111,WO-000037,2025-01-06,M01,P02,Weld porosity,2,FAIL
QC-0000112,WO-000038,2025-01-06,M02,P02,Material defect,2,FAIL
QC-0000113,WO-000038,2025-01-06,M02,P02,Weld porosity,0,PASS
QC-0000114,WO-000038,2025-01-06,M02,P02,Surface finish,2,FAIL
QC-0000115,WO-000039,2025-01-06,M02,P05,Surface finish,7,FAIL
QC-0000116,WO-000039,2025-01-06,M02,P05,Cosmetic,2,FAIL
QC-0000117,WO-000039,2025-01-06,M02,P05,Dimensional,1,FAIL
QC-0000118,WO-000040,2025-01-06,M03,P03,Material defect,2,FAIL
QC-0000119,WO-000040,2025-01-06,M03,P03,Dimensional,2,FAIL
QC-0000120,WO-000040,2025-01-06,M03,P03,Surface finish,0,PASS
QC-0000121,WO-000041,2025-01-06,M03,P05,Weld porosity,4,FAIL
QC-0000122,WO-000041,2025-01-06,M03,P05,Cosmetic,3,FAIL
QC-0000123,WO-000041,2025-01-06,M03,P05,Material defect,4,FAIL
QC-0000124,WO-000042,2025-01-06,M04,P06,Dimensional,5,FAIL
QC-0000125,WO-000042,2025-01-06,M04,P06,Material defect,0,PASS
QC-0000126,WO-000042,2025-01-06,M04,P06,Weld porosity,0,PASS
QC-0000127,WO-000043,2025-01-06,M05,P01,Weld porosity,2,FAIL
QC-0000128,WO-000043,2025-01-06,M05,P01,Surface finish,1,FAIL
QC-0000129,WO-000043,2025-01-06,M05,P01,Material defect,1,FAIL
QC-0000130,WO-000044,2025-01-06,M05,P06,Cosmetic,1,FAIL
QC-0000131,WO-000044,2025-01-06,M05,P06,Material defect,4,FAIL
QC-0000132,WO-000044,2025-01-06,M05,P06,Assembly mismatch,1,FAIL
QC-0000133,WO-000045,2025-01-06,M06,P01,Assembly mismatch,3,FAIL
QC-0000134,WO-000045,2025-01-06,M06,P01,Weld porosity,3,FAIL
QC-0000135,WO-000045,2025-01-06,M06,P01,Material defect,2,FAIL
QC-0000136,WO-000046,2025-01-06,M06,P06,Assembly mismatch,3,FAIL
QC-0000137,WO-000046,2025-01-06,M06,P06,Cosmetic,3,FAIL
QC-0000138,WO-000046,2025-01-06,M06,P06,Dimensional,1,FAIL
QC-0000139,WO-000047,2025-01-07,M01,P01,Assembly mismatch,3,FAIL
QC-0000140,WO-000047,2025-01-07,M01,P01,Cosmetic,3,FAIL
QC-0000141,WO-000047,2025-01-07,M01,P01,Surface finish,1,FAIL
QC-0000142,WO-000048,2025-01-07,M01,P02,Dimensional,4,FAIL
QC-0000143,WO-000048,2025-01-07,M01,P02,Assembly mismatch,2,FAIL
QC-0000144,WO-000048,2025-01-07,M01,P02,Material defect,0,PASS
QC-0000145,WO-000049,2025-01-07,M02,P01,Material defect,3,FAIL
QC-0000146,WO-000049,2025-01-07,M02,P01,Dimensional,2,FAIL
QC-0000147,WO-000049,2025-01-07,M02,P01,Cosmetic,0,PASS
QC-0000148,WO-000050,2025-01-07,M02,P05,Material defect,6,FAIL
QC-0000149,WO-000050,2025-01-07,M02,P05,Cosmetic,5,FAIL
QC-0000150,WO-000050,2025-01-07,M02,P05,Assembly mismatch,0,PASS
QC-0000151,WO-000051,2025-01-07,M03,P03,Surface finish,6,FAIL
QC-0000152,WO-000051,2025-01-07,M03,P03,Cosmetic,1,FAIL
QC-0000153,WO-000051,2025-01-07,M03,P03,Assembly mismatch,1,FAIL
QC-0000154,WO-000052,2025-01-07,M03,P03,Surface finish,6,FAIL
QC-0000155,WO-000052,2025-01-07,M03,P03,Cosmetic,1,FAIL
QC-0000156,WO-000052,2025-01-07,M03,P03,Assembly mismatch,3,FAIL
QC-0000157,WO-000053,2025-01-07,M04,P03,Weld porosity,4,FAIL
QC-0000158,WO-000053,2025-01-07,M04,P03,Cosmetic,1,FAIL
QC-0000159,WO-000053,2025-01-07,M04,P03,Dimensional,1,FAIL
QC-0000160,WO-000054,2025-01-07,M04,P04,Weld porosity,4,FAIL
QC-0000161,WO-000054,2025-01-07,M04,P04,Surface finish,0,PASS
QC-0000162,WO-000054,2025-01-07,M04,P04,Assembly mismatch,0,PASS
QC-0000163,WO-000055,2025-01-07,M05,P04,Material defect,1,FAIL
QC-0000164,WO-000055,2025-01-07,M05,P04,Dimensional,1,FAIL
QC-0000165,WO-000055,2025-01-07,M05,P04,Surface finish,1,FAIL
QC-0000166,WO-000056,2025-01-07,M05,P06,Weld porosity,3,FAIL
QC-0000167,WO-000056,2025-01-07,M05,P06,Dimensional,3,FAIL
QC-0000168,WO-000056,2025-01-07,M05,P06,Surface finish,0,PASS
QC-0000169,WO-000057,2025-01-07,M06,P05,Material defect,4,FAIL
QC-0000170,WO-000057,2025-01-07,M06,P05,Surface finish,6,FAIL
QC-0000171,WO-000057,2025-01-07,M06,P05,Cosmetic,1,FAIL
QC-0000172,WO-000058,2025-01-07,M06,P04,Surface finish,1,FAIL
QC-0000173,WO-000058,2025-01-07,M06,P04,Weld porosity,3,FAIL
QC-0000174,WO-000058,2025-01-07,M06,P04,Material defect,1,FAIL
QC-0000175,WO-000059,2025-01-08,M01,P03,Material defect,1,FAIL
QC-0000176,WO-000059,2025-01-08,M01,P03,Assembly mismatch,2,FAIL
QC-0000177,WO-000059,2025-01-08,M01,P03,Weld porosity,1,FAIL
QC-0000178,WO-000060,2025-01-08,M01,P02,Surface finish,3,FAIL
QC-0000179,WO-000060,2025-01-08,M01,P02,Material defect,2,FAIL
QC-0000180,WO-000060,2025-01-08,M01,P02,Assembly mismatch,0,PASS
QC-0000181,WO-000061,2025-01-08,M02,P02,Dimensional,4,FAIL
QC-0000182,WO-000061,2025-01-08,M02,P02,Assembly mismatch,1,FAIL
QC-0000183,WO-000061,2025-01-08,M02,P02,Cosmetic,2,FAIL
QC-0000184,WO-000062,2025-01-08,M02,P05,Weld porosity,7,FAIL
QC-0000185,WO-000062,2025-01-08,M02,P05,Surface finish,1,FAIL
QC-0000186,WO-000062,2025-01-08,M02,P05,Material defect,0,PASS
QC-0000187,WO-000063,2025-01-08,M03,P01,Material defect,2,FAIL
QC-0000188,WO-000063,2025-01-08,M03,P01,Assembly mismatch,4,FAIL
QC-0000189,WO-000063,2025-01-08,M03,P01,Surface finish,1,FAIL
QC-0000190,WO-000064,2025-01-08,M03,P05,Cosmetic,8,FAIL
QC-0000191,WO-000064,2025-01-08,M03,P05,Dimensional,4,FAIL
QC-0000192,WO-000064,2025-01-08,M03,P05,Assembly mismatch,0,PASS
QC-0000193,WO-000065,2025-01-08,M04,P04,Weld porosity,2,FAIL
QC-0000194,WO-000065,2025-01-08,M04,P04,Material defect,1,FAIL
QC-0000195,WO-000065,2025-01-08,M04,P04,Assembly mismatch,2,FAIL
QC-0000196,WO-000066,2025-01-08,M04,P04,Weld porosity,3,FAIL
QC-0000197,WO-000066,2025-01-08,M04,P04,Cosmetic,2,FAIL
QC-0000198,WO-000066,2025-01-08,M04,P04,Surface finish,1,FAIL
QC-0000199,WO-000067,2025-01-08,M05,P05,Surface finish,7,FAIL
QC-0000200,WO-000067,2025-01-08,M05,P05,Assembly mismatch,1,FAIL
QC-0000201,WO-000067,2025-01-08,M05,P05,Dimensional,2,FAIL
QC-0000202,WO-000068,2025-01-08,M05,P05,Cosmetic,6,FAIL
QC-0000203,WO-000068,2025-01-08,M05,P05,Material defect,2,FAIL
QC-0000204,WO-000068,2025-01-08,M05,P05,Assembly mismatch,2,FAIL
QC-0000205,WO-000069,2025-01-08,M06,P01,Assembly mismatch,3,FAIL
QC-0000206,WO-000069,2025-01-08,M06,P01,Cosmetic,0,PASS
QC-0000207,WO-000069,2025-01-08,M06,P01,Dimensional,1,FAIL
QC-0000208,WO-000070,2025-01-08,M06,P04,Dimensional,3,FAIL
QC-0000209,WO-000070,2025-01-08,M06,P04,Surface finish,2,FAIL
QC-0000210,WO-000070,2025-01-08,M06,P04,Cosmetic,0,PASS
QC-0000211,WO-000071,2025-01-09,M01,P03,Dimensional,3,FAIL
QC-0000212,WO-000071,2025-01-09,M01,P03,Weld porosity,1,FAIL
QC-0000213,WO-000071,2025-01-09,M01,P03,Assembly mismatch,2,FAIL
QC-0000214,WO-000072,2025-01-09,M01,P02,Assembly mismatch,5,FAIL
QC-0000215,WO-000072,2025-01-09,M01,P02,Cosmetic,3,FAIL
QC-0000216,WO-000072,2025-01-09,M01,P02,Dimensional,0,PASS
QC-0000217,WO-000073,2025-01-09,M02,P05,Material defect,4,FAIL
QC-0000218,WO-000073,2025-01-09,M02,P05,Weld porosity,3,FAIL
QC-0000219,WO-000073,2025-01-09,M02,P05,Surface finish,1,FAIL
QC-0000220,WO-000074,2025-01-09,M02,P02,Material defect,5,FAIL
QC-0000221,WO-000074,2025-01-09,M02,P02,Cosmetic,0,PASS
QC-0000222,WO-000074,2025-01-09,M02,P02,Assembly mismatch,1,FAIL
QC-0000223,WO-000075,2025-01-09,M03,P01,Weld porosity,3,FAIL
QC-0000224,WO-000075,2025-01-09,M03,P01,Assembly mismatch,1,FAIL
QC-0000225,WO-000075,2025-01-09,M03,P01,Dimensional,1,FAIL
QC-0000226,WO-000076,2025-01-09,M03,P01,Dimensional,4,FAIL
QC-0000227,WO-000076,2025-01-09,M03,P01,Weld porosity,3,FAIL
QC-0000228,WO-000076,2025-01-09,M03,P01,Assembly mismatch,1,FAIL
QC-0000229,WO-000077,2025-01-09,M04,P03,Dimensional,4,FAIL
QC-0000230,WO-000077,2025-01-09,M04,P03,Assembly mismatch,4,FAIL
QC-0000231,WO-000077,2025-01-09,M04,P03,Weld porosity,1,FAIL
QC-0000232,WO-000078,2025-01-09,M04,P03,Weld porosity,3,FAIL
QC-0000233,WO-000078,2025-01-09,M04,P03,Dimensional,8,FAIL
QC-0000234,WO-000078,2025-01-09,M04,P03,Surface finish,2,FAIL
QC-0000235,WO-000079,2025-01-09,M05,P04,Weld porosity,5,FAIL
QC-0000236,WO-000079,2025-01-09,M05,P04,Assembly mismatch,0,PASS
QC-0000237,WO-000079,2025-01-09,M05,P04,Material defect,0,PASS
QC-0000238,WO-000080,2025-01-09,M05,P06,Material defect,3,FAIL
QC-0000239,WO-000080,2025-01-09,M05,P06,Dimensional,2,FAIL
QC-0000240,WO-000080,2025-01-09,M05,P06,Weld porosity,1,FAIL
QC-0000241,WO-000081,2025-01-09,M06,P06,Weld porosity,4,FAIL
QC-0000242,WO-000081,2025-01-09,M06,P06,Cosmetic,2,FAIL
QC-0000243,WO-000081,2025-01-09,M06,P06,Material defect,0,PASS
QC-0000244,WO-000082,2025-01-09,M06,P01,Material defect,5,FAIL
QC-0000245,WO-000082,2025-01-09,M06,P01,Weld porosity,0,PASS
QC-0000246,WO-000082,2025-01-09,M06,P01,Dimensional,1,FAIL
QC-0000247,WO-000083,2025-01-10,M01,P02,Weld porosity,4,FAIL
QC-0000248,WO-000083,2025-01-10,M01,P02,Dimensional,3,FAIL
QC-0000249,WO-000083,2025-01-10,M01,P02,Material defect,0,PASS
QC-0000250,WO-000084,2025-01-10,M01,P02,Material defect,4,FAIL
QC-0000251,WO-000084,2025-01-10,M01,P02,Weld porosity,2,FAIL
QC-0000252,WO-000084,2025-01-10,M01,P02,Assembly mismatch,0,PASS
QC-0000253,WO-000085,2025-01-10,M02,P01,Surface finish,2,FAIL
QC-0000254,WO-000085,2025-01-10,M02,P01,Assembly mismatch,1,FAIL
QC-0000255,WO-000085,2025-01-10,M02,P01,Material defect,0,PASS
QC-0000256,WO-000086,2025-01-10,M02,P05,Surface finish,7,FAIL
QC-0000257,WO-000086,2025-01-10,M02,P05,Material defect,2,FAIL
QC-0000258,WO-000086,2025-01-10,M02,P05,Cosmetic,1,FAIL
QC-0000259,WO-000087,2025-01-10,M03,P03,Dimensional,3,FAIL
QC-0000260,WO-000087,2025-01-10,M03,P03,Surface finish,2,FAIL
QC-0000261,WO-000087,2025-01-10,M03,P03,Cosmetic,1,FAIL
QC-0000262,WO-000088,2025-01-10,M03,P01,Dimensional,5,FAIL
QC-0000263,WO-000088,2025-01-10,M03,P01,Surface finish,2,FAIL
QC-0000264,WO-000088,2025-01-10,M03,P01,Assembly mismatch,2,FAIL
QC-0000265,WO-000089,2025-01-10,M04,P04,Weld porosity,2,FAIL
QC-0000266,WO-000089,2025-01-10,M04,P04,Material defect,0,PASS
QC-0000267,WO-000089,2025-01-10,M04,P04,Surface finish,2,FAIL
QC-0000268,WO-000090,2025-01-10,M04,P06,Weld porosity,3,FAIL
QC-0000269,WO-000090,2025-01-10,M04,P06,Surface finish,1,FAIL
QC-0000270,WO-000090,2025-01-10,M04,P06,Cosmetic,2,FAIL
QC-0000271,WO-000091,2025-01-10,M05,P06,Material defect,5,FAIL
QC-0000272,WO-000091,2025-01-10,M05,P06,Cosmetic,0,PASS
QC-0000273,WO-000091,2025-01-10,M05,P06,Dimensional,0,PASS
QC-0000274,WO-000092,2025-01-10,M05,P04,Surface finish,4,FAIL
QC-0000275,WO-000092,2025-01-10,M05,P04,Dimensional,0,PASS
QC-0000276,WO-000092,2025-01-10,M05,P04,Weld porosity,0,PASS
QC-0000277,WO-000093,2025-01-10,M06,P06,Cosmetic,6,FAIL
QC-0000278,WO-000093,2025-01-10,M06,P06,Surface finish,0,PASS
QC-0000279,WO-000093,2025-01-10,M06,P06,Dimensional,0,PASS
QC-0000280,WO-000094,2025-01-10,M06,P04,Weld porosity,0,PASS
QC-0000281,WO-000094,2025-01-10,M06,P04,Cosmetic,2,FAIL
QC-0000282,WO-000094,2025-01-10,M06,P04,Assembly mismatch,2,FAIL
QC-0000283,WO-000095,2025-01-13,M01,P03,Cosmetic,4,FAIL
QC-0000284,WO-000095,2025-01-13,M01,P03,Dimensional,1,FAIL
QC-0000285,WO-000095,2025-01-13,M01,P03,Weld porosity,0,PASS
QC-0000286,WO-000096,2025-01-13,M01,P03,Weld porosity,2,FAIL
QC-0000287,WO-000096,2025-01-13,M01,P03,Assembly mismatch,4,FAIL
QC-0000288,WO-000096,2025-01-13,M01,P03,Dimensional,1,FAIL
QC-0000289,WO-000097,2025-01-13,M02,P01,Material defect,3,FAIL
QC-0000290,WO-000097,2025-01-13,M02,P01,Weld porosity,0,PASS
QC-0000291,WO-000097,2025-01-13,M02,P01,Dimensional,2,FAIL
QC-0000292,WO-000098,2025-01-13,M02,P05,Dimensional,6,FAIL
QC-0000293,WO-000098,2025-01-13,M02,P05,Surface finish,1,FAIL
QC-0000294,WO-000098,2025-01-13,M02,P05,Weld porosity,1,FAIL
QC-0000295,WO-000099,2025-01-13,M03,P03,Dimensional,6,FAIL
QC-0000296,WO-000099,2025-01-13,M03,P03,Weld porosity,2,FAIL
QC-0000297,WO-000099,2025-01-13,M03,P03,Surface finish,1,FAIL
QC-0000298,WO-000100,2025-01-13,M03,P03,Cosmetic,7,FAIL
QC-0000299,WO-000100,2025-01-13,M03,P03,Assembly mismatch,5,FAIL
QC-0000300,WO-000100,2025-01-13,M03,P03,Weld porosity,1,FAIL
QC-0000301,WO-000101,2025-01-13,M04,P06,Weld porosity,3,FAIL
QC-0000302,WO-000101,2025-01-13,M04,P06,Assembly mismatch,3,FAIL
QC-0000303,WO-000101,2025-01-13,M04,P06,Surface finish,1,FAIL
QC-0000304,WO-000102,2025-01-13,M04,P04,Material defect,2,FAIL
QC-0000305,WO-000102,2025-01-13,M04,P04,Weld porosity,2,FAIL
QC-0000306,WO-000102,2025-01-13,M04,P04,Cosmetic,2,FAIL
QC-0000307,WO-000103,2025-01-13,M05,P01,Assembly mismatch,5,FAIL
QC-0000308,WO-000103,2025-01-13,M05,P01,Cosmetic,1,FAIL
QC-0000309,WO-000103,2025-01-13,M05,P01,Dimensional,0,PASS
QC-0000310,WO-000104,2025-01-13,M05,P04,Weld porosity,1,FAIL
QC-0000311,WO-000104,2025-01-13,M05,P04,Material defect,0,PASS
QC-0000312,WO-000104,2025-01-13,M05,P04,Surface finish,3,FAIL
QC-0000313,WO-000105,2025-01-13,M06,P01,Dimensional,2,FAIL
QC-0000314,WO-000105,2025-01-13,M06,P01,Cosmetic,0,PASS
QC-0000315,WO-000105,2025-01-13,M06,P01,Assembly mismatch,1,FAIL
QC-0000316,WO-000106,2025-01-13,M06,P04,Assembly mismatch,5,FAIL
QC-0000317,WO-000106,2025-01-13,M06,P04,Weld porosity,0,PASS
QC-0000318,WO-000106,2025-01-13,M06,P04,Cosmetic,1,FAIL
QC-0000319,WO-000107,2025-01-14,M01,P03,Surface finish,5,FAIL
QC-0000320,WO-000107,2025-01-14,M01,P03,Material defect,5,FAIL
QC-0000321,WO-000107,2025-01-14,M01,P03,Assembly mismatch,1,FAIL
QC-0000322,WO-000108,2025-01-14,M01,P01,Surface finish,3,FAIL
QC-0000323,WO-000108,2025-01-14,M01,P01,Assembly mismatch,1,FAIL
QC-0000324,WO-000108,2025-01-14,M01,P01,Dimensional,0,PASS
QC-0000325,WO-000109,2025-01-14,M02,P01,Cosmetic,5,FAIL
QC-0000326,WO-000109,2025-01-14,M02,P01,Material defect,1,FAIL
QC-0000327,WO-000109,2025-01-14,M02,P01,Surface finish,0,PASS
QC-0000328,WO-000110,2025-01-14,M02,P02,Surface finish,3,FAIL
QC-0000329,WO-000110,2025-01-14,M02,P02,Weld porosity,2,FAIL
QC-0000330,WO-000110,2025-01-14,M02,P02,Material defect,0,PASS
QC-0000331,WO-000111,2025-01-14,M03,P03,Material defect,4,FAIL
QC-0000332,WO-000111,2025-01-14,M03,P03,Dimensional,2,FAIL
QC-0000333,WO-000111,2025-01-14,M03,P03,Surface finish,2,FAIL
QC-0000334,WO-000112,2025-01-14,M03,P01,Cosmetic,2,FAIL
QC-0000335,WO-000112,2025-01-14,M03,P01,Weld porosity,2,FAIL
QC-0000336,WO-000112,2025-01-14,M03,P01,Assembly mismatch,2,FAIL
QC-0000337,WO-000113,2025-01-14,M04,P06,Surface finish,3,FAIL
QC-0000338,WO-000113,2025-01-14,M04,P06,Weld porosity,3,FAIL
QC-0000339,WO-000113,2025-01-14,M04,P06,Material defect,0,PASS
QC-0000340,WO-000114,2025-01-14,M04,P04,Weld porosity,2,FAIL
QC-0000341,WO-000114,2025-01-14,M04,P04,Assembly mismatch,2,FAIL
QC-0000342,WO-000114,2025-01-14,M04,P04,Cosmetic,1,FAIL
QC-0000343,WO-000115,2025-01-14,M05,P04,Assembly mismatch,1,FAIL
QC-0000344,WO-000115,2025-01-14,M05,P04,Surface finish,1,FAIL
QC-0000345,WO-000115,2025-01-14,M05,P04,Weld porosity,1,FAIL
QC-0000346,WO-000116,2025-01-14,M05,P01,Assembly mismatch,3,FAIL
QC-0000347,WO-000116,2025-01-14,M05,P01,Material defect,1,FAIL
QC-0000348,WO-000116,2025-01-14,M05,P01,Cosmetic,0,PASS
QC-0000349,WO-000117,2025-01-14,M06,P01,Dimensional,4,FAIL
QC-0000350,WO-000117,2025-01-14,M06,P01,Weld porosity,2,FAIL
QC-0000351,WO-000117,2025-01-14,M06,P01,Cosmetic,1,FAIL
QC-0000352,WO-000118,2025-01-14,M06,P04,Cosmetic,3,FAIL
QC-0000353,WO-000118,2025-01-14,M06,P04,Assembly mismatch,1,FAIL
QC-0000354,WO-000118,2025-01-14,M06,P04,Surface finish,0,PASS
QC-0000355,WO-000119,2025-01-15,M01,P03,Dimensional,6,FAIL
QC-0000356,WO-000119,2025-01-15,M01,P03,Assembly mismatch,2,FAIL
QC-0000357,WO-000119,2025-01-15,M01,P03,Weld porosity,0,PASS
QC-0000358,WO-000120,2025-01-15,M01,P01,Dimensional,4,FAIL
QC-0000359,WO-000120,2025-01-15,M01,P01,Surface finish,3,FAIL
QC-0000360,WO-000120,2025-01-15,M01,P01,Material defect,0,PASS
QC-0000361,WO-000121,2025-01-15,M02,P05,Weld porosity,8,FAIL
QC-0000362,WO-000121,2025-01-15,M02,P05,Assembly mismatch,2,FAIL
QC-0000363,WO-000121,2025-01-15,M02,P05,Cosmetic,2,FAIL
QC-0000364,WO-000122,2025-01-15,M02,P05,Material defect,4,FAIL
QC-0000365,WO-000122,2025-01-15,M02,P05,Dimensional,3,FAIL
QC-0000366,WO-000122,2025-01-15,M02,P05,Surface finish,0,PASS
QC-0000367,WO-000123,2025-01-15,M03,P01,Dimensional,2,FAIL
QC-0000368,WO-000123,2025-01-15,M03,P01,Weld porosity,2,FAIL
QC-0000369,WO-000123,2025-01-15,M03,P01,Assembly mismatch,1,FAIL
QC-0000370,WO-000124,2025-01-15,M03,P01,Assembly mismatch,4,FAIL
QC-0000371,WO-000124,2025-01-15,M03,P01,Cosmetic,0,PASS
QC-0000372,WO-000124,2025-01-15,M03,P01,Surface finish,1,FAIL
QC-0000373,WO-000125,2025-01-15,M04,P04,Weld porosity,6,FAIL
QC-0000374,WO-000125,2025-01-15,M04,P04,Assembly mismatch,0,PASS
QC-0000375,WO-000125,2025-01-15,M04,P04,Material defect,0,PASS
QC-0000376,WO-000126,2025-01-15,M04,P06,Weld porosity,4,FAIL
QC-0000377,WO-000126,2025-01-15,M04,P06,Cosmetic,3,FAIL
QC-0000378,WO-000126,2025-01-15,M04,P06,Material defect,0,PASS
QC-0000379,WO-000127,2025-01-15,M05,P05,Cosmetic,7,FAIL
QC-0000380,WO-000127,2025-01-15,M05,P05,Weld porosity,5,FAIL
QC-0000381,WO-000127,2025-01-15,M05,P05,Dimensional,1,FAIL
QC-0000382,WO-000128,2025-01-15,M05,P01,Assembly mismatch,1,FAIL
QC-0000383,WO-000128,2025-01-15,M05,P01,Weld porosity,2,FAIL
QC-0000384,WO-000128,2025-01-15,M05,P01,Material defect,2,FAIL
QC-0000385,WO-000129,2025-01-15,M06,P04,Cosmetic,2,FAIL
QC-0000386,WO-000129,2025-01-15,M06,P04,Assembly mismatch,1,FAIL
QC-0000387,WO-000129,2025-01-15,M06,P04,Weld porosity,0,PASS
QC-0000388,WO-000130,2025-01-15,M06,P05,Material defect,6,FAIL
QC-0000389,WO-000130,2025-01-15,M06,P05,Weld porosity,3,FAIL
QC-0000390,WO-000130,2025-01-15,M06,P05,Cosmetic,1,FAIL
QC-0000391,WO-000131,2025-01-16,M01,P02,Material defect,2,FAIL
QC-0000392,WO-000131,2025-01-16,M01,P02,Cosmetic,1,FAIL
QC-0000393,WO-000131,2025-01-16,M01,P02,Dimensional,2,FAIL
QC-0000394,WO-000132,2025-01-16,M01,P02,Cosmetic,2,FAIL
QC-0000395,WO-000132,2025-01-16,M01,P02,Surface finish,3,FAIL
QC-0000396,WO-000132,2025-01-16,M01,P02,Material defect,2,FAIL
QC-0000397,WO-000133,2025-01-16,M02,P01,Material defect,3,FAIL
QC-0000398,WO-000133,2025-01-16,M02,P01,Surface finish,3,FAIL
QC-0000399,WO-000133,2025-01-16,M02,P01,Dimensional,0,PASS
QC-0000400,WO-000134,2025-01-16,M02,P01,Weld porosity,3,FAIL
QC-0000401,WO-000134,2025-01-16,M02,P01,Dimensional,2,FAIL
QC-0000402,WO-000134,2025-01-16,M02,P01,Cosmetic,1,FAIL
QC-0000403,WO-000135,2025-01-16,M03,P01,Dimensional,2,FAIL
QC-0000404,WO-000135,2025-01-16,M03,P01,Assembly mismatch,4,FAIL
QC-0000405,WO-000135,2025-01-16,M03,P01,Cosmetic,0,PASS
QC-0000406,WO-000136,2025-01-16,M03,P05,Material defect,3,FAIL
QC-0000407,WO-000136,2025-01-16,M03,P05,Weld porosity,5,FAIL
QC-0000408,WO-000136,2025-01-16,M03,P05,Surface finish,4,FAIL
QC-0000409,WO-000137,2025-01-16,M04,P03,Weld porosity,5,FAIL
QC-0000410,WO-000137,2025-01-16,M04,P03,Surface finish,5,FAIL
QC-0000411,WO-000137,2025-01-16,M04,P03,Material defect,2,FAIL
QC-0000412,WO-000138,2025-01-16,M04,P04,Weld porosity,1,FAIL
QC-0000413,WO-000138,2025-01-16,M04,P04,Cosmetic,2,FAIL
QC-0000414,WO-000138,2025-01-16,M04,P04,Surface finish,2,FAIL
QC-0000415,WO-000139,2025-01-16,M05,P04,Cosmetic,1,FAIL
QC-0000416,WO-000139,2025-01-16,M05,P04,Material defect,2,FAIL
QC-0000417,WO-000139,2025-01-16,M05,P04,Surface finish,1,FAIL
QC-0000418,WO-000140,2025-01-16,M05,P06,Dimensional,4,FAIL
QC-0000419,WO-000140,2025-01-16,M05,P06,Material defect,2,FAIL
QC-0000420,WO-000140,2025-01-16,M05,P06,Cosmetic,1,FAIL
QC-0000421,WO-000141,2025-01-16,M06,P04,Assembly mismatch,3,FAIL
QC-0000422,WO-000141,2025-01-16,M06,P04,Surface finish,1,FAIL
QC-0000423,WO-000141,2025-01-16,M06,P04,Material defect,1,FAIL
QC-0000424,WO-000142,2025-01-16,M06,P05,Material defect,11,FAIL
QC-0000425,WO-000142,2025-01-16,M06,P05,Dimensional,3,FAIL
QC-0000426,WO-000142,2025-01-16,M06,P05,Assembly mismatch,0,PASS
QC-0000427,WO-000143,2025-01-17,M01,P03,Surface finish,4,FAIL
QC-0000428,WO-000143,2025-01-17,M01,P03,Material defect,2,FAIL
QC-0000429,WO-000143,2025-01-17,M01,P03,Dimensional,0,PASS
QC-0000430,WO-000144,2025-01-17,M01,P03,Surface finish,7,FAIL
QC-0000431,WO-000144,2025-01-17,M01,P03,Assembly mismatch,2,FAIL
QC-0000432,WO-000144,2025-01-17,M01,P03,Dimensional,3,FAIL
QC-0000433,WO-000145,2025-01-17,M02,P02,Dimensional,2,FAIL
QC-0000434,WO-000145,2025-01-17,M02,P02,Cosmetic,2,FAIL
QC-0000435,WO-000145,2025-01-17,M02,P02,Assembly mismatch,0,PASS
QC-0000436,WO-000146,2025-01-17,M02,P01,Cosmetic,4,FAIL
QC-0000437,WO-000146,2025-01-17,M02,P01,Assembly mismatch,1,FAIL
QC-0000438,WO-000146,2025-01-17,M02,P01,Weld porosity,0,PASS
QC-0000439,WO-000147,2025-01-17,M03,P03,Surface finish,1,FAIL
QC-0000440,WO-000147,2025-01-17,M03,P03,Material defect,2,FAIL
QC-0000441,WO-000147,2025-01-17,M03,P03,Assembly mismatch,1,FAIL
QC-0000442,WO-000148,2025-01-17,M03,P05,Cosmetic,8,FAIL
QC-0000443,WO-000148,2025-01-17,M03,P05,Dimensional,3,FAIL
QC-0000444,WO-000148,2025-01-17,M03,P05,Surface finish,2,FAIL
QC-0000445,WO-000149,2025-01-17,M04,P04,Assembly mismatch,2,FAIL
QC-0000446,WO-000149,2025-01-17,M04,P04,Weld porosity,2,FAIL
QC-0000447,WO-000149,2025-01-17,M04,P04,Surface finish,1,FAIL
QC-0000448,WO-000150,2025-01-17,M04,P06,Surface finish,4,FAIL
QC-0000449,WO-000150,2025-01-17,M04,P06,Dimensional,1,FAIL
QC-0000450,WO-000150,2025-01-17,M04,P06,Weld porosity,1,FAIL
QC-0000451,WO-000151,2025-01-17,M05,P06,Surface finish,3,FAIL
QC-0000452,WO-000151,2025-01-17,M05,P06,Material defect,1,FAIL
QC-0000453,WO-000151,2025-01-17,M05,P06,Dimensional,2,FAIL
QC-0000454,WO-000152,2025-01-17,M05,P01,Dimensional,3,FAIL
QC-0000455,WO-000152,2025-01-17,M05,P01,Surface finish,0,PASS
QC-0000456,WO-000152,2025-01-17,M05,P01,Weld porosity,0,PASS
QC-0000457,WO-000153,2025-01-17,M06,P06,Material defect,2,FAIL
QC-0000458,WO-000153,2025-01-17,M06,P06,Surface finish,2,FAIL
QC-0000459,WO-000153,2025-01-17,M06,P06,Cosmetic,2,FAIL
QC-0000460,WO-000154,2025-01-17,M06,P05,Weld porosity,6,FAIL
QC-0000461,WO-000154,2025-01-17,M06,P05,Assembly mismatch,4,FAIL
QC-0000462,WO-000154,2025-01-17,M06,P05,Cosmetic,3,FAIL
QC-0000463,WO-000155,2025-01-20,M01,P03,Surface finish,2,FAIL
QC-0000464,WO-000155,2025-01-20,M01,P03,Weld porosity,1,FAIL
QC-0000465,WO-000155,2025-01-20,M01,P03,Assembly mismatch,1,FAIL
QC-0000466,WO-000156,2025-01-20,M01,P03,Weld porosity,6,FAIL
QC-0000467,WO-000156,2025-01-20,M01,P03,Material defect,1,FAIL
QC-0000468,WO-000156,2025-01-20,M01,P03,Dimensional,1,FAIL
QC-0000469,WO-000157,2025-01-20,M02,P02,Surface finish,2,FAIL
QC-0000470,WO-000157,2025-01-20,M02,P02,Dimensional,2,FAIL
QC-0000471,WO-000157,2025-01-20,M02,P02,Cosmetic,0,PASS
QC-0000472,WO-000158,2025-01-20,M02,P05,Dimensional,8,FAIL
QC-0000473,WO-000158,2025-01-20,M02,P05,Surface finish,0,PASS
QC-0000474,WO-000158,2025-01-20,M02,P05,Cosmetic,1,FAIL
QC-0000475,WO-000159,2025-01-20,M03,P05,Cosmetic,8,FAIL
QC-0000476,WO-000159,2025-01-20,M03,P05,Surface finish,1,FAIL
QC-0000477,WO-000159,2025-01-20,M03,P05,Assembly mismatch,0,PASS
QC-0000478,WO-000160,2025-01-20,M03,P03,Weld porosity,5,FAIL
QC-0000479,WO-000160,2025-01-20,M03,P03,Cosmetic,2,FAIL
QC-0000480,WO-000160,2025-01-20,M03,P03,Material defect,1,FAIL
QC-0000481,WO-000161,2025-01-20,M04,P03,Weld porosity,4,FAIL
QC-0000482,WO-000161,2025-01-20,M04,P03,Material defect,1,FAIL
QC-0000483,WO-000161,2025-01-20,M04,P03,Cosmetic,0,PASS
QC-0000484,WO-000162,2025-01-20,M04,P04,Cosmetic,2,FAIL
QC-0000485,WO-000162,2025-01-20,M04,P04,Weld porosity,3,FAIL
QC-0000486,WO-000162,2025-01-20,M04,P04,Material defect,2,FAIL
QC-0000487,WO-000163,2025-01-20,M05,P04,Surface finish,2,FAIL
QC-0000488,WO-000163,2025-01-20,M05,P04,Dimensional,3,FAIL
QC-0000489,WO-000163,2025-01-20,M05,P04,Cosmetic,0,PASS
QC-0000490,WO-000164,2025-01-20,M05,P01,Assembly mismatch,4,FAIL
QC-0000491,WO-000164,2025-01-20,M05,P01,Surface finish,1,FAIL
QC-0000492,WO-000164,2025-01-20,M05,P01,Cosmetic,0,PASS
QC-0000493,WO-000165,2025-01-20,M06,P01,Cosmetic,4,FAIL
QC-0000494,WO-000165,2025-01-20,M06,P01,Dimensional,1,FAIL
QC-0000495,WO-000165,2025-01-20,M06,P01,Weld porosity,0,PASS
QC-0000496,WO-000166,2025-01-20,M06,P06,Material defect,4,FAIL
QC-0000497,WO-000166,2025-01-20,M06,P06,Weld porosity,2,FAIL
QC-0000498,WO-000166,2025-01-20,M06,P06,Cosmetic,0,PASS
QC-0000499,WO-000167,2025-01-21,M01,P01,Material defect,4,FAIL
QC-0000500,WO-000167,2025-01-21,M01,P01,Dimensional,2,FAIL
QC-0000501,WO-000167,2025-01-21,M01,P01,Cosmetic,1,FAIL
QC-0000502,WO-000168,2025-01-21,M01,P03,Surface finish,6,FAIL
QC-0000503,WO-000168,2025-01-21,M01,P03,Weld porosity,1,FAIL
QC-0000504,WO-000168,2025-01-21,M01,P03,Assembly mismatch,1,FAIL
QC-0000505,WO-000169,2025-01-21,M02,P02,Cosmetic,1,FAIL
QC-0000506,WO-000169,2025-01-21,M02,P02,Dimensional,2,FAIL
QC-0000507,WO-000169,2025-01-21,M02,P02,Material defect,1,FAIL
QC-0000508,WO-000170,2025-01-21,M02,P02,Cosmetic,3,FAIL
QC-0000509,WO-000170,2025-01-21,M02,P02,Surface finish,2,FAIL
QC-0000510,WO-000170,2025-01-21,M02,P02,Assembly mismatch,1,FAIL
QC-0000511,WO-000171,2025-01-21,M03,P01,Surface finish,1,FAIL
QC-0000512,WO-000171,2025-01-21,M03,P01,Assembly mismatch,1,FAIL
QC-0000513,WO-000171,2025-01-21,M03,P01,Cosmetic,2,FAIL
QC-0000514,WO-000172,2025-01-21,M03,P05,Weld porosity,3,FAIL
QC-0000515,WO-000172,2025-01-21,M03,P05,Surface finish,4,FAIL
QC-0000516,WO-000172,2025-01-21,M03,P05,Dimensional,1,FAIL
QC-0000517,WO-000173,2025-01-21,M04,P03,Surface finish,5,FAIL
QC-0000518,WO-000173,2025-01-21,M04,P03,Weld porosity,2,FAIL
QC-0000519,WO-000173,2025-01-21,M04,P03,Dimensional,1,FAIL
QC-0000520,WO-000174,2025-01-21,M04,P06,Dimensional,2,FAIL
QC-0000521,WO-000174,2025-01-21,M04,P06,Weld porosity,2,FAIL
QC-0000522,WO-000174,2025-01-21,M04,P06,Assembly mismatch,2,FAIL
QC-0000523,WO-000175,2025-01-21,M05,P06,Weld porosity,3,FAIL
QC-0000524,WO-000175,2025-01-21,M05,P06,Dimensional,2,FAIL
QC-0000525,WO-000175,2025-01-21,M05,P06,Material defect,1,FAIL
QC-0000526,WO-000176,2025-01-21,M05,P06,Cosmetic,4,FAIL
QC-0000527,WO-000176,2025-01-21,M05,P06,Material defect,1,FAIL
QC-0000528,WO-000176,2025-01-21,M05,P06,Weld porosity,0,PASS
QC-0000529,WO-000177,2025-01-21,M06,P05,Cosmetic,10,FAIL
QC-0000530,WO-000177,2025-01-21,M06,P05,Dimensional,2,FAIL
QC-0000531,WO-000177,2025-01-21,M06,P05,Assembly mismatch,1,FAIL
QC-0000532,WO-000178,2025-01-21,M06,P06,Cosmetic,6,FAIL
QC-0000533,WO-000178,2025-01-21,M06,P06,Assembly mismatch,0,PASS
QC-0000534,WO-000178,2025-01-21,M06,P06,Surface finish,1,FAIL
QC-0000535,WO-000179,2025-01-22,M01,P03,Surface finish,6,FAIL
QC-0000536,WO-000179,2025-01-22,M01,P03,Assembly mismatch,1,FAIL
QC-0000537,WO-000179,2025-01-22,M01,P03,Dimensional,0,PASS
QC-0000538,WO-000180,2025-01-22,M01,P01,Dimensional,3,FAIL
QC-0000539,WO-000180,2025-01-22,M01,P01,Weld porosity,1,FAIL
QC-0000540,WO-000180,2025-01-22,M01,P01,Cosmetic,1,FAIL
QC-0000541,WO-000181,2025-01-22,M02,P05,Assembly mismatch,8,FAIL
QC-0000542,WO-000181,2025-01-22,M02,P05,Surface finish,1,FAIL
QC-0000543,WO-000181,2025-01-22,M02,P05,Weld porosity,1,FAIL
QC-0000544,WO-000182,2025-01-22,M02,P02,Weld porosity,3,FAIL
QC-0000545,WO-000182,2025-01-22,M02,P02,Dimensional,2,FAIL
QC-0000546,WO-000182,2025-01-22,M02,P02,Assembly mismatch,1,FAIL
QC-0000547,WO-000183,2025-01-22,M03,P01,Weld porosity,3,FAIL
QC-0000548,WO-000183,2025-01-22,M03,P01,Surface finish,2,FAIL
QC-0000549,WO-000183,2025-01-22,M03,P01,Material defect,0,PASS
QC-0000550,WO-000184,2025-01-22,M03,P03,Cosmetic,4,FAIL
QC-0000551,WO-000184,2025-01-22,M03,P03,Assembly mismatch,3,FAIL
QC-0000552,WO-000184,2025-01-22,M03,P03,Surface finish,1,FAIL
QC-0000553,WO-000185,2025-01-22,M04,P06,Weld porosity,5,FAIL
QC-0000554,WO-000185,2025-01-22,M04,P06,Material defect,0,PASS
QC-0000555,WO-000185,2025-01-22,M04,P06,Assembly mismatch,0,PASS
QC-0000556,WO-000186,2025-01-22,M04,P06,Weld porosity,4,FAIL
QC-0000557,WO-000186,2025-01-22,M04,P06,Cosmetic,1,FAIL
QC-0000558,WO-000186,2025-01-22,M04,P06,Dimensional,1,FAIL
QC-0000559,WO-000187,2025-01-22,M05,P05,Dimensional,4,FAIL
QC-0000560,WO-000187,2025-01-22,M05,P05,Material defect,4,FAIL
QC-0000561,WO-000187,2025-01-22,M05,P05,Assembly mismatch,1,FAIL
QC-0000562,WO-000188,2025-01-22,M05,P06,Assembly mismatch,3,FAIL
QC-0000563,WO-000188,2025-01-22,M05,P06,Cosmetic,2,FAIL
QC-0000564,WO-000188,2025-01-22,M05,P06,Material defect,2,FAIL
QC-0000565,WO-000189,2025-01-22,M06,P05,Material defect,7,FAIL
QC-0000566,WO-000189,2025-01-22,M06,P05,Weld porosity,2,FAIL
QC-0000567,WO-000189,2025-01-22,M06,P05,Dimensional,1,FAIL
QC-0000568,WO-000190,2025-01-23,M01,P02,Weld porosity,5,FAIL
QC-0000569,WO-000190,2025-01-23,M01,P02,Surface finish,0,PASS
QC-0000570,WO-000190,2025-01-23,M01,P02,Dimensional,1,FAIL
QC-0000571,WO-000191,2025-01-23,M01,P01,Weld porosity,7,FAIL
QC-0000572,WO-000191,2025-01-23,M01,P01,Cosmetic,0,PASS
QC-0000573,WO-000191,2025-01-23,M01,P01,Assembly mismatch,0,PASS
QC-0000574,WO-000192,2025-01-23,M02,P01,Cosmetic,3,FAIL
QC-0000575,WO-000192,2025-01-23,M02,P01,Material defect,1,FAIL
QC-0000576,WO-000192,2025-01-23,M02,P01,Assembly mismatch,0,PASS
QC-0000577,WO-000193,2025-01-23,M02,P01,Material defect,5,FAIL
QC-0000578,WO-000193,2025-01-23,M02,P01,Dimensional,0,PASS
QC-0000579,WO-000193,2025-01-23,M02,P01,Weld porosity,0,PASS
QC-0000580,WO-000194,2025-01-23,M03,P01,Cosmetic,2,FAIL
QC-0000581,WO-000194,2025-01-23,M03,P01,Surface finish,1,FAIL
QC-0000582,WO-000194,2025-01-23,M03,P01,Weld porosity,1,FAIL
QC-0000583,WO-000195,2025-01-23,M03,P01,Surface finish,5,FAIL
QC-0000584,WO-000195,2025-01-23,M03,P01,Cosmetic,1,FAIL
QC-0000585,WO-000195,2025-01-23,M03,P01,Material defect,0,PASS
QC-0000586,WO-000196,2025-01-23,M04,P03,Weld porosity,7,FAIL
QC-0000587,WO-000196,2025-01-23,M04,P03,Surface finish,3,FAIL
QC-0000588,WO-000196,2025-01-23,M04,P03,Material defect,0,PASS
QC-0000589,WO-000197,2025-01-23,M04,P03,Weld porosity,6,FAIL
QC-0000590,WO-000197,2025-01-23,M04,P03,Dimensional,1,FAIL
QC-0000591,WO-000197,2025-01-23,M04,P03,Surface finish,1,FAIL
QC-0000592,WO-000198,2025-01-23,M05,P04,Dimensional,3,FAIL
QC-0000593,WO-000198,2025-01-23,M05,P04,Material defect,0,PASS
QC-0000594,WO-000198,2025-01-23,M05,P04,Assembly mismatch,0,PASS
QC-0000595,WO-000199,2025-01-23,M05,P01,Cosmetic,2,FAIL
QC-0000596,WO-000199,2025-01-23,M05,P01,Dimensional,3,FAIL
QC-0000597,WO-000199,2025-01-23,M05,P01,Weld porosity,1,FAIL
QC-0000598,WO-000200,2025-01-23,M06,P05,Weld porosity,8,FAIL
QC-0000599,WO-000200,2025-01-23,M06,P05,Dimensional,3,FAIL
QC-0000600,WO-000200,2025-01-23,M06,P05,Cosmetic,1,FAIL
QC-0000601,WO-000201,2025-01-23,M06,P06,Dimensional,4,FAIL
QC-0000602,WO-000201,2025-01-23,M06,P06,Assembly mismatch,2,FAIL
QC-0000603,WO-000201,2025-01-23,M06,P06,Weld porosity,0,PASS
QC-0000604,WO-000202,2025-01-24,M01,P03,Assembly mismatch,2,FAIL
QC-0000605,WO-000202,2025-01-24,M01,P03,Surface finish,2,FAIL
QC-0000606,WO-000202,2025-01-24,M01,P03,Dimensional,3,FAIL
QC-0000607,WO-000203,2025-01-24,M01,P03,Surface finish,5,FAIL
QC-0000608,WO-000203,2025-01-24,M01,P03,Assembly mismatch,2,FAIL
QC-0000609,WO-000203,2025-01-24,M01,P03,Material defect,0,PASS
QC-0000610,WO-000204,2025-01-24,M02,P05,Weld porosity,4,FAIL
QC-0000611,WO-000204,2025-01-24,M02,P05,Cosmetic,1,FAIL
QC-0000612,WO-000204,2025-01-24,M02,P05,Dimensional,2,FAIL
QC-0000613,WO-000205,2025-01-24,M02,P02,Surface finish,1,FAIL
QC-0000614,WO-000205,2025-01-24,M02,P02,Dimensional,3,FAIL
QC-0000615,WO-000205,2025-01-24,M02,P02,Cosmetic,1,FAIL
QC-0000616,WO-000206,2025-01-24,M03,P03,Weld porosity,2,FAIL
QC-0000617,WO-000206,2025-01-24,M03,P03,Cosmetic,2,FAIL
QC-0000618,WO-000206,2025-01-24,M03,P03,Assembly mismatch,2,FAIL
QC-0000619,WO-000207,2025-01-24,M03,P03,Material defect,6,FAIL
QC-0000620,WO-000207,2025-01-24,M03,P03,Weld porosity,2,FAIL
QC-0000621,WO-000207,2025-01-24,M03,P03,Surface finish,1,FAIL
QC-0000622,WO-000208,2025-01-24,M04,P04,Weld porosity,2,FAIL
QC-0000623,WO-000208,2025-01-24,M04,P04,Surface finish,3,FAIL
QC-0000624,WO-000208,2025-01-24,M04,P04,Material defect,0,PASS
QC-0000625,WO-000209,2025-01-24,M04,P04,Weld porosity,2,FAIL
QC-0000626,WO-000209,2025-01-24,M04,P04,Cosmetic,2,FAIL
QC-0000627,WO-000209,2025-01-24,M04,P04,Material defect,1,FAIL
QC-0000628,WO-000210,2025-01-24,M05,P06,Material defect,6,FAIL
QC-0000629,WO-000210,2025-01-24,M05,P06,Assembly mismatch,0,PASS
QC-0000630,WO-000210,2025-01-24,M05,P06,Dimensional,0,PASS
QC-0000631,WO-000211,2025-01-24,M05,P04,Surface finish,4,FAIL
QC-0000632,WO-000211,2025-01-24,M05,P04,Cosmetic,1,FAIL
QC-0000633,WO-000211,2025-01-24,M05,P04,Assembly mismatch,0,PASS
QC-0000634,WO-000212,2025-01-24,M06,P04,Dimensional,4,FAIL
QC-0000635,WO-000212,2025-01-24,M06,P04,Surface finish,1,FAIL
QC-0000636,WO-000212,2025-01-24,M06,P04,Cosmetic,0,PASS
QC-0000637,WO-000213,2025-01-24,M06,P06,Surface finish,3,FAIL
QC-0000638,WO-000213,2025-01-24,M06,P06,Cosmetic,2,FAIL
QC-0000639,WO-000213,2025-01-24,M06,P06,Assembly mismatch,3,FAIL
QC-0000640,WO-000214,2025-01-27,M01,P01,Weld porosity,1,FAIL
QC-0000641,WO-000214,2025-01-27,M01,P01,Material defect,2,FAIL
QC-0000642,WO-000214,2025-01-27,M01,P01,Surface finish,2,FAIL
QC-0000643,WO-000215,2025-01-27,M01,P02,Surface finish,4,FAIL
QC-0000644,WO-000215,2025-01-27,M01,P02,Dimensional,2,FAIL
QC-0000645,WO-000215,2025-01-27,M01,P02,Cosmetic,0,PASS
QC-0000646,WO-000216,2025-01-27,M02,P01,Cosmetic,3,FAIL
QC-0000647,WO-000216,2025-01-27,M02,P01,Material defect,4,FAIL
QC-0000648,WO-000216,2025-01-27,M02,P01,Weld porosity,0,PASS
QC-0000649,WO-000217,2025-01-27,M02,P01,Assembly mismatch,2,FAIL
QC-0000650,WO-000217,2025-01-27,M02,P01,Surface finish,2,FAIL
QC-0000651,WO-000217,2025-01-27,M02,P01,Cosmetic,1,FAIL
QC-0000652,WO-000218,2025-01-27,M03,P03,Weld porosity,7,FAIL
QC-0000653,WO-000218,2025-01-27,M03,P03,Assembly mismatch,3,FAIL
QC-0000654,WO-000218,2025-01-27,M03,P03,Material defect,2,FAIL
QC-0000655,WO-000219,2025-01-27,M03,P05,Material defect,5,FAIL
QC-0000656,WO-000219,2025-01-27,M03,P05,Assembly mismatch,1,FAIL
QC-0000657,WO-000219,2025-01-27,M03,P05,Weld porosity,4,FAIL
QC-0000658,WO-000220,2025-01-27,M04,P03,Weld porosity,4,FAIL
QC-0000659,WO-000220,2025-01-27,M04,P03,Dimensional,1,FAIL
QC-0000660,WO-000220,2025-01-27,M04,P03,Cosmetic,1,FAIL
QC-0000661,WO-000221,2025-01-27,M04,P06,Weld porosity,2,FAIL
QC-0000662,WO-000221,2025-01-27,M04,P06,Cosmetic,2,FAIL
QC-0000663,WO-000221,2025-01-27,M04,P06,Dimensional,2,FAIL
QC-0000664,WO-000222,2025-01-27,M05,P04,Dimensional,3,FAIL
QC-0000665,WO-000222,2025-01-27,M05,P04,Assembly mismatch,1,FAIL
QC-0000666,WO-000222,2025-01-27,M05,P04,Weld porosity,1,FAIL
QC-0000667,WO-000223,2025-01-27,M06,P01,Surface finish,3,FAIL
QC-0000668,WO-000223,2025-01-27,M06,P01,Material defect,1,FAIL
QC-0000669,WO-000223,2025-01-27,M06,P01,Assembly mismatch,0,PASS
QC-0000670,WO-000224,2025-01-27,M06,P06,Surface finish,4,FAIL
QC-0000671,WO-000224,2025-01-27,M06,P06,Assembly mismatch,2,FAIL
QC-0000672,WO-000224,2025-01-27,M06,P06,Dimensional,0,PASS
QC-0000673,WO-000225,2025-01-28,M01,P01,Assembly mismatch,2,FAIL
QC-0000674,WO-000225,2025-01-28,M01,P01,Surface finish,2,FAIL
QC-0000675,WO-000225,2025-01-28,M01,P01,Material defect,0,PASS
QC-0000676,WO-000226,2025-01-28,M01,P03,Dimensional,3,FAIL
QC-0000677,WO-000226,2025-01-28,M01,P03,Material defect,3,FAIL
QC-0000678,WO-000226,2025-01-28,M01,P03,Cosmetic,2,FAIL
QC-0000679,WO-000227,2025-01-28,M02,P02,Assembly mismatch,5,FAIL
QC-0000680,WO-000227,2025-01-28,M02,P02,Dimensional,1,FAIL
QC-0000681,WO-000227,2025-01-28,M02,P02,Weld porosity,0,PASS
QC-0000682,WO-000228,2025-01-28,M02,P05,Weld porosity,6,FAIL
QC-0000683,WO-000228,2025-01-28,M02,P05,Cosmetic,1,FAIL
QC-0000684,WO-000228,2025-01-28,M02,P05,Material defect,2,FAIL
QC-0000685,WO-000229,2025-01-28,M03,P05,Dimensional,6,FAIL
QC-0000686,WO-000229,2025-01-28,M03,P05,Assembly mismatch,1,FAIL
QC-0000687,WO-000229,2025-01-28,M03,P05,Cosmetic,1,FAIL
QC-0000688,WO-000230,2025-01-28,M03,P01,Assembly mismatch,4,FAIL
QC-0000689,WO-000230,2025-01-28,M03,P01,Surface finish,0,PASS
QC-0000690,WO-000230,2025-01-28,M03,P01,Material defect,0,PASS
QC-0000691,WO-000231,2025-01-28,M04,P04,Weld porosity,3,FAIL
QC-0000692,WO-000231,2025-01-28,M04,P04,Cosmetic,1,FAIL
QC-0000693,WO-000231,2025-01-28,M04,P04,Assembly mismatch,1,FAIL
QC-0000694,WO-000232,2025-01-28,M04,P03,Surface finish,6,FAIL
QC-0000695,WO-000232,2025-01-28,M04,P03,Weld porosity,1,FAIL
QC-0000696,WO-000232,2025-01-28,M04,P03,Dimensional,1,FAIL
QC-0000697,WO-000233,2025-01-28,M05,P05,Dimensional,7,FAIL
QC-0000698,WO-000233,2025-01-28,M05,P05,Surface finish,3,FAIL
QC-0000699,WO-000233,2025-01-28,M05,P05,Cosmetic,2,FAIL
QC-0000700,WO-000234,2025-01-28,M05,P06,Dimensional,2,FAIL
QC-0000701,WO-000234,2025-01-28,M05,P06,Material defect,2,FAIL
QC-0000702,WO-000234,2025-01-28,M05,P06,Weld porosity,2,FAIL
QC-0000703,WO-000235,2025-01-28,M06,P01,Dimensional,5,FAIL
QC-0000704,WO-000235,2025-01-28,M06,P01,Material defect,1,FAIL
QC-0000705,WO-000235,2025-01-28,M06,P01,Weld porosity,0,PASS
QC-0000706,WO-000236,2025-01-28,M06,P01,Cosmetic,3,FAIL
QC-0000707,WO-000236,2025-01-28,M06,P01,Weld porosity,2,FAIL
QC-0000708,WO-000236,2025-01-28,M06,P01,Material defect,0,PASS
QC-0000709,WO-000237,2025-01-29,M01,P01,Assembly mismatch,3,FAIL
QC-0000710,WO-000237,2025-01-29,M01,P01,Material defect,1,FAIL
QC-0000711,WO-000237,2025-01-29,M01,P01,Weld porosity,3,FAIL
QC-0000712,WO-000238,2025-01-29,M01,P03,Dimensional,3,FAIL
QC-0000713,WO-000238,2025-01-29,M01,P03,Cosmetic,1,FAIL
QC-0000714,WO-000238,2025-01-29,M01,P03,Material defect,0,PASS
QC-0000715,WO-000239,2025-01-29,M02,P01,Weld porosity,3,FAIL
QC-0000716,WO-000239,2025-01-29,M02,P01,Material defect,2,FAIL
QC-0000717,WO-000239,2025-01-29,M02,P01,Assembly mismatch,0,PASS
QC-0000718,WO-000240,2025-01-29,M02,P05,Weld porosity,4,FAIL
QC-0000719,WO-000240,2025-01-29,M02,P05,Cosmetic,3,FAIL
QC-0000720,WO-000240,2025-01-29,M02,P05,Surface finish,0,PASS
QC-0000721,WO-000241,2025-01-29,M03,P03,Weld porosity,6,FAIL
QC-0000722,WO-000241,2025-01-29,M03,P03,Surface finish,2,FAIL
QC-0000723,WO-000241,2025-01-29,M03,P03,Material defect,2,FAIL
QC-0000724,WO-000242,2025-01-29,M03,P05,Dimensional,6,FAIL
QC-0000725,WO-000242,2025-01-29,M03,P05,Material defect,4,FAIL
QC-0000726,WO-000242,2025-01-29,M03,P05,Assembly mismatch,3,FAIL
QC-0000727,WO-000243,2025-01-29,M04,P04,Weld porosity,3,FAIL
QC-0000728,WO-000243,2025-01-29,M04,P04,Material defect,0,PASS
QC-0000729,WO-000243,2025-01-29,M04,P04,Dimensional,2,FAIL
QC-0000730,WO-000244,2025-01-29,M04,P06,Weld porosity,5,FAIL
QC-0000731,WO-000244,2025-01-29,M04,P06,Assembly mismatch,0,PASS
QC-0000732,WO-000244,2025-01-29,M04,P06,Dimensional,1,FAIL
QC-0000733,WO-000245,2025-01-29,M05,P01,Assembly mismatch,3,FAIL
QC-0000734,WO-000245,2025-01-29,M05,P01,Cosmetic,3,FAIL
QC-0000735,WO-000245,2025-01-29,M05,P01,Surface finish,0,PASS
QC-0000736,WO-000246,2025-01-29,M05,P06,Assembly mismatch,2,FAIL
QC-0000737,WO-000246,2025-01-29,M05,P06,Dimensional,3,FAIL
QC-0000738,WO-000246,2025-01-29,M05,P06,Weld porosity,1,FAIL
QC-0000739,WO-000247,2025-01-29,M06,P04,Material defect,3,FAIL
QC-0000740,WO-000247,2025-01-29,M06,P04,Surface finish,1,FAIL
QC-0000741,WO-000247,2025-01-29,M06,P04,Cosmetic,0,PASS
QC-0000742,WO-000248,2025-01-29,M06,P01,Dimensional,4,FAIL
QC-0000743,WO-000248,2025-01-29,M06,P01,Weld porosity,2,FAIL
QC-0000744,WO-000248,2025-01-29,M06,P01,Cosmetic,0,PASS
QC-0000745,WO-000249,2025-01-30,M01,P03,Material defect,9,FAIL
QC-0000746,WO-000249,2025-01-30,M01,P03,Cosmetic,4,FAIL
QC-0000747,WO-000249,2025-01-30,M01,P03,Surface finish,0,PASS
QC-0000748,WO-000250,2025-01-30,M01,P01,Cosmetic,3,FAIL
QC-0000749,WO-000250,2025-01-30,M01,P01,Weld porosity,2,FAIL
QC-0000750,WO-000250,2025-01-30,M01,P01,Assembly mismatch,1,FAIL
QC-0000751,WO-000251,2025-01-30,M02,P01,Dimensional,4,FAIL
QC-0000752,WO-000251,2025-01-30,M02,P01,Weld porosity,1,FAIL
QC-0000753,WO-000251,2025-01-30,M02,P01,Material defect,1,FAIL
QC-0000754,WO-000252,2025-01-30,M02,P02,Cosmetic,2,FAIL
QC-0000755,WO-000252,2025-01-30,M02,P02,Material defect,2,FAIL
QC-0000756,WO-000252,2025-01-30,M02,P02,Dimensional,3,FAIL
QC-0000757,WO-000253,2025-01-30,M03,P05,Material defect,4,FAIL
QC-0000758,WO-000253,2025-01-30,M03,P05,Weld porosity,6,FAIL
QC-0000759,WO-000253,2025-01-30,M03,P05,Assembly mismatch,1,FAIL
QC-0000760,WO-000254,2025-01-30,M03,P05,Dimensional,7,FAIL
QC-0000761,WO-000254,2025-01-30,M03,P05,Material defect,2,FAIL
QC-0000762,WO-000254,2025-01-30,M03,P05,Assembly mismatch,2,FAIL
QC-0000763,WO-000255,2025-01-30,M04,P03,Weld porosity,4,FAIL
QC-0000764,WO-000255,2025-01-30,M04,P03,Surface finish,1,FAIL
QC-0000765,WO-000255,2025-01-30,M04,P03,Material defect,4,FAIL
QC-0000766,WO-000256,2025-01-30,M04,P06,Weld porosity,4,FAIL
QC-0000767,WO-000256,2025-01-30,M04,P06,Cosmetic,1,FAIL
QC-0000768,WO-000256,2025-01-30,M04,P06,Surface finish,1,FAIL
QC-0000769,WO-000257,2025-01-30,M05,P01,Assembly mismatch,5,FAIL
QC-0000770,WO-000257,2025-01-30,M05,P01,Dimensional,2,FAIL
QC-0000771,WO-000257,2025-01-30,M05,P01,Cosmetic,0,PASS
QC-0000772,WO-000258,2025-01-30,M05,P05,Assembly mismatch,5,FAIL
QC-0000773,WO-000258,2025-01-30,M05,P05,Material defect,4,FAIL
QC-0000774,WO-000258,2025-01-30,M05,P05,Weld porosity,1,FAIL
QC-0000775,WO-000259,2025-01-30,M06,P06,Surface finish,4,FAIL
QC-0000776,WO-000259,2025-01-30,M06,P06,Assembly mismatch,1,FAIL
QC-0000777,WO-000259,2025-01-30,M06,P06,Dimensional,1,FAIL
QC-0000778,WO-000260,2025-01-30,M06,P01,Cosmetic,2,FAIL
QC-0000779,WO-000260,2025-01-30,M06,P01,Weld porosity,2,FAIL
QC-0000780,WO-000260,2025-01-30,M06,P01,Surface finish,2,FAIL
QC-0000781,WO-000261,2025-01-31,M01,P01,Surface finish,3,FAIL
QC-0000782,WO-000261,2025-01-31,M01,P01,Material defect,1,FAIL
QC-0000783,WO-000261,2025-01-31,M01,P01,Assembly mismatch,1,FAIL
QC-0000784,WO-000262,2025-01-31,M01,P03,Assembly mismatch,5,FAIL
QC-0000785,WO-000262,2025-01-31,M01,P03,Cosmetic,4,FAIL
QC-0000786,WO-000262,2025-01-31,M01,P03,Weld porosity,2,FAIL
QC-0000787,WO-000263,2025-01-31,M02,P02,Dimensional,4,FAIL
QC-0000788,WO-000263,2025-01-31,M02,P02,Assembly mismatch,2,FAIL
QC-0000789,WO-000263,2025-01-31,M02,P02,Cosmetic,0,PASS
QC-0000790,WO-000264,2025-01-31,M02,P05,Surface finish,6,FAIL
QC-0000791,WO-000264,2025-01-31,M02,P05,Assembly mismatch,3,FAIL
QC-0000792,WO-000264,2025-01-31,M02,P05,Cosmetic,2,FAIL
QC-0000793,WO-000265,2025-01-31,M03,P05,Surface finish,6,FAIL
QC-0000794,WO-000265,2025-01-31,M03,P05,Assembly mismatch,3,FAIL
QC-0000795,WO-000265,2025-01-31,M03,P05,Dimensional,0,PASS
QC-0000796,WO-000266,2025-01-31,M03,P01,Material defect,4,FAIL
QC-0000797,WO-000266,2025-01-31,M03,P01,Dimensional,1,FAIL
QC-0000798,WO-000266,2025-01-31,M03,P01,Cosmetic,1,FAIL
QC-0000799,WO-000267,2025-01-31,M04,P03,Dimensional,6,FAIL
QC-0000800,WO-000267,2025-01-31,M04,P03,Weld porosity,0,PASS
QC-0000801,WO-000267,2025-01-31,M04,P03,Cosmetic,3,FAIL
QC-0000802,WO-000268,2025-01-31,M04,P06,Weld porosity,4,FAIL
QC-0000803,WO-000268,2025-01-31,M04,P06,Dimensional,2,FAIL
QC-0000804,WO-000268,2025-01-31,M04,P06,Surface finish,1,FAIL
QC-0000805,WO-000269,2025-01-31,M05,P01,Surface finish,1,FAIL
QC-0000806,WO-000269,2025-01-31,M05,P01,Material defect,1,FAIL
QC-0000807,WO-000269,2025-01-31,M05,P01,Weld porosity,1,FAIL
QC-0000808,WO-000270,2025-01-31,M05,P06,Material defect,4,FAIL
QC-0000809,WO-000270,2025-01-31,M05,P06,Assembly mismatch,1,FAIL
QC-0000810,WO-000270,2025-01-31,M05,P06,Surface finish,0,PASS
QC-0000811,WO-000271,2025-01-31,M06,P01,Material defect,3,FAIL
QC-0000812,WO-000271,2025-01-31,M06,P01,Assembly mismatch,0,PASS
QC-0000813,WO-000271,2025-01-31,M06,P01,Dimensional,2,FAIL
QC-0000814,WO-000272,2025-01-31,M06,P06,Assembly mismatch,5,FAIL
QC-0000815,WO-000272,2025-01-31,M06,P06,Cosmetic,1,FAIL
QC-0000816,WO-000272,2025-01-31,M06,P06,Surface finish,1,FAIL
QC-0000817,WO-000273,2025-02-03,M01,P02,Assembly mismatch,4,FAIL
QC-0000818,WO-000273,2025-02-03,M01,P02,Weld porosity,1,FAIL
QC-0000819,WO-000273,2025-02-03,M01,P02,Dimensional,1,FAIL
QC-0000820,WO-000274,2025-02-03,M01,P02,Cosmetic,2,FAIL
QC-0000821,WO-000274,2025-02-03,M01,P02,Dimensional,1,FAIL
QC-0000822,WO-000274,2025-02-03,M01,P02,Weld porosity,2,FAIL
QC-0000823,WO-000275,2025-02-03,M02,P02,Surface finish,2,FAIL
QC-0000824,WO-000275,2025-02-03,M02,P02,Assembly mismatch,4,FAIL
QC-0000825,WO-000275,2025-02-03,M02,P02,Material defect,1,FAIL
QC-0000826,WO-000276,2025-02-03,M02,P05,Surface finish,2,FAIL
QC-0000827,WO-000276,2025-02-03,M02,P05,Assembly mismatch,6,FAIL
QC-0000828,WO-000276,2025-02-03,M02,P05,Material defect,1,FAIL
QC-0000829,WO-000277,2025-02-03,M03,P05,Weld porosity,2,FAIL
QC-0000830,WO-000277,2025-02-03,M03,P05,Assembly mismatch,6,FAIL
QC-0000831,WO-000277,2025-02-03,M03,P05,Material defect,1,FAIL
QC-0000832,WO-000278,2025-02-03,M03,P03,Cosmetic,5,FAIL
QC-0000833,WO-000278,2025-02-03,M03,P03,Surface finish,3,FAIL
QC-0000834,WO-000278,2025-02-03,M03,P03,Dimensional,1,FAIL
QC-0000835,WO-000279,2025-02-03,M04,P03,Weld porosity,5,FAIL
QC-0000836,WO-000279,2025-02-03,M04,P03,Cosmetic,0,PASS
QC-0000837,WO-000279,2025-02-03,M04,P03,Material defect,4,FAIL
QC-0000838,WO-000280,2025-02-03,M04,P04,Weld porosity,3,FAIL
QC-0000839,WO-000280,2025-02-03,M04,P04,Assembly mismatch,2,FAIL
QC-0000840,WO-000280,2025-02-03,M04,P04,Material defect,1,FAIL
QC-0000841,WO-000281,2025-02-03,M05,P06,Dimensional,2,FAIL
QC-0000842,WO-000281,2025-02-03,M05,P06,Cosmetic,4,FAIL
QC-0000843,WO-000281,2025-02-03,M05,P06,Weld porosity,1,FAIL
QC-0000844,WO-000282,2025-02-03,M05,P06,Assembly mismatch,3,FAIL
QC-0000845,WO-000282,2025-02-03,M05,P06,Weld porosity,1,FAIL
QC-0000846,WO-000282,2025-02-03,M05,P06,Dimensional,1,FAIL
QC-0000847,WO-000283,2025-02-03,M06,P04,Dimensional,4,FAIL
QC-0000848,WO-000283,2025-02-03,M06,P04,Surface finish,0,PASS
QC-0000849,WO-000283,2025-02-03,M06,P04,Assembly mismatch,2,FAIL
QC-0000850,WO-000284,2025-02-03,M06,P05,Material defect,9,FAIL
QC-0000851,WO-000284,2025-02-03,M06,P05,Cosmetic,3,FAIL
QC-0000852,WO-000284,2025-02-03,M06,P05,Surface finish,0,PASS
QC-0000853,WO-000285,2025-02-04,M01,P03,Cosmetic,6,FAIL
QC-0000854,WO-000285,2025-02-04,M01,P03,Weld porosity,2,FAIL
QC-0000855,WO-000285,2025-02-04,M01,P03,Dimensional,0,PASS
QC-0000856,WO-000286,2025-02-04,M02,P05,Assembly mismatch,6,FAIL
QC-0000857,WO-000286,2025-02-04,M02,P05,Surface finish,4,FAIL
QC-0000858,WO-000286,2025-02-04,M02,P05,Cosmetic,0,PASS
QC-0000859,WO-000287,2025-02-04,M02,P02,Dimensional,4,FAIL
QC-0000860,WO-000287,2025-02-04,M02,P02,Material defect,1,FAIL
QC-0000861,WO-000287,2025-02-04,M02,P02,Assembly mismatch,1,FAIL
QC-0000862,WO-000288,2025-02-04,M03,P05,Surface finish,4,FAIL
QC-0000863,WO-000288,2025-02-04,M03,P05,Material defect,4,FAIL
QC-0000864,WO-000288,2025-02-04,M03,P05,Dimensional,2,FAIL
QC-0000865,WO-000289,2025-02-04,M03,P05,Dimensional,3,FAIL
QC-0000866,WO-000289,2025-02-04,M03,P05,Cosmetic,4,FAIL
QC-0000867,WO-000289,2025-02-04,M03,P05,Material defect,1,FAIL
QC-0000868,WO-000290,2025-02-04,M04,P06,Assembly mismatch,6,FAIL
QC-0000869,WO-000290,2025-02-04,M04,P06,Weld porosity,0,PASS
QC-0000870,WO-000290,2025-02-04,M04,P06,Dimensional,0,PASS
QC-0000871,WO-000291,2025-02-04,M04,P03,Weld porosity,7,FAIL
QC-0000872,WO-000291,2025-02-04,M04,P03,Cosmetic,3,FAIL
QC-0000873,WO-000291,2025-02-04,M04,P03,Dimensional,2,FAIL
QC-0000874,WO-000292,2025-02-04,M05,P06,Surface finish,4,FAIL
QC-0000875,WO-000292,2025-02-04,M05,P06,Weld porosity,1,FAIL
QC-0000876,WO-000292,2025-02-04,M05,P06,Material defect,0,PASS
QC-0000877,WO-000293,2025-02-04,M05,P05,Dimensional,7,FAIL
QC-0000878,WO-000293,2025-02-04,M05,P05,Cosmetic,2,FAIL
QC-0000879,WO-000293,2025-02-04,M05,P05,Surface finish,1,FAIL
QC-0000880,WO-000294,2025-02-04,M06,P04,Surface finish,2,FAIL
QC-0000881,WO-000294,2025-02-04,M06,P04,Assembly mismatch,2,FAIL
QC-0000882,WO-000294,2025-02-04,M06,P04,Dimensional,1,FAIL
QC-0000883,WO-000295,2025-02-04,M06,P04,Surface finish,2,FAIL
QC-0000884,WO-000295,2025-02-04,M06,P04,Material defect,1,FAIL
QC-0000885,WO-000295,2025-02-04,M06,P04,Cosmetic,2,FAIL
QC-0000886,WO-000296,2025-02-05,M01,P03,Assembly mismatch,4,FAIL
QC-0000887,WO-000296,2025-02-05,M01,P03,Cosmetic,2,FAIL
QC-0000888,WO-000296,2025-02-05,M01,P03,Material defect,2,FAIL
QC-0000889,WO-000297,2025-02-05,M01,P03,Assembly mismatch,4,FAIL
QC-0000890,WO-000297,2025-02-05,M01,P03,Weld porosity,2,FAIL
QC-0000891,WO-000297,2025-02-05,M01,P03,Surface finish,1,FAIL
QC-0000892,WO-000298,2025-02-05,M02,P01,Surface finish,2,FAIL
QC-0000893,WO-000298,2025-02-05,M02,P01,Material defect,1,FAIL
QC-0000894,WO-000298,2025-02-05,M02,P01,Dimensional,1,FAIL
QC-0000895,WO-000299,2025-02-05,M02,P02,Dimensional,2,FAIL
QC-0000896,WO-000299,2025-02-05,M02,P02,Weld porosity,3,FAIL
QC-0000897,WO-000299,2025-02-05,M02,P02,Cosmetic,2,FAIL
QC-0000898,WO-000300,2025-02-05,M03,P03,Dimensional,5,FAIL
QC-0000899,WO-000300,2025-02-05,M03,P03,Weld porosity,2,FAIL
QC-0000900,WO-000300,2025-02-05,M03,P03,Material defect,0,PASS
QC-0000901,WO-000301,2025-02-05,M03,P05,Cosmetic,8,FAIL
QC-0000902,WO-000301,2025-02-05,M03,P05,Assembly mismatch,2,FAIL
QC-0000903,WO-000301,2025-02-05,M03,P05,Material defect,1,FAIL
QC-0000904,WO-000302,2025-02-05,M04,P03,Weld porosity,3,FAIL
QC-0000905,WO-000302,2025-02-05,M04,P03,Assembly mismatch,3,FAIL
QC-0000906,WO-000302,2025-02-05,M04,P03,Surface finish,2,FAIL
QC-0000907,WO-000303,2025-02-05,M04,P04,Assembly mismatch,4,FAIL
QC-0000908,WO-000303,2025-02-05,M04,P04,Weld porosity,1,FAIL
QC-0000909,WO-000303,2025-02-05,M04,P04,Cosmetic,0,PASS
QC-0000910,WO-000304,2025-02-05,M05,P04,Assembly mismatch,5,FAIL
QC-0000911,WO-000304,2025-02-05,M05,P04,Weld porosity,0,PASS
QC-0000912,WO-000304,2025-02-05,M05,P04,Surface finish,0,PASS
QC-0000913,WO-000305,2025-02-05,M05,P04,Material defect,2,FAIL
QC-0000914,WO-000305,2025-02-05,M05,P04,Dimensional,0,PASS
QC-0000915,WO-000305,2025-02-05,M05,P04,Cosmetic,2,FAIL
QC-0000916,WO-000306,2025-02-05,M06,P05,Surface finish,5,FAIL
QC-0000917,WO-000306,2025-02-05,M06,P05,Dimensional,2,FAIL
QC-0000918,WO-000306,2025-02-05,M06,P05,Cosmetic,2,FAIL
QC-0000919,WO-000307,2025-02-05,M06,P06,Dimensional,4,FAIL
QC-0000920,WO-000307,2025-02-05,M06,P06,Surface finish,1,FAIL
QC-0000921,WO-000307,2025-02-05,M06,P06,Assembly mismatch,2,FAIL
QC-0000922,WO-000308,2025-02-06,M01,P02,Cosmetic,4,FAIL
QC-0000923,WO-000308,2025-02-06,M01,P02,Assembly mismatch,3,FAIL
QC-0000924,WO-000308,2025-02-06,M01,P02,Material defect,1,FAIL
QC-0000925,WO-000309,2025-02-06,M01,P02,Surface finish,7,FAIL
QC-0000926,WO-000309,2025-02-06,M01,P02,Assembly mismatch,0,PASS
QC-0000927,WO-000309,2025-02-06,M01,P02,Weld porosity,0,PASS
QC-0000928,WO-000310,2025-02-06,M02,P02,Assembly mismatch,4,FAIL
QC-0000929,WO-000310,2025-02-06,M02,P02,Material defect,1,FAIL
QC-0000930,WO-000310,2025-02-06,M02,P02,Weld porosity,0,PASS
QC-0000931,WO-000311,2025-02-06,M02,P02,Assembly mismatch,5,FAIL
QC-0000932,WO-000311,2025-02-06,M02,P02,Dimensional,1,FAIL
QC-0000933,WO-000311,2025-02-06,M02,P02,Weld porosity,1,FAIL
QC-0000934,WO-000312,2025-02-06,M03,P01,Cosmetic,3,FAIL
QC-0000935,WO-000312,2025-02-06,M03,P01,Assembly mismatch,1,FAIL
QC-0000936,WO-000312,2025-02-06,M03,P01,Surface finish,0,PASS
QC-0000937,WO-000313,2025-02-06,M03,P05,Material defect,7,FAIL
QC-0000938,WO-000313,2025-02-06,M03,P05,Cosmetic,2,FAIL
QC-0000939,WO-000313,2025-02-06,M03,P05,Dimensional,3,FAIL
QC-0000940,WO-000314,2025-02-06,M04,P06,Weld porosity,4,FAIL
QC-0000941,WO-000314,2025-02-06,M04,P06,Cosmetic,1,FAIL
QC-0000942,WO-000314,2025-02-06,M04,P06,Assembly mismatch,1,FAIL
QC-0000943,WO-000315,2025-02-06,M04,P06,Assembly mismatch,3,FAIL
QC-0000944,WO-000315,2025-02-06,M04,P06,Surface finish,1,FAIL
QC-0000945,WO-000315,2025-02-06,M04,P06,Weld porosity,1,FAIL
QC-0000946,WO-000316,2025-02-06,M05,P01,Material defect,3,FAIL
QC-0000947,WO-000316,2025-02-06,M05,P01,Weld porosity,3,FAIL
QC-0000948,WO-000316,2025-02-06,M05,P01,Cosmetic,1,FAIL
QC-0000949,WO-000317,2025-02-06,M05,P06,Material defect,3,FAIL
QC-0000950,WO-000317,2025-02-06,M05,P06,Weld porosity,2,FAIL
QC-0000951,WO-000317,2025-02-06,M05,P06,Surface finish,1,FAIL
QC-0000952,WO-000318,2025-02-06,M06,P06,Dimensional,3,FAIL
QC-0000953,WO-000318,2025-02-06,M06,P06,Weld porosity,2,FAIL
QC-0000954,WO-000318,2025-02-06,M06,P06,Surface finish,1,FAIL
QC-0000955,WO-000319,2025-02-06,M06,P06,Cosmetic,4,FAIL
QC-0000956,WO-000319,2025-02-06,M06,P06,Assembly mismatch,2,FAIL
QC-0000957,WO-000319,2025-02-06,M06,P06,Material defect,0,PASS
QC-0000958,WO-000320,2025-02-07,M01,P02,Weld porosity,5,FAIL
QC-0000959,WO-000320,2025-02-07,M01,P02,Assembly mismatch,0,PASS
QC-0000960,WO-000320,2025-02-07,M01,P02,Surface finish,1,FAIL
QC-0000961,WO-000321,2025-02-07,M01,P02,Dimensional,3,FAIL
QC-0000962,WO-000321,2025-02-07,M01,P02,Assembly mismatch,4,FAIL
QC-0000963,WO-000321,2025-02-07,M01,P02,Weld porosity,0,PASS
QC-0000964,WO-000322,2025-02-07,M02,P05,Material defect,7,FAIL
QC-0000965,WO-000322,2025-02-07,M02,P05,Dimensional,1,FAIL
QC-0000966,WO-000322,2025-02-07,M02,P05,Assembly mismatch,1,FAIL
QC-0000967,WO-000323,2025-02-07,M02,P02,Surface finish,3,FAIL
QC-0000968,WO-000323,2025-02-07,M02,P02,Material defect,3,FAIL
QC-0000969,WO-000323,2025-02-07,M02,P02,Dimensional,1,FAIL
QC-0000970,WO-000324,2025-02-07,M03,P01,Surface finish,4,FAIL
QC-0000971,WO-000324,2025-02-07,M03,P01,Material defect,1,FAIL
QC-0000972,WO-000324,2025-02-07,M03,P01,Dimensional,0,PASS
QC-0000973,WO-000325,2025-02-07,M03,P03,Weld porosity,4,FAIL
QC-0000974,WO-000325,2025-02-07,M03,P03,Surface finish,5,FAIL
QC-0000975,WO-000325,2025-02-07,M03,P03,Assembly mismatch,0,PASS
QC-0000976,WO-000326,2025-02-07,M04,P03,Weld porosity,8,FAIL
QC-0000977,WO-000326,2025-02-07,M04,P03,Dimensional,1,FAIL
QC-0000978,WO-000326,2025-02-07,M04,P03,Assembly mismatch,2,FAIL
QC-0000979,WO-000327,2025-02-07,M04,P04,Weld porosity,2,FAIL
QC-0000980,WO-000327,2025-02-07,M04,P04,Surface finish,3,FAIL
QC-0000981,WO-000327,2025-02-07,M04,P04,Material defect,0,PASS
QC-0000982,WO-000328,2025-02-07,M05,P06,Material defect,5,FAIL
QC-0000983,WO-000328,2025-02-07,M05,P06,Weld porosity,1,FAIL
QC-0000984,WO-000328,2025-02-07,M05,P06,Cosmetic,0,PASS
QC-0000985,WO-000329,2025-02-07,M05,P05,Dimensional,5,FAIL
QC-0000986,WO-000329,2025-02-07,M05,P05,Assembly mismatch,0,PASS
QC-0000987,WO-000329,2025-02-07,M05,P05,Material defect,4,FAIL
QC-0000988,WO-000330,2025-02-07,M06,P01,Assembly mismatch,3,FAIL
QC-0000989,WO-000330,2025-02-07,M06,P01,Dimensional,0,PASS
QC-0000990,WO-000330,2025-02-07,M06,P01,Material defect,1,FAIL
QC-0000991,WO-000331,2025-02-07,M06,P05,Surface finish,5,FAIL
QC-0000992,WO-000331,2025-02-07,M06,P05,Weld porosity,3,FAIL
QC-0000993,WO-000331,2025-02-07,M06,P05,Assembly mismatch,2,FAIL
QC-0000994,WO-000332,2025-02-10,M01,P01,Surface finish,3,FAIL
QC-0000995,WO-000332,2025-02-10,M01,P01,Dimensional,3,FAIL
QC-0000996,WO-000332,2025-02-10,M01,P01,Material defect,1,FAIL
QC-0000997,WO-000333,2025-02-10,M01,P02,Cosmetic,2,FAIL
QC-0000998,WO-000333,2025-02-10,M01,P02,Surface finish,3,FAIL
QC-0000999,WO-000333,2025-02-10,M01,P02,Weld porosity,1,FAIL
QC-0001000,WO-000334,2025-02-10,M02,P05,Weld porosity,6,FAIL
QC-0001001,WO-000334,2025-02-10,M02,P05,Assembly mismatch,2,FAIL
QC-0001002,WO-000334,2025-02-10,M02,P05,Dimensional,1,FAIL
QC-0001003,WO-000335,2025-02-10,M02,P05,Cosmetic,6,FAIL
QC-0001004,WO-000335,2025-02-10,M02,P05,Material defect,1,FAIL
QC-0001005,WO-000335,2025-02-10,M02,P05,Weld porosity,2,FAIL
QC-0001006,WO-000336,2025-02-10,M03,P01,Material defect,4,FAIL
QC-0001007,WO-000336,2025-02-10,M03,P01,Cosmetic,1,FAIL
QC-0001008,WO-000336,2025-02-10,M03,P01,Dimensional,0,PASS
QC-0001009,WO-000337,2025-02-10,M03,P03,Dimensional,4,FAIL
QC-0001010,WO-000337,2025-02-10,M03,P03,Assembly mismatch,2,FAIL
QC-0001011,WO-000337,2025-02-10,M03,P03,Material defect,2,FAIL
QC-0001012,WO-000338,2025-02-10,M04,P03,Weld porosity,2,FAIL
QC-0001013,WO-000338,2025-02-10,M04,P03,Surface finish,5,FAIL
QC-0001014,WO-000338,2025-02-10,M04,P03,Assembly mismatch,3,FAIL
QC-0001015,WO-000339,2025-02-10,M04,P03,Material defect,6,FAIL
QC-0001016,WO-000339,2025-02-10,M04,P03,Weld porosity,3,FAIL
QC-0001017,WO-000339,2025-02-10,M04,P03,Cosmetic,0,PASS
QC-0001018,WO-000340,2025-02-10,M05,P01,Weld porosity,6,FAIL
QC-0001019,WO-000340,2025-02-10,M05,P01,Material defect,1,FAIL
QC-0001020,WO-000340,2025-02-10,M05,P01,Surface finish,0,PASS
QC-0001021,WO-000341,2025-02-10,M05,P06,Assembly mismatch,3,FAIL
QC-0001022,WO-000341,2025-02-10,M05,P06,Material defect,3,FAIL
QC-0001023,WO-000341,2025-02-10,M05,P06,Weld porosity,0,PASS
QC-0001024,WO-000342,2025-02-10,M06,P06,Surface finish,5,FAIL
QC-0001025,WO-000342,2025-02-10,M06,P06,Cosmetic,0,PASS
QC-0001026,WO-000342,2025-02-10,M06,P06,Weld porosity,3,FAIL
QC-0001027,WO-000343,2025-02-10,M06,P01,Material defect,2,FAIL
QC-0001028,WO-000343,2025-02-10,M06,P01,Dimensional,1,FAIL
QC-0001029,WO-000343,2025-02-10,M06,P01,Cosmetic,2,FAIL
QC-0001030,WO-000344,2025-02-11,M01,P03,Dimensional,2,FAIL
QC-0001031,WO-000344,2025-02-11,M01,P03,Assembly mismatch,4,FAIL
QC-0001032,WO-000344,2025-02-11,M01,P03,Weld porosity,0,PASS
QC-0001033,WO-000345,2025-02-11,M01,P02,Surface finish,3,FAIL
QC-0001034,WO-000345,2025-02-11,M01,P02,Weld porosity,2,FAIL
QC-0001035,WO-000345,2025-02-11,M01,P02,Material defect,0,PASS
QC-0001036,WO-000346,2025-02-11,M02,P01,Weld porosity,1,FAIL
QC-0001037,WO-000346,2025-02-11,M02,P01,Material defect,3,FAIL
QC-0001038,WO-000346,2025-02-11,M02,P01,Dimensional,0,PASS
QC-0001039,WO-000347,2025-02-11,M02,P01,Assembly mismatch,2,FAIL
QC-0001040,WO-000347,2025-02-11,M02,P01,Cosmetic,1,FAIL
QC-0001041,WO-000347,2025-02-11,M02,P01,Weld porosity,1,FAIL
QC-0001042,WO-000348,2025-02-11,M03,P01,Weld porosity,1,FAIL
QC-0001043,WO-000348,2025-02-11,M03,P01,Dimensional,2,FAIL
QC-0001044,WO-000348,2025-02-11,M03,P01,Assembly mismatch,1,FAIL
QC-0001045,WO-000349,2025-02-11,M03,P01,Weld porosity,3,FAIL
QC-0001046,WO-000349,2025-02-11,M03,P01,Assembly mismatch,3,FAIL
QC-0001047,WO-000349,2025-02-11,M03,P01,Surface finish,0,PASS
QC-0001048,WO-000350,2025-02-11,M04,P06,Surface finish,4,FAIL
QC-0001049,WO-000350,2025-02-11,M04,P06,Dimensional,2,FAIL
QC-0001050,WO-000350,2025-02-11,M04,P06,Weld porosity,1,FAIL
QC-0001051,WO-000351,2025-02-11,M04,P04,Weld porosity,3,FAIL
QC-0001052,WO-000351,2025-02-11,M04,P04,Dimensional,2,FAIL
QC-0001053,WO-000351,2025-02-11,M04,P04,Cosmetic,0,PASS
QC-0001054,WO-000352,2025-02-11,M05,P04,Surface finish,3,FAIL
QC-0001055,WO-000352,2025-02-11,M05,P04,Dimensional,1,FAIL
QC-0001056,WO-000352,2025-02-11,M05,P04,Cosmetic,0,PASS
QC-0001057,WO-000353,2025-02-11,M05,P05,Dimensional,5,FAIL
QC-0001058,WO-000353,2025-02-11,M05,P05,Weld porosity,1,FAIL
QC-0001059,WO-000353,2025-02-11,M05,P05,Surface finish,2,FAIL
QC-0001060,WO-000354,2025-02-11,M06,P01,Cosmetic,0,PASS
QC-0001061,WO-000354,2025-02-11,M06,P01,Weld porosity,3,FAIL
QC-0001062,WO-000354,2025-02-11,M06,P01,Dimensional,2,FAIL
QC-0001063,WO-000355,2025-02-11,M06,P04,Material defect,4,FAIL
QC-0001064,WO-000355,2025-02-11,M06,P04,Assembly mismatch,1,FAIL
QC-0001065,WO-000355,2025-02-11,M06,P04,Dimensional,0,PASS
QC-0001066,WO-000356,2025-02-12,M01,P01,Weld porosity,1,FAIL
QC-0001067,WO-000356,2025-02-12,M01,P01,Cosmetic,1,FAIL
QC-0001068,WO-000356,2025-02-12,M01,P01,Surface finish,2,FAIL
QC-0001069,WO-000357,2025-02-12,M01,P01,Surface finish,3,FAIL
QC-0001070,WO-000357,2025-02-12,M01,P01,Cosmetic,1,FAIL
QC-0001071,WO-000357,2025-02-12,M01,P01,Assembly mismatch,2,FAIL
QC-0001072,WO-000358,2025-02-12,M02,P01,Weld porosity,2,FAIL
QC-0001073,WO-000358,2025-02-12,M02,P01,Cosmetic,2,FAIL
QC-0001074,WO-000358,2025-02-12,M02,P01,Dimensional,2,FAIL
QC-0001075,WO-000359,2025-02-12,M02,P01,Material defect,4,FAIL
QC-0001076,WO-000359,2025-02-12,M02,P01,Assembly mismatch,0,PASS
QC-0001077,WO-000359,2025-02-12,M02,P01,Surface finish,0,PASS
QC-0001078,WO-000360,2025-02-12,M03,P05,Material defect,3,FAIL
QC-0001079,WO-000360,2025-02-12,M03,P05,Weld porosity,4,FAIL
QC-0001080,WO-000360,2025-02-12,M03,P05,Dimensional,2,FAIL
QC-0001081,WO-000361,2025-02-12,M04,P06,Weld porosity,4,FAIL
QC-0001082,WO-000361,2025-02-12,M04,P06,Surface finish,2,FAIL
QC-0001083,WO-000361,2025-02-12,M04,P06,Material defect,0,PASS
QC-0001084,WO-000362,2025-02-12,M04,P06,Cosmetic,4,FAIL
QC-0001085,WO-000362,2025-02-12,M04,P06,Dimensional,1,FAIL
QC-0001086,WO-000362,2025-02-12,M04,P06,Weld porosity,1,FAIL
QC-0001087,WO-000363,2025-02-12,M05,P04,Material defect,5,FAIL
QC-0001088,WO-000363,2025-02-12,M05,P04,Cosmetic,1,FAIL
QC-0001089,WO-000363,2025-02-12,M05,P04,Surface finish,0,PASS
QC-0001090,WO-000364,2025-02-12,M05,P05,Cosmetic,5,FAIL
QC-0001091,WO-000364,2025-02-12,M05,P05,Assembly mismatch,4,FAIL
QC-0001092,WO-000364,2025-02-12,M05,P05,Weld porosity,1,FAIL
QC-0001093,WO-000365,2025-02-12,M06,P06,Cosmetic,6,FAIL
QC-0001094,WO-000365,2025-02-12,M06,P06,Surface finish,0,PASS
QC-0001095,WO-000365,2025-02-12,M06,P06,Weld porosity,0,PASS
QC-0001096,WO-000366,2025-02-12,M06,P04,Dimensional,1,FAIL
QC-0001097,WO-000366,2025-02-12,M06,P04,Cosmetic,2,FAIL
QC-0001098,WO-000366,2025-02-12,M06,P04,Surface finish,3,FAIL
QC-0001099,WO-000367,2025-02-13,M01,P02,Surface finish,3,FAIL
QC-0001100,WO-000367,2025-02-13,M01,P02,Assembly mismatch,1,FAIL
QC-0001101,WO-000367,2025-02-13,M01,P02,Material defect,1,FAIL
QC-0001102,WO-000368,2025-02-13,M01,P03,Cosmetic,6,FAIL
QC-0001103,WO-000368,2025-02-13,M01,P03,Surface finish,1,FAIL
QC-0001104,WO-000368,2025-02-13,M01,P03,Assembly mismatch,0,PASS
QC-0001105,WO-000369,2025-02-13,M02,P01,Material defect,4,FAIL
QC-0001106,WO-000369,2025-02-13,M02,P01,Cosmetic,0,PASS
QC-0001107,WO-000369,2025-02-13,M02,P01,Dimensional,0,PASS
QC-0001108,WO-000370,2025-02-13,M02,P01,Assembly mismatch,2,FAIL
QC-0001109,WO-000370,2025-02-13,M02,P01,Dimensional,3,FAIL
QC-0001110,WO-000370,2025-02-13,M02,P01,Weld porosity,1,FAIL
QC-0001111,WO-000371,2025-02-13,M03,P05,Material defect,6,FAIL
QC-0001112,WO-000371,2025-02-13,M03,P05,Weld porosity,1,FAIL
QC-0001113,WO-000371,2025-02-13,M03,P05,Assembly mismatch,2,FAIL
QC-0001114,WO-000372,2025-02-13,M03,P05,Material defect,9,FAIL
QC-0001115,WO-000372,2025-02-13,M03,P05,Surface finish,1,FAIL
QC-0001116,WO-000372,2025-02-13,M03,P05,Cosmetic,2,FAIL
QC-0001117,WO-000373,2025-02-13,M04,P04,Weld porosity,3,FAIL
QC-0001118,WO-000373,2025-02-13,M04,P04,Material defect,1,FAIL
QC-0001119,WO-000373,2025-02-13,M04,P04,Assembly mismatch,0,PASS
QC-0001120,WO-000374,2025-02-13,M04,P04,Weld porosity,2,FAIL
QC-0001121,WO-000374,2025-02-13,M04,P04,Dimensional,0,PASS
QC-0001122,WO-000374,2025-02-13,M04,P04,Cosmetic,2,FAIL
QC-0001123,WO-000375,2025-02-13,M05,P05,Material defect,5,FAIL
QC-0001124,WO-000375,2025-02-13,M05,P05,Cosmetic,0,PASS
QC-0001125,WO-000375,2025-02-13,M05,P05,Surface finish,3,FAIL
QC-0001126,WO-000376,2025-02-13,M05,P05,Cosmetic,2,FAIL
QC-0001127,WO-000376,2025-02-13,M05,P05,Assembly mismatch,3,FAIL
QC-0001128,WO-000376,2025-02-13,M05,P05,Dimensional,2,FAIL
QC-0001129,WO-000377,2025-02-13,M06,P01,Assembly mismatch,2,FAIL
QC-0001130,WO-000377,2025-02-13,M06,P01,Surface finish,4,FAIL
QC-0001131,WO-000377,2025-02-13,M06,P01,Weld porosity,0,PASS
QC-0001132,WO-000378,2025-02-13,M06,P06,Material defect,4,FAIL
QC-0001133,WO-000378,2025-02-13,M06,P06,Assembly mismatch,2,FAIL
QC-0001134,WO-000378,2025-02-13,M06,P06,Surface finish,0,PASS
QC-0001135,WO-000379,2025-02-14,M01,P02,Surface finish,3,FAIL
QC-0001136,WO-000379,2025-02-14,M01,P02,Cosmetic,2,FAIL
QC-0001137,WO-000379,2025-02-14,M01,P02,Dimensional,1,FAIL
QC-0001138,WO-000380,2025-02-14,M01,P01,Cosmetic,2,FAIL
QC-0001139,WO-000380,2025-02-14,M01,P01,Material defect,0,PASS
QC-0001140,WO-000380,2025-02-14,M01,P01,Weld porosity,1,FAIL
QC-0001141,WO-000381,2025-02-14,M02,P05,Material defect,7,FAIL
QC-0001142,WO-000381,2025-02-14,M02,P05,Assembly mismatch,1,FAIL
QC-0001143,WO-000381,2025-02-14,M02,P05,Cosmetic,1,FAIL
QC-0001144,WO-000382,2025-02-14,M02,P01,Assembly mismatch,4,FAIL
QC-0001145,WO-000382,2025-02-14,M02,P01,Material defect,0,PASS
QC-0001146,WO-000382,2025-02-14,M02,P01,Cosmetic,1,FAIL
QC-0001147,WO-000383,2025-02-14,M03,P01,Dimensional,1,FAIL
QC-0001148,WO-000383,2025-02-14,M03,P01,Weld porosity,2,FAIL
QC-0001149,WO-000383,2025-02-14,M03,P01,Surface finish,1,FAIL
QC-0001150,WO-000384,2025-02-14,M03,P01,Dimensional,3,FAIL
QC-0001151,WO-000384,2025-02-14,M03,P01,Assembly mismatch,1,FAIL
QC-0001152,WO-000384,2025-02-14,M03,P01,Cosmetic,2,FAIL
QC-0001153,WO-000385,2025-02-14,M04,P06,Weld porosity,6,FAIL
QC-0001154,WO-000385,2025-02-14,M04,P06,Dimensional,1,FAIL
QC-0001155,WO-000385,2025-02-14,M04,P06,Cosmetic,0,PASS
QC-0001156,WO-000386,2025-02-14,M04,P03,Weld porosity,7,FAIL
QC-0001157,WO-000386,2025-02-14,M04,P03,Dimensional,2,FAIL
QC-0001158,WO-000386,2025-02-14,M04,P03,Surface finish,0,PASS
QC-0001159,WO-000387,2025-02-14,M05,P01,Weld porosity,2,FAIL
QC-0001160,WO-000387,2025-02-14,M05,P01,Surface finish,0,PASS
QC-0001161,WO-000387,2025-02-14,M05,P01,Material defect,2,FAIL
QC-0001162,WO-000388,2025-02-14,M05,P05,Cosmetic,5,FAIL
QC-0001163,WO-000388,2025-02-14,M05,P05,Weld porosity,4,FAIL
QC-0001164,WO-000388,2025-02-14,M05,P05,Material defect,2,FAIL
QC-0001165,WO-000389,2025-02-14,M06,P04,Material defect,2,FAIL
QC-0001166,WO-000389,2025-02-14,M06,P04,Cosmetic,1,FAIL
QC-0001167,WO-000389,2025-02-14,M06,P04,Assembly mismatch,1,FAIL
QC-0001168,WO-000390,2025-02-14,M06,P06,Dimensional,4,FAIL
QC-0001169,WO-000390,2025-02-14,M06,P06,Assembly mismatch,2,FAIL
QC-0001170,WO-000390,2025-02-14,M06,P06,Surface finish,1,FAIL
QC-0001171,WO-000391,2025-02-17,M01,P02,Surface finish,1,FAIL
QC-0001172,WO-000391,2025-02-17,M01,P02,Cosmetic,3,FAIL
QC-0001173,WO-000391,2025-02-17,M01,P02,Assembly mismatch,3,FAIL
QC-0001174,WO-000392,2025-02-17,M01,P02,Weld porosity,7,FAIL
QC-0001175,WO-000392,2025-02-17,M01,P02,Material defect,2,FAIL
QC-0001176,WO-000392,2025-02-17,M01,P02,Dimensional,0,PASS
QC-0001177,WO-000393,2025-02-17,M02,P02,Assembly mismatch,2,FAIL
QC-0001178,WO-000393,2025-02-17,M02,P02,Weld porosity,4,FAIL
QC-0001179,WO-000393,2025-02-17,M02,P02,Dimensional,1,FAIL
QC-0001180,WO-000394,2025-02-17,M03,P03,Cosmetic,6,FAIL
QC-0001181,WO-000394,2025-02-17,M03,P03,Weld porosity,0,PASS
QC-0001182,WO-000394,2025-02-17,M03,P03,Dimensional,1,FAIL
QC-0001183,WO-000395,2025-02-17,M03,P03,Surface finish,4,FAIL
QC-0001184,WO-000395,2025-02-17,M03,P03,Weld porosity,3,FAIL
QC-0001185,WO-000395,2025-02-17,M03,P03,Cosmetic,0,PASS
QC-0001186,WO-000396,2025-02-17,M04,P03,Weld porosity,5,FAIL
QC-0001187,WO-000396,2025-02-17,M04,P03,Assembly mismatch,2,FAIL
QC-0001188,WO-000396,2025-02-17,M04,P03,Surface finish,2,FAIL
QC-0001189,WO-000397,2025-02-17,M04,P04,Dimensional,3,FAIL
QC-0001190,WO-000397,2025-02-17,M04,P04,Cosmetic,2,FAIL
QC-0001191,WO-000397,2025-02-17,M04,P04,Weld porosity,0,PASS
QC-0001192,WO-000398,2025-02-17,M05,P05,Material defect,9,FAIL
QC-0001193,WO-000398,2025-02-17,M05,P05,Dimensional,2,FAIL
QC-0001194,WO-000398,2025-02-17,M05,P05,Weld porosity,0,PASS
QC-0001195,WO-000399,2025-02-17,M05,P01,Assembly mismatch,2,FAIL
QC-0001196,WO-000399,2025-02-17,M05,P01,Dimensional,1,FAIL
QC-0001197,WO-000399,2025-02-17,M05,P01,Surface finish,1,FAIL
QC-0001198,WO-000400,2025-02-17,M06,P04,Weld porosity,4,FAIL
QC-0001199,WO-000400,2025-02-17,M06,P04,Material defect,0,PASS
QC-0001200,WO-000400,2025-02-17,M06,P04,Dimensional,1,FAIL
QC-0001201,WO-000401,2025-02-17,M06,P05,Assembly mismatch,9,FAIL
QC-0001202,WO-000401,2025-02-17,M06,P05,Dimensional,1,FAIL
QC-0001203,WO-000401,2025-02-17,M06,P05,Cosmetic,0,PASS
QC-0001204,WO-000402,2025-02-18,M01,P03,Material defect,4,FAIL
QC-0001205,WO-000402,2025-02-18,M01,P03,Assembly mismatch,0,PASS
QC-0001206,WO-000402,2025-02-18,M01,P03,Surface finish,1,FAIL
QC-0001207,WO-000403,2025-02-18,M01,P02,Assembly mismatch,7,FAIL
QC-0001208,WO-000403,2025-02-18,M01,P02,Weld porosity,0,PASS
QC-0001209,WO-000403,2025-02-18,M01,P02,Dimensional,1,FAIL
QC-0001210,WO-000404,2025-02-18,M02,P02,Cosmetic,0,PASS
QC-0001211,WO-000404,2025-02-18,M02,P02,Material defect,1,FAIL
QC-0001212,WO-000404,2025-02-18,M02,P02,Surface finish,1,FAIL
QC-0001213,WO-000405,2025-02-18,M02,P01,Weld porosity,2,FAIL
QC-0001214,WO-000405,2025-02-18,M02,P01,Surface finish,1,FAIL
QC-0001215,WO-000405,2025-02-18,M02,P01,Dimensional,1,FAIL
QC-0001216,WO-000406,2025-02-18,M03,P03,Weld porosity,2,FAIL
QC-0001217,WO-000406,2025-02-18,M03,P03,Dimensional,2,FAIL
QC-0001218,WO-000406,2025-02-18,M03,P03,Surface finish,0,PASS
QC-0001219,WO-000407,2025-02-18,M03,P01,Assembly mismatch,4,FAIL
QC-0001220,WO-000407,2025-02-18,M03,P01,Dimensional,1,FAIL
QC-0001221,WO-000407,2025-02-18,M03,P01,Cosmetic,0,PASS
QC-0001222,WO-000408,2025-02-18,M04,P06,Weld porosity,3,FAIL
QC-0001223,WO-000408,2025-02-18,M04,P06,Cosmetic,2,FAIL
QC-0001224,WO-000408,2025-02-18,M04,P06,Assembly mismatch,1,FAIL
QC-0001225,WO-000409,2025-02-18,M04,P03,Assembly mismatch,7,FAIL
QC-0001226,WO-000409,2025-02-18,M04,P03,Weld porosity,4,FAIL
QC-0001227,WO-000409,2025-02-18,M04,P03,Surface finish,1,FAIL
QC-0001228,WO-000410,2025-02-18,M05,P06,Dimensional,4,FAIL
QC-0001229,WO-000410,2025-02-18,M05,P06,Material defect,0,PASS
QC-0001230,WO-000410,2025-02-18,M05,P06,Cosmetic,3,FAIL
QC-0001231,WO-000411,2025-02-18,M05,P05,Dimensional,7,FAIL
QC-0001232,WO-000411,2025-02-18,M05,P05,Material defect,1,FAIL
QC-0001233,WO-000411,2025-02-18,M05,P05,Cosmetic,0,PASS
QC-0001234,WO-000412,2025-02-18,M06,P01,Cosmetic,4,FAIL
QC-0001235,WO-000412,2025-02-18,M06,P01,Assembly mismatch,1,FAIL
QC-0001236,WO-000412,2025-02-18,M06,P01,Material defect,1,FAIL
QC-0001237,WO-000413,2025-02-18,M06,P05,Surface finish,7,FAIL
QC-0001238,WO-000413,2025-02-18,M06,P05,Dimensional,5,FAIL
QC-0001239,WO-000413,2025-02-18,M06,P05,Material defect,1,FAIL
QC-0001240,WO-000414,2025-02-19,M01,P01,Assembly mismatch,6,FAIL
QC-0001241,WO-000414,2025-02-19,M01,P01,Dimensional,1,FAIL
QC-0001242,WO-000414,2025-02-19,M01,P01,Surface finish,0,PASS
QC-0001243,WO-000415,2025-02-19,M01,P01,Material defect,5,FAIL
QC-0001244,WO-000415,2025-02-19,M01,P01,Weld porosity,2,FAIL
QC-0001245,WO-000415,2025-02-19,M01,P01,Dimensional,0,PASS
QC-0001246,WO-000416,2025-02-19,M02,P05,Cosmetic,6,FAIL
QC-0001247,WO-000416,2025-02-19,M02,P05,Weld porosity,1,FAIL
QC-0001248,WO-000416,2025-02-19,M02,P05,Assembly mismatch,2,FAIL
QC-0001249,WO-000417,2025-02-19,M02,P02,Assembly mismatch,4,FAIL
QC-0001250,WO-000417,2025-02-19,M02,P02,Surface finish,3,FAIL
QC-0001251,WO-000417,2025-02-19,M02,P02,Material defect,0,PASS
QC-0001252,WO-000418,2025-02-19,M03,P01,Surface finish,3,FAIL
QC-0001253,WO-000418,2025-02-19,M03,P01,Assembly mismatch,2,FAIL
QC-0001254,WO-000418,2025-02-19,M03,P01,Dimensional,2,FAIL
QC-0001255,WO-000419,2025-02-19,M03,P01,Surface finish,4,FAIL
QC-0001256,WO-000419,2025-02-19,M03,P01,Weld porosity,1,FAIL
QC-0001257,WO-000419,2025-02-19,M03,P01,Cosmetic,1,FAIL
QC-0001258,WO-000420,2025-02-19,M04,P04,Weld porosity,4,FAIL
QC-0001259,WO-000420,2025-02-19,M04,P04,Material defect,0,PASS
QC-0001260,WO-000420,2025-02-19,M04,P04,Dimensional,2,FAIL
QC-0001261,WO-000421,2025-02-19,M04,P03,Weld porosity,5,FAIL
QC-0001262,WO-000421,2025-02-19,M04,P03,Assembly mismatch,3,FAIL
QC-0001263,WO-000421,2025-02-19,M04,P03,Cosmetic,1,FAIL
QC-0001264,WO-000422,2025-02-19,M05,P06,Surface finish,3,FAIL
QC-0001265,WO-000422,2025-02-19,M05,P06,Material defect,2,FAIL
QC-0001266,WO-000422,2025-02-19,M05,P06,Weld porosity,1,FAIL
QC-0001267,WO-000423,2025-02-19,M05,P06,Cosmetic,3,FAIL
QC-0001268,WO-000423,2025-02-19,M05,P06,Assembly mismatch,2,FAIL
QC-0001269,WO-000423,2025-02-19,M05,P06,Surface finish,0,PASS
QC-0001270,WO-000424,2025-02-19,M06,P04,Dimensional,5,FAIL
QC-0001271,WO-000424,2025-02-19,M06,P04,Cosmetic,0,PASS
QC-0001272,WO-000424,2025-02-19,M06,P04,Surface finish,0,PASS
QC-0001273,WO-000425,2025-02-19,M06,P05,Dimensional,7,FAIL
QC-0001274,WO-000425,2025-02-19,M06,P05,Surface finish,1,FAIL
QC-0001275,WO-000425,2025-02-19,M06,P05,Material defect,4,FAIL
QC-0001276,WO-000426,2025-02-20,M01,P03,Surface finish,3,FAIL
QC-0001277,WO-000426,2025-02-20,M01,P03,Assembly mismatch,1,FAIL
QC-0001278,WO-000426,2025-02-20,M01,P03,Weld porosity,1,FAIL
QC-0001279,WO-000427,2025-02-20,M01,P01,Dimensional,5,FAIL
QC-0001280,WO-000427,2025-02-20,M01,P01,Material defect,0,PASS
QC-0001281,WO-000427,2025-02-20,M01,P01,Assembly mismatch,1,FAIL
QC-0001282,WO-000428,2025-02-20,M02,P02,Surface finish,4,FAIL
QC-0001283,WO-000428,2025-02-20,M02,P02,Weld porosity,0,PASS
QC-0001284,WO-000428,2025-02-20,M02,P02,Dimensional,1,FAIL
QC-0001285,WO-000429,2025-02-20,M02,P05,Assembly mismatch,9,FAIL
QC-0001286,WO-000429,2025-02-20,M02,P05,Material defect,1,FAIL
QC-0001287,WO-000429,2025-02-20,M02,P05,Dimensional,0,PASS
QC-0001288,WO-000430,2025-02-20,M03,P01,Material defect,3,FAIL
QC-0001289,WO-000430,2025-02-20,M03,P01,Dimensional,3,FAIL
QC-0001290,WO-000430,2025-02-20,M03,P01,Cosmetic,0,PASS
QC-0001291,WO-000431,2025-02-20,M03,P03,Material defect,4,FAIL
QC-0001292,WO-000431,2025-02-20,M03,P03,Cosmetic,4,FAIL
QC-0001293,WO-000431,2025-02-20,M03,P03,Dimensional,0,PASS
QC-0001294,WO-000432,2025-02-20,M04,P04,Weld porosity,2,FAIL
QC-0001295,WO-000432,2025-02-20,M04,P04,Surface finish,2,FAIL
QC-0001296,WO-000432,2025-02-20,M04,P04,Dimensional,1,FAIL
QC-0001297,WO-000433,2025-02-20,M04,P04,Weld porosity,2,FAIL
QC-0001298,WO-000433,2025-02-20,M04,P04,Cosmetic,2,FAIL
QC-0001299,WO-000433,2025-02-20,M04,P04,Assembly mismatch,1,FAIL
QC-0001300,WO-000434,2025-02-20,M05,P05,Surface finish,9,FAIL
QC-0001301,WO-000434,2025-02-20,M05,P05,Material defect,1,FAIL
QC-0001302,WO-000434,2025-02-20,M05,P05,Weld porosity,0,PASS
QC-0001303,WO-000435,2025-02-20,M05,P04,Dimensional,0,PASS
QC-0001304,WO-000435,2025-02-20,M05,P04,Cosmetic,2,FAIL
QC-0001305,WO-000435,2025-02-20,M05,P04,Assembly mismatch,1,FAIL
QC-0001306,WO-000436,2025-02-20,M06,P06,Dimensional,4,FAIL
QC-0001307,WO-000436,2025-02-20,M06,P06,Assembly mismatch,1,FAIL
QC-0001308,WO-000436,2025-02-20,M06,P06,Surface finish,1,FAIL
QC-0001309,WO-000437,2025-02-20,M06,P04,Dimensional,5,FAIL
QC-0001310,WO-000437,2025-02-20,M06,P04,Assembly mismatch,0,PASS
QC-0001311,WO-000437,2025-02-20,M06,P04,Material defect,0,PASS
QC-0001312,WO-000438,2025-02-21,M01,P02,Surface finish,3,FAIL
QC-0001313,WO-000438,2025-02-21,M01,P02,Assembly mismatch,1,FAIL
QC-0001314,WO-000438,2025-02-21,M01,P02,Cosmetic,3,FAIL
QC-0001315,WO-000439,2025-02-21,M01,P01,Material defect,6,FAIL
QC-0001316,WO-000439,2025-02-21,M01,P01,Dimensional,2,FAIL
QC-0001317,WO-000439,2025-02-21,M01,P01,Weld porosity,1,FAIL
QC-0001318,WO-000440,2025-02-21,M02,P01,Weld porosity,3,FAIL
QC-0001319,WO-000440,2025-02-21,M02,P01,Material defect,0,PASS
QC-0001320,WO-000440,2025-02-21,M02,P01,Surface finish,0,PASS
QC-0001321,WO-000441,2025-02-21,M02,P01,Dimensional,6,FAIL
QC-0001322,WO-000441,2025-02-21,M02,P01,Cosmetic,0,PASS
QC-0001323,WO-000441,2025-02-21,M02,P01,Surface finish,1,FAIL
QC-0001324,WO-000442,2025-02-21,M03,P01,Weld porosity,2,FAIL
QC-0001325,WO-000442,2025-02-21,M03,P01,Surface finish,0,PASS
QC-0001326,WO-000442,2025-02-21,M03,P01,Material defect,1,FAIL
QC-0001327,WO-000443,2025-02-21,M03,P01,Assembly mismatch,4,FAIL
QC-0001328,WO-000443,2025-02-21,M03,P01,Weld porosity,1,FAIL
QC-0001329,WO-000443,2025-02-21,M03,P01,Material defect,1,FAIL
QC-0001330,WO-000444,2025-02-21,M04,P06,Cosmetic,3,FAIL
QC-0001331,WO-000444,2025-02-21,M04,P06,Weld porosity,0,PASS
QC-0001332,WO-000444,2025-02-21,M04,P06,Material defect,3,FAIL
QC-0001333,WO-000445,2025-02-21,M04,P03,Weld porosity,6,FAIL
QC-0001334,WO-000445,2025-02-21,M04,P03,Material defect,3,FAIL
QC-0001335,WO-000445,2025-02-21,M04,P03,Surface finish,1,FAIL
QC-0001336,WO-000446,2025-02-21,M05,P05,Assembly mismatch,3,FAIL
QC-0001337,WO-000446,2025-02-21,M05,P05,Dimensional,5,FAIL
QC-0001338,WO-000446,2025-02-21,M05,P05,Material defect,1,FAIL
QC-0001339,WO-000447,2025-02-21,M05,P01,Dimensional,4,FAIL
QC-0001340,WO-000447,2025-02-21,M05,P01,Assembly mismatch,1,FAIL
QC-0001341,WO-000447,2025-02-21,M05,P01,Weld porosity,0,PASS
QC-0001342,WO-000448,2025-02-21,M06,P05,Weld porosity,6,FAIL
QC-0001343,WO-000448,2025-02-21,M06,P05,Surface finish,1,FAIL
QC-0001344,WO-000448,2025-02-21,M06,P05,Material defect,1,FAIL
QC-0001345,WO-000449,2025-02-21,M06,P05,Weld porosity,10,FAIL
QC-0001346,WO-000449,2025-02-21,M06,P05,Assembly mismatch,1,FAIL
QC-0001347,WO-000449,2025-02-21,M06,P05,Material defect,0,PASS
QC-0001348,WO-000450,2025-02-24,M01,P01,Dimensional,4,FAIL
QC-0001349,WO-000450,2025-02-24,M01,P01,Weld porosity,2,FAIL
QC-0001350,WO-000450,2025-02-24,M01,P01,Material defect,3,FAIL
QC-0001351,WO-000451,2025-02-24,M01,P02,Surface finish,4,FAIL
QC-0001352,WO-000451,2025-02-24,M01,P02,Dimensional,1,FAIL
QC-0001353,WO-000451,2025-02-24,M01,P02,Weld porosity,1,FAIL
QC-0001354,WO-000452,2025-02-24,M02,P05,Weld porosity,5,FAIL
QC-0001355,WO-000452,2025-02-24,M02,P05,Surface finish,1,FAIL
QC-0001356,WO-000452,2025-02-24,M02,P05,Assembly mismatch,3,FAIL
QC-0001357,WO-000453,2025-02-24,M02,P02,Surface finish,3,FAIL
QC-0001358,WO-000453,2025-02-24,M02,P02,Material defect,1,FAIL
QC-0001359,WO-000453,2025-02-24,M02,P02,Weld porosity,1,FAIL
QC-0001360,WO-000454,2025-02-24,M03,P01,Material defect,6,FAIL
QC-0001361,WO-000454,2025-02-24,M03,P01,Assembly mismatch,0,PASS
QC-0001362,WO-000454,2025-02-24,M03,P01,Cosmetic,0,PASS
QC-0001363,WO-000455,2025-02-24,M03,P01,Dimensional,4,FAIL
QC-0001364,WO-000455,2025-02-24,M03,P01,Assembly mismatch,2,FAIL
QC-0001365,WO-000455,2025-02-24,M03,P01,Material defect,1,FAIL
QC-0001366,WO-000456,2025-02-24,M04,P06,Assembly mismatch,3,FAIL
QC-0001367,WO-000456,2025-02-24,M04,P06,Dimensional,1,FAIL
QC-0001368,WO-000456,2025-02-24,M04,P06,Weld porosity,2,FAIL
QC-0001369,WO-000457,2025-02-24,M04,P06,Weld porosity,3,FAIL
QC-0001370,WO-000457,2025-02-24,M04,P06,Surface finish,3,FAIL
QC-0001371,WO-000457,2025-02-24,M04,P06,Cosmetic,0,PASS
QC-0001372,WO-000458,2025-02-24,M05,P06,Surface finish,2,FAIL
QC-0001373,WO-000458,2025-02-24,M05,P06,Cosmetic,2,FAIL
QC-0001374,WO-000458,2025-02-24,M05,P06,Material defect,1,FAIL
QC-0001375,WO-000459,2025-02-24,M06,P01,Dimensional,3,FAIL
QC-0001376,WO-000459,2025-02-24,M06,P01,Surface finish,2,FAIL
QC-0001377,WO-000459,2025-02-24,M06,P01,Weld porosity,0,PASS
QC-0001378,WO-000460,2025-02-24,M06,P05,Surface finish,3,FAIL
QC-0001379,WO-000460,2025-02-24,M06,P05,Cosmetic,2,FAIL
QC-0001380,WO-000460,2025-02-24,M06,P05,Dimensional,2,FAIL
QC-0001381,WO-000461,2025-02-25,M01,P01,Material defect,2,FAIL
QC-0001382,WO-000461,2025-02-25,M01,P01,Cosmetic,2,FAIL
QC-0001383,WO-000461,2025-02-25,M01,P01,Surface finish,0,PASS
QC-0001384,WO-000462,2025-02-25,M01,P02,Weld porosity,3,FAIL
QC-0001385,WO-000462,2025-02-25,M01,P02,Cosmetic,2,FAIL
QC-0001386,WO-000462,2025-02-25,M01,P02,Surface finish,1,FAIL
QC-0001387,WO-000463,2025-02-25,M02,P02,Material defect,3,FAIL
QC-0001388,WO-000463,2025-02-25,M02,P02,Weld porosity,1,FAIL
QC-0001389,WO-000463,2025-02-25,M02,P02,Dimensional,0,PASS
QC-0001390,WO-000464,2025-02-25,M02,P02,Surface finish,3,FAIL
QC-0001391,WO-000464,2025-02-25,M02,P02,Material defect,2,FAIL
QC-0001392,WO-000464,2025-02-25,M02,P02,Cosmetic,1,FAIL
QC-0001393,WO-000465,2025-02-25,M03,P03,Cosmetic,5,FAIL
QC-0001394,WO-000465,2025-02-25,M03,P03,Dimensional,3,FAIL
QC-0001395,WO-000465,2025-02-25,M03,P03,Surface finish,1,FAIL
QC-0001396,WO-000466,2025-02-25,M03,P03,Cosmetic,4,FAIL
QC-0001397,WO-000466,2025-02-25,M03,P03,Surface finish,3,FAIL
QC-0001398,WO-000466,2025-02-25,M03,P03,Assembly mismatch,1,FAIL
QC-0001399,WO-000467,2025-02-25,M04,P06,Weld porosity,1,FAIL
QC-0001400,WO-000467,2025-02-25,M04,P06,Surface finish,5,FAIL
QC-0001401,WO-000467,2025-02-25,M04,P06,Cosmetic,1,FAIL
QC-0001402,WO-000468,2025-02-25,M04,P06,Weld porosity,5,FAIL
QC-0001403,WO-000468,2025-02-25,M04,P06,Cosmetic,1,FAIL
QC-0001404,WO-000468,2025-02-25,M04,P06,Assembly mismatch,0,PASS
QC-0001405,WO-000469,2025-02-25,M05,P06,Dimensional,2,FAIL
QC-0001406,WO-000469,2025-02-25,M05,P06,Surface finish,2,FAIL
QC-0001407,WO-000469,2025-02-25,M05,P06,Material defect,1,FAIL
QC-0001408,WO-000470,2025-02-25,M05,P04,Surface finish,3,FAIL
QC-0001409,WO-000470,2025-02-25,M05,P04,Assembly mismatch,1,FAIL
QC-0001410,WO-000470,2025-02-25,M05,P04,Weld porosity,1,FAIL
QC-0001411,WO-000471,2025-02-25,M06,P01,Weld porosity,3,FAIL
QC-0001412,WO-000471,2025-02-25,M06,P01,Dimensional,1,FAIL
QC-0001413,WO-000471,2025-02-25,M06,P01,Material defect,3,FAIL
QC-0001414,WO-000472,2025-02-25,M06,P06,Cosmetic,5,FAIL
QC-0001415,WO-000472,2025-02-25,M06,P06,Surface finish,1,FAIL
QC-0001416,WO-000472,2025-02-25,M06,P06,Assembly mismatch,0,PASS
QC-0001417,WO-000473,2025-02-26,M01,P01,Assembly mismatch,2,FAIL
QC-0001418,WO-000473,2025-02-26,M01,P01,Dimensional,2,FAIL
QC-0001419,WO-000473,2025-02-26,M01,P01,Cosmetic,1,FAIL
QC-0001420,WO-000474,2025-02-26,M01,P01,Weld porosity,3,FAIL
QC-0001421,WO-000474,2025-02-26,M01,P01,Surface finish,3,FAIL
QC-0001422,WO-000474,2025-02-26,M01,P01,Dimensional,0,PASS
QC-0001423,WO-000475,2025-02-26,M02,P02,Material defect,4,FAIL
QC-0001424,WO-000475,2025-02-26,M02,P02,Surface finish,1,FAIL
QC-0001425,WO-000475,2025-02-26,M02,P02,Cosmetic,1,FAIL
QC-0001426,WO-000476,2025-02-26,M02,P05,Material defect,7,FAIL
QC-0001427,WO-000476,2025-02-26,M02,P05,Assembly mismatch,2,FAIL
QC-0001428,WO-000476,2025-02-26,M02,P05,Surface finish,1,FAIL
QC-0001429,WO-000477,2025-02-26,M03,P05,Dimensional,7,FAIL
QC-0001430,WO-000477,2025-02-26,M03,P05,Assembly mismatch,3,FAIL
QC-0001431,WO-000477,2025-02-26,M03,P05,Material defect,0,PASS
QC-0001432,WO-000478,2025-02-26,M03,P05,Assembly mismatch,6,FAIL
QC-0001433,WO-000478,2025-02-26,M03,P05,Dimensional,2,FAIL
QC-0001434,WO-000478,2025-02-26,M03,P05,Weld porosity,2,FAIL
QC-0001435,WO-000479,2025-02-26,M04,P04,Surface finish,4,FAIL
QC-0001436,WO-000479,2025-02-26,M04,P04,Cosmetic,0,PASS
QC-0001437,WO-000479,2025-02-26,M04,P04,Weld porosity,1,FAIL
QC-0001438,WO-000480,2025-02-26,M04,P04,Weld porosity,3,FAIL
QC-0001439,WO-000480,2025-02-26,M04,P04,Assembly mismatch,2,FAIL
QC-0001440,WO-000480,2025-02-26,M04,P04,Material defect,1,FAIL
QC-0001441,WO-000481,2025-02-26,M05,P06,Cosmetic,4,FAIL
QC-0001442,WO-000481,2025-02-26,M05,P06,Material defect,0,PASS
QC-0001443,WO-000481,2025-02-26,M05,P06,Surface finish,2,FAIL
QC-0001444,WO-000482,2025-02-26,M05,P01,Cosmetic,2,FAIL
QC-0001445,WO-000482,2025-02-26,M05,P01,Surface finish,2,FAIL
QC-0001446,WO-000482,2025-02-26,M05,P01,Assembly mismatch,0,PASS
QC-0001447,WO-000483,2025-02-26,M06,P04,Surface finish,4,FAIL
QC-0001448,WO-000483,2025-02-26,M06,P04,Weld porosity,1,FAIL
QC-0001449,WO-000483,2025-02-26,M06,P04,Assembly mismatch,0,PASS
QC-0001450,WO-000484,2025-02-26,M06,P01,Weld porosity,5,FAIL
QC-0001451,WO-000484,2025-02-26,M06,P01,Material defect,2,FAIL
QC-0001452,WO-000484,2025-02-26,M06,P01,Surface finish,1,FAIL
QC-0001453,WO-000485,2025-02-27,M01,P02,Cosmetic,4,FAIL
QC-0001454,WO-000485,2025-02-27,M01,P02,Weld porosity,1,FAIL
QC-0001455,WO-000485,2025-02-27,M01,P02,Assembly mismatch,0,PASS
QC-0001456,WO-000486,2025-02-27,M02,P05,Surface finish,8,FAIL
QC-0001457,WO-000486,2025-02-27,M02,P05,Material defect,0,PASS
QC-0001458,WO-000486,2025-02-27,M02,P05,Assembly mismatch,3,FAIL
QC-0001459,WO-000487,2025-02-27,M02,P05,Weld porosity,9,FAIL
QC-0001460,WO-000487,2025-02-27,M02,P05,Dimensional,1,FAIL
QC-0001461,WO-000487,2025-02-27,M02,P05,Material defect,1,FAIL
QC-0001462,WO-000488,2025-02-27,M03,P01,Dimensional,3,FAIL
QC-0001463,WO-000488,2025-02-27,M03,P01,Assembly mismatch,0,PASS
QC-0001464,WO-000488,2025-02-27,M03,P01,Weld porosity,0,PASS
QC-0001465,WO-000489,2025-02-27,M03,P03,Surface finish,7,FAIL
QC-0001466,WO-000489,2025-02-27,M03,P03,Material defect,4,FAIL
QC-0001467,WO-000489,2025-02-27,M03,P03,Assembly mismatch,1,FAIL
QC-0001468,WO-000490,2025-02-27,M04,P06,Surface finish,4,FAIL
QC-0001469,WO-000490,2025-02-27,M04,P06,Weld porosity,1,FAIL
QC-0001470,WO-000490,2025-02-27,M04,P06,Dimensional,0,PASS
QC-0001471,WO-000491,2025-02-27,M04,P04,Weld porosity,4,FAIL
QC-0001472,WO-000491,2025-02-27,M04,P04,Dimensional,1,FAIL
QC-0001473,WO-000491,2025-02-27,M04,P04,Cosmetic,1,FAIL
QC-0001474,WO-000492,2025-02-27,M05,P04,Weld porosity,2,FAIL
QC-0001475,WO-000492,2025-02-27,M05,P04,Surface finish,1,FAIL
QC-0001476,WO-000492,2025-02-27,M05,P04,Dimensional,0,PASS
QC-0001477,WO-000493,2025-02-27,M05,P01,Dimensional,2,FAIL
QC-0001478,WO-000493,2025-02-27,M05,P01,Assembly mismatch,2,FAIL
QC-0001479,WO-000493,2025-02-27,M05,P01,Weld porosity,1,FAIL
QC-0001480,WO-000494,2025-02-27,M06,P04,Dimensional,4,FAIL
QC-0001481,WO-000494,2025-02-27,M06,P04,Assembly mismatch,2,FAIL
QC-0001482,WO-000494,2025-02-27,M06,P04,Material defect,0,PASS
QC-0001483,WO-000495,2025-02-27,M06,P05,Assembly mismatch,9,FAIL
QC-0001484,WO-000495,2025-02-27,M06,P05,Weld porosity,0,PASS
QC-0001485,WO-000495,2025-02-27,M06,P05,Surface finish,1,FAIL
QC-0001486,WO-000496,2025-02-28,M01,P02,Dimensional,2,FAIL
QC-0001487,WO-000496,2025-02-28,M01,P02,Surface finish,2,FAIL
QC-0001488,WO-000496,2025-02-28,M01,P02,Assembly mismatch,1,FAIL
QC-0001489,WO-000497,2025-02-28,M01,P02,Surface finish,2,FAIL
QC-0001490,WO-000497,2025-02-28,M01,P02,Weld porosity,1,FAIL
QC-0001491,WO-000497,2025-02-28,M01,P02,Material defect,3,FAIL
QC-0001492,WO-000498,2025-02-28,M02,P02,Assembly mismatch,2,FAIL
QC-0001493,WO-000498,2025-02-28,M02,P02,Weld porosity,2,FAIL
QC-0001494,WO-000498,2025-02-28,M02,P02,Material defect,0,PASS
QC-0001495,WO-000499,2025-02-28,M02,P01,Cosmetic,1,FAIL
QC-0001496,WO-000499,2025-02-28,M02,P01,Weld porosity,2,FAIL
QC-0001497,WO-000499,2025-02-28,M02,P01,Dimensional,4,FAIL
QC-0001498,WO-000500,2025-02-28,M03,P05,Cosmetic,7,FAIL
QC-0001499,WO-000500,2025-02-28,M03,P05,Assembly mismatch,4,FAIL
QC-0001500,WO-000500,2025-02-28,M03,P05,Weld porosity,1,FAIL
QC-0001501,WO-000501,2025-02-28,M03,P03,Cosmetic,5,FAIL
QC-0001502,WO-000501,2025-02-28,M03,P03,Dimensional,0,PASS
QC-0001503,WO-000501,2025-02-28,M03,P03,Surface finish,1,FAIL
QC-0001504,WO-000502,2025-02-28,M04,P04,Weld porosity,3,FAIL
QC-0001505,WO-000502,2025-02-28,M04,P04,Dimensional,1,FAIL
QC-0001506,WO-000502,2025-02-28,M04,P04,Surface finish,1,FAIL
QC-0001507,WO-000503,2025-02-28,M04,P03,Cosmetic,9,FAIL
QC-0001508,WO-000503,2025-02-28,M04,P03,Weld porosity,1,FAIL
QC-0001509,WO-000503,2025-02-28,M04,P03,Surface finish,2,FAIL
QC-0001510,WO-000504,2025-02-28,M05,P05,Surface finish,5,FAIL
QC-0001511,WO-000504,2025-02-28,M05,P05,Cosmetic,2,FAIL
QC-0001512,WO-000504,2025-02-28,M05,P05,Assembly mismatch,0,PASS
QC-0001513,WO-000505,2025-02-28,M05,P04,Assembly mismatch,4,FAIL
QC-0001514,WO-000505,2025-02-28,M05,P04,Weld porosity,0,PASS
QC-0001515,WO-000505,2025-02-28,M05,P04,Material defect,0,PASS
QC-0001516,WO-000506,2025-02-28,M06,P06,Assembly mismatch,4,FAIL
QC-0001517,WO-000506,2025-02-28,M06,P06,Cosmetic,1,FAIL
QC-0001518,WO-000506,2025-02-28,M06,P06,Surface finish,2,FAIL
QC-0001519,WO-000507,2025-02-28,M06,P06,Cosmetic,1,FAIL
QC-0001520,WO-000507,2025-02-28,M06,P06,Assembly mismatch,2,FAIL
QC-0001521,WO-000507,2025-02-28,M06,P06,Dimensional,3,FAIL
QC-0001522,WO-000508,2025-03-03,M01,P01,Assembly mismatch,1,FAIL
QC-0001523,WO-000508,2025-03-03,M01,P01,Cosmetic,3,FAIL
QC-0001524,WO-000508,2025-03-03,M01,P01,Material defect,0,PASS
QC-0001525,WO-000509,2025-03-03,M01,P03,Weld porosity,4,FAIL
QC-0001526,WO-000509,2025-03-03,M01,P03,Material defect,3,FAIL
QC-0001527,WO-000509,2025-03-03,M01,P03,Cosmetic,1,FAIL
QC-0001528,WO-000510,2025-03-03,M02,P05,Assembly mismatch,7,FAIL
QC-0001529,WO-000510,2025-03-03,M02,P05,Dimensional,2,FAIL
QC-0001530,WO-000510,2025-03-03,M02,P05,Material defect,0,PASS
QC-0001531,WO-000511,2025-03-03,M02,P02,Weld porosity,7,FAIL
QC-0001532,WO-000511,2025-03-03,M02,P02,Surface finish,0,PASS
QC-0001533,WO-000511,2025-03-03,M02,P02,Cosmetic,2,FAIL
QC-0001534,WO-000512,2025-03-03,M03,P01,Surface finish,3,FAIL
QC-0001535,WO-000512,2025-03-03,M03,P01,Weld porosity,2,FAIL
QC-0001536,WO-000512,2025-03-03,M03,P01,Dimensional,0,PASS
QC-0001537,WO-000513,2025-03-03,M03,P01,Weld porosity,4,FAIL
QC-0001538,WO-000513,2025-03-03,M03,P01,Assembly mismatch,1,FAIL
QC-0001539,WO-000513,2025-03-03,M03,P01,Material defect,2,FAIL
QC-0001540,WO-000514,2025-03-03,M04,P06,Material defect,3,FAIL
QC-0001541,WO-000514,2025-03-03,M04,P06,Weld porosity,1,FAIL
QC-0001542,WO-000514,2025-03-03,M04,P06,Cosmetic,2,FAIL
QC-0001543,WO-000515,2025-03-03,M04,P04,Weld porosity,2,FAIL
QC-0001544,WO-000515,2025-03-03,M04,P04,Cosmetic,2,FAIL
QC-0001545,WO-000515,2025-03-03,M04,P04,Assembly mismatch,0,PASS
QC-0001546,WO-000516,2025-03-03,M05,P04,Cosmetic,1,FAIL
QC-0001547,WO-000516,2025-03-03,M05,P04,Assembly mismatch,4,FAIL
QC-0001548,WO-000516,2025-03-03,M05,P04,Surface finish,0,PASS
QC-0001549,WO-000517,2025-03-03,M05,P04,Dimensional,3,FAIL
QC-0001550,WO-000517,2025-03-03,M05,P04,Weld porosity,2,FAIL
QC-0001551,WO-000517,2025-03-03,M05,P04,Surface finish,0,PASS
QC-0001552,WO-000518,2025-03-03,M06,P05,Assembly mismatch,4,FAIL
QC-0001553,WO-000518,2025-03-03,M06,P05,Surface finish,2,FAIL
QC-0001554,WO-000518,2025-03-03,M06,P05,Weld porosity,2,FAIL
QC-0001555,WO-000519,2025-03-03,M06,P01,Dimensional,1,FAIL
QC-0001556,WO-000519,2025-03-03,M06,P01,Cosmetic,2,FAIL
QC-0001557,WO-000519,2025-03-03,M06,P01,Assembly mismatch,1,FAIL
QC-0001558,WO-000520,2025-03-04,M01,P03,Material defect,4,FAIL
QC-0001559,WO-000520,2025-03-04,M01,P03,Surface finish,1,FAIL
QC-0001560,WO-000520,2025-03-04,M01,P03,Assembly mismatch,2,FAIL
QC-0001561,WO-000521,2025-03-04,M01,P02,Assembly mismatch,3,FAIL
QC-0001562,WO-000521,2025-03-04,M01,P02,Material defect,4,FAIL
QC-0001563,WO-000521,2025-03-04,M01,P02,Surface finish,0,PASS
QC-0001564,WO-000522,2025-03-04,M02,P02,Material defect,5,FAIL
QC-0001565,WO-000522,2025-03-04,M02,P02,Surface finish,0,PASS
QC-0001566,WO-000522,2025-03-04,M02,P02,Dimensional,2,FAIL
QC-0001567,WO-000523,2025-03-04,M02,P01,Dimensional,5,FAIL
QC-0001568,WO-000523,2025-03-04,M02,P01,Material defect,2,FAIL
QC-0001569,WO-000523,2025-03-04,M02,P01,Assembly mismatch,0,PASS
QC-0001570,WO-000524,2025-03-04,M03,P03,Material defect,2,FAIL
QC-0001571,WO-000524,2025-03-04,M03,P03,Surface finish,0,PASS
QC-0001572,WO-000524,2025-03-04,M03,P03,Dimensional,2,FAIL
QC-0001573,WO-000525,2025-03-04,M03,P05,Weld porosity,7,FAIL
QC-0001574,WO-000525,2025-03-04,M03,P05,Material defect,2,FAIL
QC-0001575,WO-000525,2025-03-04,M03,P05,Surface finish,3,FAIL
QC-0001576,WO-000526,2025-03-04,M04,P03,Weld porosity,5,FAIL
QC-0001577,WO-000526,2025-03-04,M04,P03,Assembly mismatch,0,PASS
QC-0001578,WO-000526,2025-03-04,M04,P03,Surface finish,1,FAIL
QC-0001579,WO-000527,2025-03-04,M04,P06,Weld porosity,2,FAIL
QC-0001580,WO-000527,2025-03-04,M04,P06,Surface finish,1,FAIL
QC-0001581,WO-000527,2025-03-04,M04,P06,Dimensional,3,FAIL
QC-0001582,WO-000528,2025-03-04,M05,P05,Surface finish,4,FAIL
QC-0001583,WO-000528,2025-03-04,M05,P05,Dimensional,4,FAIL
QC-0001584,WO-000528,2025-03-04,M05,P05,Assembly mismatch,1,FAIL
QC-0001585,WO-000529,2025-03-04,M05,P05,Surface finish,7,FAIL
QC-0001586,WO-000529,2025-03-04,M05,P05,Assembly mismatch,2,FAIL
QC-0001587,WO-000529,2025-03-04,M05,P05,Dimensional,2,FAIL
QC-0001588,WO-000530,2025-03-04,M06,P05,Weld porosity,4,FAIL
QC-0001589,WO-000530,2025-03-04,M06,P05,Material defect,4,FAIL
QC-0001590,WO-000530,2025-03-04,M06,P05,Assembly mismatch,1,FAIL
QC-0001591,WO-000531,2025-03-05,M01,P03,Material defect,2,FAIL
QC-0001592,WO-000531,2025-03-05,M01,P03,Cosmetic,3,FAIL
QC-0001593,WO-000531,2025-03-05,M01,P03,Surface finish,4,FAIL
QC-0001594,WO-000532,2025-03-05,M01,P02,Surface finish,3,FAIL
QC-0001595,WO-000532,2025-03-05,M01,P02,Material defect,4,FAIL
QC-0001596,WO-000532,2025-03-05,M01,P02,Assembly mismatch,0,PASS
QC-0001597,WO-000533,2025-03-05,M02,P02,Surface finish,3,FAIL
QC-0001598,WO-000533,2025-03-05,M02,P02,Weld porosity,3,FAIL
QC-0001599,WO-000533,2025-03-05,M02,P02,Cosmetic,0,PASS
QC-0001600,WO-000534,2025-03-05,M02,P02,Surface finish,5,FAIL
QC-0001601,WO-000534,2025-03-05,M02,P02,Dimensional,0,PASS
QC-0001602,WO-000534,2025-03-05,M02,P02,Assembly mismatch,1,FAIL
QC-0001603,WO-000535,2025-03-05,M03,P05,Assembly mismatch,5,FAIL
QC-0001604,WO-000535,2025-03-05,M03,P05,Material defect,3,FAIL
QC-0001605,WO-000535,2025-03-05,M03,P05,Dimensional,0,PASS
QC-0001606,WO-000536,2025-03-05,M03,P05,Surface finish,5,FAIL
QC-0001607,WO-000536,2025-03-05,M03,P05,Assembly mismatch,5,FAIL
QC-0001608,WO-000536,2025-03-05,M03,P05,Material defect,0,PASS
QC-0001609,WO-000537,2025-03-05,M04,P04,Weld porosity,4,FAIL
QC-0001610,WO-000537,2025-03-05,M04,P04,Cosmetic,1,FAIL
QC-0001611,WO-000537,2025-03-05,M04,P04,Surface finish,0,PASS
QC-0001612,WO-000538,2025-03-05,M04,P04,Dimensional,3,FAIL
QC-0001613,WO-000538,2025-03-05,M04,P04,Surface finish,3,FAIL
QC-0001614,WO-000538,2025-03-05,M04,P04,Weld porosity,0,PASS
QC-0001615,WO-000539,2025-03-05,M05,P05,Assembly mismatch,5,FAIL
QC-0001616,WO-000539,2025-03-05,M05,P05,Weld porosity,2,FAIL
QC-0001617,WO-000539,2025-03-05,M05,P05,Cosmetic,3,FAIL
QC-0001618,WO-000540,2025-03-05,M05,P01,Dimensional,2,FAIL
QC-0001619,WO-000540,2025-03-05,M05,P01,Material defect,0,PASS
QC-0001620,WO-000540,2025-03-05,M05,P01,Assembly mismatch,2,FAIL
QC-0001621,WO-000541,2025-03-05,M06,P01,Surface finish,2,FAIL
QC-0001622,WO-000541,2025-03-05,M06,P01,Dimensional,2,FAIL
QC-0001623,WO-000541,2025-03-05,M06,P01,Assembly mismatch,2,FAIL
QC-0001624,WO-000542,2025-03-05,M06,P01,Cosmetic,4,FAIL
QC-0001625,WO-000542,2025-03-05,M06,P01,Assembly mismatch,1,FAIL
QC-0001626,WO-000542,2025-03-05,M06,P01,Weld porosity,0,PASS
QC-0001627,WO-000543,2025-03-06,M01,P01,Assembly mismatch,3,FAIL
QC-0001628,WO-000543,2025-03-06,M01,P01,Material defect,1,FAIL
QC-0001629,WO-000543,2025-03-06,M01,P01,Cosmetic,0,PASS
QC-0001630,WO-000544,2025-03-06,M01,P02,Assembly mismatch,3,FAIL
QC-0001631,WO-000544,2025-03-06,M01,P02,Weld porosity,1,FAIL
QC-0001632,WO-000544,2025-03-06,M01,P02,Surface finish,1,FAIL
QC-0001633,WO-000545,2025-03-06,M02,P02,Assembly mismatch,0,PASS
QC-0001634,WO-000545,2025-03-06,M02,P02,Material defect,3,FAIL
QC-0001635,WO-000545,2025-03-06,M02,P02,Surface finish,1,FAIL
QC-0001636,WO-000546,2025-03-06,M02,P05,Assembly mismatch,5,FAIL
QC-0001637,WO-000546,2025-03-06,M02,P05,Cosmetic,2,FAIL
QC-0001638,WO-000546,2025-03-06,M02,P05,Material defect,0,PASS
QC-0001639,WO-000547,2025-03-06,M03,P01,Dimensional,1,FAIL
QC-0001640,WO-000547,2025-03-06,M03,P01,Weld porosity,1,FAIL
QC-0001641,WO-000547,2025-03-06,M03,P01,Material defect,1,FAIL
QC-0001642,WO-000548,2025-03-06,M03,P03,Cosmetic,4,FAIL
QC-0001643,WO-000548,2025-03-06,M03,P03,Material defect,3,FAIL
QC-0001644,WO-000548,2025-03-06,M03,P03,Assembly mismatch,2,FAIL
QC-0001645,WO-000549,2025-03-06,M04,P04,Cosmetic,1,FAIL
QC-0001646,WO-000549,2025-03-06,M04,P04,Weld porosity,0,PASS
QC-0001647,WO-000549,2025-03-06,M04,P04,Surface finish,5,FAIL
QC-0001648,WO-000550,2025-03-06,M04,P03,Weld porosity,4,FAIL
QC-0001649,WO-000550,2025-03-06,M04,P03,Surface finish,0,PASS
QC-0001650,WO-000550,2025-03-06,M04,P03,Dimensional,4,FAIL
QC-0001651,WO-000551,2025-03-06,M05,P05,Dimensional,5,FAIL
QC-0001652,WO-000551,2025-03-06,M05,P05,Material defect,2,FAIL
QC-0001653,WO-000551,2025-03-06,M05,P05,Cosmetic,2,FAIL
QC-0001654,WO-000552,2025-03-06,M05,P06,Dimensional,2,FAIL
QC-0001655,WO-000552,2025-03-06,M05,P06,Cosmetic,2,FAIL
QC-0001656,WO-000552,2025-03-06,M05,P06,Weld porosity,2,FAIL
QC-0001657,WO-000553,2025-03-06,M06,P04,Assembly mismatch,4,FAIL
QC-0001658,WO-000553,2025-03-06,M06,P04,Weld porosity,2,FAIL
QC-0001659,WO-000553,2025-03-06,M06,P04,Surface finish,0,PASS
QC-0001660,WO-000554,2025-03-06,M06,P05,Surface finish,7,FAIL
QC-0001661,WO-000554,2025-03-06,M06,P05,Material defect,3,FAIL
QC-0001662,WO-000554,2025-03-06,M06,P05,Cosmetic,3,FAIL
QC-0001663,WO-000555,2025-03-07,M01,P03,Weld porosity,5,FAIL
QC-0001664,WO-000555,2025-03-07,M01,P03,Dimensional,1,FAIL
QC-0001665,WO-000555,2025-03-07,M01,P03,Material defect,1,FAIL
QC-0001666,WO-000556,2025-03-07,M01,P02,Material defect,5,FAIL
QC-0001667,WO-000556,2025-03-07,M01,P02,Dimensional,0,PASS
QC-0001668,WO-000556,2025-03-07,M01,P02,Assembly mismatch,0,PASS
QC-0001669,WO-000557,2025-03-07,M02,P05,Dimensional,6,FAIL
QC-0001670,WO-000557,2025-03-07,M02,P05,Weld porosity,1,FAIL
QC-0001671,WO-000557,2025-03-07,M02,P05,Cosmetic,3,FAIL
QC-0001672,WO-000558,2025-03-07,M02,P02,Material defect,2,FAIL
QC-0001673,WO-000558,2025-03-07,M02,P02,Cosmetic,2,FAIL
QC-0001674,WO-000558,2025-03-07,M02,P02,Assembly mismatch,1,FAIL
QC-0001675,WO-000559,2025-03-07,M03,P05,Dimensional,4,FAIL
QC-0001676,WO-000559,2025-03-07,M03,P05,Material defect,5,FAIL
QC-0001677,WO-000559,2025-03-07,M03,P05,Cosmetic,1,FAIL
QC-0001678,WO-000560,2025-03-07,M03,P01,Surface finish,3,FAIL
QC-0001679,WO-000560,2025-03-07,M03,P01,Material defect,3,FAIL
QC-0001680,WO-000560,2025-03-07,M03,P01,Dimensional,1,FAIL
QC-0001681,WO-000561,2025-03-07,M04,P06,Weld porosity,2,FAIL
QC-0001682,WO-000561,2025-03-07,M04,P06,Material defect,3,FAIL
QC-0001683,WO-000561,2025-03-07,M04,P06,Assembly mismatch,0,PASS
QC-0001684,WO-000562,2025-03-07,M04,P06,Material defect,5,FAIL
QC-0001685,WO-000562,2025-03-07,M04,P06,Assembly mismatch,0,PASS
QC-0001686,WO-000562,2025-03-07,M04,P06,Weld porosity,1,FAIL
QC-0001687,WO-000563,2025-03-07,M05,P06,Material defect,3,FAIL
QC-0001688,WO-000563,2025-03-07,M05,P06,Assembly mismatch,2,FAIL
QC-0001689,WO-000563,2025-03-07,M05,P06,Weld porosity,1,FAIL
QC-0001690,WO-000564,2025-03-07,M05,P05,Surface finish,6,FAIL
QC-0001691,WO-000564,2025-03-07,M05,P05,Dimensional,3,FAIL
QC-0001692,WO-000564,2025-03-07,M05,P05,Material defect,0,PASS
QC-0001693,WO-000565,2025-03-07,M06,P05,Assembly mismatch,3,FAIL
QC-0001694,WO-000565,2025-03-07,M06,P05,Material defect,7,FAIL
QC-0001695,WO-000565,2025-03-07,M06,P05,Dimensional,3,FAIL
QC-0001696,WO-000566,2025-03-07,M06,P06,Material defect,5,FAIL
QC-0001697,WO-000566,2025-03-07,M06,P06,Dimensional,2,FAIL
QC-0001698,WO-000566,2025-03-07,M06,P06,Surface finish,0,PASS
QC-0001699,WO-000567,2025-03-10,M01,P01,Weld porosity,1,FAIL
QC-0001700,WO-000567,2025-03-10,M01,P01,Dimensional,2,FAIL
QC-0001701,WO-000567,2025-03-10,M01,P01,Assembly mismatch,2,FAIL
QC-0001702,WO-000568,2025-03-10,M01,P03,Dimensional,4,FAIL
QC-0001703,WO-000568,2025-03-10,M01,P03,Weld porosity,3,FAIL
QC-0001704,WO-000568,2025-03-10,M01,P03,Assembly mismatch,2,FAIL
QC-0001705,WO-000569,2025-03-10,M02,P02,Dimensional,3,FAIL
QC-0001706,WO-000569,2025-03-10,M02,P02,Assembly mismatch,3,FAIL
QC-0001707,WO-000569,2025-03-10,M02,P02,Weld porosity,2,FAIL
QC-0001708,WO-000570,2025-03-10,M02,P02,Assembly mismatch,3,FAIL
QC-0001709,WO-000570,2025-03-10,M02,P02,Cosmetic,2,FAIL
QC-0001710,WO-000570,2025-03-10,M02,P02,Surface finish,0,PASS
QC-0001711,WO-000571,2025-03-10,M03,P05,Cosmetic,7,FAIL
QC-0001712,WO-000571,2025-03-10,M03,P05,Assembly mismatch,3,FAIL
QC-0001713,WO-000571,2025-03-10,M03,P05,Dimensional,1,FAIL
QC-0001714,WO-000572,2025-03-10,M03,P01,Dimensional,3,FAIL
QC-0001715,WO-000572,2025-03-10,M03,P01,Weld porosity,2,FAIL
QC-0001716,WO-000572,2025-03-10,M03,P01,Cosmetic,0,PASS
QC-0001717,WO-000573,2025-03-10,M04,P06,Weld porosity,3,FAIL
QC-0001718,WO-000573,2025-03-10,M04,P06,Material defect,0,PASS
QC-0001719,WO-000573,2025-03-10,M04,P06,Surface finish,3,FAIL
QC-0001720,WO-000574,2025-03-10,M04,P06,Weld porosity,4,FAIL
QC-0001721,WO-000574,2025-03-10,M04,P06,Dimensional,2,FAIL
QC-0001722,WO-000574,2025-03-10,M04,P06,Cosmetic,0,PASS
QC-0001723,WO-000575,2025-03-10,M05,P04,Weld porosity,2,FAIL
QC-0001724,WO-000575,2025-03-10,M05,P04,Material defect,3,FAIL
QC-0001725,WO-000575,2025-03-10,M05,P04,Assembly mismatch,0,PASS
QC-0001726,WO-000576,2025-03-10,M06,P05,Assembly mismatch,6,FAIL
QC-0001727,WO-000576,2025-03-10,M06,P05,Cosmetic,1,FAIL
QC-0001728,WO-000576,2025-03-10,M06,P05,Surface finish,1,FAIL
QC-0001729,WO-000577,2025-03-10,M06,P06,Surface finish,2,FAIL
QC-0001730,WO-000577,2025-03-10,M06,P06,Cosmetic,4,FAIL
QC-0001731,WO-000577,2025-03-10,M06,P06,Weld porosity,1,FAIL
QC-0001732,WO-000578,2025-03-11,M01,P01,Surface finish,3,FAIL
QC-0001733,WO-000578,2025-03-11,M01,P01,Assembly mismatch,1,FAIL
QC-0001734,WO-000578,2025-03-11,M01,P01,Cosmetic,1,FAIL
QC-0001735,WO-000579,2025-03-11,M01,P03,Surface finish,8,FAIL
QC-0001736,WO-000579,2025-03-11,M01,P03,Weld porosity,2,FAIL
QC-0001737,WO-000579,2025-03-11,M01,P03,Dimensional,0,PASS
QC-0001738,WO-000580,2025-03-11,M02,P05,Material defect,5,FAIL
QC-0001739,WO-000580,2025-03-11,M02,P05,Dimensional,2,FAIL
QC-0001740,WO-000580,2025-03-11,M02,P05,Cosmetic,4,FAIL
QC-0001741,WO-000581,2025-03-11,M02,P05,Weld porosity,5,FAIL
QC-0001742,WO-000581,2025-03-11,M02,P05,Material defect,2,FAIL
QC-0001743,WO-000581,2025-03-11,M02,P05,Cosmetic,2,FAIL
QC-0001744,WO-000582,2025-03-11,M03,P03,Weld porosity,2,FAIL
QC-0001745,WO-000582,2025-03-11,M03,P03,Dimensional,0,PASS
QC-0001746,WO-000582,2025-03-11,M03,P03,Assembly mismatch,0,PASS
QC-0001747,WO-000583,2025-03-11,M03,P05,Material defect,9,FAIL
QC-0001748,WO-000583,2025-03-11,M03,P05,Surface finish,2,FAIL
QC-0001749,WO-000583,2025-03-11,M03,P05,Weld porosity,1,FAIL
QC-0001750,WO-000584,2025-03-11,M04,P03,Dimensional,6,FAIL
QC-0001751,WO-000584,2025-03-11,M04,P03,Weld porosity,2,FAIL
QC-0001752,WO-000584,2025-03-11,M04,P03,Surface finish,0,PASS
QC-0001753,WO-000585,2025-03-11,M04,P04,Weld porosity,4,FAIL
QC-0001754,WO-000585,2025-03-11,M04,P04,Material defect,1,FAIL
QC-0001755,WO-000585,2025-03-11,M04,P04,Dimensional,0,PASS
QC-0001756,WO-000586,2025-03-11,M05,P06,Cosmetic,4,FAIL
QC-0001757,WO-000586,2025-03-11,M05,P06,Weld porosity,1,FAIL
QC-0001758,WO-000586,2025-03-11,M05,P06,Assembly mismatch,1,FAIL
QC-0001759,WO-000587,2025-03-11,M05,P04,Dimensional,3,FAIL
QC-0001760,WO-000587,2025-03-11,M05,P04,Surface finish,2,FAIL
QC-0001761,WO-000587,2025-03-11,M05,P04,Assembly mismatch,0,PASS
QC-0001762,WO-000588,2025-03-11,M06,P05,Surface finish,7,FAIL
QC-0001763,WO-000588,2025-03-11,M06,P05,Assembly mismatch,2,FAIL
QC-0001764,WO-000588,2025-03-11,M06,P05,Dimensional,1,FAIL
QC-0001765,WO-000589,2025-03-11,M06,P04,Weld porosity,5,FAIL
QC-0001766,WO-000589,2025-03-11,M06,P04,Assembly mismatch,0,PASS
QC-0001767,WO-000589,2025-03-11,M06,P04,Cosmetic,0,PASS
QC-0001768,WO-000590,2025-03-12,M01,P03,Cosmetic,4,FAIL
QC-0001769,WO-000590,2025-03-12,M01,P03,Surface finish,2,FAIL
QC-0001770,WO-000590,2025-03-12,M01,P03,Dimensional,0,PASS
QC-0001771,WO-000591,2025-03-12,M01,P03,Material defect,6,FAIL
QC-0001772,WO-000591,2025-03-12,M01,P03,Assembly mismatch,1,FAIL
QC-0001773,WO-000591,2025-03-12,M01,P03,Surface finish,1,FAIL
QC-0001774,WO-000592,2025-03-12,M02,P05,Surface finish,5,FAIL
QC-0001775,WO-000592,2025-03-12,M02,P05,Assembly mismatch,3,FAIL
QC-0001776,WO-000592,2025-03-12,M02,P05,Material defect,1,FAIL
QC-0001777,WO-000593,2025-03-12,M03,P05,Weld porosity,4,FAIL
QC-0001778,WO-000593,2025-03-12,M03,P05,Assembly mismatch,1,FAIL
QC-0001779,WO-000593,2025-03-12,M03,P05,Cosmetic,2,FAIL
QC-0001780,WO-000594,2025-03-12,M03,P05,Surface finish,4,FAIL
QC-0001781,WO-000594,2025-03-12,M03,P05,Cosmetic,4,FAIL
QC-0001782,WO-000594,2025-03-12,M03,P05,Weld porosity,2,FAIL
QC-0001783,WO-000595,2025-03-12,M04,P03,Weld porosity,5,FAIL
QC-0001784,WO-000595,2025-03-12,M04,P03,Cosmetic,1,FAIL
QC-0001785,WO-000595,2025-03-12,M04,P03,Assembly mismatch,3,FAIL
QC-0001786,WO-000596,2025-03-12,M04,P06,Weld porosity,2,FAIL
QC-0001787,WO-000596,2025-03-12,M04,P06,Assembly mismatch,2,FAIL
QC-0001788,WO-000596,2025-03-12,M04,P06,Surface finish,2,FAIL
QC-0001789,WO-000597,2025-03-12,M05,P04,Assembly mismatch,3,FAIL
QC-0001790,WO-000597,2025-03-12,M05,P04,Weld porosity,2,FAIL
QC-0001791,WO-000597,2025-03-12,M05,P04,Cosmetic,0,PASS
QC-0001792,WO-000598,2025-03-12,M05,P04,Dimensional,3,FAIL
QC-0001793,WO-000598,2025-03-12,M05,P04,Surface finish,2,FAIL
QC-0001794,WO-000598,2025-03-12,M05,P04,Material defect,1,FAIL
QC-0001795,WO-000599,2025-03-12,M06,P01,Cosmetic,1,FAIL
QC-0001796,WO-000599,2025-03-12,M06,P01,Assembly mismatch,2,FAIL
QC-0001797,WO-000599,2025-03-12,M06,P01,Dimensional,1,FAIL
QC-0001798,WO-000600,2025-03-12,M06,P05,Dimensional,9,FAIL
QC-0001799,WO-000600,2025-03-12,M06,P05,Weld porosity,2,FAIL
QC-0001800,WO-000600,2025-03-12,M06,P05,Assembly mismatch,0,PASS
QC-0001801,WO-000601,2025-03-13,M01,P01,Assembly mismatch,3,FAIL
QC-0001802,WO-000601,2025-03-13,M01,P01,Surface finish,0,PASS
QC-0001803,WO-000601,2025-03-13,M01,P01,Weld porosity,1,FAIL
QC-0001804,WO-000602,2025-03-13,M01,P03,Surface finish,6,FAIL
QC-0001805,WO-000602,2025-03-13,M01,P03,Weld porosity,2,FAIL
QC-0001806,WO-000602,2025-03-13,M01,P03,Material defect,1,FAIL
QC-0001807,WO-000603,2025-03-13,M02,P02,Material defect,6,FAIL
QC-0001808,WO-000603,2025-03-13,M02,P02,Assembly mismatch,1,FAIL
QC-0001809,WO-000603,2025-03-13,M02,P02,Cosmetic,0,PASS
QC-0001810,WO-000604,2025-03-13,M02,P02,Assembly mismatch,4,FAIL
QC-0001811,WO-000604,2025-03-13,M02,P02,Material defect,2,FAIL
QC-0001812,WO-000604,2025-03-13,M02,P02,Surface finish,1,FAIL
QC-0001813,WO-000605,2025-03-13,M03,P03,Dimensional,4,FAIL
QC-0001814,WO-000605,2025-03-13,M03,P03,Material defect,0,PASS
QC-0001815,WO-000605,2025-03-13,M03,P03,Surface finish,0,PASS
QC-0001816,WO-000606,2025-03-13,M03,P03,Assembly mismatch,5,FAIL
QC-0001817,WO-000606,2025-03-13,M03,P03,Cosmetic,3,FAIL
QC-0001818,WO-000606,2025-03-13,M03,P03,Dimensional,0,PASS
QC-0001819,WO-000607,2025-03-13,M04,P03,Weld porosity,5,FAIL
QC-0001820,WO-000607,2025-03-13,M04,P03,Assembly mismatch,4,FAIL
QC-0001821,WO-000607,2025-03-13,M04,P03,Dimensional,0,PASS
QC-0001822,WO-000608,2025-03-13,M04,P04,Weld porosity,5,FAIL
QC-0001823,WO-000608,2025-03-13,M04,P04,Cosmetic,1,FAIL
QC-0001824,WO-000608,2025-03-13,M04,P04,Dimensional,0,PASS
QC-0001825,WO-000609,2025-03-13,M05,P01,Dimensional,4,FAIL
QC-0001826,WO-000609,2025-03-13,M05,P01,Assembly mismatch,0,PASS
QC-0001827,WO-000609,2025-03-13,M05,P01,Weld porosity,1,FAIL
QC-0001828,WO-000610,2025-03-13,M05,P04,Cosmetic,4,FAIL
QC-0001829,WO-000610,2025-03-13,M05,P04,Dimensional,0,PASS
QC-0001830,WO-000610,2025-03-13,M05,P04,Material defect,1,FAIL
QC-0001831,WO-000611,2025-03-13,M06,P06,Surface finish,5,FAIL
QC-0001832,WO-000611,2025-03-13,M06,P06,Assembly mismatch,1,FAIL
QC-0001833,WO-000611,2025-03-13,M06,P06,Material defect,1,FAIL
QC-0001834,WO-000612,2025-03-13,M06,P05,Cosmetic,7,FAIL
QC-0001835,WO-000612,2025-03-13,M06,P05,Surface finish,3,FAIL
QC-0001836,WO-000612,2025-03-13,M06,P05,Dimensional,0,PASS
QC-0001837,WO-000613,2025-03-14,M01,P02,Assembly mismatch,2,FAIL
QC-0001838,WO-000613,2025-03-14,M01,P02,Material defect,3,FAIL
QC-0001839,WO-000613,2025-03-14,M01,P02,Dimensional,0,PASS
QC-0001840,WO-000614,2025-03-14,M01,P01,Assembly mismatch,3,FAIL
QC-0001841,WO-000614,2025-03-14,M01,P01,Cosmetic,3,FAIL
QC-0001842,WO-000614,2025-03-14,M01,P01,Weld porosity,0,PASS
QC-0001843,WO-000615,2025-03-14,M02,P02,Dimensional,2,FAIL
QC-0001844,WO-000615,2025-03-14,M02,P02,Surface finish,2,FAIL
QC-0001845,WO-000615,2025-03-14,M02,P02,Material defect,1,FAIL
QC-0001846,WO-000616,2025-03-14,M02,P05,Assembly mismatch,9,FAIL
QC-0001847,WO-000616,2025-03-14,M02,P05,Dimensional,1,FAIL
QC-0001848,WO-000616,2025-03-14,M02,P05,Surface finish,0,PASS
QC-0001849,WO-000617,2025-03-14,M03,P05,Cosmetic,7,FAIL
QC-0001850,WO-000617,2025-03-14,M03,P05,Weld porosity,4,FAIL
QC-0001851,WO-000617,2025-03-14,M03,P05,Material defect,1,FAIL
QC-0001852,WO-000618,2025-03-14,M04,P04,Assembly mismatch,2,FAIL
QC-0001853,WO-000618,2025-03-14,M04,P04,Material defect,1,FAIL
QC-0001854,WO-000618,2025-03-14,M04,P04,Weld porosity,3,FAIL
QC-0001855,WO-000619,2025-03-14,M04,P03,Weld porosity,8,FAIL
QC-0001856,WO-000619,2025-03-14,M04,P03,Surface finish,2,FAIL
QC-0001857,WO-000619,2025-03-14,M04,P03,Material defect,1,FAIL
QC-0001858,WO-000620,2025-03-14,M05,P06,Dimensional,4,FAIL
QC-0001859,WO-000620,2025-03-14,M05,P06,Surface finish,2,FAIL
QC-0001860,WO-000620,2025-03-14,M05,P06,Weld porosity,1,FAIL
QC-0001861,WO-000621,2025-03-14,M05,P01,Cosmetic,1,FAIL
QC-0001862,WO-000621,2025-03-14,M05,P01,Dimensional,4,FAIL
QC-0001863,WO-000621,2025-03-14,M05,P01,Material defect,0,PASS
QC-0001864,WO-000622,2025-03-14,M06,P04,Dimensional,2,FAIL
QC-0001865,WO-000622,2025-03-14,M06,P04,Assembly mismatch,2,FAIL
QC-0001866,WO-000622,2025-03-14,M06,P04,Cosmetic,0,PASS
QC-0001867,WO-000623,2025-03-14,M06,P06,Dimensional,3,FAIL
QC-0001868,WO-000623,2025-03-14,M06,P06,Material defect,4,FAIL
QC-0001869,WO-000623,2025-03-14,M06,P06,Weld porosity,0,PASS
QC-0001870,WO-000624,2025-03-17,M01,P02,Assembly mismatch,3,FAIL
QC-0001871,WO-000624,2025-03-17,M01,P02,Weld porosity,2,FAIL
QC-0001872,WO-000624,2025-03-17,M01,P02,Material defect,1,FAIL
QC-0001873,WO-000625,2025-03-17,M01,P02,Dimensional,3,FAIL
QC-0001874,WO-000625,2025-03-17,M01,P02,Assembly mismatch,2,FAIL
QC-0001875,WO-000625,2025-03-17,M01,P02,Weld porosity,1,FAIL
QC-0001876,WO-000626,2025-03-17,M02,P02,Cosmetic,4,FAIL
QC-0001877,WO-000626,2025-03-17,M02,P02,Weld porosity,2,FAIL
QC-0001878,WO-000626,2025-03-17,M02,P02,Material defect,0,PASS
QC-0001879,WO-000627,2025-03-17,M02,P02,Assembly mismatch,3,FAIL
QC-0001880,WO-000627,2025-03-17,M02,P02,Weld porosity,1,FAIL
QC-0001881,WO-000627,2025-03-17,M02,P02,Material defect,2,FAIL
QC-0001882,WO-000628,2025-03-17,M03,P03,Dimensional,2,FAIL
QC-0001883,WO-000628,2025-03-17,M03,P03,Weld porosity,3,FAIL
QC-0001884,WO-000628,2025-03-17,M03,P03,Cosmetic,0,PASS
QC-0001885,WO-000629,2025-03-17,M03,P03,Cosmetic,5,FAIL
QC-0001886,WO-000629,2025-03-17,M03,P03,Surface finish,4,FAIL
QC-0001887,WO-000629,2025-03-17,M03,P03,Assembly mismatch,3,FAIL
QC-0001888,WO-000630,2025-03-17,M04,P06,Weld porosity,4,FAIL
QC-0001889,WO-000630,2025-03-17,M04,P06,Material defect,2,FAIL
QC-0001890,WO-000630,2025-03-17,M04,P06,Assembly mismatch,0,PASS
QC-0001891,WO-000631,2025-03-17,M04,P03,Surface finish,5,FAIL
QC-0001892,WO-000631,2025-03-17,M04,P03,Weld porosity,1,FAIL
QC-0001893,WO-000631,2025-03-17,M04,P03,Assembly mismatch,2,FAIL
QC-0001894,WO-000632,2025-03-17,M05,P04,Weld porosity,3,FAIL
QC-0001895,WO-000632,2025-03-17,M05,P04,Material defect,1,FAIL
QC-0001896,WO-000632,2025-03-17,M05,P04,Dimensional,1,FAIL
QC-0001897,WO-000633,2025-03-17,M05,P01,Surface finish,5,FAIL
QC-0001898,WO-000633,2025-03-17,M05,P01,Weld porosity,0,PASS
QC-0001899,WO-000633,2025-03-17,M05,P01,Dimensional,1,FAIL
QC-0001900,WO-000634,2025-03-17,M06,P01,Cosmetic,5,FAIL
QC-0001901,WO-000634,2025-03-17,M06,P01,Surface finish,3,FAIL
QC-0001902,WO-000634,2025-03-17,M06,P01,Weld porosity,0,PASS
QC-0001903,WO-000635,2025-03-17,M06,P05,Assembly mismatch,11,FAIL
QC-0001904,WO-000635,2025-03-17,M06,P05,Cosmetic,1,FAIL
QC-0001905,WO-000635,2025-03-17,M06,P05,Weld porosity,3,FAIL
QC-0001906,WO-000636,2025-03-18,M01,P01,Cosmetic,2,FAIL
QC-0001907,WO-000636,2025-03-18,M01,P01,Surface finish,0,PASS
QC-0001908,WO-000636,2025-03-18,M01,P01,Weld porosity,3,FAIL
QC-0001909,WO-000637,2025-03-18,M01,P03,Surface finish,4,FAIL
QC-0001910,WO-000637,2025-03-18,M01,P03,Material defect,4,FAIL
QC-0001911,WO-000637,2025-03-18,M01,P03,Weld porosity,0,PASS
QC-0001912,WO-000638,2025-03-18,M02,P02,Dimensional,5,FAIL
QC-0001913,WO-000638,2025-03-18,M02,P02,Weld porosity,1,FAIL
QC-0001914,WO-000638,2025-03-18,M02,P02,Cosmetic,0,PASS
QC-0001915,WO-000639,2025-03-18,M02,P01,Weld porosity,3,FAIL
QC-0001916,WO-000639,2025-03-18,M02,P01,Assembly mismatch,0,PASS
QC-0001917,WO-000639,2025-03-18,M02,P01,Dimensional,2,FAIL
QC-0001918,WO-000640,2025-03-18,M03,P01,Material defect,4,FAIL
QC-0001919,WO-000640,2025-03-18,M03,P01,Surface finish,1,FAIL
QC-0001920,WO-000640,2025-03-18,M03,P01,Cosmetic,0,PASS
QC-0001921,WO-000641,2025-03-18,M03,P03,Assembly mismatch,4,FAIL
QC-0001922,WO-000641,2025-03-18,M03,P03,Dimensional,4,FAIL
QC-0001923,WO-000641,2025-03-18,M03,P03,Cosmetic,0,PASS
QC-0001924,WO-000642,2025-03-18,M04,P06,Weld porosity,5,FAIL
QC-0001925,WO-000642,2025-03-18,M04,P06,Material defect,0,PASS
QC-0001926,WO-000642,2025-03-18,M04,P06,Assembly mismatch,1,FAIL
QC-0001927,WO-000643,2025-03-18,M04,P06,Weld porosity,4,FAIL
QC-0001928,WO-000643,2025-03-18,M04,P06,Surface finish,2,FAIL
QC-0001929,WO-000643,2025-03-18,M04,P06,Assembly mismatch,1,FAIL
QC-0001930,WO-000644,2025-03-18,M05,P04,Surface finish,3,FAIL
QC-0001931,WO-000644,2025-03-18,M05,P04,Material defect,4,FAIL
QC-0001932,WO-000644,2025-03-18,M05,P04,Weld porosity,0,PASS
QC-0001933,WO-000645,2025-03-18,M05,P06,Surface finish,3,FAIL
QC-0001934,WO-000645,2025-03-18,M05,P06,Cosmetic,1,FAIL
QC-0001935,WO-000645,2025-03-18,M05,P06,Material defect,2,FAIL
QC-0001936,WO-000646,2025-03-18,M06,P04,Weld porosity,3,FAIL
QC-0001937,WO-000646,2025-03-18,M06,P04,Cosmetic,1,FAIL
QC-0001938,WO-000646,2025-03-18,M06,P04,Assembly mismatch,2,FAIL
QC-0001939,WO-000647,2025-03-18,M06,P01,Material defect,3,FAIL
QC-0001940,WO-000647,2025-03-18,M06,P01,Dimensional,3,FAIL
QC-0001941,WO-000647,2025-03-18,M06,P01,Weld porosity,0,PASS
QC-0001942,WO-000648,2025-03-19,M01,P03,Weld porosity,3,FAIL
QC-0001943,WO-000648,2025-03-19,M01,P03,Cosmetic,1,FAIL
QC-0001944,WO-000648,2025-03-19,M01,P03,Surface finish,1,FAIL
QC-0001945,WO-000649,2025-03-19,M01,P01,Assembly mismatch,3,FAIL
QC-0001946,WO-000649,2025-03-19,M01,P01,Weld porosity,1,FAIL
QC-0001947,WO-000649,2025-03-19,M01,P01,Surface finish,1,FAIL
QC-0001948,WO-000650,2025-03-19,M02,P02,Cosmetic,2,FAIL
QC-0001949,WO-000650,2025-03-19,M02,P02,Dimensional,1,FAIL
QC-0001950,WO-000650,2025-03-19,M02,P02,Weld porosity,2,FAIL
QC-0001951,WO-000651,2025-03-19,M02,P01,Material defect,2,FAIL
QC-0001952,WO-000651,2025-03-19,M02,P01,Assembly mismatch,1,FAIL
QC-0001953,WO-000651,2025-03-19,M02,P01,Dimensional,2,FAIL
QC-0001954,WO-000652,2025-03-19,M03,P05,Assembly mismatch,8,FAIL
QC-0001955,WO-000652,2025-03-19,M03,P05,Dimensional,1,FAIL
QC-0001956,WO-000652,2025-03-19,M03,P05,Cosmetic,1,FAIL
QC-0001957,WO-000653,2025-03-19,M03,P03,Cosmetic,6,FAIL
QC-0001958,WO-000653,2025-03-19,M03,P03,Dimensional,3,FAIL
QC-0001959,WO-000653,2025-03-19,M03,P03,Surface finish,3,FAIL
QC-0001960,WO-000654,2025-03-19,M04,P04,Weld porosity,2,FAIL
QC-0001961,WO-000654,2025-03-19,M04,P04,Cosmetic,1,FAIL
QC-0001962,WO-000654,2025-03-19,M04,P04,Surface finish,2,FAIL
QC-0001963,WO-000655,2025-03-19,M04,P06,Weld porosity,3,FAIL
QC-0001964,WO-000655,2025-03-19,M04,P06,Surface finish,0,PASS
QC-0001965,WO-000655,2025-03-19,M04,P06,Assembly mismatch,2,FAIL
QC-0001966,WO-000656,2025-03-19,M05,P06,Surface finish,4,FAIL
QC-0001967,WO-000656,2025-03-19,M05,P06,Weld porosity,1,FAIL
QC-0001968,WO-000656,2025-03-19,M05,P06,Assembly mismatch,1,FAIL
QC-0001969,WO-000657,2025-03-19,M05,P01,Assembly mismatch,5,FAIL
QC-0001970,WO-000657,2025-03-19,M05,P01,Cosmetic,1,FAIL
QC-0001971,WO-000657,2025-03-19,M05,P01,Surface finish,1,FAIL
QC-0001972,WO-000658,2025-03-19,M06,P01,Assembly mismatch,3,FAIL
QC-0001973,WO-000658,2025-03-19,M06,P01,Surface finish,2,FAIL
QC-0001974,WO-000658,2025-03-19,M06,P01,Weld porosity,0,PASS
QC-0001975,WO-000659,2025-03-19,M06,P01,Weld porosity,3,FAIL
QC-0001976,WO-000659,2025-03-19,M06,P01,Assembly mismatch,1,FAIL
QC-0001977,WO-000659,2025-03-19,M06,P01,Dimensional,2,FAIL
QC-0001978,WO-000660,2025-03-20,M01,P02,Dimensional,3,FAIL
QC-0001979,WO-000660,2025-03-20,M01,P02,Surface finish,2,FAIL
QC-0001980,WO-000660,2025-03-20,M01,P02,Weld porosity,0,PASS
QC-0001981,WO-000661,2025-03-20,M01,P03,Cosmetic,5,FAIL
QC-0001982,WO-000661,2025-03-20,M01,P03,Assembly mismatch,0,PASS
QC-0001983,WO-000661,2025-03-20,M01,P03,Weld porosity,1,FAIL
QC-0001984,WO-000662,2025-03-20,M02,P05,Dimensional,5,FAIL
QC-0001985,WO-000662,2025-03-20,M02,P05,Surface finish,3,FAIL
QC-0001986,WO-000662,2025-03-20,M02,P05,Weld porosity,2,FAIL
QC-0001987,WO-000663,2025-03-20,M02,P02,Cosmetic,2,FAIL
QC-0001988,WO-000663,2025-03-20,M02,P02,Surface finish,2,FAIL
QC-0001989,WO-000663,2025-03-20,M02,P02,Assembly mismatch,2,FAIL
QC-0001990,WO-000664,2025-03-20,M03,P01,Cosmetic,4,FAIL
QC-0001991,WO-000664,2025-03-20,M03,P01,Assembly mismatch,0,PASS
QC-0001992,WO-000664,2025-03-20,M03,P01,Weld porosity,1,FAIL
QC-0001993,WO-000665,2025-03-20,M03,P03,Dimensional,5,FAIL
QC-0001994,WO-000665,2025-03-20,M03,P03,Weld porosity,1,FAIL
QC-0001995,WO-000665,2025-03-20,M03,P03,Material defect,2,FAIL
QC-0001996,WO-000666,2025-03-20,M04,P04,Weld porosity,2,FAIL
QC-0001997,WO-000666,2025-03-20,M04,P04,Dimensional,2,FAIL
QC-0001998,WO-000666,2025-03-20,M04,P04,Surface finish,0,PASS
QC-0001999,WO-000667,2025-03-20,M04,P03,Weld porosity,5,FAIL
QC-0002000,WO-000667,2025-03-20,M04,P03,Surface finish,1,FAIL
QC-0002001,WO-000667,2025-03-20,M04,P03,Assembly mismatch,2,FAIL
QC-0002002,WO-000668,2025-03-20,M05,P05,Cosmetic,2,FAIL
QC-0002003,WO-000668,2025-03-20,M05,P05,Weld porosity,3,FAIL
QC-0002004,WO-000668,2025-03-20,M05,P05,Material defect,2,FAIL
QC-0002005,WO-000669,2025-03-20,M05,P06,Weld porosity,6,FAIL
QC-0002006,WO-000669,2025-03-20,M05,P06,Material defect,1,FAIL
QC-0002007,WO-000669,2025-03-20,M05,P06,Assembly mismatch,0,PASS
QC-0002008,WO-000670,2025-03-20,M06,P06,Dimensional,3,FAIL
QC-0002009,WO-000670,2025-03-20,M06,P06,Cosmetic,1,FAIL
QC-0002010,WO-000670,2025-03-20,M06,P06,Weld porosity,2,FAIL
QC-0002011,WO-000671,2025-03-20,M06,P06,Weld porosity,5,FAIL
QC-0002012,WO-000671,2025-03-20,M06,P06,Material defect,1,FAIL
QC-0002013,WO-000671,2025-03-20,M06,P06,Cosmetic,0,PASS
QC-0002014,WO-000672,2025-03-21,M01,P01,Assembly mismatch,1,FAIL
QC-0002015,WO-000672,2025-03-21,M01,P01,Dimensional,1,FAIL
QC-0002016,WO-000672,2025-03-21,M01,P01,Material defect,2,FAIL
QC-0002017,WO-000673,2025-03-21,M01,P03,Weld porosity,8,FAIL
QC-0002018,WO-000673,2025-03-21,M01,P03,Surface finish,1,FAIL
QC-0002019,WO-000673,2025-03-21,M01,P03,Cosmetic,1,FAIL
QC-0002020,WO-000674,2025-03-21,M02,P01,Assembly mismatch,2,FAIL
QC-0002021,WO-000674,2025-03-21,M02,P01,Weld porosity,0,PASS
QC-0002022,WO-000674,2025-03-21,M02,P01,Dimensional,0,PASS
QC-0002023,WO-000675,2025-03-21,M02,P01,Surface finish,2,FAIL
QC-0002024,WO-000675,2025-03-21,M02,P01,Weld porosity,1,FAIL
QC-0002025,WO-000675,2025-03-21,M02,P01,Cosmetic,3,FAIL
QC-0002026,WO-000676,2025-03-21,M03,P01,Dimensional,4,FAIL
QC-0002027,WO-000676,2025-03-21,M03,P01,Material defect,2,FAIL
QC-0002028,WO-000676,2025-03-21,M03,P01,Weld porosity,0,PASS
QC-0002029,WO-000677,2025-03-21,M03,P03,Weld porosity,5,FAIL
QC-0002030,WO-000677,2025-03-21,M03,P03,Dimensional,1,FAIL
QC-0002031,WO-000677,2025-03-21,M03,P03,Surface finish,1,FAIL
QC-0002032,WO-000678,2025-03-21,M04,P04,Weld porosity,4,FAIL
QC-0002033,WO-000678,2025-03-21,M04,P04,Dimensional,0,PASS
QC-0002034,WO-000678,2025-03-21,M04,P04,Material defect,0,PASS
QC-0002035,WO-000679,2025-03-21,M04,P03,Weld porosity,3,FAIL
QC-0002036,WO-000679,2025-03-21,M04,P03,Assembly mismatch,5,FAIL
QC-0002037,WO-000679,2025-03-21,M04,P03,Cosmetic,0,PASS
QC-0002038,WO-000680,2025-03-21,M05,P05,Weld porosity,5,FAIL
QC-0002039,WO-000680,2025-03-21,M05,P05,Dimensional,2,FAIL
QC-0002040,WO-000680,2025-03-21,M05,P05,Surface finish,1,FAIL
QC-0002041,WO-000681,2025-03-21,M05,P05,Dimensional,4,FAIL
QC-0002042,WO-000681,2025-03-21,M05,P05,Assembly mismatch,4,FAIL
QC-0002043,WO-000681,2025-03-21,M05,P05,Surface finish,3,FAIL
QC-0002044,WO-000682,2025-03-21,M06,P06,Material defect,4,FAIL
QC-0002045,WO-000682,2025-03-21,M06,P06,Weld porosity,3,FAIL
QC-0002046,WO-000682,2025-03-21,M06,P06,Dimensional,0,PASS
QC-0002047,WO-000683,2025-03-21,M06,P01,Assembly mismatch,3,FAIL
QC-0002048,WO-000683,2025-03-21,M06,P01,Material defect,0,PASS
QC-0002049,WO-000683,2025-03-21,M06,P01,Dimensional,3,FAIL
QC-0002050,WO-000684,2025-03-24,M01,P02,Cosmetic,4,FAIL
QC-0002051,WO-000684,2025-03-24,M01,P02,Assembly mismatch,1,FAIL
QC-0002052,WO-000684,2025-03-24,M01,P02,Weld porosity,1,FAIL
QC-0002053,WO-000685,2025-03-24,M01,P02,Weld porosity,3,FAIL
QC-0002054,WO-000685,2025-03-24,M01,P02,Cosmetic,3,FAIL
QC-0002055,WO-000685,2025-03-24,M01,P02,Dimensional,1,FAIL
QC-0002056,WO-000686,2025-03-24,M02,P05,Material defect,2,FAIL
QC-0002057,WO-000686,2025-03-24,M02,P05,Surface finish,6,FAIL
QC-0002058,WO-000686,2025-03-24,M02,P05,Dimensional,2,FAIL
QC-0002059,WO-000687,2025-03-24,M02,P05,Dimensional,8,FAIL
QC-0002060,WO-000687,2025-03-24,M02,P05,Assembly mismatch,3,FAIL
QC-0002061,WO-000687,2025-03-24,M02,P05,Cosmetic,0,PASS
QC-0002062,WO-000688,2025-03-24,M03,P05,Dimensional,4,FAIL
QC-0002063,WO-000688,2025-03-24,M03,P05,Weld porosity,1,FAIL
QC-0002064,WO-000688,2025-03-24,M03,P05,Surface finish,1,FAIL
QC-0002065,WO-000689,2025-03-24,M03,P03,Weld porosity,7,FAIL
QC-0002066,WO-000689,2025-03-24,M03,P03,Surface finish,3,FAIL
QC-0002067,WO-000689,2025-03-24,M03,P03,Material defect,0,PASS
QC-0002068,WO-000690,2025-03-24,M04,P04,Material defect,5,FAIL
QC-0002069,WO-000690,2025-03-24,M04,P04,Weld porosity,0,PASS
QC-0002070,WO-000690,2025-03-24,M04,P04,Cosmetic,1,FAIL
QC-0002071,WO-000691,2025-03-24,M04,P03,Weld porosity,5,FAIL
QC-0002072,WO-000691,2025-03-24,M04,P03,Cosmetic,2,FAIL
QC-0002073,WO-000691,2025-03-24,M04,P03,Dimensional,2,FAIL
QC-0002074,WO-000692,2025-03-24,M05,P05,Material defect,4,FAIL
QC-0002075,WO-000692,2025-03-24,M05,P05,Assembly mismatch,3,FAIL
QC-0002076,WO-000692,2025-03-24,M05,P05,Weld porosity,3,FAIL
QC-0002077,WO-000693,2025-03-24,M05,P05,Dimensional,2,FAIL
QC-0002078,WO-000693,2025-03-24,M05,P05,Cosmetic,1,FAIL
QC-0002079,WO-000693,2025-03-24,M05,P05,Assembly mismatch,2,FAIL
QC-0002080,WO-000694,2025-03-24,M06,P04,Assembly mismatch,3,FAIL
QC-0002081,WO-000694,2025-03-24,M06,P04,Material defect,0,PASS
QC-0002082,WO-000694,2025-03-24,M06,P04,Cosmetic,1,FAIL
QC-0002083,WO-000695,2025-03-24,M06,P01,Dimensional,4,FAIL
QC-0002084,WO-000695,2025-03-24,M06,P01,Weld porosity,2,FAIL
QC-0002085,WO-000695,2025-03-24,M06,P01,Surface finish,0,PASS
QC-0002086,WO-000696,2025-03-25,M01,P02,Dimensional,5,FAIL
QC-0002087,WO-000696,2025-03-25,M01,P02,Surface finish,0,PASS
QC-0002088,WO-000696,2025-03-25,M01,P02,Material defect,0,PASS
QC-0002089,WO-000697,2025-03-25,M01,P01,Dimensional,1,FAIL
QC-0002090,WO-000697,2025-03-25,M01,P01,Cosmetic,3,FAIL
QC-0002091,WO-000697,2025-03-25,M01,P01,Assembly mismatch,1,FAIL
QC-0002092,WO-000698,2025-03-25,M02,P01,Surface finish,1,FAIL
QC-0002093,WO-000698,2025-03-25,M02,P01,Weld porosity,1,FAIL
QC-0002094,WO-000698,2025-03-25,M02,P01,Dimensional,1,FAIL
QC-0002095,WO-000699,2025-03-25,M02,P01,Surface finish,1,FAIL
QC-0002096,WO-000699,2025-03-25,M02,P01,Material defect,1,FAIL
QC-0002097,WO-000699,2025-03-25,M02,P01,Assembly mismatch,3,FAIL
QC-0002098,WO-000700,2025-03-25,M03,P05,Surface finish,6,FAIL
QC-0002099,WO-000700,2025-03-25,M03,P05,Dimensional,2,FAIL
QC-0002100,WO-000700,2025-03-25,M03,P05,Weld porosity,2,FAIL
QC-0002101,WO-000701,2025-03-25,M03,P03,Weld porosity,5,FAIL
QC-0002102,WO-000701,2025-03-25,M03,P03,Surface finish,1,FAIL
QC-0002103,WO-000701,2025-03-25,M03,P03,Material defect,0,PASS
QC-0002104,WO-000702,2025-03-25,M04,P04,Weld porosity,3,FAIL
QC-0002105,WO-000702,2025-03-25,M04,P04,Cosmetic,2,FAIL
QC-0002106,WO-000702,2025-03-25,M04,P04,Dimensional,0,PASS
QC-0002107,WO-000703,2025-03-25,M04,P04,Cosmetic,2,FAIL
QC-0002108,WO-000703,2025-03-25,M04,P04,Surface finish,2,FAIL
QC-0002109,WO-000703,2025-03-25,M04,P04,Weld porosity,1,FAIL
QC-0002110,WO-000704,2025-03-25,M05,P05,Assembly mismatch,4,FAIL
QC-0002111,WO-000704,2025-03-25,M05,P05,Cosmetic,3,FAIL
QC-0002112,WO-000704,2025-03-25,M05,P05,Material defect,2,FAIL
QC-0002113,WO-000705,2025-03-25,M05,P01,Cosmetic,1,FAIL
QC-0002114,WO-000705,2025-03-25,M05,P01,Dimensional,3,FAIL
QC-0002115,WO-000705,2025-03-25,M05,P01,Material defect,0,PASS
QC-0002116,WO-000706,2025-03-25,M06,P04,Dimensional,2,FAIL
QC-0002117,WO-000706,2025-03-25,M06,P04,Weld porosity,2,FAIL
QC-0002118,WO-000706,2025-03-25,M06,P04,Material defect,2,FAIL
QC-0002119,WO-000707,2025-03-25,M06,P01,Weld porosity,3,FAIL
QC-0002120,WO-000707,2025-03-25,M06,P01,Surface finish,2,FAIL
QC-0002121,WO-000707,2025-03-25,M06,P01,Assembly mismatch,0,PASS
QC-0002122,WO-000708,2025-03-26,M01,P03,Weld porosity,5,FAIL
QC-0002123,WO-000708,2025-03-26,M01,P03,Dimensional,1,FAIL
QC-0002124,WO-000708,2025-03-26,M01,P03,Assembly mismatch,0,PASS
QC-0002125,WO-000709,2025-03-26,M01,P02,Material defect,2,FAIL
QC-0002126,WO-000709,2025-03-26,M01,P02,Surface finish,5,FAIL
QC-0002127,WO-000709,2025-03-26,M01,P02,Cosmetic,0,PASS
QC-0002128,WO-000710,2025-03-26,M02,P02,Cosmetic,3,FAIL
QC-0002129,WO-000710,2025-03-26,M02,P02,Surface finish,1,FAIL
QC-0002130,WO-000710,2025-03-26,M02,P02,Assembly mismatch,1,FAIL
QC-0002131,WO-000711,2025-03-26,M02,P02,Material defect,3,FAIL
QC-0002132,WO-000711,2025-03-26,M02,P02,Surface finish,2,FAIL
QC-0002133,WO-000711,2025-03-26,M02,P02,Assembly mismatch,2,FAIL
QC-0002134,WO-000712,2025-03-26,M03,P01,Surface finish,4,FAIL
QC-0002135,WO-000712,2025-03-26,M03,P01,Assembly mismatch,1,FAIL
QC-0002136,WO-000712,2025-03-26,M03,P01,Weld porosity,0,PASS
QC-0002137,WO-000713,2025-03-26,M03,P03,Dimensional,6,FAIL
QC-0002138,WO-000713,2025-03-26,M03,P03,Assembly mismatch,3,FAIL
QC-0002139,WO-000713,2025-03-26,M03,P03,Cosmetic,1,FAIL
QC-0002140,WO-000714,2025-03-26,M04,P03,Weld porosity,6,FAIL
QC-0002141,WO-000714,2025-03-26,M04,P03,Dimensional,4,FAIL
QC-0002142,WO-000714,2025-03-26,M04,P03,Cosmetic,1,FAIL
QC-0002143,WO-000715,2025-03-26,M04,P04,Weld porosity,1,FAIL
QC-0002144,WO-000715,2025-03-26,M04,P04,Assembly mismatch,3,FAIL
QC-0002145,WO-000715,2025-03-26,M04,P04,Surface finish,1,FAIL
QC-0002146,WO-000716,2025-03-26,M05,P04,Dimensional,2,FAIL
QC-0002147,WO-000716,2025-03-26,M05,P04,Assembly mismatch,2,FAIL
QC-0002148,WO-000716,2025-03-26,M05,P04,Cosmetic,1,FAIL
QC-0002149,WO-000717,2025-03-26,M05,P04,Material defect,1,FAIL
QC-0002150,WO-000717,2025-03-26,M05,P04,Weld porosity,1,FAIL
QC-0002151,WO-000717,2025-03-26,M05,P04,Surface finish,1,FAIL
QC-0002152,WO-000718,2025-03-26,M06,P04,Dimensional,2,FAIL
QC-0002153,WO-000718,2025-03-26,M06,P04,Material defect,1,FAIL
QC-0002154,WO-000718,2025-03-26,M06,P04,Weld porosity,0,PASS
QC-0002155,WO-000719,2025-03-26,M06,P06,Dimensional,3,FAIL
QC-0002156,WO-000719,2025-03-26,M06,P06,Cosmetic,3,FAIL
QC-0002157,WO-000719,2025-03-26,M06,P06,Material defect,0,PASS
QC-0002158,WO-000720,2025-03-27,M01,P03,Material defect,7,FAIL
QC-0002159,WO-000720,2025-03-27,M01,P03,Surface finish,3,FAIL
QC-0002160,WO-000720,2025-03-27,M01,P03,Cosmetic,1,FAIL
QC-0002161,WO-000721,2025-03-27,M01,P03,Surface finish,4,FAIL
QC-0002162,WO-000721,2025-03-27,M01,P03,Assembly mismatch,5,FAIL
QC-0002163,WO-000721,2025-03-27,M01,P03,Material defect,1,FAIL
QC-0002164,WO-000722,2025-03-27,M02,P05,Dimensional,4,FAIL
QC-0002165,WO-000722,2025-03-27,M02,P05,Weld porosity,1,FAIL
QC-0002166,WO-000722,2025-03-27,M02,P05,Cosmetic,3,FAIL
QC-0002167,WO-000723,2025-03-27,M02,P05,Dimensional,5,FAIL
QC-0002168,WO-000723,2025-03-27,M02,P05,Cosmetic,4,FAIL
QC-0002169,WO-000723,2025-03-27,M02,P05,Surface finish,0,PASS
QC-0002170,WO-000724,2025-03-27,M03,P01,Material defect,4,FAIL
QC-0002171,WO-000724,2025-03-27,M03,P01,Surface finish,0,PASS
QC-0002172,WO-000724,2025-03-27,M03,P01,Assembly mismatch,1,FAIL
QC-0002173,WO-000725,2025-03-27,M03,P01,Surface finish,2,FAIL
QC-0002174,WO-000725,2025-03-27,M03,P01,Weld porosity,3,FAIL
QC-0002175,WO-000725,2025-03-27,M03,P01,Material defect,2,FAIL
QC-0002176,WO-000726,2025-03-27,M04,P03,Weld porosity,6,FAIL
QC-0002177,WO-000726,2025-03-27,M04,P03,Dimensional,2,FAIL
QC-0002178,WO-000726,2025-03-27,M04,P03,Cosmetic,0,PASS
QC-0002179,WO-000727,2025-03-27,M04,P06,Weld porosity,5,FAIL
QC-0002180,WO-000727,2025-03-27,M04,P06,Assembly mismatch,0,PASS
QC-0002181,WO-000727,2025-03-27,M04,P06,Surface finish,1,FAIL
QC-0002182,WO-000728,2025-03-27,M05,P04,Cosmetic,0,PASS
QC-0002183,WO-000728,2025-03-27,M05,P04,Weld porosity,2,FAIL
QC-0002184,WO-000728,2025-03-27,M05,P04,Material defect,2,FAIL
QC-0002185,WO-000729,2025-03-27,M05,P04,Surface finish,3,FAIL
QC-0002186,WO-000729,2025-03-27,M05,P04,Material defect,0,PASS
QC-0002187,WO-000729,2025-03-27,M05,P04,Dimensional,0,PASS
QC-0002188,WO-000730,2025-03-27,M06,P06,Material defect,5,FAIL
QC-0002189,WO-000730,2025-03-27,M06,P06,Dimensional,2,FAIL
QC-0002190,WO-000730,2025-03-27,M06,P06,Surface finish,1,FAIL
QC-0002191,WO-000731,2025-03-27,M06,P01,Cosmetic,5,FAIL
QC-0002192,WO-000731,2025-03-27,M06,P01,Assembly mismatch,2,FAIL
QC-0002193,WO-000731,2025-03-27,M06,P01,Weld porosity,0,PASS
QC-0002194,WO-000732,2025-03-28,M01,P01,Material defect,1,FAIL
QC-0002195,WO-000732,2025-03-28,M01,P01,Weld porosity,1,FAIL
QC-0002196,WO-000732,2025-03-28,M01,P01,Surface finish,2,FAIL
QC-0002197,WO-000733,2025-03-28,M01,P03,Dimensional,3,FAIL
QC-0002198,WO-000733,2025-03-28,M01,P03,Material defect,1,FAIL
QC-0002199,WO-000733,2025-03-28,M01,P03,Surface finish,4,FAIL
QC-0002200,WO-000734,2025-03-28,M02,P01,Weld porosity,3,FAIL
QC-0002201,WO-000734,2025-03-28,M02,P01,Dimensional,4,FAIL
QC-0002202,WO-000734,2025-03-28,M02,P01,Assembly mismatch,0,PASS
QC-0002203,WO-000735,2025-03-28,M02,P05,Dimensional,5,FAIL
QC-0002204,WO-000735,2025-03-28,M02,P05,Assembly mismatch,5,FAIL
QC-0002205,WO-000735,2025-03-28,M02,P05,Material defect,1,FAIL
QC-0002206,WO-000736,2025-03-28,M03,P03,Assembly mismatch,7,FAIL
QC-0002207,WO-000736,2025-03-28,M03,P03,Material defect,1,FAIL
QC-0002208,WO-000736,2025-03-28,M03,P03,Weld porosity,2,FAIL
QC-0002209,WO-000737,2025-03-28,M03,P01,Surface finish,1,FAIL
QC-0002210,WO-000737,2025-03-28,M03,P01,Material defect,2,FAIL
QC-0002211,WO-000737,2025-03-28,M03,P01,Assembly mismatch,1,FAIL
QC-0002212,WO-000738,2025-03-28,M04,P03,Weld porosity,4,FAIL
QC-0002213,WO-000738,2025-03-28,M04,P03,Cosmetic,4,FAIL
QC-0002214,WO-000738,2025-03-28,M04,P03,Surface finish,1,FAIL
QC-0002215,WO-000739,2025-03-28,M04,P04,Assembly mismatch,5,FAIL
QC-0002216,WO-000739,2025-03-28,M04,P04,Weld porosity,1,FAIL
QC-0002217,WO-000739,2025-03-28,M04,P04,Cosmetic,0,PASS
QC-0002218,WO-000740,2025-03-28,M05,P04,Weld porosity,3,FAIL
QC-0002219,WO-000740,2025-03-28,M05,P04,Material defect,2,FAIL
QC-0002220,WO-000740,2025-03-28,M05,P04,Assembly mismatch,0,PASS
QC-0002221,WO-000741,2025-03-28,M05,P01,Cosmetic,2,FAIL
QC-0002222,WO-000741,2025-03-28,M05,P01,Weld porosity,1,FAIL
QC-0002223,WO-000741,2025-03-28,M05,P01,Surface finish,0,PASS
QC-0002224,WO-000742,2025-03-28,M06,P04,Cosmetic,2,FAIL
QC-0002225,WO-000742,2025-03-28,M06,P04,Material defect,2,FAIL
QC-0002226,WO-000742,2025-03-28,M06,P04,Assembly mismatch,1,FAIL
QC-0002227,WO-000743,2025-03-28,M06,P05,Surface finish,6,FAIL
QC-0002228,WO-000743,2025-03-28,M06,P05,Assembly mismatch,1,FAIL
QC-0002229,WO-000743,2025-03-28,M06,P05,Dimensional,1,FAIL
QC-0002230,WO-000744,2025-03-31,M01,P02,Material defect,1,FAIL
QC-0002231,WO-000744,2025-03-31,M01,P02,Dimensional,3,FAIL
QC-0002232,WO-000744,2025-03-31,M01,P02,Assembly mismatch,0,PASS
QC-0002233,WO-000745,2025-03-31,M01,P01,Cosmetic,4,FAIL
QC-0002234,WO-000745,2025-03-31,M01,P01,Assembly mismatch,1,FAIL
QC-0002235,WO-000745,2025-03-31,M01,P01,Weld porosity,2,FAIL
QC-0002236,WO-000746,2025-03-31,M02,P01,Weld porosity,1,FAIL
QC-0002237,WO-000746,2025-03-31,M02,P01,Cosmetic,1,FAIL
QC-0002238,WO-000746,2025-03-31,M02,P01,Dimensional,0,PASS
QC-0002239,WO-000747,2025-03-31,M02,P02,Dimensional,3,FAIL
QC-0002240,WO-000747,2025-03-31,M02,P02,Cosmetic,3,FAIL
QC-0002241,WO-000747,2025-03-31,M02,P02,Weld porosity,1,FAIL
QC-0002242,WO-000748,2025-03-31,M03,P05,Material defect,8,FAIL
QC-0002243,WO-000748,2025-03-31,M03,P05,Cosmetic,1,FAIL
QC-0002244,WO-000748,2025-03-31,M03,P05,Surface finish,0,PASS
QC-0002245,WO-000749,2025-03-31,M03,P03,Material defect,7,FAIL
QC-0002246,WO-000749,2025-03-31,M03,P03,Dimensional,2,FAIL
QC-0002247,WO-000749,2025-03-31,M03,P03,Weld porosity,2,FAIL
QC-0002248,WO-000750,2025-03-31,M04,P03,Weld porosity,4,FAIL
QC-0002249,WO-000750,2025-03-31,M04,P03,Material defect,3,FAIL
QC-0002250,WO-000750,2025-03-31,M04,P03,Dimensional,0,PASS
QC-0002251,WO-000751,2025-03-31,M04,P03,Weld porosity,6,FAIL
QC-0002252,WO-000751,2025-03-31,M04,P03,Cosmetic,3,FAIL
QC-0002253,WO-000751,2025-03-31,M04,P03,Dimensional,1,FAIL
QC-0002254,WO-000752,2025-03-31,M05,P04,Assembly mismatch,2,FAIL
QC-0002255,WO-000752,2025-03-31,M05,P04,Cosmetic,1,FAIL
QC-0002256,WO-000752,2025-03-31,M05,P04,Material defect,1,FAIL
QC-0002257,WO-000753,2025-03-31,M05,P05,Material defect,7,FAIL
QC-0002258,WO-000753,2025-03-31,M05,P05,Dimensional,1,FAIL
QC-0002259,WO-000753,2025-03-31,M05,P05,Cosmetic,2,FAIL
QC-0002260,WO-000754,2025-03-31,M06,P05,Dimensional,4,FAIL
QC-0002261,WO-000754,2025-03-31,M06,P05,Cosmetic,2,FAIL
QC-0002262,WO-000754,2025-03-31,M06,P05,Surface finish,4,FAIL
QC-0002263,WO-000755,2025-03-31,M06,P06,Surface finish,3,FAIL
QC-0002264,WO-000755,2025-03-31,M06,P06,Cosmetic,3,FAIL
QC-0002265,WO-000755,2025-03-31,M06,P06,Assembly mismatch,1,FAIL
QC-0002266,WO-000756,2025-04-01,M01,P01,Surface finish,3,FAIL
QC-0002267,WO-000756,2025-04-01,M01,P01,Assembly mismatch,0,PASS
QC-0002268,WO-000756,2025-04-01,M01,P01,Material defect,1,FAIL
QC-0002269,WO-000757,2025-04-01,M01,P01,Weld porosity,3,FAIL
QC-0002270,WO-000757,2025-04-01,M01,P01,Assembly mismatch,2,FAIL
QC-0002271,WO-000757,2025-04-01,M01,P01,Dimensional,0,PASS
QC-0002272,WO-000758,2025-04-01,M02,P02,Assembly mismatch,3,FAIL
QC-0002273,WO-000758,2025-04-01,M02,P02,Cosmetic,2,FAIL
QC-0002274,WO-000758,2025-04-01,M02,P02,Dimensional,1,FAIL
QC-0002275,WO-000759,2025-04-01,M02,P01,Weld porosity,2,FAIL
QC-0002276,WO-000759,2025-04-01,M02,P01,Cosmetic,2,FAIL
QC-0002277,WO-000759,2025-04-01,M02,P01,Assembly mismatch,1,FAIL
QC-0002278,WO-000760,2025-04-01,M03,P03,Dimensional,3,FAIL
QC-0002279,WO-000760,2025-04-01,M03,P03,Material defect,4,FAIL
QC-0002280,WO-000760,2025-04-01,M03,P03,Cosmetic,1,FAIL
QC-0002281,WO-000761,2025-04-01,M03,P05,Assembly mismatch,7,FAIL
QC-0002282,WO-000761,2025-04-01,M03,P05,Material defect,3,FAIL
QC-0002283,WO-000761,2025-04-01,M03,P05,Cosmetic,0,PASS
QC-0002284,WO-000762,2025-04-01,M04,P03,Weld porosity,3,FAIL
QC-0002285,WO-000762,2025-04-01,M04,P03,Surface finish,1,FAIL
QC-0002286,WO-000762,2025-04-01,M04,P03,Cosmetic,3,FAIL
QC-0002287,WO-000763,2025-04-01,M04,P03,Weld porosity,7,FAIL
QC-0002288,WO-000763,2025-04-01,M04,P03,Material defect,4,FAIL
QC-0002289,WO-000763,2025-04-01,M04,P03,Assembly mismatch,2,FAIL
QC-0002290,WO-000764,2025-04-01,M05,P01,Assembly mismatch,2,FAIL
QC-0002291,WO-000764,2025-04-01,M05,P01,Surface finish,2,FAIL
QC-0002292,WO-000764,2025-04-01,M05,P01,Cosmetic,1,FAIL
QC-0002293,WO-000765,2025-04-01,M05,P05,Weld porosity,4,FAIL
QC-0002294,WO-000765,2025-04-01,M05,P05,Surface finish,1,FAIL
QC-0002295,WO-000765,2025-04-01,M05,P05,Assembly mismatch,4,FAIL
QC-0002296,WO-000766,2025-04-01,M06,P05,Dimensional,4,FAIL
QC-0002297,WO-000766,2025-04-01,M06,P05,Cosmetic,2,FAIL
QC-0002298,WO-000766,2025-04-01,M06,P05,Assembly mismatch,3,FAIL
QC-0002299,WO-000767,2025-04-01,M06,P05,Material defect,8,FAIL
QC-0002300,WO-000767,2025-04-01,M06,P05,Dimensional,3,FAIL
QC-0002301,WO-000767,2025-04-01,M06,P05,Weld porosity,2,FAIL
QC-0002302,WO-000768,2025-04-02,M01,P03,Surface finish,5,FAIL
QC-0002303,WO-000768,2025-04-02,M01,P03,Weld porosity,1,FAIL
QC-0002304,WO-000768,2025-04-02,M01,P03,Material defect,1,FAIL
QC-0002305,WO-000769,2025-04-02,M01,P03,Assembly mismatch,4,FAIL
QC-0002306,WO-000769,2025-04-02,M01,P03,Material defect,0,PASS
QC-0002307,WO-000769,2025-04-02,M01,P03,Weld porosity,1,FAIL
QC-0002308,WO-000770,2025-04-02,M02,P01,Assembly mismatch,1,FAIL
QC-0002309,WO-000770,2025-04-02,M02,P01,Material defect,1,FAIL
QC-0002310,WO-000770,2025-04-02,M02,P01,Dimensional,0,PASS
QC-0002311,WO-000771,2025-04-02,M02,P05,Surface finish,7,FAIL
QC-0002312,WO-000771,2025-04-02,M02,P05,Cosmetic,4,FAIL
QC-0002313,WO-000771,2025-04-02,M02,P05,Dimensional,2,FAIL
QC-0002314,WO-000772,2025-04-02,M03,P01,Dimensional,3,FAIL
QC-0002315,WO-000772,2025-04-02,M03,P01,Assembly mismatch,2,FAIL
QC-0002316,WO-000772,2025-04-02,M03,P01,Surface finish,1,FAIL
QC-0002317,WO-000773,2025-04-02,M03,P05,Dimensional,5,FAIL
QC-0002318,WO-000773,2025-04-02,M03,P05,Weld porosity,5,FAIL
QC-0002319,WO-000773,2025-04-02,M03,P05,Surface finish,1,FAIL
QC-0002320,WO-000774,2025-04-02,M04,P06,Weld porosity,5,FAIL
QC-0002321,WO-000774,2025-04-02,M04,P06,Surface finish,0,PASS
QC-0002322,WO-000774,2025-04-02,M04,P06,Material defect,1,FAIL
QC-0002323,WO-000775,2025-04-02,M04,P06,Weld porosity,5,FAIL
QC-0002324,WO-000775,2025-04-02,M04,P06,Cosmetic,0,PASS
QC-0002325,WO-000775,2025-04-02,M04,P06,Surface finish,1,FAIL
QC-0002326,WO-000776,2025-04-02,M05,P06,Cosmetic,4,FAIL
QC-0002327,WO-000776,2025-04-02,M05,P06,Weld porosity,2,FAIL
QC-0002328,WO-000776,2025-04-02,M05,P06,Surface finish,0,PASS
QC-0002329,WO-000777,2025-04-02,M05,P04,Weld porosity,4,FAIL
QC-0002330,WO-000777,2025-04-02,M05,P04,Dimensional,1,FAIL
QC-0002331,WO-000777,2025-04-02,M05,P04,Surface finish,0,PASS
QC-0002332,WO-000778,2025-04-02,M06,P05,Surface finish,7,FAIL
QC-0002333,WO-000778,2025-04-02,M06,P05,Material defect,1,FAIL
QC-0002334,WO-000778,2025-04-02,M06,P05,Cosmetic,4,FAIL
QC-0002335,WO-000779,2025-04-02,M06,P01,Assembly mismatch,4,FAIL
QC-0002336,WO-000779,2025-04-02,M06,P01,Weld porosity,0,PASS
QC-0002337,WO-000779,2025-04-02,M06,P01,Material defect,1,FAIL
QC-0002338,WO-000780,2025-04-03,M01,P03,Surface finish,3,FAIL
QC-0002339,WO-000780,2025-04-03,M01,P03,Material defect,1,FAIL
QC-0002340,WO-000780,2025-04-03,M01,P03,Weld porosity,0,PASS
QC-0002341,WO-000781,2025-04-03,M01,P02,Dimensional,1,FAIL
QC-0002342,WO-000781,2025-04-03,M01,P02,Material defect,3,FAIL
QC-0002343,WO-000781,2025-04-03,M01,P02,Surface finish,1,FAIL
QC-0002344,WO-000782,2025-04-03,M02,P01,Weld porosity,3,FAIL
QC-0002345,WO-000782,2025-04-03,M02,P01,Dimensional,1,FAIL
QC-0002346,WO-000782,2025-04-03,M02,P01,Material defect,0,PASS
QC-0002347,WO-000783,2025-04-03,M02,P05,Weld porosity,9,FAIL
QC-0002348,WO-000783,2025-04-03,M02,P05,Material defect,2,FAIL
QC-0002349,WO-000783,2025-04-03,M02,P05,Surface finish,1,FAIL
QC-0002350,WO-000784,2025-04-03,M03,P05,Dimensional,5,FAIL
QC-0002351,WO-000784,2025-04-03,M03,P05,Surface finish,1,FAIL
QC-0002352,WO-000784,2025-04-03,M03,P05,Material defect,1,FAIL
QC-0002353,WO-000785,2025-04-03,M03,P05,Surface finish,10,FAIL
QC-0002354,WO-000785,2025-04-03,M03,P05,Assembly mismatch,0,PASS
QC-0002355,WO-000785,2025-04-03,M03,P05,Cosmetic,2,FAIL
QC-0002356,WO-000786,2025-04-03,M04,P06,Weld porosity,4,FAIL
QC-0002357,WO-000786,2025-04-03,M04,P06,Material defect,2,FAIL
QC-0002358,WO-000786,2025-04-03,M04,P06,Assembly mismatch,0,PASS
QC-0002359,WO-000787,2025-04-03,M04,P04,Dimensional,3,FAIL
QC-0002360,WO-000787,2025-04-03,M04,P04,Weld porosity,2,FAIL
QC-0002361,WO-000787,2025-04-03,M04,P04,Cosmetic,0,PASS
QC-0002362,WO-000788,2025-04-03,M05,P01,Dimensional,3,FAIL
QC-0002363,WO-000788,2025-04-03,M05,P01,Cosmetic,1,FAIL
QC-0002364,WO-000788,2025-04-03,M05,P01,Weld porosity,1,FAIL
QC-0002365,WO-000789,2025-04-03,M05,P05,Material defect,7,FAIL
QC-0002366,WO-000789,2025-04-03,M05,P05,Dimensional,2,FAIL
QC-0002367,WO-000789,2025-04-03,M05,P05,Assembly mismatch,1,FAIL
QC-0002368,WO-000790,2025-04-03,M06,P04,Assembly mismatch,2,FAIL
QC-0002369,WO-000790,2025-04-03,M06,P04,Dimensional,3,FAIL
QC-0002370,WO-000790,2025-04-03,M06,P04,Weld porosity,0,PASS
QC-0002371,WO-000791,2025-04-03,M06,P01,Assembly mismatch,5,FAIL
QC-0002372,WO-000791,2025-04-03,M06,P01,Cosmetic,1,FAIL
QC-0002373,WO-000791,2025-04-03,M06,P01,Dimensional,0,PASS
QC-0002374,WO-000792,2025-04-04,M01,P03,Dimensional,4,FAIL
QC-0002375,WO-000792,2025-04-04,M01,P03,Surface finish,4,FAIL
QC-0002376,WO-000792,2025-04-04,M01,P03,Assembly mismatch,1,FAIL
QC-0002377,WO-000793,2025-04-04,M01,P01,Weld porosity,3,FAIL
QC-0002378,WO-000793,2025-04-04,M01,P01,Assembly mismatch,2,FAIL
QC-0002379,WO-000793,2025-04-04,M01,P01,Surface finish,0,PASS
QC-0002380,WO-000794,2025-04-04,M02,P05,Material defect,3,FAIL
QC-0002381,WO-000794,2025-04-04,M02,P05,Weld porosity,5,FAIL
QC-0002382,WO-000794,2025-04-04,M02,P05,Assembly mismatch,0,PASS
QC-0002383,WO-000795,2025-04-04,M02,P05,Weld porosity,4,FAIL
QC-0002384,WO-000795,2025-04-04,M02,P05,Surface finish,3,FAIL
QC-0002385,WO-000795,2025-04-04,M02,P05,Material defect,2,FAIL
QC-0002386,WO-000796,2025-04-04,M03,P05,Weld porosity,2,FAIL
QC-0002387,WO-000796,2025-04-04,M03,P05,Surface finish,2,FAIL
QC-0002388,WO-000796,2025-04-04,M03,P05,Material defect,2,FAIL
QC-0002389,WO-000797,2025-04-04,M03,P01,Dimensional,3,FAIL
QC-0002390,WO-000797,2025-04-04,M03,P01,Weld porosity,0,PASS
QC-0002391,WO-000797,2025-04-04,M03,P01,Surface finish,1,FAIL
QC-0002392,WO-000798,2025-04-04,M04,P04,Surface finish,5,FAIL
QC-0002393,WO-000798,2025-04-04,M04,P04,Dimensional,1,FAIL
QC-0002394,WO-000798,2025-04-04,M04,P04,Weld porosity,0,PASS
QC-0002395,WO-000799,2025-04-04,M04,P06,Weld porosity,2,FAIL
QC-0002396,WO-000799,2025-04-04,M04,P06,Assembly mismatch,2,FAIL
QC-0002397,WO-000799,2025-04-04,M04,P06,Material defect,2,FAIL
QC-0002398,WO-000800,2025-04-04,M05,P05,Assembly mismatch,3,FAIL
QC-0002399,WO-000800,2025-04-04,M05,P05,Cosmetic,3,FAIL
QC-0002400,WO-000800,2025-04-04,M05,P05,Dimensional,2,FAIL
QC-0002401,WO-000801,2025-04-04,M05,P04,Material defect,4,FAIL
QC-0002402,WO-000801,2025-04-04,M05,P04,Surface finish,0,PASS
QC-0002403,WO-000801,2025-04-04,M05,P04,Assembly mismatch,1,FAIL
QC-0002404,WO-000802,2025-04-04,M06,P06,Material defect,4,FAIL
QC-0002405,WO-000802,2025-04-04,M06,P06,Cosmetic,2,FAIL
QC-0002406,WO-000802,2025-04-04,M06,P06,Assembly mismatch,1,FAIL
QC-0002407,WO-000803,2025-04-04,M06,P01,Assembly mismatch,3,FAIL
QC-0002408,WO-000803,2025-04-04,M06,P01,Material defect,2,FAIL
QC-0002409,WO-000803,2025-04-04,M06,P01,Surface finish,1,FAIL
QC-0002410,WO-000804,2025-04-07,M01,P03,Dimensional,5,FAIL
QC-0002411,WO-000804,2025-04-07,M01,P03,Weld porosity,2,FAIL
QC-0002412,WO-000804,2025-04-07,M01,P03,Cosmetic,1,FAIL
QC-0002413,WO-000805,2025-04-07,M01,P02,Assembly mismatch,2,FAIL
QC-0002414,WO-000805,2025-04-07,M01,P02,Cosmetic,3,FAIL
QC-0002415,WO-000805,2025-04-07,M01,P02,Material defect,1,FAIL
QC-0002416,WO-000806,2025-04-07,M02,P02,Cosmetic,5,FAIL
QC-0002417,WO-000806,2025-04-07,M02,P02,Weld porosity,1,FAIL
QC-0002418,WO-000806,2025-04-07,M02,P02,Surface finish,1,FAIL
QC-0002419,WO-000807,2025-04-07,M02,P01,Dimensional,2,FAIL
QC-0002420,WO-000807,2025-04-07,M02,P01,Weld porosity,1,FAIL
QC-0002421,WO-000807,2025-04-07,M02,P01,Cosmetic,1,FAIL
QC-0002422,WO-000808,2025-04-07,M03,P03,Cosmetic,3,FAIL
QC-0002423,WO-000808,2025-04-07,M03,P03,Surface finish,3,FAIL
QC-0002424,WO-000808,2025-04-07,M03,P03,Weld porosity,1,FAIL
QC-0002425,WO-000809,2025-04-07,M03,P05,Weld porosity,6,FAIL
QC-0002426,WO-000809,2025-04-07,M03,P05,Cosmetic,2,FAIL
QC-0002427,WO-000809,2025-04-07,M03,P05,Material defect,2,FAIL
QC-0002428,WO-000810,2025-04-07,M04,P03,Dimensional,5,FAIL
QC-0002429,WO-000810,2025-04-07,M04,P03,Weld porosity,3,FAIL
QC-0002430,WO-000810,2025-04-07,M04,P03,Material defect,1,FAIL
QC-0002431,WO-000811,2025-04-07,M04,P03,Assembly mismatch,7,FAIL
QC-0002432,WO-000811,2025-04-07,M04,P03,Cosmetic,3,FAIL
QC-0002433,WO-000811,2025-04-07,M04,P03,Weld porosity,0,PASS
QC-0002434,WO-000812,2025-04-07,M05,P04,Dimensional,3,FAIL
QC-0002435,WO-000812,2025-04-07,M05,P04,Surface finish,1,FAIL
QC-0002436,WO-000812,2025-04-07,M05,P04,Cosmetic,0,PASS
QC-0002437,WO-000813,2025-04-07,M05,P05,Surface finish,6,FAIL
QC-0002438,WO-000813,2025-04-07,M05,P05,Dimensional,3,FAIL
QC-0002439,WO-000813,2025-04-07,M05,P05,Weld porosity,1,FAIL
QC-0002440,WO-000814,2025-04-07,M06,P05,Assembly mismatch,9,FAIL
QC-0002441,WO-000814,2025-04-07,M06,P05,Cosmetic,2,FAIL
QC-0002442,WO-000814,2025-04-07,M06,P05,Weld porosity,0,PASS
QC-0002443,WO-000815,2025-04-07,M06,P04,Weld porosity,3,FAIL
QC-0002444,WO-000815,2025-04-07,M06,P04,Cosmetic,1,FAIL
QC-0002445,WO-000815,2025-04-07,M06,P04,Dimensional,2,FAIL
QC-0002446,WO-000816,2025-04-08,M01,P01,Surface finish,1,FAIL
QC-0002447,WO-000816,2025-04-08,M01,P01,Dimensional,3,FAIL
QC-0002448,WO-000816,2025-04-08,M01,P01,Cosmetic,1,FAIL
QC-0002449,WO-000817,2025-04-08,M01,P01,Assembly mismatch,4,FAIL
QC-0002450,WO-000817,2025-04-08,M01,P01,Surface finish,2,FAIL
QC-0002451,WO-000817,2025-04-08,M01,P01,Dimensional,1,FAIL
QC-0002452,WO-000818,2025-04-08,M02,P02,Assembly mismatch,3,FAIL
QC-0002453,WO-000818,2025-04-08,M02,P02,Dimensional,1,FAIL
QC-0002454,WO-000818,2025-04-08,M02,P02,Material defect,2,FAIL
QC-0002455,WO-000819,2025-04-08,M02,P05,Weld porosity,7,FAIL
QC-0002456,WO-000819,2025-04-08,M02,P05,Surface finish,6,FAIL
QC-0002457,WO-000819,2025-04-08,M02,P05,Dimensional,0,PASS
QC-0002458,WO-000820,2025-04-08,M03,P05,Assembly mismatch,7,FAIL
QC-0002459,WO-000820,2025-04-08,M03,P05,Material defect,2,FAIL
QC-0002460,WO-000820,2025-04-08,M03,P05,Dimensional,1,FAIL
QC-0002461,WO-000821,2025-04-08,M03,P01,Material defect,2,FAIL
QC-0002462,WO-000821,2025-04-08,M03,P01,Surface finish,2,FAIL
QC-0002463,WO-000821,2025-04-08,M03,P01,Assembly mismatch,2,FAIL
QC-0002464,WO-000822,2025-04-08,M04,P06,Weld porosity,6,FAIL
QC-0002465,WO-000822,2025-04-08,M04,P06,Cosmetic,0,PASS
QC-0002466,WO-000822,2025-04-08,M04,P06,Dimensional,0,PASS
QC-0002467,WO-000823,2025-04-08,M04,P04,Material defect,4,FAIL
QC-0002468,WO-000823,2025-04-08,M04,P04,Weld porosity,1,FAIL
QC-0002469,WO-000823,2025-04-08,M04,P04,Surface finish,1,FAIL
QC-0002470,WO-000824,2025-04-08,M05,P01,Surface finish,2,FAIL
QC-0002471,WO-000824,2025-04-08,M05,P01,Assembly mismatch,1,FAIL
QC-0002472,WO-000824,2025-04-08,M05,P01,Dimensional,0,PASS
QC-0002473,WO-000825,2025-04-08,M05,P06,Assembly mismatch,4,FAIL
QC-0002474,WO-000825,2025-04-08,M05,P06,Weld porosity,1,FAIL
QC-0002475,WO-000825,2025-04-08,M05,P06,Surface finish,0,PASS
QC-0002476,WO-000826,2025-04-08,M06,P04,Material defect,6,FAIL
QC-0002477,WO-000826,2025-04-08,M06,P04,Surface finish,0,PASS
QC-0002478,WO-000826,2025-04-08,M06,P04,Assembly mismatch,0,PASS
QC-0002479,WO-000827,2025-04-08,M06,P04,Surface finish,4,FAIL
QC-0002480,WO-000827,2025-04-08,M06,P04,Material defect,0,PASS
QC-0002481,WO-000827,2025-04-08,M06,P04,Weld porosity,0,PASS
QC-0002482,WO-000828,2025-04-09,M01,P03,Assembly mismatch,4,FAIL
QC-0002483,WO-000828,2025-04-09,M01,P03,Cosmetic,1,FAIL
QC-0002484,WO-000828,2025-04-09,M01,P03,Material defect,1,FAIL
QC-0002485,WO-000829,2025-04-09,M01,P02,Weld porosity,3,FAIL
QC-0002486,WO-000829,2025-04-09,M01,P02,Surface finish,4,FAIL
QC-0002487,WO-000829,2025-04-09,M01,P02,Assembly mismatch,1,FAIL
QC-0002488,WO-000830,2025-04-09,M02,P02,Weld porosity,2,FAIL
QC-0002489,WO-000830,2025-04-09,M02,P02,Dimensional,3,FAIL
QC-0002490,WO-000830,2025-04-09,M02,P02,Cosmetic,1,FAIL
QC-0002491,WO-000831,2025-04-09,M02,P01,Surface finish,4,FAIL
QC-0002492,WO-000831,2025-04-09,M02,P01,Weld porosity,1,FAIL
QC-0002493,WO-000831,2025-04-09,M02,P01,Cosmetic,1,FAIL
QC-0002494,WO-000832,2025-04-09,M03,P01,Weld porosity,2,FAIL
QC-0002495,WO-000832,2025-04-09,M03,P01,Dimensional,3,FAIL
QC-0002496,WO-000832,2025-04-09,M03,P01,Assembly mismatch,0,PASS
QC-0002497,WO-000833,2025-04-09,M03,P01,Dimensional,3,FAIL
QC-0002498,WO-000833,2025-04-09,M03,P01,Assembly mismatch,1,FAIL
QC-0002499,WO-000833,2025-04-09,M03,P01,Weld porosity,2,FAIL
QC-0002500,WO-000834,2025-04-09,M04,P06,Weld porosity,4,FAIL
QC-0002501,WO-000834,2025-04-09,M04,P06,Dimensional,0,PASS
QC-0002502,WO-000834,2025-04-09,M04,P06,Surface finish,2,FAIL
QC-0002503,WO-000835,2025-04-09,M04,P03,Weld porosity,7,FAIL
QC-0002504,WO-000835,2025-04-09,M04,P03,Dimensional,2,FAIL
QC-0002505,WO-000835,2025-04-09,M04,P03,Assembly mismatch,2,FAIL
QC-0002506,WO-000836,2025-04-09,M05,P05,Cosmetic,8,FAIL
QC-0002507,WO-000836,2025-04-09,M05,P05,Assembly mismatch,1,FAIL
QC-0002508,WO-000836,2025-04-09,M05,P05,Surface finish,0,PASS
QC-0002509,WO-000837,2025-04-09,M05,P05,Weld porosity,4,FAIL
QC-0002510,WO-000837,2025-04-09,M05,P05,Cosmetic,2,FAIL
QC-0002511,WO-000837,2025-04-09,M05,P05,Surface finish,0,PASS
QC-0002512,WO-000838,2025-04-09,M06,P05,Dimensional,7,FAIL
QC-0002513,WO-000838,2025-04-09,M06,P05,Surface finish,1,FAIL
QC-0002514,WO-000838,2025-04-09,M06,P05,Assembly mismatch,2,FAIL
QC-0002515,WO-000839,2025-04-09,M06,P05,Weld porosity,6,FAIL
QC-0002516,WO-000839,2025-04-09,M06,P05,Material defect,2,FAIL
QC-0002517,WO-000839,2025-04-09,M06,P05,Surface finish,0,PASS
QC-0002518,WO-000840,2025-04-10,M01,P03,Cosmetic,1,FAIL
QC-0002519,WO-000840,2025-04-10,M01,P03,Material defect,1,FAIL
QC-0002520,WO-000840,2025-04-10,M01,P03,Assembly mismatch,0,PASS
QC-0002521,WO-000841,2025-04-10,M01,P01,Cosmetic,3,FAIL
QC-0002522,WO-000841,2025-04-10,M01,P01,Weld porosity,2,FAIL
QC-0002523,WO-000841,2025-04-10,M01,P01,Material defect,1,FAIL
QC-0002524,WO-000842,2025-04-10,M02,P01,Surface finish,4,FAIL
QC-0002525,WO-000842,2025-04-10,M02,P01,Assembly mismatch,1,FAIL
QC-0002526,WO-000842,2025-04-10,M02,P01,Cosmetic,1,FAIL
QC-0002527,WO-000843,2025-04-10,M02,P05,Surface finish,4,FAIL
QC-0002528,WO-000843,2025-04-10,M02,P05,Dimensional,3,FAIL
QC-0002529,WO-000843,2025-04-10,M02,P05,Cosmetic,3,FAIL
QC-0002530,WO-000844,2025-04-10,M03,P01,Dimensional,4,FAIL
QC-0002531,WO-000844,2025-04-10,M03,P01,Weld porosity,2,FAIL
QC-0002532,WO-000844,2025-04-10,M03,P01,Surface finish,0,PASS
QC-0002533,WO-000845,2025-04-10,M04,P03,Weld porosity,4,FAIL
QC-0002534,WO-000845,2025-04-10,M04,P03,Material defect,1,FAIL
QC-0002535,WO-000845,2025-04-10,M04,P03,Assembly mismatch,0,PASS
QC-0002536,WO-000846,2025-04-10,M04,P03,Weld porosity,8,FAIL
QC-0002537,WO-000846,2025-04-10,M04,P03,Surface finish,3,FAIL
QC-0002538,WO-000846,2025-04-10,M04,P03,Cosmetic,1,FAIL
QC-0002539,WO-000847,2025-04-10,M05,P01,Assembly mismatch,2,FAIL
QC-0002540,WO-000847,2025-04-10,M05,P01,Dimensional,1,FAIL
QC-0002541,WO-000847,2025-04-10,M05,P01,Cosmetic,2,FAIL
QC-0002542,WO-000848,2025-04-10,M05,P01,Surface finish,1,FAIL
QC-0002543,WO-000848,2025-04-10,M05,P01,Cosmetic,3,FAIL
QC-0002544,WO-000848,2025-04-10,M05,P01,Material defect,1,FAIL
QC-0002545,WO-000849,2025-04-10,M06,P04,Cosmetic,2,FAIL
QC-0002546,WO-000849,2025-04-10,M06,P04,Material defect,2,FAIL
QC-0002547,WO-000849,2025-04-10,M06,P04,Assembly mismatch,0,PASS
QC-0002548,WO-000850,2025-04-11,M01,P01,Material defect,3,FAIL
QC-0002549,WO-000850,2025-04-11,M01,P01,Weld porosity,1,FAIL
QC-0002550,WO-000850,2025-04-11,M01,P01,Surface finish,0,PASS
QC-0002551,WO-000851,2025-04-11,M01,P03,Dimensional,3,FAIL
QC-0002552,WO-000851,2025-04-11,M01,P03,Assembly mismatch,4,FAIL
QC-0002553,WO-000851,2025-04-11,M01,P03,Material defect,2,FAIL
QC-0002554,WO-000852,2025-04-11,M02,P02,Material defect,3,FAIL
QC-0002555,WO-000852,2025-04-11,M02,P02,Surface finish,0,PASS
QC-0002556,WO-000852,2025-04-11,M02,P02,Cosmetic,0,PASS
QC-0002557,WO-000853,2025-04-11,M02,P05,Weld porosity,6,FAIL
QC-0002558,WO-000853,2025-04-11,M02,P05,Surface finish,3,FAIL
QC-0002559,WO-000853,2025-04-11,M02,P05,Material defect,1,FAIL
QC-0002560,WO-000854,2025-04-11,M03,P01,Material defect,2,FAIL
QC-0002561,WO-000854,2025-04-11,M03,P01,Dimensional,1,FAIL
QC-0002562,WO-000854,2025-04-11,M03,P01,Assembly mismatch,2,FAIL
QC-0002563,WO-000855,2025-04-11,M03,P03,Surface finish,5,FAIL
QC-0002564,WO-000855,2025-04-11,M03,P03,Material defect,2,FAIL
QC-0002565,WO-000855,2025-04-11,M03,P03,Weld porosity,1,FAIL
QC-0002566,WO-000856,2025-04-11,M04,P04,Weld porosity,3,FAIL
QC-0002567,WO-000856,2025-04-11,M04,P04,Assembly mismatch,2,FAIL
QC-0002568,WO-000856,2025-04-11,M04,P04,Surface finish,0,PASS
QC-0002569,WO-000857,2025-04-11,M04,P03,Weld porosity,3,FAIL
QC-0002570,WO-000857,2025-04-11,M04,P03,Dimensional,3,FAIL
QC-0002571,WO-000857,2025-04-11,M04,P03,Surface finish,2,FAIL
QC-0002572,WO-000858,2025-04-11,M05,P06,Dimensional,6,FAIL
QC-0002573,WO-000858,2025-04-11,M05,P06,Material defect,0,PASS
QC-0002574,WO-000858,2025-04-11,M05,P06,Surface finish,0,PASS
QC-0002575,WO-000859,2025-04-11,M05,P01,Weld porosity,1,FAIL
QC-0002576,WO-000859,2025-04-11,M05,P01,Assembly mismatch,3,FAIL
QC-0002577,WO-000859,2025-04-11,M05,P01,Surface finish,1,FAIL
QC-0002578,WO-000860,2025-04-11,M06,P01,Surface finish,3,FAIL
QC-0002579,WO-000860,2025-04-11,M06,P01,Cosmetic,2,FAIL
QC-0002580,WO-000860,2025-04-11,M06,P01,Dimensional,0,PASS
QC-0002581,WO-000861,2025-04-11,M06,P05,Assembly mismatch,7,FAIL
QC-0002582,WO-000861,2025-04-11,M06,P05,Material defect,2,FAIL
QC-0002583,WO-000861,2025-04-11,M06,P05,Weld porosity,0,PASS
QC-0002584,WO-000862,2025-04-14,M01,P03,Surface finish,1,FAIL
QC-0002585,WO-000862,2025-04-14,M01,P03,Dimensional,1,FAIL
QC-0002586,WO-000862,2025-04-14,M01,P03,Weld porosity,0,PASS
QC-0002587,WO-000863,2025-04-14,M01,P01,Dimensional,2,FAIL
QC-0002588,WO-000863,2025-04-14,M01,P01,Cosmetic,2,FAIL
QC-0002589,WO-000863,2025-04-14,M01,P01,Surface finish,1,FAIL
QC-0002590,WO-000864,2025-04-14,M02,P05,Dimensional,9,FAIL
QC-0002591,WO-000864,2025-04-14,M02,P05,Weld porosity,2,FAIL
QC-0002592,WO-000864,2025-04-14,M02,P05,Assembly mismatch,0,PASS
QC-0002593,WO-000865,2025-04-14,M02,P01,Weld porosity,4,FAIL
QC-0002594,WO-000865,2025-04-14,M02,P01,Cosmetic,2,FAIL
QC-0002595,WO-000865,2025-04-14,M02,P01,Assembly mismatch,1,FAIL
QC-0002596,WO-000866,2025-04-14,M03,P01,Material defect,4,FAIL
QC-0002597,WO-000866,2025-04-14,M03,P01,Weld porosity,2,FAIL
QC-0002598,WO-000866,2025-04-14,M03,P01,Cosmetic,0,PASS
QC-0002599,WO-000867,2025-04-14,M03,P01,Material defect,2,FAIL
QC-0002600,WO-000867,2025-04-14,M03,P01,Assembly mismatch,1,FAIL
QC-0002601,WO-000867,2025-04-14,M03,P01,Dimensional,2,FAIL
QC-0002602,WO-000868,2025-04-14,M04,P04,Weld porosity,2,FAIL
QC-0002603,WO-000868,2025-04-14,M04,P04,Dimensional,1,FAIL
QC-0002604,WO-000868,2025-04-14,M04,P04,Surface finish,1,FAIL
QC-0002605,WO-000869,2025-04-14,M04,P06,Weld porosity,2,FAIL
QC-0002606,WO-000869,2025-04-14,M04,P06,Cosmetic,3,FAIL
QC-0002607,WO-000869,2025-04-14,M04,P06,Surface finish,1,FAIL
QC-0002608,WO-000870,2025-04-14,M05,P06,Assembly mismatch,1,FAIL
QC-0002609,WO-000870,2025-04-14,M05,P06,Material defect,4,FAIL
QC-0002610,WO-000870,2025-04-14,M05,P06,Dimensional,1,FAIL
QC-0002611,WO-000871,2025-04-14,M05,P06,Surface finish,4,FAIL
QC-0002612,WO-000871,2025-04-14,M05,P06,Weld porosity,0,PASS
QC-0002613,WO-000871,2025-04-14,M05,P06,Dimensional,2,FAIL
QC-0002614,WO-000872,2025-04-14,M06,P05,Surface finish,5,FAIL
QC-0002615,WO-000872,2025-04-14,M06,P05,Dimensional,4,FAIL
QC-0002616,WO-000872,2025-04-14,M06,P05,Weld porosity,1,FAIL
QC-0002617,WO-000873,2025-04-14,M06,P01,Surface finish,4,FAIL
QC-0002618,WO-000873,2025-04-14,M06,P01,Assembly mismatch,0,PASS
QC-0002619,WO-000873,2025-04-14,M06,P01,Cosmetic,1,FAIL
QC-0002620,WO-000874,2025-04-15,M01,P01,Weld porosity,3,FAIL
QC-0002621,WO-000874,2025-04-15,M01,P01,Dimensional,2,FAIL
QC-0002622,WO-000874,2025-04-15,M01,P01,Surface finish,1,FAIL
QC-0002623,WO-000875,2025-04-15,M02,P02,Material defect,3,FAIL
QC-0002624,WO-000875,2025-04-15,M02,P02,Assembly mismatch,1,FAIL
QC-0002625,WO-000875,2025-04-15,M02,P02,Surface finish,0,PASS
QC-0002626,WO-000876,2025-04-15,M02,P01,Dimensional,3,FAIL
QC-0002627,WO-000876,2025-04-15,M02,P01,Cosmetic,0,PASS
QC-0002628,WO-000876,2025-04-15,M02,P01,Weld porosity,0,PASS
QC-0002629,WO-000877,2025-04-15,M03,P01,Assembly mismatch,2,FAIL
QC-0002630,WO-000877,2025-04-15,M03,P01,Dimensional,0,PASS
QC-0002631,WO-000877,2025-04-15,M03,P01,Surface finish,0,PASS
QC-0002632,WO-000878,2025-04-15,M03,P05,Material defect,5,FAIL
QC-0002633,WO-000878,2025-04-15,M03,P05,Assembly mismatch,3,FAIL
QC-0002634,WO-000878,2025-04-15,M03,P05,Weld porosity,1,FAIL
QC-0002635,WO-000879,2025-04-15,M04,P06,Weld porosity,3,FAIL
QC-0002636,WO-000879,2025-04-15,M04,P06,Assembly mismatch,1,FAIL
QC-0002637,WO-000879,2025-04-15,M04,P06,Dimensional,2,FAIL
QC-0002638,WO-000880,2025-04-15,M04,P03,Weld porosity,6,FAIL
QC-0002639,WO-000880,2025-04-15,M04,P03,Surface finish,2,FAIL
QC-0002640,WO-000880,2025-04-15,M04,P03,Material defect,2,FAIL
QC-0002641,WO-000881,2025-04-15,M05,P06,Surface finish,3,FAIL
QC-0002642,WO-000881,2025-04-15,M05,P06,Dimensional,3,FAIL
QC-0002643,WO-000881,2025-04-15,M05,P06,Assembly mismatch,0,PASS
QC-0002644,WO-000882,2025-04-15,M05,P05,Dimensional,4,FAIL
QC-0002645,WO-000882,2025-04-15,M05,P05,Assembly mismatch,3,FAIL
QC-0002646,WO-000882,2025-04-15,M05,P05,Weld porosity,2,FAIL
QC-0002647,WO-000883,2025-04-15,M06,P06,Assembly mismatch,4,FAIL
QC-0002648,WO-000883,2025-04-15,M06,P06,Material defect,0,PASS
QC-0002649,WO-000883,2025-04-15,M06,P06,Cosmetic,1,FAIL
QC-0002650,WO-000884,2025-04-15,M06,P06,Surface finish,4,FAIL
QC-0002651,WO-000884,2025-04-15,M06,P06,Assembly mismatch,2,FAIL
QC-0002652,WO-000884,2025-04-15,M06,P06,Material defect,0,PASS
QC-0002653,WO-000885,2025-04-16,M01,P03,Surface finish,3,FAIL
QC-0002654,WO-000885,2025-04-16,M01,P03,Assembly mismatch,2,FAIL
QC-0002655,WO-000885,2025-04-16,M01,P03,Dimensional,1,FAIL
QC-0002656,WO-000886,2025-04-16,M01,P03,Dimensional,3,FAIL
QC-0002657,WO-000886,2025-04-16,M01,P03,Weld porosity,2,FAIL
QC-0002658,WO-000886,2025-04-16,M01,P03,Cosmetic,1,FAIL
QC-0002659,WO-000887,2025-04-16,M02,P02,Material defect,3,FAIL
QC-0002660,WO-000887,2025-04-16,M02,P02,Cosmetic,0,PASS
QC-0002661,WO-000887,2025-04-16,M02,P02,Weld porosity,1,FAIL
QC-0002662,WO-000888,2025-04-16,M02,P02,Dimensional,3,FAIL
QC-0002663,WO-000888,2025-04-16,M02,P02,Material defect,4,FAIL
QC-0002664,WO-000888,2025-04-16,M02,P02,Assembly mismatch,0,PASS
QC-0002665,WO-000889,2025-04-16,M03,P03,Material defect,4,FAIL
QC-0002666,WO-000889,2025-04-16,M03,P03,Assembly mismatch,2,FAIL
QC-0002667,WO-000889,2025-04-16,M03,P03,Surface finish,3,FAIL
QC-0002668,WO-000890,2025-04-16,M03,P03,Dimensional,6,FAIL
QC-0002669,WO-000890,2025-04-16,M03,P03,Cosmetic,1,FAIL
QC-0002670,WO-000890,2025-04-16,M03,P03,Surface finish,1,FAIL
QC-0002671,WO-000891,2025-04-16,M04,P03,Weld porosity,10,FAIL
QC-0002672,WO-000891,2025-04-16,M04,P03,Cosmetic,2,FAIL
QC-0002673,WO-000891,2025-04-16,M04,P03,Surface finish,0,PASS
QC-0002674,WO-000892,2025-04-16,M04,P03,Weld porosity,6,FAIL
QC-0002675,WO-000892,2025-04-16,M04,P03,Assembly mismatch,3,FAIL
QC-0002676,WO-000892,2025-04-16,M04,P03,Cosmetic,0,PASS
QC-0002677,WO-000893,2025-04-16,M05,P01,Surface finish,2,FAIL
QC-0002678,WO-000893,2025-04-16,M05,P01,Assembly mismatch,2,FAIL
QC-0002679,WO-000893,2025-04-16,M05,P01,Weld porosity,1,FAIL
QC-0002680,WO-000894,2025-04-16,M05,P01,Weld porosity,5,FAIL
QC-0002681,WO-000894,2025-04-16,M05,P01,Dimensional,1,FAIL
QC-0002682,WO-000894,2025-04-16,M05,P01,Surface finish,0,PASS
QC-0002683,WO-000895,2025-04-16,M06,P04,Material defect,5,FAIL
QC-0002684,WO-000895,2025-04-16,M06,P04,Assembly mismatch,0,PASS
QC-0002685,WO-000895,2025-04-16,M06,P04,Dimensional,1,FAIL
QC-0002686,WO-000896,2025-04-16,M06,P04,Weld porosity,3,FAIL
QC-0002687,WO-000896,2025-04-16,M06,P04,Cosmetic,2,FAIL
QC-0002688,WO-000896,2025-04-16,M06,P04,Dimensional,0,PASS
QC-0002689,WO-000897,2025-04-17,M01,P03,Assembly mismatch,4,FAIL
QC-0002690,WO-000897,2025-04-17,M01,P03,Material defect,3,FAIL
QC-0002691,WO-000897,2025-04-17,M01,P03,Surface finish,0,PASS
QC-0002692,WO-000898,2025-04-17,M01,P03,Dimensional,6,FAIL
QC-0002693,WO-000898,2025-04-17,M01,P03,Assembly mismatch,3,FAIL
QC-0002694,WO-000898,2025-04-17,M01,P03,Surface finish,1,FAIL
QC-0002695,WO-000899,2025-04-17,M02,P02,Material defect,4,FAIL
QC-0002696,WO-000899,2025-04-17,M02,P02,Assembly mismatch,1,FAIL
QC-0002697,WO-000899,2025-04-17,M02,P02,Cosmetic,2,FAIL
QC-0002698,WO-000900,2025-04-17,M02,P02,Cosmetic,2,FAIL
QC-0002699,WO-000900,2025-04-17,M02,P02,Dimensional,4,FAIL
QC-0002700,WO-000900,2025-04-17,M02,P02,Assembly mismatch,0,PASS
QC-0002701,WO-000901,2025-04-17,M03,P01,Surface finish,0,PASS
QC-0002702,WO-000901,2025-04-17,M03,P01,Material defect,2,FAIL
QC-0002703,WO-000901,2025-04-17,M03,P01,Dimensional,0,PASS
QC-0002704,WO-000902,2025-04-17,M03,P03,Dimensional,5,FAIL
QC-0002705,WO-000902,2025-04-17,M03,P03,Assembly mismatch,3,FAIL
QC-0002706,WO-000902,2025-04-17,M03,P03,Material defect,0,PASS
QC-0002707,WO-000903,2025-04-17,M04,P03,Weld porosity,4,FAIL
QC-0002708,WO-000903,2025-04-17,M04,P03,Cosmetic,2,FAIL
QC-0002709,WO-000903,2025-04-17,M04,P03,Material defect,2,FAIL
QC-0002710,WO-000904,2025-04-17,M04,P03,Weld porosity,7,FAIL
QC-0002711,WO-000904,2025-04-17,M04,P03,Material defect,3,FAIL
QC-0002712,WO-000904,2025-04-17,M04,P03,Assembly mismatch,0,PASS
QC-0002713,WO-000905,2025-04-17,M05,P05,Weld porosity,2,FAIL
QC-0002714,WO-000905,2025-04-17,M05,P05,Surface finish,4,FAIL
QC-0002715,WO-000905,2025-04-17,M05,P05,Cosmetic,1,FAIL
QC-0002716,WO-000906,2025-04-17,M05,P04,Material defect,1,FAIL
QC-0002717,WO-000906,2025-04-17,M05,P04,Assembly mismatch,3,FAIL
QC-0002718,WO-000906,2025-04-17,M05,P04,Cosmetic,1,FAIL
QC-0002719,WO-000907,2025-04-17,M06,P01,Surface finish,4,FAIL
QC-0002720,WO-000907,2025-04-17,M06,P01,Cosmetic,1,FAIL
QC-0002721,WO-000907,2025-04-17,M06,P01,Dimensional,1,FAIL
QC-0002722,WO-000908,2025-04-18,M01,P02,Material defect,4,FAIL
QC-0002723,WO-000908,2025-04-18,M01,P02,Dimensional,1,FAIL
QC-0002724,WO-000908,2025-04-18,M01,P02,Cosmetic,0,PASS
QC-0002725,WO-000909,2025-04-18,M01,P03,Cosmetic,5,FAIL
QC-0002726,WO-000909,2025-04-18,M01,P03,Assembly mismatch,1,FAIL
QC-0002727,WO-000909,2025-04-18,M01,P03,Surface finish,1,FAIL
QC-0002728,WO-000910,2025-04-18,M02,P05,Dimensional,7,FAIL
QC-0002729,WO-000910,2025-04-18,M02,P05,Weld porosity,1,FAIL
QC-0002730,WO-000910,2025-04-18,M02,P05,Material defect,2,FAIL
QC-0002731,WO-000911,2025-04-18,M02,P05,Dimensional,5,FAIL
QC-0002732,WO-000911,2025-04-18,M02,P05,Cosmetic,1,FAIL
QC-0002733,WO-000911,2025-04-18,M02,P05,Assembly mismatch,4,FAIL
QC-0002734,WO-000912,2025-04-18,M03,P05,Dimensional,5,FAIL
QC-0002735,WO-000912,2025-04-18,M03,P05,Assembly mismatch,2,FAIL
QC-0002736,WO-000912,2025-04-18,M03,P05,Cosmetic,1,FAIL
QC-0002737,WO-000913,2025-04-18,M03,P03,Dimensional,2,FAIL
QC-0002738,WO-000913,2025-04-18,M03,P03,Weld porosity,1,FAIL
QC-0002739,WO-000913,2025-04-18,M03,P03,Assembly mismatch,0,PASS
QC-0002740,WO-000914,2025-04-18,M04,P03,Assembly mismatch,6,FAIL
QC-0002741,WO-000914,2025-04-18,M04,P03,Weld porosity,2,FAIL
QC-0002742,WO-000914,2025-04-18,M04,P03,Surface finish,1,FAIL
QC-0002743,WO-000915,2025-04-18,M04,P03,Weld porosity,5,FAIL
QC-0002744,WO-000915,2025-04-18,M04,P03,Material defect,3,FAIL
QC-0002745,WO-000915,2025-04-18,M04,P03,Assembly mismatch,1,FAIL
QC-0002746,WO-000916,2025-04-18,M05,P05,Material defect,4,FAIL
QC-0002747,WO-000916,2025-04-18,M05,P05,Weld porosity,3,FAIL
QC-0002748,WO-000916,2025-04-18,M05,P05,Cosmetic,2,FAIL
QC-0002749,WO-000917,2025-04-18,M05,P06,Material defect,4,FAIL
QC-0002750,WO-000917,2025-04-18,M05,P06,Dimensional,2,FAIL
QC-0002751,WO-000917,2025-04-18,M05,P06,Surface finish,0,PASS
QC-0002752,WO-000918,2025-04-18,M06,P05,Assembly mismatch,7,FAIL
QC-0002753,WO-000918,2025-04-18,M06,P05,Weld porosity,1,FAIL
QC-0002754,WO-000918,2025-04-18,M06,P05,Dimensional,1,FAIL
QC-0002755,WO-000919,2025-04-18,M06,P06,Dimensional,1,FAIL
QC-0002756,WO-000919,2025-04-18,M06,P06,Material defect,4,FAIL
QC-0002757,WO-000919,2025-04-18,M06,P06,Cosmetic,1,FAIL
QC-0002758,WO-000920,2025-04-21,M01,P01,Material defect,3,FAIL
QC-0002759,WO-000920,2025-04-21,M01,P01,Cosmetic,1,FAIL
QC-0002760,WO-000920,2025-04-21,M01,P01,Surface finish,0,PASS
QC-0002761,WO-000921,2025-04-21,M01,P01,Cosmetic,1,FAIL
QC-0002762,WO-000921,2025-04-21,M01,P01,Weld porosity,2,FAIL
QC-0002763,WO-000921,2025-04-21,M01,P01,Material defect,1,FAIL
QC-0002764,WO-000922,2025-04-21,M02,P05,Assembly mismatch,8,FAIL
QC-0002765,WO-000922,2025-04-21,M02,P05,Surface finish,0,PASS
QC-0002766,WO-000922,2025-04-21,M02,P05,Cosmetic,2,FAIL
QC-0002767,WO-000923,2025-04-21,M02,P02,Assembly mismatch,3,FAIL
QC-0002768,WO-000923,2025-04-21,M02,P02,Material defect,2,FAIL
QC-0002769,WO-000923,2025-04-21,M02,P02,Dimensional,1,FAIL
QC-0002770,WO-000924,2025-04-21,M03,P01,Assembly mismatch,3,FAIL
QC-0002771,WO-000924,2025-04-21,M03,P01,Material defect,2,FAIL
QC-0002772,WO-000924,2025-04-21,M03,P01,Weld porosity,0,PASS
QC-0002773,WO-000925,2025-04-21,M03,P05,Surface finish,6,FAIL
QC-0002774,WO-000925,2025-04-21,M03,P05,Cosmetic,3,FAIL
QC-0002775,WO-000925,2025-04-21,M03,P05,Assembly mismatch,2,FAIL
QC-0002776,WO-000926,2025-04-21,M04,P06,Weld porosity,4,FAIL
QC-0002777,WO-000926,2025-04-21,M04,P06,Dimensional,2,FAIL
QC-0002778,WO-000926,2025-04-21,M04,P06,Cosmetic,0,PASS
QC-0002779,WO-000927,2025-04-21,M04,P03,Dimensional,4,FAIL
QC-0002780,WO-000927,2025-04-21,M04,P03,Weld porosity,1,FAIL
QC-0002781,WO-000927,2025-04-21,M04,P03,Assembly mismatch,2,FAIL
QC-0002782,WO-000928,2025-04-21,M05,P04,Assembly mismatch,3,FAIL
QC-0002783,WO-000928,2025-04-21,M05,P04,Dimensional,0,PASS
QC-0002784,WO-000928,2025-04-21,M05,P04,Material defect,1,FAIL
QC-0002785,WO-000929,2025-04-21,M05,P05,Surface finish,6,FAIL
QC-0002786,WO-000929,2025-04-21,M05,P05,Dimensional,1,FAIL
QC-0002787,WO-000929,2025-04-21,M05,P05,Assembly mismatch,1,FAIL
QC-0002788,WO-000930,2025-04-21,M06,P06,Material defect,3,FAIL
QC-0002789,WO-000930,2025-04-21,M06,P06,Weld porosity,4,FAIL
QC-0002790,WO-000930,2025-04-21,M06,P06,Cosmetic,0,PASS
QC-0002791,WO-000931,2025-04-21,M06,P04,Assembly mismatch,3,FAIL
QC-0002792,WO-000931,2025-04-21,M06,P04,Weld porosity,2,FAIL
QC-0002793,WO-000931,2025-04-21,M06,P04,Material defect,1,FAIL
QC-0002794,WO-000932,2025-04-22,M01,P01,Assembly mismatch,4,FAIL
QC-0002795,WO-000932,2025-04-22,M01,P01,Surface finish,2,FAIL
QC-0002796,WO-000932,2025-04-22,M01,P01,Material defect,0,PASS
QC-0002797,WO-000933,2025-04-22,M01,P03,Dimensional,4,FAIL
QC-0002798,WO-000933,2025-04-22,M01,P03,Surface finish,4,FAIL
QC-0002799,WO-000933,2025-04-22,M01,P03,Cosmetic,0,PASS
QC-0002800,WO-000934,2025-04-22,M02,P01,Material defect,3,FAIL
QC-0002801,WO-000934,2025-04-22,M02,P01,Cosmetic,3,FAIL
QC-0002802,WO-000934,2025-04-22,M02,P01,Dimensional,0,PASS
QC-0002803,WO-000935,2025-04-22,M02,P01,Cosmetic,6,FAIL
QC-0002804,WO-000935,2025-04-22,M02,P01,Assembly mismatch,0,PASS
QC-0002805,WO-000935,2025-04-22,M02,P01,Weld porosity,1,FAIL
QC-0002806,WO-000936,2025-04-22,M03,P03,Surface finish,7,FAIL
QC-0002807,WO-000936,2025-04-22,M03,P03,Material defect,2,FAIL
QC-0002808,WO-000936,2025-04-22,M03,P03,Cosmetic,1,FAIL
QC-0002809,WO-000937,2025-04-22,M03,P05,Material defect,6,FAIL
QC-0002810,WO-000937,2025-04-22,M03,P05,Surface finish,5,FAIL
QC-0002811,WO-000937,2025-04-22,M03,P05,Dimensional,1,FAIL
QC-0002812,WO-000938,2025-04-22,M04,P03,Weld porosity,3,FAIL
QC-0002813,WO-000938,2025-04-22,M04,P03,Material defect,6,FAIL
QC-0002814,WO-000938,2025-04-22,M04,P03,Dimensional,1,FAIL
QC-0002815,WO-000939,2025-04-22,M04,P04,Surface finish,4,FAIL
QC-0002816,WO-000939,2025-04-22,M04,P04,Material defect,0,PASS
QC-0002817,WO-000939,2025-04-22,M04,P04,Weld porosity,1,FAIL
QC-0002818,WO-000940,2025-04-22,M05,P04,Cosmetic,3,FAIL
QC-0002819,WO-000940,2025-04-22,M05,P04,Dimensional,2,FAIL
QC-0002820,WO-000940,2025-04-22,M05,P04,Weld porosity,0,PASS
QC-0002821,WO-000941,2025-04-22,M05,P01,Assembly mismatch,1,FAIL
QC-0002822,WO-000941,2025-04-22,M05,P01,Surface finish,2,FAIL
QC-0002823,WO-000941,2025-04-22,M05,P01,Material defect,2,FAIL
QC-0002824,WO-000942,2025-04-22,M06,P01,Material defect,2,FAIL
QC-0002825,WO-000942,2025-04-22,M06,P01,Dimensional,2,FAIL
QC-0002826,WO-000942,2025-04-22,M06,P01,Weld porosity,2,FAIL
QC-0002827,WO-000943,2025-04-22,M06,P05,Weld porosity,9,FAIL
QC-0002828,WO-000943,2025-04-22,M06,P05,Cosmetic,2,FAIL
QC-0002829,WO-000943,2025-04-22,M06,P05,Surface finish,0,PASS
QC-0002830,WO-000944,2025-04-23,M01,P01,Cosmetic,3,FAIL
QC-0002831,WO-000944,2025-04-23,M01,P01,Dimensional,2,FAIL
QC-0002832,WO-000944,2025-04-23,M01,P01,Weld porosity,0,PASS
QC-0002833,WO-000945,2025-04-23,M01,P03,Assembly mismatch,3,FAIL
QC-0002834,WO-000945,2025-04-23,M01,P03,Weld porosity,7,FAIL
QC-0002835,WO-000945,2025-04-23,M01,P03,Dimensional,1,FAIL
QC-0002836,WO-000946,2025-04-23,M02,P01,Assembly mismatch,3,FAIL
QC-0002837,WO-000946,2025-04-23,M02,P01,Dimensional,1,FAIL
QC-0002838,WO-000946,2025-04-23,M02,P01,Surface finish,1,FAIL
QC-0002839,WO-000947,2025-04-23,M02,P05,Cosmetic,2,FAIL
QC-0002840,WO-000947,2025-04-23,M02,P05,Material defect,5,FAIL
QC-0002841,WO-000947,2025-04-23,M02,P05,Dimensional,2,FAIL
QC-0002842,WO-000948,2025-04-23,M03,P05,Dimensional,5,FAIL
QC-0002843,WO-000948,2025-04-23,M03,P05,Cosmetic,3,FAIL
QC-0002844,WO-000948,2025-04-23,M03,P05,Surface finish,1,FAIL
QC-0002845,WO-000949,2025-04-23,M04,P03,Weld porosity,4,FAIL
QC-0002846,WO-000949,2025-04-23,M04,P03,Surface finish,2,FAIL
QC-0002847,WO-000949,2025-04-23,M04,P03,Material defect,0,PASS
QC-0002848,WO-000950,2025-04-23,M04,P03,Surface finish,8,FAIL
QC-0002849,WO-000950,2025-04-23,M04,P03,Cosmetic,3,FAIL
QC-0002850,WO-000950,2025-04-23,M04,P03,Weld porosity,1,FAIL
QC-0002851,WO-000951,2025-04-23,M05,P01,Cosmetic,3,FAIL
QC-0002852,WO-000951,2025-04-23,M05,P01,Surface finish,0,PASS
QC-0002853,WO-000951,2025-04-23,M05,P01,Assembly mismatch,0,PASS
QC-0002854,WO-000952,2025-04-23,M05,P04,Weld porosity,2,FAIL
QC-0002855,WO-000952,2025-04-23,M05,P04,Cosmetic,1,FAIL
QC-0002856,WO-000952,2025-04-23,M05,P04,Material defect,1,FAIL
QC-0002857,WO-000953,2025-04-23,M06,P06,Dimensional,2,FAIL
QC-0002858,WO-000953,2025-04-23,M06,P06,Cosmetic,3,FAIL
QC-0002859,WO-000953,2025-04-23,M06,P06,Weld porosity,1,FAIL
QC-0002860,WO-000954,2025-04-23,M06,P04,Surface finish,3,FAIL
QC-0002861,WO-000954,2025-04-23,M06,P04,Weld porosity,2,FAIL
QC-0002862,WO-000954,2025-04-23,M06,P04,Cosmetic,0,PASS
QC-0002863,WO-000955,2025-04-24,M01,P02,Assembly mismatch,4,FAIL
QC-0002864,WO-000955,2025-04-24,M01,P02,Cosmetic,1,FAIL
QC-0002865,WO-000955,2025-04-24,M01,P02,Surface finish,1,FAIL
QC-0002866,WO-000956,2025-04-24,M01,P01,Assembly mismatch,4,FAIL
QC-0002867,WO-000956,2025-04-24,M01,P01,Material defect,1,FAIL
QC-0002868,WO-000956,2025-04-24,M01,P01,Cosmetic,1,FAIL
QC-0002869,WO-000957,2025-04-24,M02,P01,Dimensional,4,FAIL
QC-0002870,WO-000957,2025-04-24,M02,P01,Surface finish,0,PASS
QC-0002871,WO-000957,2025-04-24,M02,P01,Assembly mismatch,0,PASS
QC-0002872,WO-000958,2025-04-24,M02,P05,Material defect,6,FAIL
QC-0002873,WO-000958,2025-04-24,M02,P05,Cosmetic,3,FAIL
QC-0002874,WO-000958,2025-04-24,M02,P05,Surface finish,1,FAIL
QC-0002875,WO-000959,2025-04-24,M03,P03,Cosmetic,5,FAIL
QC-0002876,WO-000959,2025-04-24,M03,P03,Surface finish,3,FAIL
QC-0002877,WO-000959,2025-04-24,M03,P03,Dimensional,0,PASS
QC-0002878,WO-000960,2025-04-24,M03,P05,Surface finish,5,FAIL
QC-0002879,WO-000960,2025-04-24,M03,P05,Cosmetic,4,FAIL
QC-0002880,WO-000960,2025-04-24,M03,P05,Material defect,0,PASS
QC-0002881,WO-000961,2025-04-24,M04,P06,Weld porosity,3,FAIL
QC-0002882,WO-000961,2025-04-24,M04,P06,Dimensional,2,FAIL
QC-0002883,WO-000961,2025-04-24,M04,P06,Cosmetic,1,FAIL
QC-0002884,WO-000962,2025-04-24,M04,P06,Weld porosity,5,FAIL
QC-0002885,WO-000962,2025-04-24,M04,P06,Cosmetic,1,FAIL
QC-0002886,WO-000962,2025-04-24,M04,P06,Dimensional,0,PASS
QC-0002887,WO-000963,2025-04-24,M05,P06,Cosmetic,4,FAIL
QC-0002888,WO-000963,2025-04-24,M05,P06,Material defect,1,FAIL
QC-0002889,WO-000963,2025-04-24,M05,P06,Dimensional,1,FAIL
QC-0002890,WO-000964,2025-04-24,M06,P06,Material defect,4,FAIL
QC-0002891,WO-000964,2025-04-24,M06,P06,Dimensional,3,FAIL
QC-0002892,WO-000964,2025-04-24,M06,P06,Cosmetic,0,PASS
QC-0002893,WO-000965,2025-04-24,M06,P05,Cosmetic,7,FAIL
QC-0002894,WO-000965,2025-04-24,M06,P05,Dimensional,2,FAIL
QC-0002895,WO-000965,2025-04-24,M06,P05,Surface finish,0,PASS
QC-0002896,WO-000966,2025-04-25,M01,P01,Surface finish,3,FAIL
QC-0002897,WO-000966,2025-04-25,M01,P01,Assembly mismatch,2,FAIL
QC-0002898,WO-000966,2025-04-25,M01,P01,Dimensional,0,PASS
QC-0002899,WO-000967,2025-04-25,M01,P02,Material defect,3,FAIL
QC-0002900,WO-000967,2025-04-25,M01,P02,Weld porosity,1,FAIL
QC-0002901,WO-000967,2025-04-25,M01,P02,Surface finish,1,FAIL
QC-0002902,WO-000968,2025-04-25,M02,P01,Dimensional,4,FAIL
QC-0002903,WO-000968,2025-04-25,M02,P01,Material defect,0,PASS
QC-0002904,WO-000968,2025-04-25,M02,P01,Surface finish,0,PASS
QC-0002905,WO-000969,2025-04-25,M02,P02,Cosmetic,4,FAIL
QC-0002906,WO-000969,2025-04-25,M02,P02,Material defect,2,FAIL
QC-0002907,WO-000969,2025-04-25,M02,P02,Surface finish,0,PASS
QC-0002908,WO-000970,2025-04-25,M03,P05,Surface finish,8,FAIL
QC-0002909,WO-000970,2025-04-25,M03,P05,Assembly mismatch,1,FAIL
QC-0002910,WO-000970,2025-04-25,M03,P05,Dimensional,0,PASS
QC-0002911,WO-000971,2025-04-25,M03,P03,Cosmetic,3,FAIL
QC-0002912,WO-000971,2025-04-25,M03,P03,Surface finish,1,FAIL
QC-0002913,WO-000971,2025-04-25,M03,P03,Dimensional,1,FAIL
QC-0002914,WO-000972,2025-04-25,M04,P03,Weld porosity,7,FAIL
QC-0002915,WO-000972,2025-04-25,M04,P03,Surface finish,0,PASS
QC-0002916,WO-000972,2025-04-25,M04,P03,Cosmetic,1,FAIL
QC-0002917,WO-000973,2025-04-25,M04,P06,Weld porosity,6,FAIL
QC-0002918,WO-000973,2025-04-25,M04,P06,Surface finish,0,PASS
QC-0002919,WO-000973,2025-04-25,M04,P06,Dimensional,1,FAIL
QC-0002920,WO-000974,2025-04-25,M05,P04,Assembly mismatch,1,FAIL
QC-0002921,WO-000974,2025-04-25,M05,P04,Weld porosity,0,PASS
QC-0002922,WO-000974,2025-04-25,M05,P04,Dimensional,2,FAIL
QC-0002923,WO-000975,2025-04-25,M05,P01,Cosmetic,2,FAIL
QC-0002924,WO-000975,2025-04-25,M05,P01,Material defect,3,FAIL
QC-0002925,WO-000975,2025-04-25,M05,P01,Surface finish,0,PASS
QC-0002926,WO-000976,2025-04-25,M06,P01,Assembly mismatch,2,FAIL
QC-0002927,WO-000976,2025-04-25,M06,P01,Weld porosity,2,FAIL
QC-0002928,WO-000976,2025-04-25,M06,P01,Dimensional,1,FAIL
QC-0002929,WO-000977,2025-04-25,M06,P01,Material defect,3,FAIL
QC-0002930,WO-000977,2025-04-25,M06,P01,Surface finish,3,FAIL
QC-0002931,WO-000977,2025-04-25,M06,P01,Weld porosity,1,FAIL
QC-0002932,WO-000978,2025-04-28,M01,P03,Assembly mismatch,4,FAIL
QC-0002933,WO-000978,2025-04-28,M01,P03,Surface finish,1,FAIL
QC-0002934,WO-000978,2025-04-28,M01,P03,Dimensional,0,PASS
QC-0002935,WO-000979,2025-04-28,M01,P01,Cosmetic,2,FAIL
QC-0002936,WO-000979,2025-04-28,M01,P01,Material defect,1,FAIL
QC-0002937,WO-000979,2025-04-28,M01,P01,Surface finish,2,FAIL
QC-0002938,WO-000980,2025-04-28,M02,P05,Dimensional,2,FAIL
QC-0002939,WO-000980,2025-04-28,M02,P05,Material defect,6,FAIL
QC-0002940,WO-000980,2025-04-28,M02,P05,Surface finish,1,FAIL
QC-0002941,WO-000981,2025-04-28,M02,P02,Weld porosity,3,FAIL
QC-0002942,WO-000981,2025-04-28,M02,P02,Surface finish,3,FAIL
QC-0002943,WO-000981,2025-04-28,M02,P02,Material defect,0,PASS
QC-0002944,WO-000982,2025-04-28,M03,P03,Surface finish,4,FAIL
QC-0002945,WO-000982,2025-04-28,M03,P03,Material defect,2,FAIL
QC-0002946,WO-000982,2025-04-28,M03,P03,Cosmetic,1,FAIL
QC-0002947,WO-000983,2025-04-28,M03,P01,Dimensional,4,FAIL
QC-0002948,WO-000983,2025-04-28,M03,P01,Surface finish,3,FAIL
QC-0002949,WO-000983,2025-04-28,M03,P01,Weld porosity,1,FAIL
QC-0002950,WO-000984,2025-04-28,M04,P04,Weld porosity,2,FAIL
QC-0002951,WO-000984,2025-04-28,M04,P04,Surface finish,2,FAIL
QC-0002952,WO-000984,2025-04-28,M04,P04,Dimensional,2,FAIL
QC-0002953,WO-000985,2025-04-28,M04,P04,Weld porosity,3,FAIL
QC-0002954,WO-000985,2025-04-28,M04,P04,Assembly mismatch,1,FAIL
QC-0002955,WO-000985,2025-04-28,M04,P04,Material defect,0,PASS
QC-0002956,WO-000986,2025-04-28,M05,P04,Material defect,3,FAIL
QC-0002957,WO-000986,2025-04-28,M05,P04,Dimensional,0,PASS
QC-0002958,WO-000986,2025-04-28,M05,P04,Surface finish,0,PASS
QC-0002959,WO-000987,2025-04-28,M05,P06,Dimensional,5,FAIL
QC-0002960,WO-000987,2025-04-28,M05,P06,Cosmetic,1,FAIL
QC-0002961,WO-000987,2025-04-28,M05,P06,Surface finish,1,FAIL
QC-0002962,WO-000988,2025-04-28,M06,P04,Cosmetic,4,FAIL
QC-0002963,WO-000988,2025-04-28,M06,P04,Weld porosity,0,PASS
QC-0002964,WO-000988,2025-04-28,M06,P04,Assembly mismatch,2,FAIL
QC-0002965,WO-000989,2025-04-28,M06,P06,Weld porosity,3,FAIL
QC-0002966,WO-000989,2025-04-28,M06,P06,Dimensional,3,FAIL
QC-0002967,WO-000989,2025-04-28,M06,P06,Assembly mismatch,0,PASS
QC-0002968,WO-000990,2025-04-29,M01,P02,Assembly mismatch,5,FAIL
QC-0002969,WO-000990,2025-04-29,M01,P02,Weld porosity,1,FAIL
QC-0002970,WO-000990,2025-04-29,M01,P02,Material defect,0,PASS
QC-0002971,WO-000991,2025-04-29,M01,P02,Surface finish,6,FAIL
QC-0002972,WO-000991,2025-04-29,M01,P02,Weld porosity,1,FAIL
QC-0002973,WO-000991,2025-04-29,M01,P02,Cosmetic,0,PASS
QC-0002974,WO-000992,2025-04-29,M02,P01,Surface finish,0,PASS
QC-0002975,WO-000992,2025-04-29,M02,P01,Weld porosity,2,FAIL
QC-0002976,WO-000992,2025-04-29,M02,P01,Cosmetic,2,FAIL
QC-0002977,WO-000993,2025-04-29,M02,P02,Dimensional,5,FAIL
QC-0002978,WO-000993,2025-04-29,M02,P02,Cosmetic,0,PASS
QC-0002979,WO-000993,2025-04-29,M02,P02,Surface finish,1,FAIL
QC-0002980,WO-000994,2025-04-29,M03,P05,Cosmetic,6,FAIL
QC-0002981,WO-000994,2025-04-29,M03,P05,Surface finish,4,FAIL
QC-0002982,WO-000994,2025-04-29,M03,P05,Weld porosity,1,FAIL
QC-0002983,WO-000995,2025-04-29,M03,P03,Material defect,6,FAIL
QC-0002984,WO-000995,2025-04-29,M03,P03,Dimensional,2,FAIL
QC-0002985,WO-000995,2025-04-29,M03,P03,Surface finish,3,FAIL
QC-0002986,WO-000996,2025-04-29,M04,P03,Weld porosity,1,FAIL
QC-0002987,WO-000996,2025-04-29,M04,P03,Material defect,4,FAIL
QC-0002988,WO-000996,2025-04-29,M04,P03,Surface finish,3,FAIL
QC-0002989,WO-000997,2025-04-29,M04,P04,Weld porosity,2,FAIL
QC-0002990,WO-000997,2025-04-29,M04,P04,Dimensional,4,FAIL
QC-0002991,WO-000997,2025-04-29,M04,P04,Material defect,1,FAIL
QC-0002992,WO-000998,2025-04-29,M05,P01,Material defect,2,FAIL
QC-0002993,WO-000998,2025-04-29,M05,P01,Weld porosity,1,FAIL
QC-0002994,WO-000998,2025-04-29,M05,P01,Assembly mismatch,2,FAIL
QC-0002995,WO-000999,2025-04-29,M05,P05,Assembly mismatch,8,FAIL
QC-0002996,WO-000999,2025-04-29,M05,P05,Weld porosity,2,FAIL
QC-0002997,WO-000999,2025-04-29,M05,P05,Cosmetic,1,FAIL
QC-0002998,WO-001000,2025-04-29,M06,P04,Assembly mismatch,1,FAIL
QC-0002999,WO-001000,2025-04-29,M06,P04,Cosmetic,2,FAIL
QC-0003000,WO-001000,2025-04-29,M06,P04,Weld porosity,1,FAIL
QC-0003001,WO-001001,2025-04-29,M06,P05,Cosmetic,10,FAIL
QC-0003002,WO-001001,2025-04-29,M06,P05,Dimensional,2,FAIL
QC-0003003,WO-001001,2025-04-29,M06,P05,Assembly mismatch,1,FAIL
QC-0003004,WO-001002,2025-04-30,M01,P03,Dimensional,6,FAIL
QC-0003005,WO-001002,2025-04-30,M01,P03,Surface finish,2,FAIL
QC-0003006,WO-001002,2025-04-30,M01,P03,Assembly mismatch,1,FAIL
QC-0003007,WO-001003,2025-04-30,M01,P03,Weld porosity,9,FAIL
QC-0003008,WO-001003,2025-04-30,M01,P03,Assembly mismatch,0,PASS
QC-0003009,WO-001003,2025-04-30,M01,P03,Material defect,1,FAIL
QC-0003010,WO-001004,2025-04-30,M02,P01,Dimensional,2,FAIL
QC-0003011,WO-001004,2025-04-30,M02,P01,Weld porosity,0,PASS
QC-0003012,WO-001004,2025-04-30,M02,P01,Cosmetic,0,PASS
QC-0003013,WO-001005,2025-04-30,M02,P05,Dimensional,6,FAIL
QC-0003014,WO-001005,2025-04-30,M02,P05,Assembly mismatch,3,FAIL
QC-0003015,WO-001005,2025-04-30,M02,P05,Material defect,2,FAIL
QC-0003016,WO-001006,2025-04-30,M03,P03,Assembly mismatch,2,FAIL
QC-0003017,WO-001006,2025-04-30,M03,P03,Surface finish,2,FAIL
QC-0003018,WO-001006,2025-04-30,M03,P03,Material defect,0,PASS
QC-0003019,WO-001007,2025-04-30,M03,P01,Cosmetic,4,FAIL
QC-0003020,WO-001007,2025-04-30,M03,P01,Assembly mismatch,1,FAIL
QC-0003021,WO-001007,2025-04-30,M03,P01,Weld porosity,0,PASS
QC-0003022,WO-001008,2025-04-30,M04,P03,Weld porosity,4,FAIL
QC-0003023,WO-001008,2025-04-30,M04,P03,Material defect,2,FAIL
QC-0003024,WO-001008,2025-04-30,M04,P03,Cosmetic,2,FAIL
QC-0003025,WO-001009,2025-04-30,M04,P04,Weld porosity,4,FAIL
QC-0003026,WO-001009,2025-04-30,M04,P04,Surface finish,0,PASS
QC-0003027,WO-001009,2025-04-30,M04,P04,Material defect,1,FAIL
QC-0003028,WO-001010,2025-04-30,M05,P06,Weld porosity,4,FAIL
QC-0003029,WO-001010,2025-04-30,M05,P06,Cosmetic,2,FAIL
QC-0003030,WO-001010,2025-04-30,M05,P06,Surface finish,0,PASS
QC-0003031,WO-001011,2025-04-30,M05,P01,Dimensional,3,FAIL
QC-0003032,WO-001011,2025-04-30,M05,P01,Cosmetic,2,FAIL
QC-0003033,WO-001011,2025-04-30,M05,P01,Weld porosity,0,PASS
QC-0003034,WO-001012,2025-04-30,M06,P05,Weld porosity,5,FAIL
QC-0003035,WO-001012,2025-04-30,M06,P05,Assembly mismatch,4,FAIL
QC-0003036,WO-001012,2025-04-30,M06,P05,Dimensional,0,PASS
QC-0003037,WO-001013,2025-04-30,M06,P06,Material defect,5,FAIL
QC-0003038,WO-001013,2025-04-30,M06,P06,Dimensional,1,FAIL
QC-0003039,WO-001013,2025-04-30,M06,P06,Weld porosity,0,PASS
QC-0003040,WO-001014,2025-05-01,M01,P02,Assembly mismatch,6,FAIL
QC-0003041,WO-001014,2025-05-01,M01,P02,Surface finish,1,FAIL
QC-0003042,WO-001014,2025-05-01,M01,P02,Weld porosity,1,FAIL
QC-0003043,WO-001015,2025-05-01,M01,P02,Cosmetic,5,FAIL
QC-0003044,WO-001015,2025-05-01,M01,P02,Surface finish,1,FAIL
QC-0003045,WO-001015,2025-05-01,M01,P02,Material defect,2,FAIL
QC-0003046,WO-001016,2025-05-01,M02,P05,Cosmetic,3,FAIL
QC-0003047,WO-001016,2025-05-01,M02,P05,Surface finish,5,FAIL
QC-0003048,WO-001016,2025-05-01,M02,P05,Weld porosity,1,FAIL
QC-0003049,WO-001017,2025-05-01,M03,P01,Weld porosity,4,FAIL
QC-0003050,WO-001017,2025-05-01,M03,P01,Material defect,0,PASS
QC-0003051,WO-001017,2025-05-01,M03,P01,Cosmetic,0,PASS
QC-0003052,WO-001018,2025-05-01,M03,P03,Material defect,4,FAIL
QC-0003053,WO-001018,2025-05-01,M03,P03,Weld porosity,4,FAIL
QC-0003054,WO-001018,2025-05-01,M03,P03,Cosmetic,4,FAIL
QC-0003055,WO-001019,2025-05-01,M04,P03,Weld porosity,6,FAIL
QC-0003056,WO-001019,2025-05-01,M04,P03,Assembly mismatch,4,FAIL
QC-0003057,WO-001019,2025-05-01,M04,P03,Material defect,0,PASS
QC-0003058,WO-001020,2025-05-01,M04,P06,Weld porosity,3,FAIL
QC-0003059,WO-001020,2025-05-01,M04,P06,Assembly mismatch,2,FAIL
QC-0003060,WO-001020,2025-05-01,M04,P06,Dimensional,1,FAIL
QC-0003061,WO-001021,2025-05-01,M05,P01,Material defect,3,FAIL
QC-0003062,WO-001021,2025-05-01,M05,P01,Assembly mismatch,1,FAIL
QC-0003063,WO-001021,2025-05-01,M05,P01,Dimensional,0,PASS
QC-0003064,WO-001022,2025-05-01,M05,P05,Cosmetic,5,FAIL
QC-0003065,WO-001022,2025-05-01,M05,P05,Surface finish,2,FAIL
QC-0003066,WO-001022,2025-05-01,M05,P05,Weld porosity,3,FAIL
QC-0003067,WO-001023,2025-05-01,M06,P01,Cosmetic,3,FAIL
QC-0003068,WO-001023,2025-05-01,M06,P01,Surface finish,1,FAIL
QC-0003069,WO-001023,2025-05-01,M06,P01,Assembly mismatch,0,PASS
QC-0003070,WO-001024,2025-05-01,M06,P05,Cosmetic,6,FAIL
QC-0003071,WO-001024,2025-05-01,M06,P05,Material defect,2,FAIL
QC-0003072,WO-001024,2025-05-01,M06,P05,Surface finish,2,FAIL
QC-0003073,WO-001025,2025-05-02,M01,P01,Weld porosity,4,FAIL
QC-0003074,WO-001025,2025-05-02,M01,P01,Dimensional,0,PASS
QC-0003075,WO-001025,2025-05-02,M01,P01,Material defect,1,FAIL
QC-0003076,WO-001026,2025-05-02,M01,P01,Assembly mismatch,3,FAIL
QC-0003077,WO-001026,2025-05-02,M01,P01,Cosmetic,2,FAIL
QC-0003078,WO-001026,2025-05-02,M01,P01,Surface finish,0,PASS
QC-0003079,WO-001027,2025-05-02,M02,P05,Surface finish,4,FAIL
QC-0003080,WO-001027,2025-05-02,M02,P05,Material defect,2,FAIL
QC-0003081,WO-001027,2025-05-02,M02,P05,Weld porosity,3,FAIL
QC-0003082,WO-001028,2025-05-02,M02,P05,Weld porosity,8,FAIL
QC-0003083,WO-001028,2025-05-02,M02,P05,Cosmetic,2,FAIL
QC-0003084,WO-001028,2025-05-02,M02,P05,Dimensional,0,PASS
QC-0003085,WO-001029,2025-05-02,M03,P03,Material defect,3,FAIL
QC-0003086,WO-001029,2025-05-02,M03,P03,Dimensional,2,FAIL
QC-0003087,WO-001029,2025-05-02,M03,P03,Cosmetic,1,FAIL
QC-0003088,WO-001030,2025-05-02,M03,P05,Dimensional,9,FAIL
QC-0003089,WO-001030,2025-05-02,M03,P05,Cosmetic,1,FAIL
QC-0003090,WO-001030,2025-05-02,M03,P05,Weld porosity,0,PASS
QC-0003091,WO-001031,2025-05-02,M04,P06,Weld porosity,2,FAIL
QC-0003092,WO-001031,2025-05-02,M04,P06,Material defect,2,FAIL
QC-0003093,WO-001031,2025-05-02,M04,P06,Assembly mismatch,2,FAIL
QC-0003094,WO-001032,2025-05-02,M04,P03,Dimensional,8,FAIL
QC-0003095,WO-001032,2025-05-02,M04,P03,Surface finish,3,FAIL
QC-0003096,WO-001032,2025-05-02,M04,P03,Weld porosity,1,FAIL
QC-0003097,WO-001033,2025-05-02,M05,P01,Dimensional,2,FAIL
QC-0003098,WO-001033,2025-05-02,M05,P01,Cosmetic,2,FAIL
QC-0003099,WO-001033,2025-05-02,M05,P01,Assembly mismatch,1,FAIL
QC-0003100,WO-001034,2025-05-02,M06,P04,Surface finish,1,FAIL
QC-0003101,WO-001034,2025-05-02,M06,P04,Dimensional,1,FAIL
QC-0003102,WO-001034,2025-05-02,M06,P04,Assembly mismatch,2,FAIL
QC-0003103,WO-001035,2025-05-02,M06,P04,Cosmetic,3,FAIL
QC-0003104,WO-001035,2025-05-02,M06,P04,Surface finish,1,FAIL
QC-0003105,WO-001035,2025-05-02,M06,P04,Assembly mismatch,1,FAIL
QC-0003106,WO-001036,2025-05-05,M01,P02,Cosmetic,2,FAIL
QC-0003107,WO-001036,2025-05-05,M01,P02,Dimensional,3,FAIL
QC-0003108,WO-001036,2025-05-05,M01,P02,Weld porosity,1,FAIL
QC-0003109,WO-001037,2025-05-05,M01,P02,Dimensional,3,FAIL
QC-0003110,WO-001037,2025-05-05,M01,P02,Surface finish,4,FAIL
QC-0003111,WO-001037,2025-05-05,M01,P02,Cosmetic,0,PASS
QC-0003112,WO-001038,2025-05-05,M02,P02,Dimensional,6,FAIL
QC-0003113,WO-001038,2025-05-05,M02,P02,Assembly mismatch,0,PASS
QC-0003114,WO-001038,2025-05-05,M02,P02,Cosmetic,1,FAIL
QC-0003115,WO-001039,2025-05-05,M02,P02,Weld porosity,2,FAIL
QC-0003116,WO-001039,2025-05-05,M02,P02,Material defect,1,FAIL
QC-0003117,WO-001039,2025-05-05,M02,P02,Assembly mismatch,1,FAIL
QC-0003118,WO-001040,2025-05-05,M03,P03,Weld porosity,3,FAIL
QC-0003119,WO-001040,2025-05-05,M03,P03,Material defect,0,PASS
QC-0003120,WO-001040,2025-05-05,M03,P03,Assembly mismatch,2,FAIL
QC-0003121,WO-001041,2025-05-05,M03,P03,Assembly mismatch,6,FAIL
QC-0003122,WO-001041,2025-05-05,M03,P03,Surface finish,3,FAIL
QC-0003123,WO-001041,2025-05-05,M03,P03,Weld porosity,2,FAIL
QC-0003124,WO-001042,2025-05-05,M04,P03,Weld porosity,5,FAIL
QC-0003125,WO-001042,2025-05-05,M04,P03,Cosmetic,3,FAIL
QC-0003126,WO-001042,2025-05-05,M04,P03,Assembly mismatch,0,PASS
QC-0003127,WO-001043,2025-05-05,M04,P04,Assembly mismatch,3,FAIL
QC-0003128,WO-001043,2025-05-05,M04,P04,Cosmetic,0,PASS
QC-0003129,WO-001043,2025-05-05,M04,P04,Weld porosity,2,FAIL
QC-0003130,WO-001044,2025-05-05,M05,P06,Assembly mismatch,2,FAIL
QC-0003131,WO-001044,2025-05-05,M05,P06,Cosmetic,2,FAIL
QC-0003132,WO-001044,2025-05-05,M05,P06,Weld porosity,2,FAIL
QC-0003133,WO-001045,2025-05-05,M05,P01,Weld porosity,3,FAIL
QC-0003134,WO-001045,2025-05-05,M05,P01,Assembly mismatch,0,PASS
QC-0003135,WO-001045,2025-05-05,M05,P01,Surface finish,1,FAIL
QC-0003136,WO-001046,2025-05-05,M06,P04,Dimensional,4,FAIL
QC-0003137,WO-001046,2025-05-05,M06,P04,Assembly mismatch,1,FAIL
QC-0003138,WO-001046,2025-05-05,M06,P04,Weld porosity,0,PASS
QC-0003139,WO-001047,2025-05-05,M06,P06,Cosmetic,4,FAIL
QC-0003140,WO-001047,2025-05-05,M06,P06,Weld porosity,1,FAIL
QC-0003141,WO-001047,2025-05-05,M06,P06,Surface finish,0,PASS
QC-0003142,WO-001048,2025-05-06,M01,P03,Surface finish,5,FAIL
QC-0003143,WO-001048,2025-05-06,M01,P03,Cosmetic,1,FAIL
QC-0003144,WO-001048,2025-05-06,M01,P03,Material defect,0,PASS
QC-0003145,WO-001049,2025-05-06,M01,P03,Surface finish,3,FAIL
QC-0003146,WO-001049,2025-05-06,M01,P03,Material defect,1,FAIL
QC-0003147,WO-001049,2025-05-06,M01,P03,Cosmetic,1,FAIL
QC-0003148,WO-001050,2025-05-06,M02,P02,Dimensional,2,FAIL
QC-0003149,WO-001050,2025-05-06,M02,P02,Material defect,4,FAIL
QC-0003150,WO-001050,2025-05-06,M02,P02,Assembly mismatch,0,PASS
QC-0003151,WO-001051,2025-05-06,M02,P01,Material defect,2,FAIL
QC-0003152,WO-001051,2025-05-06,M02,P01,Cosmetic,1,FAIL
QC-0003153,WO-001051,2025-05-06,M02,P01,Assembly mismatch,2,FAIL
QC-0003154,WO-001052,2025-05-06,M03,P01,Material defect,3,FAIL
QC-0003155,WO-001052,2025-05-06,M03,P01,Assembly mismatch,0,PASS
QC-0003156,WO-001052,2025-05-06,M03,P01,Weld porosity,0,PASS
QC-0003157,WO-001053,2025-05-06,M03,P01,Material defect,2,FAIL
QC-0003158,WO-001053,2025-05-06,M03,P01,Dimensional,2,FAIL
QC-0003159,WO-001053,2025-05-06,M03,P01,Weld porosity,1,FAIL
QC-0003160,WO-001054,2025-05-06,M04,P03,Weld porosity,9,FAIL
QC-0003161,WO-001054,2025-05-06,M04,P03,Dimensional,0,PASS
QC-0003162,WO-001054,2025-05-06,M04,P03,Cosmetic,0,PASS
QC-0003163,WO-001055,2025-05-06,M04,P03,Weld porosity,4,FAIL
QC-0003164,WO-001055,2025-05-06,M04,P03,Material defect,3,FAIL
QC-0003165,WO-001055,2025-05-06,M04,P03,Assembly mismatch,3,FAIL
QC-0003166,WO-001056,2025-05-06,M05,P06,Material defect,4,FAIL
QC-0003167,WO-001056,2025-05-06,M05,P06,Dimensional,1,FAIL
QC-0003168,WO-001056,2025-05-06,M05,P06,Weld porosity,1,FAIL
QC-0003169,WO-001057,2025-05-06,M05,P01,Weld porosity,2,FAIL
QC-0003170,WO-001057,2025-05-06,M05,P01,Surface finish,2,FAIL
QC-0003171,WO-001057,2025-05-06,M05,P01,Material defect,3,FAIL
QC-0003172,WO-001058,2025-05-06,M06,P01,Cosmetic,0,PASS
QC-0003173,WO-001058,2025-05-06,M06,P01,Assembly mismatch,2,FAIL
QC-0003174,WO-001058,2025-05-06,M06,P01,Surface finish,4,FAIL
QC-0003175,WO-001059,2025-05-06,M06,P04,Weld porosity,6,FAIL
QC-0003176,WO-001059,2025-05-06,M06,P04,Assembly mismatch,0,PASS
QC-0003177,WO-001059,2025-05-06,M06,P04,Material defect,0,PASS
QC-0003178,WO-001060,2025-05-07,M01,P02,Cosmetic,3,FAIL
QC-0003179,WO-001060,2025-05-07,M01,P02,Assembly mismatch,3,FAIL
QC-0003180,WO-001060,2025-05-07,M01,P02,Surface finish,1,FAIL
QC-0003181,WO-001061,2025-05-07,M01,P02,Assembly mismatch,5,FAIL
QC-0003182,WO-001061,2025-05-07,M01,P02,Surface finish,1,FAIL
QC-0003183,WO-001061,2025-05-07,M01,P02,Dimensional,1,FAIL
QC-0003184,WO-001062,2025-05-07,M02,P01,Material defect,0,PASS
QC-0003185,WO-001062,2025-05-07,M02,P01,Cosmetic,4,FAIL
QC-0003186,WO-001062,2025-05-07,M02,P01,Dimensional,0,PASS
QC-0003187,WO-001063,2025-05-07,M02,P01,Surface finish,2,FAIL
QC-0003188,WO-001063,2025-05-07,M02,P01,Material defect,2,FAIL
QC-0003189,WO-001063,2025-05-07,M02,P01,Cosmetic,0,PASS
QC-0003190,WO-001064,2025-05-07,M03,P03,Weld porosity,5,FAIL
QC-0003191,WO-001064,2025-05-07,M03,P03,Dimensional,1,FAIL
QC-0003192,WO-001064,2025-05-07,M03,P03,Surface finish,2,FAIL
QC-0003193,WO-001065,2025-05-07,M03,P01,Material defect,2,FAIL
QC-0003194,WO-001065,2025-05-07,M03,P01,Weld porosity,2,FAIL
QC-0003195,WO-001065,2025-05-07,M03,P01,Surface finish,2,FAIL
QC-0003196,WO-001066,2025-05-07,M04,P03,Weld porosity,6,FAIL
QC-0003197,WO-001066,2025-05-07,M04,P03,Cosmetic,2,FAIL
QC-0003198,WO-001066,2025-05-07,M04,P03,Assembly mismatch,3,FAIL
QC-0003199,WO-001067,2025-05-07,M04,P04,Weld porosity,4,FAIL
QC-0003200,WO-001067,2025-05-07,M04,P04,Cosmetic,0,PASS
QC-0003201,WO-001067,2025-05-07,M04,P04,Dimensional,1,FAIL
QC-0003202,WO-001068,2025-05-07,M05,P01,Material defect,3,FAIL
QC-0003203,WO-001068,2025-05-07,M05,P01,Weld porosity,1,FAIL
QC-0003204,WO-001068,2025-05-07,M05,P01,Assembly mismatch,1,FAIL
QC-0003205,WO-001069,2025-05-07,M05,P05,Assembly mismatch,5,FAIL
QC-0003206,WO-001069,2025-05-07,M05,P05,Cosmetic,1,FAIL
QC-0003207,WO-001069,2025-05-07,M05,P05,Dimensional,2,FAIL
QC-0003208,WO-001070,2025-05-07,M06,P04,Cosmetic,3,FAIL
QC-0003209,WO-001070,2025-05-07,M06,P04,Material defect,3,FAIL
QC-0003210,WO-001070,2025-05-07,M06,P04,Weld porosity,0,PASS
QC-0003211,WO-001071,2025-05-07,M06,P05,Weld porosity,6,FAIL
QC-0003212,WO-001071,2025-05-07,M06,P05,Assembly mismatch,5,FAIL
QC-0003213,WO-001071,2025-05-07,M06,P05,Surface finish,0,PASS
QC-0003214,WO-001072,2025-05-08,M01,P01,Dimensional,4,FAIL
QC-0003215,WO-001072,2025-05-08,M01,P01,Material defect,1,FAIL
QC-0003216,WO-001072,2025-05-08,M01,P01,Weld porosity,1,FAIL
QC-0003217,WO-001073,2025-05-08,M01,P01,Cosmetic,2,FAIL
QC-0003218,WO-001073,2025-05-08,M01,P01,Weld porosity,4,FAIL
QC-0003219,WO-001073,2025-05-08,M01,P01,Material defect,1,FAIL
QC-0003220,WO-001074,2025-05-08,M02,P02,Cosmetic,3,FAIL
QC-0003221,WO-001074,2025-05-08,M02,P02,Surface finish,2,FAIL
QC-0003222,WO-001074,2025-05-08,M02,P02,Weld porosity,0,PASS
QC-0003223,WO-001075,2025-05-08,M02,P01,Weld porosity,2,FAIL
QC-0003224,WO-001075,2025-05-08,M02,P01,Assembly mismatch,1,FAIL
QC-0003225,WO-001075,2025-05-08,M02,P01,Surface finish,2,FAIL
QC-0003226,WO-001076,2025-05-08,M03,P05,Cosmetic,6,FAIL
QC-0003227,WO-001076,2025-05-08,M03,P05,Surface finish,1,FAIL
QC-0003228,WO-001076,2025-05-08,M03,P05,Dimensional,1,FAIL
QC-0003229,WO-001077,2025-05-08,M03,P05,Cosmetic,4,FAIL
QC-0003230,WO-001077,2025-05-08,M03,P05,Dimensional,2,FAIL
QC-0003231,WO-001077,2025-05-08,M03,P05,Material defect,3,FAIL
QC-0003232,WO-001078,2025-05-08,M04,P04,Weld porosity,2,FAIL
QC-0003233,WO-001078,2025-05-08,M04,P04,Assembly mismatch,2,FAIL
QC-0003234,WO-001078,2025-05-08,M04,P04,Surface finish,0,PASS
QC-0003235,WO-001079,2025-05-08,M04,P06,Weld porosity,3,FAIL
QC-0003236,WO-001079,2025-05-08,M04,P06,Material defect,2,FAIL
QC-0003237,WO-001079,2025-05-08,M04,P06,Cosmetic,1,FAIL
QC-0003238,WO-001080,2025-05-08,M05,P01,Cosmetic,3,FAIL
QC-0003239,WO-001080,2025-05-08,M05,P01,Dimensional,1,FAIL
QC-0003240,WO-001080,2025-05-08,M05,P01,Assembly mismatch,1,FAIL
QC-0003241,WO-001081,2025-05-08,M05,P05,Material defect,8,FAIL
QC-0003242,WO-001081,2025-05-08,M05,P05,Dimensional,2,FAIL
QC-0003243,WO-001081,2025-05-08,M05,P05,Assembly mismatch,1,FAIL
QC-0003244,WO-001082,2025-05-08,M06,P04,Dimensional,2,FAIL
QC-0003245,WO-001082,2025-05-08,M06,P04,Surface finish,0,PASS
QC-0003246,WO-001082,2025-05-08,M06,P04,Material defect,1,FAIL
QC-0003247,WO-001083,2025-05-08,M06,P05,Weld porosity,7,FAIL
QC-0003248,WO-001083,2025-05-08,M06,P05,Assembly mismatch,2,FAIL
QC-0003249,WO-001083,2025-05-08,M06,P05,Surface finish,2,FAIL
QC-0003250,WO-001084,2025-05-09,M01,P01,Weld porosity,5,FAIL
QC-0003251,WO-001084,2025-05-09,M01,P01,Material defect,3,FAIL
QC-0003252,WO-001084,2025-05-09,M01,P01,Assembly mismatch,1,FAIL
QC-0003253,WO-001085,2025-05-09,M01,P01,Weld porosity,0,PASS
QC-0003254,WO-001085,2025-05-09,M01,P01,Assembly mismatch,2,FAIL
QC-0003255,WO-001085,2025-05-09,M01,P01,Material defect,1,FAIL
QC-0003256,WO-001086,2025-05-09,M02,P02,Weld porosity,3,FAIL
QC-0003257,WO-001086,2025-05-09,M02,P02,Material defect,1,FAIL
QC-0003258,WO-001086,2025-05-09,M02,P02,Cosmetic,1,FAIL
QC-0003259,WO-001087,2025-05-09,M02,P02,Assembly mismatch,2,FAIL
QC-0003260,WO-001087,2025-05-09,M02,P02,Weld porosity,2,FAIL
QC-0003261,WO-001087,2025-05-09,M02,P02,Surface finish,2,FAIL
QC-0003262,WO-001088,2025-05-09,M03,P05,Weld porosity,4,FAIL
QC-0003263,WO-001088,2025-05-09,M03,P05,Cosmetic,3,FAIL
QC-0003264,WO-001088,2025-05-09,M03,P05,Material defect,1,FAIL
QC-0003265,WO-001089,2025-05-09,M03,P05,Cosmetic,8,FAIL
QC-0003266,WO-001089,2025-05-09,M03,P05,Dimensional,3,FAIL
QC-0003267,WO-001089,2025-05-09,M03,P05,Material defect,0,PASS
QC-0003268,WO-001090,2025-05-09,M04,P04,Weld porosity,4,FAIL
QC-0003269,WO-001090,2025-05-09,M04,P04,Assembly mismatch,1,FAIL
QC-0003270,WO-001090,2025-05-09,M04,P04,Surface finish,1,FAIL
QC-0003271,WO-001091,2025-05-09,M04,P03,Dimensional,7,FAIL
QC-0003272,WO-001091,2025-05-09,M04,P03,Weld porosity,3,FAIL
QC-0003273,WO-001091,2025-05-09,M04,P03,Surface finish,2,FAIL
QC-0003274,WO-001092,2025-05-09,M05,P05,Weld porosity,6,FAIL
QC-0003275,WO-001092,2025-05-09,M05,P05,Material defect,3,FAIL
QC-0003276,WO-001092,2025-05-09,M05,P05,Dimensional,0,PASS
QC-0003277,WO-001093,2025-05-09,M05,P04,Material defect,3,FAIL
QC-0003278,WO-001093,2025-05-09,M05,P04,Dimensional,1,FAIL
QC-0003279,WO-001093,2025-05-09,M05,P04,Weld porosity,1,FAIL
QC-0003280,WO-001094,2025-05-09,M06,P05,Weld porosity,4,FAIL
QC-0003281,WO-001094,2025-05-09,M06,P05,Material defect,3,FAIL
QC-0003282,WO-001094,2025-05-09,M06,P05,Dimensional,3,FAIL
QC-0003283,WO-001095,2025-05-09,M06,P04,Surface finish,3,FAIL
QC-0003284,WO-001095,2025-05-09,M06,P04,Assembly mismatch,1,FAIL
QC-0003285,WO-001095,2025-05-09,M06,P04,Material defect,1,FAIL
QC-0003286,WO-001096,2025-05-12,M01,P02,Weld porosity,4,FAIL
QC-0003287,WO-001096,2025-05-12,M01,P02,Material defect,1,FAIL
QC-0003288,WO-001096,2025-05-12,M01,P02,Dimensional,1,FAIL
QC-0003289,WO-001097,2025-05-12,M01,P03,Weld porosity,6,FAIL
QC-0003290,WO-001097,2025-05-12,M01,P03,Dimensional,1,FAIL
QC-0003291,WO-001097,2025-05-12,M01,P03,Cosmetic,0,PASS
QC-0003292,WO-001098,2025-05-12,M02,P01,Surface finish,3,FAIL
QC-0003293,WO-001098,2025-05-12,M02,P01,Dimensional,2,FAIL
QC-0003294,WO-001098,2025-05-12,M02,P01,Cosmetic,0,PASS
QC-0003295,WO-001099,2025-05-12,M02,P02,Dimensional,4,FAIL
QC-0003296,WO-001099,2025-05-12,M02,P02,Material defect,0,PASS
QC-0003297,WO-001099,2025-05-12,M02,P02,Weld porosity,2,FAIL
QC-0003298,WO-001100,2025-05-12,M03,P03,Material defect,5,FAIL
QC-0003299,WO-001100,2025-05-12,M03,P03,Assembly mismatch,1,FAIL
QC-0003300,WO-001100,2025-05-12,M03,P03,Weld porosity,0,PASS
QC-0003301,WO-001101,2025-05-12,M03,P05,Dimensional,4,FAIL
QC-0003302,WO-001101,2025-05-12,M03,P05,Surface finish,2,FAIL
QC-0003303,WO-001101,2025-05-12,M03,P05,Weld porosity,1,FAIL
QC-0003304,WO-001102,2025-05-12,M04,P06,Weld porosity,6,FAIL
QC-0003305,WO-001102,2025-05-12,M04,P06,Cosmetic,0,PASS
QC-0003306,WO-001102,2025-05-12,M04,P06,Assembly mismatch,0,PASS
QC-0003307,WO-001103,2025-05-12,M04,P03,Weld porosity,6,FAIL
QC-0003308,WO-001103,2025-05-12,M04,P03,Assembly mismatch,3,FAIL
QC-0003309,WO-001103,2025-05-12,M04,P03,Surface finish,0,PASS
QC-0003310,WO-001104,2025-05-12,M05,P01,Weld porosity,4,FAIL
QC-0003311,WO-001104,2025-05-12,M05,P01,Material defect,0,PASS
QC-0003312,WO-001104,2025-05-12,M05,P01,Assembly mismatch,1,FAIL
QC-0003313,WO-001105,2025-05-12,M05,P05,Cosmetic,8,FAIL
QC-0003314,WO-001105,2025-05-12,M05,P05,Assembly mismatch,1,FAIL
QC-0003315,WO-001105,2025-05-12,M05,P05,Dimensional,1,FAIL
QC-0003316,WO-001106,2025-05-12,M06,P04,Assembly mismatch,4,FAIL
QC-0003317,WO-001106,2025-05-12,M06,P04,Surface finish,0,PASS
QC-0003318,WO-001106,2025-05-12,M06,P04,Dimensional,0,PASS
QC-0003319,WO-001107,2025-05-12,M06,P06,Surface finish,3,FAIL
QC-0003320,WO-001107,2025-05-12,M06,P06,Weld porosity,5,FAIL
QC-0003321,WO-001107,2025-05-12,M06,P06,Material defect,0,PASS
QC-0003322,WO-001108,2025-05-13,M01,P03,Surface finish,3,FAIL
QC-0003323,WO-001108,2025-05-13,M01,P03,Material defect,2,FAIL
QC-0003324,WO-001108,2025-05-13,M01,P03,Weld porosity,0,PASS
QC-0003325,WO-001109,2025-05-13,M01,P03,Surface finish,2,FAIL
QC-0003326,WO-001109,2025-05-13,M01,P03,Weld porosity,2,FAIL
QC-0003327,WO-001109,2025-05-13,M01,P03,Assembly mismatch,0,PASS
QC-0003328,WO-001110,2025-05-13,M02,P01,Assembly mismatch,4,FAIL
QC-0003329,WO-001110,2025-05-13,M02,P01,Material defect,1,FAIL
QC-0003330,WO-001110,2025-05-13,M02,P01,Surface finish,1,FAIL
QC-0003331,WO-001111,2025-05-13,M02,P02,Material defect,3,FAIL
QC-0003332,WO-001111,2025-05-13,M02,P02,Cosmetic,1,FAIL
QC-0003333,WO-001111,2025-05-13,M02,P02,Assembly mismatch,1,FAIL
QC-0003334,WO-001112,2025-05-13,M03,P03,Weld porosity,2,FAIL
QC-0003335,WO-001112,2025-05-13,M03,P03,Surface finish,1,FAIL
QC-0003336,WO-001112,2025-05-13,M03,P03,Cosmetic,2,FAIL
QC-0003337,WO-001113,2025-05-13,M03,P05,Assembly mismatch,6,FAIL
QC-0003338,WO-001113,2025-05-13,M03,P05,Surface finish,3,FAIL
QC-0003339,WO-001113,2025-05-13,M03,P05,Weld porosity,1,FAIL
QC-0003340,WO-001114,2025-05-13,M04,P06,Weld porosity,4,FAIL
QC-0003341,WO-001114,2025-05-13,M04,P06,Material defect,0,PASS
QC-0003342,WO-001114,2025-05-13,M04,P06,Dimensional,2,FAIL
QC-0003343,WO-001115,2025-05-13,M04,P06,Weld porosity,2,FAIL
QC-0003344,WO-001115,2025-05-13,M04,P06,Material defect,2,FAIL
QC-0003345,WO-001115,2025-05-13,M04,P06,Surface finish,2,FAIL
QC-0003346,WO-001116,2025-05-13,M05,P05,Assembly mismatch,6,FAIL
QC-0003347,WO-001116,2025-05-13,M05,P05,Dimensional,2,FAIL
QC-0003348,WO-001116,2025-05-13,M05,P05,Material defect,0,PASS
QC-0003349,WO-001117,2025-05-13,M05,P01,Surface finish,4,FAIL
QC-0003350,WO-001117,2025-05-13,M05,P01,Dimensional,2,FAIL
QC-0003351,WO-001117,2025-05-13,M05,P01,Assembly mismatch,2,FAIL
QC-0003352,WO-001118,2025-05-13,M06,P01,Cosmetic,4,FAIL
QC-0003353,WO-001118,2025-05-13,M06,P01,Material defect,1,FAIL
QC-0003354,WO-001118,2025-05-13,M06,P01,Weld porosity,0,PASS
QC-0003355,WO-001119,2025-05-13,M06,P06,Assembly mismatch,3,FAIL
QC-0003356,WO-001119,2025-05-13,M06,P06,Weld porosity,3,FAIL
QC-0003357,WO-001119,2025-05-13,M06,P06,Dimensional,1,FAIL
QC-0003358,WO-001120,2025-05-14,M01,P02,Surface finish,5,FAIL
QC-0003359,WO-001120,2025-05-14,M01,P02,Dimensional,1,FAIL
QC-0003360,WO-001120,2025-05-14,M01,P02,Material defect,0,PASS
QC-0003361,WO-001121,2025-05-14,M02,P02,Dimensional,4,FAIL
QC-0003362,WO-001121,2025-05-14,M02,P02,Cosmetic,1,FAIL
QC-0003363,WO-001121,2025-05-14,M02,P02,Weld porosity,0,PASS
QC-0003364,WO-001122,2025-05-14,M02,P01,Surface finish,3,FAIL
QC-0003365,WO-001122,2025-05-14,M02,P01,Assembly mismatch,2,FAIL
QC-0003366,WO-001122,2025-05-14,M02,P01,Weld porosity,0,PASS
QC-0003367,WO-001123,2025-05-14,M03,P05,Assembly mismatch,8,FAIL
QC-0003368,WO-001123,2025-05-14,M03,P05,Weld porosity,2,FAIL
QC-0003369,WO-001123,2025-05-14,M03,P05,Cosmetic,0,PASS
QC-0003370,WO-001124,2025-05-14,M03,P05,Surface finish,6,FAIL
QC-0003371,WO-001124,2025-05-14,M03,P05,Dimensional,1,FAIL
QC-0003372,WO-001124,2025-05-14,M03,P05,Assembly mismatch,2,FAIL
QC-0003373,WO-001125,2025-05-14,M04,P03,Weld porosity,7,FAIL
QC-0003374,WO-001125,2025-05-14,M04,P03,Assembly mismatch,3,FAIL
QC-0003375,WO-001125,2025-05-14,M04,P03,Cosmetic,1,FAIL
QC-0003376,WO-001126,2025-05-14,M04,P03,Cosmetic,3,FAIL
QC-0003377,WO-001126,2025-05-14,M04,P03,Dimensional,1,FAIL
QC-0003378,WO-001126,2025-05-14,M04,P03,Weld porosity,2,FAIL
QC-0003379,WO-001127,2025-05-14,M05,P05,Cosmetic,8,FAIL
QC-0003380,WO-001127,2025-05-14,M05,P05,Dimensional,0,PASS
QC-0003381,WO-001127,2025-05-14,M05,P05,Surface finish,1,FAIL
QC-0003382,WO-001128,2025-05-14,M05,P05,Surface finish,5,FAIL
QC-0003383,WO-001128,2025-05-14,M05,P05,Dimensional,3,FAIL
QC-0003384,WO-001128,2025-05-14,M05,P05,Assembly mismatch,0,PASS
QC-0003385,WO-001129,2025-05-14,M06,P04,Material defect,2,FAIL
QC-0003386,WO-001129,2025-05-14,M06,P04,Assembly mismatch,1,FAIL
QC-0003387,WO-001129,2025-05-14,M06,P04,Dimensional,2,FAIL
QC-0003388,WO-001130,2025-05-14,M06,P04,Surface finish,1,FAIL
QC-0003389,WO-001130,2025-05-14,M06,P04,Dimensional,1,FAIL
QC-0003390,WO-001130,2025-05-14,M06,P04,Cosmetic,3,FAIL
QC-0003391,WO-001131,2025-05-15,M01,P02,Weld porosity,8,FAIL
QC-0003392,WO-001131,2025-05-15,M01,P02,Dimensional,0,PASS
QC-0003393,WO-001131,2025-05-15,M01,P02,Cosmetic,0,PASS
QC-0003394,WO-001132,2025-05-15,M01,P02,Material defect,3,FAIL
QC-0003395,WO-001132,2025-05-15,M01,P02,Cosmetic,3,FAIL
QC-0003396,WO-001132,2025-05-15,M01,P02,Dimensional,2,FAIL
QC-0003397,WO-001133,2025-05-15,M02,P01,Dimensional,4,FAIL
QC-0003398,WO-001133,2025-05-15,M02,P01,Surface finish,1,FAIL
QC-0003399,WO-001133,2025-05-15,M02,P01,Weld porosity,0,PASS
QC-0003400,WO-001134,2025-05-15,M02,P02,Cosmetic,4,FAIL
QC-0003401,WO-001134,2025-05-15,M02,P02,Dimensional,2,FAIL
QC-0003402,WO-001134,2025-05-15,M02,P02,Assembly mismatch,1,FAIL
QC-0003403,WO-001135,2025-05-15,M03,P03,Assembly mismatch,2,FAIL
QC-0003404,WO-001135,2025-05-15,M03,P03,Material defect,3,FAIL
QC-0003405,WO-001135,2025-05-15,M03,P03,Cosmetic,1,FAIL
QC-0003406,WO-001136,2025-05-15,M03,P03,Material defect,3,FAIL
QC-0003407,WO-001136,2025-05-15,M03,P03,Dimensional,2,FAIL
QC-0003408,WO-001136,2025-05-15,M03,P03,Cosmetic,1,FAIL
QC-0003409,WO-001137,2025-05-15,M04,P03,Weld porosity,4,FAIL
QC-0003410,WO-001137,2025-05-15,M04,P03,Surface finish,3,FAIL
QC-0003411,WO-001137,2025-05-15,M04,P03,Dimensional,1,FAIL
QC-0003412,WO-001138,2025-05-15,M04,P03,Weld porosity,5,FAIL
QC-0003413,WO-001138,2025-05-15,M04,P03,Assembly mismatch,3,FAIL
QC-0003414,WO-001138,2025-05-15,M04,P03,Dimensional,3,FAIL
QC-0003415,WO-001139,2025-05-15,M05,P04,Material defect,2,FAIL
QC-0003416,WO-001139,2025-05-15,M05,P04,Assembly mismatch,2,FAIL
QC-0003417,WO-001139,2025-05-15,M05,P04,Surface finish,0,PASS
QC-0003418,WO-001140,2025-05-15,M05,P01,Dimensional,2,FAIL
QC-0003419,WO-001140,2025-05-15,M05,P01,Surface finish,2,FAIL
QC-0003420,WO-001140,2025-05-15,M05,P01,Assembly mismatch,1,FAIL
QC-0003421,WO-001141,2025-05-15,M06,P04,Material defect,3,FAIL
QC-0003422,WO-001141,2025-05-15,M06,P04,Weld porosity,1,FAIL
QC-0003423,WO-001141,2025-05-15,M06,P04,Cosmetic,1,FAIL
QC-0003424,WO-001142,2025-05-15,M06,P04,Assembly mismatch,5,FAIL
QC-0003425,WO-001142,2025-05-15,M06,P04,Surface finish,1,FAIL
QC-0003426,WO-001142,2025-05-15,M06,P04,Weld porosity,0,PASS
QC-0003427,WO-001143,2025-05-16,M01,P03,Material defect,4,FAIL
QC-0003428,WO-001143,2025-05-16,M01,P03,Surface finish,1,FAIL
QC-0003429,WO-001143,2025-05-16,M01,P03,Weld porosity,2,FAIL
QC-0003430,WO-001144,2025-05-16,M01,P01,Surface finish,3,FAIL
QC-0003431,WO-001144,2025-05-16,M01,P01,Cosmetic,3,FAIL
QC-0003432,WO-001144,2025-05-16,M01,P01,Material defect,0,PASS
QC-0003433,WO-001145,2025-05-16,M02,P02,Weld porosity,4,FAIL
QC-0003434,WO-001145,2025-05-16,M02,P02,Cosmetic,1,FAIL
QC-0003435,WO-001145,2025-05-16,M02,P02,Material defect,2,FAIL
QC-0003436,WO-001146,2025-05-16,M02,P05,Assembly mismatch,3,FAIL
QC-0003437,WO-001146,2025-05-16,M02,P05,Surface finish,6,FAIL
QC-0003438,WO-001146,2025-05-16,M02,P05,Cosmetic,2,FAIL
QC-0003439,WO-001147,2025-05-16,M03,P05,Surface finish,8,FAIL
QC-0003440,WO-001147,2025-05-16,M03,P05,Dimensional,0,PASS
QC-0003441,WO-001147,2025-05-16,M03,P05,Cosmetic,4,FAIL
QC-0003442,WO-001148,2025-05-16,M03,P01,Surface finish,4,FAIL
QC-0003443,WO-001148,2025-05-16,M03,P01,Dimensional,1,FAIL
QC-0003444,WO-001148,2025-05-16,M03,P01,Weld porosity,2,FAIL
QC-0003445,WO-001149,2025-05-16,M04,P06,Weld porosity,5,FAIL
QC-0003446,WO-001149,2025-05-16,M04,P06,Assembly mismatch,0,PASS
QC-0003447,WO-001149,2025-05-16,M04,P06,Surface finish,1,FAIL
QC-0003448,WO-001150,2025-05-16,M04,P03,Weld porosity,5,FAIL
QC-0003449,WO-001150,2025-05-16,M04,P03,Material defect,3,FAIL
QC-0003450,WO-001150,2025-05-16,M04,P03,Assembly mismatch,3,FAIL
QC-0003451,WO-001151,2025-05-16,M05,P05,Dimensional,7,FAIL
QC-0003452,WO-001151,2025-05-16,M05,P05,Assembly mismatch,0,PASS
QC-0003453,WO-001151,2025-05-16,M05,P05,Surface finish,4,FAIL
QC-0003454,WO-001152,2025-05-16,M05,P04,Material defect,2,FAIL
QC-0003455,WO-001152,2025-05-16,M05,P04,Weld porosity,2,FAIL
QC-0003456,WO-001152,2025-05-16,M05,P04,Surface finish,1,FAIL
QC-0003457,WO-001153,2025-05-16,M06,P04,Material defect,4,FAIL
QC-0003458,WO-001153,2025-05-16,M06,P04,Weld porosity,2,FAIL
QC-0003459,WO-001153,2025-05-16,M06,P04,Surface finish,1,FAIL
QC-0003460,WO-001154,2025-05-16,M06,P01,Material defect,2,FAIL
QC-0003461,WO-001154,2025-05-16,M06,P01,Weld porosity,1,FAIL
QC-0003462,WO-001154,2025-05-16,M06,P01,Cosmetic,1,FAIL
QC-0003463,WO-001155,2025-05-19,M01,P03,Material defect,2,FAIL
QC-0003464,WO-001155,2025-05-19,M01,P03,Cosmetic,5,FAIL
QC-0003465,WO-001155,2025-05-19,M01,P03,Dimensional,1,FAIL
QC-0003466,WO-001156,2025-05-19,M01,P01,Weld porosity,4,FAIL
QC-0003467,WO-001156,2025-05-19,M01,P01,Dimensional,2,FAIL
QC-0003468,WO-001156,2025-05-19,M01,P01,Assembly mismatch,0,PASS
QC-0003469,WO-001157,2025-05-19,M02,P02,Material defect,1,FAIL
QC-0003470,WO-001157,2025-05-19,M02,P02,Surface finish,2,FAIL
QC-0003471,WO-001157,2025-05-19,M02,P02,Assembly mismatch,2,FAIL
QC-0003472,WO-001158,2025-05-19,M02,P05,Material defect,6,FAIL
QC-0003473,WO-001158,2025-05-19,M02,P05,Dimensional,5,FAIL
QC-0003474,WO-001158,2025-05-19,M02,P05,Cosmetic,0,PASS
QC-0003475,WO-001159,2025-05-19,M03,P05,Assembly mismatch,6,FAIL
QC-0003476,WO-001159,2025-05-19,M03,P05,Material defect,2,FAIL
QC-0003477,WO-001159,2025-05-19,M03,P05,Cosmetic,1,FAIL
QC-0003478,WO-001160,2025-05-19,M03,P05,Material defect,9,FAIL
QC-0003479,WO-001160,2025-05-19,M03,P05,Assembly mismatch,2,FAIL
QC-0003480,WO-001160,2025-05-19,M03,P05,Surface finish,0,PASS
QC-0003481,WO-001161,2025-05-19,M04,P04,Assembly mismatch,3,FAIL
QC-0003482,WO-001161,2025-05-19,M04,P04,Weld porosity,2,FAIL
QC-0003483,WO-001161,2025-05-19,M04,P04,Cosmetic,0,PASS
QC-0003484,WO-001162,2025-05-19,M04,P03,Weld porosity,4,FAIL
QC-0003485,WO-001162,2025-05-19,M04,P03,Surface finish,4,FAIL
QC-0003486,WO-001162,2025-05-19,M04,P03,Dimensional,0,PASS
QC-0003487,WO-001163,2025-05-19,M05,P01,Dimensional,0,PASS
QC-0003488,WO-001163,2025-05-19,M05,P01,Cosmetic,3,FAIL
QC-0003489,WO-001163,2025-05-19,M05,P01,Material defect,1,FAIL
QC-0003490,WO-001164,2025-05-19,M05,P04,Dimensional,3,FAIL
QC-0003491,WO-001164,2025-05-19,M05,P04,Surface finish,1,FAIL
QC-0003492,WO-001164,2025-05-19,M05,P04,Cosmetic,1,FAIL
QC-0003493,WO-001165,2025-05-19,M06,P06,Surface finish,4,FAIL
QC-0003494,WO-001165,2025-05-19,M06,P06,Assembly mismatch,1,FAIL
QC-0003495,WO-001165,2025-05-19,M06,P06,Weld porosity,2,FAIL
QC-0003496,WO-001166,2025-05-19,M06,P06,Cosmetic,4,FAIL
QC-0003497,WO-001166,2025-05-19,M06,P06,Assembly mismatch,1,FAIL
QC-0003498,WO-001166,2025-05-19,M06,P06,Dimensional,3,FAIL
QC-0003499,WO-001167,2025-05-20,M01,P01,Material defect,4,FAIL
QC-0003500,WO-001167,2025-05-20,M01,P01,Assembly mismatch,0,PASS
QC-0003501,WO-001167,2025-05-20,M01,P01,Cosmetic,1,FAIL
QC-0003502,WO-001168,2025-05-20,M01,P01,Cosmetic,2,FAIL
QC-0003503,WO-001168,2025-05-20,M01,P01,Material defect,1,FAIL
QC-0003504,WO-001168,2025-05-20,M01,P01,Assembly mismatch,2,FAIL
QC-0003505,WO-001169,2025-05-20,M02,P02,Cosmetic,5,FAIL
QC-0003506,WO-001169,2025-05-20,M02,P02,Dimensional,2,FAIL
QC-0003507,WO-001169,2025-05-20,M02,P02,Surface finish,0,PASS
QC-0003508,WO-001170,2025-05-20,M02,P05,Cosmetic,4,FAIL
QC-0003509,WO-001170,2025-05-20,M02,P05,Surface finish,3,FAIL
QC-0003510,WO-001170,2025-05-20,M02,P05,Weld porosity,1,FAIL
QC-0003511,WO-001171,2025-05-20,M03,P05,Cosmetic,6,FAIL
QC-0003512,WO-001171,2025-05-20,M03,P05,Weld porosity,2,FAIL
QC-0003513,WO-001171,2025-05-20,M03,P05,Material defect,1,FAIL
QC-0003514,WO-001172,2025-05-20,M03,P03,Weld porosity,6,FAIL
QC-0003515,WO-001172,2025-05-20,M03,P03,Material defect,3,FAIL
QC-0003516,WO-001172,2025-05-20,M03,P03,Cosmetic,0,PASS
QC-0003517,WO-001173,2025-05-20,M04,P04,Weld porosity,3,FAIL
QC-0003518,WO-001173,2025-05-20,M04,P04,Material defect,2,FAIL
QC-0003519,WO-001173,2025-05-20,M04,P04,Surface finish,0,PASS
QC-0003520,WO-001174,2025-05-20,M04,P04,Weld porosity,2,FAIL
QC-0003521,WO-001174,2025-05-20,M04,P04,Material defect,1,FAIL
QC-0003522,WO-001174,2025-05-20,M04,P04,Assembly mismatch,2,FAIL
QC-0003523,WO-001175,2025-05-20,M05,P01,Assembly mismatch,3,FAIL
QC-0003524,WO-001175,2025-05-20,M05,P01,Material defect,2,FAIL
QC-0003525,WO-001175,2025-05-20,M05,P01,Cosmetic,1,FAIL
QC-0003526,WO-001176,2025-05-20,M05,P01,Weld porosity,5,FAIL
QC-0003527,WO-001176,2025-05-20,M05,P01,Assembly mismatch,1,FAIL
QC-0003528,WO-001176,2025-05-20,M05,P01,Surface finish,0,PASS
QC-0003529,WO-001177,2025-05-20,M06,P05,Dimensional,4,FAIL
QC-0003530,WO-001177,2025-05-20,M06,P05,Weld porosity,6,FAIL
QC-0003531,WO-001177,2025-05-20,M06,P05,Material defect,1,FAIL
QC-0003532,WO-001178,2025-05-20,M06,P04,Weld porosity,1,FAIL
QC-0003533,WO-001178,2025-05-20,M06,P04,Surface finish,1,FAIL
QC-0003534,WO-001178,2025-05-20,M06,P04,Material defect,2,FAIL
QC-0003535,WO-001179,2025-05-21,M01,P02,Weld porosity,2,FAIL
QC-0003536,WO-001179,2025-05-21,M01,P02,Dimensional,2,FAIL
QC-0003537,WO-001179,2025-05-21,M01,P02,Assembly mismatch,2,FAIL
QC-0003538,WO-001180,2025-05-21,M01,P01,Material defect,3,FAIL
QC-0003539,WO-001180,2025-05-21,M01,P01,Weld porosity,5,FAIL
QC-0003540,WO-001180,2025-05-21,M01,P01,Surface finish,0,PASS
QC-0003541,WO-001181,2025-05-21,M02,P02,Surface finish,4,FAIL
QC-0003542,WO-001181,2025-05-21,M02,P02,Assembly mismatch,2,FAIL
QC-0003543,WO-001181,2025-05-21,M02,P02,Cosmetic,0,PASS
QC-0003544,WO-001182,2025-05-21,M02,P05,Weld porosity,3,FAIL
QC-0003545,WO-001182,2025-05-21,M02,P05,Cosmetic,4,FAIL
QC-0003546,WO-001182,2025-05-21,M02,P05,Dimensional,2,FAIL
QC-0003547,WO-001183,2025-05-21,M03,P05,Dimensional,4,FAIL
QC-0003548,WO-001183,2025-05-21,M03,P05,Assembly mismatch,4,FAIL
QC-0003549,WO-001183,2025-05-21,M03,P05,Weld porosity,2,FAIL
QC-0003550,WO-001184,2025-05-21,M04,P03,Weld porosity,4,FAIL
QC-0003551,WO-001184,2025-05-21,M04,P03,Assembly mismatch,5,FAIL
QC-0003552,WO-001184,2025-05-21,M04,P03,Surface finish,0,PASS
QC-0003553,WO-001185,2025-05-21,M04,P06,Cosmetic,4,FAIL
QC-0003554,WO-001185,2025-05-21,M04,P06,Dimensional,1,FAIL
QC-0003555,WO-001185,2025-05-21,M04,P06,Weld porosity,2,FAIL
QC-0003556,WO-001186,2025-05-21,M05,P04,Cosmetic,3,FAIL
QC-0003557,WO-001186,2025-05-21,M05,P04,Assembly mismatch,0,PASS
QC-0003558,WO-001186,2025-05-21,M05,P04,Material defect,0,PASS
QC-0003559,WO-001187,2025-05-21,M05,P04,Cosmetic,3,FAIL
QC-0003560,WO-001187,2025-05-21,M05,P04,Surface finish,1,FAIL
QC-0003561,WO-001187,2025-05-21,M05,P04,Dimensional,1,FAIL
QC-0003562,WO-001188,2025-05-21,M06,P06,Material defect,4,FAIL
QC-0003563,WO-001188,2025-05-21,M06,P06,Surface finish,2,FAIL
QC-0003564,WO-001188,2025-05-21,M06,P06,Cosmetic,0,PASS
QC-0003565,WO-001189,2025-05-21,M06,P01,Assembly mismatch,2,FAIL
QC-0003566,WO-001189,2025-05-21,M06,P01,Weld porosity,1,FAIL
QC-0003567,WO-001189,2025-05-21,M06,P01,Cosmetic,0,PASS
QC-0003568,WO-001190,2025-05-22,M01,P01,Cosmetic,4,FAIL
QC-0003569,WO-001190,2025-05-22,M01,P01,Dimensional,1,FAIL
QC-0003570,WO-001190,2025-05-22,M01,P01,Assembly mismatch,2,FAIL
QC-0003571,WO-001191,2025-05-22,M01,P01,Assembly mismatch,4,FAIL
QC-0003572,WO-001191,2025-05-22,M01,P01,Surface finish,1,FAIL
QC-0003573,WO-001191,2025-05-22,M01,P01,Weld porosity,1,FAIL
QC-0003574,WO-001192,2025-05-22,M02,P01,Material defect,0,PASS
QC-0003575,WO-001192,2025-05-22,M02,P01,Dimensional,3,FAIL
QC-0003576,WO-001192,2025-05-22,M02,P01,Assembly mismatch,2,FAIL
QC-0003577,WO-001193,2025-05-22,M02,P02,Material defect,5,FAIL
QC-0003578,WO-001193,2025-05-22,M02,P02,Assembly mismatch,0,PASS
QC-0003579,WO-001193,2025-05-22,M02,P02,Weld porosity,2,FAIL
QC-0003580,WO-001194,2025-05-22,M03,P03,Surface finish,2,FAIL
QC-0003581,WO-001194,2025-05-22,M03,P03,Material defect,3,FAIL
QC-0003582,WO-001194,2025-05-22,M03,P03,Cosmetic,2,FAIL
QC-0003583,WO-001195,2025-05-22,M03,P03,Assembly mismatch,4,FAIL
QC-0003584,WO-001195,2025-05-22,M03,P03,Dimensional,1,FAIL
QC-0003585,WO-001195,2025-05-22,M03,P03,Material defect,2,FAIL
QC-0003586,WO-001196,2025-05-22,M04,P04,Weld porosity,6,FAIL
QC-0003587,WO-001196,2025-05-22,M04,P04,Assembly mismatch,0,PASS
QC-0003588,WO-001196,2025-05-22,M04,P04,Material defect,0,PASS
QC-0003589,WO-001197,2025-05-22,M04,P04,Weld porosity,4,FAIL
QC-0003590,WO-001197,2025-05-22,M04,P04,Material defect,1,FAIL
QC-0003591,WO-001197,2025-05-22,M04,P04,Cosmetic,0,PASS
QC-0003592,WO-001198,2025-05-22,M05,P06,Assembly mismatch,3,FAIL
QC-0003593,WO-001198,2025-05-22,M05,P06,Dimensional,2,FAIL
QC-0003594,WO-001198,2025-05-22,M05,P06,Weld porosity,1,FAIL
QC-0003595,WO-001199,2025-05-22,M06,P05,Cosmetic,8,FAIL
QC-0003596,WO-001199,2025-05-22,M06,P05,Weld porosity,3,FAIL
QC-0003597,WO-001199,2025-05-22,M06,P05,Surface finish,1,FAIL
QC-0003598,WO-001200,2025-05-23,M01,P01,Assembly mismatch,2,FAIL
QC-0003599,WO-001200,2025-05-23,M01,P01,Dimensional,1,FAIL
QC-0003600,WO-001200,2025-05-23,M01,P01,Cosmetic,1,FAIL
QC-0003601,WO-001201,2025-05-23,M01,P01,Cosmetic,1,FAIL
QC-0003602,WO-001201,2025-05-23,M01,P01,Dimensional,2,FAIL
QC-0003603,WO-001201,2025-05-23,M01,P01,Surface finish,2,FAIL
QC-0003604,WO-001202,2025-05-23,M02,P01,Material defect,5,FAIL
QC-0003605,WO-001202,2025-05-23,M02,P01,Dimensional,1,FAIL
QC-0003606,WO-001202,2025-05-23,M02,P01,Weld porosity,0,PASS
QC-0003607,WO-001203,2025-05-23,M02,P01,Material defect,3,FAIL
QC-0003608,WO-001203,2025-05-23,M02,P01,Dimensional,1,FAIL
QC-0003609,WO-001203,2025-05-23,M02,P01,Weld porosity,1,FAIL
QC-0003610,WO-001204,2025-05-23,M03,P05,Material defect,7,FAIL
QC-0003611,WO-001204,2025-05-23,M03,P05,Cosmetic,3,FAIL
QC-0003612,WO-001204,2025-05-23,M03,P05,Dimensional,1,FAIL
QC-0003613,WO-001205,2025-05-23,M03,P03,Material defect,5,FAIL
QC-0003614,WO-001205,2025-05-23,M03,P03,Surface finish,2,FAIL
QC-0003615,WO-001205,2025-05-23,M03,P03,Dimensional,1,FAIL
QC-0003616,WO-001206,2025-05-23,M04,P03,Weld porosity,7,FAIL
QC-0003617,WO-001206,2025-05-23,M04,P03,Dimensional,1,FAIL
QC-0003618,WO-001206,2025-05-23,M04,P03,Cosmetic,2,FAIL
QC-0003619,WO-001207,2025-05-23,M04,P03,Dimensional,4,FAIL
QC-0003620,WO-001207,2025-05-23,M04,P03,Surface finish,5,FAIL
QC-0003621,WO-001207,2025-05-23,M04,P03,Weld porosity,1,FAIL
QC-0003622,WO-001208,2025-05-23,M05,P04,Surface finish,3,FAIL
QC-0003623,WO-001208,2025-05-23,M05,P04,Cosmetic,2,FAIL
QC-0003624,WO-001208,2025-05-23,M05,P04,Dimensional,0,PASS
QC-0003625,WO-001209,2025-05-23,M05,P01,Surface finish,3,FAIL
QC-0003626,WO-001209,2025-05-23,M05,P01,Dimensional,3,FAIL
QC-0003627,WO-001209,2025-05-23,M05,P01,Weld porosity,0,PASS
QC-0003628,WO-001210,2025-05-23,M06,P01,Cosmetic,5,FAIL
QC-0003629,WO-001210,2025-05-23,M06,P01,Assembly mismatch,0,PASS
QC-0003630,WO-001210,2025-05-23,M06,P01,Material defect,1,FAIL
QC-0003631,WO-001211,2025-05-23,M06,P04,Surface finish,4,FAIL
QC-0003632,WO-001211,2025-05-23,M06,P04,Material defect,1,FAIL
QC-0003633,WO-001211,2025-05-23,M06,P04,Dimensional,1,FAIL
QC-0003634,WO-001212,2025-05-26,M01,P03,Surface finish,5,FAIL
QC-0003635,WO-001212,2025-05-26,M01,P03,Weld porosity,3,FAIL
QC-0003636,WO-001212,2025-05-26,M01,P03,Cosmetic,0,PASS
QC-0003637,WO-001213,2025-05-26,M01,P01,Surface finish,5,FAIL
QC-0003638,WO-001213,2025-05-26,M01,P01,Assembly mismatch,2,FAIL
QC-0003639,WO-001213,2025-05-26,M01,P01,Material defect,0,PASS
QC-0003640,WO-001214,2025-05-26,M02,P02,Weld porosity,2,FAIL
QC-0003641,WO-001214,2025-05-26,M02,P02,Material defect,4,FAIL
QC-0003642,WO-001214,2025-05-26,M02,P02,Cosmetic,0,PASS
QC-0003643,WO-001215,2025-05-26,M02,P05,Cosmetic,3,FAIL
QC-0003644,WO-001215,2025-05-26,M02,P05,Weld porosity,6,FAIL
QC-0003645,WO-001215,2025-05-26,M02,P05,Surface finish,2,FAIL
QC-0003646,WO-001216,2025-05-26,M03,P05,Cosmetic,4,FAIL
QC-0003647,WO-001216,2025-05-26,M03,P05,Assembly mismatch,3,FAIL
QC-0003648,WO-001216,2025-05-26,M03,P05,Dimensional,1,FAIL
QC-0003649,WO-001217,2025-05-26,M03,P05,Weld porosity,6,FAIL
QC-0003650,WO-001217,2025-05-26,M03,P05,Assembly mismatch,3,FAIL
QC-0003651,WO-001217,2025-05-26,M03,P05,Surface finish,2,FAIL
QC-0003652,WO-001218,2025-05-26,M04,P04,Weld porosity,3,FAIL
QC-0003653,WO-001218,2025-05-26,M04,P04,Assembly mismatch,2,FAIL
QC-0003654,WO-001218,2025-05-26,M04,P04,Dimensional,1,FAIL
QC-0003655,WO-001219,2025-05-26,M04,P03,Weld porosity,5,FAIL
QC-0003656,WO-001219,2025-05-26,M04,P03,Material defect,1,FAIL
QC-0003657,WO-001219,2025-05-26,M04,P03,Assembly mismatch,2,FAIL
QC-0003658,WO-001220,2025-05-26,M05,P06,Surface finish,3,FAIL
QC-0003659,WO-001220,2025-05-26,M05,P06,Cosmetic,1,FAIL
QC-0003660,WO-001220,2025-05-26,M05,P06,Material defect,1,FAIL
QC-0003661,WO-001221,2025-05-26,M05,P01,Weld porosity,3,FAIL
QC-0003662,WO-001221,2025-05-26,M05,P01,Surface finish,2,FAIL
QC-0003663,WO-001221,2025-05-26,M05,P01,Dimensional,0,PASS
QC-0003664,WO-001222,2025-05-26,M06,P01,Assembly mismatch,5,FAIL
QC-0003665,WO-001222,2025-05-26,M06,P01,Cosmetic,1,FAIL
QC-0003666,WO-001222,2025-05-26,M06,P01,Weld porosity,1,FAIL
QC-0003667,WO-001223,2025-05-26,M06,P06,Material defect,5,FAIL
QC-0003668,WO-001223,2025-05-26,M06,P06,Dimensional,2,FAIL
QC-0003669,WO-001223,2025-05-26,M06,P06,Surface finish,0,PASS
QC-0003670,WO-001224,2025-05-27,M01,P01,Cosmetic,3,FAIL
QC-0003671,WO-001224,2025-05-27,M01,P01,Assembly mismatch,3,FAIL
QC-0003672,WO-001224,2025-05-27,M01,P01,Weld porosity,1,FAIL
QC-0003673,WO-001225,2025-05-27,M01,P01,Cosmetic,1,FAIL
QC-0003674,WO-001225,2025-05-27,M01,P01,Dimensional,2,FAIL
QC-0003675,WO-001225,2025-05-27,M01,P01,Surface finish,1,FAIL
QC-0003676,WO-001226,2025-05-27,M02,P01,Dimensional,7,FAIL
QC-0003677,WO-001226,2025-05-27,M02,P01,Material defect,1,FAIL
QC-0003678,WO-001226,2025-05-27,M02,P01,Cosmetic,0,PASS
QC-0003679,WO-001227,2025-05-27,M02,P05,Assembly mismatch,8,FAIL
QC-0003680,WO-001227,2025-05-27,M02,P05,Dimensional,2,FAIL
QC-0003681,WO-001227,2025-05-27,M02,P05,Weld porosity,2,FAIL
QC-0003682,WO-001228,2025-05-27,M03,P05,Weld porosity,5,FAIL
QC-0003683,WO-001228,2025-05-27,M03,P05,Surface finish,4,FAIL
QC-0003684,WO-001228,2025-05-27,M03,P05,Material defect,2,FAIL
QC-0003685,WO-001229,2025-05-27,M03,P03,Material defect,4,FAIL
QC-0003686,WO-001229,2025-05-27,M03,P03,Surface finish,1,FAIL
QC-0003687,WO-001229,2025-05-27,M03,P03,Weld porosity,1,FAIL
QC-0003688,WO-001230,2025-05-27,M04,P03,Weld porosity,5,FAIL
QC-0003689,WO-001230,2025-05-27,M04,P03,Surface finish,3,FAIL
QC-0003690,WO-001230,2025-05-27,M04,P03,Cosmetic,2,FAIL
QC-0003691,WO-001231,2025-05-27,M04,P06,Dimensional,6,FAIL
QC-0003692,WO-001231,2025-05-27,M04,P06,Assembly mismatch,0,PASS
QC-0003693,WO-001231,2025-05-27,M04,P06,Weld porosity,0,PASS
QC-0003694,WO-001232,2025-05-27,M05,P04,Dimensional,3,FAIL
QC-0003695,WO-001232,2025-05-27,M05,P04,Assembly mismatch,0,PASS
QC-0003696,WO-001232,2025-05-27,M05,P04,Cosmetic,1,FAIL
QC-0003697,WO-001233,2025-05-27,M05,P04,Assembly mismatch,3,FAIL
QC-0003698,WO-001233,2025-05-27,M05,P04,Cosmetic,1,FAIL
QC-0003699,WO-001233,2025-05-27,M05,P04,Surface finish,1,FAIL
QC-0003700,WO-001234,2025-05-27,M06,P05,Material defect,7,FAIL
QC-0003701,WO-001234,2025-05-27,M06,P05,Assembly mismatch,2,FAIL
QC-0003702,WO-001234,2025-05-27,M06,P05,Weld porosity,1,FAIL
QC-0003703,WO-001235,2025-05-27,M06,P04,Assembly mismatch,2,FAIL
QC-0003704,WO-001235,2025-05-27,M06,P04,Dimensional,1,FAIL
QC-0003705,WO-001235,2025-05-27,M06,P04,Cosmetic,2,FAIL
QC-0003706,WO-001236,2025-05-28,M01,P03,Assembly mismatch,3,FAIL
QC-0003707,WO-001236,2025-05-28,M01,P03,Cosmetic,4,FAIL
QC-0003708,WO-001236,2025-05-28,M01,P03,Surface finish,1,FAIL
QC-0003709,WO-001237,2025-05-28,M01,P03,Assembly mismatch,6,FAIL
QC-0003710,WO-001237,2025-05-28,M01,P03,Surface finish,2,FAIL
QC-0003711,WO-001237,2025-05-28,M01,P03,Material defect,1,FAIL
QC-0003712,WO-001238,2025-05-28,M02,P05,Dimensional,5,FAIL
QC-0003713,WO-001238,2025-05-28,M02,P05,Cosmetic,1,FAIL
QC-0003714,WO-001238,2025-05-28,M02,P05,Material defect,3,FAIL
QC-0003715,WO-001239,2025-05-28,M02,P01,Dimensional,4,FAIL
QC-0003716,WO-001239,2025-05-28,M02,P01,Cosmetic,3,FAIL
QC-0003717,WO-001239,2025-05-28,M02,P01,Material defect,0,PASS
QC-0003718,WO-001240,2025-05-28,M03,P01,Assembly mismatch,1,FAIL
QC-0003719,WO-001240,2025-05-28,M03,P01,Cosmetic,1,FAIL
QC-0003720,WO-001240,2025-05-28,M03,P01,Material defect,1,FAIL
QC-0003721,WO-001241,2025-05-28,M03,P01,Cosmetic,4,FAIL
QC-0003722,WO-001241,2025-05-28,M03,P01,Assembly mismatch,0,PASS
QC-0003723,WO-001241,2025-05-28,M03,P01,Dimensional,3,FAIL
QC-0003724,WO-001242,2025-05-28,M04,P03,Weld porosity,4,FAIL
QC-0003725,WO-001242,2025-05-28,M04,P03,Assembly mismatch,2,FAIL
QC-0003726,WO-001242,2025-05-28,M04,P03,Material defect,2,FAIL
QC-0003727,WO-001243,2025-05-28,M04,P04,Weld porosity,2,FAIL
QC-0003728,WO-001243,2025-05-28,M04,P04,Dimensional,1,FAIL
QC-0003729,WO-001243,2025-05-28,M04,P04,Cosmetic,1,FAIL
QC-0003730,WO-001244,2025-05-28,M05,P04,Surface finish,2,FAIL
QC-0003731,WO-001244,2025-05-28,M05,P04,Dimensional,2,FAIL
QC-0003732,WO-001244,2025-05-28,M05,P04,Assembly mismatch,0,PASS
QC-0003733,WO-001245,2025-05-28,M05,P06,Weld porosity,1,FAIL
QC-0003734,WO-001245,2025-05-28,M05,P06,Assembly mismatch,3,FAIL
QC-0003735,WO-001245,2025-05-28,M05,P06,Cosmetic,2,FAIL
QC-0003736,WO-001246,2025-05-28,M06,P04,Assembly mismatch,4,FAIL
QC-0003737,WO-001246,2025-05-28,M06,P04,Material defect,1,FAIL
QC-0003738,WO-001246,2025-05-28,M06,P04,Cosmetic,1,FAIL
QC-0003739,WO-001247,2025-05-29,M01,P03,Surface finish,4,FAIL
QC-0003740,WO-001247,2025-05-29,M01,P03,Cosmetic,1,FAIL
QC-0003741,WO-001247,2025-05-29,M01,P03,Assembly mismatch,2,FAIL
QC-0003742,WO-001248,2025-05-29,M01,P01,Dimensional,3,FAIL
QC-0003743,WO-001248,2025-05-29,M01,P01,Material defect,0,PASS
QC-0003744,WO-001248,2025-05-29,M01,P01,Weld porosity,1,FAIL
QC-0003745,WO-001249,2025-05-29,M02,P01,Surface finish,2,FAIL
QC-0003746,WO-001249,2025-05-29,M02,P01,Weld porosity,2,FAIL
QC-0003747,WO-001249,2025-05-29,M02,P01,Material defect,0,PASS
QC-0003748,WO-001250,2025-05-29,M02,P02,Material defect,3,FAIL
QC-0003749,WO-001250,2025-05-29,M02,P02,Cosmetic,3,FAIL
QC-0003750,WO-001250,2025-05-29,M02,P02,Surface finish,0,PASS
QC-0003751,WO-001251,2025-05-29,M03,P01,Dimensional,6,FAIL
QC-0003752,WO-001251,2025-05-29,M03,P01,Cosmetic,2,FAIL
QC-0003753,WO-001251,2025-05-29,M03,P01,Assembly mismatch,0,PASS
QC-0003754,WO-001252,2025-05-29,M03,P03,Cosmetic,4,FAIL
QC-0003755,WO-001252,2025-05-29,M03,P03,Material defect,4,FAIL
QC-0003756,WO-001252,2025-05-29,M03,P03,Dimensional,1,FAIL
QC-0003757,WO-001253,2025-05-29,M04,P06,Weld porosity,3,FAIL
QC-0003758,WO-001253,2025-05-29,M04,P06,Cosmetic,1,FAIL
QC-0003759,WO-001253,2025-05-29,M04,P06,Surface finish,2,FAIL
QC-0003760,WO-001254,2025-05-29,M04,P04,Cosmetic,3,FAIL
QC-0003761,WO-001254,2025-05-29,M04,P04,Weld porosity,2,FAIL
QC-0003762,WO-001254,2025-05-29,M04,P04,Material defect,1,FAIL
QC-0003763,WO-001255,2025-05-29,M05,P05,Material defect,7,FAIL
QC-0003764,WO-001255,2025-05-29,M05,P05,Assembly mismatch,2,FAIL
QC-0003765,WO-001255,2025-05-29,M05,P05,Weld porosity,2,FAIL
QC-0003766,WO-001256,2025-05-29,M05,P06,Cosmetic,3,FAIL
QC-0003767,WO-001256,2025-05-29,M05,P06,Weld porosity,2,FAIL
QC-0003768,WO-001256,2025-05-29,M05,P06,Material defect,3,FAIL
QC-0003769,WO-001257,2025-05-29,M06,P04,Weld porosity,3,FAIL
QC-0003770,WO-001257,2025-05-29,M06,P04,Surface finish,1,FAIL
QC-0003771,WO-001257,2025-05-29,M06,P04,Cosmetic,0,PASS
QC-0003772,WO-001258,2025-05-29,M06,P05,Dimensional,2,FAIL
QC-0003773,WO-001258,2025-05-29,M06,P05,Cosmetic,2,FAIL
QC-0003774,WO-001258,2025-05-29,M06,P05,Material defect,5,FAIL
QC-0003775,WO-001259,2025-05-30,M01,P02,Surface finish,1,FAIL
QC-0003776,WO-001259,2025-05-30,M01,P02,Assembly mismatch,3,FAIL
QC-0003777,WO-001259,2025-05-30,M01,P02,Dimensional,0,PASS
QC-0003778,WO-001260,2025-05-30,M01,P02,Dimensional,6,FAIL
QC-0003779,WO-001260,2025-05-30,M01,P02,Material defect,0,PASS
QC-0003780,WO-001260,2025-05-30,M01,P02,Weld porosity,0,PASS
QC-0003781,WO-001261,2025-05-30,M02,P02,Material defect,4,FAIL
QC-0003782,WO-001261,2025-05-30,M02,P02,Weld porosity,3,FAIL
QC-0003783,WO-001261,2025-05-30,M02,P02,Surface finish,0,PASS
QC-0003784,WO-001262,2025-05-30,M03,P05,Cosmetic,6,FAIL
QC-0003785,WO-001262,2025-05-30,M03,P05,Material defect,2,FAIL
QC-0003786,WO-001262,2025-05-30,M03,P05,Surface finish,2,FAIL
QC-0003787,WO-001263,2025-05-30,M03,P01,Surface finish,3,FAIL
QC-0003788,WO-001263,2025-05-30,M03,P01,Dimensional,1,FAIL
QC-0003789,WO-001263,2025-05-30,M03,P01,Assembly mismatch,0,PASS
QC-0003790,WO-001264,2025-05-30,M04,P06,Weld porosity,6,FAIL
QC-0003791,WO-001264,2025-05-30,M04,P06,Assembly mismatch,0,PASS
QC-0003792,WO-001264,2025-05-30,M04,P06,Material defect,0,PASS
QC-0003793,WO-001265,2025-05-30,M04,P06,Surface finish,2,FAIL
QC-0003794,WO-001265,2025-05-30,M04,P06,Weld porosity,3,FAIL
QC-0003795,WO-001265,2025-05-30,M04,P06,Material defect,2,FAIL
QC-0003796,WO-001266,2025-05-30,M05,P06,Assembly mismatch,3,FAIL
QC-0003797,WO-001266,2025-05-30,M05,P06,Cosmetic,1,FAIL
QC-0003798,WO-001266,2025-05-30,M05,P06,Weld porosity,0,PASS
QC-0003799,WO-001267,2025-05-30,M05,P06,Surface finish,3,FAIL
QC-0003800,WO-001267,2025-05-30,M05,P06,Weld porosity,4,FAIL
QC-0003801,WO-001267,2025-05-30,M05,P06,Cosmetic,1,FAIL
QC-0003802,WO-001268,2025-05-30,M06,P01,Assembly mismatch,5,FAIL
QC-0003803,WO-001268,2025-05-30,M06,P01,Material defect,1,FAIL
QC-0003804,WO-001268,2025-05-30,M06,P01,Dimensional,0,PASS
QC-0003805,WO-001269,2025-05-30,M06,P05,Material defect,7,FAIL
QC-0003806,WO-001269,2025-05-30,M06,P05,Surface finish,3,FAIL
QC-0003807,WO-001269,2025-05-30,M06,P05,Dimensional,0,PASS
QC-0003808,WO-001270,2025-06-02,M01,P03,Dimensional,6,FAIL
QC-0003809,WO-001270,2025-06-02,M01,P03,Weld porosity,2,FAIL
QC-0003810,WO-001270,2025-06-02,M01,P03,Material defect,1,FAIL
QC-0003811,WO-001271,2025-06-02,M01,P01,Dimensional,4,FAIL
QC-0003812,WO-001271,2025-06-02,M01,P01,Assembly mismatch,0,PASS
QC-0003813,WO-001271,2025-06-02,M01,P01,Weld porosity,2,FAIL
QC-0003814,WO-001272,2025-06-02,M02,P02,Cosmetic,3,FAIL
QC-0003815,WO-001272,2025-06-02,M02,P02,Dimensional,0,PASS
QC-0003816,WO-001272,2025-06-02,M02,P02,Material defect,2,FAIL
QC-0003817,WO-001273,2025-06-02,M02,P05,Cosmetic,4,FAIL
QC-0003818,WO-001273,2025-06-02,M02,P05,Surface finish,3,FAIL
QC-0003819,WO-001273,2025-06-02,M02,P05,Assembly mismatch,1,FAIL
QC-0003820,WO-001274,2025-06-02,M03,P03,Assembly mismatch,3,FAIL
QC-0003821,WO-001274,2025-06-02,M03,P03,Cosmetic,2,FAIL
QC-0003822,WO-001274,2025-06-02,M03,P03,Weld porosity,0,PASS
QC-0003823,WO-001275,2025-06-02,M03,P01,Material defect,4,FAIL
QC-0003824,WO-001275,2025-06-02,M03,P01,Assembly mismatch,1,FAIL
QC-0003825,WO-001275,2025-06-02,M03,P01,Surface finish,1,FAIL
QC-0003826,WO-001276,2025-06-02,M04,P03,Weld porosity,2,FAIL
QC-0003827,WO-001276,2025-06-02,M04,P03,Dimensional,4,FAIL
QC-0003828,WO-001276,2025-06-02,M04,P03,Material defect,2,FAIL
QC-0003829,WO-001277,2025-06-02,M04,P04,Weld porosity,6,FAIL
QC-0003830,WO-001277,2025-06-02,M04,P04,Material defect,0,PASS
QC-0003831,WO-001277,2025-06-02,M04,P04,Dimensional,0,PASS
QC-0003832,WO-001278,2025-06-02,M05,P05,Assembly mismatch,6,FAIL
QC-0003833,WO-001278,2025-06-02,M05,P05,Cosmetic,1,FAIL
QC-0003834,WO-001278,2025-06-02,M05,P05,Surface finish,1,FAIL
QC-0003835,WO-001279,2025-06-02,M05,P04,Dimensional,3,FAIL
QC-0003836,WO-001279,2025-06-02,M05,P04,Surface finish,2,FAIL
QC-0003837,WO-001279,2025-06-02,M05,P04,Material defect,0,PASS
QC-0003838,WO-001280,2025-06-02,M06,P05,Weld porosity,4,FAIL
QC-0003839,WO-001280,2025-06-02,M06,P05,Cosmetic,3,FAIL
QC-0003840,WO-001280,2025-06-02,M06,P05,Material defect,4,FAIL
QC-0003841,WO-001281,2025-06-02,M06,P04,Surface finish,1,FAIL
QC-0003842,WO-001281,2025-06-02,M06,P04,Dimensional,3,FAIL
QC-0003843,WO-001281,2025-06-02,M06,P04,Cosmetic,0,PASS
QC-0003844,WO-001282,2025-06-03,M01,P01,Weld porosity,2,FAIL
QC-0003845,WO-001282,2025-06-03,M01,P01,Dimensional,3,FAIL
QC-0003846,WO-001282,2025-06-03,M01,P01,Assembly mismatch,0,PASS
QC-0003847,WO-001283,2025-06-03,M01,P03,Weld porosity,4,FAIL
QC-0003848,WO-001283,2025-06-03,M01,P03,Dimensional,2,FAIL
QC-0003849,WO-001283,2025-06-03,M01,P03,Surface finish,2,FAIL
QC-0003850,WO-001284,2025-06-03,M02,P01,Surface finish,4,FAIL
QC-0003851,WO-001284,2025-06-03,M02,P01,Material defect,1,FAIL
QC-0003852,WO-001284,2025-06-03,M02,P01,Weld porosity,0,PASS
QC-0003853,WO-001285,2025-06-03,M02,P01,Surface finish,4,FAIL
QC-0003854,WO-001285,2025-06-03,M02,P01,Dimensional,1,FAIL
QC-0003855,WO-001285,2025-06-03,M02,P01,Material defect,0,PASS
QC-0003856,WO-001286,2025-06-03,M03,P05,Material defect,7,FAIL
QC-0003857,WO-001286,2025-06-03,M03,P05,Surface finish,1,FAIL
QC-0003858,WO-001286,2025-06-03,M03,P05,Cosmetic,2,FAIL
QC-0003859,WO-001287,2025-06-03,M03,P03,Assembly mismatch,4,FAIL
QC-0003860,WO-001287,2025-06-03,M03,P03,Dimensional,3,FAIL
QC-0003861,WO-001287,2025-06-03,M03,P03,Material defect,0,PASS
QC-0003862,WO-001288,2025-06-03,M05,P01,Material defect,3,FAIL
QC-0003863,WO-001288,2025-06-03,M05,P01,Weld porosity,1,FAIL
QC-0003864,WO-001288,2025-06-03,M05,P01,Dimensional,1,FAIL
QC-0003865,WO-001289,2025-06-03,M05,P04,Weld porosity,2,FAIL
QC-0003866,WO-001289,2025-06-03,M05,P04,Dimensional,2,FAIL
QC-0003867,WO-001289,2025-06-03,M05,P04,Surface finish,0,PASS
QC-0003868,WO-001290,2025-06-03,M06,P04,Surface finish,2,FAIL
QC-0003869,WO-001290,2025-06-03,M06,P04,Weld porosity,0,PASS
QC-0003870,WO-001290,2025-06-03,M06,P04,Dimensional,2,FAIL
QC-0003871,WO-001291,2025-06-03,M06,P05,Material defect,7,FAIL
QC-0003872,WO-001291,2025-06-03,M06,P05,Cosmetic,5,FAIL
QC-0003873,WO-001291,2025-06-03,M06,P05,Weld porosity,1,FAIL
QC-0003874,WO-001292,2025-06-04,M01,P01,Weld porosity,1,FAIL
QC-0003875,WO-001292,2025-06-04,M01,P01,Cosmetic,1,FAIL
QC-0003876,WO-001292,2025-06-04,M01,P01,Assembly mismatch,2,FAIL
QC-0003877,WO-001293,2025-06-04,M01,P02,Assembly mismatch,4,FAIL
QC-0003878,WO-001293,2025-06-04,M01,P02,Cosmetic,1,FAIL
QC-0003879,WO-001293,2025-06-04,M01,P02,Dimensional,1,FAIL
QC-0003880,WO-001294,2025-06-04,M02,P01,Dimensional,2,FAIL
QC-0003881,WO-001294,2025-06-04,M02,P01,Cosmetic,0,PASS
QC-0003882,WO-001294,2025-06-04,M02,P01,Surface finish,1,FAIL
QC-0003883,WO-001295,2025-06-04,M02,P01,Cosmetic,3,FAIL
QC-0003884,WO-001295,2025-06-04,M02,P01,Dimensional,3,FAIL
QC-0003885,WO-001295,2025-06-04,M02,P01,Assembly mismatch,0,PASS
QC-0003886,WO-001296,2025-06-04,M03,P05,Cosmetic,4,FAIL
QC-0003887,WO-001296,2025-06-04,M03,P05,Material defect,2,FAIL
QC-0003888,WO-001296,2025-06-04,M03,P05,Assembly mismatch,3,FAIL
QC-0003889,WO-001297,2025-06-04,M04,P04,Weld porosity,1,FAIL
QC-0003890,WO-001297,2025-06-04,M04,P04,Assembly mismatch,3,FAIL
QC-0003891,WO-001297,2025-06-04,M04,P04,Dimensional,1,FAIL
QC-0003892,WO-001298,2025-06-04,M04,P06,Weld porosity,3,FAIL
QC-0003893,WO-001298,2025-06-04,M04,P06,Material defect,2,FAIL
QC-0003894,WO-001298,2025-06-04,M04,P06,Dimensional,1,FAIL
QC-0003895,WO-001299,2025-06-04,M05,P06,Material defect,2,FAIL
QC-0003896,WO-001299,2025-06-04,M05,P06,Dimensional,3,FAIL
QC-0003897,WO-001299,2025-06-04,M05,P06,Weld porosity,0,PASS
QC-0003898,WO-001300,2025-06-04,M05,P01,Surface finish,5,FAIL
QC-0003899,WO-001300,2025-06-04,M05,P01,Cosmetic,2,FAIL
QC-0003900,WO-001300,2025-06-04,M05,P01,Material defect,0,PASS
QC-0003901,WO-001301,2025-06-04,M06,P04,Cosmetic,3,FAIL
QC-0003902,WO-001301,2025-06-04,M06,P04,Surface finish,0,PASS
QC-0003903,WO-001301,2025-06-04,M06,P04,Weld porosity,1,FAIL
QC-0003904,WO-001302,2025-06-04,M06,P05,Dimensional,6,FAIL
QC-0003905,WO-001302,2025-06-04,M06,P05,Material defect,3,FAIL
QC-0003906,WO-001302,2025-06-04,M06,P05,Surface finish,0,PASS
QC-0003907,WO-001303,2025-06-05,M01,P01,Weld porosity,1,FAIL
QC-0003908,WO-001303,2025-06-05,M01,P01,Dimensional,0,PASS
QC-0003909,WO-001303,2025-06-05,M01,P01,Material defect,3,FAIL
QC-0003910,WO-001304,2025-06-05,M01,P01,Weld porosity,3,FAIL
QC-0003911,WO-001304,2025-06-05,M01,P01,Dimensional,3,FAIL
QC-0003912,WO-001304,2025-06-05,M01,P01,Material defect,1,FAIL
QC-0003913,WO-001305,2025-06-05,M02,P05,Dimensional,2,FAIL
QC-0003914,WO-001305,2025-06-05,M02,P05,Surface finish,1,FAIL
QC-0003915,WO-001305,2025-06-05,M02,P05,Assembly mismatch,5,FAIL
QC-0003916,WO-001306,2025-06-05,M02,P05,Material defect,5,FAIL
QC-0003917,WO-001306,2025-06-05,M02,P05,Dimensional,4,FAIL
QC-0003918,WO-001306,2025-06-05,M02,P05,Weld porosity,2,FAIL
QC-0003919,WO-001307,2025-06-05,M03,P01,Assembly mismatch,2,FAIL
QC-0003920,WO-001307,2025-06-05,M03,P01,Cosmetic,1,FAIL
QC-0003921,WO-001307,2025-06-05,M03,P01,Weld porosity,0,PASS
QC-0003922,WO-001308,2025-06-05,M03,P03,Cosmetic,2,FAIL
QC-0003923,WO-001308,2025-06-05,M03,P03,Material defect,4,FAIL
QC-0003924,WO-001308,2025-06-05,M03,P03,Weld porosity,2,FAIL
QC-0003925,WO-001309,2025-06-05,M04,P03,Weld porosity,5,FAIL
QC-0003926,WO-001309,2025-06-05,M04,P03,Material defect,2,FAIL
QC-0003927,WO-001309,2025-06-05,M04,P03,Assembly mismatch,0,PASS
QC-0003928,WO-001310,2025-06-05,M04,P06,Weld porosity,4,FAIL
QC-0003929,WO-001310,2025-06-05,M04,P06,Dimensional,2,FAIL
QC-0003930,WO-001310,2025-06-05,M04,P06,Cosmetic,0,PASS
QC-0003931,WO-001311,2025-06-05,M05,P04,Material defect,0,PASS
QC-0003932,WO-001311,2025-06-05,M05,P04,Dimensional,2,FAIL
QC-0003933,WO-001311,2025-06-05,M05,P04,Surface finish,3,FAIL
QC-0003934,WO-001312,2025-06-05,M05,P04,Surface finish,3,FAIL
QC-0003935,WO-001312,2025-06-05,M05,P04,Assembly mismatch,0,PASS
QC-0003936,WO-001312,2025-06-05,M05,P04,Dimensional,0,PASS
QC-0003937,WO-001313,2025-06-05,M06,P04,Cosmetic,2,FAIL
QC-0003938,WO-001313,2025-06-05,M06,P04,Surface finish,2,FAIL
QC-0003939,WO-001313,2025-06-05,M06,P04,Assembly mismatch,1,FAIL
QC-0003940,WO-001314,2025-06-05,M06,P05,Weld porosity,2,FAIL
QC-0003941,WO-001314,2025-06-05,M06,P05,Surface finish,2,FAIL
QC-0003942,WO-001314,2025-06-05,M06,P05,Cosmetic,2,FAIL
QC-0003943,WO-001315,2025-06-06,M01,P03,Cosmetic,5,FAIL
QC-0003944,WO-001315,2025-06-06,M01,P03,Dimensional,4,FAIL
QC-0003945,WO-001315,2025-06-06,M01,P03,Assembly mismatch,0,PASS
QC-0003946,WO-001316,2025-06-06,M01,P01,Weld porosity,3,FAIL
QC-0003947,WO-001316,2025-06-06,M01,P01,Surface finish,1,FAIL
QC-0003948,WO-001316,2025-06-06,M01,P01,Assembly mismatch,0,PASS
QC-0003949,WO-001317,2025-06-06,M02,P05,Material defect,3,FAIL
QC-0003950,WO-001317,2025-06-06,M02,P05,Surface finish,2,FAIL
QC-0003951,WO-001317,2025-06-06,M02,P05,Cosmetic,1,FAIL
QC-0003952,WO-001318,2025-06-06,M02,P02,Surface finish,5,FAIL
QC-0003953,WO-001318,2025-06-06,M02,P02,Material defect,0,PASS
QC-0003954,WO-001318,2025-06-06,M02,P02,Weld porosity,1,FAIL
QC-0003955,WO-001319,2025-06-06,M03,P05,Surface finish,8,FAIL
QC-0003956,WO-001319,2025-06-06,M03,P05,Material defect,3,FAIL
QC-0003957,WO-001319,2025-06-06,M03,P05,Assembly mismatch,0,PASS
QC-0003958,WO-001320,2025-06-06,M04,P04,Cosmetic,4,FAIL
QC-0003959,WO-001320,2025-06-06,M04,P04,Weld porosity,1,FAIL
QC-0003960,WO-001320,2025-06-06,M04,P04,Surface finish,1,FAIL
QC-0003961,WO-001321,2025-06-06,M04,P06,Weld porosity,4,FAIL
QC-0003962,WO-001321,2025-06-06,M04,P06,Surface finish,1,FAIL
QC-0003963,WO-001321,2025-06-06,M04,P06,Material defect,2,FAIL
QC-0003964,WO-001322,2025-06-06,M05,P06,Dimensional,6,FAIL
QC-0003965,WO-001322,2025-06-06,M05,P06,Surface finish,0,PASS
QC-0003966,WO-001322,2025-06-06,M05,P06,Cosmetic,1,FAIL
QC-0003967,WO-001323,2025-06-06,M05,P04,Surface finish,3,FAIL
QC-0003968,WO-001323,2025-06-06,M05,P04,Assembly mismatch,0,PASS
QC-0003969,WO-001323,2025-06-06,M05,P04,Weld porosity,3,FAIL
QC-0003970,WO-001324,2025-06-06,M06,P01,Surface finish,1,FAIL
QC-0003971,WO-001324,2025-06-06,M06,P01,Weld porosity,1,FAIL
QC-0003972,WO-001324,2025-06-06,M06,P01,Cosmetic,3,FAIL
QC-0003973,WO-001325,2025-06-06,M06,P05,Weld porosity,3,FAIL
QC-0003974,WO-001325,2025-06-06,M06,P05,Surface finish,6,FAIL
QC-0003975,WO-001325,2025-06-06,M06,P05,Dimensional,2,FAIL
QC-0003976,WO-001326,2025-06-09,M01,P02,Assembly mismatch,4,FAIL
QC-0003977,WO-001326,2025-06-09,M01,P02,Dimensional,0,PASS
QC-0003978,WO-001326,2025-06-09,M01,P02,Weld porosity,0,PASS
QC-0003979,WO-001327,2025-06-09,M01,P01,Material defect,6,FAIL
QC-0003980,WO-001327,2025-06-09,M01,P01,Weld porosity,1,FAIL
QC-0003981,WO-001327,2025-06-09,M01,P01,Assembly mismatch,1,FAIL
QC-0003982,WO-001328,2025-06-09,M02,P01,Material defect,4,FAIL
QC-0003983,WO-001328,2025-06-09,M02,P01,Dimensional,0,PASS
QC-0003984,WO-001328,2025-06-09,M02,P01,Weld porosity,0,PASS
QC-0003985,WO-001329,2025-06-09,M02,P01,Material defect,4,FAIL
QC-0003986,WO-001329,2025-06-09,M02,P01,Dimensional,0,PASS
QC-0003987,WO-001329,2025-06-09,M02,P01,Weld porosity,1,FAIL
QC-0003988,WO-001330,2025-06-09,M03,P05,Weld porosity,5,FAIL
QC-0003989,WO-001330,2025-06-09,M03,P05,Surface finish,2,FAIL
QC-0003990,WO-001330,2025-06-09,M03,P05,Dimensional,0,PASS
QC-0003991,WO-001331,2025-06-09,M03,P05,Dimensional,9,FAIL
QC-0003992,WO-001331,2025-06-09,M03,P05,Assembly mismatch,1,FAIL
QC-0003993,WO-001331,2025-06-09,M03,P05,Cosmetic,0,PASS
QC-0003994,WO-001332,2025-06-09,M04,P04,Weld porosity,2,FAIL
QC-0003995,WO-001332,2025-06-09,M04,P04,Assembly mismatch,3,FAIL
QC-0003996,WO-001332,2025-06-09,M04,P04,Cosmetic,0,PASS
QC-0003997,WO-001333,2025-06-09,M04,P03,Weld porosity,3,FAIL
QC-0003998,WO-001333,2025-06-09,M04,P03,Dimensional,2,FAIL
QC-0003999,WO-001333,2025-06-09,M04,P03,Assembly mismatch,3,FAIL
QC-0004000,WO-001334,2025-06-09,M05,P04,Surface finish,3,FAIL
QC-0004001,WO-001334,2025-06-09,M05,P04,Weld porosity,0,PASS
QC-0004002,WO-001334,2025-06-09,M05,P04,Material defect,2,FAIL
QC-0004003,WO-001335,2025-06-09,M05,P01,Cosmetic,6,FAIL
QC-0004004,WO-001335,2025-06-09,M05,P01,Dimensional,1,FAIL
QC-0004005,WO-001335,2025-06-09,M05,P01,Material defect,0,PASS
QC-0004006,WO-001336,2025-06-09,M06,P06,Weld porosity,4,FAIL
QC-0004007,WO-001336,2025-06-09,M06,P06,Material defect,2,FAIL
QC-0004008,WO-001336,2025-06-09,M06,P06,Cosmetic,0,PASS
QC-0004009,WO-001337,2025-06-09,M06,P01,Assembly mismatch,5,FAIL
QC-0004010,WO-001337,2025-06-09,M06,P01,Surface finish,0,PASS
QC-0004011,WO-001337,2025-06-09,M06,P01,Weld porosity,0,PASS
QC-0004012,WO-001338,2025-06-10,M01,P03,Cosmetic,6,FAIL
QC-0004013,WO-001338,2025-06-10,M01,P03,Assembly mismatch,0,PASS
QC-0004014,WO-001338,2025-06-10,M01,P03,Dimensional,1,FAIL
QC-0004015,WO-001339,2025-06-10,M01,P03,Surface finish,6,FAIL
QC-0004016,WO-001339,2025-06-10,M01,P03,Dimensional,1,FAIL
QC-0004017,WO-001339,2025-06-10,M01,P03,Material defect,1,FAIL
QC-0004018,WO-001340,2025-06-10,M02,P01,Cosmetic,3,FAIL
QC-0004019,WO-001340,2025-06-10,M02,P01,Dimensional,1,FAIL
QC-0004020,WO-001340,2025-06-10,M02,P01,Weld porosity,0,PASS
QC-0004021,WO-001341,2025-06-10,M02,P01,Material defect,3,FAIL
QC-0004022,WO-001341,2025-06-10,M02,P01,Weld porosity,2,FAIL
QC-0004023,WO-001341,2025-06-10,M02,P01,Dimensional,1,FAIL
QC-0004024,WO-001342,2025-06-10,M03,P03,Cosmetic,4,FAIL
QC-0004025,WO-001342,2025-06-10,M03,P03,Material defect,0,PASS
QC-0004026,WO-001342,2025-06-10,M03,P03,Surface finish,0,PASS
QC-0004027,WO-001343,2025-06-10,M03,P01,Dimensional,4,FAIL
QC-0004028,WO-001343,2025-06-10,M03,P01,Weld porosity,0,PASS
QC-0004029,WO-001343,2025-06-10,M03,P01,Surface finish,1,FAIL
QC-0004030,WO-001344,2025-06-10,M04,P04,Weld porosity,4,FAIL
QC-0004031,WO-001344,2025-06-10,M04,P04,Assembly mismatch,0,PASS
QC-0004032,WO-001344,2025-06-10,M04,P04,Surface finish,1,FAIL
QC-0004033,WO-001345,2025-06-10,M04,P06,Weld porosity,4,FAIL
QC-0004034,WO-001345,2025-06-10,M04,P06,Material defect,3,FAIL
QC-0004035,WO-001345,2025-06-10,M04,P06,Dimensional,0,PASS
QC-0004036,WO-001346,2025-06-10,M05,P01,Cosmetic,2,FAIL
QC-0004037,WO-001346,2025-06-10,M05,P01,Assembly mismatch,2,FAIL
QC-0004038,WO-001346,2025-06-10,M05,P01,Weld porosity,0,PASS
QC-0004039,WO-001347,2025-06-10,M05,P01,Dimensional,5,FAIL
QC-0004040,WO-001347,2025-06-10,M05,P01,Assembly mismatch,2,FAIL
QC-0004041,WO-001347,2025-06-10,M05,P01,Weld porosity,0,PASS
QC-0004042,WO-001348,2025-06-10,M06,P01,Weld porosity,3,FAIL
QC-0004043,WO-001348,2025-06-10,M06,P01,Material defect,2,FAIL
QC-0004044,WO-001348,2025-06-10,M06,P01,Cosmetic,0,PASS
QC-0004045,WO-001349,2025-06-10,M06,P01,Dimensional,4,FAIL
QC-0004046,WO-001349,2025-06-10,M06,P01,Weld porosity,0,PASS
QC-0004047,WO-001349,2025-06-10,M06,P01,Assembly mismatch,1,FAIL
QC-0004048,WO-001350,2025-06-11,M01,P01,Dimensional,1,FAIL
QC-0004049,WO-001350,2025-06-11,M01,P01,Assembly mismatch,2,FAIL
QC-0004050,WO-001350,2025-06-11,M01,P01,Surface finish,1,FAIL
QC-0004051,WO-001351,2025-06-11,M01,P03,Dimensional,7,FAIL
QC-0004052,WO-001351,2025-06-11,M01,P03,Cosmetic,1,FAIL
QC-0004053,WO-001351,2025-06-11,M01,P03,Assembly mismatch,1,FAIL
QC-0004054,WO-001352,2025-06-11,M02,P05,Surface finish,7,FAIL
QC-0004055,WO-001352,2025-06-11,M02,P05,Weld porosity,2,FAIL
QC-0004056,WO-001352,2025-06-11,M02,P05,Dimensional,0,PASS
QC-0004057,WO-001353,2025-06-11,M02,P02,Material defect,4,FAIL
QC-0004058,WO-001353,2025-06-11,M02,P02,Weld porosity,1,FAIL
QC-0004059,WO-001353,2025-06-11,M02,P02,Cosmetic,0,PASS
QC-0004060,WO-001354,2025-06-11,M03,P05,Surface finish,4,FAIL
QC-0004061,WO-001354,2025-06-11,M03,P05,Dimensional,4,FAIL
QC-0004062,WO-001354,2025-06-11,M03,P05,Assembly mismatch,0,PASS
QC-0004063,WO-001355,2025-06-11,M03,P01,Material defect,4,FAIL
QC-0004064,WO-001355,2025-06-11,M03,P01,Weld porosity,1,FAIL
QC-0004065,WO-001355,2025-06-11,M03,P01,Surface finish,2,FAIL
QC-0004066,WO-001356,2025-06-11,M04,P04,Weld porosity,3,FAIL
QC-0004067,WO-001356,2025-06-11,M04,P04,Material defect,0,PASS
QC-0004068,WO-001356,2025-06-11,M04,P04,Cosmetic,1,FAIL
QC-0004069,WO-001357,2025-06-11,M04,P03,Material defect,8,FAIL
QC-0004070,WO-001357,2025-06-11,M04,P03,Cosmetic,2,FAIL
QC-0004071,WO-001357,2025-06-11,M04,P03,Weld porosity,0,PASS
QC-0004072,WO-001358,2025-06-11,M05,P04,Material defect,2,FAIL
QC-0004073,WO-001358,2025-06-11,M05,P04,Surface finish,3,FAIL
QC-0004074,WO-001358,2025-06-11,M05,P04,Cosmetic,1,FAIL
QC-0004075,WO-001359,2025-06-11,M05,P04,Surface finish,2,FAIL
QC-0004076,WO-001359,2025-06-11,M05,P04,Weld porosity,3,FAIL
QC-0004077,WO-001359,2025-06-11,M05,P04,Cosmetic,0,PASS
QC-0004078,WO-001360,2025-06-11,M06,P01,Assembly mismatch,4,FAIL
QC-0004079,WO-001360,2025-06-11,M06,P01,Dimensional,2,FAIL
QC-0004080,WO-001360,2025-06-11,M06,P01,Cosmetic,0,PASS
QC-0004081,WO-001361,2025-06-11,M06,P04,Dimensional,4,FAIL
QC-0004082,WO-001361,2025-06-11,M06,P04,Cosmetic,0,PASS
QC-0004083,WO-001361,2025-06-11,M06,P04,Weld porosity,2,FAIL
QC-0004084,WO-001362,2025-06-12,M01,P02,Material defect,4,FAIL
QC-0004085,WO-001362,2025-06-12,M01,P02,Surface finish,0,PASS
QC-0004086,WO-001362,2025-06-12,M01,P02,Assembly mismatch,2,FAIL
QC-0004087,WO-001363,2025-06-12,M01,P03,Assembly mismatch,2,FAIL
QC-0004088,WO-001363,2025-06-12,M01,P03,Cosmetic,1,FAIL
QC-0004089,WO-001363,2025-06-12,M01,P03,Dimensional,3,FAIL
QC-0004090,WO-001364,2025-06-12,M02,P01,Surface finish,4,FAIL
QC-0004091,WO-001364,2025-06-12,M02,P01,Weld porosity,0,PASS
QC-0004092,WO-001364,2025-06-12,M02,P01,Dimensional,1,FAIL
QC-0004093,WO-001365,2025-06-12,M02,P01,Material defect,5,FAIL
QC-0004094,WO-001365,2025-06-12,M02,P01,Cosmetic,0,PASS
QC-0004095,WO-001365,2025-06-12,M02,P01,Weld porosity,1,FAIL
QC-0004096,WO-001366,2025-06-12,M03,P01,Material defect,4,FAIL
QC-0004097,WO-001366,2025-06-12,M03,P01,Cosmetic,1,FAIL
QC-0004098,WO-001366,2025-06-12,M03,P01,Weld porosity,0,PASS
QC-0004099,WO-001367,2025-06-12,M03,P03,Weld porosity,3,FAIL
QC-0004100,WO-001367,2025-06-12,M03,P03,Material defect,5,FAIL
QC-0004101,WO-001367,2025-06-12,M03,P03,Surface finish,0,PASS
QC-0004102,WO-001368,2025-06-12,M04,P06,Weld porosity,2,FAIL
QC-0004103,WO-001368,2025-06-12,M04,P06,Assembly mismatch,4,FAIL
QC-0004104,WO-001368,2025-06-12,M04,P06,Surface finish,0,PASS
QC-0004105,WO-001369,2025-06-12,M04,P04,Weld porosity,3,FAIL
QC-0004106,WO-001369,2025-06-12,M04,P04,Assembly mismatch,1,FAIL
QC-0004107,WO-001369,2025-06-12,M04,P04,Dimensional,1,FAIL
QC-0004108,WO-001370,2025-06-12,M05,P04,Dimensional,4,FAIL
QC-0004109,WO-001370,2025-06-12,M05,P04,Weld porosity,1,FAIL
QC-0004110,WO-001370,2025-06-12,M05,P04,Surface finish,0,PASS
QC-0004111,WO-001371,2025-06-12,M05,P01,Cosmetic,4,FAIL
QC-0004112,WO-001371,2025-06-12,M05,P01,Dimensional,0,PASS
QC-0004113,WO-001371,2025-06-12,M05,P01,Surface finish,2,FAIL
QC-0004114,WO-001372,2025-06-12,M06,P01,Material defect,2,FAIL
QC-0004115,WO-001372,2025-06-12,M06,P01,Weld porosity,2,FAIL
QC-0004116,WO-001372,2025-06-12,M06,P01,Surface finish,0,PASS
QC-0004117,WO-001373,2025-06-12,M06,P05,Material defect,7,FAIL
QC-0004118,WO-001373,2025-06-12,M06,P05,Weld porosity,2,FAIL
QC-0004119,WO-001373,2025-06-12,M06,P05,Assembly mismatch,2,FAIL
QC-0004120,WO-001374,2025-06-13,M01,P03,Assembly mismatch,4,FAIL
QC-0004121,WO-001374,2025-06-13,M01,P03,Weld porosity,2,FAIL
QC-0004122,WO-001374,2025-06-13,M01,P03,Dimensional,2,FAIL
QC-0004123,WO-001375,2025-06-13,M01,P02,Surface finish,1,FAIL
QC-0004124,WO-001375,2025-06-13,M01,P02,Material defect,3,FAIL
QC-0004125,WO-001375,2025-06-13,M01,P02,Weld porosity,2,FAIL
QC-0004126,WO-001376,2025-06-13,M02,P02,Surface finish,3,FAIL
QC-0004127,WO-001376,2025-06-13,M02,P02,Assembly mismatch,2,FAIL
QC-0004128,WO-001376,2025-06-13,M02,P02,Material defect,0,PASS
QC-0004129,WO-001377,2025-06-13,M02,P01,Assembly mismatch,4,FAIL
QC-0004130,WO-001377,2025-06-13,M02,P01,Material defect,2,FAIL
QC-0004131,WO-001377,2025-06-13,M02,P01,Dimensional,0,PASS
QC-0004132,WO-001378,2025-06-13,M03,P05,Assembly mismatch,4,FAIL
QC-0004133,WO-001378,2025-06-13,M03,P05,Dimensional,3,FAIL
QC-0004134,WO-001378,2025-06-13,M03,P05,Surface finish,2,FAIL
QC-0004135,WO-001379,2025-06-13,M03,P01,Surface finish,3,FAIL
QC-0004136,WO-001379,2025-06-13,M03,P01,Dimensional,2,FAIL
QC-0004137,WO-001379,2025-06-13,M03,P01,Assembly mismatch,3,FAIL
QC-0004138,WO-001380,2025-06-13,M04,P06,Weld porosity,2,FAIL
QC-0004139,WO-001380,2025-06-13,M04,P06,Cosmetic,0,PASS
QC-0004140,WO-001380,2025-06-13,M04,P06,Dimensional,4,FAIL
QC-0004141,WO-001381,2025-06-13,M04,P04,Weld porosity,4,FAIL
QC-0004142,WO-001381,2025-06-13,M04,P04,Surface finish,0,PASS
QC-0004143,WO-001381,2025-06-13,M04,P04,Material defect,2,FAIL
QC-0004144,WO-001382,2025-06-13,M05,P04,Material defect,2,FAIL
QC-0004145,WO-001382,2025-06-13,M05,P04,Surface finish,1,FAIL
QC-0004146,WO-001382,2025-06-13,M05,P04,Weld porosity,1,FAIL
QC-0004147,WO-001383,2025-06-13,M05,P05,Material defect,5,FAIL
QC-0004148,WO-001383,2025-06-13,M05,P05,Surface finish,2,FAIL
QC-0004149,WO-001383,2025-06-13,M05,P05,Weld porosity,1,FAIL
QC-0004150,WO-001384,2025-06-13,M06,P06,Cosmetic,2,FAIL
QC-0004151,WO-001384,2025-06-13,M06,P06,Weld porosity,3,FAIL
QC-0004152,WO-001384,2025-06-13,M06,P06,Material defect,1,FAIL
QC-0004153,WO-001385,2025-06-13,M06,P04,Weld porosity,2,FAIL
QC-0004154,WO-001385,2025-06-13,M06,P04,Dimensional,1,FAIL
QC-0004155,WO-001385,2025-06-13,M06,P04,Cosmetic,3,FAIL
QC-0004156,WO-001386,2025-06-16,M01,P01,Cosmetic,4,FAIL
QC-0004157,WO-001386,2025-06-16,M01,P01,Weld porosity,2,FAIL
QC-0004158,WO-001386,2025-06-16,M01,P01,Dimensional,1,FAIL
QC-0004159,WO-001387,2025-06-16,M01,P03,Assembly mismatch,6,FAIL
QC-0004160,WO-001387,2025-06-16,M01,P03,Surface finish,1,FAIL
QC-0004161,WO-001387,2025-06-16,M01,P03,Cosmetic,1,FAIL
QC-0004162,WO-001388,2025-06-16,M02,P02,Assembly mismatch,3,FAIL
QC-0004163,WO-001388,2025-06-16,M02,P02,Cosmetic,3,FAIL
QC-0004164,WO-001388,2025-06-16,M02,P02,Dimensional,0,PASS
QC-0004165,WO-001389,2025-06-16,M02,P02,Cosmetic,2,FAIL
QC-0004166,WO-001389,2025-06-16,M02,P02,Weld porosity,4,FAIL
QC-0004167,WO-001389,2025-06-16,M02,P02,Material defect,1,FAIL
QC-0004168,WO-001390,2025-06-16,M03,P05,Assembly mismatch,4,FAIL
QC-0004169,WO-001390,2025-06-16,M03,P05,Material defect,5,FAIL
QC-0004170,WO-001390,2025-06-16,M03,P05,Surface finish,2,FAIL
QC-0004171,WO-001391,2025-06-16,M03,P05,Material defect,4,FAIL
QC-0004172,WO-001391,2025-06-16,M03,P05,Dimensional,2,FAIL
QC-0004173,WO-001391,2025-06-16,M03,P05,Cosmetic,2,FAIL
QC-0004174,WO-001392,2025-06-16,M04,P03,Weld porosity,7,FAIL
QC-0004175,WO-001392,2025-06-16,M04,P03,Dimensional,2,FAIL
QC-0004176,WO-001392,2025-06-16,M04,P03,Assembly mismatch,2,FAIL
QC-0004177,WO-001393,2025-06-16,M04,P06,Assembly mismatch,6,FAIL
QC-0004178,WO-001393,2025-06-16,M04,P06,Surface finish,0,PASS
QC-0004179,WO-001393,2025-06-16,M04,P06,Weld porosity,0,PASS
QC-0004180,WO-001394,2025-06-16,M05,P01,Weld porosity,1,FAIL
QC-0004181,WO-001394,2025-06-16,M05,P01,Assembly mismatch,3,FAIL
QC-0004182,WO-001394,2025-06-16,M05,P01,Surface finish,1,FAIL
QC-0004183,WO-001395,2025-06-16,M05,P05,Assembly mismatch,5,FAIL
QC-0004184,WO-001395,2025-06-16,M05,P05,Material defect,2,FAIL
QC-0004185,WO-001395,2025-06-16,M05,P05,Surface finish,1,FAIL
QC-0004186,WO-001396,2025-06-16,M06,P04,Assembly mismatch,5,FAIL
QC-0004187,WO-001396,2025-06-16,M06,P04,Cosmetic,0,PASS
QC-0004188,WO-001396,2025-06-16,M06,P04,Dimensional,1,FAIL
QC-0004189,WO-001397,2025-06-16,M06,P06,Dimensional,4,FAIL
QC-0004190,WO-001397,2025-06-16,M06,P06,Cosmetic,2,FAIL
QC-0004191,WO-001397,2025-06-16,M06,P06,Material defect,0,PASS
QC-0004192,WO-001398,2025-06-17,M01,P03,Surface finish,3,FAIL
QC-0004193,WO-001398,2025-06-17,M01,P03,Weld porosity,2,FAIL
QC-0004194,WO-001398,2025-06-17,M01,P03,Material defect,2,FAIL
QC-0004195,WO-001399,2025-06-17,M01,P01,Assembly mismatch,3,FAIL
QC-0004196,WO-001399,2025-06-17,M01,P01,Cosmetic,3,FAIL
QC-0004197,WO-001399,2025-06-17,M01,P01,Dimensional,0,PASS
QC-0004198,WO-001400,2025-06-17,M02,P01,Weld porosity,3,FAIL
QC-0004199,WO-001400,2025-06-17,M02,P01,Dimensional,3,FAIL
QC-0004200,WO-001400,2025-06-17,M02,P01,Material defect,1,FAIL
QC-0004201,WO-001401,2025-06-17,M02,P01,Dimensional,2,FAIL
QC-0004202,WO-001401,2025-06-17,M02,P01,Cosmetic,3,FAIL
QC-0004203,WO-001401,2025-06-17,M02,P01,Weld porosity,2,FAIL
QC-0004204,WO-001402,2025-06-17,M03,P05,Surface finish,5,FAIL
QC-0004205,WO-001402,2025-06-17,M03,P05,Cosmetic,2,FAIL
QC-0004206,WO-001402,2025-06-17,M03,P05,Weld porosity,3,FAIL
QC-0004207,WO-001403,2025-06-17,M03,P01,Dimensional,3,FAIL
QC-0004208,WO-001403,2025-06-17,M03,P01,Assembly mismatch,1,FAIL
QC-0004209,WO-001403,2025-06-17,M03,P01,Weld porosity,0,PASS
QC-0004210,WO-001404,2025-06-17,M04,P04,Weld porosity,4,FAIL
QC-0004211,WO-001404,2025-06-17,M04,P04,Cosmetic,2,FAIL
QC-0004212,WO-001404,2025-06-17,M04,P04,Assembly mismatch,0,PASS
QC-0004213,WO-001405,2025-06-17,M04,P06,Weld porosity,3,FAIL
QC-0004214,WO-001405,2025-06-17,M04,P06,Material defect,2,FAIL
QC-0004215,WO-001405,2025-06-17,M04,P06,Assembly mismatch,1,FAIL
QC-0004216,WO-001406,2025-06-17,M05,P05,Surface finish,5,FAIL
QC-0004217,WO-001406,2025-06-17,M05,P05,Cosmetic,4,FAIL
QC-0004218,WO-001406,2025-06-17,M05,P05,Material defect,1,FAIL
QC-0004219,WO-001407,2025-06-17,M05,P04,Cosmetic,5,FAIL
QC-0004220,WO-001407,2025-06-17,M05,P04,Dimensional,1,FAIL
QC-0004221,WO-001407,2025-06-17,M05,P04,Surface finish,0,PASS
QC-0004222,WO-001408,2025-06-17,M06,P04,Material defect,4,FAIL
QC-0004223,WO-001408,2025-06-17,M06,P04,Cosmetic,1,FAIL
QC-0004224,WO-001408,2025-06-17,M06,P04,Surface finish,0,PASS
QC-0004225,WO-001409,2025-06-17,M06,P05,Dimensional,7,FAIL
QC-0004226,WO-001409,2025-06-17,M06,P05,Cosmetic,4,FAIL
QC-0004227,WO-001409,2025-06-17,M06,P05,Weld porosity,1,FAIL
QC-0004228,WO-001410,2025-06-18,M01,P01,Material defect,3,FAIL
QC-0004229,WO-001410,2025-06-18,M01,P01,Cosmetic,1,FAIL
QC-0004230,WO-001410,2025-06-18,M01,P01,Assembly mismatch,2,FAIL
QC-0004231,WO-001411,2025-06-18,M02,P01,Assembly mismatch,5,FAIL
QC-0004232,WO-001411,2025-06-18,M02,P01,Cosmetic,1,FAIL
QC-0004233,WO-001411,2025-06-18,M02,P01,Surface finish,0,PASS
QC-0004234,WO-001412,2025-06-18,M02,P05,Weld porosity,4,FAIL
QC-0004235,WO-001412,2025-06-18,M02,P05,Cosmetic,5,FAIL
QC-0004236,WO-001412,2025-06-18,M02,P05,Dimensional,1,FAIL
QC-0004237,WO-001413,2025-06-18,M03,P05,Surface finish,3,FAIL
QC-0004238,WO-001413,2025-06-18,M03,P05,Weld porosity,4,FAIL
QC-0004239,WO-001413,2025-06-18,M03,P05,Material defect,2,FAIL
QC-0004240,WO-001414,2025-06-18,M03,P05,Assembly mismatch,4,FAIL
QC-0004241,WO-001414,2025-06-18,M03,P05,Surface finish,3,FAIL
QC-0004242,WO-001414,2025-06-18,M03,P05,Material defect,3,FAIL
QC-0004243,WO-001415,2025-06-18,M04,P04,Weld porosity,2,FAIL
QC-0004244,WO-001415,2025-06-18,M04,P04,Cosmetic,2,FAIL
QC-0004245,WO-001415,2025-06-18,M04,P04,Dimensional,1,FAIL
QC-0004246,WO-001416,2025-06-18,M04,P03,Weld porosity,8,FAIL
QC-0004247,WO-001416,2025-06-18,M04,P03,Dimensional,2,FAIL
QC-0004248,WO-001416,2025-06-18,M04,P03,Surface finish,0,PASS
QC-0004249,WO-001417,2025-06-18,M05,P06,Dimensional,5,FAIL
QC-0004250,WO-001417,2025-06-18,M05,P06,Assembly mismatch,2,FAIL
QC-0004251,WO-001417,2025-06-18,M05,P06,Surface finish,0,PASS
QC-0004252,WO-001418,2025-06-18,M05,P01,Dimensional,1,FAIL
QC-0004253,WO-001418,2025-06-18,M05,P01,Weld porosity,3,FAIL
QC-0004254,WO-001418,2025-06-18,M05,P01,Material defect,0,PASS
QC-0004255,WO-001419,2025-06-18,M06,P01,Dimensional,1,FAIL
QC-0004256,WO-001419,2025-06-18,M06,P01,Surface finish,1,FAIL
QC-0004257,WO-001419,2025-06-18,M06,P01,Assembly mismatch,1,FAIL
QC-0004258,WO-001420,2025-06-18,M06,P05,Weld porosity,6,FAIL
QC-0004259,WO-001420,2025-06-18,M06,P05,Cosmetic,2,FAIL
QC-0004260,WO-001420,2025-06-18,M06,P05,Dimensional,1,FAIL
QC-0004261,WO-001421,2025-06-19,M01,P01,Cosmetic,5,FAIL
QC-0004262,WO-001421,2025-06-19,M01,P01,Material defect,2,FAIL
QC-0004263,WO-001421,2025-06-19,M01,P01,Assembly mismatch,0,PASS
QC-0004264,WO-001422,2025-06-19,M01,P02,Surface finish,5,FAIL
QC-0004265,WO-001422,2025-06-19,M01,P02,Cosmetic,1,FAIL
QC-0004266,WO-001422,2025-06-19,M01,P02,Dimensional,0,PASS
QC-0004267,WO-001423,2025-06-19,M02,P01,Assembly mismatch,2,FAIL
QC-0004268,WO-001423,2025-06-19,M02,P01,Cosmetic,1,FAIL
QC-0004269,WO-001423,2025-06-19,M02,P01,Surface finish,2,FAIL
QC-0004270,WO-001424,2025-06-19,M02,P05,Surface finish,8,FAIL
QC-0004271,WO-001424,2025-06-19,M02,P05,Dimensional,2,FAIL
QC-0004272,WO-001424,2025-06-19,M02,P05,Cosmetic,1,FAIL
QC-0004273,WO-001425,2025-06-19,M03,P03,Material defect,2,FAIL
QC-0004274,WO-001425,2025-06-19,M03,P03,Dimensional,3,FAIL
QC-0004275,WO-001425,2025-06-19,M03,P03,Surface finish,0,PASS
QC-0004276,WO-001426,2025-06-19,M03,P05,Surface finish,6,FAIL
QC-0004277,WO-001426,2025-06-19,M03,P05,Assembly mismatch,2,FAIL
QC-0004278,WO-001426,2025-06-19,M03,P05,Dimensional,1,FAIL
QC-0004279,WO-001427,2025-06-19,M04,P04,Cosmetic,3,FAIL
QC-0004280,WO-001427,2025-06-19,M04,P04,Weld porosity,1,FAIL
QC-0004281,WO-001427,2025-06-19,M04,P04,Surface finish,0,PASS
QC-0004282,WO-001428,2025-06-19,M04,P06,Weld porosity,4,FAIL
QC-0004283,WO-001428,2025-06-19,M04,P06,Dimensional,1,FAIL
QC-0004284,WO-001428,2025-06-19,M04,P06,Assembly mismatch,0,PASS
QC-0004285,WO-001429,2025-06-19,M05,P01,Weld porosity,3,FAIL
QC-0004286,WO-001429,2025-06-19,M05,P01,Dimensional,1,FAIL
QC-0004287,WO-001429,2025-06-19,M05,P01,Material defect,1,FAIL
QC-0004288,WO-001430,2025-06-19,M05,P01,Assembly mismatch,5,FAIL
QC-0004289,WO-001430,2025-06-19,M05,P01,Material defect,2,FAIL
QC-0004290,WO-001430,2025-06-19,M05,P01,Cosmetic,1,FAIL
QC-0004291,WO-001431,2025-06-19,M06,P01,Surface finish,2,FAIL
QC-0004292,WO-001431,2025-06-19,M06,P01,Dimensional,0,PASS
QC-0004293,WO-001431,2025-06-19,M06,P01,Cosmetic,1,FAIL
QC-0004294,WO-001432,2025-06-19,M06,P01,Cosmetic,2,FAIL
QC-0004295,WO-001432,2025-06-19,M06,P01,Material defect,2,FAIL
QC-0004296,WO-001432,2025-06-19,M06,P01,Weld porosity,0,PASS
QC-0004297,WO-001433,2025-06-20,M01,P03,Cosmetic,6,FAIL
QC-0004298,WO-001433,2025-06-20,M01,P03,Weld porosity,2,FAIL
QC-0004299,WO-001433,2025-06-20,M01,P03,Material defect,1,FAIL
QC-0004300,WO-001434,2025-06-20,M01,P01,Assembly mismatch,3,FAIL
QC-0004301,WO-001434,2025-06-20,M01,P01,Weld porosity,2,FAIL
QC-0004302,WO-001434,2025-06-20,M01,P01,Surface finish,2,FAIL
QC-0004303,WO-001435,2025-06-20,M02,P02,Material defect,2,FAIL
QC-0004304,WO-001435,2025-06-20,M02,P02,Assembly mismatch,1,FAIL
QC-0004305,WO-001435,2025-06-20,M02,P02,Cosmetic,2,FAIL
QC-0004306,WO-001436,2025-06-20,M03,P05,Surface finish,7,FAIL
QC-0004307,WO-001436,2025-06-20,M03,P05,Cosmetic,2,FAIL
QC-0004308,WO-001436,2025-06-20,M03,P05,Material defect,2,FAIL
QC-0004309,WO-001437,2025-06-20,M03,P03,Dimensional,2,FAIL
QC-0004310,WO-001437,2025-06-20,M03,P03,Surface finish,2,FAIL
QC-0004311,WO-001437,2025-06-20,M03,P03,Weld porosity,2,FAIL
QC-0004312,WO-001438,2025-06-20,M04,P06,Assembly mismatch,3,FAIL
QC-0004313,WO-001438,2025-06-20,M04,P06,Weld porosity,2,FAIL
QC-0004314,WO-001438,2025-06-20,M04,P06,Surface finish,1,FAIL
QC-0004315,WO-001439,2025-06-20,M04,P03,Material defect,5,FAIL
QC-0004316,WO-001439,2025-06-20,M04,P03,Cosmetic,3,FAIL
QC-0004317,WO-001439,2025-06-20,M04,P03,Weld porosity,1,FAIL
QC-0004318,WO-001440,2025-06-20,M05,P05,Cosmetic,6,FAIL
QC-0004319,WO-001440,2025-06-20,M05,P05,Surface finish,2,FAIL
QC-0004320,WO-001440,2025-06-20,M05,P05,Dimensional,2,FAIL
QC-0004321,WO-001441,2025-06-20,M05,P01,Assembly mismatch,4,FAIL
QC-0004322,WO-001441,2025-06-20,M05,P01,Cosmetic,2,FAIL
QC-0004323,WO-001441,2025-06-20,M05,P01,Surface finish,0,PASS
QC-0004324,WO-001442,2025-06-20,M06,P05,Material defect,8,FAIL
QC-0004325,WO-001442,2025-06-20,M06,P05,Weld porosity,0,PASS
QC-0004326,WO-001442,2025-06-20,M06,P05,Assembly mismatch,2,FAIL
QC-0004327,WO-001443,2025-06-20,M06,P05,Weld porosity,7,FAIL
QC-0004328,WO-001443,2025-06-20,M06,P05,Dimensional,2,FAIL
QC-0004329,WO-001443,2025-06-20,M06,P05,Assembly mismatch,2,FAIL
QC-0004330,WO-001444,2025-06-23,M01,P02,Surface finish,6,FAIL
QC-0004331,WO-001444,2025-06-23,M01,P02,Assembly mismatch,0,PASS
QC-0004332,WO-001444,2025-06-23,M01,P02,Dimensional,1,FAIL
QC-0004333,WO-001445,2025-06-23,M01,P01,Weld porosity,3,FAIL
QC-0004334,WO-001445,2025-06-23,M01,P01,Dimensional,0,PASS
QC-0004335,WO-001445,2025-06-23,M01,P01,Material defect,1,FAIL
QC-0004336,WO-001446,2025-06-23,M02,P02,Surface finish,1,FAIL
QC-0004337,WO-001446,2025-06-23,M02,P02,Material defect,4,FAIL
QC-0004338,WO-001446,2025-06-23,M02,P02,Weld porosity,1,FAIL
QC-0004339,WO-001447,2025-06-23,M02,P02,Material defect,1,FAIL
QC-0004340,WO-001447,2025-06-23,M02,P02,Weld porosity,2,FAIL
QC-0004341,WO-001447,2025-06-23,M02,P02,Dimensional,2,FAIL
QC-0004342,WO-001448,2025-06-23,M03,P01,Cosmetic,3,FAIL
QC-0004343,WO-001448,2025-06-23,M03,P01,Material defect,1,FAIL
QC-0004344,WO-001448,2025-06-23,M03,P01,Assembly mismatch,2,FAIL
QC-0004345,WO-001449,2025-06-23,M03,P01,Weld porosity,5,FAIL
QC-0004346,WO-001449,2025-06-23,M03,P01,Material defect,1,FAIL
QC-0004347,WO-001449,2025-06-23,M03,P01,Surface finish,1,FAIL
QC-0004348,WO-001450,2025-06-23,M04,P03,Weld porosity,4,FAIL
QC-0004349,WO-001450,2025-06-23,M04,P03,Surface finish,2,FAIL
QC-0004350,WO-001450,2025-06-23,M04,P03,Cosmetic,1,FAIL
QC-0004351,WO-001451,2025-06-23,M04,P03,Weld porosity,7,FAIL
QC-0004352,WO-001451,2025-06-23,M04,P03,Material defect,1,FAIL
QC-0004353,WO-001451,2025-06-23,M04,P03,Surface finish,0,PASS
QC-0004354,WO-001452,2025-06-23,M05,P06,Surface finish,2,FAIL
QC-0004355,WO-001452,2025-06-23,M05,P06,Assembly mismatch,1,FAIL
QC-0004356,WO-001452,2025-06-23,M05,P06,Weld porosity,2,FAIL
QC-0004357,WO-001453,2025-06-23,M05,P01,Material defect,6,FAIL
QC-0004358,WO-001453,2025-06-23,M05,P01,Cosmetic,0,PASS
QC-0004359,WO-001453,2025-06-23,M05,P01,Weld porosity,1,FAIL
QC-0004360,WO-001454,2025-06-23,M06,P05,Dimensional,8,FAIL
QC-0004361,WO-001454,2025-06-23,M06,P05,Cosmetic,1,FAIL
QC-0004362,WO-001454,2025-06-23,M06,P05,Surface finish,1,FAIL
QC-0004363,WO-001455,2025-06-23,M06,P04,Dimensional,2,FAIL
QC-0004364,WO-001455,2025-06-23,M06,P04,Material defect,2,FAIL
QC-0004365,WO-001455,2025-06-23,M06,P04,Cosmetic,0,PASS
QC-0004366,WO-001456,2025-06-24,M01,P01,Assembly mismatch,3,FAIL
QC-0004367,WO-001456,2025-06-24,M01,P01,Cosmetic,1,FAIL
QC-0004368,WO-001456,2025-06-24,M01,P01,Surface finish,1,FAIL
QC-0004369,WO-001457,2025-06-24,M01,P02,Surface finish,5,FAIL
QC-0004370,WO-001457,2025-06-24,M01,P02,Weld porosity,3,FAIL
QC-0004371,WO-001457,2025-06-24,M01,P02,Material defect,0,PASS
QC-0004372,WO-001458,2025-06-24,M02,P01,Dimensional,2,FAIL
QC-0004373,WO-001458,2025-06-24,M02,P01,Surface finish,4,FAIL
QC-0004374,WO-001458,2025-06-24,M02,P01,Weld porosity,1,FAIL
QC-0004375,WO-001459,2025-06-24,M02,P01,Weld porosity,4,FAIL
QC-0004376,WO-001459,2025-06-24,M02,P01,Cosmetic,2,FAIL
QC-0004377,WO-001459,2025-06-24,M02,P01,Assembly mismatch,0,PASS
QC-0004378,WO-001460,2025-06-24,M03,P01,Surface finish,3,FAIL
QC-0004379,WO-001460,2025-06-24,M03,P01,Dimensional,1,FAIL
QC-0004380,WO-001460,2025-06-24,M03,P01,Material defect,1,FAIL
QC-0004381,WO-001461,2025-06-24,M03,P03,Cosmetic,4,FAIL
QC-0004382,WO-001461,2025-06-24,M03,P03,Surface finish,3,FAIL
QC-0004383,WO-001461,2025-06-24,M03,P03,Weld porosity,3,FAIL
QC-0004384,WO-001462,2025-06-24,M04,P06,Dimensional,3,FAIL
QC-0004385,WO-001462,2025-06-24,M04,P06,Surface finish,2,FAIL
QC-0004386,WO-001462,2025-06-24,M04,P06,Weld porosity,1,FAIL
QC-0004387,WO-001463,2025-06-24,M04,P03,Weld porosity,6,FAIL
QC-0004388,WO-001463,2025-06-24,M04,P03,Material defect,3,FAIL
QC-0004389,WO-001463,2025-06-24,M04,P03,Cosmetic,3,FAIL
QC-0004390,WO-001464,2025-06-24,M05,P06,Cosmetic,2,FAIL
QC-0004391,WO-001464,2025-06-24,M05,P06,Dimensional,2,FAIL
QC-0004392,WO-001464,2025-06-24,M05,P06,Material defect,1,FAIL
QC-0004393,WO-001465,2025-06-24,M05,P01,Material defect,4,FAIL
QC-0004394,WO-001465,2025-06-24,M05,P01,Surface finish,1,FAIL
QC-0004395,WO-001465,2025-06-24,M05,P01,Cosmetic,0,PASS
QC-0004396,WO-001466,2025-06-24,M06,P05,Weld porosity,3,FAIL
QC-0004397,WO-001466,2025-06-24,M06,P05,Cosmetic,4,FAIL
QC-0004398,WO-001466,2025-06-24,M06,P05,Surface finish,3,FAIL
QC-0004399,WO-001467,2025-06-24,M06,P01,Cosmetic,5,FAIL
QC-0004400,WO-001467,2025-06-24,M06,P01,Material defect,1,FAIL
QC-0004401,WO-001467,2025-06-24,M06,P01,Assembly mismatch,0,PASS
QC-0004402,WO-001468,2025-06-25,M01,P01,Weld porosity,2,FAIL
QC-0004403,WO-001468,2025-06-25,M01,P01,Material defect,1,FAIL
QC-0004404,WO-001468,2025-06-25,M01,P01,Cosmetic,2,FAIL
QC-0004405,WO-001469,2025-06-25,M01,P02,Surface finish,5,FAIL
QC-0004406,WO-001469,2025-06-25,M01,P02,Dimensional,1,FAIL
QC-0004407,WO-001469,2025-06-25,M01,P02,Assembly mismatch,2,FAIL
QC-0004408,WO-001470,2025-06-25,M02,P02,Assembly mismatch,3,FAIL
QC-0004409,WO-001470,2025-06-25,M02,P02,Dimensional,2,FAIL
QC-0004410,WO-001470,2025-06-25,M02,P02,Surface finish,0,PASS
QC-0004411,WO-001471,2025-06-25,M02,P01,Surface finish,2,FAIL
QC-0004412,WO-001471,2025-06-25,M02,P01,Cosmetic,2,FAIL
QC-0004413,WO-001471,2025-06-25,M02,P01,Assembly mismatch,2,FAIL
QC-0004414,WO-001472,2025-06-25,M03,P05,Dimensional,4,FAIL
QC-0004415,WO-001472,2025-06-25,M03,P05,Assembly mismatch,2,FAIL
QC-0004416,WO-001472,2025-06-25,M03,P05,Material defect,2,FAIL
QC-0004417,WO-001473,2025-06-25,M03,P01,Dimensional,2,FAIL
QC-0004418,WO-001473,2025-06-25,M03,P01,Cosmetic,5,FAIL
QC-0004419,WO-001473,2025-06-25,M03,P01,Weld porosity,0,PASS
QC-0004420,WO-001474,2025-06-25,M04,P06,Weld porosity,4,FAIL
QC-0004421,WO-001474,2025-06-25,M04,P06,Assembly mismatch,1,FAIL
QC-0004422,WO-001474,2025-06-25,M04,P06,Cosmetic,0,PASS
QC-0004423,WO-001475,2025-06-25,M04,P04,Weld porosity,3,FAIL
QC-0004424,WO-001475,2025-06-25,M04,P04,Dimensional,3,FAIL
QC-0004425,WO-001475,2025-06-25,M04,P04,Assembly mismatch,0,PASS
QC-0004426,WO-001476,2025-06-25,M05,P01,Material defect,1,FAIL
QC-0004427,WO-001476,2025-06-25,M05,P01,Cosmetic,2,FAIL
QC-0004428,WO-001476,2025-06-25,M05,P01,Dimensional,0,PASS
QC-0004429,WO-001477,2025-06-25,M05,P06,Cosmetic,7,FAIL
QC-0004430,WO-001477,2025-06-25,M05,P06,Dimensional,0,PASS
QC-0004431,WO-001477,2025-06-25,M05,P06,Surface finish,0,PASS
QC-0004432,WO-001478,2025-06-25,M06,P01,Weld porosity,3,FAIL
QC-0004433,WO-001478,2025-06-25,M06,P01,Dimensional,2,FAIL
QC-0004434,WO-001478,2025-06-25,M06,P01,Surface finish,1,FAIL
QC-0004435,WO-001479,2025-06-25,M06,P04,Weld porosity,4,FAIL
QC-0004436,WO-001479,2025-06-25,M06,P04,Assembly mismatch,0,PASS
QC-0004437,WO-001479,2025-06-25,M06,P04,Material defect,0,PASS
QC-0004438,WO-001480,2025-06-26,M01,P03,Assembly mismatch,1,FAIL
QC-0004439,WO-001480,2025-06-26,M01,P03,Dimensional,1,FAIL
QC-0004440,WO-001480,2025-06-26,M01,P03,Weld porosity,0,PASS
QC-0004441,WO-001481,2025-06-26,M01,P01,Assembly mismatch,6,FAIL
QC-0004442,WO-001481,2025-06-26,M01,P01,Cosmetic,1,FAIL
QC-0004443,WO-001481,2025-06-26,M01,P01,Surface finish,2,FAIL
QC-0004444,WO-001482,2025-06-26,M02,P02,Material defect,4,FAIL
QC-0004445,WO-001482,2025-06-26,M02,P02,Weld porosity,1,FAIL
QC-0004446,WO-001482,2025-06-26,M02,P02,Surface finish,1,FAIL
QC-0004447,WO-001483,2025-06-26,M02,P05,Surface finish,5,FAIL
QC-0004448,WO-001483,2025-06-26,M02,P05,Material defect,1,FAIL
QC-0004449,WO-001483,2025-06-26,M02,P05,Dimensional,2,FAIL
QC-0004450,WO-001484,2025-06-26,M03,P05,Dimensional,7,FAIL
QC-0004451,WO-001484,2025-06-26,M03,P05,Surface finish,3,FAIL
QC-0004452,WO-001484,2025-06-26,M03,P05,Cosmetic,1,FAIL
QC-0004453,WO-001485,2025-06-26,M03,P03,Weld porosity,7,FAIL
QC-0004454,WO-001485,2025-06-26,M03,P03,Cosmetic,2,FAIL
QC-0004455,WO-001485,2025-06-26,M03,P03,Material defect,2,FAIL
QC-0004456,WO-001486,2025-06-26,M04,P03,Weld porosity,4,FAIL
QC-0004457,WO-001486,2025-06-26,M04,P03,Material defect,1,FAIL
QC-0004458,WO-001486,2025-06-26,M04,P03,Cosmetic,0,PASS
QC-0004459,WO-001487,2025-06-26,M04,P04,Weld porosity,4,FAIL
QC-0004460,WO-001487,2025-06-26,M04,P04,Assembly mismatch,1,FAIL
QC-0004461,WO-001487,2025-06-26,M04,P04,Material defect,0,PASS
QC-0004462,WO-001488,2025-06-26,M05,P05,Weld porosity,5,FAIL
QC-0004463,WO-001488,2025-06-26,M05,P05,Dimensional,1,FAIL
QC-0004464,WO-001488,2025-06-26,M05,P05,Surface finish,2,FAIL
QC-0004465,WO-001489,2025-06-26,M05,P01,Weld porosity,3,FAIL
QC-0004466,WO-001489,2025-06-26,M05,P01,Assembly mismatch,2,FAIL
QC-0004467,WO-001489,2025-06-26,M05,P01,Cosmetic,0,PASS
QC-0004468,WO-001490,2025-06-26,M06,P05,Dimensional,6,FAIL
QC-0004469,WO-001490,2025-06-26,M06,P05,Material defect,3,FAIL
QC-0004470,WO-001490,2025-06-26,M06,P05,Surface finish,1,FAIL
QC-0004471,WO-001491,2025-06-26,M06,P04,Surface finish,4,FAIL
QC-0004472,WO-001491,2025-06-26,M06,P04,Material defect,2,FAIL
QC-0004473,WO-001491,2025-06-26,M06,P04,Dimensional,0,PASS
QC-0004474,WO-001492,2025-06-27,M01,P01,Assembly mismatch,4,FAIL
QC-0004475,WO-001492,2025-06-27,M01,P01,Material defect,1,FAIL
QC-0004476,WO-001492,2025-06-27,M01,P01,Dimensional,0,PASS
QC-0004477,WO-001493,2025-06-27,M01,P02,Weld porosity,5,FAIL
QC-0004478,WO-001493,2025-06-27,M01,P02,Material defect,2,FAIL
QC-0004479,WO-001493,2025-06-27,M01,P02,Assembly mismatch,0,PASS
QC-0004480,WO-001494,2025-06-27,M02,P02,Weld porosity,2,FAIL
QC-0004481,WO-001494,2025-06-27,M02,P02,Surface finish,1,FAIL
QC-0004482,WO-001494,2025-06-27,M02,P02,Material defect,3,FAIL
QC-0004483,WO-001495,2025-06-27,M02,P02,Assembly mismatch,4,FAIL
QC-0004484,WO-001495,2025-06-27,M02,P02,Material defect,2,FAIL
QC-0004485,WO-001495,2025-06-27,M02,P02,Cosmetic,0,PASS
QC-0004486,WO-001496,2025-06-27,M03,P03,Material defect,3,FAIL
QC-0004487,WO-001496,2025-06-27,M03,P03,Cosmetic,4,FAIL
QC-0004488,WO-001496,2025-06-27,M03,P03,Surface finish,2,FAIL
QC-0004489,WO-001497,2025-06-27,M03,P03,Weld porosity,3,FAIL
QC-0004490,WO-001497,2025-06-27,M03,P03,Dimensional,2,FAIL
QC-0004491,WO-001497,2025-06-27,M03,P03,Material defect,2,FAIL
QC-0004492,WO-001498,2025-06-27,M04,P06,Weld porosity,5,FAIL
QC-0004493,WO-001498,2025-06-27,M04,P06,Cosmetic,0,PASS
QC-0004494,WO-001498,2025-06-27,M04,P06,Dimensional,1,FAIL
QC-0004495,WO-001499,2025-06-27,M04,P04,Weld porosity,0,PASS
QC-0004496,WO-001499,2025-06-27,M04,P04,Dimensional,4,FAIL
QC-0004497,WO-001499,2025-06-27,M04,P04,Cosmetic,2,FAIL
QC-0004498,WO-001500,2025-06-27,M05,P01,Cosmetic,4,FAIL
QC-0004499,WO-001500,2025-06-27,M05,P01,Dimensional,0,PASS
QC-0004500,WO-001500,2025-06-27,M05,P01,Assembly mismatch,1,FAIL
QC-0004501,WO-001501,2025-06-27,M05,P06,Assembly mismatch,4,FAIL
QC-0004502,WO-001501,2025-06-27,M05,P06,Cosmetic,1,FAIL
QC-0004503,WO-001501,2025-06-27,M05,P06,Dimensional,2,FAIL
QC-0004504,WO-001502,2025-06-27,M06,P01,Dimensional,2,FAIL
QC-0004505,WO-001502,2025-06-27,M06,P01,Surface finish,1,FAIL
QC-0004506,WO-001502,2025-06-27,M06,P01,Material defect,3,FAIL
QC-0004507,WO-001503,2025-06-27,M06,P06,Surface finish,3,FAIL
QC-0004508,WO-001503,2025-06-27,M06,P06,Dimensional,3,FAIL
QC-0004509,WO-001503,2025-06-27,M06,P06,Assembly mismatch,0,PASS
QC-0004510,WO-001504,2025-06-30,M01,P02,Dimensional,4,FAIL
QC-0004511,WO-001504,2025-06-30,M01,P02,Cosmetic,1,FAIL
QC-0004512,WO-001504,2025-06-30,M01,P02,Material defect,1,FAIL
QC-0004513,WO-001505,2025-06-30,M01,P03,Assembly mismatch,5,FAIL
QC-0004514,WO-001505,2025-06-30,M01,P03,Material defect,0,PASS
QC-0004515,WO-001505,2025-06-30,M01,P03,Cosmetic,3,FAIL
QC-0004516,WO-001506,2025-06-30,M02,P02,Assembly mismatch,2,FAIL
QC-0004517,WO-001506,2025-06-30,M02,P02,Cosmetic,1,FAIL
QC-0004518,WO-001506,2025-06-30,M02,P02,Weld porosity,1,FAIL
QC-0004519,WO-001507,2025-06-30,M02,P01,Surface finish,4,FAIL
QC-0004520,WO-001507,2025-06-30,M02,P01,Weld porosity,1,FAIL
QC-0004521,WO-001507,2025-06-30,M02,P01,Material defect,1,FAIL
QC-0004522,WO-001508,2025-06-30,M03,P01,Assembly mismatch,1,FAIL
QC-0004523,WO-001508,2025-06-30,M03,P01,Surface finish,2,FAIL
QC-0004524,WO-001508,2025-06-30,M03,P01,Weld porosity,2,FAIL
QC-0004525,WO-001509,2025-06-30,M03,P03,Cosmetic,5,FAIL
QC-0004526,WO-001509,2025-06-30,M03,P03,Dimensional,4,FAIL
QC-0004527,WO-001509,2025-06-30,M03,P03,Weld porosity,2,FAIL
QC-0004528,WO-001510,2025-06-30,M04,P06,Weld porosity,4,FAIL
QC-0004529,WO-001510,2025-06-30,M04,P06,Cosmetic,1,FAIL
QC-0004530,WO-001510,2025-06-30,M04,P06,Assembly mismatch,1,FAIL
QC-0004531,WO-001511,2025-06-30,M04,P06,Material defect,4,FAIL
QC-0004532,WO-001511,2025-06-30,M04,P06,Surface finish,2,FAIL
QC-0004533,WO-001511,2025-06-30,M04,P06,Weld porosity,0,PASS
QC-0004534,WO-001512,2025-06-30,M05,P06,Surface finish,6,FAIL
QC-0004535,WO-001512,2025-06-30,M05,P06,Weld porosity,1,FAIL
QC-0004536,WO-001512,2025-06-30,M05,P06,Material defect,0,PASS
QC-0004537,WO-001513,2025-06-30,M05,P06,Dimensional,5,FAIL
QC-0004538,WO-001513,2025-06-30,M05,P06,Weld porosity,1,FAIL
QC-0004539,WO-001513,2025-06-30,M05,P06,Surface finish,1,FAIL
QC-0004540,WO-001514,2025-06-30,M06,P06,Dimensional,6,FAIL
QC-0004541,WO-001514,2025-06-30,M06,P06,Assembly mismatch,0,PASS
QC-0004542,WO-001514,2025-06-30,M06,P06,Cosmetic,0,PASS
QC-0004543,WO-001515,2025-06-30,M06,P05,Surface finish,6,FAIL
QC-0004544,WO-001515,2025-06-30,M06,P05,Material defect,2,FAIL
QC-0004545,WO-001515,2025-06-30,M06,P05,Weld porosity,5,FAIL
QC-0004546,WO-001516,2025-07-01,M01,P02,Weld porosity,3,FAIL
QC-0004547,WO-001516,2025-07-01,M01,P02,Dimensional,0,PASS
QC-0004548,WO-001516,2025-07-01,M01,P02,Surface finish,1,FAIL
QC-0004549,WO-001517,2025-07-01,M01,P01,Surface finish,3,FAIL
QC-0004550,WO-001517,2025-07-01,M01,P01,Dimensional,3,FAIL
QC-0004551,WO-001517,2025-07-01,M01,P01,Weld porosity,1,FAIL
QC-0004552,WO-001518,2025-07-01,M02,P05,Dimensional,4,FAIL
QC-0004553,WO-001518,2025-07-01,M02,P05,Cosmetic,3,FAIL
QC-0004554,WO-001518,2025-07-01,M02,P05,Weld porosity,0,PASS
QC-0004555,WO-001519,2025-07-01,M02,P01,Dimensional,1,FAIL
QC-0004556,WO-001519,2025-07-01,M02,P01,Weld porosity,1,FAIL
QC-0004557,WO-001519,2025-07-01,M02,P01,Material defect,0,PASS
QC-0004558,WO-001520,2025-07-01,M03,P01,Assembly mismatch,5,FAIL
QC-0004559,WO-001520,2025-07-01,M03,P01,Cosmetic,1,FAIL
QC-0004560,WO-001520,2025-07-01,M03,P01,Surface finish,1,FAIL
QC-0004561,WO-001521,2025-07-01,M03,P03,Dimensional,3,FAIL
QC-0004562,WO-001521,2025-07-01,M03,P03,Cosmetic,3,FAIL
QC-0004563,WO-001521,2025-07-01,M03,P03,Assembly mismatch,4,FAIL
QC-0004564,WO-001522,2025-07-01,M04,P06,Weld porosity,3,FAIL
QC-0004565,WO-001522,2025-07-01,M04,P06,Assembly mismatch,2,FAIL
QC-0004566,WO-001522,2025-07-01,M04,P06,Cosmetic,0,PASS
QC-0004567,WO-001523,2025-07-01,M04,P03,Dimensional,3,FAIL
QC-0004568,WO-001523,2025-07-01,M04,P03,Material defect,5,FAIL
QC-0004569,WO-001523,2025-07-01,M04,P03,Weld porosity,1,FAIL
QC-0004570,WO-001524,2025-07-01,M05,P04,Weld porosity,2,FAIL
QC-0004571,WO-001524,2025-07-01,M05,P04,Surface finish,0,PASS
QC-0004572,WO-001524,2025-07-01,M05,P04,Assembly mismatch,1,FAIL
QC-0004573,WO-001525,2025-07-01,M05,P04,Cosmetic,3,FAIL
QC-0004574,WO-001525,2025-07-01,M05,P04,Dimensional,0,PASS
QC-0004575,WO-001525,2025-07-01,M05,P04,Surface finish,0,PASS
QC-0004576,WO-001526,2025-07-01,M06,P05,Cosmetic,3,FAIL
QC-0004577,WO-001526,2025-07-01,M06,P05,Dimensional,5,FAIL
QC-0004578,WO-001526,2025-07-01,M06,P05,Assembly mismatch,1,FAIL
QC-0004579,WO-001527,2025-07-01,M06,P05,Surface finish,9,FAIL
QC-0004580,WO-001527,2025-07-01,M06,P05,Material defect,1,FAIL
QC-0004581,WO-001527,2025-07-01,M06,P05,Cosmetic,1,FAIL
QC-0004582,WO-001528,2025-07-02,M01,P03,Weld porosity,2,FAIL
QC-0004583,WO-001528,2025-07-02,M01,P03,Assembly mismatch,0,PASS
QC-0004584,WO-001528,2025-07-02,M01,P03,Material defect,1,FAIL
QC-0004585,WO-001529,2025-07-02,M01,P02,Material defect,4,FAIL
QC-0004586,WO-001529,2025-07-02,M01,P02,Weld porosity,3,FAIL
QC-0004587,WO-001529,2025-07-02,M01,P02,Assembly mismatch,0,PASS
QC-0004588,WO-001530,2025-07-02,M02,P02,Dimensional,5,FAIL
QC-0004589,WO-001530,2025-07-02,M02,P02,Material defect,1,FAIL
QC-0004590,WO-001530,2025-07-02,M02,P02,Surface finish,1,FAIL
QC-0004591,WO-001531,2025-07-02,M02,P05,Material defect,8,FAIL
QC-0004592,WO-001531,2025-07-02,M02,P05,Assembly mismatch,1,FAIL
QC-0004593,WO-001531,2025-07-02,M02,P05,Surface finish,1,FAIL
QC-0004594,WO-001532,2025-07-02,M03,P03,Surface finish,6,FAIL
QC-0004595,WO-001532,2025-07-02,M03,P03,Assembly mismatch,1,FAIL
QC-0004596,WO-001532,2025-07-02,M03,P03,Material defect,0,PASS
QC-0004597,WO-001533,2025-07-02,M04,P04,Weld porosity,4,FAIL
QC-0004598,WO-001533,2025-07-02,M04,P04,Cosmetic,1,FAIL
QC-0004599,WO-001533,2025-07-02,M04,P04,Assembly mismatch,0,PASS
QC-0004600,WO-001534,2025-07-02,M05,P04,Surface finish,4,FAIL
QC-0004601,WO-001534,2025-07-02,M05,P04,Dimensional,0,PASS
QC-0004602,WO-001534,2025-07-02,M05,P04,Weld porosity,2,FAIL
QC-0004603,WO-001535,2025-07-02,M05,P06,Dimensional,1,FAIL
QC-0004604,WO-001535,2025-07-02,M05,P06,Assembly mismatch,2,FAIL
QC-0004605,WO-001535,2025-07-02,M05,P06,Weld porosity,2,FAIL
QC-0004606,WO-001536,2025-07-02,M06,P01,Dimensional,2,FAIL
QC-0004607,WO-001536,2025-07-02,M06,P01,Weld porosity,1,FAIL
QC-0004608,WO-001536,2025-07-02,M06,P01,Assembly mismatch,2,FAIL
QC-0004609,WO-001537,2025-07-02,M06,P01,Surface finish,4,FAIL
QC-0004610,WO-001537,2025-07-02,M06,P01,Assembly mismatch,0,PASS
QC-0004611,WO-001537,2025-07-02,M06,P01,Weld porosity,3,FAIL
QC-0004612,WO-001538,2025-07-03,M01,P02,Dimensional,3,FAIL
QC-0004613,WO-001538,2025-07-03,M01,P02,Cosmetic,1,FAIL
QC-0004614,WO-001538,2025-07-03,M01,P02,Material defect,0,PASS
QC-0004615,WO-001539,2025-07-03,M01,P03,Dimensional,2,FAIL
QC-0004616,WO-001539,2025-07-03,M01,P03,Surface finish,1,FAIL
QC-0004617,WO-001539,2025-07-03,M01,P03,Material defect,0,PASS
QC-0004618,WO-001540,2025-07-03,M02,P05,Cosmetic,3,FAIL
QC-0004619,WO-001540,2025-07-03,M02,P05,Weld porosity,2,FAIL
QC-0004620,WO-001540,2025-07-03,M02,P05,Surface finish,0,PASS
QC-0004621,WO-001541,2025-07-03,M02,P05,Weld porosity,6,FAIL
QC-0004622,WO-001541,2025-07-03,M02,P05,Surface finish,3,FAIL
QC-0004623,WO-001541,2025-07-03,M02,P05,Dimensional,1,FAIL
QC-0004624,WO-001542,2025-07-03,M03,P03,Surface finish,3,FAIL
QC-0004625,WO-001542,2025-07-03,M03,P03,Dimensional,0,PASS
QC-0004626,WO-001542,2025-07-03,M03,P03,Material defect,1,FAIL
QC-0004627,WO-001543,2025-07-03,M03,P03,Cosmetic,3,FAIL
QC-0004628,WO-001543,2025-07-03,M03,P03,Weld porosity,0,PASS
QC-0004629,WO-001543,2025-07-03,M03,P03,Material defect,2,FAIL
QC-0004630,WO-001544,2025-07-03,M04,P04,Weld porosity,1,FAIL
QC-0004631,WO-001544,2025-07-03,M04,P04,Cosmetic,1,FAIL
QC-0004632,WO-001544,2025-07-03,M04,P04,Dimensional,2,FAIL
QC-0004633,WO-001545,2025-07-03,M04,P04,Surface finish,4,FAIL
QC-0004634,WO-001545,2025-07-03,M04,P04,Weld porosity,0,PASS
QC-0004635,WO-001545,2025-07-03,M04,P04,Assembly mismatch,2,FAIL
QC-0004636,WO-001546,2025-07-03,M05,P01,Assembly mismatch,2,FAIL
QC-0004637,WO-001546,2025-07-03,M05,P01,Cosmetic,1,FAIL
QC-0004638,WO-001546,2025-07-03,M05,P01,Dimensional,0,PASS
QC-0004639,WO-001547,2025-07-03,M05,P01,Weld porosity,3,FAIL
QC-0004640,WO-001547,2025-07-03,M05,P01,Cosmetic,5,FAIL
QC-0004641,WO-001547,2025-07-03,M05,P01,Assembly mismatch,0,PASS
QC-0004642,WO-001548,2025-07-03,M06,P01,Assembly mismatch,4,FAIL
QC-0004643,WO-001548,2025-07-03,M06,P01,Cosmetic,0,PASS
QC-0004644,WO-001548,2025-07-03,M06,P01,Weld porosity,1,FAIL
QC-0004645,WO-001549,2025-07-03,M06,P01,Dimensional,3,FAIL
QC-0004646,WO-001549,2025-07-03,M06,P01,Material defect,2,FAIL
QC-0004647,WO-001549,2025-07-03,M06,P01,Cosmetic,3,FAIL
QC-0004648,WO-001550,2025-07-04,M01,P03,Weld porosity,1,FAIL
QC-0004649,WO-001550,2025-07-04,M01,P03,Dimensional,2,FAIL
QC-0004650,WO-001550,2025-07-04,M01,P03,Material defect,0,PASS
QC-0004651,WO-001551,2025-07-04,M01,P01,Weld porosity,3,FAIL
QC-0004652,WO-001551,2025-07-04,M01,P01,Surface finish,3,FAIL
QC-0004653,WO-001551,2025-07-04,M01,P01,Dimensional,1,FAIL
QC-0004654,WO-001552,2025-07-04,M02,P01,Assembly mismatch,4,FAIL
QC-0004655,WO-001552,2025-07-04,M02,P01,Cosmetic,1,FAIL
QC-0004656,WO-001552,2025-07-04,M02,P01,Weld porosity,0,PASS
QC-0004657,WO-001553,2025-07-04,M02,P01,Weld porosity,3,FAIL
QC-0004658,WO-001553,2025-07-04,M02,P01,Material defect,1,FAIL
QC-0004659,WO-001553,2025-07-04,M02,P01,Cosmetic,1,FAIL
QC-0004660,WO-001554,2025-07-04,M03,P03,Weld porosity,5,FAIL
QC-0004661,WO-001554,2025-07-04,M03,P03,Material defect,0,PASS
QC-0004662,WO-001554,2025-07-04,M03,P03,Surface finish,1,FAIL
QC-0004663,WO-001555,2025-07-04,M03,P05,Dimensional,5,FAIL
QC-0004664,WO-001555,2025-07-04,M03,P05,Cosmetic,1,FAIL
QC-0004665,WO-001555,2025-07-04,M03,P05,Surface finish,4,FAIL
QC-0004666,WO-001556,2025-07-04,M04,P03,Material defect,4,FAIL
QC-0004667,WO-001556,2025-07-04,M04,P03,Weld porosity,4,FAIL
QC-0004668,WO-001556,2025-07-04,M04,P03,Assembly mismatch,1,FAIL
QC-0004669,WO-001557,2025-07-04,M04,P04,Weld porosity,3,FAIL
QC-0004670,WO-001557,2025-07-04,M04,P04,Material defect,2,FAIL
QC-0004671,WO-001557,2025-07-04,M04,P04,Dimensional,0,PASS
QC-0004672,WO-001558,2025-07-04,M05,P04,Material defect,3,FAIL
QC-0004673,WO-001558,2025-07-04,M05,P04,Weld porosity,1,FAIL
QC-0004674,WO-001558,2025-07-04,M05,P04,Surface finish,0,PASS
QC-0004675,WO-001559,2025-07-04,M05,P01,Weld porosity,4,FAIL
QC-0004676,WO-001559,2025-07-04,M05,P01,Surface finish,1,FAIL
QC-0004677,WO-001559,2025-07-04,M05,P01,Dimensional,0,PASS
QC-0004678,WO-001560,2025-07-04,M06,P04,Dimensional,2,FAIL
QC-0004679,WO-001560,2025-07-04,M06,P04,Material defect,1,FAIL
QC-0004680,WO-001560,2025-07-04,M06,P04,Assembly mismatch,0,PASS
QC-0004681,WO-001561,2025-07-04,M06,P04,Material defect,1,FAIL
QC-0004682,WO-001561,2025-07-04,M06,P04,Assembly mismatch,4,FAIL
QC-0004683,WO-001561,2025-07-04,M06,P04,Dimensional,0,PASS
QC-0004684,WO-001562,2025-07-07,M01,P01,Weld porosity,2,FAIL
QC-0004685,WO-001562,2025-07-07,M01,P01,Surface finish,2,FAIL
QC-0004686,WO-001562,2025-07-07,M01,P01,Material defect,1,FAIL
QC-0004687,WO-001563,2025-07-07,M01,P02,Surface finish,3,FAIL
QC-0004688,WO-001563,2025-07-07,M01,P02,Dimensional,1,FAIL
QC-0004689,WO-001563,2025-07-07,M01,P02,Material defect,2,FAIL
QC-0004690,WO-001564,2025-07-07,M02,P05,Dimensional,7,FAIL
QC-0004691,WO-001564,2025-07-07,M02,P05,Surface finish,2,FAIL
QC-0004692,WO-001564,2025-07-07,M02,P05,Assembly mismatch,2,FAIL
QC-0004693,WO-001565,2025-07-07,M02,P01,Surface finish,2,FAIL
QC-0004694,WO-001565,2025-07-07,M02,P01,Weld porosity,2,FAIL
QC-0004695,WO-001565,2025-07-07,M02,P01,Assembly mismatch,2,FAIL
QC-0004696,WO-001566,2025-07-07,M03,P01,Cosmetic,5,FAIL
QC-0004697,WO-001566,2025-07-07,M03,P01,Surface finish,1,FAIL
QC-0004698,WO-001566,2025-07-07,M03,P01,Material defect,2,FAIL
QC-0004699,WO-001567,2025-07-07,M03,P01,Assembly mismatch,2,FAIL
QC-0004700,WO-001567,2025-07-07,M03,P01,Weld porosity,2,FAIL
QC-0004701,WO-001567,2025-07-07,M03,P01,Cosmetic,2,FAIL
QC-0004702,WO-001568,2025-07-07,M04,P06,Weld porosity,4,FAIL
QC-0004703,WO-001568,2025-07-07,M04,P06,Dimensional,3,FAIL
QC-0004704,WO-001568,2025-07-07,M04,P06,Surface finish,0,PASS
QC-0004705,WO-001569,2025-07-07,M04,P04,Dimensional,4,FAIL
QC-0004706,WO-001569,2025-07-07,M04,P04,Assembly mismatch,2,FAIL
QC-0004707,WO-001569,2025-07-07,M04,P04,Weld porosity,0,PASS
QC-0004708,WO-001570,2025-07-07,M05,P04,Weld porosity,1,FAIL
QC-0004709,WO-001570,2025-07-07,M05,P04,Surface finish,2,FAIL
QC-0004710,WO-001570,2025-07-07,M05,P04,Assembly mismatch,0,PASS
QC-0004711,WO-001571,2025-07-07,M05,P05,Dimensional,7,FAIL
QC-0004712,WO-001571,2025-07-07,M05,P05,Material defect,3,FAIL
QC-0004713,WO-001571,2025-07-07,M05,P05,Weld porosity,1,FAIL
QC-0004714,WO-001572,2025-07-07,M06,P05,Cosmetic,4,FAIL
QC-0004715,WO-001572,2025-07-07,M06,P05,Dimensional,4,FAIL
QC-0004716,WO-001572,2025-07-07,M06,P05,Surface finish,2,FAIL
QC-0004717,WO-001573,2025-07-07,M06,P06,Cosmetic,5,FAIL
QC-0004718,WO-001573,2025-07-07,M06,P06,Weld porosity,3,FAIL
QC-0004719,WO-001573,2025-07-07,M06,P06,Material defect,1,FAIL
QC-0004720,WO-001574,2025-07-08,M01,P02,Surface finish,3,FAIL
QC-0004721,WO-001574,2025-07-08,M01,P02,Assembly mismatch,2,FAIL
QC-0004722,WO-001574,2025-07-08,M01,P02,Material defect,1,FAIL
QC-0004723,WO-001575,2025-07-08,M01,P03,Dimensional,6,FAIL
QC-0004724,WO-001575,2025-07-08,M01,P03,Material defect,4,FAIL
QC-0004725,WO-001575,2025-07-08,M01,P03,Surface finish,0,PASS
QC-0004726,WO-001576,2025-07-08,M02,P02,Weld porosity,4,FAIL
QC-0004727,WO-001576,2025-07-08,M02,P02,Cosmetic,1,FAIL
QC-0004728,WO-001576,2025-07-08,M02,P02,Material defect,1,FAIL
QC-0004729,WO-001577,2025-07-08,M02,P05,Material defect,7,FAIL
QC-0004730,WO-001577,2025-07-08,M02,P05,Weld porosity,1,FAIL
QC-0004731,WO-001577,2025-07-08,M02,P05,Dimensional,0,PASS
QC-0004732,WO-001578,2025-07-08,M03,P01,Assembly mismatch,4,FAIL
QC-0004733,WO-001578,2025-07-08,M03,P01,Material defect,2,FAIL
QC-0004734,WO-001578,2025-07-08,M03,P01,Surface finish,1,FAIL
QC-0004735,WO-001579,2025-07-08,M03,P03,Dimensional,2,FAIL
QC-0004736,WO-001579,2025-07-08,M03,P03,Surface finish,3,FAIL
QC-0004737,WO-001579,2025-07-08,M03,P03,Material defect,0,PASS
QC-0004738,WO-001580,2025-07-08,M04,P04,Weld porosity,3,FAIL
QC-0004739,WO-001580,2025-07-08,M04,P04,Surface finish,2,FAIL
QC-0004740,WO-001580,2025-07-08,M04,P04,Cosmetic,0,PASS
QC-0004741,WO-001581,2025-07-08,M04,P04,Dimensional,3,FAIL
QC-0004742,WO-001581,2025-07-08,M04,P04,Weld porosity,1,FAIL
QC-0004743,WO-001581,2025-07-08,M04,P04,Cosmetic,1,FAIL
QC-0004744,WO-001582,2025-07-08,M05,P01,Surface finish,4,FAIL
QC-0004745,WO-001582,2025-07-08,M05,P01,Dimensional,2,FAIL
QC-0004746,WO-001582,2025-07-08,M05,P01,Weld porosity,1,FAIL
QC-0004747,WO-001583,2025-07-08,M05,P01,Material defect,4,FAIL
QC-0004748,WO-001583,2025-07-08,M05,P01,Assembly mismatch,3,FAIL
QC-0004749,WO-001583,2025-07-08,M05,P01,Dimensional,1,FAIL
QC-0004750,WO-001584,2025-07-08,M06,P01,Assembly mismatch,6,FAIL
QC-0004751,WO-001584,2025-07-08,M06,P01,Dimensional,1,FAIL
QC-0004752,WO-001584,2025-07-08,M06,P01,Cosmetic,1,FAIL
QC-0004753,WO-001585,2025-07-08,M06,P05,Weld porosity,8,FAIL
QC-0004754,WO-001585,2025-07-08,M06,P05,Material defect,6,FAIL
QC-0004755,WO-001585,2025-07-08,M06,P05,Assembly mismatch,0,PASS
QC-0004756,WO-001586,2025-07-09,M01,P01,Assembly mismatch,3,FAIL
QC-0004757,WO-001586,2025-07-09,M01,P01,Weld porosity,1,FAIL
QC-0004758,WO-001586,2025-07-09,M01,P01,Material defect,1,FAIL
QC-0004759,WO-001587,2025-07-09,M01,P02,Cosmetic,6,FAIL
QC-0004760,WO-001587,2025-07-09,M01,P02,Material defect,1,FAIL
QC-0004761,WO-001587,2025-07-09,M01,P02,Weld porosity,0,PASS
QC-0004762,WO-001588,2025-07-09,M02,P01,Dimensional,2,FAIL
QC-0004763,WO-001588,2025-07-09,M02,P01,Material defect,1,FAIL
QC-0004764,WO-001588,2025-07-09,M02,P01,Surface finish,1,FAIL
QC-0004765,WO-001589,2025-07-09,M02,P02,Weld porosity,5,FAIL
QC-0004766,WO-001589,2025-07-09,M02,P02,Material defect,0,PASS
QC-0004767,WO-001589,2025-07-09,M02,P02,Assembly mismatch,2,FAIL
QC-0004768,WO-001590,2025-07-09,M03,P03,Surface finish,6,FAIL
QC-0004769,WO-001590,2025-07-09,M03,P03,Dimensional,1,FAIL
QC-0004770,WO-001590,2025-07-09,M03,P03,Assembly mismatch,2,FAIL
QC-0004771,WO-001591,2025-07-09,M03,P05,Assembly mismatch,10,FAIL
QC-0004772,WO-001591,2025-07-09,M03,P05,Weld porosity,4,FAIL
QC-0004773,WO-001591,2025-07-09,M03,P05,Cosmetic,0,PASS
QC-0004774,WO-001592,2025-07-09,M04,P03,Weld porosity,5,FAIL
QC-0004775,WO-001592,2025-07-09,M04,P03,Dimensional,5,FAIL
QC-0004776,WO-001592,2025-07-09,M04,P03,Cosmetic,1,FAIL
QC-0004777,WO-001593,2025-07-09,M04,P03,Weld porosity,7,FAIL
QC-0004778,WO-001593,2025-07-09,M04,P03,Surface finish,1,FAIL
QC-0004779,WO-001593,2025-07-09,M04,P03,Dimensional,0,PASS
QC-0004780,WO-001594,2025-07-09,M05,P05,Weld porosity,7,FAIL
QC-0004781,WO-001594,2025-07-09,M05,P05,Assembly mismatch,2,FAIL
QC-0004782,WO-001594,2025-07-09,M05,P05,Cosmetic,2,FAIL
QC-0004783,WO-001595,2025-07-09,M05,P06,Dimensional,3,FAIL
QC-0004784,WO-001595,2025-07-09,M05,P06,Surface finish,1,FAIL
QC-0004785,WO-001595,2025-07-09,M05,P06,Assembly mismatch,3,FAIL
QC-0004786,WO-001596,2025-07-09,M06,P01,Material defect,3,FAIL
QC-0004787,WO-001596,2025-07-09,M06,P01,Surface finish,0,PASS
QC-0004788,WO-001596,2025-07-09,M06,P01,Cosmetic,0,PASS
QC-0004789,WO-001597,2025-07-09,M06,P04,Dimensional,2,FAIL
QC-0004790,WO-001597,2025-07-09,M06,P04,Weld porosity,3,FAIL
QC-0004791,WO-001597,2025-07-09,M06,P04,Cosmetic,0,PASS
QC-0004792,WO-001598,2025-07-10,M01,P01,Surface finish,3,FAIL
QC-0004793,WO-001598,2025-07-10,M01,P01,Dimensional,2,FAIL
QC-0004794,WO-001598,2025-07-10,M01,P01,Assembly mismatch,1,FAIL
QC-0004795,WO-001599,2025-07-10,M01,P01,Dimensional,3,FAIL
QC-0004796,WO-001599,2025-07-10,M01,P01,Surface finish,1,FAIL
QC-0004797,WO-001599,2025-07-10,M01,P01,Weld porosity,3,FAIL
QC-0004798,WO-001600,2025-07-10,M02,P05,Cosmetic,5,FAIL
QC-0004799,WO-001600,2025-07-10,M02,P05,Material defect,3,FAIL
QC-0004800,WO-001600,2025-07-10,M02,P05,Weld porosity,1,FAIL
QC-0004801,WO-001601,2025-07-10,M02,P01,Cosmetic,4,FAIL
QC-0004802,WO-001601,2025-07-10,M02,P01,Material defect,1,FAIL
QC-0004803,WO-001601,2025-07-10,M02,P01,Dimensional,0,PASS
QC-0004804,WO-001602,2025-07-10,M03,P03,Material defect,8,FAIL
QC-0004805,WO-001602,2025-07-10,M03,P03,Surface finish,1,FAIL
QC-0004806,WO-001602,2025-07-10,M03,P03,Assembly mismatch,1,FAIL
QC-0004807,WO-001603,2025-07-10,M04,P04,Surface finish,4,FAIL
QC-0004808,WO-001603,2025-07-10,M04,P04,Cosmetic,1,FAIL
QC-0004809,WO-001603,2025-07-10,M04,P04,Weld porosity,0,PASS
QC-0004810,WO-001604,2025-07-10,M04,P06,Weld porosity,4,FAIL
QC-0004811,WO-001604,2025-07-10,M04,P06,Assembly mismatch,2,FAIL
QC-0004812,WO-001604,2025-07-10,M04,P06,Material defect,1,FAIL
QC-0004813,WO-001605,2025-07-10,M05,P04,Assembly mismatch,3,FAIL
QC-0004814,WO-001605,2025-07-10,M05,P04,Dimensional,1,FAIL
QC-0004815,WO-001605,2025-07-10,M05,P04,Cosmetic,0,PASS
QC-0004816,WO-001606,2025-07-10,M05,P05,Assembly mismatch,6,FAIL
QC-0004817,WO-001606,2025-07-10,M05,P05,Weld porosity,2,FAIL
QC-0004818,WO-001606,2025-07-10,M05,P05,Cosmetic,1,FAIL
QC-0004819,WO-001607,2025-07-10,M06,P01,Surface finish,1,FAIL
QC-0004820,WO-001607,2025-07-10,M06,P01,Material defect,0,PASS
QC-0004821,WO-001607,2025-07-10,M06,P01,Weld porosity,0,PASS
QC-0004822,WO-001608,2025-07-10,M06,P01,Surface finish,4,FAIL
QC-0004823,WO-001608,2025-07-10,M06,P01,Weld porosity,3,FAIL
QC-0004824,WO-001608,2025-07-10,M06,P01,Assembly mismatch,0,PASS
QC-0004825,WO-001609,2025-07-11,M01,P02,Weld porosity,5,FAIL
QC-0004826,WO-001609,2025-07-11,M01,P02,Dimensional,1,FAIL
QC-0004827,WO-001609,2025-07-11,M01,P02,Cosmetic,0,PASS
QC-0004828,WO-001610,2025-07-11,M01,P03,Material defect,5,FAIL
QC-0004829,WO-001610,2025-07-11,M01,P03,Weld porosity,4,FAIL
QC-0004830,WO-001610,2025-07-11,M01,P03,Assembly mismatch,1,FAIL
QC-0004831,WO-001611,2025-07-11,M02,P02,Assembly mismatch,4,FAIL
QC-0004832,WO-001611,2025-07-11,M02,P02,Surface finish,1,FAIL
QC-0004833,WO-001611,2025-07-11,M02,P02,Cosmetic,1,FAIL
QC-0004834,WO-001612,2025-07-11,M02,P05,Material defect,9,FAIL
QC-0004835,WO-001612,2025-07-11,M02,P05,Cosmetic,1,FAIL
QC-0004836,WO-001612,2025-07-11,M02,P05,Surface finish,1,FAIL
QC-0004837,WO-001613,2025-07-11,M03,P03,Dimensional,4,FAIL
QC-0004838,WO-001613,2025-07-11,M03,P03,Weld porosity,1,FAIL
QC-0004839,WO-001613,2025-07-11,M03,P03,Cosmetic,1,FAIL
QC-0004840,WO-001614,2025-07-11,M03,P05,Material defect,6,FAIL
QC-0004841,WO-001614,2025-07-11,M03,P05,Weld porosity,3,FAIL
QC-0004842,WO-001614,2025-07-11,M03,P05,Cosmetic,1,FAIL
QC-0004843,WO-001615,2025-07-11,M04,P04,Surface finish,4,FAIL
QC-0004844,WO-001615,2025-07-11,M04,P04,Material defect,1,FAIL
QC-0004845,WO-001615,2025-07-11,M04,P04,Weld porosity,0,PASS
QC-0004846,WO-001616,2025-07-11,M04,P04,Weld porosity,2,FAIL
QC-0004847,WO-001616,2025-07-11,M04,P04,Dimensional,2,FAIL
QC-0004848,WO-001616,2025-07-11,M04,P04,Material defect,1,FAIL
QC-0004849,WO-001617,2025-07-11,M05,P05,Assembly mismatch,7,FAIL
QC-0004850,WO-001617,2025-07-11,M05,P05,Dimensional,2,FAIL
QC-0004851,WO-001617,2025-07-11,M05,P05,Surface finish,2,FAIL
QC-0004852,WO-001618,2025-07-11,M05,P06,Surface finish,4,FAIL
QC-0004853,WO-001618,2025-07-11,M05,P06,Cosmetic,2,FAIL
QC-0004854,WO-001618,2025-07-11,M05,P06,Material defect,0,PASS
QC-0004855,WO-001619,2025-07-11,M06,P04,Surface finish,3,FAIL
QC-0004856,WO-001619,2025-07-11,M06,P04,Weld porosity,0,PASS
QC-0004857,WO-001619,2025-07-11,M06,P04,Material defect,0,PASS
QC-0004858,WO-001620,2025-07-11,M06,P05,Cosmetic,4,FAIL
QC-0004859,WO-001620,2025-07-11,M06,P05,Dimensional,3,FAIL
QC-0004860,WO-001620,2025-07-11,M06,P05,Weld porosity,1,FAIL
QC-0004861,WO-001621,2025-07-14,M01,P02,Assembly mismatch,3,FAIL
QC-0004862,WO-001621,2025-07-14,M01,P02,Weld porosity,2,FAIL
QC-0004863,WO-001621,2025-07-14,M01,P02,Material defect,0,PASS
QC-0004864,WO-001622,2025-07-14,M01,P01,Surface finish,3,FAIL
QC-0004865,WO-001622,2025-07-14,M01,P01,Weld porosity,2,FAIL
QC-0004866,WO-001622,2025-07-14,M01,P01,Material defect,0,PASS
QC-0004867,WO-001623,2025-07-14,M02,P05,Dimensional,5,FAIL
QC-0004868,WO-001623,2025-07-14,M02,P05,Cosmetic,3,FAIL
QC-0004869,WO-001623,2025-07-14,M02,P05,Weld porosity,3,FAIL
QC-0004870,WO-001624,2025-07-14,M02,P01,Dimensional,1,FAIL
QC-0004871,WO-001624,2025-07-14,M02,P01,Material defect,4,FAIL
QC-0004872,WO-001624,2025-07-14,M02,P01,Cosmetic,1,FAIL
QC-0004873,WO-001625,2025-07-14,M03,P05,Assembly mismatch,8,FAIL
QC-0004874,WO-001625,2025-07-14,M03,P05,Dimensional,2,FAIL
QC-0004875,WO-001625,2025-07-14,M03,P05,Material defect,0,PASS
QC-0004876,WO-001626,2025-07-14,M03,P05,Dimensional,3,FAIL
QC-0004877,WO-001626,2025-07-14,M03,P05,Cosmetic,4,FAIL
QC-0004878,WO-001626,2025-07-14,M03,P05,Assembly mismatch,2,FAIL
QC-0004879,WO-001627,2025-07-14,M04,P03,Weld porosity,5,FAIL
QC-0004880,WO-001627,2025-07-14,M04,P03,Dimensional,2,FAIL
QC-0004881,WO-001627,2025-07-14,M04,P03,Assembly mismatch,1,FAIL
QC-0004882,WO-001628,2025-07-14,M04,P04,Weld porosity,2,FAIL
QC-0004883,WO-001628,2025-07-14,M04,P04,Material defect,3,FAIL
QC-0004884,WO-001628,2025-07-14,M04,P04,Dimensional,0,PASS
QC-0004885,WO-001629,2025-07-14,M05,P06,Surface finish,2,FAIL
QC-0004886,WO-001629,2025-07-14,M05,P06,Cosmetic,3,FAIL
QC-0004887,WO-001629,2025-07-14,M05,P06,Weld porosity,0,PASS
QC-0004888,WO-001630,2025-07-14,M05,P05,Dimensional,3,FAIL
QC-0004889,WO-001630,2025-07-14,M05,P05,Weld porosity,3,FAIL
QC-0004890,WO-001630,2025-07-14,M05,P05,Assembly mismatch,2,FAIL
QC-0004891,WO-001631,2025-07-14,M06,P05,Weld porosity,4,FAIL
QC-0004892,WO-001631,2025-07-14,M06,P05,Assembly mismatch,3,FAIL
QC-0004893,WO-001631,2025-07-14,M06,P05,Material defect,2,FAIL
QC-0004894,WO-001632,2025-07-14,M06,P06,Weld porosity,5,FAIL
QC-0004895,WO-001632,2025-07-14,M06,P06,Material defect,1,FAIL
QC-0004896,WO-001632,2025-07-14,M06,P06,Dimensional,1,FAIL
QC-0004897,WO-001633,2025-07-15,M01,P02,Assembly mismatch,2,FAIL
QC-0004898,WO-001633,2025-07-15,M01,P02,Weld porosity,1,FAIL
QC-0004899,WO-001633,2025-07-15,M01,P02,Material defect,1,FAIL
QC-0004900,WO-001634,2025-07-15,M01,P01,Surface finish,2,FAIL
QC-0004901,WO-001634,2025-07-15,M01,P01,Dimensional,1,FAIL
QC-0004902,WO-001634,2025-07-15,M01,P01,Material defect,4,FAIL
QC-0004903,WO-001635,2025-07-15,M02,P02,Cosmetic,4,FAIL
QC-0004904,WO-001635,2025-07-15,M02,P02,Dimensional,1,FAIL
QC-0004905,WO-001635,2025-07-15,M02,P02,Weld porosity,2,FAIL
QC-0004906,WO-001636,2025-07-15,M02,P01,Assembly mismatch,3,FAIL
QC-0004907,WO-001636,2025-07-15,M02,P01,Material defect,1,FAIL
QC-0004908,WO-001636,2025-07-15,M02,P01,Cosmetic,0,PASS
QC-0004909,WO-001637,2025-07-15,M03,P03,Cosmetic,2,FAIL
QC-0004910,WO-001637,2025-07-15,M03,P03,Surface finish,2,FAIL
QC-0004911,WO-001637,2025-07-15,M03,P03,Weld porosity,3,FAIL
QC-0004912,WO-001638,2025-07-15,M03,P05,Material defect,6,FAIL
QC-0004913,WO-001638,2025-07-15,M03,P05,Assembly mismatch,4,FAIL
QC-0004914,WO-001638,2025-07-15,M03,P05,Dimensional,3,FAIL
QC-0004915,WO-001639,2025-07-15,M04,P06,Weld porosity,3,FAIL
QC-0004916,WO-001639,2025-07-15,M04,P06,Surface finish,3,FAIL
QC-0004917,WO-001639,2025-07-15,M04,P06,Dimensional,0,PASS
QC-0004918,WO-001640,2025-07-15,M04,P03,Material defect,3,FAIL
QC-0004919,WO-001640,2025-07-15,M04,P03,Assembly mismatch,5,FAIL
QC-0004920,WO-001640,2025-07-15,M04,P03,Weld porosity,1,FAIL
QC-0004921,WO-001641,2025-07-15,M05,P01,Weld porosity,6,FAIL
QC-0004922,WO-001641,2025-07-15,M05,P01,Assembly mismatch,2,FAIL
QC-0004923,WO-001641,2025-07-15,M05,P01,Cosmetic,0,PASS
QC-0004924,WO-001642,2025-07-15,M05,P04,Material defect,6,FAIL
QC-0004925,WO-001642,2025-07-15,M05,P04,Weld porosity,0,PASS
QC-0004926,WO-001642,2025-07-15,M05,P04,Surface finish,1,FAIL
QC-0004927,WO-001643,2025-07-15,M06,P01,Dimensional,3,FAIL
QC-0004928,WO-001643,2025-07-15,M06,P01,Surface finish,2,FAIL
QC-0004929,WO-001643,2025-07-15,M06,P01,Assembly mismatch,0,PASS
QC-0004930,WO-001644,2025-07-15,M06,P01,Weld porosity,6,FAIL
QC-0004931,WO-001644,2025-07-15,M06,P01,Dimensional,2,FAIL
QC-0004932,WO-001644,2025-07-15,M06,P01,Assembly mismatch,0,PASS
QC-0004933,WO-001645,2025-07-16,M01,P03,Cosmetic,4,FAIL
QC-0004934,WO-001645,2025-07-16,M01,P03,Weld porosity,4,FAIL
QC-0004935,WO-001645,2025-07-16,M01,P03,Material defect,0,PASS
QC-0004936,WO-001646,2025-07-16,M01,P01,Dimensional,2,FAIL
QC-0004937,WO-001646,2025-07-16,M01,P01,Material defect,3,FAIL
QC-0004938,WO-001646,2025-07-16,M01,P01,Surface finish,0,PASS
QC-0004939,WO-001647,2025-07-16,M02,P02,Surface finish,2,FAIL
QC-0004940,WO-001647,2025-07-16,M02,P02,Material defect,3,FAIL
QC-0004941,WO-001647,2025-07-16,M02,P02,Dimensional,0,PASS
QC-0004942,WO-001648,2025-07-16,M02,P01,Assembly mismatch,3,FAIL
QC-0004943,WO-001648,2025-07-16,M02,P01,Dimensional,2,FAIL
QC-0004944,WO-001648,2025-07-16,M02,P01,Material defect,0,PASS
QC-0004945,WO-001649,2025-07-16,M03,P01,Assembly mismatch,4,FAIL
QC-0004946,WO-001649,2025-07-16,M03,P01,Weld porosity,2,FAIL
QC-0004947,WO-001649,2025-07-16,M03,P01,Dimensional,1,FAIL
QC-0004948,WO-001650,2025-07-16,M03,P01,Cosmetic,3,FAIL
QC-0004949,WO-001650,2025-07-16,M03,P01,Assembly mismatch,0,PASS
QC-0004950,WO-001650,2025-07-16,M03,P01,Material defect,3,FAIL
QC-0004951,WO-001651,2025-07-16,M04,P06,Weld porosity,3,FAIL
QC-0004952,WO-001651,2025-07-16,M04,P06,Assembly mismatch,1,FAIL
QC-0004953,WO-001651,2025-07-16,M04,P06,Surface finish,2,FAIL
QC-0004954,WO-001652,2025-07-16,M04,P04,Weld porosity,2,FAIL
QC-0004955,WO-001652,2025-07-16,M04,P04,Material defect,1,FAIL
QC-0004956,WO-001652,2025-07-16,M04,P04,Cosmetic,2,FAIL
QC-0004957,WO-001653,2025-07-16,M05,P04,Surface finish,2,FAIL
QC-0004958,WO-001653,2025-07-16,M05,P04,Cosmetic,2,FAIL
QC-0004959,WO-001653,2025-07-16,M05,P04,Material defect,1,FAIL
QC-0004960,WO-001654,2025-07-16,M05,P05,Cosmetic,8,FAIL
QC-0004961,WO-001654,2025-07-16,M05,P05,Dimensional,1,FAIL
QC-0004962,WO-001654,2025-07-16,M05,P05,Assembly mismatch,1,FAIL
QC-0004963,WO-001655,2025-07-16,M06,P06,Weld porosity,5,FAIL
QC-0004964,WO-001655,2025-07-16,M06,P06,Material defect,2,FAIL
QC-0004965,WO-001655,2025-07-16,M06,P06,Surface finish,1,FAIL
QC-0004966,WO-001656,2025-07-16,M06,P04,Material defect,3,FAIL
QC-0004967,WO-001656,2025-07-16,M06,P04,Assembly mismatch,2,FAIL
QC-0004968,WO-001656,2025-07-16,M06,P04,Weld porosity,1,FAIL
QC-0004969,WO-001657,2025-07-17,M01,P03,Assembly mismatch,6,FAIL
QC-0004970,WO-001657,2025-07-17,M01,P03,Weld porosity,1,FAIL
QC-0004971,WO-001657,2025-07-17,M01,P03,Cosmetic,1,FAIL
QC-0004972,WO-001658,2025-07-17,M01,P02,Surface finish,1,FAIL
QC-0004973,WO-001658,2025-07-17,M01,P02,Cosmetic,3,FAIL
QC-0004974,WO-001658,2025-07-17,M01,P02,Weld porosity,1,FAIL
QC-0004975,WO-001659,2025-07-17,M02,P05,Weld porosity,7,FAIL
QC-0004976,WO-001659,2025-07-17,M02,P05,Assembly mismatch,3,FAIL
QC-0004977,WO-001659,2025-07-17,M02,P05,Cosmetic,0,PASS
QC-0004978,WO-001660,2025-07-17,M02,P01,Dimensional,4,FAIL
QC-0004979,WO-001660,2025-07-17,M02,P01,Cosmetic,2,FAIL
QC-0004980,WO-001660,2025-07-17,M02,P01,Surface finish,1,FAIL
QC-0004981,WO-001661,2025-07-17,M03,P01,Weld porosity,2,FAIL
QC-0004982,WO-001661,2025-07-17,M03,P01,Material defect,0,PASS
QC-0004983,WO-001661,2025-07-17,M03,P01,Cosmetic,4,FAIL
QC-0004984,WO-001662,2025-07-17,M03,P05,Surface finish,6,FAIL
QC-0004985,WO-001662,2025-07-17,M03,P05,Dimensional,4,FAIL
QC-0004986,WO-001662,2025-07-17,M03,P05,Cosmetic,2,FAIL
QC-0004987,WO-001663,2025-07-17,M04,P06,Dimensional,3,FAIL
QC-0004988,WO-001663,2025-07-17,M04,P06,Weld porosity,1,FAIL
QC-0004989,WO-001663,2025-07-17,M04,P06,Assembly mismatch,1,FAIL
QC-0004990,WO-001664,2025-07-17,M05,P01,Cosmetic,5,FAIL
QC-0004991,WO-001664,2025-07-17,M05,P01,Dimensional,0,PASS
QC-0004992,WO-001664,2025-07-17,M05,P01,Material defect,0,PASS
QC-0004993,WO-001665,2025-07-17,M05,P04,Material defect,3,FAIL
QC-0004994,WO-001665,2025-07-17,M05,P04,Surface finish,1,FAIL
QC-0004995,WO-001665,2025-07-17,M05,P04,Weld porosity,1,FAIL
QC-0004996,WO-001666,2025-07-17,M06,P01,Assembly mismatch,3,FAIL
QC-0004997,WO-001666,2025-07-17,M06,P01,Dimensional,1,FAIL
QC-0004998,WO-001666,2025-07-17,M06,P01,Cosmetic,1,FAIL
QC-0004999,WO-001667,2025-07-17,M06,P01,Surface finish,4,FAIL
QC-0005000,WO-001667,2025-07-17,M06,P01,Assembly mismatch,2,FAIL
QC-0005001,WO-001667,2025-07-17,M06,P01,Cosmetic,1,FAIL
QC-0005002,WO-001668,2025-07-18,M01,P02,Assembly mismatch,4,FAIL
QC-0005003,WO-001668,2025-07-18,M01,P02,Surface finish,1,FAIL
QC-0005004,WO-001668,2025-07-18,M01,P02,Cosmetic,0,PASS
QC-0005005,WO-001669,2025-07-18,M01,P02,Cosmetic,1,FAIL
QC-0005006,WO-001669,2025-07-18,M01,P02,Dimensional,3,FAIL
QC-0005007,WO-001669,2025-07-18,M01,P02,Material defect,2,FAIL
QC-0005008,WO-001670,2025-07-18,M02,P02,Surface finish,4,FAIL
QC-0005009,WO-001670,2025-07-18,M02,P02,Assembly mismatch,2,FAIL
QC-0005010,WO-001670,2025-07-18,M02,P02,Weld porosity,0,PASS
QC-0005011,WO-001671,2025-07-18,M02,P01,Weld porosity,1,FAIL
QC-0005012,WO-001671,2025-07-18,M02,P01,Material defect,4,FAIL
QC-0005013,WO-001671,2025-07-18,M02,P01,Assembly mismatch,1,FAIL
QC-0005014,WO-001672,2025-07-18,M03,P03,Cosmetic,5,FAIL
QC-0005015,WO-001672,2025-07-18,M03,P03,Surface finish,3,FAIL
QC-0005016,WO-001672,2025-07-18,M03,P03,Material defect,2,FAIL
QC-0005017,WO-001673,2025-07-18,M03,P01,Weld porosity,2,FAIL
QC-0005018,WO-001673,2025-07-18,M03,P01,Surface finish,1,FAIL
QC-0005019,WO-001673,2025-07-18,M03,P01,Dimensional,0,PASS
QC-0005020,WO-001674,2025-07-18,M04,P03,Surface finish,6,FAIL
QC-0005021,WO-001674,2025-07-18,M04,P03,Weld porosity,2,FAIL
QC-0005022,WO-001674,2025-07-18,M04,P03,Assembly mismatch,0,PASS
QC-0005023,WO-001675,2025-07-18,M04,P04,Surface finish,2,FAIL
QC-0005024,WO-001675,2025-07-18,M04,P04,Material defect,4,FAIL
QC-0005025,WO-001675,2025-07-18,M04,P04,Weld porosity,0,PASS
QC-0005026,WO-001676,2025-07-18,M05,P06,Surface finish,5,FAIL
QC-0005027,WO-001676,2025-07-18,M05,P06,Dimensional,1,FAIL
QC-0005028,WO-001676,2025-07-18,M05,P06,Cosmetic,1,FAIL
QC-0005029,WO-001677,2025-07-18,M05,P04,Assembly mismatch,2,FAIL
QC-0005030,WO-001677,2025-07-18,M05,P04,Surface finish,3,FAIL
QC-0005031,WO-001677,2025-07-18,M05,P04,Weld porosity,1,FAIL
QC-0005032,WO-001678,2025-07-18,M06,P04,Assembly mismatch,5,FAIL
QC-0005033,WO-001678,2025-07-18,M06,P04,Material defect,0,PASS
QC-0005034,WO-001678,2025-07-18,M06,P04,Surface finish,0,PASS
QC-0005035,WO-001679,2025-07-18,M06,P05,Cosmetic,6,FAIL
QC-0005036,WO-001679,2025-07-18,M06,P05,Material defect,3,FAIL
QC-0005037,WO-001679,2025-07-18,M06,P05,Dimensional,3,FAIL
QC-0005038,WO-001680,2025-07-21,M01,P02,Material defect,1,FAIL
QC-0005039,WO-001680,2025-07-21,M01,P02,Cosmetic,2,FAIL
QC-0005040,WO-001680,2025-07-21,M01,P02,Surface finish,1,FAIL
QC-0005041,WO-001681,2025-07-21,M01,P01,Dimensional,3,FAIL
QC-0005042,WO-001681,2025-07-21,M01,P01,Surface finish,1,FAIL
QC-0005043,WO-001681,2025-07-21,M01,P01,Assembly mismatch,1,FAIL
QC-0005044,WO-001682,2025-07-21,M02,P05,Cosmetic,7,FAIL
QC-0005045,WO-001682,2025-07-21,M02,P05,Material defect,1,FAIL
QC-0005046,WO-001682,2025-07-21,M02,P05,Dimensional,4,FAIL
QC-0005047,WO-001683,2025-07-21,M02,P01,Weld porosity,4,FAIL
QC-0005048,WO-001683,2025-07-21,M02,P01,Assembly mismatch,4,FAIL
QC-0005049,WO-001683,2025-07-21,M02,P01,Cosmetic,0,PASS
QC-0005050,WO-001684,2025-07-21,M03,P05,Assembly mismatch,5,FAIL
QC-0005051,WO-001684,2025-07-21,M03,P05,Material defect,2,FAIL
QC-0005052,WO-001684,2025-07-21,M03,P05,Surface finish,2,FAIL
QC-0005053,WO-001685,2025-07-21,M03,P05,Surface finish,11,FAIL
QC-0005054,WO-001685,2025-07-21,M03,P05,Weld porosity,1,FAIL
QC-0005055,WO-001685,2025-07-21,M03,P05,Material defect,2,FAIL
QC-0005056,WO-001686,2025-07-21,M04,P04,Surface finish,2,FAIL
QC-0005057,WO-001686,2025-07-21,M04,P04,Dimensional,2,FAIL
QC-0005058,WO-001686,2025-07-21,M04,P04,Weld porosity,0,PASS
QC-0005059,WO-001687,2025-07-21,M04,P04,Weld porosity,2,FAIL
QC-0005060,WO-001687,2025-07-21,M04,P04,Surface finish,3,FAIL
QC-0005061,WO-001687,2025-07-21,M04,P04,Assembly mismatch,0,PASS
QC-0005062,WO-001688,2025-07-21,M05,P04,Material defect,1,FAIL
QC-0005063,WO-001688,2025-07-21,M05,P04,Weld porosity,1,FAIL
QC-0005064,WO-001688,2025-07-21,M05,P04,Dimensional,1,FAIL
QC-0005065,WO-001689,2025-07-21,M05,P01,Cosmetic,3,FAIL
QC-0005066,WO-001689,2025-07-21,M05,P01,Surface finish,3,FAIL
QC-0005067,WO-001689,2025-07-21,M05,P01,Assembly mismatch,1,FAIL
QC-0005068,WO-001690,2025-07-21,M06,P05,Assembly mismatch,5,FAIL
QC-0005069,WO-001690,2025-07-21,M06,P05,Material defect,5,FAIL
QC-0005070,WO-001690,2025-07-21,M06,P05,Surface finish,0,PASS
QC-0005071,WO-001691,2025-07-21,M06,P06,Weld porosity,5,FAIL
QC-0005072,WO-001691,2025-07-21,M06,P06,Surface finish,0,PASS
QC-0005073,WO-001691,2025-07-21,M06,P06,Cosmetic,2,FAIL
QC-0005074,WO-001692,2025-07-22,M01,P03,Material defect,7,FAIL
QC-0005075,WO-001692,2025-07-22,M01,P03,Surface finish,1,FAIL
QC-0005076,WO-001692,2025-07-22,M01,P03,Cosmetic,0,PASS
QC-0005077,WO-001693,2025-07-22,M01,P03,Weld porosity,7,FAIL
QC-0005078,WO-001693,2025-07-22,M01,P03,Material defect,0,PASS
QC-0005079,WO-001693,2025-07-22,M01,P03,Dimensional,2,FAIL
QC-0005080,WO-001694,2025-07-22,M02,P05,Cosmetic,7,FAIL
QC-0005081,WO-001694,2025-07-22,M02,P05,Assembly mismatch,0,PASS
QC-0005082,WO-001694,2025-07-22,M02,P05,Weld porosity,1,FAIL
QC-0005083,WO-001695,2025-07-22,M02,P05,Cosmetic,5,FAIL
QC-0005084,WO-001695,2025-07-22,M02,P05,Material defect,3,FAIL
QC-0005085,WO-001695,2025-07-22,M02,P05,Assembly mismatch,2,FAIL
QC-0005086,WO-001696,2025-07-22,M03,P05,Material defect,6,FAIL
QC-0005087,WO-001696,2025-07-22,M03,P05,Surface finish,4,FAIL
QC-0005088,WO-001696,2025-07-22,M03,P05,Dimensional,0,PASS
QC-0005089,WO-001697,2025-07-22,M03,P01,Material defect,3,FAIL
QC-0005090,WO-001697,2025-07-22,M03,P01,Cosmetic,1,FAIL
QC-0005091,WO-001697,2025-07-22,M03,P01,Dimensional,1,FAIL
QC-0005092,WO-001698,2025-07-22,M04,P06,Weld porosity,5,FAIL
QC-0005093,WO-001698,2025-07-22,M04,P06,Dimensional,0,PASS
QC-0005094,WO-001698,2025-07-22,M04,P06,Material defect,1,FAIL
QC-0005095,WO-001699,2025-07-22,M04,P04,Surface finish,4,FAIL
QC-0005096,WO-001699,2025-07-22,M04,P04,Assembly mismatch,3,FAIL
QC-0005097,WO-001699,2025-07-22,M04,P04,Weld porosity,0,PASS
QC-0005098,WO-001700,2025-07-22,M05,P04,Dimensional,2,FAIL
QC-0005099,WO-001700,2025-07-22,M05,P04,Cosmetic,1,FAIL
QC-0005100,WO-001700,2025-07-22,M05,P04,Surface finish,0,PASS
QC-0005101,WO-001701,2025-07-22,M05,P06,Surface finish,6,FAIL
QC-0005102,WO-001701,2025-07-22,M05,P06,Assembly mismatch,0,PASS
QC-0005103,WO-001701,2025-07-22,M05,P06,Material defect,0,PASS
QC-0005104,WO-001702,2025-07-22,M06,P01,Cosmetic,4,FAIL
QC-0005105,WO-001702,2025-07-22,M06,P01,Material defect,1,FAIL
QC-0005106,WO-001702,2025-07-22,M06,P01,Dimensional,2,FAIL
QC-0005107,WO-001703,2025-07-22,M06,P06,Cosmetic,1,FAIL
QC-0005108,WO-001703,2025-07-22,M06,P06,Dimensional,3,FAIL
QC-0005109,WO-001703,2025-07-22,M06,P06,Assembly mismatch,2,FAIL
QC-0005110,WO-001704,2025-07-23,M01,P02,Dimensional,4,FAIL
QC-0005111,WO-001704,2025-07-23,M01,P02,Cosmetic,2,FAIL
QC-0005112,WO-001704,2025-07-23,M01,P02,Weld porosity,0,PASS
QC-0005113,WO-001705,2025-07-23,M01,P02,Assembly mismatch,7,FAIL
QC-0005114,WO-001705,2025-07-23,M01,P02,Surface finish,0,PASS
QC-0005115,WO-001705,2025-07-23,M01,P02,Material defect,1,FAIL
QC-0005116,WO-001706,2025-07-23,M02,P02,Cosmetic,4,FAIL
QC-0005117,WO-001706,2025-07-23,M02,P02,Surface finish,0,PASS
QC-0005118,WO-001706,2025-07-23,M02,P02,Material defect,0,PASS
QC-0005119,WO-001707,2025-07-23,M02,P02,Dimensional,3,FAIL
QC-0005120,WO-001707,2025-07-23,M02,P02,Cosmetic,3,FAIL
QC-0005121,WO-001707,2025-07-23,M02,P02,Assembly mismatch,0,PASS
QC-0005122,WO-001708,2025-07-23,M03,P05,Assembly mismatch,7,FAIL
QC-0005123,WO-001708,2025-07-23,M03,P05,Surface finish,3,FAIL
QC-0005124,WO-001708,2025-07-23,M03,P05,Cosmetic,2,FAIL
QC-0005125,WO-001709,2025-07-23,M03,P03,Dimensional,3,FAIL
QC-0005126,WO-001709,2025-07-23,M03,P03,Cosmetic,0,PASS
QC-0005127,WO-001709,2025-07-23,M03,P03,Weld porosity,2,FAIL
QC-0005128,WO-001710,2025-07-23,M04,P06,Surface finish,4,FAIL
QC-0005129,WO-001710,2025-07-23,M04,P06,Assembly mismatch,1,FAIL
QC-0005130,WO-001710,2025-07-23,M04,P06,Weld porosity,0,PASS
QC-0005131,WO-001711,2025-07-23,M04,P06,Weld porosity,4,FAIL
QC-0005132,WO-001711,2025-07-23,M04,P06,Surface finish,1,FAIL
QC-0005133,WO-001711,2025-07-23,M04,P06,Cosmetic,1,FAIL
QC-0005134,WO-001712,2025-07-23,M05,P06,Weld porosity,3,FAIL
QC-0005135,WO-001712,2025-07-23,M05,P06,Cosmetic,2,FAIL
QC-0005136,WO-001712,2025-07-23,M05,P06,Dimensional,1,FAIL
QC-0005137,WO-001713,2025-07-23,M05,P05,Dimensional,6,FAIL
QC-0005138,WO-001713,2025-07-23,M05,P05,Surface finish,3,FAIL
QC-0005139,WO-001713,2025-07-23,M05,P05,Assembly mismatch,1,FAIL
QC-0005140,WO-001714,2025-07-23,M06,P01,Material defect,1,FAIL
QC-0005141,WO-001714,2025-07-23,M06,P01,Assembly mismatch,2,FAIL
QC-0005142,WO-001714,2025-07-23,M06,P01,Dimensional,1,FAIL
QC-0005143,WO-001715,2025-07-23,M06,P06,Surface finish,2,FAIL
QC-0005144,WO-001715,2025-07-23,M06,P06,Dimensional,3,FAIL
QC-0005145,WO-001715,2025-07-23,M06,P06,Material defect,0,PASS
QC-0005146,WO-001716,2025-07-24,M01,P01,Assembly mismatch,4,FAIL
QC-0005147,WO-001716,2025-07-24,M01,P01,Cosmetic,2,FAIL
QC-0005148,WO-001716,2025-07-24,M01,P01,Dimensional,0,PASS
QC-0005149,WO-001717,2025-07-24,M01,P01,Weld porosity,3,FAIL
QC-0005150,WO-001717,2025-07-24,M01,P01,Surface finish,1,FAIL
QC-0005151,WO-001717,2025-07-24,M01,P01,Material defect,1,FAIL
QC-0005152,WO-001718,2025-07-24,M02,P02,Material defect,1,FAIL
QC-0005153,WO-001718,2025-07-24,M02,P02,Surface finish,2,FAIL
QC-0005154,WO-001718,2025-07-24,M02,P02,Cosmetic,3,FAIL
QC-0005155,WO-001719,2025-07-24,M02,P02,Weld porosity,5,FAIL
QC-0005156,WO-001719,2025-07-24,M02,P02,Assembly mismatch,0,PASS
QC-0005157,WO-001719,2025-07-24,M02,P02,Cosmetic,0,PASS
QC-0005158,WO-001720,2025-07-24,M03,P03,Cosmetic,3,FAIL
QC-0005159,WO-001720,2025-07-24,M03,P03,Dimensional,5,FAIL
QC-0005160,WO-001720,2025-07-24,M03,P03,Material defect,1,FAIL
QC-0005161,WO-001721,2025-07-24,M03,P05,Weld porosity,5,FAIL
QC-0005162,WO-001721,2025-07-24,M03,P05,Material defect,4,FAIL
QC-0005163,WO-001721,2025-07-24,M03,P05,Surface finish,1,FAIL
QC-0005164,WO-001722,2025-07-24,M04,P04,Dimensional,3,FAIL
QC-0005165,WO-001722,2025-07-24,M04,P04,Weld porosity,0,PASS
QC-0005166,WO-001722,2025-07-24,M04,P04,Material defect,2,FAIL
QC-0005167,WO-001723,2025-07-24,M04,P06,Weld porosity,3,FAIL
QC-0005168,WO-001723,2025-07-24,M04,P06,Material defect,1,FAIL
QC-0005169,WO-001723,2025-07-24,M04,P06,Surface finish,3,FAIL
QC-0005170,WO-001724,2025-07-24,M05,P04,Weld porosity,3,FAIL
QC-0005171,WO-001724,2025-07-24,M05,P04,Cosmetic,1,FAIL
QC-0005172,WO-001724,2025-07-24,M05,P04,Assembly mismatch,1,FAIL
QC-0005173,WO-001725,2025-07-24,M05,P05,Dimensional,6,FAIL
QC-0005174,WO-001725,2025-07-24,M05,P05,Surface finish,3,FAIL
QC-0005175,WO-001725,2025-07-24,M05,P05,Cosmetic,1,FAIL
QC-0005176,WO-001726,2025-07-24,M06,P01,Assembly mismatch,1,FAIL
QC-0005177,WO-001726,2025-07-24,M06,P01,Material defect,1,FAIL
QC-0005178,WO-001726,2025-07-24,M06,P01,Dimensional,0,PASS
QC-0005179,WO-001727,2025-07-24,M06,P06,Dimensional,5,FAIL
QC-0005180,WO-001727,2025-07-24,M06,P06,Cosmetic,1,FAIL
QC-0005181,WO-001727,2025-07-24,M06,P06,Material defect,1,FAIL
QC-0005182,WO-001728,2025-07-25,M01,P02,Assembly mismatch,4,FAIL
QC-0005183,WO-001728,2025-07-25,M01,P02,Cosmetic,1,FAIL
QC-0005184,WO-001728,2025-07-25,M01,P02,Surface finish,1,FAIL
QC-0005185,WO-001729,2025-07-25,M01,P01,Dimensional,3,FAIL
QC-0005186,WO-001729,2025-07-25,M01,P01,Cosmetic,2,FAIL
QC-0005187,WO-001729,2025-07-25,M01,P01,Weld porosity,0,PASS
QC-0005188,WO-001730,2025-07-25,M02,P05,Surface finish,7,FAIL
QC-0005189,WO-001730,2025-07-25,M02,P05,Cosmetic,3,FAIL
QC-0005190,WO-001730,2025-07-25,M02,P05,Material defect,0,PASS
QC-0005191,WO-001731,2025-07-25,M02,P05,Assembly mismatch,9,FAIL
QC-0005192,WO-001731,2025-07-25,M02,P05,Weld porosity,0,PASS
QC-0005193,WO-001731,2025-07-25,M02,P05,Dimensional,1,FAIL
QC-0005194,WO-001732,2025-07-25,M03,P01,Surface finish,5,FAIL
QC-0005195,WO-001732,2025-07-25,M03,P01,Assembly mismatch,1,FAIL
QC-0005196,WO-001732,2025-07-25,M03,P01,Dimensional,0,PASS
QC-0005197,WO-001733,2025-07-25,M03,P01,Dimensional,5,FAIL
QC-0005198,WO-001733,2025-07-25,M03,P01,Surface finish,1,FAIL
QC-0005199,WO-001733,2025-07-25,M03,P01,Cosmetic,1,FAIL
QC-0005200,WO-001734,2025-07-25,M04,P04,Weld porosity,3,FAIL
QC-0005201,WO-001734,2025-07-25,M04,P04,Assembly mismatch,3,FAIL
QC-0005202,WO-001734,2025-07-25,M04,P04,Dimensional,1,FAIL
QC-0005203,WO-001735,2025-07-25,M04,P04,Dimensional,4,FAIL
QC-0005204,WO-001735,2025-07-25,M04,P04,Weld porosity,2,FAIL
QC-0005205,WO-001735,2025-07-25,M04,P04,Assembly mismatch,0,PASS
QC-0005206,WO-001736,2025-07-25,M05,P05,Weld porosity,6,FAIL
QC-0005207,WO-001736,2025-07-25,M05,P05,Dimensional,3,FAIL
QC-0005208,WO-001736,2025-07-25,M05,P05,Cosmetic,0,PASS
QC-0005209,WO-001737,2025-07-25,M05,P04,Weld porosity,2,FAIL
QC-0005210,WO-001737,2025-07-25,M05,P04,Assembly mismatch,0,PASS
QC-0005211,WO-001737,2025-07-25,M05,P04,Cosmetic,1,FAIL
QC-0005212,WO-001738,2025-07-25,M06,P01,Dimensional,1,FAIL
QC-0005213,WO-001738,2025-07-25,M06,P01,Assembly mismatch,1,FAIL
QC-0005214,WO-001738,2025-07-25,M06,P01,Weld porosity,3,FAIL
QC-0005215,WO-001739,2025-07-25,M06,P05,Cosmetic,7,FAIL
QC-0005216,WO-001739,2025-07-25,M06,P05,Surface finish,1,FAIL
QC-0005217,WO-001739,2025-07-25,M06,P05,Assembly mismatch,2,FAIL
QC-0005218,WO-001740,2025-07-28,M01,P01,Dimensional,5,FAIL
QC-0005219,WO-001740,2025-07-28,M01,P01,Weld porosity,0,PASS
QC-0005220,WO-001740,2025-07-28,M01,P01,Material defect,0,PASS
QC-0005221,WO-001741,2025-07-28,M01,P01,Cosmetic,2,FAIL
QC-0005222,WO-001741,2025-07-28,M01,P01,Material defect,1,FAIL
QC-0005223,WO-001741,2025-07-28,M01,P01,Assembly mismatch,1,FAIL
QC-0005224,WO-001742,2025-07-28,M02,P02,Surface finish,5,FAIL
QC-0005225,WO-001742,2025-07-28,M02,P02,Dimensional,3,FAIL
QC-0005226,WO-001742,2025-07-28,M02,P02,Cosmetic,0,PASS
QC-0005227,WO-001743,2025-07-28,M02,P01,Assembly mismatch,2,FAIL
QC-0005228,WO-001743,2025-07-28,M02,P01,Dimensional,1,FAIL
QC-0005229,WO-001743,2025-07-28,M02,P01,Cosmetic,1,FAIL
QC-0005230,WO-001744,2025-07-28,M03,P03,Cosmetic,5,FAIL
QC-0005231,WO-001744,2025-07-28,M03,P03,Surface finish,2,FAIL
QC-0005232,WO-001744,2025-07-28,M03,P03,Assembly mismatch,0,PASS
QC-0005233,WO-001745,2025-07-28,M03,P05,Surface finish,8,FAIL
QC-0005234,WO-001745,2025-07-28,M03,P05,Dimensional,1,FAIL
QC-0005235,WO-001745,2025-07-28,M03,P05,Assembly mismatch,0,PASS
QC-0005236,WO-001746,2025-07-28,M04,P04,Weld porosity,3,FAIL
QC-0005237,WO-001746,2025-07-28,M04,P04,Cosmetic,2,FAIL
QC-0005238,WO-001746,2025-07-28,M04,P04,Assembly mismatch,0,PASS
QC-0005239,WO-001747,2025-07-28,M04,P04,Weld porosity,1,FAIL
QC-0005240,WO-001747,2025-07-28,M04,P04,Surface finish,3,FAIL
QC-0005241,WO-001747,2025-07-28,M04,P04,Material defect,1,FAIL
QC-0005242,WO-001748,2025-07-28,M05,P06,Material defect,2,FAIL
QC-0005243,WO-001748,2025-07-28,M05,P06,Weld porosity,3,FAIL
QC-0005244,WO-001748,2025-07-28,M05,P06,Dimensional,0,PASS
QC-0005245,WO-001749,2025-07-28,M05,P04,Surface finish,1,FAIL
QC-0005246,WO-001749,2025-07-28,M05,P04,Assembly mismatch,2,FAIL
QC-0005247,WO-001749,2025-07-28,M05,P04,Weld porosity,1,FAIL
QC-0005248,WO-001750,2025-07-28,M06,P04,Assembly mismatch,2,FAIL
QC-0005249,WO-001750,2025-07-28,M06,P04,Surface finish,1,FAIL
QC-0005250,WO-001750,2025-07-28,M06,P04,Cosmetic,0,PASS
QC-0005251,WO-001751,2025-07-28,M06,P06,Surface finish,6,FAIL
QC-0005252,WO-001751,2025-07-28,M06,P06,Dimensional,0,PASS
QC-0005253,WO-001751,2025-07-28,M06,P06,Cosmetic,1,FAIL
QC-0005254,WO-001752,2025-07-29,M01,P01,Material defect,2,FAIL
QC-0005255,WO-001752,2025-07-29,M01,P01,Cosmetic,2,FAIL
QC-0005256,WO-001752,2025-07-29,M01,P01,Dimensional,0,PASS
QC-0005257,WO-001753,2025-07-29,M01,P02,Surface finish,3,FAIL
QC-0005258,WO-001753,2025-07-29,M01,P02,Weld porosity,2,FAIL
QC-0005259,WO-001753,2025-07-29,M01,P02,Dimensional,1,FAIL
QC-0005260,WO-001754,2025-07-29,M02,P01,Material defect,3,FAIL
QC-0005261,WO-001754,2025-07-29,M02,P01,Cosmetic,1,FAIL
QC-0005262,WO-001754,2025-07-29,M02,P01,Assembly mismatch,0,PASS
QC-0005263,WO-001755,2025-07-29,M02,P02,Cosmetic,2,FAIL
QC-0005264,WO-001755,2025-07-29,M02,P02,Material defect,2,FAIL
QC-0005265,WO-001755,2025-07-29,M02,P02,Assembly mismatch,2,FAIL
QC-0005266,WO-001756,2025-07-29,M03,P03,Weld porosity,2,FAIL
QC-0005267,WO-001756,2025-07-29,M03,P03,Dimensional,2,FAIL
QC-0005268,WO-001756,2025-07-29,M03,P03,Assembly mismatch,0,PASS
QC-0005269,WO-001757,2025-07-29,M03,P01,Weld porosity,4,FAIL
QC-0005270,WO-001757,2025-07-29,M03,P01,Dimensional,2,FAIL
QC-0005271,WO-001757,2025-07-29,M03,P01,Material defect,0,PASS
QC-0005272,WO-001758,2025-07-29,M04,P04,Material defect,4,FAIL
QC-0005273,WO-001758,2025-07-29,M04,P04,Assembly mismatch,1,FAIL
QC-0005274,WO-001758,2025-07-29,M04,P04,Weld porosity,0,PASS
QC-0005275,WO-001759,2025-07-29,M04,P03,Surface finish,6,FAIL
QC-0005276,WO-001759,2025-07-29,M04,P03,Cosmetic,4,FAIL
QC-0005277,WO-001759,2025-07-29,M04,P03,Weld porosity,2,FAIL
QC-0005278,WO-001760,2025-07-29,M05,P06,Surface finish,4,FAIL
QC-0005279,WO-001760,2025-07-29,M05,P06,Dimensional,1,FAIL
QC-0005280,WO-001760,2025-07-29,M05,P06,Weld porosity,0,PASS
QC-0005281,WO-001761,2025-07-29,M05,P06,Assembly mismatch,4,FAIL
QC-0005282,WO-001761,2025-07-29,M05,P06,Weld porosity,1,FAIL
QC-0005283,WO-001761,2025-07-29,M05,P06,Material defect,1,FAIL
QC-0005284,WO-001762,2025-07-29,M06,P04,Weld porosity,4,FAIL
QC-0005285,WO-001762,2025-07-29,M06,P04,Material defect,2,FAIL
QC-0005286,WO-001762,2025-07-29,M06,P04,Surface finish,0,PASS
QC-0005287,WO-001763,2025-07-29,M06,P06,Weld porosity,5,FAIL
QC-0005288,WO-001763,2025-07-29,M06,P06,Assembly mismatch,2,FAIL
QC-0005289,WO-001763,2025-07-29,M06,P06,Cosmetic,0,PASS
QC-0005290,WO-001764,2025-07-30,M01,P02,Dimensional,3,FAIL
QC-0005291,WO-001764,2025-07-30,M01,P02,Cosmetic,1,FAIL
QC-0005292,WO-001764,2025-07-30,M01,P02,Weld porosity,1,FAIL
QC-0005293,WO-001765,2025-07-30,M01,P03,Assembly mismatch,3,FAIL
QC-0005294,WO-001765,2025-07-30,M01,P03,Cosmetic,2,FAIL
QC-0005295,WO-001765,2025-07-30,M01,P03,Dimensional,1,FAIL
QC-0005296,WO-001766,2025-07-30,M02,P02,Dimensional,0,PASS
QC-0005297,WO-001766,2025-07-30,M02,P02,Assembly mismatch,2,FAIL
QC-0005298,WO-001766,2025-07-30,M02,P02,Cosmetic,2,FAIL
QC-0005299,WO-001767,2025-07-30,M02,P02,Surface finish,3,FAIL
QC-0005300,WO-001767,2025-07-30,M02,P02,Assembly mismatch,3,FAIL
QC-0005301,WO-001767,2025-07-30,M02,P02,Material defect,1,FAIL
QC-0005302,WO-001768,2025-07-30,M03,P05,Surface finish,7,FAIL
QC-0005303,WO-001768,2025-07-30,M03,P05,Assembly mismatch,3,FAIL
QC-0005304,WO-001768,2025-07-30,M03,P05,Cosmetic,0,PASS
QC-0005305,WO-001769,2025-07-30,M03,P03,Material defect,6,FAIL
QC-0005306,WO-001769,2025-07-30,M03,P03,Dimensional,3,FAIL
QC-0005307,WO-001769,2025-07-30,M03,P03,Weld porosity,1,FAIL
QC-0005308,WO-001770,2025-07-30,M04,P03,Weld porosity,5,FAIL
QC-0005309,WO-001770,2025-07-30,M04,P03,Dimensional,4,FAIL
QC-0005310,WO-001770,2025-07-30,M04,P03,Surface finish,3,FAIL
QC-0005311,WO-001771,2025-07-30,M04,P03,Weld porosity,7,FAIL
QC-0005312,WO-001771,2025-07-30,M04,P03,Dimensional,3,FAIL
QC-0005313,WO-001771,2025-07-30,M04,P03,Material defect,2,FAIL
QC-0005314,WO-001772,2025-07-30,M05,P04,Assembly mismatch,3,FAIL
QC-0005315,WO-001772,2025-07-30,M05,P04,Cosmetic,2,FAIL
QC-0005316,WO-001772,2025-07-30,M05,P04,Material defect,1,FAIL
QC-0005317,WO-001773,2025-07-30,M05,P06,Dimensional,5,FAIL
QC-0005318,WO-001773,2025-07-30,M05,P06,Weld porosity,0,PASS
QC-0005319,WO-001773,2025-07-30,M05,P06,Surface finish,0,PASS
QC-0005320,WO-001774,2025-07-30,M06,P04,Cosmetic,3,FAIL
QC-0005321,WO-001774,2025-07-30,M06,P04,Assembly mismatch,2,FAIL
QC-0005322,WO-001774,2025-07-30,M06,P04,Weld porosity,1,FAIL
QC-0005323,WO-001775,2025-07-30,M06,P01,Surface finish,7,FAIL
QC-0005324,WO-001775,2025-07-30,M06,P01,Dimensional,0,PASS
QC-0005325,WO-001775,2025-07-30,M06,P01,Material defect,1,FAIL
QC-0005326,WO-001776,2025-07-31,M01,P01,Weld porosity,2,FAIL
QC-0005327,WO-001776,2025-07-31,M01,P01,Dimensional,1,FAIL
QC-0005328,WO-001776,2025-07-31,M01,P01,Cosmetic,3,FAIL
QC-0005329,WO-001777,2025-07-31,M01,P03,Material defect,4,FAIL
QC-0005330,WO-001777,2025-07-31,M01,P03,Cosmetic,4,FAIL
QC-0005331,WO-001777,2025-07-31,M01,P03,Surface finish,0,PASS
QC-0005332,WO-001778,2025-07-31,M02,P01,Weld porosity,2,FAIL
QC-0005333,WO-001778,2025-07-31,M02,P01,Surface finish,2,FAIL
QC-0005334,WO-001778,2025-07-31,M02,P01,Assembly mismatch,1,FAIL
QC-0005335,WO-001779,2025-07-31,M02,P01,Material defect,3,FAIL
QC-0005336,WO-001779,2025-07-31,M02,P01,Surface finish,2,FAIL
QC-0005337,WO-001779,2025-07-31,M02,P01,Cosmetic,0,PASS
QC-0005338,WO-001780,2025-07-31,M03,P03,Cosmetic,4,FAIL
QC-0005339,WO-001780,2025-07-31,M03,P03,Surface finish,2,FAIL
QC-0005340,WO-001780,2025-07-31,M03,P03,Material defect,2,FAIL
QC-0005341,WO-001781,2025-07-31,M03,P03,Cosmetic,7,FAIL
QC-0005342,WO-001781,2025-07-31,M03,P03,Weld porosity,0,PASS
QC-0005343,WO-001781,2025-07-31,M03,P03,Material defect,1,FAIL
QC-0005344,WO-001782,2025-07-31,M04,P06,Weld porosity,4,FAIL
QC-0005345,WO-001782,2025-07-31,M04,P06,Material defect,0,PASS
QC-0005346,WO-001782,2025-07-31,M04,P06,Surface finish,2,FAIL
QC-0005347,WO-001783,2025-07-31,M05,P05,Cosmetic,6,FAIL
QC-0005348,WO-001783,2025-07-31,M05,P05,Assembly mismatch,2,FAIL
QC-0005349,WO-001783,2025-07-31,M05,P05,Material defect,2,FAIL
QC-0005350,WO-001784,2025-07-31,M05,P06,Weld porosity,4,FAIL
QC-0005351,WO-001784,2025-07-31,M05,P06,Dimensional,1,FAIL
QC-0005352,WO-001784,2025-07-31,M05,P06,Surface finish,1,FAIL
QC-0005353,WO-001785,2025-07-31,M06,P05,Cosmetic,8,FAIL
QC-0005354,WO-001785,2025-07-31,M06,P05,Material defect,2,FAIL
QC-0005355,WO-001785,2025-07-31,M06,P05,Weld porosity,0,PASS
QC-0005356,WO-001786,2025-07-31,M06,P04,Cosmetic,3,FAIL
QC-0005357,WO-001786,2025-07-31,M06,P04,Assembly mismatch,2,FAIL
QC-0005358,WO-001786,2025-07-31,M06,P04,Dimensional,0,PASS
QC-0005359,WO-001787,2025-08-01,M01,P03,Dimensional,4,FAIL
QC-0005360,WO-001787,2025-08-01,M01,P03,Material defect,2,FAIL
QC-0005361,WO-001787,2025-08-01,M01,P03,Weld porosity,0,PASS
QC-0005362,WO-001788,2025-08-01,M01,P01,Assembly mismatch,2,FAIL
QC-0005363,WO-001788,2025-08-01,M01,P01,Material defect,4,FAIL
QC-0005364,WO-001788,2025-08-01,M01,P01,Dimensional,0,PASS
QC-0005365,WO-001789,2025-08-01,M02,P05,Surface finish,7,FAIL
QC-0005366,WO-001789,2025-08-01,M02,P05,Weld porosity,1,FAIL
QC-0005367,WO-001789,2025-08-01,M02,P05,Material defect,2,FAIL
QC-0005368,WO-001790,2025-08-01,M02,P01,Material defect,5,FAIL
QC-0005369,WO-001790,2025-08-01,M02,P01,Weld porosity,1,FAIL
QC-0005370,WO-001790,2025-08-01,M02,P01,Assembly mismatch,0,PASS
QC-0005371,WO-001791,2025-08-01,M03,P05,Surface finish,6,FAIL
QC-0005372,WO-001791,2025-08-01,M03,P05,Material defect,4,FAIL
QC-0005373,WO-001791,2025-08-01,M03,P05,Assembly mismatch,2,FAIL
QC-0005374,WO-001792,2025-08-01,M04,P04,Surface finish,3,FAIL
QC-0005375,WO-001792,2025-08-01,M04,P04,Weld porosity,1,FAIL
QC-0005376,WO-001792,2025-08-01,M04,P04,Dimensional,2,FAIL
QC-0005377,WO-001793,2025-08-01,M04,P04,Assembly mismatch,5,FAIL
QC-0005378,WO-001793,2025-08-01,M04,P04,Cosmetic,0,PASS
QC-0005379,WO-001793,2025-08-01,M04,P04,Weld porosity,0,PASS
QC-0005380,WO-001794,2025-08-01,M05,P01,Surface finish,3,FAIL
QC-0005381,WO-001794,2025-08-01,M05,P01,Material defect,2,FAIL
QC-0005382,WO-001794,2025-08-01,M05,P01,Dimensional,0,PASS
QC-0005383,WO-001795,2025-08-01,M05,P06,Surface finish,3,FAIL
QC-0005384,WO-001795,2025-08-01,M05,P06,Material defect,0,PASS
QC-0005385,WO-001795,2025-08-01,M05,P06,Assembly mismatch,2,FAIL
QC-0005386,WO-001796,2025-08-01,M06,P01,Weld porosity,2,FAIL
QC-0005387,WO-001796,2025-08-01,M06,P01,Dimensional,1,FAIL
QC-0005388,WO-001796,2025-08-01,M06,P01,Surface finish,1,FAIL
QC-0005389,WO-001797,2025-08-04,M01,P01,Cosmetic,2,FAIL
QC-0005390,WO-001797,2025-08-04,M01,P01,Material defect,2,FAIL
QC-0005391,WO-001797,2025-08-04,M01,P01,Surface finish,1,FAIL
QC-0005392,WO-001798,2025-08-04,M01,P03,Material defect,4,FAIL
QC-0005393,WO-001798,2025-08-04,M01,P03,Weld porosity,2,FAIL
QC-0005394,WO-001798,2025-08-04,M01,P03,Surface finish,2,FAIL
QC-0005395,WO-001799,2025-08-04,M02,P01,Weld porosity,1,FAIL
QC-0005396,WO-001799,2025-08-04,M02,P01,Dimensional,5,FAIL
QC-0005397,WO-001799,2025-08-04,M02,P01,Assembly mismatch,1,FAIL
QC-0005398,WO-001800,2025-08-04,M02,P01,Assembly mismatch,4,FAIL
QC-0005399,WO-001800,2025-08-04,M02,P01,Dimensional,1,FAIL
QC-0005400,WO-001800,2025-08-04,M02,P01,Surface finish,0,PASS
QC-0005401,WO-001801,2025-08-04,M03,P01,Weld porosity,1,FAIL
QC-0005402,WO-001801,2025-08-04,M03,P01,Surface finish,2,FAIL
QC-0005403,WO-001801,2025-08-04,M03,P01,Assembly mismatch,0,PASS
QC-0005404,WO-001802,2025-08-04,M03,P05,Assembly mismatch,9,FAIL
QC-0005405,WO-001802,2025-08-04,M03,P05,Surface finish,4,FAIL
QC-0005406,WO-001802,2025-08-04,M03,P05,Weld porosity,0,PASS
QC-0005407,WO-001803,2025-08-04,M04,P06,Weld porosity,5,FAIL
QC-0005408,WO-001803,2025-08-04,M04,P06,Surface finish,0,PASS
QC-0005409,WO-001803,2025-08-04,M04,P06,Material defect,1,FAIL
QC-0005410,WO-001804,2025-08-04,M04,P06,Weld porosity,4,FAIL
QC-0005411,WO-001804,2025-08-04,M04,P06,Cosmetic,1,FAIL
QC-0005412,WO-001804,2025-08-04,M04,P06,Assembly mismatch,2,FAIL
QC-0005413,WO-001805,2025-08-04,M05,P06,Cosmetic,5,FAIL
QC-0005414,WO-001805,2025-08-04,M05,P06,Dimensional,0,PASS
QC-0005415,WO-001805,2025-08-04,M05,P06,Weld porosity,1,FAIL
QC-0005416,WO-001806,2025-08-04,M06,P06,Cosmetic,5,FAIL
QC-0005417,WO-001806,2025-08-04,M06,P06,Weld porosity,1,FAIL
QC-0005418,WO-001806,2025-08-04,M06,P06,Assembly mismatch,1,FAIL
QC-0005419,WO-001807,2025-08-04,M06,P06,Cosmetic,4,FAIL
QC-0005420,WO-001807,2025-08-04,M06,P06,Dimensional,2,FAIL
QC-0005421,WO-001807,2025-08-04,M06,P06,Assembly mismatch,1,FAIL
QC-0005422,WO-001808,2025-08-05,M01,P03,Assembly mismatch,3,FAIL
QC-0005423,WO-001808,2025-08-05,M01,P03,Dimensional,1,FAIL
QC-0005424,WO-001808,2025-08-05,M01,P03,Material defect,1,FAIL
QC-0005425,WO-001809,2025-08-05,M01,P02,Assembly mismatch,4,FAIL
QC-0005426,WO-001809,2025-08-05,M01,P02,Dimensional,1,FAIL
QC-0005427,WO-001809,2025-08-05,M01,P02,Weld porosity,1,FAIL
QC-0005428,WO-001810,2025-08-05,M02,P01,Weld porosity,3,FAIL
QC-0005429,WO-001810,2025-08-05,M02,P01,Surface finish,0,PASS
QC-0005430,WO-001810,2025-08-05,M02,P01,Cosmetic,0,PASS
QC-0005431,WO-001811,2025-08-05,M02,P05,Surface finish,6,FAIL
QC-0005432,WO-001811,2025-08-05,M02,P05,Assembly mismatch,2,FAIL
QC-0005433,WO-001811,2025-08-05,M02,P05,Weld porosity,0,PASS
QC-0005434,WO-001812,2025-08-05,M03,P01,Cosmetic,3,FAIL
QC-0005435,WO-001812,2025-08-05,M03,P01,Assembly mismatch,2,FAIL
QC-0005436,WO-001812,2025-08-05,M03,P01,Weld porosity,0,PASS
QC-0005437,WO-001813,2025-08-05,M03,P03,Assembly mismatch,4,FAIL
QC-0005438,WO-001813,2025-08-05,M03,P03,Dimensional,1,FAIL
QC-0005439,WO-001813,2025-08-05,M03,P03,Cosmetic,3,FAIL
QC-0005440,WO-001814,2025-08-05,M04,P03,Weld porosity,6,FAIL
QC-0005441,WO-001814,2025-08-05,M04,P03,Dimensional,1,FAIL
QC-0005442,WO-001814,2025-08-05,M04,P03,Surface finish,2,FAIL
QC-0005443,WO-001815,2025-08-05,M05,P06,Dimensional,3,FAIL
QC-0005444,WO-001815,2025-08-05,M05,P06,Weld porosity,3,FAIL
QC-0005445,WO-001815,2025-08-05,M05,P06,Cosmetic,0,PASS
QC-0005446,WO-001816,2025-08-05,M05,P01,Surface finish,5,FAIL
QC-0005447,WO-001816,2025-08-05,M05,P01,Weld porosity,1,FAIL
QC-0005448,WO-001816,2025-08-05,M05,P01,Assembly mismatch,1,FAIL
QC-0005449,WO-001817,2025-08-05,M06,P05,Surface finish,4,FAIL
QC-0005450,WO-001817,2025-08-05,M06,P05,Dimensional,4,FAIL
QC-0005451,WO-001817,2025-08-05,M06,P05,Assembly mismatch,3,FAIL
QC-0005452,WO-001818,2025-08-05,M06,P01,Dimensional,5,FAIL
QC-0005453,WO-001818,2025-08-05,M06,P01,Weld porosity,0,PASS
QC-0005454,WO-001818,2025-08-05,M06,P01,Assembly mismatch,0,PASS
QC-0005455,WO-001819,2025-08-06,M01,P02,Surface finish,5,FAIL
QC-0005456,WO-001819,2025-08-06,M01,P02,Weld porosity,0,PASS
QC-0005457,WO-001819,2025-08-06,M01,P02,Assembly mismatch,1,FAIL
QC-0005458,WO-001820,2025-08-06,M01,P01,Surface finish,4,FAIL
QC-0005459,WO-001820,2025-08-06,M01,P01,Material defect,1,FAIL
QC-0005460,WO-001820,2025-08-06,M01,P01,Assembly mismatch,2,FAIL
QC-0005461,WO-001821,2025-08-06,M02,P02,Weld porosity,3,FAIL
QC-0005462,WO-001821,2025-08-06,M02,P02,Cosmetic,2,FAIL
QC-0005463,WO-001821,2025-08-06,M02,P02,Assembly mismatch,3,FAIL
QC-0005464,WO-001822,2025-08-06,M02,P01,Surface finish,3,FAIL
QC-0005465,WO-001822,2025-08-06,M02,P01,Dimensional,0,PASS
QC-0005466,WO-001822,2025-08-06,M02,P01,Material defect,1,FAIL
QC-0005467,WO-001823,2025-08-06,M03,P05,Surface finish,1,FAIL
QC-0005468,WO-001823,2025-08-06,M03,P05,Dimensional,6,FAIL
QC-0005469,WO-001823,2025-08-06,M03,P05,Assembly mismatch,2,FAIL
QC-0005470,WO-001824,2025-08-06,M03,P05,Surface finish,7,FAIL
QC-0005471,WO-001824,2025-08-06,M03,P05,Dimensional,1,FAIL
QC-0005472,WO-001824,2025-08-06,M03,P05,Assembly mismatch,1,FAIL
QC-0005473,WO-001825,2025-08-06,M04,P04,Assembly mismatch,5,FAIL
QC-0005474,WO-001825,2025-08-06,M04,P04,Weld porosity,0,PASS
QC-0005475,WO-001825,2025-08-06,M04,P04,Surface finish,0,PASS
QC-0005476,WO-001826,2025-08-06,M04,P06,Weld porosity,6,FAIL
QC-0005477,WO-001826,2025-08-06,M04,P06,Cosmetic,1,FAIL
QC-0005478,WO-001826,2025-08-06,M04,P06,Surface finish,0,PASS
QC-0005479,WO-001827,2025-08-06,M05,P05,Material defect,4,FAIL
QC-0005480,WO-001827,2025-08-06,M05,P05,Surface finish,4,FAIL
QC-0005481,WO-001827,2025-08-06,M05,P05,Cosmetic,2,FAIL
QC-0005482,WO-001828,2025-08-06,M05,P06,Surface finish,2,FAIL
QC-0005483,WO-001828,2025-08-06,M05,P06,Assembly mismatch,2,FAIL
QC-0005484,WO-001828,2025-08-06,M05,P06,Dimensional,1,FAIL
QC-0005485,WO-001829,2025-08-06,M06,P04,Surface finish,2,FAIL
QC-0005486,WO-001829,2025-08-06,M06,P04,Cosmetic,2,FAIL
QC-0005487,WO-001829,2025-08-06,M06,P04,Material defect,0,PASS
QC-0005488,WO-001830,2025-08-07,M01,P01,Material defect,3,FAIL
QC-0005489,WO-001830,2025-08-07,M01,P01,Surface finish,2,FAIL
QC-0005490,WO-001830,2025-08-07,M01,P01,Cosmetic,1,FAIL
QC-0005491,WO-001831,2025-08-07,M02,P05,Surface finish,2,FAIL
QC-0005492,WO-001831,2025-08-07,M02,P05,Dimensional,3,FAIL
QC-0005493,WO-001831,2025-08-07,M02,P05,Material defect,1,FAIL
QC-0005494,WO-001832,2025-08-07,M02,P01,Dimensional,4,FAIL
QC-0005495,WO-001832,2025-08-07,M02,P01,Assembly mismatch,1,FAIL
QC-0005496,WO-001832,2025-08-07,M02,P01,Surface finish,1,FAIL
QC-0005497,WO-001833,2025-08-07,M03,P03,Surface finish,2,FAIL
QC-0005498,WO-001833,2025-08-07,M03,P03,Weld porosity,1,FAIL
QC-0005499,WO-001833,2025-08-07,M03,P03,Assembly mismatch,2,FAIL
QC-0005500,WO-001834,2025-08-07,M03,P01,Cosmetic,3,FAIL
QC-0005501,WO-001834,2025-08-07,M03,P01,Surface finish,1,FAIL
QC-0005502,WO-001834,2025-08-07,M03,P01,Material defect,0,PASS
QC-0005503,WO-001835,2025-08-07,M04,P04,Weld porosity,2,FAIL
QC-0005504,WO-001835,2025-08-07,M04,P04,Dimensional,0,PASS
QC-0005505,WO-001835,2025-08-07,M04,P04,Surface finish,3,FAIL
QC-0005506,WO-001836,2025-08-07,M04,P03,Weld porosity,5,FAIL
QC-0005507,WO-001836,2025-08-07,M04,P03,Cosmetic,2,FAIL
QC-0005508,WO-001836,2025-08-07,M04,P03,Material defect,2,FAIL
QC-0005509,WO-001837,2025-08-07,M05,P04,Assembly mismatch,2,FAIL
QC-0005510,WO-001837,2025-08-07,M05,P04,Weld porosity,3,FAIL
QC-0005511,WO-001837,2025-08-07,M05,P04,Surface finish,1,FAIL
QC-0005512,WO-001838,2025-08-07,M05,P05,Weld porosity,6,FAIL
QC-0005513,WO-001838,2025-08-07,M05,P05,Material defect,3,FAIL
QC-0005514,WO-001838,2025-08-07,M05,P05,Cosmetic,2,FAIL
QC-0005515,WO-001839,2025-08-07,M06,P04,Dimensional,2,FAIL
QC-0005516,WO-001839,2025-08-07,M06,P04,Material defect,1,FAIL
QC-0005517,WO-001839,2025-08-07,M06,P04,Weld porosity,0,PASS
QC-0005518,WO-001840,2025-08-07,M06,P06,Weld porosity,2,FAIL
QC-0005519,WO-001840,2025-08-07,M06,P06,Assembly mismatch,2,FAIL
QC-0005520,WO-001840,2025-08-07,M06,P06,Cosmetic,2,FAIL
QC-0005521,WO-001841,2025-08-08,M01,P03,Dimensional,1,FAIL
QC-0005522,WO-001841,2025-08-08,M01,P03,Assembly mismatch,0,PASS
QC-0005523,WO-001841,2025-08-08,M01,P03,Surface finish,2,FAIL
QC-0005524,WO-001842,2025-08-08,M01,P02,Surface finish,4,FAIL
QC-0005525,WO-001842,2025-08-08,M01,P02,Cosmetic,1,FAIL
QC-0005526,WO-001842,2025-08-08,M01,P02,Assembly mismatch,2,FAIL
QC-0005527,WO-001843,2025-08-08,M02,P05,Material defect,9,FAIL
QC-0005528,WO-001843,2025-08-08,M02,P05,Cosmetic,1,FAIL
QC-0005529,WO-001843,2025-08-08,M02,P05,Surface finish,1,FAIL
QC-0005530,WO-001844,2025-08-08,M03,P05,Assembly mismatch,8,FAIL
QC-0005531,WO-001844,2025-08-08,M03,P05,Surface finish,0,PASS
QC-0005532,WO-001844,2025-08-08,M03,P05,Weld porosity,3,FAIL
QC-0005533,WO-001845,2025-08-08,M03,P01,Surface finish,4,FAIL
QC-0005534,WO-001845,2025-08-08,M03,P01,Cosmetic,1,FAIL
QC-0005535,WO-001845,2025-08-08,M03,P01,Dimensional,0,PASS
QC-0005536,WO-001846,2025-08-08,M04,P06,Weld porosity,4,FAIL
QC-0005537,WO-001846,2025-08-08,M04,P06,Dimensional,2,FAIL
QC-0005538,WO-001846,2025-08-08,M04,P06,Material defect,0,PASS
QC-0005539,WO-001847,2025-08-08,M05,P01,Surface finish,1,FAIL
QC-0005540,WO-001847,2025-08-08,M05,P01,Material defect,2,FAIL
QC-0005541,WO-001847,2025-08-08,M05,P01,Weld porosity,1,FAIL
QC-0005542,WO-001848,2025-08-08,M05,P05,Weld porosity,4,FAIL
QC-0005543,WO-001848,2025-08-08,M05,P05,Assembly mismatch,2,FAIL
QC-0005544,WO-001848,2025-08-08,M05,P05,Cosmetic,1,FAIL
QC-0005545,WO-001849,2025-08-08,M06,P04,Assembly mismatch,1,FAIL
QC-0005546,WO-001849,2025-08-08,M06,P04,Dimensional,2,FAIL
QC-0005547,WO-001849,2025-08-08,M06,P04,Cosmetic,2,FAIL
QC-0005548,WO-001850,2025-08-08,M06,P01,Surface finish,3,FAIL
QC-0005549,WO-001850,2025-08-08,M06,P01,Dimensional,3,FAIL
QC-0005550,WO-001850,2025-08-08,M06,P01,Assembly mismatch,1,FAIL
QC-0005551,WO-001851,2025-08-11,M01,P03,Weld porosity,4,FAIL
QC-0005552,WO-001851,2025-08-11,M01,P03,Surface finish,0,PASS
QC-0005553,WO-001851,2025-08-11,M01,P03,Dimensional,2,FAIL
QC-0005554,WO-001852,2025-08-11,M02,P05,Cosmetic,4,FAIL
QC-0005555,WO-001852,2025-08-11,M02,P05,Assembly mismatch,2,FAIL
QC-0005556,WO-001852,2025-08-11,M02,P05,Dimensional,3,FAIL
QC-0005557,WO-001853,2025-08-11,M02,P02,Assembly mismatch,2,FAIL
QC-0005558,WO-001853,2025-08-11,M02,P02,Material defect,1,FAIL
QC-0005559,WO-001853,2025-08-11,M02,P02,Surface finish,4,FAIL
QC-0005560,WO-001854,2025-08-11,M03,P05,Surface finish,2,FAIL
QC-0005561,WO-001854,2025-08-11,M03,P05,Weld porosity,3,FAIL
QC-0005562,WO-001854,2025-08-11,M03,P05,Assembly mismatch,3,FAIL
QC-0005563,WO-001855,2025-08-11,M03,P05,Dimensional,4,FAIL
QC-0005564,WO-001855,2025-08-11,M03,P05,Material defect,4,FAIL
QC-0005565,WO-001855,2025-08-11,M03,P05,Cosmetic,1,FAIL
QC-0005566,WO-001856,2025-08-11,M04,P04,Material defect,1,FAIL
QC-0005567,WO-001856,2025-08-11,M04,P04,Cosmetic,2,FAIL
QC-0005568,WO-001856,2025-08-11,M04,P04,Weld porosity,2,FAIL
QC-0005569,WO-001857,2025-08-11,M04,P06,Assembly mismatch,5,FAIL
QC-0005570,WO-001857,2025-08-11,M04,P06,Surface finish,1,FAIL
QC-0005571,WO-001857,2025-08-11,M04,P06,Weld porosity,0,PASS
QC-0005572,WO-001858,2025-08-11,M05,P05,Surface finish,8,FAIL
QC-0005573,WO-001858,2025-08-11,M05,P05,Weld porosity,0,PASS
QC-0005574,WO-001858,2025-08-11,M05,P05,Assembly mismatch,2,FAIL
QC-0005575,WO-001859,2025-08-11,M05,P01,Material defect,4,FAIL
QC-0005576,WO-001859,2025-08-11,M05,P01,Assembly mismatch,1,FAIL
QC-0005577,WO-001859,2025-08-11,M05,P01,Surface finish,1,FAIL
QC-0005578,WO-001860,2025-08-11,M06,P01,Cosmetic,4,FAIL
QC-0005579,WO-001860,2025-08-11,M06,P01,Weld porosity,1,FAIL
QC-0005580,WO-001860,2025-08-11,M06,P01,Material defect,0,PASS
QC-0005581,WO-001861,2025-08-11,M06,P05,Surface finish,4,FAIL
QC-0005582,WO-001861,2025-08-11,M06,P05,Cosmetic,5,FAIL
QC-0005583,WO-001861,2025-08-11,M06,P05,Material defect,3,FAIL
QC-0005584,WO-001862,2025-08-12,M01,P03,Dimensional,2,FAIL
QC-0005585,WO-001862,2025-08-12,M01,P03,Material defect,0,PASS
QC-0005586,WO-001862,2025-08-12,M01,P03,Surface finish,0,PASS
QC-0005587,WO-001863,2025-08-12,M01,P02,Weld porosity,3,FAIL
QC-0005588,WO-001863,2025-08-12,M01,P02,Cosmetic,0,PASS
QC-0005589,WO-001863,2025-08-12,M01,P02,Dimensional,2,FAIL
QC-0005590,WO-001864,2025-08-12,M02,P05,Weld porosity,5,FAIL
QC-0005591,WO-001864,2025-08-12,M02,P05,Material defect,4,FAIL
QC-0005592,WO-001864,2025-08-12,M02,P05,Cosmetic,1,FAIL
QC-0005593,WO-001865,2025-08-12,M02,P02,Material defect,4,FAIL
QC-0005594,WO-001865,2025-08-12,M02,P02,Assembly mismatch,0,PASS
QC-0005595,WO-001865,2025-08-12,M02,P02,Dimensional,0,PASS
QC-0005596,WO-001866,2025-08-12,M03,P05,Dimensional,8,FAIL
QC-0005597,WO-001866,2025-08-12,M03,P05,Assembly mismatch,1,FAIL
QC-0005598,WO-001866,2025-08-12,M03,P05,Surface finish,2,FAIL
QC-0005599,WO-001867,2025-08-12,M03,P03,Assembly mismatch,2,FAIL
QC-0005600,WO-001867,2025-08-12,M03,P03,Surface finish,4,FAIL
QC-0005601,WO-001867,2025-08-12,M03,P03,Cosmetic,1,FAIL
QC-0005602,WO-001868,2025-08-12,M04,P04,Weld porosity,2,FAIL
QC-0005603,WO-001868,2025-08-12,M04,P04,Material defect,3,FAIL
QC-0005604,WO-001868,2025-08-12,M04,P04,Cosmetic,0,PASS
QC-0005605,WO-001869,2025-08-12,M04,P06,Weld porosity,3,FAIL
QC-0005606,WO-001869,2025-08-12,M04,P06,Cosmetic,2,FAIL
QC-0005607,WO-001869,2025-08-12,M04,P06,Dimensional,0,PASS
QC-0005608,WO-001870,2025-08-12,M05,P05,Dimensional,6,FAIL
QC-0005609,WO-001870,2025-08-12,M05,P05,Material defect,2,FAIL
QC-0005610,WO-001870,2025-08-12,M05,P05,Assembly mismatch,1,FAIL
QC-0005611,WO-001871,2025-08-12,M05,P06,Material defect,3,FAIL
QC-0005612,WO-001871,2025-08-12,M05,P06,Dimensional,2,FAIL
QC-0005613,WO-001871,2025-08-12,M05,P06,Cosmetic,1,FAIL
QC-0005614,WO-001872,2025-08-12,M06,P01,Material defect,2,FAIL
QC-0005615,WO-001872,2025-08-12,M06,P01,Weld porosity,2,FAIL
QC-0005616,WO-001872,2025-08-12,M06,P01,Cosmetic,0,PASS
QC-0005617,WO-001873,2025-08-12,M06,P01,Assembly mismatch,3,FAIL
QC-0005618,WO-001873,2025-08-12,M06,P01,Weld porosity,3,FAIL
QC-0005619,WO-001873,2025-08-12,M06,P01,Dimensional,1,FAIL
QC-0005620,WO-001874,2025-08-13,M01,P02,Surface finish,3,FAIL
QC-0005621,WO-001874,2025-08-13,M01,P02,Dimensional,1,FAIL
QC-0005622,WO-001874,2025-08-13,M01,P02,Material defect,0,PASS
QC-0005623,WO-001875,2025-08-13,M01,P01,Assembly mismatch,3,FAIL
QC-0005624,WO-001875,2025-08-13,M01,P01,Surface finish,2,FAIL
QC-0005625,WO-001875,2025-08-13,M01,P01,Weld porosity,0,PASS
QC-0005626,WO-001876,2025-08-13,M02,P05,Weld porosity,12,FAIL
QC-0005627,WO-001876,2025-08-13,M02,P05,Dimensional,1,FAIL
QC-0005628,WO-001876,2025-08-13,M02,P05,Cosmetic,1,FAIL
QC-0005629,WO-001877,2025-08-13,M02,P05,Cosmetic,7,FAIL
QC-0005630,WO-001877,2025-08-13,M02,P05,Weld porosity,4,FAIL
QC-0005631,WO-001877,2025-08-13,M02,P05,Assembly mismatch,0,PASS
QC-0005632,WO-001878,2025-08-13,M03,P05,Dimensional,11,FAIL
QC-0005633,WO-001878,2025-08-13,M03,P05,Surface finish,1,FAIL
QC-0005634,WO-001878,2025-08-13,M03,P05,Material defect,0,PASS
QC-0005635,WO-001879,2025-08-13,M03,P03,Cosmetic,6,FAIL
QC-0005636,WO-001879,2025-08-13,M03,P03,Material defect,3,FAIL
QC-0005637,WO-001879,2025-08-13,M03,P03,Dimensional,0,PASS
QC-0005638,WO-001880,2025-08-13,M04,P04,Dimensional,2,FAIL
QC-0005639,WO-001880,2025-08-13,M04,P04,Cosmetic,1,FAIL
QC-0005640,WO-001880,2025-08-13,M04,P04,Weld porosity,1,FAIL
QC-0005641,WO-001881,2025-08-13,M04,P06,Cosmetic,3,FAIL
QC-0005642,WO-001881,2025-08-13,M04,P06,Material defect,3,FAIL
QC-0005643,WO-001881,2025-08-13,M04,P06,Weld porosity,0,PASS
QC-0005644,WO-001882,2025-08-13,M05,P01,Weld porosity,1,FAIL
QC-0005645,WO-001882,2025-08-13,M05,P01,Material defect,3,FAIL
QC-0005646,WO-001882,2025-08-13,M05,P01,Assembly mismatch,1,FAIL
QC-0005647,WO-001883,2025-08-13,M05,P05,Dimensional,8,FAIL
QC-0005648,WO-001883,2025-08-13,M05,P05,Assembly mismatch,1,FAIL
QC-0005649,WO-001883,2025-08-13,M05,P05,Material defect,1,FAIL
QC-0005650,WO-001884,2025-08-13,M06,P01,Cosmetic,6,FAIL
QC-0005651,WO-001884,2025-08-13,M06,P01,Weld porosity,0,PASS
QC-0005652,WO-001884,2025-08-13,M06,P01,Assembly mismatch,0,PASS
QC-0005653,WO-001885,2025-08-13,M06,P01,Dimensional,3,FAIL
QC-0005654,WO-001885,2025-08-13,M06,P01,Material defect,4,FAIL
QC-0005655,WO-001885,2025-08-13,M06,P01,Assembly mismatch,0,PASS
QC-0005656,WO-001886,2025-08-14,M01,P02,Dimensional,3,FAIL
QC-0005657,WO-001886,2025-08-14,M01,P02,Surface finish,3,FAIL
QC-0005658,WO-001886,2025-08-14,M01,P02,Cosmetic,0,PASS
QC-0005659,WO-001887,2025-08-14,M01,P03,Dimensional,4,FAIL
QC-0005660,WO-001887,2025-08-14,M01,P03,Surface finish,2,FAIL
QC-0005661,WO-001887,2025-08-14,M01,P03,Cosmetic,2,FAIL
QC-0005662,WO-001888,2025-08-14,M02,P02,Weld porosity,0,PASS
QC-0005663,WO-001888,2025-08-14,M02,P02,Material defect,4,FAIL
QC-0005664,WO-001888,2025-08-14,M02,P02,Surface finish,1,FAIL
QC-0005665,WO-001889,2025-08-14,M02,P05,Weld porosity,6,FAIL
QC-0005666,WO-001889,2025-08-14,M02,P05,Surface finish,1,FAIL
QC-0005667,WO-001889,2025-08-14,M02,P05,Assembly mismatch,3,FAIL
QC-0005668,WO-001890,2025-08-14,M03,P05,Assembly mismatch,7,FAIL
QC-0005669,WO-001890,2025-08-14,M03,P05,Material defect,4,FAIL
QC-0005670,WO-001890,2025-08-14,M03,P05,Surface finish,0,PASS
QC-0005671,WO-001891,2025-08-14,M03,P01,Assembly mismatch,6,FAIL
QC-0005672,WO-001891,2025-08-14,M03,P01,Material defect,2,FAIL
QC-0005673,WO-001891,2025-08-14,M03,P01,Cosmetic,0,PASS
QC-0005674,WO-001892,2025-08-14,M04,P03,Weld porosity,4,FAIL
QC-0005675,WO-001892,2025-08-14,M04,P03,Material defect,1,FAIL
QC-0005676,WO-001892,2025-08-14,M04,P03,Surface finish,2,FAIL
QC-0005677,WO-001893,2025-08-14,M05,P01,Assembly mismatch,1,FAIL
QC-0005678,WO-001893,2025-08-14,M05,P01,Dimensional,1,FAIL
QC-0005679,WO-001893,2025-08-14,M05,P01,Material defect,1,FAIL
QC-0005680,WO-001894,2025-08-14,M06,P05,Weld porosity,6,FAIL
QC-0005681,WO-001894,2025-08-14,M06,P05,Surface finish,0,PASS
QC-0005682,WO-001894,2025-08-14,M06,P05,Assembly mismatch,2,FAIL
QC-0005683,WO-001895,2025-08-14,M06,P04,Weld porosity,3,FAIL
QC-0005684,WO-001895,2025-08-14,M06,P04,Dimensional,1,FAIL
QC-0005685,WO-001895,2025-08-14,M06,P04,Cosmetic,1,FAIL
QC-0005686,WO-001896,2025-08-15,M01,P02,Cosmetic,3,FAIL
QC-0005687,WO-001896,2025-08-15,M01,P02,Material defect,1,FAIL
QC-0005688,WO-001896,2025-08-15,M01,P02,Assembly mismatch,1,FAIL
QC-0005689,WO-001897,2025-08-15,M02,P05,Cosmetic,6,FAIL
QC-0005690,WO-001897,2025-08-15,M02,P05,Material defect,2,FAIL
QC-0005691,WO-001897,2025-08-15,M02,P05,Weld porosity,0,PASS
QC-0005692,WO-001898,2025-08-15,M02,P01,Cosmetic,3,FAIL
QC-0005693,WO-001898,2025-08-15,M02,P01,Assembly mismatch,4,FAIL
QC-0005694,WO-001898,2025-08-15,M02,P01,Weld porosity,0,PASS
QC-0005695,WO-001899,2025-08-15,M03,P05,Material defect,6,FAIL
QC-0005696,WO-001899,2025-08-15,M03,P05,Cosmetic,5,FAIL
QC-0005697,WO-001899,2025-08-15,M03,P05,Assembly mismatch,4,FAIL
QC-0005698,WO-001900,2025-08-15,M03,P05,Material defect,3,FAIL
QC-0005699,WO-001900,2025-08-15,M03,P05,Assembly mismatch,3,FAIL
QC-0005700,WO-001900,2025-08-15,M03,P05,Surface finish,3,FAIL
QC-0005701,WO-001901,2025-08-15,M04,P04,Weld porosity,2,FAIL
QC-0005702,WO-001901,2025-08-15,M04,P04,Assembly mismatch,2,FAIL
QC-0005703,WO-001901,2025-08-15,M04,P04,Dimensional,1,FAIL
QC-0005704,WO-001902,2025-08-15,M04,P06,Weld porosity,5,FAIL
QC-0005705,WO-001902,2025-08-15,M04,P06,Assembly mismatch,1,FAIL
QC-0005706,WO-001902,2025-08-15,M04,P06,Material defect,0,PASS
QC-0005707,WO-001903,2025-08-15,M05,P01,Cosmetic,2,FAIL
QC-0005708,WO-001903,2025-08-15,M05,P01,Dimensional,2,FAIL
QC-0005709,WO-001903,2025-08-15,M05,P01,Weld porosity,1,FAIL
QC-0005710,WO-001904,2025-08-15,M05,P01,Material defect,3,FAIL
QC-0005711,WO-001904,2025-08-15,M05,P01,Surface finish,2,FAIL
QC-0005712,WO-001904,2025-08-15,M05,P01,Weld porosity,0,PASS
QC-0005713,WO-001905,2025-08-15,M06,P01,Material defect,5,FAIL
QC-0005714,WO-001905,2025-08-15,M06,P01,Surface finish,1,FAIL
QC-0005715,WO-001905,2025-08-15,M06,P01,Dimensional,1,FAIL
QC-0005716,WO-001906,2025-08-15,M06,P04,Dimensional,3,FAIL
QC-0005717,WO-001906,2025-08-15,M06,P04,Cosmetic,1,FAIL
QC-0005718,WO-001906,2025-08-15,M06,P04,Material defect,2,FAIL
QC-0005719,WO-001907,2025-08-18,M01,P02,Dimensional,2,FAIL
QC-0005720,WO-001907,2025-08-18,M01,P02,Cosmetic,3,FAIL
QC-0005721,WO-001907,2025-08-18,M01,P02,Material defect,1,FAIL
QC-0005722,WO-001908,2025-08-18,M01,P03,Dimensional,8,FAIL
QC-0005723,WO-001908,2025-08-18,M01,P03,Cosmetic,3,FAIL
QC-0005724,WO-001908,2025-08-18,M01,P03,Surface finish,0,PASS
QC-0005725,WO-001909,2025-08-18,M02,P05,Assembly mismatch,6,FAIL
QC-0005726,WO-001909,2025-08-18,M02,P05,Weld porosity,1,FAIL
QC-0005727,WO-001909,2025-08-18,M02,P05,Material defect,2,FAIL
QC-0005728,WO-001910,2025-08-18,M03,P01,Cosmetic,2,FAIL
QC-0005729,WO-001910,2025-08-18,M03,P01,Weld porosity,2,FAIL
QC-0005730,WO-001910,2025-08-18,M03,P01,Surface finish,1,FAIL
QC-0005731,WO-001911,2025-08-18,M03,P05,Weld porosity,8,FAIL
QC-0005732,WO-001911,2025-08-18,M03,P05,Cosmetic,1,FAIL
QC-0005733,WO-001911,2025-08-18,M03,P05,Surface finish,2,FAIL
QC-0005734,WO-001912,2025-08-18,M04,P06,Weld porosity,2,FAIL
QC-0005735,WO-001912,2025-08-18,M04,P06,Dimensional,2,FAIL
QC-0005736,WO-001912,2025-08-18,M04,P06,Assembly mismatch,2,FAIL
QC-0005737,WO-001913,2025-08-18,M04,P03,Weld porosity,6,FAIL
QC-0005738,WO-001913,2025-08-18,M04,P03,Cosmetic,4,FAIL
QC-0005739,WO-001913,2025-08-18,M04,P03,Material defect,0,PASS
QC-0005740,WO-001914,2025-08-18,M05,P04,Material defect,1,FAIL
QC-0005741,WO-001914,2025-08-18,M05,P04,Weld porosity,2,FAIL
QC-0005742,WO-001914,2025-08-18,M05,P04,Assembly mismatch,0,PASS
QC-0005743,WO-001915,2025-08-18,M05,P04,Surface finish,2,FAIL
QC-0005744,WO-001915,2025-08-18,M05,P04,Cosmetic,1,FAIL
QC-0005745,WO-001915,2025-08-18,M05,P04,Weld porosity,2,FAIL
QC-0005746,WO-001916,2025-08-18,M06,P06,Weld porosity,1,FAIL
QC-0005747,WO-001916,2025-08-18,M06,P06,Material defect,3,FAIL
QC-0005748,WO-001916,2025-08-18,M06,P06,Dimensional,1,FAIL
QC-0005749,WO-001917,2025-08-19,M01,P01,Material defect,2,FAIL
QC-0005750,WO-001917,2025-08-19,M01,P01,Assembly mismatch,2,FAIL
QC-0005751,WO-001917,2025-08-19,M01,P01,Cosmetic,1,FAIL
QC-0005752,WO-001918,2025-08-19,M01,P01,Assembly mismatch,2,FAIL
QC-0005753,WO-001918,2025-08-19,M01,P01,Weld porosity,1,FAIL
QC-0005754,WO-001918,2025-08-19,M01,P01,Surface finish,1,FAIL
QC-0005755,WO-001919,2025-08-19,M02,P05,Material defect,6,FAIL
QC-0005756,WO-001919,2025-08-19,M02,P05,Weld porosity,1,FAIL
QC-0005757,WO-001919,2025-08-19,M02,P05,Surface finish,2,FAIL
QC-0005758,WO-001920,2025-08-19,M02,P05,Material defect,3,FAIL
QC-0005759,WO-001920,2025-08-19,M02,P05,Dimensional,3,FAIL
QC-0005760,WO-001920,2025-08-19,M02,P05,Surface finish,1,FAIL
QC-0005761,WO-001921,2025-08-19,M03,P05,Assembly mismatch,4,FAIL
QC-0005762,WO-001921,2025-08-19,M03,P05,Cosmetic,5,FAIL
QC-0005763,WO-001921,2025-08-19,M03,P05,Weld porosity,1,FAIL
QC-0005764,WO-001922,2025-08-19,M03,P05,Surface finish,6,FAIL
QC-0005765,WO-001922,2025-08-19,M03,P05,Assembly mismatch,3,FAIL
QC-0005766,WO-001922,2025-08-19,M03,P05,Material defect,1,FAIL
QC-0005767,WO-001923,2025-08-19,M04,P03,Dimensional,7,FAIL
QC-0005768,WO-001923,2025-08-19,M04,P03,Assembly mismatch,2,FAIL
QC-0005769,WO-001923,2025-08-19,M04,P03,Weld porosity,2,FAIL
QC-0005770,WO-001924,2025-08-19,M04,P04,Material defect,5,FAIL
QC-0005771,WO-001924,2025-08-19,M04,P04,Weld porosity,0,PASS
QC-0005772,WO-001924,2025-08-19,M04,P04,Dimensional,0,PASS
QC-0005773,WO-001925,2025-08-19,M05,P05,Assembly mismatch,5,FAIL
QC-0005774,WO-001925,2025-08-19,M05,P05,Dimensional,3,FAIL
QC-0005775,WO-001925,2025-08-19,M05,P05,Material defect,1,FAIL
QC-0005776,WO-001926,2025-08-19,M06,P05,Assembly mismatch,5,FAIL
QC-0005777,WO-001926,2025-08-19,M06,P05,Material defect,4,FAIL
QC-0005778,WO-001926,2025-08-19,M06,P05,Weld porosity,1,FAIL
QC-0005779,WO-001927,2025-08-19,M06,P04,Material defect,2,FAIL
QC-0005780,WO-001927,2025-08-19,M06,P04,Surface finish,1,FAIL
QC-0005781,WO-001927,2025-08-19,M06,P04,Dimensional,1,FAIL
QC-0005782,WO-001928,2025-08-20,M01,P02,Cosmetic,3,FAIL
QC-0005783,WO-001928,2025-08-20,M01,P02,Assembly mismatch,2,FAIL
QC-0005784,WO-001928,2025-08-20,M01,P02,Dimensional,1,FAIL
QC-0005785,WO-001929,2025-08-20,M01,P02,Weld porosity,1,FAIL
QC-0005786,WO-001929,2025-08-20,M01,P02,Surface finish,4,FAIL
QC-0005787,WO-001929,2025-08-20,M01,P02,Dimensional,1,FAIL
QC-0005788,WO-001930,2025-08-20,M02,P05,Dimensional,2,FAIL
QC-0005789,WO-001930,2025-08-20,M02,P05,Surface finish,2,FAIL
QC-0005790,WO-001930,2025-08-20,M02,P05,Cosmetic,2,FAIL
QC-0005791,WO-001931,2025-08-20,M02,P02,Dimensional,3,FAIL
QC-0005792,WO-001931,2025-08-20,M02,P02,Assembly mismatch,2,FAIL
QC-0005793,WO-001931,2025-08-20,M02,P02,Weld porosity,0,PASS
QC-0005794,WO-001932,2025-08-20,M03,P01,Weld porosity,2,FAIL
QC-0005795,WO-001932,2025-08-20,M03,P01,Surface finish,2,FAIL
QC-0005796,WO-001932,2025-08-20,M03,P01,Material defect,0,PASS
QC-0005797,WO-001933,2025-08-20,M03,P05,Surface finish,4,FAIL
QC-0005798,WO-001933,2025-08-20,M03,P05,Cosmetic,2,FAIL
QC-0005799,WO-001933,2025-08-20,M03,P05,Weld porosity,2,FAIL
QC-0005800,WO-001934,2025-08-20,M04,P06,Cosmetic,2,FAIL
QC-0005801,WO-001934,2025-08-20,M04,P06,Assembly mismatch,2,FAIL
QC-0005802,WO-001934,2025-08-20,M04,P06,Weld porosity,2,FAIL
QC-0005803,WO-001935,2025-08-20,M04,P06,Weld porosity,3,FAIL
QC-0005804,WO-001935,2025-08-20,M04,P06,Assembly mismatch,2,FAIL
QC-0005805,WO-001935,2025-08-20,M04,P06,Dimensional,1,FAIL
QC-0005806,WO-001936,2025-08-20,M05,P06,Weld porosity,3,FAIL
QC-0005807,WO-001936,2025-08-20,M05,P06,Dimensional,1,FAIL
QC-0005808,WO-001936,2025-08-20,M05,P06,Surface finish,1,FAIL
QC-0005809,WO-001937,2025-08-20,M05,P01,Cosmetic,1,FAIL
QC-0005810,WO-001937,2025-08-20,M05,P01,Dimensional,3,FAIL
QC-0005811,WO-001937,2025-08-20,M05,P01,Surface finish,1,FAIL
QC-0005812,WO-001938,2025-08-20,M06,P01,Material defect,1,FAIL
QC-0005813,WO-001938,2025-08-20,M06,P01,Weld porosity,1,FAIL
QC-0005814,WO-001938,2025-08-20,M06,P01,Cosmetic,2,FAIL
QC-0005815,WO-001939,2025-08-20,M06,P06,Material defect,4,FAIL
QC-0005816,WO-001939,2025-08-20,M06,P06,Cosmetic,1,FAIL
QC-0005817,WO-001939,2025-08-20,M06,P06,Assembly mismatch,3,FAIL
QC-0005818,WO-001940,2025-08-21,M01,P02,Surface finish,2,FAIL
QC-0005819,WO-001940,2025-08-21,M01,P02,Assembly mismatch,2,FAIL
QC-0005820,WO-001940,2025-08-21,M01,P02,Cosmetic,0,PASS
QC-0005821,WO-001941,2025-08-21,M01,P01,Assembly mismatch,3,FAIL
QC-0005822,WO-001941,2025-08-21,M01,P01,Surface finish,0,PASS
QC-0005823,WO-001941,2025-08-21,M01,P01,Material defect,3,FAIL
QC-0005824,WO-001942,2025-08-21,M02,P05,Dimensional,7,FAIL
QC-0005825,WO-001942,2025-08-21,M02,P05,Assembly mismatch,0,PASS
QC-0005826,WO-001942,2025-08-21,M02,P05,Surface finish,2,FAIL
QC-0005827,WO-001943,2025-08-21,M02,P05,Weld porosity,5,FAIL
QC-0005828,WO-001943,2025-08-21,M02,P05,Surface finish,4,FAIL
QC-0005829,WO-001943,2025-08-21,M02,P05,Assembly mismatch,2,FAIL
QC-0005830,WO-001944,2025-08-21,M03,P03,Surface finish,4,FAIL
QC-0005831,WO-001944,2025-08-21,M03,P03,Material defect,2,FAIL
QC-0005832,WO-001944,2025-08-21,M03,P03,Weld porosity,2,FAIL
QC-0005833,WO-001945,2025-08-21,M03,P03,Cosmetic,5,FAIL
QC-0005834,WO-001945,2025-08-21,M03,P03,Material defect,2,FAIL
QC-0005835,WO-001945,2025-08-21,M03,P03,Dimensional,0,PASS
QC-0005836,WO-001946,2025-08-21,M04,P03,Surface finish,3,FAIL
QC-0005837,WO-001946,2025-08-21,M04,P03,Weld porosity,0,PASS
QC-0005838,WO-001946,2025-08-21,M04,P03,Dimensional,3,FAIL
QC-0005839,WO-001947,2025-08-21,M04,P06,Weld porosity,5,FAIL
QC-0005840,WO-001947,2025-08-21,M04,P06,Dimensional,0,PASS
QC-0005841,WO-001947,2025-08-21,M04,P06,Surface finish,1,FAIL
QC-0005842,WO-001948,2025-08-21,M05,P04,Surface finish,1,FAIL
QC-0005843,WO-001948,2025-08-21,M05,P04,Assembly mismatch,1,FAIL
QC-0005844,WO-001948,2025-08-21,M05,P04,Material defect,1,FAIL
QC-0005845,WO-001949,2025-08-21,M06,P06,Cosmetic,3,FAIL
QC-0005846,WO-001949,2025-08-21,M06,P06,Weld porosity,2,FAIL
QC-0005847,WO-001949,2025-08-21,M06,P06,Material defect,1,FAIL
QC-0005848,WO-001950,2025-08-22,M01,P02,Surface finish,3,FAIL
QC-0005849,WO-001950,2025-08-22,M01,P02,Assembly mismatch,1,FAIL
QC-0005850,WO-001950,2025-08-22,M01,P02,Material defect,1,FAIL
QC-0005851,WO-001951,2025-08-22,M01,P03,Cosmetic,3,FAIL
QC-0005852,WO-001951,2025-08-22,M01,P03,Weld porosity,2,FAIL
QC-0005853,WO-001951,2025-08-22,M01,P03,Material defect,0,PASS
QC-0005854,WO-001952,2025-08-22,M02,P02,Material defect,4,FAIL
QC-0005855,WO-001952,2025-08-22,M02,P02,Assembly mismatch,2,FAIL
QC-0005856,WO-001952,2025-08-22,M02,P02,Weld porosity,0,PASS
QC-0005857,WO-001953,2025-08-22,M02,P05,Surface finish,4,FAIL
QC-0005858,WO-001953,2025-08-22,M02,P05,Assembly mismatch,3,FAIL
QC-0005859,WO-001953,2025-08-22,M02,P05,Weld porosity,1,FAIL
QC-0005860,WO-001954,2025-08-22,M03,P03,Weld porosity,3,FAIL
QC-0005861,WO-001954,2025-08-22,M03,P03,Surface finish,1,FAIL
QC-0005862,WO-001954,2025-08-22,M03,P03,Material defect,2,FAIL
QC-0005863,WO-001955,2025-08-22,M03,P01,Material defect,5,FAIL
QC-0005864,WO-001955,2025-08-22,M03,P01,Weld porosity,0,PASS
QC-0005865,WO-001955,2025-08-22,M03,P01,Cosmetic,0,PASS
QC-0005866,WO-001956,2025-08-22,M04,P06,Weld porosity,4,FAIL
QC-0005867,WO-001956,2025-08-22,M04,P06,Dimensional,0,PASS
QC-0005868,WO-001956,2025-08-22,M04,P06,Surface finish,3,FAIL
QC-0005869,WO-001957,2025-08-22,M05,P01,Cosmetic,2,FAIL
QC-0005870,WO-001957,2025-08-22,M05,P01,Dimensional,1,FAIL
QC-0005871,WO-001957,2025-08-22,M05,P01,Surface finish,1,FAIL
QC-0005872,WO-001958,2025-08-22,M05,P01,Weld porosity,3,FAIL
QC-0005873,WO-001958,2025-08-22,M05,P01,Dimensional,1,FAIL
QC-0005874,WO-001958,2025-08-22,M05,P01,Material defect,1,FAIL
QC-0005875,WO-001959,2025-08-22,M06,P05,Surface finish,6,FAIL
QC-0005876,WO-001959,2025-08-22,M06,P05,Weld porosity,4,FAIL
QC-0005877,WO-001959,2025-08-22,M06,P05,Cosmetic,1,FAIL
QC-0005878,WO-001960,2025-08-22,M06,P04,Assembly mismatch,3,FAIL
QC-0005879,WO-001960,2025-08-22,M06,P04,Weld porosity,0,PASS
QC-0005880,WO-001960,2025-08-22,M06,P04,Material defect,2,FAIL
QC-0005881,WO-001961,2025-08-25,M01,P02,Material defect,4,FAIL
QC-0005882,WO-001961,2025-08-25,M01,P02,Assembly mismatch,2,FAIL
QC-0005883,WO-001961,2025-08-25,M01,P02,Weld porosity,0,PASS
QC-0005884,WO-001962,2025-08-25,M01,P03,Assembly mismatch,6,FAIL
QC-0005885,WO-001962,2025-08-25,M01,P03,Cosmetic,2,FAIL
QC-0005886,WO-001962,2025-08-25,M01,P03,Material defect,0,PASS
QC-0005887,WO-001963,2025-08-25,M02,P01,Weld porosity,5,FAIL
QC-0005888,WO-001963,2025-08-25,M02,P01,Assembly mismatch,1,FAIL
QC-0005889,WO-001963,2025-08-25,M02,P01,Surface finish,0,PASS
QC-0005890,WO-001964,2025-08-25,M02,P01,Dimensional,5,FAIL
QC-0005891,WO-001964,2025-08-25,M02,P01,Surface finish,0,PASS
QC-0005892,WO-001964,2025-08-25,M02,P01,Material defect,0,PASS
QC-0005893,WO-001965,2025-08-25,M03,P03,Assembly mismatch,4,FAIL
QC-0005894,WO-001965,2025-08-25,M03,P03,Dimensional,3,FAIL
QC-0005895,WO-001965,2025-08-25,M03,P03,Weld porosity,1,FAIL
QC-0005896,WO-001966,2025-08-25,M03,P01,Assembly mismatch,4,FAIL
QC-0005897,WO-001966,2025-08-25,M03,P01,Material defect,1,FAIL
QC-0005898,WO-001966,2025-08-25,M03,P01,Weld porosity,1,FAIL
QC-0005899,WO-001967,2025-08-25,M04,P06,Weld porosity,5,FAIL
QC-0005900,WO-001967,2025-08-25,M04,P06,Material defect,2,FAIL
QC-0005901,WO-001967,2025-08-25,M04,P06,Surface finish,0,PASS
QC-0005902,WO-001968,2025-08-25,M04,P04,Surface finish,4,FAIL
QC-0005903,WO-001968,2025-08-25,M04,P04,Weld porosity,1,FAIL
QC-0005904,WO-001968,2025-08-25,M04,P04,Assembly mismatch,0,PASS
QC-0005905,WO-001969,2025-08-25,M05,P05,Weld porosity,7,FAIL
QC-0005906,WO-001969,2025-08-25,M05,P05,Dimensional,2,FAIL
QC-0005907,WO-001969,2025-08-25,M05,P05,Material defect,1,FAIL
QC-0005908,WO-001970,2025-08-25,M05,P06,Surface finish,5,FAIL
QC-0005909,WO-001970,2025-08-25,M05,P06,Assembly mismatch,1,FAIL
QC-0005910,WO-001970,2025-08-25,M05,P06,Material defect,1,FAIL
QC-0005911,WO-001971,2025-08-25,M06,P06,Cosmetic,3,FAIL
QC-0005912,WO-001971,2025-08-25,M06,P06,Dimensional,4,FAIL
QC-0005913,WO-001971,2025-08-25,M06,P06,Assembly mismatch,0,PASS
QC-0005914,WO-001972,2025-08-25,M06,P06,Material defect,3,FAIL
QC-0005915,WO-001972,2025-08-25,M06,P06,Assembly mismatch,1,FAIL
QC-0005916,WO-001972,2025-08-25,M06,P06,Surface finish,3,FAIL
QC-0005917,WO-001973,2025-08-26,M01,P02,Cosmetic,3,FAIL
QC-0005918,WO-001973,2025-08-26,M01,P02,Weld porosity,0,PASS
QC-0005919,WO-001973,2025-08-26,M01,P02,Material defect,2,FAIL
QC-0005920,WO-001974,2025-08-26,M01,P03,Material defect,7,FAIL
QC-0005921,WO-001974,2025-08-26,M01,P03,Dimensional,0,PASS
QC-0005922,WO-001974,2025-08-26,M01,P03,Cosmetic,1,FAIL
QC-0005923,WO-001975,2025-08-26,M02,P02,Surface finish,4,FAIL
QC-0005924,WO-001975,2025-08-26,M02,P02,Cosmetic,0,PASS
QC-0005925,WO-001975,2025-08-26,M02,P02,Assembly mismatch,0,PASS
QC-0005926,WO-001976,2025-08-26,M02,P01,Assembly mismatch,2,FAIL
QC-0005927,WO-001976,2025-08-26,M02,P01,Weld porosity,1,FAIL
QC-0005928,WO-001976,2025-08-26,M02,P01,Surface finish,0,PASS
QC-0005929,WO-001977,2025-08-26,M03,P01,Assembly mismatch,2,FAIL
QC-0005930,WO-001977,2025-08-26,M03,P01,Weld porosity,3,FAIL
QC-0005931,WO-001977,2025-08-26,M03,P01,Surface finish,2,FAIL
QC-0005932,WO-001978,2025-08-26,M03,P03,Material defect,5,FAIL
QC-0005933,WO-001978,2025-08-26,M03,P03,Cosmetic,3,FAIL
QC-0005934,WO-001978,2025-08-26,M03,P03,Dimensional,0,PASS
QC-0005935,WO-001979,2025-08-26,M04,P06,Dimensional,2,FAIL
QC-0005936,WO-001979,2025-08-26,M04,P06,Weld porosity,3,FAIL
QC-0005937,WO-001979,2025-08-26,M04,P06,Material defect,0,PASS
QC-0005938,WO-001980,2025-08-26,M04,P06,Weld porosity,4,FAIL
QC-0005939,WO-001980,2025-08-26,M04,P06,Surface finish,1,FAIL
QC-0005940,WO-001980,2025-08-26,M04,P06,Material defect,1,FAIL
QC-0005941,WO-001981,2025-08-26,M05,P06,Weld porosity,4,FAIL
QC-0005942,WO-001981,2025-08-26,M05,P06,Assembly mismatch,2,FAIL
QC-0005943,WO-001981,2025-08-26,M05,P06,Surface finish,0,PASS
QC-0005944,WO-001982,2025-08-26,M06,P06,Dimensional,3,FAIL
QC-0005945,WO-001982,2025-08-26,M06,P06,Cosmetic,2,FAIL
QC-0005946,WO-001982,2025-08-26,M06,P06,Weld porosity,2,FAIL
QC-0005947,WO-001983,2025-08-26,M06,P04,Cosmetic,3,FAIL
QC-0005948,WO-001983,2025-08-26,M06,P04,Dimensional,1,FAIL
QC-0005949,WO-001983,2025-08-26,M06,P04,Assembly mismatch,2,FAIL
QC-0005950,WO-001984,2025-08-27,M01,P02,Surface finish,3,FAIL
QC-0005951,WO-001984,2025-08-27,M01,P02,Weld porosity,2,FAIL
QC-0005952,WO-001984,2025-08-27,M01,P02,Dimensional,0,PASS
QC-0005953,WO-001985,2025-08-27,M01,P01,Dimensional,3,FAIL
QC-0005954,WO-001985,2025-08-27,M01,P01,Assembly mismatch,3,FAIL
QC-0005955,WO-001985,2025-08-27,M01,P01,Cosmetic,0,PASS
QC-0005956,WO-001986,2025-08-27,M02,P05,Dimensional,6,FAIL
QC-0005957,WO-001986,2025-08-27,M02,P05,Weld porosity,2,FAIL
QC-0005958,WO-001986,2025-08-27,M02,P05,Surface finish,2,FAIL
QC-0005959,WO-001987,2025-08-27,M02,P02,Surface finish,2,FAIL
QC-0005960,WO-001987,2025-08-27,M02,P02,Dimensional,2,FAIL
QC-0005961,WO-001987,2025-08-27,M02,P02,Cosmetic,2,FAIL
QC-0005962,WO-001988,2025-08-27,M03,P03,Material defect,5,FAIL
QC-0005963,WO-001988,2025-08-27,M03,P03,Cosmetic,1,FAIL
QC-0005964,WO-001988,2025-08-27,M03,P03,Surface finish,0,PASS
QC-0005965,WO-001989,2025-08-27,M03,P01,Assembly mismatch,4,FAIL
QC-0005966,WO-001989,2025-08-27,M03,P01,Surface finish,0,PASS
QC-0005967,WO-001989,2025-08-27,M03,P01,Weld porosity,0,PASS
QC-0005968,WO-001990,2025-08-27,M04,P04,Weld porosity,3,FAIL
QC-0005969,WO-001990,2025-08-27,M04,P04,Surface finish,2,FAIL
QC-0005970,WO-001990,2025-08-27,M04,P04,Material defect,1,FAIL
QC-0005971,WO-001991,2025-08-27,M04,P06,Cosmetic,5,FAIL
QC-0005972,WO-001991,2025-08-27,M04,P06,Material defect,1,FAIL
QC-0005973,WO-001991,2025-08-27,M04,P06,Weld porosity,0,PASS
QC-0005974,WO-001992,2025-08-27,M05,P05,Material defect,4,FAIL
QC-0005975,WO-001992,2025-08-27,M05,P05,Weld porosity,4,FAIL
QC-0005976,WO-001992,2025-08-27,M05,P05,Assembly mismatch,3,FAIL
QC-0005977,WO-001993,2025-08-27,M05,P04,Cosmetic,3,FAIL
QC-0005978,WO-001993,2025-08-27,M05,P04,Surface finish,0,PASS
QC-0005979,WO-001993,2025-08-27,M05,P04,Assembly mismatch,1,FAIL
QC-0005980,WO-001994,2025-08-27,M06,P04,Material defect,1,FAIL
QC-0005981,WO-001994,2025-08-27,M06,P04,Weld porosity,3,FAIL
QC-0005982,WO-001994,2025-08-27,M06,P04,Dimensional,1,FAIL
QC-0005983,WO-001995,2025-08-27,M06,P05,Dimensional,7,FAIL
QC-0005984,WO-001995,2025-08-27,M06,P05,Assembly mismatch,1,FAIL
QC-0005985,WO-001995,2025-08-27,M06,P05,Cosmetic,0,PASS
QC-0005986,WO-001996,2025-08-28,M01,P01,Weld porosity,2,FAIL
QC-0005987,WO-001996,2025-08-28,M01,P01,Surface finish,2,FAIL
QC-0005988,WO-001996,2025-08-28,M01,P01,Assembly mismatch,2,FAIL
QC-0005989,WO-001997,2025-08-28,M01,P03,Surface finish,5,FAIL
QC-0005990,WO-001997,2025-08-28,M01,P03,Material defect,3,FAIL
QC-0005991,WO-001997,2025-08-28,M01,P03,Cosmetic,1,FAIL
QC-0005992,WO-001998,2025-08-28,M02,P05,Surface finish,6,FAIL
QC-0005993,WO-001998,2025-08-28,M02,P05,Weld porosity,3,FAIL
QC-0005994,WO-001998,2025-08-28,M02,P05,Cosmetic,1,FAIL
QC-0005995,WO-001999,2025-08-28,M02,P02,Surface finish,4,FAIL
QC-0005996,WO-001999,2025-08-28,M02,P02,Cosmetic,2,FAIL
QC-0005997,WO-001999,2025-08-28,M02,P02,Dimensional,0,PASS
QC-0005998,WO-002000,2025-08-28,M03,P03,Assembly mismatch,5,FAIL
QC-0005999,WO-002000,2025-08-28,M03,P03,Material defect,1,FAIL
QC-0006000,WO-002000,2025-08-28,M03,P03,Dimensional,1,FAIL
QC-0006001,WO-002001,2025-08-28,M03,P03,Assembly mismatch,3,FAIL
QC-0006002,WO-002001,2025-08-28,M03,P03,Material defect,2,FAIL
QC-0006003,WO-002001,2025-08-28,M03,P03,Dimensional,3,FAIL
QC-0006004,WO-002002,2025-08-28,M04,P04,Weld porosity,3,FAIL
QC-0006005,WO-002002,2025-08-28,M04,P04,Surface finish,3,FAIL
QC-0006006,WO-002002,2025-08-28,M04,P04,Material defect,0,PASS
QC-0006007,WO-002003,2025-08-28,M04,P04,Weld porosity,3,FAIL
QC-0006008,WO-002003,2025-08-28,M04,P04,Dimensional,2,FAIL
QC-0006009,WO-002003,2025-08-28,M04,P04,Cosmetic,1,FAIL
QC-0006010,WO-002004,2025-08-28,M05,P04,Dimensional,4,FAIL
QC-0006011,WO-002004,2025-08-28,M05,P04,Surface finish,0,PASS
QC-0006012,WO-002004,2025-08-28,M05,P04,Cosmetic,0,PASS
QC-0006013,WO-002005,2025-08-28,M06,P01,Dimensional,6,FAIL
QC-0006014,WO-002005,2025-08-28,M06,P01,Cosmetic,0,PASS
QC-0006015,WO-002005,2025-08-28,M06,P01,Assembly mismatch,0,PASS
QC-0006016,WO-002006,2025-08-28,M06,P01,Assembly mismatch,1,FAIL
QC-0006017,WO-002006,2025-08-28,M06,P01,Surface finish,2,FAIL
QC-0006018,WO-002006,2025-08-28,M06,P01,Cosmetic,2,FAIL
QC-0006019,WO-002007,2025-08-29,M01,P03,Surface finish,2,FAIL
QC-0006020,WO-002007,2025-08-29,M01,P03,Assembly mismatch,2,FAIL
QC-0006021,WO-002007,2025-08-29,M01,P03,Dimensional,2,FAIL
QC-0006022,WO-002008,2025-08-29,M01,P03,Surface finish,4,FAIL
QC-0006023,WO-002008,2025-08-29,M01,P03,Material defect,4,FAIL
QC-0006024,WO-002008,2025-08-29,M01,P03,Weld porosity,0,PASS
QC-0006025,WO-002009,2025-08-29,M02,P05,Dimensional,4,FAIL
QC-0006026,WO-002009,2025-08-29,M02,P05,Assembly mismatch,2,FAIL
QC-0006027,WO-002009,2025-08-29,M02,P05,Cosmetic,2,FAIL
QC-0006028,WO-002010,2025-08-29,M02,P05,Material defect,7,FAIL
QC-0006029,WO-002010,2025-08-29,M02,P05,Weld porosity,1,FAIL
QC-0006030,WO-002010,2025-08-29,M02,P05,Surface finish,4,FAIL
QC-0006031,WO-002011,2025-08-29,M03,P03,Assembly mismatch,9,FAIL
QC-0006032,WO-002011,2025-08-29,M03,P03,Material defect,1,FAIL
QC-0006033,WO-002011,2025-08-29,M03,P03,Weld porosity,1,FAIL
QC-0006034,WO-002012,2025-08-29,M03,P01,Cosmetic,5,FAIL
QC-0006035,WO-002012,2025-08-29,M03,P01,Dimensional,1,FAIL
QC-0006036,WO-002012,2025-08-29,M03,P01,Material defect,2,FAIL
QC-0006037,WO-002013,2025-08-29,M04,P03,Weld porosity,8,FAIL
QC-0006038,WO-002013,2025-08-29,M04,P03,Assembly mismatch,1,FAIL
QC-0006039,WO-002013,2025-08-29,M04,P03,Dimensional,1,FAIL
QC-0006040,WO-002014,2025-08-29,M04,P04,Assembly mismatch,3,FAIL
QC-0006041,WO-002014,2025-08-29,M04,P04,Material defect,2,FAIL
QC-0006042,WO-002014,2025-08-29,M04,P04,Weld porosity,1,FAIL
QC-0006043,WO-002015,2025-08-29,M05,P04,Dimensional,4,FAIL
QC-0006044,WO-002015,2025-08-29,M05,P04,Surface finish,0,PASS
QC-0006045,WO-002015,2025-08-29,M05,P04,Material defect,0,PASS
QC-0006046,WO-002016,2025-08-29,M05,P06,Material defect,3,FAIL
QC-0006047,WO-002016,2025-08-29,M05,P06,Weld porosity,3,FAIL
QC-0006048,WO-002016,2025-08-29,M05,P06,Dimensional,1,FAIL
QC-0006049,WO-002017,2025-08-29,M06,P01,Surface finish,3,FAIL
QC-0006050,WO-002017,2025-08-29,M06,P01,Material defect,0,PASS
QC-0006051,WO-002017,2025-08-29,M06,P01,Weld porosity,0,PASS
QC-0006052,WO-002018,2025-08-29,M06,P06,Weld porosity,1,FAIL
QC-0006053,WO-002018,2025-08-29,M06,P06,Material defect,2,FAIL
QC-0006054,WO-002018,2025-08-29,M06,P06,Surface finish,2,FAIL
QC-0006055,WO-002019,2025-09-01,M01,P02,Cosmetic,3,FAIL
QC-0006056,WO-002019,2025-09-01,M01,P02,Dimensional,2,FAIL
QC-0006057,WO-002019,2025-09-01,M01,P02,Surface finish,1,FAIL
QC-0006058,WO-002020,2025-09-01,M01,P01,Surface finish,3,FAIL
QC-0006059,WO-002020,2025-09-01,M01,P01,Cosmetic,1,FAIL
QC-0006060,WO-002020,2025-09-01,M01,P01,Material defect,0,PASS
QC-0006061,WO-002021,2025-09-01,M02,P01,Assembly mismatch,4,FAIL
QC-0006062,WO-002021,2025-09-01,M02,P01,Weld porosity,2,FAIL
QC-0006063,WO-002021,2025-09-01,M02,P01,Surface finish,1,FAIL
QC-0006064,WO-002022,2025-09-01,M02,P01,Cosmetic,5,FAIL
QC-0006065,WO-002022,2025-09-01,M02,P01,Assembly mismatch,1,FAIL
QC-0006066,WO-002022,2025-09-01,M02,P01,Dimensional,0,PASS
QC-0006067,WO-002023,2025-09-01,M03,P01,Surface finish,3,FAIL
QC-0006068,WO-002023,2025-09-01,M03,P01,Material defect,3,FAIL
QC-0006069,WO-002023,2025-09-01,M03,P01,Cosmetic,1,FAIL
QC-0006070,WO-002024,2025-09-01,M03,P03,Weld porosity,4,FAIL
QC-0006071,WO-002024,2025-09-01,M03,P03,Assembly mismatch,2,FAIL
QC-0006072,WO-002024,2025-09-01,M03,P03,Dimensional,0,PASS
QC-0006073,WO-002025,2025-09-01,M04,P06,Weld porosity,3,FAIL
QC-0006074,WO-002025,2025-09-01,M04,P06,Assembly mismatch,2,FAIL
QC-0006075,WO-002025,2025-09-01,M04,P06,Material defect,1,FAIL
QC-0006076,WO-002026,2025-09-01,M04,P06,Assembly mismatch,5,FAIL
QC-0006077,WO-002026,2025-09-01,M04,P06,Weld porosity,1,FAIL
QC-0006078,WO-002026,2025-09-01,M04,P06,Material defect,0,PASS
QC-0006079,WO-002027,2025-09-01,M05,P05,Assembly mismatch,3,FAIL
QC-0006080,WO-002027,2025-09-01,M05,P05,Surface finish,3,FAIL
QC-0006081,WO-002027,2025-09-01,M05,P05,Weld porosity,2,FAIL
QC-0006082,WO-002028,2025-09-01,M05,P04,Material defect,2,FAIL
QC-0006083,WO-002028,2025-09-01,M05,P04,Cosmetic,2,FAIL
QC-0006084,WO-002028,2025-09-01,M05,P04,Weld porosity,2,FAIL
QC-0006085,WO-002029,2025-09-01,M06,P01,Material defect,2,FAIL
QC-0006086,WO-002029,2025-09-01,M06,P01,Weld porosity,1,FAIL
QC-0006087,WO-002029,2025-09-01,M06,P01,Surface finish,1,FAIL
QC-0006088,WO-002030,2025-09-01,M06,P04,Material defect,3,FAIL
QC-0006089,WO-002030,2025-09-01,M06,P04,Weld porosity,1,FAIL
QC-0006090,WO-002030,2025-09-01,M06,P04,Assembly mismatch,1,FAIL
QC-0006091,WO-002031,2025-09-02,M01,P01,Cosmetic,1,FAIL
QC-0006092,WO-002031,2025-09-02,M01,P01,Weld porosity,0,PASS
QC-0006093,WO-002031,2025-09-02,M01,P01,Dimensional,3,FAIL
QC-0006094,WO-002032,2025-09-02,M01,P01,Assembly mismatch,5,FAIL
QC-0006095,WO-002032,2025-09-02,M01,P01,Weld porosity,0,PASS
QC-0006096,WO-002032,2025-09-02,M01,P01,Cosmetic,0,PASS
QC-0006097,WO-002033,2025-09-02,M02,P01,Material defect,2,FAIL
QC-0006098,WO-002033,2025-09-02,M02,P01,Dimensional,3,FAIL
QC-0006099,WO-002033,2025-09-02,M02,P01,Surface finish,0,PASS
QC-0006100,WO-002034,2025-09-02,M03,P03,Assembly mismatch,5,FAIL
QC-0006101,WO-002034,2025-09-02,M03,P03,Weld porosity,2,FAIL
QC-0006102,WO-002034,2025-09-02,M03,P03,Surface finish,3,FAIL
QC-0006103,WO-002035,2025-09-02,M03,P03,Cosmetic,6,FAIL
QC-0006104,WO-002035,2025-09-02,M03,P03,Assembly mismatch,1,FAIL
QC-0006105,WO-002035,2025-09-02,M03,P03,Dimensional,1,FAIL
QC-0006106,WO-002036,2025-09-02,M04,P03,Weld porosity,6,FAIL
QC-0006107,WO-002036,2025-09-02,M04,P03,Assembly mismatch,1,FAIL
QC-0006108,WO-002036,2025-09-02,M04,P03,Dimensional,1,FAIL
QC-0006109,WO-002037,2025-09-02,M04,P03,Weld porosity,5,FAIL
QC-0006110,WO-002037,2025-09-02,M04,P03,Material defect,2,FAIL
QC-0006111,WO-002037,2025-09-02,M04,P03,Surface finish,2,FAIL
QC-0006112,WO-002038,2025-09-02,M05,P05,Cosmetic,9,FAIL
QC-0006113,WO-002038,2025-09-02,M05,P05,Dimensional,2,FAIL
QC-0006114,WO-002038,2025-09-02,M05,P05,Assembly mismatch,0,PASS
QC-0006115,WO-002039,2025-09-02,M05,P06,Assembly mismatch,4,FAIL
QC-0006116,WO-002039,2025-09-02,M05,P06,Material defect,1,FAIL
QC-0006117,WO-002039,2025-09-02,M05,P06,Cosmetic,1,FAIL
QC-0006118,WO-002040,2025-09-02,M06,P05,Surface finish,6,FAIL
QC-0006119,WO-002040,2025-09-02,M06,P05,Material defect,4,FAIL
QC-0006120,WO-002040,2025-09-02,M06,P05,Assembly mismatch,2,FAIL
QC-0006121,WO-002041,2025-09-02,M06,P05,Weld porosity,5,FAIL
QC-0006122,WO-002041,2025-09-02,M06,P05,Material defect,3,FAIL
QC-0006123,WO-002041,2025-09-02,M06,P05,Cosmetic,1,FAIL
QC-0006124,WO-002042,2025-09-03,M01,P02,Surface finish,4,FAIL
QC-0006125,WO-002042,2025-09-03,M01,P02,Weld porosity,4,FAIL
QC-0006126,WO-002042,2025-09-03,M01,P02,Assembly mismatch,1,FAIL
QC-0006127,WO-002043,2025-09-03,M01,P01,Cosmetic,3,FAIL
QC-0006128,WO-002043,2025-09-03,M01,P01,Assembly mismatch,1,FAIL
QC-0006129,WO-002043,2025-09-03,M01,P01,Surface finish,1,FAIL
QC-0006130,WO-002044,2025-09-03,M02,P02,Cosmetic,3,FAIL
QC-0006131,WO-002044,2025-09-03,M02,P02,Weld porosity,3,FAIL
QC-0006132,WO-002044,2025-09-03,M02,P02,Dimensional,1,FAIL
QC-0006133,WO-002045,2025-09-03,M02,P05,Dimensional,4,FAIL
QC-0006134,WO-002045,2025-09-03,M02,P05,Weld porosity,3,FAIL
QC-0006135,WO-002045,2025-09-03,M02,P05,Assembly mismatch,3,FAIL
QC-0006136,WO-002046,2025-09-03,M03,P03,Cosmetic,6,FAIL
QC-0006137,WO-002046,2025-09-03,M03,P03,Surface finish,3,FAIL
QC-0006138,WO-002046,2025-09-03,M03,P03,Assembly mismatch,0,PASS
QC-0006139,WO-002047,2025-09-03,M03,P01,Material defect,5,FAIL
QC-0006140,WO-002047,2025-09-03,M03,P01,Assembly mismatch,1,FAIL
QC-0006141,WO-002047,2025-09-03,M03,P01,Cosmetic,1,FAIL
QC-0006142,WO-002048,2025-09-03,M04,P04,Weld porosity,2,FAIL
QC-0006143,WO-002048,2025-09-03,M04,P04,Surface finish,2,FAIL
QC-0006144,WO-002048,2025-09-03,M04,P04,Cosmetic,2,FAIL
QC-0006145,WO-002049,2025-09-03,M04,P03,Weld porosity,11,FAIL
QC-0006146,WO-002049,2025-09-03,M04,P03,Surface finish,1,FAIL
QC-0006147,WO-002049,2025-09-03,M04,P03,Material defect,3,FAIL
QC-0006148,WO-002050,2025-09-03,M05,P06,Surface finish,2,FAIL
QC-0006149,WO-002050,2025-09-03,M05,P06,Weld porosity,3,FAIL
QC-0006150,WO-002050,2025-09-03,M05,P06,Material defect,1,FAIL
QC-0006151,WO-002051,2025-09-03,M05,P01,Material defect,4,FAIL
QC-0006152,WO-002051,2025-09-03,M05,P01,Assembly mismatch,0,PASS
QC-0006153,WO-002051,2025-09-03,M05,P01,Weld porosity,2,FAIL
QC-0006154,WO-002052,2025-09-03,M06,P01,Assembly mismatch,3,FAIL
QC-0006155,WO-002052,2025-09-03,M06,P01,Weld porosity,1,FAIL
QC-0006156,WO-002052,2025-09-03,M06,P01,Cosmetic,1,FAIL
QC-0006157,WO-002053,2025-09-03,M06,P05,Cosmetic,5,FAIL
QC-0006158,WO-002053,2025-09-03,M06,P05,Dimensional,2,FAIL
QC-0006159,WO-002053,2025-09-03,M06,P05,Material defect,1,FAIL
QC-0006160,WO-002054,2025-09-04,M01,P01,Material defect,5,FAIL
QC-0006161,WO-002054,2025-09-04,M01,P01,Cosmetic,1,FAIL
QC-0006162,WO-002054,2025-09-04,M01,P01,Assembly mismatch,2,FAIL
QC-0006163,WO-002055,2025-09-04,M01,P01,Dimensional,4,FAIL
QC-0006164,WO-002055,2025-09-04,M01,P01,Weld porosity,2,FAIL
QC-0006165,WO-002055,2025-09-04,M01,P01,Cosmetic,0,PASS
QC-0006166,WO-002056,2025-09-04,M02,P02,Cosmetic,5,FAIL
QC-0006167,WO-002056,2025-09-04,M02,P02,Assembly mismatch,2,FAIL
QC-0006168,WO-002056,2025-09-04,M02,P02,Surface finish,0,PASS
QC-0006169,WO-002057,2025-09-04,M02,P02,Surface finish,0,PASS
QC-0006170,WO-002057,2025-09-04,M02,P02,Cosmetic,1,FAIL
QC-0006171,WO-002057,2025-09-04,M02,P02,Weld porosity,2,FAIL
QC-0006172,WO-002058,2025-09-04,M03,P01,Assembly mismatch,2,FAIL
QC-0006173,WO-002058,2025-09-04,M03,P01,Cosmetic,1,FAIL
QC-0006174,WO-002058,2025-09-04,M03,P01,Weld porosity,1,FAIL
QC-0006175,WO-002059,2025-09-04,M03,P05,Weld porosity,8,FAIL
QC-0006176,WO-002059,2025-09-04,M03,P05,Dimensional,2,FAIL
QC-0006177,WO-002059,2025-09-04,M03,P05,Assembly mismatch,1,FAIL
QC-0006178,WO-002060,2025-09-04,M04,P06,Weld porosity,3,FAIL
QC-0006179,WO-002060,2025-09-04,M04,P06,Dimensional,1,FAIL
QC-0006180,WO-002060,2025-09-04,M04,P06,Surface finish,2,FAIL
QC-0006181,WO-002061,2025-09-04,M04,P04,Weld porosity,2,FAIL
QC-0006182,WO-002061,2025-09-04,M04,P04,Dimensional,2,FAIL
QC-0006183,WO-002061,2025-09-04,M04,P04,Material defect,0,PASS
QC-0006184,WO-002062,2025-09-04,M05,P01,Material defect,2,FAIL
QC-0006185,WO-002062,2025-09-04,M05,P01,Surface finish,3,FAIL
QC-0006186,WO-002062,2025-09-04,M05,P01,Dimensional,0,PASS
QC-0006187,WO-002063,2025-09-04,M05,P06,Weld porosity,3,FAIL
QC-0006188,WO-002063,2025-09-04,M05,P06,Surface finish,2,FAIL
QC-0006189,WO-002063,2025-09-04,M05,P06,Dimensional,1,FAIL
QC-0006190,WO-002064,2025-09-04,M06,P01,Material defect,1,FAIL
QC-0006191,WO-002064,2025-09-04,M06,P01,Weld porosity,2,FAIL
QC-0006192,WO-002064,2025-09-04,M06,P01,Cosmetic,0,PASS
QC-0006193,WO-002065,2025-09-04,M06,P01,Weld porosity,5,FAIL
QC-0006194,WO-002065,2025-09-04,M06,P01,Dimensional,1,FAIL
QC-0006195,WO-002065,2025-09-04,M06,P01,Material defect,1,FAIL
QC-0006196,WO-002066,2025-09-05,M01,P03,Weld porosity,2,FAIL
QC-0006197,WO-002066,2025-09-05,M01,P03,Cosmetic,0,PASS
QC-0006198,WO-002066,2025-09-05,M01,P03,Material defect,0,PASS
QC-0006199,WO-002067,2025-09-05,M01,P02,Surface finish,1,FAIL
QC-0006200,WO-002067,2025-09-05,M01,P02,Assembly mismatch,3,FAIL
QC-0006201,WO-002067,2025-09-05,M01,P02,Cosmetic,1,FAIL
QC-0006202,WO-002068,2025-09-05,M02,P05,Assembly mismatch,5,FAIL
QC-0006203,WO-002068,2025-09-05,M02,P05,Weld porosity,2,FAIL
QC-0006204,WO-002068,2025-09-05,M02,P05,Dimensional,2,FAIL
QC-0006205,WO-002069,2025-09-05,M02,P01,Material defect,2,FAIL
QC-0006206,WO-002069,2025-09-05,M02,P01,Cosmetic,1,FAIL
QC-0006207,WO-002069,2025-09-05,M02,P01,Weld porosity,3,FAIL
QC-0006208,WO-002070,2025-09-05,M03,P03,Assembly mismatch,5,FAIL
QC-0006209,WO-002070,2025-09-05,M03,P03,Surface finish,0,PASS
QC-0006210,WO-002070,2025-09-05,M03,P03,Material defect,0,PASS
QC-0006211,WO-002071,2025-09-05,M03,P01,Weld porosity,3,FAIL
QC-0006212,WO-002071,2025-09-05,M03,P01,Dimensional,1,FAIL
QC-0006213,WO-002071,2025-09-05,M03,P01,Surface finish,2,FAIL
QC-0006214,WO-002072,2025-09-05,M04,P04,Weld porosity,2,FAIL
QC-0006215,WO-002072,2025-09-05,M04,P04,Surface finish,0,PASS
QC-0006216,WO-002072,2025-09-05,M04,P04,Material defect,3,FAIL
QC-0006217,WO-002073,2025-09-05,M04,P03,Weld porosity,6,FAIL
QC-0006218,WO-002073,2025-09-05,M04,P03,Dimensional,2,FAIL
QC-0006219,WO-002073,2025-09-05,M04,P03,Surface finish,1,FAIL
QC-0006220,WO-002074,2025-09-05,M05,P01,Cosmetic,3,FAIL
QC-0006221,WO-002074,2025-09-05,M05,P01,Assembly mismatch,2,FAIL
QC-0006222,WO-002074,2025-09-05,M05,P01,Dimensional,0,PASS
QC-0006223,WO-002075,2025-09-05,M05,P01,Weld porosity,2,FAIL
QC-0006224,WO-002075,2025-09-05,M05,P01,Assembly mismatch,2,FAIL
QC-0006225,WO-002075,2025-09-05,M05,P01,Dimensional,1,FAIL
QC-0006226,WO-002076,2025-09-05,M06,P01,Assembly mismatch,2,FAIL
QC-0006227,WO-002076,2025-09-05,M06,P01,Cosmetic,1,FAIL
QC-0006228,WO-002076,2025-09-05,M06,P01,Dimensional,2,FAIL
QC-0006229,WO-002077,2025-09-05,M06,P05,Weld porosity,7,FAIL
QC-0006230,WO-002077,2025-09-05,M06,P05,Cosmetic,3,FAIL
QC-0006231,WO-002077,2025-09-05,M06,P05,Dimensional,0,PASS
QC-0006232,WO-002078,2025-09-08,M01,P02,Dimensional,4,FAIL
QC-0006233,WO-002078,2025-09-08,M01,P02,Assembly mismatch,0,PASS
QC-0006234,WO-002078,2025-09-08,M01,P02,Material defect,0,PASS
QC-0006235,WO-002079,2025-09-08,M01,P01,Material defect,2,FAIL
QC-0006236,WO-002079,2025-09-08,M01,P01,Cosmetic,1,FAIL
QC-0006237,WO-002079,2025-09-08,M01,P01,Dimensional,1,FAIL
QC-0006238,WO-002080,2025-09-08,M02,P01,Dimensional,3,FAIL
QC-0006239,WO-002080,2025-09-08,M02,P01,Weld porosity,2,FAIL
QC-0006240,WO-002080,2025-09-08,M02,P01,Surface finish,0,PASS
QC-0006241,WO-002081,2025-09-08,M02,P05,Material defect,6,FAIL
QC-0006242,WO-002081,2025-09-08,M02,P05,Assembly mismatch,2,FAIL
QC-0006243,WO-002081,2025-09-08,M02,P05,Weld porosity,0,PASS
QC-0006244,WO-002082,2025-09-08,M03,P03,Weld porosity,3,FAIL
QC-0006245,WO-002082,2025-09-08,M03,P03,Surface finish,3,FAIL
QC-0006246,WO-002082,2025-09-08,M03,P03,Assembly mismatch,1,FAIL
QC-0006247,WO-002083,2025-09-08,M03,P03,Weld porosity,2,FAIL
QC-0006248,WO-002083,2025-09-08,M03,P03,Dimensional,3,FAIL
QC-0006249,WO-002083,2025-09-08,M03,P03,Cosmetic,1,FAIL
QC-0006250,WO-002084,2025-09-08,M04,P04,Surface finish,2,FAIL
QC-0006251,WO-002084,2025-09-08,M04,P04,Weld porosity,3,FAIL
QC-0006252,WO-002084,2025-09-08,M04,P04,Assembly mismatch,1,FAIL
QC-0006253,WO-002085,2025-09-08,M04,P06,Weld porosity,4,FAIL
QC-0006254,WO-002085,2025-09-08,M04,P06,Cosmetic,2,FAIL
QC-0006255,WO-002085,2025-09-08,M04,P06,Assembly mismatch,0,PASS
QC-0006256,WO-002086,2025-09-08,M05,P04,Dimensional,2,FAIL
QC-0006257,WO-002086,2025-09-08,M05,P04,Weld porosity,3,FAIL
QC-0006258,WO-002086,2025-09-08,M05,P04,Surface finish,0,PASS
QC-0006259,WO-002087,2025-09-08,M05,P06,Cosmetic,3,FAIL
QC-0006260,WO-002087,2025-09-08,M05,P06,Dimensional,3,FAIL
QC-0006261,WO-002087,2025-09-08,M05,P06,Material defect,0,PASS
QC-0006262,WO-002088,2025-09-08,M06,P05,Surface finish,4,FAIL
QC-0006263,WO-002088,2025-09-08,M06,P05,Cosmetic,2,FAIL
QC-0006264,WO-002088,2025-09-08,M06,P05,Weld porosity,2,FAIL
QC-0006265,WO-002089,2025-09-08,M06,P01,Weld porosity,3,FAIL
QC-0006266,WO-002089,2025-09-08,M06,P01,Material defect,2,FAIL
QC-0006267,WO-002089,2025-09-08,M06,P01,Surface finish,2,FAIL
QC-0006268,WO-002090,2025-09-09,M01,P01,Weld porosity,3,FAIL
QC-0006269,WO-002090,2025-09-09,M01,P01,Dimensional,1,FAIL
QC-0006270,WO-002090,2025-09-09,M01,P01,Surface finish,0,PASS
QC-0006271,WO-002091,2025-09-09,M02,P01,Assembly mismatch,3,FAIL
QC-0006272,WO-002091,2025-09-09,M02,P01,Dimensional,2,FAIL
QC-0006273,WO-002091,2025-09-09,M02,P01,Cosmetic,0,PASS
QC-0006274,WO-002092,2025-09-09,M02,P05,Dimensional,7,FAIL
QC-0006275,WO-002092,2025-09-09,M02,P05,Assembly mismatch,1,FAIL
QC-0006276,WO-002092,2025-09-09,M02,P05,Surface finish,4,FAIL
QC-0006277,WO-002093,2025-09-09,M03,P01,Surface finish,4,FAIL
QC-0006278,WO-002093,2025-09-09,M03,P01,Cosmetic,3,FAIL
QC-0006279,WO-002093,2025-09-09,M03,P01,Weld porosity,1,FAIL
QC-0006280,WO-002094,2025-09-09,M03,P01,Weld porosity,6,FAIL
QC-0006281,WO-002094,2025-09-09,M03,P01,Dimensional,1,FAIL
QC-0006282,WO-002094,2025-09-09,M03,P01,Surface finish,0,PASS
QC-0006283,WO-002095,2025-09-09,M04,P06,Surface finish,4,FAIL
QC-0006284,WO-002095,2025-09-09,M04,P06,Weld porosity,2,FAIL
QC-0006285,WO-002095,2025-09-09,M04,P06,Material defect,0,PASS
QC-0006286,WO-002096,2025-09-09,M04,P06,Weld porosity,7,FAIL
QC-0006287,WO-002096,2025-09-09,M04,P06,Dimensional,0,PASS
QC-0006288,WO-002096,2025-09-09,M04,P06,Surface finish,0,PASS
QC-0006289,WO-002097,2025-09-09,M05,P04,Material defect,0,PASS
QC-0006290,WO-002097,2025-09-09,M05,P04,Dimensional,3,FAIL
QC-0006291,WO-002097,2025-09-09,M05,P04,Weld porosity,1,FAIL
QC-0006292,WO-002098,2025-09-09,M05,P01,Surface finish,2,FAIL
QC-0006293,WO-002098,2025-09-09,M05,P01,Dimensional,2,FAIL
QC-0006294,WO-002098,2025-09-09,M05,P01,Weld porosity,2,FAIL
QC-0006295,WO-002099,2025-09-09,M06,P05,Dimensional,5,FAIL
QC-0006296,WO-002099,2025-09-09,M06,P05,Surface finish,0,PASS
QC-0006297,WO-002099,2025-09-09,M06,P05,Weld porosity,0,PASS
QC-0006298,WO-002100,2025-09-09,M06,P01,Material defect,2,FAIL
QC-0006299,WO-002100,2025-09-09,M06,P01,Cosmetic,3,FAIL
QC-0006300,WO-002100,2025-09-09,M06,P01,Assembly mismatch,1,FAIL
QC-0006301,WO-002101,2025-09-10,M01,P03,Cosmetic,5,FAIL
QC-0006302,WO-002101,2025-09-10,M01,P03,Surface finish,2,FAIL
QC-0006303,WO-002101,2025-09-10,M01,P03,Assembly mismatch,1,FAIL
QC-0006304,WO-002102,2025-09-10,M01,P01,Dimensional,3,FAIL
QC-0006305,WO-002102,2025-09-10,M01,P01,Material defect,2,FAIL
QC-0006306,WO-002102,2025-09-10,M01,P01,Cosmetic,1,FAIL
QC-0006307,WO-002103,2025-09-10,M02,P02,Cosmetic,1,FAIL
QC-0006308,WO-002103,2025-09-10,M02,P02,Assembly mismatch,4,FAIL
QC-0006309,WO-002103,2025-09-10,M02,P02,Weld porosity,0,PASS
QC-0006310,WO-002104,2025-09-10,M02,P05,Dimensional,5,FAIL
QC-0006311,WO-002104,2025-09-10,M02,P05,Material defect,2,FAIL
QC-0006312,WO-002104,2025-09-10,M02,P05,Surface finish,3,FAIL
QC-0006313,WO-002105,2025-09-10,M03,P03,Weld porosity,4,FAIL
QC-0006314,WO-002105,2025-09-10,M03,P03,Material defect,3,FAIL
QC-0006315,WO-002105,2025-09-10,M03,P03,Surface finish,0,PASS
QC-0006316,WO-002106,2025-09-10,M03,P05,Dimensional,3,FAIL
QC-0006317,WO-002106,2025-09-10,M03,P05,Weld porosity,4,FAIL
QC-0006318,WO-002106,2025-09-10,M03,P05,Cosmetic,4,FAIL
QC-0006319,WO-002107,2025-09-10,M04,P03,Material defect,6,FAIL
QC-0006320,WO-002107,2025-09-10,M04,P03,Surface finish,3,FAIL
QC-0006321,WO-002107,2025-09-10,M04,P03,Weld porosity,1,FAIL
QC-0006322,WO-002108,2025-09-10,M04,P03,Material defect,5,FAIL
QC-0006323,WO-002108,2025-09-10,M04,P03,Surface finish,3,FAIL
QC-0006324,WO-002108,2025-09-10,M04,P03,Weld porosity,0,PASS
QC-0006325,WO-002109,2025-09-10,M05,P05,Cosmetic,3,FAIL
QC-0006326,WO-002109,2025-09-10,M05,P05,Assembly mismatch,3,FAIL
QC-0006327,WO-002109,2025-09-10,M05,P05,Weld porosity,2,FAIL
QC-0006328,WO-002110,2025-09-10,M06,P04,Assembly mismatch,4,FAIL
QC-0006329,WO-002110,2025-09-10,M06,P04,Weld porosity,0,PASS
QC-0006330,WO-002110,2025-09-10,M06,P04,Cosmetic,1,FAIL
QC-0006331,WO-002111,2025-09-10,M06,P04,Assembly mismatch,1,FAIL
QC-0006332,WO-002111,2025-09-10,M06,P04,Material defect,1,FAIL
QC-0006333,WO-002111,2025-09-10,M06,P04,Weld porosity,2,FAIL
QC-0006334,WO-002112,2025-09-11,M01,P03,Assembly mismatch,2,FAIL
QC-0006335,WO-002112,2025-09-11,M01,P03,Surface finish,3,FAIL
QC-0006336,WO-002112,2025-09-11,M01,P03,Material defect,0,PASS
QC-0006337,WO-002113,2025-09-11,M01,P01,Dimensional,2,FAIL
QC-0006338,WO-002113,2025-09-11,M01,P01,Weld porosity,1,FAIL
QC-0006339,WO-002113,2025-09-11,M01,P01,Assembly mismatch,1,FAIL
QC-0006340,WO-002114,2025-09-11,M02,P05,Weld porosity,4,FAIL
QC-0006341,WO-002114,2025-09-11,M02,P05,Assembly mismatch,5,FAIL
QC-0006342,WO-002114,2025-09-11,M02,P05,Material defect,1,FAIL
QC-0006343,WO-002115,2025-09-11,M02,P02,Surface finish,4,FAIL
QC-0006344,WO-002115,2025-09-11,M02,P02,Dimensional,1,FAIL
QC-0006345,WO-002115,2025-09-11,M02,P02,Weld porosity,1,FAIL
QC-0006346,WO-002116,2025-09-11,M03,P05,Material defect,8,FAIL
QC-0006347,WO-002116,2025-09-11,M03,P05,Cosmetic,3,FAIL
QC-0006348,WO-002116,2025-09-11,M03,P05,Assembly mismatch,2,FAIL
QC-0006349,WO-002117,2025-09-11,M04,P03,Weld porosity,4,FAIL
QC-0006350,WO-002117,2025-09-11,M04,P03,Assembly mismatch,2,FAIL
QC-0006351,WO-002117,2025-09-11,M04,P03,Material defect,2,FAIL
QC-0006352,WO-002118,2025-09-11,M04,P06,Weld porosity,5,FAIL
QC-0006353,WO-002118,2025-09-11,M04,P06,Material defect,2,FAIL
QC-0006354,WO-002118,2025-09-11,M04,P06,Cosmetic,0,PASS
QC-0006355,WO-002119,2025-09-11,M05,P01,Dimensional,2,FAIL
QC-0006356,WO-002119,2025-09-11,M05,P01,Weld porosity,2,FAIL
QC-0006357,WO-002119,2025-09-11,M05,P01,Material defect,0,PASS
QC-0006358,WO-002120,2025-09-11,M05,P06,Material defect,6,FAIL
QC-0006359,WO-002120,2025-09-11,M05,P06,Cosmetic,2,FAIL
QC-0006360,WO-002120,2025-09-11,M05,P06,Surface finish,0,PASS
QC-0006361,WO-002121,2025-09-11,M06,P06,Dimensional,3,FAIL
QC-0006362,WO-002121,2025-09-11,M06,P06,Assembly mismatch,3,FAIL
QC-0006363,WO-002121,2025-09-11,M06,P06,Cosmetic,1,FAIL
QC-0006364,WO-002122,2025-09-11,M06,P04,Surface finish,3,FAIL
QC-0006365,WO-002122,2025-09-11,M06,P04,Weld porosity,2,FAIL
QC-0006366,WO-002122,2025-09-11,M06,P04,Dimensional,0,PASS
QC-0006367,WO-002123,2025-09-12,M01,P02,Assembly mismatch,5,FAIL
QC-0006368,WO-002123,2025-09-12,M01,P02,Weld porosity,1,FAIL
QC-0006369,WO-002123,2025-09-12,M01,P02,Cosmetic,1,FAIL
QC-0006370,WO-002124,2025-09-12,M01,P01,Material defect,5,FAIL
QC-0006371,WO-002124,2025-09-12,M01,P01,Dimensional,1,FAIL
QC-0006372,WO-002124,2025-09-12,M01,P01,Assembly mismatch,1,FAIL
QC-0006373,WO-002125,2025-09-12,M02,P01,Cosmetic,4,FAIL
QC-0006374,WO-002125,2025-09-12,M02,P01,Weld porosity,2,FAIL
QC-0006375,WO-002125,2025-09-12,M02,P01,Assembly mismatch,1,FAIL
QC-0006376,WO-002126,2025-09-12,M02,P05,Assembly mismatch,5,FAIL
QC-0006377,WO-002126,2025-09-12,M02,P05,Surface finish,4,FAIL
QC-0006378,WO-002126,2025-09-12,M02,P05,Cosmetic,2,FAIL
QC-0006379,WO-002127,2025-09-12,M03,P01,Assembly mismatch,3,FAIL
QC-0006380,WO-002127,2025-09-12,M03,P01,Surface finish,1,FAIL
QC-0006381,WO-002127,2025-09-12,M03,P01,Cosmetic,1,FAIL
QC-0006382,WO-002128,2025-09-12,M03,P03,Weld porosity,3,FAIL
QC-0006383,WO-002128,2025-09-12,M03,P03,Assembly mismatch,2,FAIL
QC-0006384,WO-002128,2025-09-12,M03,P03,Dimensional,2,FAIL
QC-0006385,WO-002129,2025-09-12,M04,P04,Material defect,4,FAIL
QC-0006386,WO-002129,2025-09-12,M04,P04,Cosmetic,1,FAIL
QC-0006387,WO-002129,2025-09-12,M04,P04,Weld porosity,0,PASS
QC-0006388,WO-002130,2025-09-12,M04,P06,Weld porosity,4,FAIL
QC-0006389,WO-002130,2025-09-12,M04,P06,Assembly mismatch,2,FAIL
QC-0006390,WO-002130,2025-09-12,M04,P06,Material defect,0,PASS
QC-0006391,WO-002131,2025-09-12,M05,P01,Material defect,2,FAIL
QC-0006392,WO-002131,2025-09-12,M05,P01,Assembly mismatch,2,FAIL
QC-0006393,WO-002131,2025-09-12,M05,P01,Weld porosity,1,FAIL
QC-0006394,WO-002132,2025-09-12,M05,P01,Material defect,4,FAIL
QC-0006395,WO-002132,2025-09-12,M05,P01,Assembly mismatch,1,FAIL
QC-0006396,WO-002132,2025-09-12,M05,P01,Cosmetic,1,FAIL
QC-0006397,WO-002133,2025-09-12,M06,P05,Weld porosity,5,FAIL
QC-0006398,WO-002133,2025-09-12,M06,P05,Surface finish,1,FAIL
QC-0006399,WO-002133,2025-09-12,M06,P05,Material defect,2,FAIL
QC-0006400,WO-002134,2025-09-12,M06,P05,Cosmetic,7,FAIL
QC-0006401,WO-002134,2025-09-12,M06,P05,Surface finish,2,FAIL
QC-0006402,WO-002134,2025-09-12,M06,P05,Dimensional,0,PASS
QC-0006403,WO-002135,2025-09-15,M01,P01,Material defect,2,FAIL
QC-0006404,WO-002135,2025-09-15,M01,P01,Surface finish,3,FAIL
QC-0006405,WO-002135,2025-09-15,M01,P01,Assembly mismatch,0,PASS
QC-0006406,WO-002136,2025-09-15,M01,P03,Material defect,3,FAIL
QC-0006407,WO-002136,2025-09-15,M01,P03,Assembly mismatch,1,FAIL
QC-0006408,WO-002136,2025-09-15,M01,P03,Dimensional,1,FAIL
QC-0006409,WO-002137,2025-09-15,M02,P01,Material defect,3,FAIL
QC-0006410,WO-002137,2025-09-15,M02,P01,Weld porosity,1,FAIL
QC-0006411,WO-002137,2025-09-15,M02,P01,Cosmetic,0,PASS
QC-0006412,WO-002138,2025-09-15,M02,P02,Material defect,2,FAIL
QC-0006413,WO-002138,2025-09-15,M02,P02,Assembly mismatch,2,FAIL
QC-0006414,WO-002138,2025-09-15,M02,P02,Weld porosity,0,PASS
QC-0006415,WO-002139,2025-09-15,M03,P05,Material defect,7,FAIL
QC-0006416,WO-002139,2025-09-15,M03,P05,Surface finish,2,FAIL
QC-0006417,WO-002139,2025-09-15,M03,P05,Cosmetic,1,FAIL
QC-0006418,WO-002140,2025-09-15,M03,P05,Material defect,8,FAIL
QC-0006419,WO-002140,2025-09-15,M03,P05,Weld porosity,2,FAIL
QC-0006420,WO-002140,2025-09-15,M03,P05,Cosmetic,1,FAIL
QC-0006421,WO-002141,2025-09-15,M04,P06,Weld porosity,2,FAIL
QC-0006422,WO-002141,2025-09-15,M04,P06,Dimensional,4,FAIL
QC-0006423,WO-002141,2025-09-15,M04,P06,Cosmetic,2,FAIL
QC-0006424,WO-002142,2025-09-15,M04,P04,Weld porosity,4,FAIL
QC-0006425,WO-002142,2025-09-15,M04,P04,Material defect,2,FAIL
QC-0006426,WO-002142,2025-09-15,M04,P04,Assembly mismatch,0,PASS
QC-0006427,WO-002143,2025-09-15,M05,P06,Cosmetic,5,FAIL
QC-0006428,WO-002143,2025-09-15,M05,P06,Material defect,1,FAIL
QC-0006429,WO-002143,2025-09-15,M05,P06,Dimensional,0,PASS
QC-0006430,WO-002144,2025-09-15,M05,P06,Surface finish,4,FAIL
QC-0006431,WO-002144,2025-09-15,M05,P06,Weld porosity,2,FAIL
QC-0006432,WO-002144,2025-09-15,M05,P06,Cosmetic,0,PASS
QC-0006433,WO-002145,2025-09-15,M06,P01,Assembly mismatch,7,FAIL
QC-0006434,WO-002145,2025-09-15,M06,P01,Weld porosity,1,FAIL
QC-0006435,WO-002145,2025-09-15,M06,P01,Dimensional,0,PASS
QC-0006436,WO-002146,2025-09-15,M06,P01,Assembly mismatch,5,FAIL
QC-0006437,WO-002146,2025-09-15,M06,P01,Surface finish,1,FAIL
QC-0006438,WO-002146,2025-09-15,M06,P01,Dimensional,0,PASS
QC-0006439,WO-002147,2025-09-16,M01,P01,Assembly mismatch,4,FAIL
QC-0006440,WO-002147,2025-09-16,M01,P01,Weld porosity,3,FAIL
QC-0006441,WO-002147,2025-09-16,M01,P01,Dimensional,0,PASS
QC-0006442,WO-002148,2025-09-16,M01,P03,Weld porosity,6,FAIL
QC-0006443,WO-002148,2025-09-16,M01,P03,Surface finish,2,FAIL
QC-0006444,WO-002148,2025-09-16,M01,P03,Cosmetic,1,FAIL
QC-0006445,WO-002149,2025-09-16,M02,P02,Weld porosity,5,FAIL
QC-0006446,WO-002149,2025-09-16,M02,P02,Assembly mismatch,1,FAIL
QC-0006447,WO-002149,2025-09-16,M02,P02,Material defect,0,PASS
QC-0006448,WO-002150,2025-09-16,M02,P02,Material defect,5,FAIL
QC-0006449,WO-002150,2025-09-16,M02,P02,Cosmetic,2,FAIL
QC-0006450,WO-002150,2025-09-16,M02,P02,Dimensional,0,PASS
QC-0006451,WO-002151,2025-09-16,M03,P03,Assembly mismatch,3,FAIL
QC-0006452,WO-002151,2025-09-16,M03,P03,Cosmetic,1,FAIL
QC-0006453,WO-002151,2025-09-16,M03,P03,Weld porosity,1,FAIL
QC-0006454,WO-002152,2025-09-16,M03,P03,Assembly mismatch,2,FAIL
QC-0006455,WO-002152,2025-09-16,M03,P03,Material defect,0,PASS
QC-0006456,WO-002152,2025-09-16,M03,P03,Cosmetic,0,PASS
QC-0006457,WO-002153,2025-09-16,M04,P03,Surface finish,6,FAIL
QC-0006458,WO-002153,2025-09-16,M04,P03,Dimensional,4,FAIL
QC-0006459,WO-002153,2025-09-16,M04,P03,Weld porosity,0,PASS
QC-0006460,WO-002154,2025-09-16,M05,P05,Assembly mismatch,5,FAIL
QC-0006461,WO-002154,2025-09-16,M05,P05,Surface finish,2,FAIL
QC-0006462,WO-002154,2025-09-16,M05,P05,Dimensional,1,FAIL
QC-0006463,WO-002155,2025-09-16,M05,P01,Material defect,4,FAIL
QC-0006464,WO-002155,2025-09-16,M05,P01,Cosmetic,2,FAIL
QC-0006465,WO-002155,2025-09-16,M05,P01,Dimensional,0,PASS
QC-0006466,WO-002156,2025-09-16,M06,P04,Weld porosity,1,FAIL
QC-0006467,WO-002156,2025-09-16,M06,P04,Dimensional,2,FAIL
QC-0006468,WO-002156,2025-09-16,M06,P04,Cosmetic,1,FAIL
QC-0006469,WO-002157,2025-09-16,M06,P04,Cosmetic,1,FAIL
QC-0006470,WO-002157,2025-09-16,M06,P04,Dimensional,2,FAIL
QC-0006471,WO-002157,2025-09-16,M06,P04,Weld porosity,1,FAIL
QC-0006472,WO-002158,2025-09-17,M01,P01,Cosmetic,5,FAIL
QC-0006473,WO-002158,2025-09-17,M01,P01,Material defect,0,PASS
QC-0006474,WO-002158,2025-09-17,M01,P01,Weld porosity,0,PASS
QC-0006475,WO-002159,2025-09-17,M01,P01,Assembly mismatch,3,FAIL
QC-0006476,WO-002159,2025-09-17,M01,P01,Weld porosity,3,FAIL
QC-0006477,WO-002159,2025-09-17,M01,P01,Cosmetic,0,PASS
QC-0006478,WO-002160,2025-09-17,M02,P02,Dimensional,3,FAIL
QC-0006479,WO-002160,2025-09-17,M02,P02,Material defect,0,PASS
QC-0006480,WO-002160,2025-09-17,M02,P02,Weld porosity,0,PASS
QC-0006481,WO-002161,2025-09-17,M02,P05,Assembly mismatch,7,FAIL
QC-0006482,WO-002161,2025-09-17,M02,P05,Surface finish,4,FAIL
QC-0006483,WO-002161,2025-09-17,M02,P05,Weld porosity,1,FAIL
QC-0006484,WO-002162,2025-09-17,M03,P03,Weld porosity,4,FAIL
QC-0006485,WO-002162,2025-09-17,M03,P03,Dimensional,3,FAIL
QC-0006486,WO-002162,2025-09-17,M03,P03,Surface finish,2,FAIL
QC-0006487,WO-002163,2025-09-17,M03,P03,Assembly mismatch,4,FAIL
QC-0006488,WO-002163,2025-09-17,M03,P03,Cosmetic,2,FAIL
QC-0006489,WO-002163,2025-09-17,M03,P03,Material defect,0,PASS
QC-0006490,WO-002164,2025-09-17,M04,P03,Weld porosity,8,FAIL
QC-0006491,WO-002164,2025-09-17,M04,P03,Assembly mismatch,2,FAIL
QC-0006492,WO-002164,2025-09-17,M04,P03,Material defect,0,PASS
QC-0006493,WO-002165,2025-09-17,M04,P06,Weld porosity,4,FAIL
QC-0006494,WO-002165,2025-09-17,M04,P06,Cosmetic,1,FAIL
QC-0006495,WO-002165,2025-09-17,M04,P06,Assembly mismatch,1,FAIL
QC-0006496,WO-002166,2025-09-17,M05,P04,Cosmetic,2,FAIL
QC-0006497,WO-002166,2025-09-17,M05,P04,Dimensional,2,FAIL
QC-0006498,WO-002166,2025-09-17,M05,P04,Weld porosity,0,PASS
QC-0006499,WO-002167,2025-09-17,M05,P01,Material defect,4,FAIL
QC-0006500,WO-002167,2025-09-17,M05,P01,Cosmetic,2,FAIL
QC-0006501,WO-002167,2025-09-17,M05,P01,Surface finish,1,FAIL
QC-0006502,WO-002168,2025-09-17,M06,P06,Dimensional,8,FAIL
QC-0006503,WO-002168,2025-09-17,M06,P06,Weld porosity,1,FAIL
QC-0006504,WO-002168,2025-09-17,M06,P06,Surface finish,0,PASS
QC-0006505,WO-002169,2025-09-17,M06,P01,Cosmetic,2,FAIL
QC-0006506,WO-002169,2025-09-17,M06,P01,Assembly mismatch,3,FAIL
QC-0006507,WO-002169,2025-09-17,M06,P01,Weld porosity,2,FAIL
QC-0006508,WO-002170,2025-09-18,M01,P01,Material defect,2,FAIL
QC-0006509,WO-002170,2025-09-18,M01,P01,Dimensional,2,FAIL
QC-0006510,WO-002170,2025-09-18,M01,P01,Assembly mismatch,2,FAIL
QC-0006511,WO-002171,2025-09-18,M01,P01,Cosmetic,1,FAIL
QC-0006512,WO-002171,2025-09-18,M01,P01,Material defect,2,FAIL
QC-0006513,WO-002171,2025-09-18,M01,P01,Assembly mismatch,1,FAIL
QC-0006514,WO-002172,2025-09-18,M02,P02,Surface finish,4,FAIL
QC-0006515,WO-002172,2025-09-18,M02,P02,Material defect,0,PASS
QC-0006516,WO-002172,2025-09-18,M02,P02,Weld porosity,0,PASS
QC-0006517,WO-002173,2025-09-18,M02,P02,Material defect,6,FAIL
QC-0006518,WO-002173,2025-09-18,M02,P02,Dimensional,1,FAIL
QC-0006519,WO-002173,2025-09-18,M02,P02,Weld porosity,0,PASS
QC-0006520,WO-002174,2025-09-18,M03,P03,Dimensional,6,FAIL
QC-0006521,WO-002174,2025-09-18,M03,P03,Surface finish,1,FAIL
QC-0006522,WO-002174,2025-09-18,M03,P03,Weld porosity,0,PASS
QC-0006523,WO-002175,2025-09-18,M04,P03,Surface finish,5,FAIL
QC-0006524,WO-002175,2025-09-18,M04,P03,Weld porosity,2,FAIL
QC-0006525,WO-002175,2025-09-18,M04,P03,Dimensional,3,FAIL
QC-0006526,WO-002176,2025-09-18,M04,P03,Surface finish,7,FAIL
QC-0006527,WO-002176,2025-09-18,M04,P03,Weld porosity,3,FAIL
QC-0006528,WO-002176,2025-09-18,M04,P03,Material defect,1,FAIL
QC-0006529,WO-002177,2025-09-18,M05,P05,Cosmetic,7,FAIL
QC-0006530,WO-002177,2025-09-18,M05,P05,Assembly mismatch,1,FAIL
QC-0006531,WO-002177,2025-09-18,M05,P05,Weld porosity,0,PASS
QC-0006532,WO-002178,2025-09-18,M05,P04,Assembly mismatch,5,FAIL
QC-0006533,WO-002178,2025-09-18,M05,P04,Dimensional,1,FAIL
QC-0006534,WO-002178,2025-09-18,M05,P04,Weld porosity,0,PASS
QC-0006535,WO-002179,2025-09-18,M06,P05,Dimensional,6,FAIL
QC-0006536,WO-002179,2025-09-18,M06,P05,Assembly mismatch,2,FAIL
QC-0006537,WO-002179,2025-09-18,M06,P05,Cosmetic,1,FAIL
QC-0006538,WO-002180,2025-09-18,M06,P04,Cosmetic,2,FAIL
QC-0006539,WO-002180,2025-09-18,M06,P04,Surface finish,2,FAIL
QC-0006540,WO-002180,2025-09-18,M06,P04,Weld porosity,1,FAIL
QC-0006541,WO-002181,2025-09-19,M01,P03,Material defect,3,FAIL
QC-0006542,WO-002181,2025-09-19,M01,P03,Weld porosity,3,FAIL
QC-0006543,WO-002181,2025-09-19,M01,P03,Assembly mismatch,2,FAIL
QC-0006544,WO-002182,2025-09-19,M01,P03,Material defect,3,FAIL
QC-0006545,WO-002182,2025-09-19,M01,P03,Weld porosity,2,FAIL
QC-0006546,WO-002182,2025-09-19,M01,P03,Cosmetic,3,FAIL
QC-0006547,WO-002183,2025-09-19,M02,P02,Cosmetic,4,FAIL
QC-0006548,WO-002183,2025-09-19,M02,P02,Weld porosity,1,FAIL
QC-0006549,WO-002183,2025-09-19,M02,P02,Dimensional,1,FAIL
QC-0006550,WO-002184,2025-09-19,M02,P02,Assembly mismatch,3,FAIL
QC-0006551,WO-002184,2025-09-19,M02,P02,Material defect,1,FAIL
QC-0006552,WO-002184,2025-09-19,M02,P02,Cosmetic,1,FAIL
QC-0006553,WO-002185,2025-09-19,M03,P05,Dimensional,6,FAIL
QC-0006554,WO-002185,2025-09-19,M03,P05,Surface finish,3,FAIL
QC-0006555,WO-002185,2025-09-19,M03,P05,Assembly mismatch,2,FAIL
QC-0006556,WO-002186,2025-09-19,M03,P03,Dimensional,5,FAIL
QC-0006557,WO-002186,2025-09-19,M03,P03,Surface finish,0,PASS
QC-0006558,WO-002186,2025-09-19,M03,P03,Weld porosity,1,FAIL
QC-0006559,WO-002187,2025-09-19,M04,P04,Weld porosity,2,FAIL
QC-0006560,WO-002187,2025-09-19,M04,P04,Assembly mismatch,2,FAIL
QC-0006561,WO-002187,2025-09-19,M04,P04,Surface finish,1,FAIL
QC-0006562,WO-002188,2025-09-19,M04,P06,Surface finish,2,FAIL
QC-0006563,WO-002188,2025-09-19,M04,P06,Material defect,1,FAIL
QC-0006564,WO-002188,2025-09-19,M04,P06,Weld porosity,2,FAIL
QC-0006565,WO-002189,2025-09-19,M05,P04,Cosmetic,3,FAIL
QC-0006566,WO-002189,2025-09-19,M05,P04,Weld porosity,0,PASS
QC-0006567,WO-002189,2025-09-19,M05,P04,Material defect,0,PASS
QC-0006568,WO-002190,2025-09-19,M05,P04,Assembly mismatch,4,FAIL
QC-0006569,WO-002190,2025-09-19,M05,P04,Weld porosity,1,FAIL
QC-0006570,WO-002190,2025-09-19,M05,P04,Dimensional,0,PASS
QC-0006571,WO-002191,2025-09-19,M06,P01,Surface finish,3,FAIL
QC-0006572,WO-002191,2025-09-19,M06,P01,Assembly mismatch,2,FAIL
QC-0006573,WO-002191,2025-09-19,M06,P01,Weld porosity,2,FAIL
QC-0006574,WO-002192,2025-09-19,M06,P05,Assembly mismatch,5,FAIL
QC-0006575,WO-002192,2025-09-19,M06,P05,Material defect,4,FAIL
QC-0006576,WO-002192,2025-09-19,M06,P05,Weld porosity,1,FAIL
QC-0006577,WO-002193,2025-09-22,M01,P01,Assembly mismatch,2,FAIL
QC-0006578,WO-002193,2025-09-22,M01,P01,Material defect,0,PASS
QC-0006579,WO-002193,2025-09-22,M01,P01,Weld porosity,2,FAIL
QC-0006580,WO-002194,2025-09-22,M01,P03,Weld porosity,4,FAIL
QC-0006581,WO-002194,2025-09-22,M01,P03,Cosmetic,4,FAIL
QC-0006582,WO-002194,2025-09-22,M01,P03,Material defect,1,FAIL
QC-0006583,WO-002195,2025-09-22,M02,P01,Surface finish,5,FAIL
QC-0006584,WO-002195,2025-09-22,M02,P01,Material defect,1,FAIL
QC-0006585,WO-002195,2025-09-22,M02,P01,Cosmetic,1,FAIL
QC-0006586,WO-002196,2025-09-22,M02,P01,Weld porosity,3,FAIL
QC-0006587,WO-002196,2025-09-22,M02,P01,Dimensional,3,FAIL
QC-0006588,WO-002196,2025-09-22,M02,P01,Cosmetic,2,FAIL
QC-0006589,WO-002197,2025-09-22,M03,P03,Material defect,1,FAIL
QC-0006590,WO-002197,2025-09-22,M03,P03,Cosmetic,0,PASS
QC-0006591,WO-002197,2025-09-22,M03,P03,Dimensional,1,FAIL
QC-0006592,WO-002198,2025-09-22,M03,P05,Dimensional,6,FAIL
QC-0006593,WO-002198,2025-09-22,M03,P05,Weld porosity,2,FAIL
QC-0006594,WO-002198,2025-09-22,M03,P05,Material defect,3,FAIL
QC-0006595,WO-002199,2025-09-22,M04,P06,Weld porosity,4,FAIL
QC-0006596,WO-002199,2025-09-22,M04,P06,Assembly mismatch,2,FAIL
QC-0006597,WO-002199,2025-09-22,M04,P06,Material defect,0,PASS
QC-0006598,WO-002200,2025-09-22,M04,P04,Material defect,4,FAIL
QC-0006599,WO-002200,2025-09-22,M04,P04,Weld porosity,0,PASS
QC-0006600,WO-002200,2025-09-22,M04,P04,Surface finish,1,FAIL
QC-0006601,WO-002201,2025-09-22,M05,P05,Assembly mismatch,3,FAIL
QC-0006602,WO-002201,2025-09-22,M05,P05,Surface finish,4,FAIL
QC-0006603,WO-002201,2025-09-22,M05,P05,Dimensional,2,FAIL
QC-0006604,WO-002202,2025-09-22,M05,P04,Assembly mismatch,1,FAIL
QC-0006605,WO-002202,2025-09-22,M05,P04,Dimensional,2,FAIL
QC-0006606,WO-002202,2025-09-22,M05,P04,Surface finish,1,FAIL
QC-0006607,WO-002203,2025-09-22,M06,P05,Surface finish,7,FAIL
QC-0006608,WO-002203,2025-09-22,M06,P05,Cosmetic,7,FAIL
QC-0006609,WO-002203,2025-09-22,M06,P05,Weld porosity,1,FAIL
QC-0006610,WO-002204,2025-09-22,M06,P05,Weld porosity,6,FAIL
QC-0006611,WO-002204,2025-09-22,M06,P05,Material defect,2,FAIL
QC-0006612,WO-002204,2025-09-22,M06,P05,Surface finish,2,FAIL
QC-0006613,WO-002205,2025-09-23,M01,P01,Weld porosity,2,FAIL
QC-0006614,WO-002205,2025-09-23,M01,P01,Cosmetic,0,PASS
QC-0006615,WO-002205,2025-09-23,M01,P01,Assembly mismatch,3,FAIL
QC-0006616,WO-002206,2025-09-23,M01,P03,Material defect,4,FAIL
QC-0006617,WO-002206,2025-09-23,M01,P03,Dimensional,1,FAIL
QC-0006618,WO-002206,2025-09-23,M01,P03,Cosmetic,1,FAIL
QC-0006619,WO-002207,2025-09-23,M02,P02,Cosmetic,6,FAIL
QC-0006620,WO-002207,2025-09-23,M02,P02,Surface finish,1,FAIL
QC-0006621,WO-002207,2025-09-23,M02,P02,Material defect,0,PASS
QC-0006622,WO-002208,2025-09-23,M02,P01,Assembly mismatch,3,FAIL
QC-0006623,WO-002208,2025-09-23,M02,P01,Surface finish,0,PASS
QC-0006624,WO-002208,2025-09-23,M02,P01,Weld porosity,1,FAIL
QC-0006625,WO-002209,2025-09-23,M03,P05,Dimensional,3,FAIL
QC-0006626,WO-002209,2025-09-23,M03,P05,Cosmetic,3,FAIL
QC-0006627,WO-002209,2025-09-23,M03,P05,Surface finish,1,FAIL
QC-0006628,WO-002210,2025-09-23,M03,P03,Material defect,7,FAIL
QC-0006629,WO-002210,2025-09-23,M03,P03,Assembly mismatch,2,FAIL
QC-0006630,WO-002210,2025-09-23,M03,P03,Dimensional,1,FAIL
QC-0006631,WO-002211,2025-09-23,M04,P03,Cosmetic,7,FAIL
QC-0006632,WO-002211,2025-09-23,M04,P03,Surface finish,4,FAIL
QC-0006633,WO-002211,2025-09-23,M04,P03,Weld porosity,1,FAIL
QC-0006634,WO-002212,2025-09-23,M04,P06,Weld porosity,4,FAIL
QC-0006635,WO-002212,2025-09-23,M04,P06,Material defect,2,FAIL
QC-0006636,WO-002212,2025-09-23,M04,P06,Cosmetic,0,PASS
QC-0006637,WO-002213,2025-09-23,M05,P06,Assembly mismatch,2,FAIL
QC-0006638,WO-002213,2025-09-23,M05,P06,Material defect,2,FAIL
QC-0006639,WO-002213,2025-09-23,M05,P06,Surface finish,2,FAIL
QC-0006640,WO-002214,2025-09-23,M05,P01,Cosmetic,5,FAIL
QC-0006641,WO-002214,2025-09-23,M05,P01,Material defect,2,FAIL
QC-0006642,WO-002214,2025-09-23,M05,P01,Dimensional,1,FAIL
QC-0006643,WO-002215,2025-09-23,M06,P04,Weld porosity,4,FAIL
QC-0006644,WO-002215,2025-09-23,M06,P04,Cosmetic,0,PASS
QC-0006645,WO-002215,2025-09-23,M06,P04,Surface finish,1,FAIL
QC-0006646,WO-002216,2025-09-23,M06,P05,Dimensional,4,FAIL
QC-0006647,WO-002216,2025-09-23,M06,P05,Assembly mismatch,2,FAIL
QC-0006648,WO-002216,2025-09-23,M06,P05,Surface finish,4,FAIL
QC-0006649,WO-002217,2025-09-24,M01,P01,Material defect,2,FAIL
QC-0006650,WO-002217,2025-09-24,M01,P01,Assembly mismatch,0,PASS
QC-0006651,WO-002217,2025-09-24,M01,P01,Surface finish,4,FAIL
QC-0006652,WO-002218,2025-09-24,M01,P02,Surface finish,2,FAIL
QC-0006653,WO-002218,2025-09-24,M01,P02,Weld porosity,3,FAIL
QC-0006654,WO-002218,2025-09-24,M01,P02,Dimensional,1,FAIL
QC-0006655,WO-002219,2025-09-24,M02,P05,Cosmetic,8,FAIL
QC-0006656,WO-002219,2025-09-24,M02,P05,Dimensional,2,FAIL
QC-0006657,WO-002219,2025-09-24,M02,P05,Material defect,0,PASS
QC-0006658,WO-002220,2025-09-24,M02,P05,Dimensional,6,FAIL
QC-0006659,WO-002220,2025-09-24,M02,P05,Material defect,3,FAIL
QC-0006660,WO-002220,2025-09-24,M02,P05,Cosmetic,1,FAIL
QC-0006661,WO-002221,2025-09-24,M03,P03,Surface finish,1,FAIL
QC-0006662,WO-002221,2025-09-24,M03,P03,Material defect,4,FAIL
QC-0006663,WO-002221,2025-09-24,M03,P03,Weld porosity,0,PASS
QC-0006664,WO-002222,2025-09-24,M03,P05,Surface finish,6,FAIL
QC-0006665,WO-002222,2025-09-24,M03,P05,Assembly mismatch,4,FAIL
QC-0006666,WO-002222,2025-09-24,M03,P05,Weld porosity,1,FAIL
QC-0006667,WO-002223,2025-09-24,M04,P06,Weld porosity,4,FAIL
QC-0006668,WO-002223,2025-09-24,M04,P06,Surface finish,3,FAIL
QC-0006669,WO-002223,2025-09-24,M04,P06,Material defect,0,PASS
QC-0006670,WO-002224,2025-09-24,M04,P04,Weld porosity,1,FAIL
QC-0006671,WO-002224,2025-09-24,M04,P04,Surface finish,3,FAIL
QC-0006672,WO-002224,2025-09-24,M04,P04,Cosmetic,1,FAIL
QC-0006673,WO-002225,2025-09-24,M05,P05,Cosmetic,6,FAIL
QC-0006674,WO-002225,2025-09-24,M05,P05,Assembly mismatch,2,FAIL
QC-0006675,WO-002225,2025-09-24,M05,P05,Dimensional,1,FAIL
QC-0006676,WO-002226,2025-09-24,M05,P05,Material defect,5,FAIL
QC-0006677,WO-002226,2025-09-24,M05,P05,Assembly mismatch,6,FAIL
QC-0006678,WO-002226,2025-09-24,M05,P05,Weld porosity,0,PASS
QC-0006679,WO-002227,2025-09-24,M06,P05,Assembly mismatch,7,FAIL
QC-0006680,WO-002227,2025-09-24,M06,P05,Surface finish,2,FAIL
QC-0006681,WO-002227,2025-09-24,M06,P05,Cosmetic,1,FAIL
QC-0006682,WO-002228,2025-09-24,M06,P01,Cosmetic,3,FAIL
QC-0006683,WO-002228,2025-09-24,M06,P01,Weld porosity,2,FAIL
QC-0006684,WO-002228,2025-09-24,M06,P01,Assembly mismatch,0,PASS
QC-0006685,WO-002229,2025-09-25,M01,P03,Material defect,2,FAIL
QC-0006686,WO-002229,2025-09-25,M01,P03,Dimensional,2,FAIL
QC-0006687,WO-002229,2025-09-25,M01,P03,Cosmetic,1,FAIL
QC-0006688,WO-002230,2025-09-25,M01,P03,Surface finish,8,FAIL
QC-0006689,WO-002230,2025-09-25,M01,P03,Material defect,1,FAIL
QC-0006690,WO-002230,2025-09-25,M01,P03,Dimensional,0,PASS
QC-0006691,WO-002231,2025-09-25,M02,P05,Dimensional,6,FAIL
QC-0006692,WO-002231,2025-09-25,M02,P05,Assembly mismatch,2,FAIL
QC-0006693,WO-002231,2025-09-25,M02,P05,Material defect,1,FAIL
QC-0006694,WO-002232,2025-09-25,M02,P02,Surface finish,2,FAIL
QC-0006695,WO-002232,2025-09-25,M02,P02,Assembly mismatch,3,FAIL
QC-0006696,WO-002232,2025-09-25,M02,P02,Weld porosity,2,FAIL
QC-0006697,WO-002233,2025-09-25,M03,P05,Assembly mismatch,4,FAIL
QC-0006698,WO-002233,2025-09-25,M03,P05,Material defect,3,FAIL
QC-0006699,WO-002233,2025-09-25,M03,P05,Surface finish,1,FAIL
QC-0006700,WO-002234,2025-09-25,M03,P01,Dimensional,6,FAIL
QC-0006701,WO-002234,2025-09-25,M03,P01,Cosmetic,1,FAIL
QC-0006702,WO-002234,2025-09-25,M03,P01,Weld porosity,0,PASS
QC-0006703,WO-002235,2025-09-25,M04,P03,Weld porosity,8,FAIL
QC-0006704,WO-002235,2025-09-25,M04,P03,Cosmetic,3,FAIL
QC-0006705,WO-002235,2025-09-25,M04,P03,Material defect,1,FAIL
QC-0006706,WO-002236,2025-09-25,M04,P06,Weld porosity,5,FAIL
QC-0006707,WO-002236,2025-09-25,M04,P06,Surface finish,0,PASS
QC-0006708,WO-002236,2025-09-25,M04,P06,Dimensional,2,FAIL
QC-0006709,WO-002237,2025-09-25,M05,P01,Assembly mismatch,7,FAIL
QC-0006710,WO-002237,2025-09-25,M05,P01,Cosmetic,1,FAIL
QC-0006711,WO-002237,2025-09-25,M05,P01,Weld porosity,0,PASS
QC-0006712,WO-002238,2025-09-25,M05,P06,Material defect,5,FAIL
QC-0006713,WO-002238,2025-09-25,M05,P06,Assembly mismatch,1,FAIL
QC-0006714,WO-002238,2025-09-25,M05,P06,Cosmetic,1,FAIL
QC-0006715,WO-002239,2025-09-25,M06,P04,Cosmetic,1,FAIL
QC-0006716,WO-002239,2025-09-25,M06,P04,Material defect,1,FAIL
QC-0006717,WO-002239,2025-09-25,M06,P04,Weld porosity,2,FAIL
QC-0006718,WO-002240,2025-09-25,M06,P04,Weld porosity,3,FAIL
QC-0006719,WO-002240,2025-09-25,M06,P04,Dimensional,1,FAIL
QC-0006720,WO-002240,2025-09-25,M06,P04,Cosmetic,1,FAIL
QC-0006721,WO-002241,2025-09-26,M01,P01,Assembly mismatch,2,FAIL
QC-0006722,WO-002241,2025-09-26,M01,P01,Cosmetic,2,FAIL
QC-0006723,WO-002241,2025-09-26,M01,P01,Weld porosity,1,FAIL
QC-0006724,WO-002242,2025-09-26,M01,P03,Assembly mismatch,5,FAIL
QC-0006725,WO-002242,2025-09-26,M01,P03,Surface finish,1,FAIL
QC-0006726,WO-002242,2025-09-26,M01,P03,Dimensional,1,FAIL
QC-0006727,WO-002243,2025-09-26,M02,P01,Surface finish,3,FAIL
QC-0006728,WO-002243,2025-09-26,M02,P01,Cosmetic,0,PASS
QC-0006729,WO-002243,2025-09-26,M02,P01,Weld porosity,1,FAIL
QC-0006730,WO-002244,2025-09-26,M02,P01,Assembly mismatch,4,FAIL
QC-0006731,WO-002244,2025-09-26,M02,P01,Weld porosity,2,FAIL
QC-0006732,WO-002244,2025-09-26,M02,P01,Surface finish,1,FAIL
QC-0006733,WO-002245,2025-09-26,M03,P01,Dimensional,5,FAIL
QC-0006734,WO-002245,2025-09-26,M03,P01,Weld porosity,0,PASS
QC-0006735,WO-002245,2025-09-26,M03,P01,Surface finish,0,PASS
QC-0006736,WO-002246,2025-09-26,M03,P01,Weld porosity,3,FAIL
QC-0006737,WO-002246,2025-09-26,M03,P01,Material defect,2,FAIL
QC-0006738,WO-002246,2025-09-26,M03,P01,Dimensional,3,FAIL
QC-0006739,WO-002247,2025-09-26,M04,P06,Cosmetic,5,FAIL
QC-0006740,WO-002247,2025-09-26,M04,P06,Material defect,1,FAIL
QC-0006741,WO-002247,2025-09-26,M04,P06,Weld porosity,0,PASS
QC-0006742,WO-002248,2025-09-26,M04,P03,Weld porosity,7,FAIL
QC-0006743,WO-002248,2025-09-26,M04,P03,Surface finish,3,FAIL
QC-0006744,WO-002248,2025-09-26,M04,P03,Dimensional,1,FAIL
QC-0006745,WO-002249,2025-09-26,M05,P05,Assembly mismatch,2,FAIL
QC-0006746,WO-002249,2025-09-26,M05,P05,Surface finish,1,FAIL
QC-0006747,WO-002249,2025-09-26,M05,P05,Weld porosity,1,FAIL
QC-0006748,WO-002250,2025-09-26,M05,P06,Assembly mismatch,4,FAIL
QC-0006749,WO-002250,2025-09-26,M05,P06,Material defect,2,FAIL
QC-0006750,WO-002250,2025-09-26,M05,P06,Dimensional,1,FAIL
QC-0006751,WO-002251,2025-09-26,M06,P04,Material defect,0,PASS
QC-0006752,WO-002251,2025-09-26,M06,P04,Assembly mismatch,4,FAIL
QC-0006753,WO-002251,2025-09-26,M06,P04,Cosmetic,0,PASS
QC-0006754,WO-002252,2025-09-26,M06,P04,Dimensional,3,FAIL
QC-0006755,WO-002252,2025-09-26,M06,P04,Weld porosity,1,FAIL
QC-0006756,WO-002252,2025-09-26,M06,P04,Surface finish,2,FAIL
QC-0006757,WO-002253,2025-09-29,M01,P02,Material defect,2,FAIL
QC-0006758,WO-002253,2025-09-29,M01,P02,Weld porosity,2,FAIL
QC-0006759,WO-002253,2025-09-29,M01,P02,Cosmetic,0,PASS
QC-0006760,WO-002254,2025-09-29,M01,P03,Assembly mismatch,8,FAIL
QC-0006761,WO-002254,2025-09-29,M01,P03,Weld porosity,2,FAIL
QC-0006762,WO-002254,2025-09-29,M01,P03,Dimensional,1,FAIL
QC-0006763,WO-002255,2025-09-29,M02,P05,Weld porosity,5,FAIL
QC-0006764,WO-002255,2025-09-29,M02,P05,Assembly mismatch,4,FAIL
QC-0006765,WO-002255,2025-09-29,M02,P05,Dimensional,3,FAIL
QC-0006766,WO-002256,2025-09-29,M02,P01,Surface finish,7,FAIL
QC-0006767,WO-002256,2025-09-29,M02,P01,Dimensional,1,FAIL
QC-0006768,WO-002256,2025-09-29,M02,P01,Material defect,1,FAIL
QC-0006769,WO-002257,2025-09-29,M03,P03,Material defect,4,FAIL
QC-0006770,WO-002257,2025-09-29,M03,P03,Dimensional,3,FAIL
QC-0006771,WO-002257,2025-09-29,M03,P03,Surface finish,1,FAIL
QC-0006772,WO-002258,2025-09-29,M03,P05,Assembly mismatch,9,FAIL
QC-0006773,WO-002258,2025-09-29,M03,P05,Cosmetic,5,FAIL
QC-0006774,WO-002258,2025-09-29,M03,P05,Surface finish,1,FAIL
QC-0006775,WO-002259,2025-09-29,M04,P03,Weld porosity,9,FAIL
QC-0006776,WO-002259,2025-09-29,M04,P03,Material defect,1,FAIL
QC-0006777,WO-002259,2025-09-29,M04,P03,Cosmetic,0,PASS
QC-0006778,WO-002260,2025-09-29,M04,P06,Cosmetic,5,FAIL
QC-0006779,WO-002260,2025-09-29,M04,P06,Assembly mismatch,0,PASS
QC-0006780,WO-002260,2025-09-29,M04,P06,Weld porosity,2,FAIL
QC-0006781,WO-002261,2025-09-29,M05,P01,Assembly mismatch,4,FAIL
QC-0006782,WO-002261,2025-09-29,M05,P01,Surface finish,1,FAIL
QC-0006783,WO-002261,2025-09-29,M05,P01,Weld porosity,1,FAIL
QC-0006784,WO-002262,2025-09-29,M05,P04,Surface finish,1,FAIL
QC-0006785,WO-002262,2025-09-29,M05,P04,Dimensional,3,FAIL
QC-0006786,WO-002262,2025-09-29,M05,P04,Material defect,2,FAIL
QC-0006787,WO-002263,2025-09-29,M06,P06,Assembly mismatch,5,FAIL
QC-0006788,WO-002263,2025-09-29,M06,P06,Cosmetic,1,FAIL
QC-0006789,WO-002263,2025-09-29,M06,P06,Weld porosity,0,PASS
QC-0006790,WO-002264,2025-09-29,M06,P04,Cosmetic,0,PASS
QC-0006791,WO-002264,2025-09-29,M06,P04,Material defect,2,FAIL
QC-0006792,WO-002264,2025-09-29,M06,P04,Assembly mismatch,2,FAIL
QC-0006793,WO-002265,2025-09-30,M01,P01,Cosmetic,4,FAIL
QC-0006794,WO-002265,2025-09-30,M01,P01,Material defect,2,FAIL
QC-0006795,WO-002265,2025-09-30,M01,P01,Surface finish,0,PASS
QC-0006796,WO-002266,2025-09-30,M01,P01,Cosmetic,3,FAIL
QC-0006797,WO-002266,2025-09-30,M01,P01,Material defect,2,FAIL
QC-0006798,WO-002266,2025-09-30,M01,P01,Dimensional,0,PASS
QC-0006799,WO-002267,2025-09-30,M02,P02,Assembly mismatch,5,FAIL
QC-0006800,WO-002267,2025-09-30,M02,P02,Cosmetic,0,PASS
QC-0006801,WO-002267,2025-09-30,M02,P02,Material defect,1,FAIL
QC-0006802,WO-002268,2025-09-30,M02,P02,Assembly mismatch,1,FAIL
QC-0006803,WO-002268,2025-09-30,M02,P02,Material defect,5,FAIL
QC-0006804,WO-002268,2025-09-30,M02,P02,Surface finish,0,PASS
QC-0006805,WO-002269,2025-09-30,M03,P05,Assembly mismatch,4,FAIL
QC-0006806,WO-002269,2025-09-30,M03,P05,Material defect,5,FAIL
QC-0006807,WO-002269,2025-09-30,M03,P05,Surface finish,2,FAIL
QC-0006808,WO-002270,2025-09-30,M03,P03,Dimensional,3,FAIL
QC-0006809,WO-002270,2025-09-30,M03,P03,Surface finish,4,FAIL
QC-0006810,WO-002270,2025-09-30,M03,P03,Cosmetic,0,PASS
QC-0006811,WO-002271,2025-09-30,M04,P03,Weld porosity,3,FAIL
QC-0006812,WO-002271,2025-09-30,M04,P03,Cosmetic,2,FAIL
QC-0006813,WO-002271,2025-09-30,M04,P03,Dimensional,3,FAIL
QC-0006814,WO-002272,2025-09-30,M04,P06,Weld porosity,2,FAIL
QC-0006815,WO-002272,2025-09-30,M04,P06,Dimensional,3,FAIL
QC-0006816,WO-002272,2025-09-30,M04,P06,Material defect,1,FAIL
QC-0006817,WO-002273,2025-09-30,M05,P05,Surface finish,8,FAIL
QC-0006818,WO-002273,2025-09-30,M05,P05,Cosmetic,0,PASS
QC-0006819,WO-002273,2025-09-30,M05,P05,Weld porosity,1,FAIL
QC-0006820,WO-002274,2025-09-30,M05,P04,Weld porosity,3,FAIL
QC-0006821,WO-002274,2025-09-30,M05,P04,Dimensional,1,FAIL
QC-0006822,WO-002274,2025-09-30,M05,P04,Material defect,1,FAIL
QC-0006823,WO-002275,2025-09-30,M06,P04,Dimensional,3,FAIL
QC-0006824,WO-002275,2025-09-30,M06,P04,Cosmetic,1,FAIL
QC-0006825,WO-002275,2025-09-30,M06,P04,Surface finish,1,FAIL
QC-0006826,WO-002276,2025-09-30,M06,P05,Cosmetic,4,FAIL
QC-0006827,WO-002276,2025-09-30,M06,P05,Dimensional,3,FAIL
QC-0006828,WO-002276,2025-09-30,M06,P05,Weld porosity,2,FAIL
QC-0006829,WO-002277,2025-10-01,M01,P02,Dimensional,2,FAIL
QC-0006830,WO-002277,2025-10-01,M01,P02,Surface finish,3,FAIL
QC-0006831,WO-002277,2025-10-01,M01,P02,Weld porosity,0,PASS
QC-0006832,WO-002278,2025-10-01,M01,P01,Assembly mismatch,2,FAIL
QC-0006833,WO-002278,2025-10-01,M01,P01,Surface finish,0,PASS
QC-0006834,WO-002278,2025-10-01,M01,P01,Dimensional,2,FAIL
QC-0006835,WO-002279,2025-10-01,M02,P05,Weld porosity,5,FAIL
QC-0006836,WO-002279,2025-10-01,M02,P05,Surface finish,3,FAIL
QC-0006837,WO-002279,2025-10-01,M02,P05,Assembly mismatch,3,FAIL
QC-0006838,WO-002280,2025-10-01,M02,P02,Assembly mismatch,6,FAIL
QC-0006839,WO-002280,2025-10-01,M02,P02,Surface finish,1,FAIL
QC-0006840,WO-002280,2025-10-01,M02,P02,Dimensional,0,PASS
QC-0006841,WO-002281,2025-10-01,M03,P01,Dimensional,2,FAIL
QC-0006842,WO-002281,2025-10-01,M03,P01,Material defect,3,FAIL
QC-0006843,WO-002281,2025-10-01,M03,P01,Weld porosity,1,FAIL
QC-0006844,WO-002282,2025-10-01,M03,P03,Material defect,5,FAIL
QC-0006845,WO-002282,2025-10-01,M03,P03,Weld porosity,2,FAIL
QC-0006846,WO-002282,2025-10-01,M03,P03,Assembly mismatch,4,FAIL
QC-0006847,WO-002283,2025-10-01,M04,P06,Weld porosity,4,FAIL
QC-0006848,WO-002283,2025-10-01,M04,P06,Surface finish,2,FAIL
QC-0006849,WO-002283,2025-10-01,M04,P06,Cosmetic,1,FAIL
QC-0006850,WO-002284,2025-10-01,M04,P03,Weld porosity,6,FAIL
QC-0006851,WO-002284,2025-10-01,M04,P03,Dimensional,2,FAIL
QC-0006852,WO-002284,2025-10-01,M04,P03,Cosmetic,1,FAIL
QC-0006853,WO-002285,2025-10-01,M05,P01,Cosmetic,2,FAIL
QC-0006854,WO-002285,2025-10-01,M05,P01,Surface finish,3,FAIL
QC-0006855,WO-002285,2025-10-01,M05,P01,Material defect,1,FAIL
QC-0006856,WO-002286,2025-10-01,M05,P01,Cosmetic,2,FAIL
QC-0006857,WO-002286,2025-10-01,M05,P01,Dimensional,2,FAIL
QC-0006858,WO-002286,2025-10-01,M05,P01,Assembly mismatch,0,PASS
QC-0006859,WO-002287,2025-10-01,M06,P06,Weld porosity,2,FAIL
QC-0006860,WO-002287,2025-10-01,M06,P06,Dimensional,4,FAIL
QC-0006861,WO-002287,2025-10-01,M06,P06,Assembly mismatch,1,FAIL
QC-0006862,WO-002288,2025-10-01,M06,P04,Surface finish,2,FAIL
QC-0006863,WO-002288,2025-10-01,M06,P04,Assembly mismatch,3,FAIL
QC-0006864,WO-002288,2025-10-01,M06,P04,Material defect,1,FAIL
QC-0006865,WO-002289,2025-10-02,M01,P02,Weld porosity,1,FAIL
QC-0006866,WO-002289,2025-10-02,M01,P02,Surface finish,4,FAIL
QC-0006867,WO-002289,2025-10-02,M01,P02,Assembly mismatch,0,PASS
QC-0006868,WO-002290,2025-10-02,M01,P01,Assembly mismatch,3,FAIL
QC-0006869,WO-002290,2025-10-02,M01,P01,Material defect,2,FAIL
QC-0006870,WO-002290,2025-10-02,M01,P01,Surface finish,0,PASS
QC-0006871,WO-002291,2025-10-02,M02,P01,Weld porosity,3,FAIL
QC-0006872,WO-002291,2025-10-02,M02,P01,Assembly mismatch,2,FAIL
QC-0006873,WO-002291,2025-10-02,M02,P01,Surface finish,1,FAIL
QC-0006874,WO-002292,2025-10-02,M02,P01,Surface finish,2,FAIL
QC-0006875,WO-002292,2025-10-02,M02,P01,Material defect,1,FAIL
QC-0006876,WO-002292,2025-10-02,M02,P01,Dimensional,0,PASS
QC-0006877,WO-002293,2025-10-02,M03,P01,Assembly mismatch,3,FAIL
QC-0006878,WO-002293,2025-10-02,M03,P01,Surface finish,0,PASS
QC-0006879,WO-002293,2025-10-02,M03,P01,Dimensional,3,FAIL
QC-0006880,WO-002294,2025-10-02,M03,P05,Surface finish,8,FAIL
QC-0006881,WO-002294,2025-10-02,M03,P05,Weld porosity,2,FAIL
QC-0006882,WO-002294,2025-10-02,M03,P05,Assembly mismatch,1,FAIL
QC-0006883,WO-002295,2025-10-02,M04,P03,Weld porosity,9,FAIL
QC-0006884,WO-002295,2025-10-02,M04,P03,Material defect,2,FAIL
QC-0006885,WO-002295,2025-10-02,M04,P03,Assembly mismatch,2,FAIL
QC-0006886,WO-002296,2025-10-02,M04,P03,Assembly mismatch,7,FAIL
QC-0006887,WO-002296,2025-10-02,M04,P03,Cosmetic,2,FAIL
QC-0006888,WO-002296,2025-10-02,M04,P03,Weld porosity,1,FAIL
QC-0006889,WO-002297,2025-10-02,M05,P01,Cosmetic,3,FAIL
QC-0006890,WO-002297,2025-10-02,M05,P01,Dimensional,1,FAIL
QC-0006891,WO-002297,2025-10-02,M05,P01,Weld porosity,1,FAIL
QC-0006892,WO-002298,2025-10-02,M05,P05,Weld porosity,8,FAIL
QC-0006893,WO-002298,2025-10-02,M05,P05,Material defect,0,PASS
QC-0006894,WO-002298,2025-10-02,M05,P05,Assembly mismatch,1,FAIL
QC-0006895,WO-002299,2025-10-02,M06,P05,Surface finish,3,FAIL
QC-0006896,WO-002299,2025-10-02,M06,P05,Material defect,3,FAIL
QC-0006897,WO-002299,2025-10-02,M06,P05,Assembly mismatch,7,FAIL
QC-0006898,WO-002300,2025-10-02,M06,P04,Dimensional,3,FAIL
QC-0006899,WO-002300,2025-10-02,M06,P04,Weld porosity,1,FAIL
QC-0006900,WO-002300,2025-10-02,M06,P04,Surface finish,2,FAIL
QC-0006901,WO-002301,2025-10-03,M01,P01,Cosmetic,3,FAIL
QC-0006902,WO-002301,2025-10-03,M01,P01,Dimensional,2,FAIL
QC-0006903,WO-002301,2025-10-03,M01,P01,Surface finish,2,FAIL
QC-0006904,WO-002302,2025-10-03,M01,P01,Dimensional,5,FAIL
QC-0006905,WO-002302,2025-10-03,M01,P01,Material defect,3,FAIL
QC-0006906,WO-002302,2025-10-03,M01,P01,Assembly mismatch,0,PASS
QC-0006907,WO-002303,2025-10-03,M02,P05,Surface finish,4,FAIL
QC-0006908,WO-002303,2025-10-03,M02,P05,Dimensional,5,FAIL
QC-0006909,WO-002303,2025-10-03,M02,P05,Weld porosity,1,FAIL
QC-0006910,WO-002304,2025-10-03,M02,P02,Dimensional,2,FAIL
QC-0006911,WO-002304,2025-10-03,M02,P02,Material defect,2,FAIL
QC-0006912,WO-002304,2025-10-03,M02,P02,Weld porosity,0,PASS
QC-0006913,WO-002305,2025-10-03,M03,P05,Material defect,10,FAIL
QC-0006914,WO-002305,2025-10-03,M03,P05,Dimensional,0,PASS
QC-0006915,WO-002305,2025-10-03,M03,P05,Assembly mismatch,1,FAIL
QC-0006916,WO-002306,2025-10-03,M03,P05,Surface finish,4,FAIL
QC-0006917,WO-002306,2025-10-03,M03,P05,Material defect,3,FAIL
QC-0006918,WO-002306,2025-10-03,M03,P05,Weld porosity,1,FAIL
QC-0006919,WO-002307,2025-10-03,M04,P03,Material defect,1,FAIL
QC-0006920,WO-002307,2025-10-03,M04,P03,Surface finish,4,FAIL
QC-0006921,WO-002307,2025-10-03,M04,P03,Weld porosity,2,FAIL
QC-0006922,WO-002308,2025-10-03,M04,P04,Weld porosity,3,FAIL
QC-0006923,WO-002308,2025-10-03,M04,P04,Dimensional,2,FAIL
QC-0006924,WO-002308,2025-10-03,M04,P04,Surface finish,0,PASS
QC-0006925,WO-002309,2025-10-03,M05,P05,Weld porosity,4,FAIL
QC-0006926,WO-002309,2025-10-03,M05,P05,Assembly mismatch,3,FAIL
QC-0006927,WO-002309,2025-10-03,M05,P05,Cosmetic,1,FAIL
QC-0006928,WO-002310,2025-10-03,M05,P05,Cosmetic,3,FAIL
QC-0006929,WO-002310,2025-10-03,M05,P05,Assembly mismatch,5,FAIL
QC-0006930,WO-002310,2025-10-03,M05,P05,Weld porosity,0,PASS
QC-0006931,WO-002311,2025-10-03,M06,P06,Assembly mismatch,5,FAIL
QC-0006932,WO-002311,2025-10-03,M06,P06,Dimensional,1,FAIL
QC-0006933,WO-002311,2025-10-03,M06,P06,Material defect,1,FAIL
QC-0006934,WO-002312,2025-10-03,M06,P06,Dimensional,4,FAIL
QC-0006935,WO-002312,2025-10-03,M06,P06,Surface finish,3,FAIL
QC-0006936,WO-002312,2025-10-03,M06,P06,Material defect,0,PASS
QC-0006937,WO-002313,2025-10-06,M01,P03,Surface finish,5,FAIL
QC-0006938,WO-002313,2025-10-06,M01,P03,Cosmetic,0,PASS
QC-0006939,WO-002313,2025-10-06,M01,P03,Material defect,2,FAIL
QC-0006940,WO-002314,2025-10-06,M01,P03,Dimensional,4,FAIL
QC-0006941,WO-002314,2025-10-06,M01,P03,Cosmetic,3,FAIL
QC-0006942,WO-002314,2025-10-06,M01,P03,Weld porosity,1,FAIL
QC-0006943,WO-002315,2025-10-06,M02,P02,Material defect,3,FAIL
QC-0006944,WO-002315,2025-10-06,M02,P02,Cosmetic,3,FAIL
QC-0006945,WO-002315,2025-10-06,M02,P02,Surface finish,0,PASS
QC-0006946,WO-002316,2025-10-06,M02,P05,Weld porosity,6,FAIL
QC-0006947,WO-002316,2025-10-06,M02,P05,Dimensional,2,FAIL
QC-0006948,WO-002316,2025-10-06,M02,P05,Surface finish,1,FAIL
QC-0006949,WO-002317,2025-10-06,M03,P03,Material defect,2,FAIL
QC-0006950,WO-002317,2025-10-06,M03,P03,Dimensional,2,FAIL
QC-0006951,WO-002317,2025-10-06,M03,P03,Cosmetic,0,PASS
QC-0006952,WO-002318,2025-10-06,M03,P05,Surface finish,7,FAIL
QC-0006953,WO-002318,2025-10-06,M03,P05,Weld porosity,1,FAIL
QC-0006954,WO-002318,2025-10-06,M03,P05,Dimensional,0,PASS
QC-0006955,WO-002319,2025-10-06,M04,P06,Assembly mismatch,2,FAIL
QC-0006956,WO-002319,2025-10-06,M04,P06,Weld porosity,2,FAIL
QC-0006957,WO-002319,2025-10-06,M04,P06,Surface finish,1,FAIL
QC-0006958,WO-002320,2025-10-06,M04,P06,Weld porosity,0,PASS
QC-0006959,WO-002320,2025-10-06,M04,P06,Assembly mismatch,5,FAIL
QC-0006960,WO-002320,2025-10-06,M04,P06,Material defect,1,FAIL
QC-0006961,WO-002321,2025-10-06,M05,P01,Assembly mismatch,3,FAIL
QC-0006962,WO-002321,2025-10-06,M05,P01,Cosmetic,5,FAIL
QC-0006963,WO-002321,2025-10-06,M05,P01,Surface finish,0,PASS
QC-0006964,WO-002322,2025-10-06,M05,P05,Weld porosity,7,FAIL
QC-0006965,WO-002322,2025-10-06,M05,P05,Assembly mismatch,2,FAIL
QC-0006966,WO-002322,2025-10-06,M05,P05,Cosmetic,1,FAIL
QC-0006967,WO-002323,2025-10-06,M06,P05,Cosmetic,5,FAIL
QC-0006968,WO-002323,2025-10-06,M06,P05,Surface finish,3,FAIL
QC-0006969,WO-002323,2025-10-06,M06,P05,Weld porosity,2,FAIL
QC-0006970,WO-002324,2025-10-06,M06,P06,Cosmetic,4,FAIL
QC-0006971,WO-002324,2025-10-06,M06,P06,Material defect,0,PASS
QC-0006972,WO-002324,2025-10-06,M06,P06,Weld porosity,2,FAIL
QC-0006973,WO-002325,2025-10-07,M01,P02,Dimensional,2,FAIL
QC-0006974,WO-002325,2025-10-07,M01,P02,Weld porosity,2,FAIL
QC-0006975,WO-002325,2025-10-07,M01,P02,Surface finish,1,FAIL
QC-0006976,WO-002326,2025-10-07,M01,P02,Surface finish,5,FAIL
QC-0006977,WO-002326,2025-10-07,M01,P02,Cosmetic,0,PASS
QC-0006978,WO-002326,2025-10-07,M01,P02,Material defect,1,FAIL
QC-0006979,WO-002327,2025-10-07,M02,P05,Cosmetic,4,FAIL
QC-0006980,WO-002327,2025-10-07,M02,P05,Weld porosity,3,FAIL
QC-0006981,WO-002327,2025-10-07,M02,P05,Assembly mismatch,1,FAIL
QC-0006982,WO-002328,2025-10-07,M02,P05,Assembly mismatch,3,FAIL
QC-0006983,WO-002328,2025-10-07,M02,P05,Dimensional,4,FAIL
QC-0006984,WO-002328,2025-10-07,M02,P05,Surface finish,1,FAIL
QC-0006985,WO-002329,2025-10-07,M03,P05,Cosmetic,6,FAIL
QC-0006986,WO-002329,2025-10-07,M03,P05,Material defect,2,FAIL
QC-0006987,WO-002329,2025-10-07,M03,P05,Surface finish,1,FAIL
QC-0006988,WO-002330,2025-10-07,M03,P03,Material defect,8,FAIL
QC-0006989,WO-002330,2025-10-07,M03,P03,Cosmetic,0,PASS
QC-0006990,WO-002330,2025-10-07,M03,P03,Weld porosity,2,FAIL
QC-0006991,WO-002331,2025-10-07,M04,P06,Weld porosity,3,FAIL
QC-0006992,WO-002331,2025-10-07,M04,P06,Surface finish,2,FAIL
QC-0006993,WO-002331,2025-10-07,M04,P06,Cosmetic,1,FAIL
QC-0006994,WO-002332,2025-10-07,M04,P04,Weld porosity,3,FAIL
QC-0006995,WO-002332,2025-10-07,M04,P04,Material defect,1,FAIL
QC-0006996,WO-002332,2025-10-07,M04,P04,Cosmetic,1,FAIL
QC-0006997,WO-002333,2025-10-07,M05,P04,Dimensional,2,FAIL
QC-0006998,WO-002333,2025-10-07,M05,P04,Surface finish,1,FAIL
QC-0006999,WO-002333,2025-10-07,M05,P04,Material defect,1,FAIL
QC-0007000,WO-002334,2025-10-07,M05,P05,Cosmetic,7,FAIL
QC-0007001,WO-002334,2025-10-07,M05,P05,Material defect,2,FAIL
QC-0007002,WO-002334,2025-10-07,M05,P05,Assembly mismatch,1,FAIL
QC-0007003,WO-002335,2025-10-07,M06,P04,Cosmetic,2,FAIL
QC-0007004,WO-002335,2025-10-07,M06,P04,Surface finish,1,FAIL
QC-0007005,WO-002335,2025-10-07,M06,P04,Weld porosity,0,PASS
QC-0007006,WO-002336,2025-10-07,M06,P05,Cosmetic,4,FAIL
QC-0007007,WO-002336,2025-10-07,M06,P05,Assembly mismatch,4,FAIL
QC-0007008,WO-002336,2025-10-07,M06,P05,Surface finish,1,FAIL
QC-0007009,WO-002337,2025-10-08,M01,P01,Cosmetic,4,FAIL
QC-0007010,WO-002337,2025-10-08,M01,P01,Weld porosity,3,FAIL
QC-0007011,WO-002337,2025-10-08,M01,P01,Surface finish,0,PASS
QC-0007012,WO-002338,2025-10-08,M01,P02,Material defect,5,FAIL
QC-0007013,WO-002338,2025-10-08,M01,P02,Surface finish,1,FAIL
QC-0007014,WO-002338,2025-10-08,M01,P02,Weld porosity,1,FAIL
QC-0007015,WO-002339,2025-10-08,M02,P02,Cosmetic,3,FAIL
QC-0007016,WO-002339,2025-10-08,M02,P02,Surface finish,4,FAIL
QC-0007017,WO-002339,2025-10-08,M02,P02,Material defect,0,PASS
QC-0007018,WO-002340,2025-10-08,M02,P05,Assembly mismatch,5,FAIL
QC-0007019,WO-002340,2025-10-08,M02,P05,Dimensional,3,FAIL
QC-0007020,WO-002340,2025-10-08,M02,P05,Cosmetic,2,FAIL
QC-0007021,WO-002341,2025-10-08,M03,P05,Assembly mismatch,5,FAIL
QC-0007022,WO-002341,2025-10-08,M03,P05,Weld porosity,3,FAIL
QC-0007023,WO-002341,2025-10-08,M03,P05,Cosmetic,0,PASS
QC-0007024,WO-002342,2025-10-08,M03,P05,Material defect,3,FAIL
QC-0007025,WO-002342,2025-10-08,M03,P05,Assembly mismatch,4,FAIL
QC-0007026,WO-002342,2025-10-08,M03,P05,Dimensional,1,FAIL
QC-0007027,WO-002343,2025-10-08,M04,P06,Weld porosity,5,FAIL
QC-0007028,WO-002343,2025-10-08,M04,P06,Material defect,1,FAIL
QC-0007029,WO-002343,2025-10-08,M04,P06,Dimensional,1,FAIL
QC-0007030,WO-002344,2025-10-08,M04,P03,Weld porosity,9,FAIL
QC-0007031,WO-002344,2025-10-08,M04,P03,Cosmetic,1,FAIL
QC-0007032,WO-002344,2025-10-08,M04,P03,Dimensional,2,FAIL
QC-0007033,WO-002345,2025-10-08,M05,P05,Dimensional,4,FAIL
QC-0007034,WO-002345,2025-10-08,M05,P05,Assembly mismatch,2,FAIL
QC-0007035,WO-002345,2025-10-08,M05,P05,Surface finish,2,FAIL
QC-0007036,WO-002346,2025-10-08,M05,P06,Surface finish,3,FAIL
QC-0007037,WO-002346,2025-10-08,M05,P06,Assembly mismatch,3,FAIL
QC-0007038,WO-002346,2025-10-08,M05,P06,Dimensional,0,PASS
QC-0007039,WO-002347,2025-10-08,M06,P05,Cosmetic,5,FAIL
QC-0007040,WO-002347,2025-10-08,M06,P05,Material defect,2,FAIL
QC-0007041,WO-002347,2025-10-08,M06,P05,Surface finish,1,FAIL
QC-0007042,WO-002348,2025-10-08,M06,P06,Material defect,4,FAIL
QC-0007043,WO-002348,2025-10-08,M06,P06,Dimensional,1,FAIL
QC-0007044,WO-002348,2025-10-08,M06,P06,Surface finish,2,FAIL
QC-0007045,WO-002349,2025-10-09,M01,P01,Weld porosity,4,FAIL
QC-0007046,WO-002349,2025-10-09,M01,P01,Surface finish,1,FAIL
QC-0007047,WO-002349,2025-10-09,M01,P01,Cosmetic,0,PASS
QC-0007048,WO-002350,2025-10-09,M01,P02,Weld porosity,4,FAIL
QC-0007049,WO-002350,2025-10-09,M01,P02,Surface finish,3,FAIL
QC-0007050,WO-002350,2025-10-09,M01,P02,Assembly mismatch,2,FAIL
QC-0007051,WO-002351,2025-10-09,M02,P05,Surface finish,6,FAIL
QC-0007052,WO-002351,2025-10-09,M02,P05,Dimensional,2,FAIL
QC-0007053,WO-002351,2025-10-09,M02,P05,Cosmetic,3,FAIL
QC-0007054,WO-002352,2025-10-09,M02,P01,Cosmetic,4,FAIL
QC-0007055,WO-002352,2025-10-09,M02,P01,Material defect,1,FAIL
QC-0007056,WO-002352,2025-10-09,M02,P01,Weld porosity,0,PASS
QC-0007057,WO-002353,2025-10-09,M03,P01,Weld porosity,1,FAIL
QC-0007058,WO-002353,2025-10-09,M03,P01,Cosmetic,3,FAIL
QC-0007059,WO-002353,2025-10-09,M03,P01,Material defect,0,PASS
QC-0007060,WO-002354,2025-10-09,M03,P03,Cosmetic,2,FAIL
QC-0007061,WO-002354,2025-10-09,M03,P03,Material defect,1,FAIL
QC-0007062,WO-002354,2025-10-09,M03,P03,Dimensional,1,FAIL
QC-0007063,WO-002355,2025-10-09,M04,P06,Weld porosity,4,FAIL
QC-0007064,WO-002355,2025-10-09,M04,P06,Cosmetic,0,PASS
QC-0007065,WO-002355,2025-10-09,M04,P06,Surface finish,1,FAIL
QC-0007066,WO-002356,2025-10-09,M04,P06,Weld porosity,4,FAIL
QC-0007067,WO-002356,2025-10-09,M04,P06,Assembly mismatch,0,PASS
QC-0007068,WO-002356,2025-10-09,M04,P06,Cosmetic,1,FAIL
QC-0007069,WO-002357,2025-10-09,M05,P06,Assembly mismatch,6,FAIL
QC-0007070,WO-002357,2025-10-09,M05,P06,Cosmetic,0,PASS
QC-0007071,WO-002357,2025-10-09,M05,P06,Material defect,0,PASS
QC-0007072,WO-002358,2025-10-09,M05,P04,Assembly mismatch,3,FAIL
QC-0007073,WO-002358,2025-10-09,M05,P04,Cosmetic,2,FAIL
QC-0007074,WO-002358,2025-10-09,M05,P04,Material defect,0,PASS
QC-0007075,WO-002359,2025-10-09,M06,P01,Weld porosity,3,FAIL
QC-0007076,WO-002359,2025-10-09,M06,P01,Cosmetic,0,PASS
QC-0007077,WO-002359,2025-10-09,M06,P01,Assembly mismatch,3,FAIL
QC-0007078,WO-002360,2025-10-09,M06,P01,Assembly mismatch,3,FAIL
QC-0007079,WO-002360,2025-10-09,M06,P01,Dimensional,1,FAIL
QC-0007080,WO-002360,2025-10-09,M06,P01,Cosmetic,1,FAIL
QC-0007081,WO-002361,2025-10-10,M01,P02,Assembly mismatch,1,FAIL
QC-0007082,WO-002361,2025-10-10,M01,P02,Material defect,2,FAIL
QC-0007083,WO-002361,2025-10-10,M01,P02,Weld porosity,1,FAIL
QC-0007084,WO-002362,2025-10-10,M01,P01,Weld porosity,7,FAIL
QC-0007085,WO-002362,2025-10-10,M01,P01,Material defect,0,PASS
QC-0007086,WO-002362,2025-10-10,M01,P01,Surface finish,0,PASS
QC-0007087,WO-002363,2025-10-10,M02,P05,Dimensional,6,FAIL
QC-0007088,WO-002363,2025-10-10,M02,P05,Surface finish,2,FAIL
QC-0007089,WO-002363,2025-10-10,M02,P05,Material defect,1,FAIL
QC-0007090,WO-002364,2025-10-10,M02,P05,Weld porosity,6,FAIL
QC-0007091,WO-002364,2025-10-10,M02,P05,Dimensional,5,FAIL
QC-0007092,WO-002364,2025-10-10,M02,P05,Surface finish,1,FAIL
QC-0007093,WO-002365,2025-10-10,M03,P03,Assembly mismatch,5,FAIL
QC-0007094,WO-002365,2025-10-10,M03,P03,Surface finish,1,FAIL
QC-0007095,WO-002365,2025-10-10,M03,P03,Cosmetic,1,FAIL
QC-0007096,WO-002366,2025-10-10,M04,P03,Weld porosity,7,FAIL
QC-0007097,WO-002366,2025-10-10,M04,P03,Surface finish,4,FAIL
QC-0007098,WO-002366,2025-10-10,M04,P03,Material defect,1,FAIL
QC-0007099,WO-002367,2025-10-10,M05,P04,Material defect,2,FAIL
QC-0007100,WO-002367,2025-10-10,M05,P04,Surface finish,1,FAIL
QC-0007101,WO-002367,2025-10-10,M05,P04,Assembly mismatch,0,PASS
QC-0007102,WO-002368,2025-10-10,M05,P05,Dimensional,7,FAIL
QC-0007103,WO-002368,2025-10-10,M05,P05,Material defect,5,FAIL
QC-0007104,WO-002368,2025-10-10,M05,P05,Surface finish,1,FAIL
QC-0007105,WO-002369,2025-10-10,M06,P04,Cosmetic,1,FAIL
QC-0007106,WO-002369,2025-10-10,M06,P04,Weld porosity,1,FAIL
QC-0007107,WO-002369,2025-10-10,M06,P04,Material defect,1,FAIL
QC-0007108,WO-002370,2025-10-10,M06,P04,Dimensional,0,PASS
QC-0007109,WO-002370,2025-10-10,M06,P04,Assembly mismatch,4,FAIL
QC-0007110,WO-002370,2025-10-10,M06,P04,Weld porosity,0,PASS
QC-0007111,WO-002371,2025-10-13,M01,P02,Dimensional,4,FAIL
QC-0007112,WO-002371,2025-10-13,M01,P02,Surface finish,3,FAIL
QC-0007113,WO-002371,2025-10-13,M01,P02,Assembly mismatch,0,PASS
QC-0007114,WO-002372,2025-10-13,M01,P03,Dimensional,3,FAIL
QC-0007115,WO-002372,2025-10-13,M01,P03,Material defect,5,FAIL
QC-0007116,WO-002372,2025-10-13,M01,P03,Surface finish,1,FAIL
QC-0007117,WO-002373,2025-10-13,M02,P05,Assembly mismatch,3,FAIL
QC-0007118,WO-002373,2025-10-13,M02,P05,Surface finish,1,FAIL
QC-0007119,WO-002373,2025-10-13,M02,P05,Weld porosity,2,FAIL
QC-0007120,WO-002374,2025-10-13,M02,P02,Surface finish,1,FAIL
QC-0007121,WO-002374,2025-10-13,M02,P02,Material defect,3,FAIL
QC-0007122,WO-002374,2025-10-13,M02,P02,Dimensional,0,PASS
QC-0007123,WO-002375,2025-10-13,M03,P01,Assembly mismatch,4,FAIL
QC-0007124,WO-002375,2025-10-13,M03,P01,Surface finish,1,FAIL
QC-0007125,WO-002375,2025-10-13,M03,P01,Cosmetic,1,FAIL
QC-0007126,WO-002376,2025-10-13,M03,P05,Weld porosity,6,FAIL
QC-0007127,WO-002376,2025-10-13,M03,P05,Material defect,3,FAIL
QC-0007128,WO-002376,2025-10-13,M03,P05,Surface finish,1,FAIL
QC-0007129,WO-002377,2025-10-13,M04,P04,Surface finish,1,FAIL
QC-0007130,WO-002377,2025-10-13,M04,P04,Cosmetic,4,FAIL
QC-0007131,WO-002377,2025-10-13,M04,P04,Weld porosity,1,FAIL
QC-0007132,WO-002378,2025-10-13,M04,P04,Weld porosity,3,FAIL
QC-0007133,WO-002378,2025-10-13,M04,P04,Cosmetic,1,FAIL
QC-0007134,WO-002378,2025-10-13,M04,P04,Surface finish,0,PASS
QC-0007135,WO-002379,2025-10-13,M05,P06,Cosmetic,3,FAIL
QC-0007136,WO-002379,2025-10-13,M05,P06,Surface finish,1,FAIL
QC-0007137,WO-002379,2025-10-13,M05,P06,Material defect,2,FAIL
QC-0007138,WO-002380,2025-10-13,M05,P05,Cosmetic,7,FAIL
QC-0007139,WO-002380,2025-10-13,M05,P05,Assembly mismatch,3,FAIL
QC-0007140,WO-002380,2025-10-13,M05,P05,Weld porosity,2,FAIL
QC-0007141,WO-002381,2025-10-13,M06,P06,Material defect,3,FAIL
QC-0007142,WO-002381,2025-10-13,M06,P06,Cosmetic,1,FAIL
QC-0007143,WO-002381,2025-10-13,M06,P06,Surface finish,2,FAIL
QC-0007144,WO-002382,2025-10-13,M06,P01,Weld porosity,2,FAIL
QC-0007145,WO-002382,2025-10-13,M06,P01,Assembly mismatch,2,FAIL
QC-0007146,WO-002382,2025-10-13,M06,P01,Surface finish,2,FAIL
QC-0007147,WO-002383,2025-10-14,M01,P02,Cosmetic,3,FAIL
QC-0007148,WO-002383,2025-10-14,M01,P02,Surface finish,2,FAIL
QC-0007149,WO-002383,2025-10-14,M01,P02,Weld porosity,2,FAIL
QC-0007150,WO-002384,2025-10-14,M01,P01,Assembly mismatch,3,FAIL
QC-0007151,WO-002384,2025-10-14,M01,P01,Weld porosity,2,FAIL
QC-0007152,WO-002384,2025-10-14,M01,P01,Dimensional,0,PASS
QC-0007153,WO-002385,2025-10-14,M02,P01,Surface finish,2,FAIL
QC-0007154,WO-002385,2025-10-14,M02,P01,Dimensional,2,FAIL
QC-0007155,WO-002385,2025-10-14,M02,P01,Material defect,1,FAIL
QC-0007156,WO-002386,2025-10-14,M02,P02,Assembly mismatch,4,FAIL
QC-0007157,WO-002386,2025-10-14,M02,P02,Cosmetic,1,FAIL
QC-0007158,WO-002386,2025-10-14,M02,P02,Dimensional,0,PASS
QC-0007159,WO-002387,2025-10-14,M03,P03,Cosmetic,4,FAIL
QC-0007160,WO-002387,2025-10-14,M03,P03,Dimensional,1,FAIL
QC-0007161,WO-002387,2025-10-14,M03,P03,Weld porosity,3,FAIL
QC-0007162,WO-002388,2025-10-14,M03,P05,Assembly mismatch,7,FAIL
QC-0007163,WO-002388,2025-10-14,M03,P05,Cosmetic,1,FAIL
QC-0007164,WO-002388,2025-10-14,M03,P05,Material defect,2,FAIL
QC-0007165,WO-002389,2025-10-14,M04,P06,Weld porosity,2,FAIL
QC-0007166,WO-002389,2025-10-14,M04,P06,Material defect,4,FAIL
QC-0007167,WO-002389,2025-10-14,M04,P06,Assembly mismatch,0,PASS
QC-0007168,WO-002390,2025-10-14,M04,P03,Material defect,4,FAIL
QC-0007169,WO-002390,2025-10-14,M04,P03,Weld porosity,4,FAIL
QC-0007170,WO-002390,2025-10-14,M04,P03,Cosmetic,1,FAIL
QC-0007171,WO-002391,2025-10-14,M05,P06,Material defect,3,FAIL
QC-0007172,WO-002391,2025-10-14,M05,P06,Cosmetic,3,FAIL
QC-0007173,WO-002391,2025-10-14,M05,P06,Weld porosity,1,FAIL
QC-0007174,WO-002392,2025-10-14,M05,P04,Weld porosity,4,FAIL
QC-0007175,WO-002392,2025-10-14,M05,P04,Dimensional,1,FAIL
QC-0007176,WO-002392,2025-10-14,M05,P04,Surface finish,0,PASS
QC-0007177,WO-002393,2025-10-14,M06,P06,Surface finish,6,FAIL
QC-0007178,WO-002393,2025-10-14,M06,P06,Material defect,0,PASS
QC-0007179,WO-002393,2025-10-14,M06,P06,Cosmetic,0,PASS
QC-0007180,WO-002394,2025-10-14,M06,P01,Material defect,2,FAIL
QC-0007181,WO-002394,2025-10-14,M06,P01,Cosmetic,4,FAIL
QC-0007182,WO-002394,2025-10-14,M06,P01,Surface finish,2,FAIL
QC-0007183,WO-002395,2025-10-15,M01,P03,Cosmetic,5,FAIL
QC-0007184,WO-002395,2025-10-15,M01,P03,Assembly mismatch,4,FAIL
QC-0007185,WO-002395,2025-10-15,M01,P03,Dimensional,0,PASS
QC-0007186,WO-002396,2025-10-15,M01,P03,Weld porosity,4,FAIL
QC-0007187,WO-002396,2025-10-15,M01,P03,Material defect,2,FAIL
QC-0007188,WO-002396,2025-10-15,M01,P03,Surface finish,4,FAIL
QC-0007189,WO-002397,2025-10-15,M02,P02,Weld porosity,7,FAIL
QC-0007190,WO-002397,2025-10-15,M02,P02,Surface finish,2,FAIL
QC-0007191,WO-002397,2025-10-15,M02,P02,Material defect,0,PASS
QC-0007192,WO-002398,2025-10-15,M02,P01,Surface finish,3,FAIL
QC-0007193,WO-002398,2025-10-15,M02,P01,Assembly mismatch,0,PASS
QC-0007194,WO-002398,2025-10-15,M02,P01,Material defect,0,PASS
QC-0007195,WO-002399,2025-10-15,M03,P01,Material defect,1,FAIL
QC-0007196,WO-002399,2025-10-15,M03,P01,Surface finish,4,FAIL
QC-0007197,WO-002399,2025-10-15,M03,P01,Weld porosity,1,FAIL
QC-0007198,WO-002400,2025-10-15,M03,P03,Surface finish,6,FAIL
QC-0007199,WO-002400,2025-10-15,M03,P03,Material defect,4,FAIL
QC-0007200,WO-002400,2025-10-15,M03,P03,Assembly mismatch,0,PASS
QC-0007201,WO-002401,2025-10-15,M04,P06,Weld porosity,4,FAIL
QC-0007202,WO-002401,2025-10-15,M04,P06,Cosmetic,1,FAIL
QC-0007203,WO-002401,2025-10-15,M04,P06,Dimensional,1,FAIL
QC-0007204,WO-002402,2025-10-15,M04,P03,Weld porosity,5,FAIL
QC-0007205,WO-002402,2025-10-15,M04,P03,Assembly mismatch,2,FAIL
QC-0007206,WO-002402,2025-10-15,M04,P03,Cosmetic,3,FAIL
QC-0007207,WO-002403,2025-10-15,M05,P06,Weld porosity,3,FAIL
QC-0007208,WO-002403,2025-10-15,M05,P06,Cosmetic,1,FAIL
QC-0007209,WO-002403,2025-10-15,M05,P06,Assembly mismatch,2,FAIL
QC-0007210,WO-002404,2025-10-15,M05,P05,Dimensional,6,FAIL
QC-0007211,WO-002404,2025-10-15,M05,P05,Cosmetic,1,FAIL
QC-0007212,WO-002404,2025-10-15,M05,P05,Weld porosity,2,FAIL
QC-0007213,WO-002405,2025-10-15,M06,P01,Dimensional,2,FAIL
QC-0007214,WO-002405,2025-10-15,M06,P01,Surface finish,0,PASS
QC-0007215,WO-002405,2025-10-15,M06,P01,Weld porosity,1,FAIL
QC-0007216,WO-002406,2025-10-15,M06,P01,Dimensional,1,FAIL
QC-0007217,WO-002406,2025-10-15,M06,P01,Assembly mismatch,1,FAIL
QC-0007218,WO-002406,2025-10-15,M06,P01,Material defect,5,FAIL
QC-0007219,WO-002407,2025-10-16,M01,P01,Weld porosity,2,FAIL
QC-0007220,WO-002407,2025-10-16,M01,P01,Surface finish,2,FAIL
QC-0007221,WO-002407,2025-10-16,M01,P01,Dimensional,0,PASS
QC-0007222,WO-002408,2025-10-16,M01,P03,Material defect,2,FAIL
QC-0007223,WO-002408,2025-10-16,M01,P03,Weld porosity,1,FAIL
QC-0007224,WO-002408,2025-10-16,M01,P03,Dimensional,1,FAIL
QC-0007225,WO-002409,2025-10-16,M02,P05,Material defect,4,FAIL
QC-0007226,WO-002409,2025-10-16,M02,P05,Assembly mismatch,4,FAIL
QC-0007227,WO-002409,2025-10-16,M02,P05,Cosmetic,3,FAIL
QC-0007228,WO-002410,2025-10-16,M02,P05,Material defect,3,FAIL
QC-0007229,WO-002410,2025-10-16,M02,P05,Assembly mismatch,2,FAIL
QC-0007230,WO-002410,2025-10-16,M02,P05,Dimensional,2,FAIL
QC-0007231,WO-002411,2025-10-16,M03,P03,Material defect,3,FAIL
QC-0007232,WO-002411,2025-10-16,M03,P03,Assembly mismatch,0,PASS
QC-0007233,WO-002411,2025-10-16,M03,P03,Surface finish,0,PASS
QC-0007234,WO-002412,2025-10-16,M03,P01,Surface finish,3,FAIL
QC-0007235,WO-002412,2025-10-16,M03,P01,Material defect,0,PASS
QC-0007236,WO-002412,2025-10-16,M03,P01,Cosmetic,1,FAIL
QC-0007237,WO-002413,2025-10-16,M04,P06,Material defect,1,FAIL
QC-0007238,WO-002413,2025-10-16,M04,P06,Assembly mismatch,4,FAIL
QC-0007239,WO-002413,2025-10-16,M04,P06,Weld porosity,0,PASS
QC-0007240,WO-002414,2025-10-16,M04,P04,Weld porosity,4,FAIL
QC-0007241,WO-002414,2025-10-16,M04,P04,Dimensional,1,FAIL
QC-0007242,WO-002414,2025-10-16,M04,P04,Material defect,0,PASS
QC-0007243,WO-002415,2025-10-16,M05,P06,Surface finish,6,FAIL
QC-0007244,WO-002415,2025-10-16,M05,P06,Cosmetic,1,FAIL
QC-0007245,WO-002415,2025-10-16,M05,P06,Material defect,0,PASS
QC-0007246,WO-002416,2025-10-16,M05,P06,Cosmetic,4,FAIL
QC-0007247,WO-002416,2025-10-16,M05,P06,Assembly mismatch,0,PASS
QC-0007248,WO-002416,2025-10-16,M05,P06,Weld porosity,1,FAIL
QC-0007249,WO-002417,2025-10-16,M06,P01,Surface finish,3,FAIL
QC-0007250,WO-002417,2025-10-16,M06,P01,Material defect,3,FAIL
QC-0007251,WO-002417,2025-10-16,M06,P01,Weld porosity,0,PASS
QC-0007252,WO-002418,2025-10-16,M06,P05,Weld porosity,6,FAIL
QC-0007253,WO-002418,2025-10-16,M06,P05,Assembly mismatch,2,FAIL
QC-0007254,WO-002418,2025-10-16,M06,P05,Dimensional,2,FAIL
QC-0007255,WO-002419,2025-10-17,M01,P03,Weld porosity,4,FAIL
QC-0007256,WO-002419,2025-10-17,M01,P03,Cosmetic,4,FAIL
QC-0007257,WO-002419,2025-10-17,M01,P03,Material defect,0,PASS
QC-0007258,WO-002420,2025-10-17,M01,P02,Surface finish,3,FAIL
QC-0007259,WO-002420,2025-10-17,M01,P02,Cosmetic,2,FAIL
QC-0007260,WO-002420,2025-10-17,M01,P02,Assembly mismatch,1,FAIL
QC-0007261,WO-002421,2025-10-17,M02,P01,Assembly mismatch,5,FAIL
QC-0007262,WO-002421,2025-10-17,M02,P01,Dimensional,2,FAIL
QC-0007263,WO-002421,2025-10-17,M02,P01,Cosmetic,0,PASS
QC-0007264,WO-002422,2025-10-17,M02,P05,Material defect,3,FAIL
QC-0007265,WO-002422,2025-10-17,M02,P05,Weld porosity,3,FAIL
QC-0007266,WO-002422,2025-10-17,M02,P05,Surface finish,2,FAIL
QC-0007267,WO-002423,2025-10-17,M03,P05,Material defect,3,FAIL
QC-0007268,WO-002423,2025-10-17,M03,P05,Cosmetic,2,FAIL
QC-0007269,WO-002423,2025-10-17,M03,P05,Assembly mismatch,1,FAIL
QC-0007270,WO-002424,2025-10-17,M03,P01,Material defect,3,FAIL
QC-0007271,WO-002424,2025-10-17,M03,P01,Surface finish,2,FAIL
QC-0007272,WO-002424,2025-10-17,M03,P01,Assembly mismatch,1,FAIL
QC-0007273,WO-002425,2025-10-17,M04,P04,Weld porosity,1,FAIL
QC-0007274,WO-002425,2025-10-17,M04,P04,Assembly mismatch,2,FAIL
QC-0007275,WO-002425,2025-10-17,M04,P04,Cosmetic,2,FAIL
QC-0007276,WO-002426,2025-10-17,M04,P04,Weld porosity,5,FAIL
QC-0007277,WO-002426,2025-10-17,M04,P04,Material defect,1,FAIL
QC-0007278,WO-002426,2025-10-17,M04,P04,Dimensional,0,PASS
QC-0007279,WO-002427,2025-10-17,M05,P01,Cosmetic,6,FAIL
QC-0007280,WO-002427,2025-10-17,M05,P01,Assembly mismatch,0,PASS
QC-0007281,WO-002427,2025-10-17,M05,P01,Surface finish,0,PASS
QC-0007282,WO-002428,2025-10-17,M05,P01,Dimensional,5,FAIL
QC-0007283,WO-002428,2025-10-17,M05,P01,Assembly mismatch,2,FAIL
QC-0007284,WO-002428,2025-10-17,M05,P01,Weld porosity,1,FAIL
QC-0007285,WO-002429,2025-10-17,M06,P05,Weld porosity,7,FAIL
QC-0007286,WO-002429,2025-10-17,M06,P05,Dimensional,4,FAIL
QC-0007287,WO-002429,2025-10-17,M06,P05,Material defect,0,PASS
QC-0007288,WO-002430,2025-10-17,M06,P01,Surface finish,3,FAIL
QC-0007289,WO-002430,2025-10-17,M06,P01,Assembly mismatch,1,FAIL
QC-0007290,WO-002430,2025-10-17,M06,P01,Weld porosity,2,FAIL
QC-0007291,WO-002431,2025-10-20,M01,P03,Weld porosity,4,FAIL
QC-0007292,WO-002431,2025-10-20,M01,P03,Material defect,2,FAIL
QC-0007293,WO-002431,2025-10-20,M01,P03,Assembly mismatch,0,PASS
QC-0007294,WO-002432,2025-10-20,M01,P03,Cosmetic,4,FAIL
QC-0007295,WO-002432,2025-10-20,M01,P03,Material defect,2,FAIL
QC-0007296,WO-002432,2025-10-20,M01,P03,Surface finish,2,FAIL
QC-0007297,WO-002433,2025-10-20,M02,P01,Cosmetic,3,FAIL
QC-0007298,WO-002433,2025-10-20,M02,P01,Assembly mismatch,1,FAIL
QC-0007299,WO-002433,2025-10-20,M02,P01,Surface finish,1,FAIL
QC-0007300,WO-002434,2025-10-20,M02,P05,Surface finish,5,FAIL
QC-0007301,WO-002434,2025-10-20,M02,P05,Weld porosity,3,FAIL
QC-0007302,WO-002434,2025-10-20,M02,P05,Material defect,1,FAIL
QC-0007303,WO-002435,2025-10-20,M03,P01,Surface finish,4,FAIL
QC-0007304,WO-002435,2025-10-20,M03,P01,Dimensional,2,FAIL
QC-0007305,WO-002435,2025-10-20,M03,P01,Assembly mismatch,2,FAIL
QC-0007306,WO-002436,2025-10-20,M03,P01,Assembly mismatch,4,FAIL
QC-0007307,WO-002436,2025-10-20,M03,P01,Material defect,1,FAIL
QC-0007308,WO-002436,2025-10-20,M03,P01,Dimensional,0,PASS
QC-0007309,WO-002437,2025-10-20,M04,P04,Dimensional,0,PASS
QC-0007310,WO-002437,2025-10-20,M04,P04,Weld porosity,3,FAIL
QC-0007311,WO-002437,2025-10-20,M04,P04,Material defect,1,FAIL
QC-0007312,WO-002438,2025-10-20,M04,P06,Weld porosity,2,FAIL
QC-0007313,WO-002438,2025-10-20,M04,P06,Cosmetic,3,FAIL
QC-0007314,WO-002438,2025-10-20,M04,P06,Dimensional,0,PASS
QC-0007315,WO-002439,2025-10-20,M05,P06,Surface finish,3,FAIL
QC-0007316,WO-002439,2025-10-20,M05,P06,Cosmetic,1,FAIL
QC-0007317,WO-002439,2025-10-20,M05,P06,Material defect,1,FAIL
QC-0007318,WO-002440,2025-10-20,M05,P01,Assembly mismatch,5,FAIL
QC-0007319,WO-002440,2025-10-20,M05,P01,Cosmetic,1,FAIL
QC-0007320,WO-002440,2025-10-20,M05,P01,Weld porosity,1,FAIL
QC-0007321,WO-002441,2025-10-20,M06,P05,Assembly mismatch,7,FAIL
QC-0007322,WO-002441,2025-10-20,M06,P05,Cosmetic,3,FAIL
QC-0007323,WO-002441,2025-10-20,M06,P05,Surface finish,2,FAIL
QC-0007324,WO-002442,2025-10-20,M06,P05,Assembly mismatch,8,FAIL
QC-0007325,WO-002442,2025-10-20,M06,P05,Material defect,4,FAIL
QC-0007326,WO-002442,2025-10-20,M06,P05,Dimensional,2,FAIL
QC-0007327,WO-002443,2025-10-21,M01,P01,Assembly mismatch,3,FAIL
QC-0007328,WO-002443,2025-10-21,M01,P01,Surface finish,2,FAIL
QC-0007329,WO-002443,2025-10-21,M01,P01,Material defect,2,FAIL
QC-0007330,WO-002444,2025-10-21,M01,P01,Cosmetic,5,FAIL
QC-0007331,WO-002444,2025-10-21,M01,P01,Assembly mismatch,2,FAIL
QC-0007332,WO-002444,2025-10-21,M01,P01,Material defect,1,FAIL
QC-0007333,WO-002445,2025-10-21,M02,P01,Dimensional,3,FAIL
QC-0007334,WO-002445,2025-10-21,M02,P01,Assembly mismatch,0,PASS
QC-0007335,WO-002445,2025-10-21,M02,P01,Surface finish,2,FAIL
QC-0007336,WO-002446,2025-10-21,M03,P03,Cosmetic,4,FAIL
QC-0007337,WO-002446,2025-10-21,M03,P03,Assembly mismatch,1,FAIL
QC-0007338,WO-002446,2025-10-21,M03,P03,Surface finish,0,PASS
QC-0007339,WO-002447,2025-10-21,M03,P05,Cosmetic,9,FAIL
QC-0007340,WO-002447,2025-10-21,M03,P05,Material defect,5,FAIL
QC-0007341,WO-002447,2025-10-21,M03,P05,Assembly mismatch,0,PASS
QC-0007342,WO-002448,2025-10-21,M04,P03,Weld porosity,4,FAIL
QC-0007343,WO-002448,2025-10-21,M04,P03,Surface finish,1,FAIL
QC-0007344,WO-002448,2025-10-21,M04,P03,Assembly mismatch,2,FAIL
QC-0007345,WO-002449,2025-10-21,M04,P06,Weld porosity,6,FAIL
QC-0007346,WO-002449,2025-10-21,M04,P06,Surface finish,1,FAIL
QC-0007347,WO-002449,2025-10-21,M04,P06,Material defect,0,PASS
QC-0007348,WO-002450,2025-10-21,M05,P01,Cosmetic,3,FAIL
QC-0007349,WO-002450,2025-10-21,M05,P01,Assembly mismatch,2,FAIL
QC-0007350,WO-002450,2025-10-21,M05,P01,Material defect,0,PASS
QC-0007351,WO-002451,2025-10-21,M05,P06,Weld porosity,5,FAIL
QC-0007352,WO-002451,2025-10-21,M05,P06,Material defect,2,FAIL
QC-0007353,WO-002451,2025-10-21,M05,P06,Surface finish,0,PASS
QC-0007354,WO-002452,2025-10-21,M06,P04,Surface finish,3,FAIL
QC-0007355,WO-002452,2025-10-21,M06,P04,Cosmetic,1,FAIL
QC-0007356,WO-002452,2025-10-21,M06,P04,Material defect,0,PASS
QC-0007357,WO-002453,2025-10-21,M06,P06,Weld porosity,4,FAIL
QC-0007358,WO-002453,2025-10-21,M06,P06,Material defect,0,PASS
QC-0007359,WO-002453,2025-10-21,M06,P06,Assembly mismatch,1,FAIL
QC-0007360,WO-002454,2025-10-22,M01,P03,Surface finish,3,FAIL
QC-0007361,WO-002454,2025-10-22,M01,P03,Dimensional,0,PASS
QC-0007362,WO-002454,2025-10-22,M01,P03,Material defect,1,FAIL
QC-0007363,WO-002455,2025-10-22,M01,P01,Material defect,5,FAIL
QC-0007364,WO-002455,2025-10-22,M01,P01,Assembly mismatch,1,FAIL
QC-0007365,WO-002455,2025-10-22,M01,P01,Dimensional,1,FAIL
QC-0007366,WO-002456,2025-10-22,M02,P05,Surface finish,5,FAIL
QC-0007367,WO-002456,2025-10-22,M02,P05,Cosmetic,2,FAIL
QC-0007368,WO-002456,2025-10-22,M02,P05,Assembly mismatch,1,FAIL
QC-0007369,WO-002457,2025-10-22,M02,P02,Surface finish,6,FAIL
QC-0007370,WO-002457,2025-10-22,M02,P02,Dimensional,1,FAIL
QC-0007371,WO-002457,2025-10-22,M02,P02,Assembly mismatch,1,FAIL
QC-0007372,WO-002458,2025-10-22,M03,P01,Surface finish,2,FAIL
QC-0007373,WO-002458,2025-10-22,M03,P01,Assembly mismatch,1,FAIL
QC-0007374,WO-002458,2025-10-22,M03,P01,Weld porosity,0,PASS
QC-0007375,WO-002459,2025-10-22,M03,P03,Surface finish,3,FAIL
QC-0007376,WO-002459,2025-10-22,M03,P03,Dimensional,4,FAIL
QC-0007377,WO-002459,2025-10-22,M03,P03,Assembly mismatch,2,FAIL
QC-0007378,WO-002460,2025-10-22,M04,P03,Weld porosity,3,FAIL
QC-0007379,WO-002460,2025-10-22,M04,P03,Surface finish,2,FAIL
QC-0007380,WO-002460,2025-10-22,M04,P03,Cosmetic,3,FAIL
QC-0007381,WO-002461,2025-10-22,M04,P03,Weld porosity,5,FAIL
QC-0007382,WO-002461,2025-10-22,M04,P03,Material defect,2,FAIL
QC-0007383,WO-002461,2025-10-22,M04,P03,Cosmetic,3,FAIL
QC-0007384,WO-002462,2025-10-22,M05,P04,Material defect,3,FAIL
QC-0007385,WO-002462,2025-10-22,M05,P04,Assembly mismatch,2,FAIL
QC-0007386,WO-002462,2025-10-22,M05,P04,Cosmetic,0,PASS
QC-0007387,WO-002463,2025-10-22,M05,P01,Assembly mismatch,3,FAIL
QC-0007388,WO-002463,2025-10-22,M05,P01,Surface finish,1,FAIL
QC-0007389,WO-002463,2025-10-22,M05,P01,Material defect,1,FAIL
QC-0007390,WO-002464,2025-10-22,M06,P01,Material defect,2,FAIL
QC-0007391,WO-002464,2025-10-22,M06,P01,Assembly mismatch,2,FAIL
QC-0007392,WO-002464,2025-10-22,M06,P01,Dimensional,0,PASS
QC-0007393,WO-002465,2025-10-22,M06,P04,Material defect,2,FAIL
QC-0007394,WO-002465,2025-10-22,M06,P04,Dimensional,2,FAIL
QC-0007395,WO-002465,2025-10-22,M06,P04,Weld porosity,1,FAIL
QC-0007396,WO-002466,2025-10-23,M01,P01,Cosmetic,4,FAIL
QC-0007397,WO-002466,2025-10-23,M01,P01,Dimensional,1,FAIL
QC-0007398,WO-002466,2025-10-23,M01,P01,Material defect,0,PASS
QC-0007399,WO-002467,2025-10-23,M01,P02,Surface finish,4,FAIL
QC-0007400,WO-002467,2025-10-23,M01,P02,Assembly mismatch,2,FAIL
QC-0007401,WO-002467,2025-10-23,M01,P02,Material defect,0,PASS
QC-0007402,WO-002468,2025-10-23,M02,P02,Weld porosity,3,FAIL
QC-0007403,WO-002468,2025-10-23,M02,P02,Material defect,2,FAIL
QC-0007404,WO-002468,2025-10-23,M02,P02,Surface finish,1,FAIL
QC-0007405,WO-002469,2025-10-23,M02,P02,Weld porosity,2,FAIL
QC-0007406,WO-002469,2025-10-23,M02,P02,Dimensional,0,PASS
QC-0007407,WO-002469,2025-10-23,M02,P02,Assembly mismatch,1,FAIL
QC-0007408,WO-002470,2025-10-23,M03,P05,Cosmetic,3,FAIL
QC-0007409,WO-002470,2025-10-23,M03,P05,Assembly mismatch,3,FAIL
QC-0007410,WO-002470,2025-10-23,M03,P05,Weld porosity,2,FAIL
QC-0007411,WO-002471,2025-10-23,M03,P01,Material defect,4,FAIL
QC-0007412,WO-002471,2025-10-23,M03,P01,Weld porosity,0,PASS
QC-0007413,WO-002471,2025-10-23,M03,P01,Cosmetic,1,FAIL
QC-0007414,WO-002472,2025-10-23,M04,P04,Weld porosity,2,FAIL
QC-0007415,WO-002472,2025-10-23,M04,P04,Material defect,2,FAIL
QC-0007416,WO-002472,2025-10-23,M04,P04,Cosmetic,1,FAIL
QC-0007417,WO-002473,2025-10-23,M04,P04,Weld porosity,3,FAIL
QC-0007418,WO-002473,2025-10-23,M04,P04,Dimensional,1,FAIL
QC-0007419,WO-002473,2025-10-23,M04,P04,Surface finish,0,PASS
QC-0007420,WO-002474,2025-10-23,M05,P05,Dimensional,3,FAIL
QC-0007421,WO-002474,2025-10-23,M05,P05,Surface finish,2,FAIL
QC-0007422,WO-002474,2025-10-23,M05,P05,Weld porosity,2,FAIL
QC-0007423,WO-002475,2025-10-23,M05,P06,Assembly mismatch,2,FAIL
QC-0007424,WO-002475,2025-10-23,M05,P06,Cosmetic,4,FAIL
QC-0007425,WO-002475,2025-10-23,M05,P06,Weld porosity,1,FAIL
QC-0007426,WO-002476,2025-10-23,M06,P04,Surface finish,3,FAIL
QC-0007427,WO-002476,2025-10-23,M06,P04,Material defect,0,PASS
QC-0007428,WO-002476,2025-10-23,M06,P04,Weld porosity,3,FAIL
QC-0007429,WO-002477,2025-10-23,M06,P05,Weld porosity,6,FAIL
QC-0007430,WO-002477,2025-10-23,M06,P05,Cosmetic,1,FAIL
QC-0007431,WO-002477,2025-10-23,M06,P05,Surface finish,3,FAIL
QC-0007432,WO-002478,2025-10-24,M01,P01,Material defect,3,FAIL
QC-0007433,WO-002478,2025-10-24,M01,P01,Weld porosity,0,PASS
QC-0007434,WO-002478,2025-10-24,M01,P01,Dimensional,1,FAIL
QC-0007435,WO-002479,2025-10-24,M01,P01,Assembly mismatch,4,FAIL
QC-0007436,WO-002479,2025-10-24,M01,P01,Surface finish,0,PASS
QC-0007437,WO-002479,2025-10-24,M01,P01,Dimensional,2,FAIL
QC-0007438,WO-002480,2025-10-24,M02,P02,Surface finish,2,FAIL
QC-0007439,WO-002480,2025-10-24,M02,P02,Dimensional,1,FAIL
QC-0007440,WO-002480,2025-10-24,M02,P02,Assembly mismatch,1,FAIL
QC-0007441,WO-002481,2025-10-24,M02,P02,Assembly mismatch,2,FAIL
QC-0007442,WO-002481,2025-10-24,M02,P02,Material defect,3,FAIL
QC-0007443,WO-002481,2025-10-24,M02,P02,Surface finish,1,FAIL
QC-0007444,WO-002482,2025-10-24,M03,P01,Material defect,1,FAIL
QC-0007445,WO-002482,2025-10-24,M03,P01,Surface finish,4,FAIL
QC-0007446,WO-002482,2025-10-24,M03,P01,Cosmetic,0,PASS
QC-0007447,WO-002483,2025-10-24,M03,P01,Weld porosity,3,FAIL
QC-0007448,WO-002483,2025-10-24,M03,P01,Cosmetic,1,FAIL
QC-0007449,WO-002483,2025-10-24,M03,P01,Surface finish,1,FAIL
QC-0007450,WO-002484,2025-10-24,M04,P04,Weld porosity,3,FAIL
QC-0007451,WO-002484,2025-10-24,M04,P04,Material defect,2,FAIL
QC-0007452,WO-002484,2025-10-24,M04,P04,Cosmetic,0,PASS
QC-0007453,WO-002485,2025-10-24,M04,P03,Weld porosity,5,FAIL
QC-0007454,WO-002485,2025-10-24,M04,P03,Dimensional,2,FAIL
QC-0007455,WO-002485,2025-10-24,M04,P03,Surface finish,0,PASS
QC-0007456,WO-002486,2025-10-24,M05,P04,Assembly mismatch,4,FAIL
QC-0007457,WO-002486,2025-10-24,M05,P04,Dimensional,1,FAIL
QC-0007458,WO-002486,2025-10-24,M05,P04,Cosmetic,0,PASS
QC-0007459,WO-002487,2025-10-24,M05,P01,Assembly mismatch,3,FAIL
QC-0007460,WO-002487,2025-10-24,M05,P01,Weld porosity,1,FAIL
QC-0007461,WO-002487,2025-10-24,M05,P01,Material defect,1,FAIL
QC-0007462,WO-002488,2025-10-24,M06,P04,Material defect,4,FAIL
QC-0007463,WO-002488,2025-10-24,M06,P04,Assembly mismatch,0,PASS
QC-0007464,WO-002488,2025-10-24,M06,P04,Weld porosity,0,PASS
QC-0007465,WO-002489,2025-10-24,M06,P04,Cosmetic,4,FAIL
QC-0007466,WO-002489,2025-10-24,M06,P04,Assembly mismatch,2,FAIL
QC-0007467,WO-002489,2025-10-24,M06,P04,Surface finish,0,PASS
QC-0007468,WO-002490,2025-10-27,M01,P01,Cosmetic,3,FAIL
QC-0007469,WO-002490,2025-10-27,M01,P01,Dimensional,1,FAIL
QC-0007470,WO-002490,2025-10-27,M01,P01,Material defect,1,FAIL
QC-0007471,WO-002491,2025-10-27,M01,P03,Assembly mismatch,5,FAIL
QC-0007472,WO-002491,2025-10-27,M01,P03,Cosmetic,6,FAIL
QC-0007473,WO-002491,2025-10-27,M01,P03,Weld porosity,2,FAIL
QC-0007474,WO-002492,2025-10-27,M02,P05,Weld porosity,7,FAIL
QC-0007475,WO-002492,2025-10-27,M02,P05,Material defect,3,FAIL
QC-0007476,WO-002492,2025-10-27,M02,P05,Dimensional,0,PASS
QC-0007477,WO-002493,2025-10-27,M02,P02,Dimensional,6,FAIL
QC-0007478,WO-002493,2025-10-27,M02,P02,Material defect,0,PASS
QC-0007479,WO-002493,2025-10-27,M02,P02,Cosmetic,0,PASS
QC-0007480,WO-002494,2025-10-27,M03,P05,Assembly mismatch,3,FAIL
QC-0007481,WO-002494,2025-10-27,M03,P05,Surface finish,3,FAIL
QC-0007482,WO-002494,2025-10-27,M03,P05,Material defect,2,FAIL
QC-0007483,WO-002495,2025-10-27,M03,P03,Material defect,5,FAIL
QC-0007484,WO-002495,2025-10-27,M03,P03,Assembly mismatch,1,FAIL
QC-0007485,WO-002495,2025-10-27,M03,P03,Surface finish,0,PASS
QC-0007486,WO-002496,2025-10-27,M04,P06,Cosmetic,4,FAIL
QC-0007487,WO-002496,2025-10-27,M04,P06,Weld porosity,1,FAIL
QC-0007488,WO-002496,2025-10-27,M04,P06,Assembly mismatch,0,PASS
QC-0007489,WO-002497,2025-10-27,M04,P04,Dimensional,3,FAIL
QC-0007490,WO-002497,2025-10-27,M04,P04,Surface finish,0,PASS
QC-0007491,WO-002497,2025-10-27,M04,P04,Weld porosity,2,FAIL
QC-0007492,WO-002498,2025-10-27,M05,P04,Surface finish,1,FAIL
QC-0007493,WO-002498,2025-10-27,M05,P04,Weld porosity,1,FAIL
QC-0007494,WO-002498,2025-10-27,M05,P04,Dimensional,1,FAIL
QC-0007495,WO-002499,2025-10-27,M05,P06,Material defect,4,FAIL
QC-0007496,WO-002499,2025-10-27,M05,P06,Dimensional,3,FAIL
QC-0007497,WO-002499,2025-10-27,M05,P06,Surface finish,0,PASS
QC-0007498,WO-002500,2025-10-27,M06,P05,Weld porosity,6,FAIL
QC-0007499,WO-002500,2025-10-27,M06,P05,Surface finish,1,FAIL
QC-0007500,WO-002500,2025-10-27,M06,P05,Material defect,1,FAIL
QC-0007501,WO-002501,2025-10-27,M06,P04,Dimensional,3,FAIL
QC-0007502,WO-002501,2025-10-27,M06,P04,Cosmetic,1,FAIL
QC-0007503,WO-002501,2025-10-27,M06,P04,Assembly mismatch,1,FAIL
QC-0007504,WO-002502,2025-10-28,M01,P01,Dimensional,4,FAIL
QC-0007505,WO-002502,2025-10-28,M01,P01,Weld porosity,2,FAIL
QC-0007506,WO-002502,2025-10-28,M01,P01,Cosmetic,2,FAIL
QC-0007507,WO-002503,2025-10-28,M01,P03,Weld porosity,4,FAIL
QC-0007508,WO-002503,2025-10-28,M01,P03,Cosmetic,4,FAIL
QC-0007509,WO-002503,2025-10-28,M01,P03,Dimensional,0,PASS
QC-0007510,WO-002504,2025-10-28,M02,P02,Assembly mismatch,5,FAIL
QC-0007511,WO-002504,2025-10-28,M02,P02,Weld porosity,0,PASS
QC-0007512,WO-002504,2025-10-28,M02,P02,Dimensional,0,PASS
QC-0007513,WO-002505,2025-10-28,M02,P05,Dimensional,5,FAIL
QC-0007514,WO-002505,2025-10-28,M02,P05,Cosmetic,2,FAIL
QC-0007515,WO-002505,2025-10-28,M02,P05,Weld porosity,1,FAIL
QC-0007516,WO-002506,2025-10-28,M03,P03,Assembly mismatch,4,FAIL
QC-0007517,WO-002506,2025-10-28,M03,P03,Surface finish,4,FAIL
QC-0007518,WO-002506,2025-10-28,M03,P03,Cosmetic,1,FAIL
QC-0007519,WO-002507,2025-10-28,M03,P03,Weld porosity,5,FAIL
QC-0007520,WO-002507,2025-10-28,M03,P03,Material defect,3,FAIL
QC-0007521,WO-002507,2025-10-28,M03,P03,Dimensional,0,PASS
QC-0007522,WO-002508,2025-10-28,M04,P06,Material defect,2,FAIL
QC-0007523,WO-002508,2025-10-28,M04,P06,Cosmetic,3,FAIL
QC-0007524,WO-002508,2025-10-28,M04,P06,Weld porosity,0,PASS
QC-0007525,WO-002509,2025-10-28,M04,P03,Surface finish,7,FAIL
QC-0007526,WO-002509,2025-10-28,M04,P03,Weld porosity,5,FAIL
QC-0007527,WO-002509,2025-10-28,M04,P03,Assembly mismatch,1,FAIL
QC-0007528,WO-002510,2025-10-28,M05,P05,Weld porosity,6,FAIL
QC-0007529,WO-002510,2025-10-28,M05,P05,Dimensional,0,PASS
QC-0007530,WO-002510,2025-10-28,M05,P05,Cosmetic,1,FAIL
QC-0007531,WO-002511,2025-10-28,M05,P05,Assembly mismatch,2,FAIL
QC-0007532,WO-002511,2025-10-28,M05,P05,Material defect,3,FAIL
QC-0007533,WO-002511,2025-10-28,M05,P05,Surface finish,3,FAIL
QC-0007534,WO-002512,2025-10-28,M06,P04,Cosmetic,4,FAIL
QC-0007535,WO-002512,2025-10-28,M06,P04,Assembly mismatch,1,FAIL
QC-0007536,WO-002512,2025-10-28,M06,P04,Material defect,0,PASS
QC-0007537,WO-002513,2025-10-28,M06,P06,Material defect,5,FAIL
QC-0007538,WO-002513,2025-10-28,M06,P06,Surface finish,2,FAIL
QC-0007539,WO-002513,2025-10-28,M06,P06,Weld porosity,1,FAIL
QC-0007540,WO-002514,2025-10-29,M01,P02,Assembly mismatch,2,FAIL
QC-0007541,WO-002514,2025-10-29,M01,P02,Dimensional,1,FAIL
QC-0007542,WO-002514,2025-10-29,M01,P02,Surface finish,2,FAIL
QC-0007543,WO-002515,2025-10-29,M01,P01,Assembly mismatch,3,FAIL
QC-0007544,WO-002515,2025-10-29,M01,P01,Weld porosity,2,FAIL
QC-0007545,WO-002515,2025-10-29,M01,P01,Dimensional,1,FAIL
QC-0007546,WO-002516,2025-10-29,M02,P05,Material defect,7,FAIL
QC-0007547,WO-002516,2025-10-29,M02,P05,Cosmetic,0,PASS
QC-0007548,WO-002516,2025-10-29,M02,P05,Dimensional,2,FAIL
QC-0007549,WO-002517,2025-10-29,M02,P02,Surface finish,4,FAIL
QC-0007550,WO-002517,2025-10-29,M02,P02,Dimensional,1,FAIL
QC-0007551,WO-002517,2025-10-29,M02,P02,Cosmetic,2,FAIL
QC-0007552,WO-002518,2025-10-29,M03,P03,Cosmetic,2,FAIL
QC-0007553,WO-002518,2025-10-29,M03,P03,Surface finish,2,FAIL
QC-0007554,WO-002518,2025-10-29,M03,P03,Assembly mismatch,1,FAIL
QC-0007555,WO-002519,2025-10-29,M03,P01,Material defect,3,FAIL
QC-0007556,WO-002519,2025-10-29,M03,P01,Assembly mismatch,0,PASS
QC-0007557,WO-002519,2025-10-29,M03,P01,Dimensional,1,FAIL
QC-0007558,WO-002520,2025-10-29,M04,P03,Weld porosity,5,FAIL
QC-0007559,WO-002520,2025-10-29,M04,P03,Assembly mismatch,3,FAIL
QC-0007560,WO-002520,2025-10-29,M04,P03,Dimensional,0,PASS
QC-0007561,WO-002521,2025-10-29,M04,P06,Dimensional,4,FAIL
QC-0007562,WO-002521,2025-10-29,M04,P06,Weld porosity,3,FAIL
QC-0007563,WO-002521,2025-10-29,M04,P06,Assembly mismatch,0,PASS
QC-0007564,WO-002522,2025-10-29,M05,P01,Weld porosity,3,FAIL
QC-0007565,WO-002522,2025-10-29,M05,P01,Surface finish,1,FAIL
QC-0007566,WO-002522,2025-10-29,M05,P01,Dimensional,0,PASS
QC-0007567,WO-002523,2025-10-29,M05,P05,Cosmetic,5,FAIL
QC-0007568,WO-002523,2025-10-29,M05,P05,Weld porosity,2,FAIL
QC-0007569,WO-002523,2025-10-29,M05,P05,Material defect,1,FAIL
QC-0007570,WO-002524,2025-10-29,M06,P05,Weld porosity,9,FAIL
QC-0007571,WO-002524,2025-10-29,M06,P05,Surface finish,3,FAIL
QC-0007572,WO-002524,2025-10-29,M06,P05,Material defect,0,PASS
QC-0007573,WO-002525,2025-10-29,M06,P04,Material defect,0,PASS
QC-0007574,WO-002525,2025-10-29,M06,P04,Cosmetic,2,FAIL
QC-0007575,WO-002525,2025-10-29,M06,P04,Surface finish,1,FAIL
QC-0007576,WO-002526,2025-10-30,M01,P02,Weld porosity,4,FAIL
QC-0007577,WO-002526,2025-10-30,M01,P02,Surface finish,2,FAIL
QC-0007578,WO-002526,2025-10-30,M01,P02,Material defect,0,PASS
QC-0007579,WO-002527,2025-10-30,M01,P03,Assembly mismatch,3,FAIL
QC-0007580,WO-002527,2025-10-30,M01,P03,Cosmetic,5,FAIL
QC-0007581,WO-002527,2025-10-30,M01,P03,Weld porosity,1,FAIL
QC-0007582,WO-002528,2025-10-30,M02,P05,Cosmetic,3,FAIL
QC-0007583,WO-002528,2025-10-30,M02,P05,Dimensional,3,FAIL
QC-0007584,WO-002528,2025-10-30,M02,P05,Surface finish,3,FAIL
QC-0007585,WO-002529,2025-10-30,M02,P05,Material defect,7,FAIL
QC-0007586,WO-002529,2025-10-30,M02,P05,Assembly mismatch,4,FAIL
QC-0007587,WO-002529,2025-10-30,M02,P05,Dimensional,1,FAIL
QC-0007588,WO-002530,2025-10-30,M03,P03,Material defect,3,FAIL
QC-0007589,WO-002530,2025-10-30,M03,P03,Cosmetic,3,FAIL
QC-0007590,WO-002530,2025-10-30,M03,P03,Surface finish,0,PASS
QC-0007591,WO-002531,2025-10-30,M03,P03,Material defect,3,FAIL
QC-0007592,WO-002531,2025-10-30,M03,P03,Surface finish,0,PASS
QC-0007593,WO-002531,2025-10-30,M03,P03,Dimensional,3,FAIL
QC-0007594,WO-002532,2025-10-30,M04,P06,Material defect,6,FAIL
QC-0007595,WO-002532,2025-10-30,M04,P06,Weld porosity,0,PASS
QC-0007596,WO-002532,2025-10-30,M04,P06,Surface finish,0,PASS
QC-0007597,WO-002533,2025-10-30,M05,P06,Material defect,3,FAIL
QC-0007598,WO-002533,2025-10-30,M05,P06,Surface finish,2,FAIL
QC-0007599,WO-002533,2025-10-30,M05,P06,Cosmetic,0,PASS
QC-0007600,WO-002534,2025-10-30,M05,P06,Weld porosity,4,FAIL
QC-0007601,WO-002534,2025-10-30,M05,P06,Dimensional,2,FAIL
QC-0007602,WO-002534,2025-10-30,M05,P06,Assembly mismatch,1,FAIL
QC-0007603,WO-002535,2025-10-30,M06,P06,Surface finish,2,FAIL
QC-0007604,WO-002535,2025-10-30,M06,P06,Assembly mismatch,4,FAIL
QC-0007605,WO-002535,2025-10-30,M06,P06,Dimensional,1,FAIL
QC-0007606,WO-002536,2025-10-30,M06,P01,Surface finish,4,FAIL
QC-0007607,WO-002536,2025-10-30,M06,P01,Assembly mismatch,1,FAIL
QC-0007608,WO-002536,2025-10-30,M06,P01,Material defect,2,FAIL
QC-0007609,WO-002537,2025-10-31,M01,P01,Dimensional,2,FAIL
QC-0007610,WO-002537,2025-10-31,M01,P01,Assembly mismatch,1,FAIL
QC-0007611,WO-002537,2025-10-31,M01,P01,Material defect,2,FAIL
QC-0007612,WO-002538,2025-10-31,M01,P02,Material defect,4,FAIL
QC-0007613,WO-002538,2025-10-31,M01,P02,Dimensional,1,FAIL
QC-0007614,WO-002538,2025-10-31,M01,P02,Surface finish,1,FAIL
QC-0007615,WO-002539,2025-10-31,M02,P02,Surface finish,4,FAIL
QC-0007616,WO-002539,2025-10-31,M02,P02,Cosmetic,1,FAIL
QC-0007617,WO-002539,2025-10-31,M02,P02,Material defect,0,PASS
QC-0007618,WO-002540,2025-10-31,M02,P02,Material defect,2,FAIL
QC-0007619,WO-002540,2025-10-31,M02,P02,Assembly mismatch,0,PASS
QC-0007620,WO-002540,2025-10-31,M02,P02,Surface finish,1,FAIL
QC-0007621,WO-002541,2025-10-31,M03,P05,Material defect,1,FAIL
QC-0007622,WO-002541,2025-10-31,M03,P05,Surface finish,6,FAIL
QC-0007623,WO-002541,2025-10-31,M03,P05,Assembly mismatch,1,FAIL
QC-0007624,WO-002542,2025-10-31,M03,P03,Assembly mismatch,4,FAIL
QC-0007625,WO-002542,2025-10-31,M03,P03,Cosmetic,0,PASS
QC-0007626,WO-002542,2025-10-31,M03,P03,Dimensional,0,PASS
QC-0007627,WO-002543,2025-10-31,M04,P06,Weld porosity,3,FAIL
QC-0007628,WO-002543,2025-10-31,M04,P06,Assembly mismatch,1,FAIL
QC-0007629,WO-002543,2025-10-31,M04,P06,Cosmetic,2,FAIL
QC-0007630,WO-002544,2025-10-31,M04,P03,Weld porosity,8,FAIL
QC-0007631,WO-002544,2025-10-31,M04,P03,Cosmetic,3,FAIL
QC-0007632,WO-002544,2025-10-31,M04,P03,Assembly mismatch,2,FAIL
QC-0007633,WO-002545,2025-10-31,M05,P06,Material defect,3,FAIL
QC-0007634,WO-002545,2025-10-31,M05,P06,Dimensional,3,FAIL
QC-0007635,WO-002545,2025-10-31,M05,P06,Cosmetic,2,FAIL
QC-0007636,WO-002546,2025-10-31,M05,P06,Dimensional,5,FAIL
QC-0007637,WO-002546,2025-10-31,M05,P06,Cosmetic,1,FAIL
QC-0007638,WO-002546,2025-10-31,M05,P06,Weld porosity,0,PASS
QC-0007639,WO-002547,2025-10-31,M06,P06,Material defect,4,FAIL
QC-0007640,WO-002547,2025-10-31,M06,P06,Dimensional,1,FAIL
QC-0007641,WO-002547,2025-10-31,M06,P06,Weld porosity,1,FAIL
QC-0007642,WO-002548,2025-10-31,M06,P06,Dimensional,2,FAIL
QC-0007643,WO-002548,2025-10-31,M06,P06,Surface finish,1,FAIL
QC-0007644,WO-002548,2025-10-31,M06,P06,Material defect,2,FAIL
QC-0007645,WO-002549,2025-11-03,M01,P03,Dimensional,4,FAIL
QC-0007646,WO-002549,2025-11-03,M01,P03,Cosmetic,1,FAIL
QC-0007647,WO-002549,2025-11-03,M01,P03,Assembly mismatch,1,FAIL
QC-0007648,WO-002550,2025-11-03,M01,P01,Weld porosity,4,FAIL
QC-0007649,WO-002550,2025-11-03,M01,P01,Dimensional,2,FAIL
QC-0007650,WO-002550,2025-11-03,M01,P01,Material defect,1,FAIL
QC-0007651,WO-002551,2025-11-03,M02,P05,Assembly mismatch,7,FAIL
QC-0007652,WO-002551,2025-11-03,M02,P05,Cosmetic,1,FAIL
QC-0007653,WO-002551,2025-11-03,M02,P05,Material defect,4,FAIL
QC-0007654,WO-002552,2025-11-03,M02,P05,Material defect,7,FAIL
QC-0007655,WO-002552,2025-11-03,M02,P05,Assembly mismatch,1,FAIL
QC-0007656,WO-002552,2025-11-03,M02,P05,Surface finish,3,FAIL
QC-0007657,WO-002553,2025-11-03,M03,P03,Assembly mismatch,4,FAIL
QC-0007658,WO-002553,2025-11-03,M03,P03,Surface finish,2,FAIL
QC-0007659,WO-002553,2025-11-03,M03,P03,Dimensional,1,FAIL
QC-0007660,WO-002554,2025-11-03,M03,P05,Material defect,5,FAIL
QC-0007661,WO-002554,2025-11-03,M03,P05,Dimensional,2,FAIL
QC-0007662,WO-002554,2025-11-03,M03,P05,Surface finish,0,PASS
QC-0007663,WO-002555,2025-11-03,M04,P04,Weld porosity,4,FAIL
QC-0007664,WO-002555,2025-11-03,M04,P04,Material defect,0,PASS
QC-0007665,WO-002555,2025-11-03,M04,P04,Surface finish,1,FAIL
QC-0007666,WO-002556,2025-11-03,M04,P03,Cosmetic,6,FAIL
QC-0007667,WO-002556,2025-11-03,M04,P03,Dimensional,1,FAIL
QC-0007668,WO-002556,2025-11-03,M04,P03,Weld porosity,3,FAIL
QC-0007669,WO-002557,2025-11-03,M05,P05,Cosmetic,6,FAIL
QC-0007670,WO-002557,2025-11-03,M05,P05,Surface finish,1,FAIL
QC-0007671,WO-002557,2025-11-03,M05,P05,Material defect,1,FAIL
QC-0007672,WO-002558,2025-11-03,M05,P06,Weld porosity,4,FAIL
QC-0007673,WO-002558,2025-11-03,M05,P06,Cosmetic,0,PASS
QC-0007674,WO-002558,2025-11-03,M05,P06,Assembly mismatch,1,FAIL
QC-0007675,WO-002559,2025-11-03,M06,P01,Dimensional,4,FAIL
QC-0007676,WO-002559,2025-11-03,M06,P01,Weld porosity,1,FAIL
QC-0007677,WO-002559,2025-11-03,M06,P01,Assembly mismatch,0,PASS
QC-0007678,WO-002560,2025-11-03,M06,P04,Material defect,3,FAIL
QC-0007679,WO-002560,2025-11-03,M06,P04,Dimensional,0,PASS
QC-0007680,WO-002560,2025-11-03,M06,P04,Assembly mismatch,1,FAIL
QC-0007681,WO-002561,2025-11-04,M01,P01,Weld porosity,3,FAIL
QC-0007682,WO-002561,2025-11-04,M01,P01,Surface finish,2,FAIL
QC-0007683,WO-002561,2025-11-04,M01,P01,Cosmetic,1,FAIL
QC-0007684,WO-002562,2025-11-04,M01,P02,Dimensional,3,FAIL
QC-0007685,WO-002562,2025-11-04,M01,P02,Material defect,1,FAIL
QC-0007686,WO-002562,2025-11-04,M01,P02,Surface finish,1,FAIL
QC-0007687,WO-002563,2025-11-04,M02,P05,Surface finish,6,FAIL
QC-0007688,WO-002563,2025-11-04,M02,P05,Dimensional,0,PASS
QC-0007689,WO-002563,2025-11-04,M02,P05,Weld porosity,3,FAIL
QC-0007690,WO-002564,2025-11-04,M02,P02,Dimensional,6,FAIL
QC-0007691,WO-002564,2025-11-04,M02,P02,Surface finish,0,PASS
QC-0007692,WO-002564,2025-11-04,M02,P02,Assembly mismatch,0,PASS
QC-0007693,WO-002565,2025-11-04,M03,P03,Material defect,3,FAIL
QC-0007694,WO-002565,2025-11-04,M03,P03,Assembly mismatch,0,PASS
QC-0007695,WO-002565,2025-11-04,M03,P03,Cosmetic,2,FAIL
QC-0007696,WO-002566,2025-11-04,M03,P03,Material defect,4,FAIL
QC-0007697,WO-002566,2025-11-04,M03,P03,Cosmetic,1,FAIL
QC-0007698,WO-002566,2025-11-04,M03,P03,Surface finish,3,FAIL
QC-0007699,WO-002567,2025-11-04,M04,P04,Weld porosity,3,FAIL
QC-0007700,WO-002567,2025-11-04,M04,P04,Dimensional,0,PASS
QC-0007701,WO-002567,2025-11-04,M04,P04,Assembly mismatch,2,FAIL
QC-0007702,WO-002568,2025-11-04,M04,P04,Surface finish,4,FAIL
QC-0007703,WO-002568,2025-11-04,M04,P04,Material defect,1,FAIL
QC-0007704,WO-002568,2025-11-04,M04,P04,Weld porosity,0,PASS
QC-0007705,WO-002569,2025-11-04,M05,P04,Surface finish,2,FAIL
QC-0007706,WO-002569,2025-11-04,M05,P04,Cosmetic,0,PASS
QC-0007707,WO-002569,2025-11-04,M05,P04,Weld porosity,2,FAIL
QC-0007708,WO-002570,2025-11-04,M05,P01,Surface finish,3,FAIL
QC-0007709,WO-002570,2025-11-04,M05,P01,Weld porosity,2,FAIL
QC-0007710,WO-002570,2025-11-04,M05,P01,Material defect,0,PASS
QC-0007711,WO-002571,2025-11-04,M06,P05,Assembly mismatch,5,FAIL
QC-0007712,WO-002571,2025-11-04,M06,P05,Material defect,4,FAIL
QC-0007713,WO-002571,2025-11-04,M06,P05,Cosmetic,2,FAIL
QC-0007714,WO-002572,2025-11-05,M01,P01,Cosmetic,4,FAIL
QC-0007715,WO-002572,2025-11-05,M01,P01,Material defect,1,FAIL
QC-0007716,WO-002572,2025-11-05,M01,P01,Surface finish,1,FAIL
QC-0007717,WO-002573,2025-11-05,M01,P03,Cosmetic,4,FAIL
QC-0007718,WO-002573,2025-11-05,M01,P03,Material defect,1,FAIL
QC-0007719,WO-002573,2025-11-05,M01,P03,Surface finish,1,FAIL
QC-0007720,WO-002574,2025-11-05,M02,P05,Cosmetic,6,FAIL
QC-0007721,WO-002574,2025-11-05,M02,P05,Dimensional,2,FAIL
QC-0007722,WO-002574,2025-11-05,M02,P05,Material defect,2,FAIL
QC-0007723,WO-002575,2025-11-05,M02,P01,Assembly mismatch,5,FAIL
QC-0007724,WO-002575,2025-11-05,M02,P01,Surface finish,1,FAIL
QC-0007725,WO-002575,2025-11-05,M02,P01,Material defect,0,PASS
QC-0007726,WO-002576,2025-11-05,M03,P01,Weld porosity,6,FAIL
QC-0007727,WO-002576,2025-11-05,M03,P01,Cosmetic,1,FAIL
QC-0007728,WO-002576,2025-11-05,M03,P01,Dimensional,0,PASS
QC-0007729,WO-002577,2025-11-05,M03,P05,Material defect,7,FAIL
QC-0007730,WO-002577,2025-11-05,M03,P05,Dimensional,2,FAIL
QC-0007731,WO-002577,2025-11-05,M03,P05,Surface finish,2,FAIL
QC-0007732,WO-002578,2025-11-05,M04,P03,Weld porosity,1,FAIL
QC-0007733,WO-002578,2025-11-05,M04,P03,Surface finish,4,FAIL
QC-0007734,WO-002578,2025-11-05,M04,P03,Material defect,3,FAIL
QC-0007735,WO-002579,2025-11-05,M04,P03,Material defect,7,FAIL
QC-0007736,WO-002579,2025-11-05,M04,P03,Weld porosity,1,FAIL
QC-0007737,WO-002579,2025-11-05,M04,P03,Cosmetic,4,FAIL
QC-0007738,WO-002580,2025-11-05,M05,P05,Cosmetic,5,FAIL
QC-0007739,WO-002580,2025-11-05,M05,P05,Dimensional,1,FAIL
QC-0007740,WO-002580,2025-11-05,M05,P05,Assembly mismatch,2,FAIL
QC-0007741,WO-002581,2025-11-05,M05,P05,Assembly mismatch,5,FAIL
QC-0007742,WO-002581,2025-11-05,M05,P05,Weld porosity,2,FAIL
QC-0007743,WO-002581,2025-11-05,M05,P05,Dimensional,2,FAIL
QC-0007744,WO-002582,2025-11-05,M06,P05,Assembly mismatch,6,FAIL
QC-0007745,WO-002582,2025-11-05,M06,P05,Weld porosity,4,FAIL
QC-0007746,WO-002582,2025-11-05,M06,P05,Material defect,0,PASS
QC-0007747,WO-002583,2025-11-05,M06,P04,Cosmetic,3,FAIL
QC-0007748,WO-002583,2025-11-05,M06,P04,Dimensional,2,FAIL
QC-0007749,WO-002583,2025-11-05,M06,P04,Surface finish,0,PASS
QC-0007750,WO-002584,2025-11-06,M01,P02,Assembly mismatch,4,FAIL
QC-0007751,WO-002584,2025-11-06,M01,P02,Cosmetic,1,FAIL
QC-0007752,WO-002584,2025-11-06,M01,P02,Material defect,0,PASS
QC-0007753,WO-002585,2025-11-06,M01,P01,Assembly mismatch,3,FAIL
QC-0007754,WO-002585,2025-11-06,M01,P01,Cosmetic,1,FAIL
QC-0007755,WO-002585,2025-11-06,M01,P01,Material defect,1,FAIL
QC-0007756,WO-002586,2025-11-06,M02,P01,Assembly mismatch,4,FAIL
QC-0007757,WO-002586,2025-11-06,M02,P01,Material defect,0,PASS
QC-0007758,WO-002586,2025-11-06,M02,P01,Cosmetic,2,FAIL
QC-0007759,WO-002587,2025-11-06,M02,P02,Surface finish,5,FAIL
QC-0007760,WO-002587,2025-11-06,M02,P02,Assembly mismatch,0,PASS
QC-0007761,WO-002587,2025-11-06,M02,P02,Material defect,0,PASS
QC-0007762,WO-002588,2025-11-06,M03,P05,Dimensional,8,FAIL
QC-0007763,WO-002588,2025-11-06,M03,P05,Weld porosity,2,FAIL
QC-0007764,WO-002588,2025-11-06,M03,P05,Assembly mismatch,0,PASS
QC-0007765,WO-002589,2025-11-06,M03,P01,Assembly mismatch,4,FAIL
QC-0007766,WO-002589,2025-11-06,M03,P01,Cosmetic,2,FAIL
QC-0007767,WO-002589,2025-11-06,M03,P01,Surface finish,1,FAIL
QC-0007768,WO-002590,2025-11-06,M04,P03,Material defect,6,FAIL
QC-0007769,WO-002590,2025-11-06,M04,P03,Surface finish,2,FAIL
QC-0007770,WO-002590,2025-11-06,M04,P03,Weld porosity,0,PASS
QC-0007771,WO-002591,2025-11-06,M04,P03,Weld porosity,6,FAIL
QC-0007772,WO-002591,2025-11-06,M04,P03,Dimensional,2,FAIL
QC-0007773,WO-002591,2025-11-06,M04,P03,Surface finish,2,FAIL
QC-0007774,WO-002592,2025-11-06,M05,P06,Surface finish,2,FAIL
QC-0007775,WO-002592,2025-11-06,M05,P06,Dimensional,4,FAIL
QC-0007776,WO-002592,2025-11-06,M05,P06,Assembly mismatch,0,PASS
QC-0007777,WO-002593,2025-11-06,M05,P05,Dimensional,6,FAIL
QC-0007778,WO-002593,2025-11-06,M05,P05,Cosmetic,4,FAIL
QC-0007779,WO-002593,2025-11-06,M05,P05,Assembly mismatch,0,PASS
QC-0007780,WO-002594,2025-11-06,M06,P06,Weld porosity,3,FAIL
QC-0007781,WO-002594,2025-11-06,M06,P06,Dimensional,1,FAIL
QC-0007782,WO-002594,2025-11-06,M06,P06,Material defect,2,FAIL
QC-0007783,WO-002595,2025-11-06,M06,P05,Dimensional,8,FAIL
QC-0007784,WO-002595,2025-11-06,M06,P05,Surface finish,3,FAIL
QC-0007785,WO-002595,2025-11-06,M06,P05,Weld porosity,1,FAIL
QC-0007786,WO-002596,2025-11-07,M01,P01,Cosmetic,3,FAIL
QC-0007787,WO-002596,2025-11-07,M01,P01,Surface finish,1,FAIL
QC-0007788,WO-002596,2025-11-07,M01,P01,Dimensional,1,FAIL
QC-0007789,WO-002597,2025-11-07,M01,P02,Dimensional,3,FAIL
QC-0007790,WO-002597,2025-11-07,M01,P02,Surface finish,3,FAIL
QC-0007791,WO-002597,2025-11-07,M01,P02,Weld porosity,0,PASS
QC-0007792,WO-002598,2025-11-07,M02,P01,Weld porosity,2,FAIL
QC-0007793,WO-002598,2025-11-07,M02,P01,Dimensional,2,FAIL
QC-0007794,WO-002598,2025-11-07,M02,P01,Cosmetic,0,PASS
QC-0007795,WO-002599,2025-11-07,M02,P01,Surface finish,5,FAIL
QC-0007796,WO-002599,2025-11-07,M02,P01,Dimensional,1,FAIL
QC-0007797,WO-002599,2025-11-07,M02,P01,Material defect,0,PASS
QC-0007798,WO-002600,2025-11-07,M03,P03,Surface finish,7,FAIL
QC-0007799,WO-002600,2025-11-07,M03,P03,Weld porosity,3,FAIL
QC-0007800,WO-002600,2025-11-07,M03,P03,Assembly mismatch,0,PASS
QC-0007801,WO-002601,2025-11-07,M03,P03,Cosmetic,6,FAIL
QC-0007802,WO-002601,2025-11-07,M03,P03,Surface finish,2,FAIL
QC-0007803,WO-002601,2025-11-07,M03,P03,Weld porosity,1,FAIL
QC-0007804,WO-002602,2025-11-07,M04,P03,Cosmetic,10,FAIL
QC-0007805,WO-002602,2025-11-07,M04,P03,Weld porosity,1,FAIL
QC-0007806,WO-002602,2025-11-07,M04,P03,Assembly mismatch,1,FAIL
QC-0007807,WO-002603,2025-11-07,M04,P04,Material defect,5,FAIL
QC-0007808,WO-002603,2025-11-07,M04,P04,Cosmetic,0,PASS
QC-0007809,WO-002603,2025-11-07,M04,P04,Weld porosity,0,PASS
QC-0007810,WO-002604,2025-11-07,M05,P01,Surface finish,1,FAIL
QC-0007811,WO-002604,2025-11-07,M05,P01,Cosmetic,1,FAIL
QC-0007812,WO-002604,2025-11-07,M05,P01,Assembly mismatch,1,FAIL
QC-0007813,WO-002605,2025-11-07,M05,P05,Surface finish,6,FAIL
QC-0007814,WO-002605,2025-11-07,M05,P05,Cosmetic,2,FAIL
QC-0007815,WO-002605,2025-11-07,M05,P05,Weld porosity,0,PASS
QC-0007816,WO-002606,2025-11-07,M06,P06,Material defect,3,FAIL
QC-0007817,WO-002606,2025-11-07,M06,P06,Dimensional,2,FAIL
QC-0007818,WO-002606,2025-11-07,M06,P06,Surface finish,1,FAIL
QC-0007819,WO-002607,2025-11-07,M06,P04,Dimensional,3,FAIL
QC-0007820,WO-002607,2025-11-07,M06,P04,Assembly mismatch,2,FAIL
QC-0007821,WO-002607,2025-11-07,M06,P04,Cosmetic,0,PASS
QC-0007822,WO-002608,2025-11-10,M01,P01,Weld porosity,1,FAIL
QC-0007823,WO-002608,2025-11-10,M01,P01,Cosmetic,1,FAIL
QC-0007824,WO-002608,2025-11-10,M01,P01,Material defect,2,FAIL
QC-0007825,WO-002609,2025-11-10,M01,P01,Weld porosity,3,FAIL
QC-0007826,WO-002609,2025-11-10,M01,P01,Cosmetic,1,FAIL
QC-0007827,WO-002609,2025-11-10,M01,P01,Dimensional,0,PASS
QC-0007828,WO-002610,2025-11-10,M02,P01,Material defect,4,FAIL
QC-0007829,WO-002610,2025-11-10,M02,P01,Dimensional,3,FAIL
QC-0007830,WO-002610,2025-11-10,M02,P01,Assembly mismatch,0,PASS
QC-0007831,WO-002611,2025-11-10,M02,P01,Cosmetic,6,FAIL
QC-0007832,WO-002611,2025-11-10,M02,P01,Weld porosity,1,FAIL
QC-0007833,WO-002611,2025-11-10,M02,P01,Assembly mismatch,0,PASS
QC-0007834,WO-002612,2025-11-10,M03,P05,Dimensional,10,FAIL
QC-0007835,WO-002612,2025-11-10,M03,P05,Material defect,0,PASS
QC-0007836,WO-002612,2025-11-10,M03,P05,Weld porosity,1,FAIL
QC-0007837,WO-002613,2025-11-10,M03,P01,Cosmetic,2,FAIL
QC-0007838,WO-002613,2025-11-10,M03,P01,Weld porosity,0,PASS
QC-0007839,WO-002613,2025-11-10,M03,P01,Dimensional,0,PASS
QC-0007840,WO-002614,2025-11-10,M04,P06,Assembly mismatch,2,FAIL
QC-0007841,WO-002614,2025-11-10,M04,P06,Weld porosity,2,FAIL
QC-0007842,WO-002614,2025-11-10,M04,P06,Surface finish,1,FAIL
QC-0007843,WO-002615,2025-11-10,M04,P06,Weld porosity,2,FAIL
QC-0007844,WO-002615,2025-11-10,M04,P06,Dimensional,2,FAIL
QC-0007845,WO-002615,2025-11-10,M04,P06,Surface finish,2,FAIL
QC-0007846,WO-002616,2025-11-10,M05,P06,Weld porosity,4,FAIL
QC-0007847,WO-002616,2025-11-10,M05,P06,Material defect,1,FAIL
QC-0007848,WO-002616,2025-11-10,M05,P06,Cosmetic,0,PASS
QC-0007849,WO-002617,2025-11-10,M05,P01,Weld porosity,2,FAIL
QC-0007850,WO-002617,2025-11-10,M05,P01,Assembly mismatch,2,FAIL
QC-0007851,WO-002617,2025-11-10,M05,P01,Surface finish,0,PASS
QC-0007852,WO-002618,2025-11-10,M06,P01,Material defect,1,FAIL
QC-0007853,WO-002618,2025-11-10,M06,P01,Cosmetic,1,FAIL
QC-0007854,WO-002618,2025-11-10,M06,P01,Surface finish,0,PASS
QC-0007855,WO-002619,2025-11-10,M06,P05,Surface finish,3,FAIL
QC-0007856,WO-002619,2025-11-10,M06,P05,Dimensional,4,FAIL
QC-0007857,WO-002619,2025-11-10,M06,P05,Cosmetic,2,FAIL
QC-0007858,WO-002620,2025-11-11,M01,P03,Material defect,5,FAIL
QC-0007859,WO-002620,2025-11-11,M01,P03,Cosmetic,1,FAIL
QC-0007860,WO-002620,2025-11-11,M01,P03,Dimensional,3,FAIL
QC-0007861,WO-002621,2025-11-11,M01,P01,Material defect,1,FAIL
QC-0007862,WO-002621,2025-11-11,M01,P01,Dimensional,1,FAIL
QC-0007863,WO-002621,2025-11-11,M01,P01,Surface finish,2,FAIL
QC-0007864,WO-002622,2025-11-11,M02,P01,Weld porosity,3,FAIL
QC-0007865,WO-002622,2025-11-11,M02,P01,Cosmetic,2,FAIL
QC-0007866,WO-002622,2025-11-11,M02,P01,Dimensional,1,FAIL
QC-0007867,WO-002623,2025-11-11,M02,P01,Surface finish,0,PASS
QC-0007868,WO-002623,2025-11-11,M02,P01,Weld porosity,4,FAIL
QC-0007869,WO-002623,2025-11-11,M02,P01,Dimensional,1,FAIL
QC-0007870,WO-002624,2025-11-11,M03,P01,Weld porosity,4,FAIL
QC-0007871,WO-002624,2025-11-11,M03,P01,Assembly mismatch,1,FAIL
QC-0007872,WO-002624,2025-11-11,M03,P01,Dimensional,0,PASS
QC-0007873,WO-002625,2025-11-11,M03,P05,Surface finish,6,FAIL
QC-0007874,WO-002625,2025-11-11,M03,P05,Cosmetic,2,FAIL
QC-0007875,WO-002625,2025-11-11,M03,P05,Dimensional,3,FAIL
QC-0007876,WO-002626,2025-11-11,M04,P06,Weld porosity,5,FAIL
QC-0007877,WO-002626,2025-11-11,M04,P06,Material defect,2,FAIL
QC-0007878,WO-002626,2025-11-11,M04,P06,Dimensional,0,PASS
QC-0007879,WO-002627,2025-11-11,M04,P04,Weld porosity,3,FAIL
QC-0007880,WO-002627,2025-11-11,M04,P04,Cosmetic,2,FAIL
QC-0007881,WO-002627,2025-11-11,M04,P04,Material defect,1,FAIL
QC-0007882,WO-002628,2025-11-11,M05,P05,Material defect,3,FAIL
QC-0007883,WO-002628,2025-11-11,M05,P05,Weld porosity,3,FAIL
QC-0007884,WO-002628,2025-11-11,M05,P05,Assembly mismatch,2,FAIL
QC-0007885,WO-002629,2025-11-11,M05,P06,Assembly mismatch,3,FAIL
QC-0007886,WO-002629,2025-11-11,M05,P06,Material defect,2,FAIL
QC-0007887,WO-002629,2025-11-11,M05,P06,Cosmetic,1,FAIL
QC-0007888,WO-002630,2025-11-11,M06,P04,Weld porosity,2,FAIL
QC-0007889,WO-002630,2025-11-11,M06,P04,Cosmetic,1,FAIL
QC-0007890,WO-002630,2025-11-11,M06,P04,Dimensional,0,PASS
QC-0007891,WO-002631,2025-11-11,M06,P01,Weld porosity,2,FAIL
QC-0007892,WO-002631,2025-11-11,M06,P01,Assembly mismatch,2,FAIL
QC-0007893,WO-002631,2025-11-11,M06,P01,Dimensional,1,FAIL
QC-0007894,WO-002632,2025-11-12,M01,P02,Material defect,6,FAIL
QC-0007895,WO-002632,2025-11-12,M01,P02,Cosmetic,2,FAIL
QC-0007896,WO-002632,2025-11-12,M01,P02,Weld porosity,1,FAIL
QC-0007897,WO-002633,2025-11-12,M01,P02,Surface finish,4,FAIL
QC-0007898,WO-002633,2025-11-12,M01,P02,Material defect,2,FAIL
QC-0007899,WO-002633,2025-11-12,M01,P02,Cosmetic,0,PASS
QC-0007900,WO-002634,2025-11-12,M02,P05,Dimensional,7,FAIL
QC-0007901,WO-002634,2025-11-12,M02,P05,Material defect,2,FAIL
QC-0007902,WO-002634,2025-11-12,M02,P05,Weld porosity,0,PASS
QC-0007903,WO-002635,2025-11-12,M02,P05,Material defect,7,FAIL
QC-0007904,WO-002635,2025-11-12,M02,P05,Dimensional,3,FAIL
QC-0007905,WO-002635,2025-11-12,M02,P05,Assembly mismatch,1,FAIL
QC-0007906,WO-002636,2025-11-12,M03,P05,Surface finish,5,FAIL
QC-0007907,WO-002636,2025-11-12,M03,P05,Weld porosity,5,FAIL
QC-0007908,WO-002636,2025-11-12,M03,P05,Cosmetic,0,PASS
QC-0007909,WO-002637,2025-11-12,M03,P05,Assembly mismatch,6,FAIL
QC-0007910,WO-002637,2025-11-12,M03,P05,Surface finish,1,FAIL
QC-0007911,WO-002637,2025-11-12,M03,P05,Cosmetic,0,PASS
QC-0007912,WO-002638,2025-11-12,M04,P06,Weld porosity,2,FAIL
QC-0007913,WO-002638,2025-11-12,M04,P06,Dimensional,4,FAIL
QC-0007914,WO-002638,2025-11-12,M04,P06,Cosmetic,0,PASS
QC-0007915,WO-002639,2025-11-12,M04,P06,Weld porosity,5,FAIL
QC-0007916,WO-002639,2025-11-12,M04,P06,Dimensional,0,PASS
QC-0007917,WO-002639,2025-11-12,M04,P06,Material defect,0,PASS
QC-0007918,WO-002640,2025-11-12,M05,P06,Material defect,4,FAIL
QC-0007919,WO-002640,2025-11-12,M05,P06,Weld porosity,2,FAIL
QC-0007920,WO-002640,2025-11-12,M05,P06,Cosmetic,0,PASS
QC-0007921,WO-002641,2025-11-12,M05,P04,Dimensional,3,FAIL
QC-0007922,WO-002641,2025-11-12,M05,P04,Weld porosity,2,FAIL
QC-0007923,WO-002641,2025-11-12,M05,P04,Cosmetic,1,FAIL
QC-0007924,WO-002642,2025-11-12,M06,P01,Cosmetic,3,FAIL
QC-0007925,WO-002642,2025-11-12,M06,P01,Assembly mismatch,4,FAIL
QC-0007926,WO-002642,2025-11-12,M06,P01,Weld porosity,1,FAIL
QC-0007927,WO-002643,2025-11-12,M06,P04,Surface finish,3,FAIL
QC-0007928,WO-002643,2025-11-12,M06,P04,Dimensional,2,FAIL
QC-0007929,WO-002643,2025-11-12,M06,P04,Weld porosity,0,PASS
QC-0007930,WO-002644,2025-11-13,M01,P01,Dimensional,4,FAIL
QC-0007931,WO-002644,2025-11-13,M01,P01,Assembly mismatch,3,FAIL
QC-0007932,WO-002644,2025-11-13,M01,P01,Cosmetic,0,PASS
QC-0007933,WO-002645,2025-11-13,M01,P01,Material defect,4,FAIL
QC-0007934,WO-002645,2025-11-13,M01,P01,Weld porosity,2,FAIL
QC-0007935,WO-002645,2025-11-13,M01,P01,Assembly mismatch,1,FAIL
QC-0007936,WO-002646,2025-11-13,M02,P01,Weld porosity,2,FAIL
QC-0007937,WO-002646,2025-11-13,M02,P01,Cosmetic,0,PASS
QC-0007938,WO-002646,2025-11-13,M02,P01,Surface finish,2,FAIL
QC-0007939,WO-002647,2025-11-13,M02,P01,Material defect,2,FAIL
QC-0007940,WO-002647,2025-11-13,M02,P01,Dimensional,4,FAIL
QC-0007941,WO-002647,2025-11-13,M02,P01,Weld porosity,0,PASS
QC-0007942,WO-002648,2025-11-13,M03,P05,Weld porosity,6,FAIL
QC-0007943,WO-002648,2025-11-13,M03,P05,Surface finish,2,FAIL
QC-0007944,WO-002648,2025-11-13,M03,P05,Cosmetic,1,FAIL
QC-0007945,WO-002649,2025-11-13,M03,P05,Assembly mismatch,9,FAIL
QC-0007946,WO-002649,2025-11-13,M03,P05,Surface finish,1,FAIL
QC-0007947,WO-002649,2025-11-13,M03,P05,Material defect,1,FAIL
QC-0007948,WO-002650,2025-11-13,M05,P01,Assembly mismatch,4,FAIL
QC-0007949,WO-002650,2025-11-13,M05,P01,Material defect,0,PASS
QC-0007950,WO-002650,2025-11-13,M05,P01,Cosmetic,0,PASS
QC-0007951,WO-002651,2025-11-13,M05,P04,Surface finish,2,FAIL
QC-0007952,WO-002651,2025-11-13,M05,P04,Weld porosity,2,FAIL
QC-0007953,WO-002651,2025-11-13,M05,P04,Dimensional,0,PASS
QC-0007954,WO-002652,2025-11-13,M06,P04,Assembly mismatch,2,FAIL
QC-0007955,WO-002652,2025-11-13,M06,P04,Surface finish,4,FAIL
QC-0007956,WO-002652,2025-11-13,M06,P04,Dimensional,0,PASS
QC-0007957,WO-002653,2025-11-13,M06,P05,Assembly mismatch,3,FAIL
QC-0007958,WO-002653,2025-11-13,M06,P05,Weld porosity,4,FAIL
QC-0007959,WO-002653,2025-11-13,M06,P05,Dimensional,2,FAIL
QC-0007960,WO-002654,2025-11-14,M01,P01,Material defect,3,FAIL
QC-0007961,WO-002654,2025-11-14,M01,P01,Surface finish,2,FAIL
QC-0007962,WO-002654,2025-11-14,M01,P01,Dimensional,1,FAIL
QC-0007963,WO-002655,2025-11-14,M01,P02,Assembly mismatch,2,FAIL
QC-0007964,WO-002655,2025-11-14,M01,P02,Cosmetic,3,FAIL
QC-0007965,WO-002655,2025-11-14,M01,P02,Surface finish,0,PASS
QC-0007966,WO-002656,2025-11-14,M02,P02,Surface finish,4,FAIL
QC-0007967,WO-002656,2025-11-14,M02,P02,Assembly mismatch,0,PASS
QC-0007968,WO-002656,2025-11-14,M02,P02,Material defect,1,FAIL
QC-0007969,WO-002657,2025-11-14,M02,P02,Material defect,2,FAIL
QC-0007970,WO-002657,2025-11-14,M02,P02,Assembly mismatch,4,FAIL
QC-0007971,WO-002657,2025-11-14,M02,P02,Weld porosity,1,FAIL
QC-0007972,WO-002658,2025-11-14,M03,P03,Material defect,5,FAIL
QC-0007973,WO-002658,2025-11-14,M03,P03,Cosmetic,2,FAIL
QC-0007974,WO-002658,2025-11-14,M03,P03,Assembly mismatch,0,PASS
QC-0007975,WO-002659,2025-11-14,M03,P03,Dimensional,4,FAIL
QC-0007976,WO-002659,2025-11-14,M03,P03,Cosmetic,2,FAIL
QC-0007977,WO-002659,2025-11-14,M03,P03,Surface finish,2,FAIL
QC-0007978,WO-002660,2025-11-14,M04,P06,Weld porosity,4,FAIL
QC-0007979,WO-002660,2025-11-14,M04,P06,Cosmetic,2,FAIL
QC-0007980,WO-002660,2025-11-14,M04,P06,Material defect,0,PASS
QC-0007981,WO-002661,2025-11-14,M04,P04,Cosmetic,1,FAIL
QC-0007982,WO-002661,2025-11-14,M04,P04,Weld porosity,2,FAIL
QC-0007983,WO-002661,2025-11-14,M04,P04,Dimensional,1,FAIL
QC-0007984,WO-002662,2025-11-14,M05,P06,Cosmetic,4,FAIL
QC-0007985,WO-002662,2025-11-14,M05,P06,Material defect,1,FAIL
QC-0007986,WO-002662,2025-11-14,M05,P06,Dimensional,1,FAIL
QC-0007987,WO-002663,2025-11-14,M05,P04,Weld porosity,3,FAIL
QC-0007988,WO-002663,2025-11-14,M05,P04,Assembly mismatch,0,PASS
QC-0007989,WO-002663,2025-11-14,M05,P04,Dimensional,2,FAIL
QC-0007990,WO-002664,2025-11-14,M06,P05,Dimensional,6,FAIL
QC-0007991,WO-002664,2025-11-14,M06,P05,Weld porosity,2,FAIL
QC-0007992,WO-002664,2025-11-14,M06,P05,Assembly mismatch,2,FAIL
QC-0007993,WO-002665,2025-11-14,M06,P05,Cosmetic,4,FAIL
QC-0007994,WO-002665,2025-11-14,M06,P05,Dimensional,4,FAIL
QC-0007995,WO-002665,2025-11-14,M06,P05,Assembly mismatch,3,FAIL
QC-0007996,WO-002666,2025-11-17,M01,P01,Weld porosity,4,FAIL
QC-0007997,WO-002666,2025-11-17,M01,P01,Assembly mismatch,0,PASS
QC-0007998,WO-002666,2025-11-17,M01,P01,Material defect,0,PASS
QC-0007999,WO-002667,2025-11-17,M01,P01,Material defect,2,FAIL
QC-0008000,WO-002667,2025-11-17,M01,P01,Dimensional,3,FAIL
QC-0008001,WO-002667,2025-11-17,M01,P01,Surface finish,1,FAIL
QC-0008002,WO-002668,2025-11-17,M02,P01,Assembly mismatch,3,FAIL
QC-0008003,WO-002668,2025-11-17,M02,P01,Material defect,3,FAIL
QC-0008004,WO-002668,2025-11-17,M02,P01,Cosmetic,1,FAIL
QC-0008005,WO-002669,2025-11-17,M03,P05,Cosmetic,8,FAIL
QC-0008006,WO-002669,2025-11-17,M03,P05,Material defect,1,FAIL
QC-0008007,WO-002669,2025-11-17,M03,P05,Surface finish,3,FAIL
QC-0008008,WO-002670,2025-11-17,M03,P05,Surface finish,3,FAIL
QC-0008009,WO-002670,2025-11-17,M03,P05,Assembly mismatch,4,FAIL
QC-0008010,WO-002670,2025-11-17,M03,P05,Cosmetic,3,FAIL
QC-0008011,WO-002671,2025-11-17,M04,P03,Weld porosity,3,FAIL
QC-0008012,WO-002671,2025-11-17,M04,P03,Dimensional,6,FAIL
QC-0008013,WO-002671,2025-11-17,M04,P03,Cosmetic,2,FAIL
QC-0008014,WO-002672,2025-11-17,M04,P06,Weld porosity,4,FAIL
QC-0008015,WO-002672,2025-11-17,M04,P06,Cosmetic,1,FAIL
QC-0008016,WO-002672,2025-11-17,M04,P06,Dimensional,1,FAIL
QC-0008017,WO-002673,2025-11-17,M05,P01,Weld porosity,5,FAIL
QC-0008018,WO-002673,2025-11-17,M05,P01,Assembly mismatch,1,FAIL
QC-0008019,WO-002673,2025-11-17,M05,P01,Dimensional,0,PASS
QC-0008020,WO-002674,2025-11-17,M05,P04,Assembly mismatch,0,PASS
QC-0008021,WO-002674,2025-11-17,M05,P04,Surface finish,1,FAIL
QC-0008022,WO-002674,2025-11-17,M05,P04,Cosmetic,2,FAIL
QC-0008023,WO-002675,2025-11-17,M06,P05,Cosmetic,8,FAIL
QC-0008024,WO-002675,2025-11-17,M06,P05,Surface finish,3,FAIL
QC-0008025,WO-002675,2025-11-17,M06,P05,Material defect,0,PASS
QC-0008026,WO-002676,2025-11-17,M06,P06,Cosmetic,4,FAIL
QC-0008027,WO-002676,2025-11-17,M06,P06,Assembly mismatch,1,FAIL
QC-0008028,WO-002676,2025-11-17,M06,P06,Surface finish,3,FAIL
QC-0008029,WO-002677,2025-11-18,M01,P02,Cosmetic,2,FAIL
QC-0008030,WO-002677,2025-11-18,M01,P02,Surface finish,3,FAIL
QC-0008031,WO-002677,2025-11-18,M01,P02,Material defect,1,FAIL
QC-0008032,WO-002678,2025-11-18,M01,P02,Assembly mismatch,1,FAIL
QC-0008033,WO-002678,2025-11-18,M01,P02,Material defect,2,FAIL
QC-0008034,WO-002678,2025-11-18,M01,P02,Dimensional,3,FAIL
QC-0008035,WO-002679,2025-11-18,M02,P02,Surface finish,2,FAIL
QC-0008036,WO-002679,2025-11-18,M02,P02,Assembly mismatch,3,FAIL
QC-0008037,WO-002679,2025-11-18,M02,P02,Weld porosity,1,FAIL
QC-0008038,WO-002680,2025-11-18,M02,P05,Cosmetic,7,FAIL
QC-0008039,WO-002680,2025-11-18,M02,P05,Surface finish,1,FAIL
QC-0008040,WO-002680,2025-11-18,M02,P05,Material defect,0,PASS
QC-0008041,WO-002681,2025-11-18,M03,P05,Material defect,3,FAIL
QC-0008042,WO-002681,2025-11-18,M03,P05,Weld porosity,2,FAIL
QC-0008043,WO-002681,2025-11-18,M03,P05,Dimensional,2,FAIL
QC-0008044,WO-002682,2025-11-18,M03,P05,Dimensional,4,FAIL
QC-0008045,WO-002682,2025-11-18,M03,P05,Material defect,4,FAIL
QC-0008046,WO-002682,2025-11-18,M03,P05,Surface finish,2,FAIL
QC-0008047,WO-002683,2025-11-18,M04,P06,Weld porosity,4,FAIL
QC-0008048,WO-002683,2025-11-18,M04,P06,Material defect,0,PASS
QC-0008049,WO-002683,2025-11-18,M04,P06,Dimensional,1,FAIL
QC-0008050,WO-002684,2025-11-18,M04,P03,Weld porosity,4,FAIL
QC-0008051,WO-002684,2025-11-18,M04,P03,Material defect,5,FAIL
QC-0008052,WO-002684,2025-11-18,M04,P03,Dimensional,1,FAIL
QC-0008053,WO-002685,2025-11-18,M05,P04,Weld porosity,3,FAIL
QC-0008054,WO-002685,2025-11-18,M05,P04,Surface finish,0,PASS
QC-0008055,WO-002685,2025-11-18,M05,P04,Dimensional,2,FAIL
QC-0008056,WO-002686,2025-11-18,M05,P05,Cosmetic,4,FAIL
QC-0008057,WO-002686,2025-11-18,M05,P05,Assembly mismatch,4,FAIL
QC-0008058,WO-002686,2025-11-18,M05,P05,Material defect,3,FAIL
QC-0008059,WO-002687,2025-11-18,M06,P06,Weld porosity,3,FAIL
QC-0008060,WO-002687,2025-11-18,M06,P06,Cosmetic,4,FAIL
QC-0008061,WO-002687,2025-11-18,M06,P06,Material defect,0,PASS
QC-0008062,WO-002688,2025-11-18,M06,P06,Cosmetic,5,FAIL
QC-0008063,WO-002688,2025-11-18,M06,P06,Weld porosity,2,FAIL
QC-0008064,WO-002688,2025-11-18,M06,P06,Material defect,1,FAIL
QC-0008065,WO-002689,2025-11-19,M01,P01,Assembly mismatch,4,FAIL
QC-0008066,WO-002689,2025-11-19,M01,P01,Weld porosity,0,PASS
QC-0008067,WO-002689,2025-11-19,M01,P01,Dimensional,1,FAIL
QC-0008068,WO-002690,2025-11-19,M01,P01,Surface finish,3,FAIL
QC-0008069,WO-002690,2025-11-19,M01,P01,Weld porosity,2,FAIL
QC-0008070,WO-002690,2025-11-19,M01,P01,Material defect,0,PASS
QC-0008071,WO-002691,2025-11-19,M02,P02,Assembly mismatch,5,FAIL
QC-0008072,WO-002691,2025-11-19,M02,P02,Weld porosity,1,FAIL
QC-0008073,WO-002691,2025-11-19,M02,P02,Dimensional,2,FAIL
QC-0008074,WO-002692,2025-11-19,M02,P05,Material defect,6,FAIL
QC-0008075,WO-002692,2025-11-19,M02,P05,Weld porosity,2,FAIL
QC-0008076,WO-002692,2025-11-19,M02,P05,Assembly mismatch,1,FAIL
QC-0008077,WO-002693,2025-11-19,M03,P01,Assembly mismatch,1,FAIL
QC-0008078,WO-002693,2025-11-19,M03,P01,Surface finish,2,FAIL
QC-0008079,WO-002693,2025-11-19,M03,P01,Cosmetic,0,PASS
QC-0008080,WO-002694,2025-11-19,M03,P01,Cosmetic,2,FAIL
QC-0008081,WO-002694,2025-11-19,M03,P01,Assembly mismatch,2,FAIL
QC-0008082,WO-002694,2025-11-19,M03,P01,Surface finish,0,PASS
QC-0008083,WO-002695,2025-11-19,M04,P03,Weld porosity,3,FAIL
QC-0008084,WO-002695,2025-11-19,M04,P03,Cosmetic,5,FAIL
QC-0008085,WO-002695,2025-11-19,M04,P03,Dimensional,2,FAIL
QC-0008086,WO-002696,2025-11-19,M04,P06,Weld porosity,3,FAIL
QC-0008087,WO-002696,2025-11-19,M04,P06,Material defect,0,PASS
QC-0008088,WO-002696,2025-11-19,M04,P06,Surface finish,2,FAIL
QC-0008089,WO-002697,2025-11-19,M05,P01,Surface finish,2,FAIL
QC-0008090,WO-002697,2025-11-19,M05,P01,Dimensional,3,FAIL
QC-0008091,WO-002697,2025-11-19,M05,P01,Assembly mismatch,2,FAIL
QC-0008092,WO-002698,2025-11-19,M06,P04,Cosmetic,3,FAIL
QC-0008093,WO-002698,2025-11-19,M06,P04,Surface finish,2,FAIL
QC-0008094,WO-002698,2025-11-19,M06,P04,Dimensional,0,PASS
QC-0008095,WO-002699,2025-11-19,M06,P04,Material defect,3,FAIL
QC-0008096,WO-002699,2025-11-19,M06,P04,Cosmetic,1,FAIL
QC-0008097,WO-002699,2025-11-19,M06,P04,Weld porosity,1,FAIL
QC-0008098,WO-002700,2025-11-20,M01,P01,Weld porosity,0,PASS
QC-0008099,WO-002700,2025-11-20,M01,P01,Surface finish,2,FAIL
QC-0008100,WO-002700,2025-11-20,M01,P01,Cosmetic,2,FAIL
QC-0008101,WO-002701,2025-11-20,M01,P01,Surface finish,4,FAIL
QC-0008102,WO-002701,2025-11-20,M01,P01,Cosmetic,2,FAIL
QC-0008103,WO-002701,2025-11-20,M01,P01,Weld porosity,0,PASS
QC-0008104,WO-002702,2025-11-20,M02,P02,Cosmetic,5,FAIL
QC-0008105,WO-002702,2025-11-20,M02,P02,Assembly mismatch,0,PASS
QC-0008106,WO-002702,2025-11-20,M02,P02,Dimensional,1,FAIL
QC-0008107,WO-002703,2025-11-20,M02,P02,Material defect,5,FAIL
QC-0008108,WO-002703,2025-11-20,M02,P02,Cosmetic,1,FAIL
QC-0008109,WO-002703,2025-11-20,M02,P02,Weld porosity,1,FAIL
QC-0008110,WO-002704,2025-11-20,M03,P01,Weld porosity,0,PASS
QC-0008111,WO-002704,2025-11-20,M03,P01,Surface finish,0,PASS
QC-0008112,WO-002704,2025-11-20,M03,P01,Dimensional,1,FAIL
QC-0008113,WO-002705,2025-11-20,M03,P03,Dimensional,6,FAIL
QC-0008114,WO-002705,2025-11-20,M03,P03,Material defect,2,FAIL
QC-0008115,WO-002705,2025-11-20,M03,P03,Cosmetic,0,PASS
QC-0008116,WO-002706,2025-11-20,M04,P04,Weld porosity,3,FAIL
QC-0008117,WO-002706,2025-11-20,M04,P04,Dimensional,1,FAIL
QC-0008118,WO-002706,2025-11-20,M04,P04,Surface finish,1,FAIL
QC-0008119,WO-002707,2025-11-20,M04,P03,Weld porosity,6,FAIL
QC-0008120,WO-002707,2025-11-20,M04,P03,Dimensional,2,FAIL
QC-0008121,WO-002707,2025-11-20,M04,P03,Material defect,2,FAIL
QC-0008122,WO-002708,2025-11-20,M05,P05,Dimensional,6,FAIL
QC-0008123,WO-002708,2025-11-20,M05,P05,Weld porosity,2,FAIL
QC-0008124,WO-002708,2025-11-20,M05,P05,Surface finish,1,FAIL
QC-0008125,WO-002709,2025-11-20,M05,P04,Surface finish,4,FAIL
QC-0008126,WO-002709,2025-11-20,M05,P04,Cosmetic,0,PASS
QC-0008127,WO-002709,2025-11-20,M05,P04,Dimensional,0,PASS
QC-0008128,WO-002710,2025-11-20,M06,P05,Cosmetic,4,FAIL
QC-0008129,WO-002710,2025-11-20,M06,P05,Weld porosity,3,FAIL
QC-0008130,WO-002710,2025-11-20,M06,P05,Surface finish,1,FAIL
QC-0008131,WO-002711,2025-11-20,M06,P06,Dimensional,5,FAIL
QC-0008132,WO-002711,2025-11-20,M06,P06,Surface finish,3,FAIL
QC-0008133,WO-002711,2025-11-20,M06,P06,Assembly mismatch,0,PASS
QC-0008134,WO-002712,2025-11-21,M01,P03,Weld porosity,5,FAIL
QC-0008135,WO-002712,2025-11-21,M01,P03,Assembly mismatch,2,FAIL
QC-0008136,WO-002712,2025-11-21,M01,P03,Dimensional,2,FAIL
QC-0008137,WO-002713,2025-11-21,M01,P02,Material defect,5,FAIL
QC-0008138,WO-002713,2025-11-21,M01,P02,Cosmetic,2,FAIL
QC-0008139,WO-002713,2025-11-21,M01,P02,Dimensional,1,FAIL
QC-0008140,WO-002714,2025-11-21,M02,P02,Weld porosity,1,FAIL
QC-0008141,WO-002714,2025-11-21,M02,P02,Material defect,5,FAIL
QC-0008142,WO-002714,2025-11-21,M02,P02,Dimensional,0,PASS
QC-0008143,WO-002715,2025-11-21,M02,P02,Dimensional,4,FAIL
QC-0008144,WO-002715,2025-11-21,M02,P02,Cosmetic,2,FAIL
QC-0008145,WO-002715,2025-11-21,M02,P02,Assembly mismatch,0,PASS
QC-0008146,WO-002716,2025-11-21,M03,P03,Cosmetic,4,FAIL
QC-0008147,WO-002716,2025-11-21,M03,P03,Dimensional,3,FAIL
QC-0008148,WO-002716,2025-11-21,M03,P03,Material defect,1,FAIL
QC-0008149,WO-002717,2025-11-21,M03,P03,Weld porosity,6,FAIL
QC-0008150,WO-002717,2025-11-21,M03,P03,Dimensional,2,FAIL
QC-0008151,WO-002717,2025-11-21,M03,P03,Assembly mismatch,1,FAIL
QC-0008152,WO-002718,2025-11-21,M04,P03,Cosmetic,8,FAIL
QC-0008153,WO-002718,2025-11-21,M04,P03,Assembly mismatch,1,FAIL
QC-0008154,WO-002718,2025-11-21,M04,P03,Weld porosity,1,FAIL
QC-0008155,WO-002719,2025-11-21,M04,P04,Material defect,3,FAIL
QC-0008156,WO-002719,2025-11-21,M04,P04,Assembly mismatch,2,FAIL
QC-0008157,WO-002719,2025-11-21,M04,P04,Weld porosity,1,FAIL
QC-0008158,WO-002720,2025-11-21,M05,P06,Material defect,2,FAIL
QC-0008159,WO-002720,2025-11-21,M05,P06,Cosmetic,2,FAIL
QC-0008160,WO-002720,2025-11-21,M05,P06,Assembly mismatch,2,FAIL
QC-0008161,WO-002721,2025-11-21,M05,P06,Material defect,3,FAIL
QC-0008162,WO-002721,2025-11-21,M05,P06,Dimensional,2,FAIL
QC-0008163,WO-002721,2025-11-21,M05,P06,Cosmetic,0,PASS
QC-0008164,WO-002722,2025-11-21,M06,P04,Material defect,5,FAIL
QC-0008165,WO-002722,2025-11-21,M06,P04,Dimensional,1,FAIL
QC-0008166,WO-002722,2025-11-21,M06,P04,Surface finish,0,PASS
QC-0008167,WO-002723,2025-11-21,M06,P04,Cosmetic,3,FAIL
QC-0008168,WO-002723,2025-11-21,M06,P04,Surface finish,1,FAIL
QC-0008169,WO-002723,2025-11-21,M06,P04,Weld porosity,0,PASS
QC-0008170,WO-002724,2025-11-24,M01,P01,Weld porosity,3,FAIL
QC-0008171,WO-002724,2025-11-24,M01,P01,Cosmetic,2,FAIL
QC-0008172,WO-002724,2025-11-24,M01,P01,Material defect,0,PASS
QC-0008173,WO-002725,2025-11-24,M02,P02,Surface finish,4,FAIL
QC-0008174,WO-002725,2025-11-24,M02,P02,Assembly mismatch,1,FAIL
QC-0008175,WO-002725,2025-11-24,M02,P02,Material defect,1,FAIL
QC-0008176,WO-002726,2025-11-24,M02,P01,Assembly mismatch,2,FAIL
QC-0008177,WO-002726,2025-11-24,M02,P01,Dimensional,2,FAIL
QC-0008178,WO-002726,2025-11-24,M02,P01,Surface finish,2,FAIL
QC-0008179,WO-002727,2025-11-24,M03,P05,Cosmetic,11,FAIL
QC-0008180,WO-002727,2025-11-24,M03,P05,Surface finish,0,PASS
QC-0008181,WO-002727,2025-11-24,M03,P05,Weld porosity,1,FAIL
QC-0008182,WO-002728,2025-11-24,M03,P01,Material defect,3,FAIL
QC-0008183,WO-002728,2025-11-24,M03,P01,Dimensional,0,PASS
QC-0008184,WO-002728,2025-11-24,M03,P01,Cosmetic,3,FAIL
QC-0008185,WO-002729,2025-11-24,M04,P04,Weld porosity,2,FAIL
QC-0008186,WO-002729,2025-11-24,M04,P04,Cosmetic,2,FAIL
QC-0008187,WO-002729,2025-11-24,M04,P04,Material defect,1,FAIL
QC-0008188,WO-002730,2025-11-24,M04,P06,Weld porosity,4,FAIL
QC-0008189,WO-002730,2025-11-24,M04,P06,Material defect,1,FAIL
QC-0008190,WO-002730,2025-11-24,M04,P06,Assembly mismatch,0,PASS
QC-0008191,WO-002731,2025-11-24,M05,P05,Assembly mismatch,4,FAIL
QC-0008192,WO-002731,2025-11-24,M05,P05,Material defect,3,FAIL
QC-0008193,WO-002731,2025-11-24,M05,P05,Dimensional,2,FAIL
QC-0008194,WO-002732,2025-11-24,M05,P01,Assembly mismatch,1,FAIL
QC-0008195,WO-002732,2025-11-24,M05,P01,Weld porosity,1,FAIL
QC-0008196,WO-002732,2025-11-24,M05,P01,Cosmetic,1,FAIL
QC-0008197,WO-002733,2025-11-24,M06,P06,Material defect,3,FAIL
QC-0008198,WO-002733,2025-11-24,M06,P06,Assembly mismatch,1,FAIL
QC-0008199,WO-002733,2025-11-24,M06,P06,Surface finish,1,FAIL
QC-0008200,WO-002734,2025-11-24,M06,P04,Material defect,2,FAIL
QC-0008201,WO-002734,2025-11-24,M06,P04,Assembly mismatch,2,FAIL
QC-0008202,WO-002734,2025-11-24,M06,P04,Dimensional,2,FAIL
QC-0008203,WO-002735,2025-11-25,M01,P01,Material defect,4,FAIL
QC-0008204,WO-002735,2025-11-25,M01,P01,Assembly mismatch,1,FAIL
QC-0008205,WO-002735,2025-11-25,M01,P01,Weld porosity,1,FAIL
QC-0008206,WO-002736,2025-11-25,M01,P03,Weld porosity,4,FAIL
QC-0008207,WO-002736,2025-11-25,M01,P03,Dimensional,1,FAIL
QC-0008208,WO-002736,2025-11-25,M01,P03,Cosmetic,2,FAIL
QC-0008209,WO-002737,2025-11-25,M02,P02,Weld porosity,0,PASS
QC-0008210,WO-002737,2025-11-25,M02,P02,Cosmetic,3,FAIL
QC-0008211,WO-002737,2025-11-25,M02,P02,Assembly mismatch,3,FAIL
QC-0008212,WO-002738,2025-11-25,M02,P02,Material defect,2,FAIL
QC-0008213,WO-002738,2025-11-25,M02,P02,Assembly mismatch,3,FAIL
QC-0008214,WO-002738,2025-11-25,M02,P02,Surface finish,0,PASS
QC-0008215,WO-002739,2025-11-25,M03,P01,Cosmetic,4,FAIL
QC-0008216,WO-002739,2025-11-25,M03,P01,Surface finish,2,FAIL
QC-0008217,WO-002739,2025-11-25,M03,P01,Material defect,0,PASS
QC-0008218,WO-002740,2025-11-25,M03,P03,Surface finish,5,FAIL
QC-0008219,WO-002740,2025-11-25,M03,P03,Assembly mismatch,3,FAIL
QC-0008220,WO-002740,2025-11-25,M03,P03,Dimensional,1,FAIL
QC-0008221,WO-002741,2025-11-25,M04,P03,Weld porosity,6,FAIL
QC-0008222,WO-002741,2025-11-25,M04,P03,Cosmetic,5,FAIL
QC-0008223,WO-002741,2025-11-25,M04,P03,Dimensional,1,FAIL
QC-0008224,WO-002742,2025-11-25,M04,P03,Surface finish,6,FAIL
QC-0008225,WO-002742,2025-11-25,M04,P03,Assembly mismatch,2,FAIL
QC-0008226,WO-002742,2025-11-25,M04,P03,Weld porosity,0,PASS
QC-0008227,WO-002743,2025-11-25,M05,P05,Weld porosity,8,FAIL
QC-0008228,WO-002743,2025-11-25,M05,P05,Material defect,1,FAIL
QC-0008229,WO-002743,2025-11-25,M05,P05,Surface finish,1,FAIL
QC-0008230,WO-002744,2025-11-25,M05,P05,Dimensional,5,FAIL
QC-0008231,WO-002744,2025-11-25,M05,P05,Surface finish,6,FAIL
QC-0008232,WO-002744,2025-11-25,M05,P05,Cosmetic,1,FAIL
QC-0008233,WO-002745,2025-11-25,M06,P04,Cosmetic,1,FAIL
QC-0008234,WO-002745,2025-11-25,M06,P04,Dimensional,1,FAIL
QC-0008235,WO-002745,2025-11-25,M06,P04,Material defect,2,FAIL
QC-0008236,WO-002746,2025-11-25,M06,P04,Dimensional,5,FAIL
QC-0008237,WO-002746,2025-11-25,M06,P04,Surface finish,0,PASS
QC-0008238,WO-002746,2025-11-25,M06,P04,Cosmetic,0,PASS
QC-0008239,WO-002747,2025-11-26,M01,P01,Cosmetic,2,FAIL
QC-0008240,WO-002747,2025-11-26,M01,P01,Surface finish,0,PASS
QC-0008241,WO-002747,2025-11-26,M01,P01,Weld porosity,1,FAIL
QC-0008242,WO-002748,2025-11-26,M01,P02,Material defect,5,FAIL
QC-0008243,WO-002748,2025-11-26,M01,P02,Assembly mismatch,0,PASS
QC-0008244,WO-002748,2025-11-26,M01,P02,Surface finish,2,FAIL
QC-0008245,WO-002749,2025-11-26,M02,P05,Surface finish,5,FAIL
QC-0008246,WO-002749,2025-11-26,M02,P05,Assembly mismatch,2,FAIL
QC-0008247,WO-002749,2025-11-26,M02,P05,Cosmetic,0,PASS
QC-0008248,WO-002750,2025-11-26,M02,P01,Assembly mismatch,6,FAIL
QC-0008249,WO-002750,2025-11-26,M02,P01,Dimensional,0,PASS
QC-0008250,WO-002750,2025-11-26,M02,P01,Cosmetic,0,PASS
QC-0008251,WO-002751,2025-11-26,M03,P03,Surface finish,4,FAIL
QC-0008252,WO-002751,2025-11-26,M03,P03,Assembly mismatch,1,FAIL
QC-0008253,WO-002751,2025-11-26,M03,P03,Material defect,1,FAIL
QC-0008254,WO-002752,2025-11-26,M03,P01,Assembly mismatch,6,FAIL
QC-0008255,WO-002752,2025-11-26,M03,P01,Cosmetic,2,FAIL
QC-0008256,WO-002752,2025-11-26,M03,P01,Weld porosity,0,PASS
QC-0008257,WO-002753,2025-11-26,M04,P06,Assembly mismatch,4,FAIL
QC-0008258,WO-002753,2025-11-26,M04,P06,Material defect,1,FAIL
QC-0008259,WO-002753,2025-11-26,M04,P06,Weld porosity,1,FAIL
QC-0008260,WO-002754,2025-11-26,M04,P06,Weld porosity,4,FAIL
QC-0008261,WO-002754,2025-11-26,M04,P06,Cosmetic,2,FAIL
QC-0008262,WO-002754,2025-11-26,M04,P06,Surface finish,0,PASS
QC-0008263,WO-002755,2025-11-26,M05,P04,Dimensional,4,FAIL
QC-0008264,WO-002755,2025-11-26,M05,P04,Assembly mismatch,2,FAIL
QC-0008265,WO-002755,2025-11-26,M05,P04,Cosmetic,0,PASS
QC-0008266,WO-002756,2025-11-26,M05,P04,Weld porosity,3,FAIL
QC-0008267,WO-002756,2025-11-26,M05,P04,Material defect,2,FAIL
QC-0008268,WO-002756,2025-11-26,M05,P04,Assembly mismatch,0,PASS
QC-0008269,WO-002757,2025-11-26,M06,P06,Surface finish,6,FAIL
QC-0008270,WO-002757,2025-11-26,M06,P06,Weld porosity,1,FAIL
QC-0008271,WO-002757,2025-11-26,M06,P06,Material defect,0,PASS
QC-0008272,WO-002758,2025-11-26,M06,P01,Assembly mismatch,4,FAIL
QC-0008273,WO-002758,2025-11-26,M06,P01,Surface finish,1,FAIL
QC-0008274,WO-002758,2025-11-26,M06,P01,Material defect,0,PASS
QC-0008275,WO-002759,2025-11-27,M01,P03,Cosmetic,3,FAIL
QC-0008276,WO-002759,2025-11-27,M01,P03,Assembly mismatch,1,FAIL
QC-0008277,WO-002759,2025-11-27,M01,P03,Surface finish,3,FAIL
QC-0008278,WO-002760,2025-11-27,M01,P03,Material defect,2,FAIL
QC-0008279,WO-002760,2025-11-27,M01,P03,Assembly mismatch,3,FAIL
QC-0008280,WO-002760,2025-11-27,M01,P03,Cosmetic,4,FAIL
QC-0008281,WO-002761,2025-11-27,M02,P05,Surface finish,5,FAIL
QC-0008282,WO-002761,2025-11-27,M02,P05,Material defect,4,FAIL
QC-0008283,WO-002761,2025-11-27,M02,P05,Dimensional,0,PASS
QC-0008284,WO-002762,2025-11-27,M02,P01,Weld porosity,3,FAIL
QC-0008285,WO-002762,2025-11-27,M02,P01,Assembly mismatch,0,PASS
QC-0008286,WO-002762,2025-11-27,M02,P01,Cosmetic,0,PASS
QC-0008287,WO-002763,2025-11-27,M03,P05,Weld porosity,7,FAIL
QC-0008288,WO-002763,2025-11-27,M03,P05,Assembly mismatch,1,FAIL
QC-0008289,WO-002763,2025-11-27,M03,P05,Material defect,1,FAIL
QC-0008290,WO-002764,2025-11-27,M03,P01,Cosmetic,4,FAIL
QC-0008291,WO-002764,2025-11-27,M03,P01,Assembly mismatch,1,FAIL
QC-0008292,WO-002764,2025-11-27,M03,P01,Surface finish,0,PASS
QC-0008293,WO-002765,2025-11-27,M04,P04,Weld porosity,3,FAIL
QC-0008294,WO-002765,2025-11-27,M04,P04,Surface finish,2,FAIL
QC-0008295,WO-002765,2025-11-27,M04,P04,Material defect,1,FAIL
QC-0008296,WO-002766,2025-11-27,M04,P03,Dimensional,8,FAIL
QC-0008297,WO-002766,2025-11-27,M04,P03,Surface finish,2,FAIL
QC-0008298,WO-002766,2025-11-27,M04,P03,Weld porosity,2,FAIL
QC-0008299,WO-002767,2025-11-27,M05,P06,Dimensional,4,FAIL
QC-0008300,WO-002767,2025-11-27,M05,P06,Weld porosity,1,FAIL
QC-0008301,WO-002767,2025-11-27,M05,P06,Cosmetic,1,FAIL
QC-0008302,WO-002768,2025-11-27,M05,P01,Dimensional,3,FAIL
QC-0008303,WO-002768,2025-11-27,M05,P01,Assembly mismatch,1,FAIL
QC-0008304,WO-002768,2025-11-27,M05,P01,Material defect,0,PASS
QC-0008305,WO-002769,2025-11-27,M06,P05,Cosmetic,5,FAIL
QC-0008306,WO-002769,2025-11-27,M06,P05,Material defect,3,FAIL
QC-0008307,WO-002769,2025-11-27,M06,P05,Dimensional,0,PASS
QC-0008308,WO-002770,2025-11-27,M06,P05,Dimensional,8,FAIL
QC-0008309,WO-002770,2025-11-27,M06,P05,Material defect,1,FAIL
QC-0008310,WO-002770,2025-11-27,M06,P05,Cosmetic,3,FAIL
QC-0008311,WO-002771,2025-11-28,M01,P01,Surface finish,4,FAIL
QC-0008312,WO-002771,2025-11-28,M01,P01,Weld porosity,2,FAIL
QC-0008313,WO-002771,2025-11-28,M01,P01,Material defect,0,PASS
QC-0008314,WO-002772,2025-11-28,M01,P03,Cosmetic,3,FAIL
QC-0008315,WO-002772,2025-11-28,M01,P03,Assembly mismatch,3,FAIL
QC-0008316,WO-002772,2025-11-28,M01,P03,Weld porosity,1,FAIL
QC-0008317,WO-002773,2025-11-28,M02,P05,Assembly mismatch,6,FAIL
QC-0008318,WO-002773,2025-11-28,M02,P05,Surface finish,5,FAIL
QC-0008319,WO-002773,2025-11-28,M02,P05,Material defect,0,PASS
QC-0008320,WO-002774,2025-11-28,M02,P02,Cosmetic,5,FAIL
QC-0008321,WO-002774,2025-11-28,M02,P02,Material defect,2,FAIL
QC-0008322,WO-002774,2025-11-28,M02,P02,Dimensional,0,PASS
QC-0008323,WO-002775,2025-11-28,M03,P03,Surface finish,4,FAIL
QC-0008324,WO-002775,2025-11-28,M03,P03,Material defect,3,FAIL
QC-0008325,WO-002775,2025-11-28,M03,P03,Weld porosity,0,PASS
QC-0008326,WO-002776,2025-11-28,M03,P05,Cosmetic,7,FAIL
QC-0008327,WO-002776,2025-11-28,M03,P05,Assembly mismatch,4,FAIL
QC-0008328,WO-002776,2025-11-28,M03,P05,Weld porosity,0,PASS
QC-0008329,WO-002777,2025-11-28,M04,P06,Material defect,3,FAIL
QC-0008330,WO-002777,2025-11-28,M04,P06,Weld porosity,3,FAIL
QC-0008331,WO-002777,2025-11-28,M04,P06,Surface finish,0,PASS
QC-0008332,WO-002778,2025-11-28,M04,P04,Weld porosity,1,FAIL
QC-0008333,WO-002778,2025-11-28,M04,P04,Cosmetic,2,FAIL
QC-0008334,WO-002778,2025-11-28,M04,P04,Assembly mismatch,1,FAIL
QC-0008335,WO-002779,2025-11-28,M05,P05,Cosmetic,3,FAIL
QC-0008336,WO-002779,2025-11-28,M05,P05,Dimensional,3,FAIL
QC-0008337,WO-002779,2025-11-28,M05,P05,Assembly mismatch,3,FAIL
QC-0008338,WO-002780,2025-11-28,M05,P01,Weld porosity,3,FAIL
QC-0008339,WO-002780,2025-11-28,M05,P01,Material defect,3,FAIL
QC-0008340,WO-002780,2025-11-28,M05,P01,Dimensional,0,PASS
QC-0008341,WO-002781,2025-11-28,M06,P04,Weld porosity,1,FAIL
QC-0008342,WO-002781,2025-11-28,M06,P04,Dimensional,1,FAIL
QC-0008343,WO-002781,2025-11-28,M06,P04,Cosmetic,3,FAIL
QC-0008344,WO-002782,2025-11-28,M06,P01,Surface finish,5,FAIL
QC-0008345,WO-002782,2025-11-28,M06,P01,Weld porosity,0,PASS
QC-0008346,WO-002782,2025-11-28,M06,P01,Material defect,1,FAIL
QC-0008347,WO-002783,2025-12-01,M01,P01,Cosmetic,0,PASS
QC-0008348,WO-002783,2025-12-01,M01,P01,Material defect,2,FAIL
QC-0008349,WO-002783,2025-12-01,M01,P01,Assembly mismatch,1,FAIL
QC-0008350,WO-002784,2025-12-01,M01,P01,Material defect,2,FAIL
QC-0008351,WO-002784,2025-12-01,M01,P01,Weld porosity,2,FAIL
QC-0008352,WO-002784,2025-12-01,M01,P01,Cosmetic,3,FAIL
QC-0008353,WO-002785,2025-12-01,M02,P05,Weld porosity,5,FAIL
QC-0008354,WO-002785,2025-12-01,M02,P05,Dimensional,5,FAIL
QC-0008355,WO-002785,2025-12-01,M02,P05,Surface finish,1,FAIL
QC-0008356,WO-002786,2025-12-01,M02,P02,Cosmetic,5,FAIL
QC-0008357,WO-002786,2025-12-01,M02,P02,Weld porosity,1,FAIL
QC-0008358,WO-002786,2025-12-01,M02,P02,Material defect,0,PASS
QC-0008359,WO-002787,2025-12-01,M03,P05,Weld porosity,6,FAIL
QC-0008360,WO-002787,2025-12-01,M03,P05,Dimensional,2,FAIL
QC-0008361,WO-002787,2025-12-01,M03,P05,Cosmetic,3,FAIL
QC-0008362,WO-002788,2025-12-01,M03,P01,Weld porosity,2,FAIL
QC-0008363,WO-002788,2025-12-01,M03,P01,Assembly mismatch,2,FAIL
QC-0008364,WO-002788,2025-12-01,M03,P01,Cosmetic,3,FAIL
QC-0008365,WO-002789,2025-12-01,M04,P04,Weld porosity,3,FAIL
QC-0008366,WO-002789,2025-12-01,M04,P04,Cosmetic,2,FAIL
QC-0008367,WO-002789,2025-12-01,M04,P04,Surface finish,0,PASS
QC-0008368,WO-002790,2025-12-01,M04,P04,Surface finish,4,FAIL
QC-0008369,WO-002790,2025-12-01,M04,P04,Material defect,1,FAIL
QC-0008370,WO-002790,2025-12-01,M04,P04,Weld porosity,0,PASS
QC-0008371,WO-002791,2025-12-01,M05,P06,Weld porosity,1,FAIL
QC-0008372,WO-002791,2025-12-01,M05,P06,Cosmetic,2,FAIL
QC-0008373,WO-002791,2025-12-01,M05,P06,Assembly mismatch,1,FAIL
QC-0008374,WO-002792,2025-12-01,M05,P06,Weld porosity,6,FAIL
QC-0008375,WO-002792,2025-12-01,M05,P06,Dimensional,0,PASS
QC-0008376,WO-002792,2025-12-01,M05,P06,Assembly mismatch,0,PASS
QC-0008377,WO-002793,2025-12-01,M06,P01,Assembly mismatch,5,FAIL
QC-0008378,WO-002793,2025-12-01,M06,P01,Weld porosity,1,FAIL
QC-0008379,WO-002793,2025-12-01,M06,P01,Dimensional,0,PASS
QC-0008380,WO-002794,2025-12-01,M06,P05,Material defect,7,FAIL
QC-0008381,WO-002794,2025-12-01,M06,P05,Cosmetic,3,FAIL
QC-0008382,WO-002794,2025-12-01,M06,P05,Weld porosity,0,PASS
QC-0008383,WO-002795,2025-12-02,M01,P03,Weld porosity,3,FAIL
QC-0008384,WO-002795,2025-12-02,M01,P03,Dimensional,1,FAIL
QC-0008385,WO-002795,2025-12-02,M01,P03,Surface finish,2,FAIL
QC-0008386,WO-002796,2025-12-02,M01,P02,Material defect,2,FAIL
QC-0008387,WO-002796,2025-12-02,M01,P02,Dimensional,1,FAIL
QC-0008388,WO-002796,2025-12-02,M01,P02,Cosmetic,1,FAIL
QC-0008389,WO-002797,2025-12-02,M02,P02,Cosmetic,3,FAIL
QC-0008390,WO-002797,2025-12-02,M02,P02,Weld porosity,1,FAIL
QC-0008391,WO-002797,2025-12-02,M02,P02,Assembly mismatch,1,FAIL
QC-0008392,WO-002798,2025-12-02,M02,P05,Cosmetic,3,FAIL
QC-0008393,WO-002798,2025-12-02,M02,P05,Assembly mismatch,1,FAIL
QC-0008394,WO-002798,2025-12-02,M02,P05,Surface finish,3,FAIL
QC-0008395,WO-002799,2025-12-02,M03,P03,Cosmetic,4,FAIL
QC-0008396,WO-002799,2025-12-02,M03,P03,Surface finish,4,FAIL
QC-0008397,WO-002799,2025-12-02,M03,P03,Material defect,1,FAIL
QC-0008398,WO-002800,2025-12-02,M03,P05,Cosmetic,5,FAIL
QC-0008399,WO-002800,2025-12-02,M03,P05,Surface finish,3,FAIL
QC-0008400,WO-002800,2025-12-02,M03,P05,Dimensional,2,FAIL
QC-0008401,WO-002801,2025-12-02,M04,P03,Weld porosity,7,FAIL
QC-0008402,WO-002801,2025-12-02,M04,P03,Cosmetic,1,FAIL
QC-0008403,WO-002801,2025-12-02,M04,P03,Surface finish,0,PASS
QC-0008404,WO-002802,2025-12-02,M04,P06,Weld porosity,4,FAIL
QC-0008405,WO-002802,2025-12-02,M04,P06,Surface finish,1,FAIL
QC-0008406,WO-002802,2025-12-02,M04,P06,Dimensional,1,FAIL
QC-0008407,WO-002803,2025-12-02,M05,P05,Material defect,6,FAIL
QC-0008408,WO-002803,2025-12-02,M05,P05,Surface finish,3,FAIL
QC-0008409,WO-002803,2025-12-02,M05,P05,Dimensional,2,FAIL
QC-0008410,WO-002804,2025-12-02,M05,P01,Assembly mismatch,3,FAIL
QC-0008411,WO-002804,2025-12-02,M05,P01,Weld porosity,2,FAIL
QC-0008412,WO-002804,2025-12-02,M05,P01,Dimensional,0,PASS
QC-0008413,WO-002805,2025-12-02,M06,P04,Surface finish,4,FAIL
QC-0008414,WO-002805,2025-12-02,M06,P04,Cosmetic,0,PASS
QC-0008415,WO-002805,2025-12-02,M06,P04,Dimensional,0,PASS
QC-0008416,WO-002806,2025-12-02,M06,P05,Surface finish,6,FAIL
QC-0008417,WO-002806,2025-12-02,M06,P05,Material defect,3,FAIL
QC-0008418,WO-002806,2025-12-02,M06,P05,Dimensional,3,FAIL
QC-0008419,WO-002807,2025-12-03,M01,P01,Assembly mismatch,3,FAIL
QC-0008420,WO-002807,2025-12-03,M01,P01,Weld porosity,2,FAIL
QC-0008421,WO-002807,2025-12-03,M01,P01,Dimensional,2,FAIL
QC-0008422,WO-002808,2025-12-03,M01,P02,Dimensional,4,FAIL
QC-0008423,WO-002808,2025-12-03,M01,P02,Surface finish,2,FAIL
QC-0008424,WO-002808,2025-12-03,M01,P02,Assembly mismatch,2,FAIL
QC-0008425,WO-002809,2025-12-03,M02,P02,Dimensional,4,FAIL
QC-0008426,WO-002809,2025-12-03,M02,P02,Weld porosity,2,FAIL
QC-0008427,WO-002809,2025-12-03,M02,P02,Assembly mismatch,1,FAIL
QC-0008428,WO-002810,2025-12-03,M02,P02,Assembly mismatch,4,FAIL
QC-0008429,WO-002810,2025-12-03,M02,P02,Cosmetic,1,FAIL
QC-0008430,WO-002810,2025-12-03,M02,P02,Dimensional,1,FAIL
QC-0008431,WO-002811,2025-12-03,M03,P01,Weld porosity,2,FAIL
QC-0008432,WO-002811,2025-12-03,M03,P01,Dimensional,2,FAIL
QC-0008433,WO-002811,2025-12-03,M03,P01,Surface finish,1,FAIL
QC-0008434,WO-002812,2025-12-03,M03,P05,Weld porosity,8,FAIL
QC-0008435,WO-002812,2025-12-03,M03,P05,Material defect,1,FAIL
QC-0008436,WO-002812,2025-12-03,M03,P05,Surface finish,2,FAIL
QC-0008437,WO-002813,2025-12-03,M04,P04,Weld porosity,2,FAIL
QC-0008438,WO-002813,2025-12-03,M04,P04,Material defect,2,FAIL
QC-0008439,WO-002813,2025-12-03,M04,P04,Cosmetic,1,FAIL
QC-0008440,WO-002814,2025-12-03,M04,P04,Surface finish,2,FAIL
QC-0008441,WO-002814,2025-12-03,M04,P04,Cosmetic,3,FAIL
QC-0008442,WO-002814,2025-12-03,M04,P04,Weld porosity,1,FAIL
QC-0008443,WO-002815,2025-12-03,M05,P06,Weld porosity,4,FAIL
QC-0008444,WO-002815,2025-12-03,M05,P06,Cosmetic,2,FAIL
QC-0008445,WO-002815,2025-12-03,M05,P06,Assembly mismatch,0,PASS
QC-0008446,WO-002816,2025-12-03,M06,P01,Weld porosity,5,FAIL
QC-0008447,WO-002816,2025-12-03,M06,P01,Dimensional,2,FAIL
QC-0008448,WO-002816,2025-12-03,M06,P01,Material defect,1,FAIL
QC-0008449,WO-002817,2025-12-03,M06,P06,Cosmetic,6,FAIL
QC-0008450,WO-002817,2025-12-03,M06,P06,Dimensional,2,FAIL
QC-0008451,WO-002817,2025-12-03,M06,P06,Assembly mismatch,0,PASS
QC-0008452,WO-002818,2025-12-04,M01,P01,Dimensional,4,FAIL
QC-0008453,WO-002818,2025-12-04,M01,P01,Material defect,0,PASS
QC-0008454,WO-002818,2025-12-04,M01,P01,Cosmetic,0,PASS
QC-0008455,WO-002819,2025-12-04,M01,P01,Material defect,3,FAIL
QC-0008456,WO-002819,2025-12-04,M01,P01,Dimensional,3,FAIL
QC-0008457,WO-002819,2025-12-04,M01,P01,Weld porosity,0,PASS
QC-0008458,WO-002820,2025-12-04,M02,P02,Weld porosity,3,FAIL
QC-0008459,WO-002820,2025-12-04,M02,P02,Material defect,2,FAIL
QC-0008460,WO-002820,2025-12-04,M02,P02,Surface finish,0,PASS
QC-0008461,WO-002821,2025-12-04,M02,P05,Cosmetic,3,FAIL
QC-0008462,WO-002821,2025-12-04,M02,P05,Material defect,4,FAIL
QC-0008463,WO-002821,2025-12-04,M02,P05,Weld porosity,1,FAIL
QC-0008464,WO-002822,2025-12-04,M03,P03,Surface finish,4,FAIL
QC-0008465,WO-002822,2025-12-04,M03,P03,Assembly mismatch,0,PASS
QC-0008466,WO-002822,2025-12-04,M03,P03,Material defect,0,PASS
QC-0008467,WO-002823,2025-12-04,M03,P05,Dimensional,7,FAIL
QC-0008468,WO-002823,2025-12-04,M03,P05,Material defect,2,FAIL
QC-0008469,WO-002823,2025-12-04,M03,P05,Cosmetic,1,FAIL
QC-0008470,WO-002824,2025-12-04,M04,P04,Weld porosity,5,FAIL
QC-0008471,WO-002824,2025-12-04,M04,P04,Assembly mismatch,1,FAIL
QC-0008472,WO-002824,2025-12-04,M04,P04,Dimensional,0,PASS
QC-0008473,WO-002825,2025-12-04,M04,P04,Weld porosity,3,FAIL
QC-0008474,WO-002825,2025-12-04,M04,P04,Dimensional,2,FAIL
QC-0008475,WO-002825,2025-12-04,M04,P04,Assembly mismatch,0,PASS
QC-0008476,WO-002826,2025-12-04,M05,P06,Material defect,5,FAIL
QC-0008477,WO-002826,2025-12-04,M05,P06,Weld porosity,0,PASS
QC-0008478,WO-002826,2025-12-04,M05,P06,Assembly mismatch,2,FAIL
QC-0008479,WO-002827,2025-12-04,M05,P05,Weld porosity,6,FAIL
QC-0008480,WO-002827,2025-12-04,M05,P05,Assembly mismatch,1,FAIL
QC-0008481,WO-002827,2025-12-04,M05,P05,Cosmetic,3,FAIL
QC-0008482,WO-002828,2025-12-04,M06,P04,Cosmetic,3,FAIL
QC-0008483,WO-002828,2025-12-04,M06,P04,Material defect,1,FAIL
QC-0008484,WO-002828,2025-12-04,M06,P04,Weld porosity,1,FAIL
QC-0008485,WO-002829,2025-12-04,M06,P01,Material defect,2,FAIL
QC-0008486,WO-002829,2025-12-04,M06,P01,Assembly mismatch,1,FAIL
QC-0008487,WO-002829,2025-12-04,M06,P01,Weld porosity,2,FAIL
QC-0008488,WO-002830,2025-12-05,M01,P03,Weld porosity,2,FAIL
QC-0008489,WO-002830,2025-12-05,M01,P03,Assembly mismatch,0,PASS
QC-0008490,WO-002830,2025-12-05,M01,P03,Surface finish,0,PASS
QC-0008491,WO-002831,2025-12-05,M01,P01,Material defect,3,FAIL
QC-0008492,WO-002831,2025-12-05,M01,P01,Cosmetic,2,FAIL
QC-0008493,WO-002831,2025-12-05,M01,P01,Dimensional,0,PASS
QC-0008494,WO-002832,2025-12-05,M02,P01,Dimensional,5,FAIL
QC-0008495,WO-002832,2025-12-05,M02,P01,Weld porosity,1,FAIL
QC-0008496,WO-002832,2025-12-05,M02,P01,Material defect,1,FAIL
QC-0008497,WO-002833,2025-12-05,M02,P01,Cosmetic,3,FAIL
QC-0008498,WO-002833,2025-12-05,M02,P01,Material defect,2,FAIL
QC-0008499,WO-002833,2025-12-05,M02,P01,Dimensional,0,PASS
QC-0008500,WO-002834,2025-12-05,M03,P01,Material defect,3,FAIL
QC-0008501,WO-002834,2025-12-05,M03,P01,Cosmetic,1,FAIL
QC-0008502,WO-002834,2025-12-05,M03,P01,Assembly mismatch,1,FAIL
QC-0008503,WO-002835,2025-12-05,M03,P01,Surface finish,4,FAIL
QC-0008504,WO-002835,2025-12-05,M03,P01,Assembly mismatch,2,FAIL
QC-0008505,WO-002835,2025-12-05,M03,P01,Material defect,0,PASS
QC-0008506,WO-002836,2025-12-05,M04,P06,Weld porosity,3,FAIL
QC-0008507,WO-002836,2025-12-05,M04,P06,Material defect,3,FAIL
QC-0008508,WO-002836,2025-12-05,M04,P06,Assembly mismatch,0,PASS
QC-0008509,WO-002837,2025-12-05,M04,P06,Surface finish,4,FAIL
QC-0008510,WO-002837,2025-12-05,M04,P06,Weld porosity,0,PASS
QC-0008511,WO-002837,2025-12-05,M04,P06,Assembly mismatch,0,PASS
QC-0008512,WO-002838,2025-12-05,M05,P04,Weld porosity,2,FAIL
QC-0008513,WO-002838,2025-12-05,M05,P04,Material defect,2,FAIL
QC-0008514,WO-002838,2025-12-05,M05,P04,Dimensional,0,PASS
QC-0008515,WO-002839,2025-12-05,M05,P01,Cosmetic,4,FAIL
QC-0008516,WO-002839,2025-12-05,M05,P01,Assembly mismatch,1,FAIL
QC-0008517,WO-002839,2025-12-05,M05,P01,Dimensional,1,FAIL
QC-0008518,WO-002840,2025-12-05,M06,P05,Material defect,8,FAIL
QC-0008519,WO-002840,2025-12-05,M06,P05,Assembly mismatch,1,FAIL
QC-0008520,WO-002840,2025-12-05,M06,P05,Weld porosity,1,FAIL
QC-0008521,WO-002841,2025-12-05,M06,P01,Surface finish,2,FAIL
QC-0008522,WO-002841,2025-12-05,M06,P01,Dimensional,2,FAIL
QC-0008523,WO-002841,2025-12-05,M06,P01,Assembly mismatch,2,FAIL
QC-0008524,WO-002842,2025-12-08,M01,P01,Cosmetic,5,FAIL
QC-0008525,WO-002842,2025-12-08,M01,P01,Dimensional,1,FAIL
QC-0008526,WO-002842,2025-12-08,M01,P01,Material defect,0,PASS
QC-0008527,WO-002843,2025-12-08,M01,P01,Surface finish,3,FAIL
QC-0008528,WO-002843,2025-12-08,M01,P01,Cosmetic,2,FAIL
QC-0008529,WO-002843,2025-12-08,M01,P01,Assembly mismatch,1,FAIL
QC-0008530,WO-002844,2025-12-08,M02,P05,Weld porosity,3,FAIL
QC-0008531,WO-002844,2025-12-08,M02,P05,Surface finish,5,FAIL
QC-0008532,WO-002844,2025-12-08,M02,P05,Material defect,2,FAIL
QC-0008533,WO-002845,2025-12-08,M02,P05,Cosmetic,4,FAIL
QC-0008534,WO-002845,2025-12-08,M02,P05,Assembly mismatch,1,FAIL
QC-0008535,WO-002845,2025-12-08,M02,P05,Dimensional,4,FAIL
QC-0008536,WO-002846,2025-12-08,M03,P05,Assembly mismatch,5,FAIL
QC-0008537,WO-002846,2025-12-08,M03,P05,Material defect,4,FAIL
QC-0008538,WO-002846,2025-12-08,M03,P05,Cosmetic,2,FAIL
QC-0008539,WO-002847,2025-12-08,M03,P03,Cosmetic,3,FAIL
QC-0008540,WO-002847,2025-12-08,M03,P03,Dimensional,2,FAIL
QC-0008541,WO-002847,2025-12-08,M03,P03,Surface finish,2,FAIL
QC-0008542,WO-002848,2025-12-08,M04,P06,Surface finish,3,FAIL
QC-0008543,WO-002848,2025-12-08,M04,P06,Cosmetic,1,FAIL
QC-0008544,WO-002848,2025-12-08,M04,P06,Weld porosity,2,FAIL
QC-0008545,WO-002849,2025-12-08,M04,P04,Weld porosity,2,FAIL
QC-0008546,WO-002849,2025-12-08,M04,P04,Dimensional,1,FAIL
QC-0008547,WO-002849,2025-12-08,M04,P04,Cosmetic,2,FAIL
QC-0008548,WO-002850,2025-12-08,M05,P06,Dimensional,3,FAIL
QC-0008549,WO-002850,2025-12-08,M05,P06,Cosmetic,4,FAIL
QC-0008550,WO-002850,2025-12-08,M05,P06,Material defect,1,FAIL
QC-0008551,WO-002851,2025-12-08,M06,P05,Surface finish,3,FAIL
QC-0008552,WO-002851,2025-12-08,M06,P05,Dimensional,5,FAIL
QC-0008553,WO-002851,2025-12-08,M06,P05,Weld porosity,4,FAIL
QC-0008554,WO-002852,2025-12-08,M06,P05,Cosmetic,8,FAIL
QC-0008555,WO-002852,2025-12-08,M06,P05,Assembly mismatch,0,PASS
QC-0008556,WO-002852,2025-12-08,M06,P05,Weld porosity,0,PASS
QC-0008557,WO-002853,2025-12-09,M01,P01,Dimensional,4,FAIL
QC-0008558,WO-002853,2025-12-09,M01,P01,Assembly mismatch,1,FAIL
QC-0008559,WO-002853,2025-12-09,M01,P01,Material defect,0,PASS
QC-0008560,WO-002854,2025-12-09,M01,P03,Surface finish,2,FAIL
QC-0008561,WO-002854,2025-12-09,M01,P03,Cosmetic,3,FAIL
QC-0008562,WO-002854,2025-12-09,M01,P03,Material defect,0,PASS
QC-0008563,WO-002855,2025-12-09,M02,P05,Surface finish,6,FAIL
QC-0008564,WO-002855,2025-12-09,M02,P05,Cosmetic,2,FAIL
QC-0008565,WO-002855,2025-12-09,M02,P05,Weld porosity,1,FAIL
QC-0008566,WO-002856,2025-12-09,M02,P02,Assembly mismatch,4,FAIL
QC-0008567,WO-002856,2025-12-09,M02,P02,Weld porosity,1,FAIL
QC-0008568,WO-002856,2025-12-09,M02,P02,Material defect,1,FAIL
QC-0008569,WO-002857,2025-12-09,M03,P03,Dimensional,4,FAIL
QC-0008570,WO-002857,2025-12-09,M03,P03,Assembly mismatch,1,FAIL
QC-0008571,WO-002857,2025-12-09,M03,P03,Cosmetic,2,FAIL
QC-0008572,WO-002858,2025-12-09,M03,P03,Cosmetic,3,FAIL
QC-0008573,WO-002858,2025-12-09,M03,P03,Assembly mismatch,1,FAIL
QC-0008574,WO-002858,2025-12-09,M03,P03,Dimensional,1,FAIL
QC-0008575,WO-002859,2025-12-09,M04,P03,Dimensional,3,FAIL
QC-0008576,WO-002859,2025-12-09,M04,P03,Weld porosity,6,FAIL
QC-0008577,WO-002859,2025-12-09,M04,P03,Cosmetic,0,PASS
QC-0008578,WO-002860,2025-12-09,M05,P06,Material defect,4,FAIL
QC-0008579,WO-002860,2025-12-09,M05,P06,Surface finish,1,FAIL
QC-0008580,WO-002860,2025-12-09,M05,P06,Dimensional,1,FAIL
QC-0008581,WO-002861,2025-12-09,M05,P04,Cosmetic,4,FAIL
QC-0008582,WO-002861,2025-12-09,M05,P04,Dimensional,0,PASS
QC-0008583,WO-002861,2025-12-09,M05,P04,Material defect,1,FAIL
QC-0008584,WO-002862,2025-12-09,M06,P01,Cosmetic,6,FAIL
QC-0008585,WO-002862,2025-12-09,M06,P01,Material defect,4,FAIL
QC-0008586,WO-002862,2025-12-09,M06,P01,Weld porosity,0,PASS
QC-0008587,WO-002863,2025-12-09,M06,P04,Cosmetic,2,FAIL
QC-0008588,WO-002863,2025-12-09,M06,P04,Weld porosity,2,FAIL
QC-0008589,WO-002863,2025-12-09,M06,P04,Material defect,0,PASS
QC-0008590,WO-002864,2025-12-10,M01,P03,Cosmetic,6,FAIL
QC-0008591,WO-002864,2025-12-10,M01,P03,Surface finish,2,FAIL
QC-0008592,WO-002864,2025-12-10,M01,P03,Dimensional,1,FAIL
QC-0008593,WO-002865,2025-12-10,M01,P01,Cosmetic,5,FAIL
QC-0008594,WO-002865,2025-12-10,M01,P01,Assembly mismatch,1,FAIL
QC-0008595,WO-002865,2025-12-10,M01,P01,Surface finish,0,PASS
QC-0008596,WO-002866,2025-12-10,M02,P05,Material defect,3,FAIL
QC-0008597,WO-002866,2025-12-10,M02,P05,Surface finish,5,FAIL
QC-0008598,WO-002866,2025-12-10,M02,P05,Cosmetic,4,FAIL
QC-0008599,WO-002867,2025-12-10,M02,P05,Surface finish,4,FAIL
QC-0008600,WO-002867,2025-12-10,M02,P05,Dimensional,1,FAIL
QC-0008601,WO-002867,2025-12-10,M02,P05,Weld porosity,3,FAIL
QC-0008602,WO-002868,2025-12-10,M03,P01,Dimensional,3,FAIL
QC-0008603,WO-002868,2025-12-10,M03,P01,Weld porosity,0,PASS
QC-0008604,WO-002868,2025-12-10,M03,P01,Material defect,2,FAIL
QC-0008605,WO-002869,2025-12-10,M04,P06,Assembly mismatch,2,FAIL
QC-0008606,WO-002869,2025-12-10,M04,P06,Material defect,2,FAIL
QC-0008607,WO-002869,2025-12-10,M04,P06,Weld porosity,1,FAIL
QC-0008608,WO-002870,2025-12-10,M04,P04,Weld porosity,2,FAIL
QC-0008609,WO-002870,2025-12-10,M04,P04,Dimensional,3,FAIL
QC-0008610,WO-002870,2025-12-10,M04,P04,Cosmetic,0,PASS
QC-0008611,WO-002871,2025-12-10,M05,P04,Weld porosity,3,FAIL
QC-0008612,WO-002871,2025-12-10,M05,P04,Surface finish,1,FAIL
QC-0008613,WO-002871,2025-12-10,M05,P04,Material defect,0,PASS
QC-0008614,WO-002872,2025-12-10,M05,P04,Dimensional,3,FAIL
QC-0008615,WO-002872,2025-12-10,M05,P04,Surface finish,2,FAIL
QC-0008616,WO-002872,2025-12-10,M05,P04,Assembly mismatch,0,PASS
QC-0008617,WO-002873,2025-12-10,M06,P05,Dimensional,8,FAIL
QC-0008618,WO-002873,2025-12-10,M06,P05,Cosmetic,3,FAIL
QC-0008619,WO-002873,2025-12-10,M06,P05,Assembly mismatch,2,FAIL
QC-0008620,WO-002874,2025-12-10,M06,P01,Assembly mismatch,4,FAIL
QC-0008621,WO-002874,2025-12-10,M06,P01,Surface finish,2,FAIL
QC-0008622,WO-002874,2025-12-10,M06,P01,Material defect,0,PASS
QC-0008623,WO-002875,2025-12-11,M01,P01,Assembly mismatch,3,FAIL
QC-0008624,WO-002875,2025-12-11,M01,P01,Material defect,2,FAIL
QC-0008625,WO-002875,2025-12-11,M01,P01,Surface finish,0,PASS
QC-0008626,WO-002876,2025-12-11,M01,P02,Surface finish,4,FAIL
QC-0008627,WO-002876,2025-12-11,M01,P02,Assembly mismatch,0,PASS
QC-0008628,WO-002876,2025-12-11,M01,P02,Weld porosity,1,FAIL
QC-0008629,WO-002877,2025-12-11,M02,P05,Material defect,4,FAIL
QC-0008630,WO-002877,2025-12-11,M02,P05,Surface finish,2,FAIL
QC-0008631,WO-002877,2025-12-11,M02,P05,Cosmetic,4,FAIL
QC-0008632,WO-002878,2025-12-11,M02,P01,Assembly mismatch,4,FAIL
QC-0008633,WO-002878,2025-12-11,M02,P01,Weld porosity,1,FAIL
QC-0008634,WO-002878,2025-12-11,M02,P01,Cosmetic,0,PASS
QC-0008635,WO-002879,2025-12-11,M03,P01,Surface finish,3,FAIL
QC-0008636,WO-002879,2025-12-11,M03,P01,Weld porosity,0,PASS
QC-0008637,WO-002879,2025-12-11,M03,P01,Assembly mismatch,1,FAIL
QC-0008638,WO-002880,2025-12-11,M03,P03,Surface finish,6,FAIL
QC-0008639,WO-002880,2025-12-11,M03,P03,Weld porosity,1,FAIL
QC-0008640,WO-002880,2025-12-11,M03,P03,Dimensional,0,PASS
QC-0008641,WO-002881,2025-12-11,M04,P04,Weld porosity,4,FAIL
QC-0008642,WO-002881,2025-12-11,M04,P04,Dimensional,1,FAIL
QC-0008643,WO-002881,2025-12-11,M04,P04,Cosmetic,0,PASS
QC-0008644,WO-002882,2025-12-11,M04,P04,Weld porosity,0,PASS
QC-0008645,WO-002882,2025-12-11,M04,P04,Assembly mismatch,4,FAIL
QC-0008646,WO-002882,2025-12-11,M04,P04,Material defect,0,PASS
QC-0008647,WO-002883,2025-12-11,M05,P05,Surface finish,3,FAIL
QC-0008648,WO-002883,2025-12-11,M05,P05,Weld porosity,1,FAIL
QC-0008649,WO-002883,2025-12-11,M05,P05,Dimensional,1,FAIL
QC-0008650,WO-002884,2025-12-11,M05,P06,Cosmetic,4,FAIL
QC-0008651,WO-002884,2025-12-11,M05,P06,Material defect,1,FAIL
QC-0008652,WO-002884,2025-12-11,M05,P06,Dimensional,2,FAIL
QC-0008653,WO-002885,2025-12-11,M06,P06,Material defect,4,FAIL
QC-0008654,WO-002885,2025-12-11,M06,P06,Weld porosity,1,FAIL
QC-0008655,WO-002885,2025-12-11,M06,P06,Dimensional,1,FAIL
QC-0008656,WO-002886,2025-12-11,M06,P05,Dimensional,7,FAIL
QC-0008657,WO-002886,2025-12-11,M06,P05,Assembly mismatch,1,FAIL
QC-0008658,WO-002886,2025-12-11,M06,P05,Material defect,2,FAIL
QC-0008659,WO-002887,2025-12-12,M01,P02,Surface finish,5,FAIL
QC-0008660,WO-002887,2025-12-12,M01,P02,Assembly mismatch,0,PASS
QC-0008661,WO-002887,2025-12-12,M01,P02,Weld porosity,1,FAIL
QC-0008662,WO-002888,2025-12-12,M01,P03,Cosmetic,7,FAIL
QC-0008663,WO-002888,2025-12-12,M01,P03,Dimensional,2,FAIL
QC-0008664,WO-002888,2025-12-12,M01,P03,Surface finish,3,FAIL
QC-0008665,WO-002889,2025-12-12,M02,P02,Surface finish,4,FAIL
QC-0008666,WO-002889,2025-12-12,M02,P02,Weld porosity,2,FAIL
QC-0008667,WO-002889,2025-12-12,M02,P02,Dimensional,0,PASS
QC-0008668,WO-002890,2025-12-12,M02,P02,Dimensional,4,FAIL
QC-0008669,WO-002890,2025-12-12,M02,P02,Surface finish,0,PASS
QC-0008670,WO-002890,2025-12-12,M02,P02,Cosmetic,1,FAIL
QC-0008671,WO-002891,2025-12-12,M03,P05,Assembly mismatch,7,FAIL
QC-0008672,WO-002891,2025-12-12,M03,P05,Surface finish,2,FAIL
QC-0008673,WO-002891,2025-12-12,M03,P05,Material defect,1,FAIL
QC-0008674,WO-002892,2025-12-12,M03,P03,Dimensional,6,FAIL
QC-0008675,WO-002892,2025-12-12,M03,P03,Assembly mismatch,2,FAIL
QC-0008676,WO-002892,2025-12-12,M03,P03,Surface finish,0,PASS
QC-0008677,WO-002893,2025-12-12,M04,P06,Weld porosity,5,FAIL
QC-0008678,WO-002893,2025-12-12,M04,P06,Material defect,0,PASS
QC-0008679,WO-002893,2025-12-12,M04,P06,Surface finish,0,PASS
QC-0008680,WO-002894,2025-12-12,M04,P04,Weld porosity,3,FAIL
QC-0008681,WO-002894,2025-12-12,M04,P04,Cosmetic,1,FAIL
QC-0008682,WO-002894,2025-12-12,M04,P04,Surface finish,2,FAIL
QC-0008683,WO-002895,2025-12-12,M05,P06,Dimensional,5,FAIL
QC-0008684,WO-002895,2025-12-12,M05,P06,Cosmetic,1,FAIL
QC-0008685,WO-002895,2025-12-12,M05,P06,Material defect,1,FAIL
QC-0008686,WO-002896,2025-12-12,M05,P04,Assembly mismatch,1,FAIL
QC-0008687,WO-002896,2025-12-12,M05,P04,Material defect,3,FAIL
QC-0008688,WO-002896,2025-12-12,M05,P04,Weld porosity,0,PASS
QC-0008689,WO-002897,2025-12-12,M06,P06,Cosmetic,5,FAIL
QC-0008690,WO-002897,2025-12-12,M06,P06,Assembly mismatch,2,FAIL
QC-0008691,WO-002897,2025-12-12,M06,P06,Material defect,0,PASS
QC-0008692,WO-002898,2025-12-15,M01,P01,Cosmetic,2,FAIL
QC-0008693,WO-002898,2025-12-15,M01,P01,Dimensional,0,PASS
QC-0008694,WO-002898,2025-12-15,M01,P01,Assembly mismatch,1,FAIL
QC-0008695,WO-002899,2025-12-15,M01,P01,Dimensional,3,FAIL
QC-0008696,WO-002899,2025-12-15,M01,P01,Weld porosity,1,FAIL
QC-0008697,WO-002899,2025-12-15,M01,P01,Material defect,1,FAIL
QC-0008698,WO-002900,2025-12-15,M02,P02,Dimensional,3,FAIL
QC-0008699,WO-002900,2025-12-15,M02,P02,Material defect,2,FAIL
QC-0008700,WO-002900,2025-12-15,M02,P02,Surface finish,0,PASS
QC-0008701,WO-002901,2025-12-15,M02,P05,Material defect,7,FAIL
QC-0008702,WO-002901,2025-12-15,M02,P05,Surface finish,3,FAIL
QC-0008703,WO-002901,2025-12-15,M02,P05,Assembly mismatch,1,FAIL
QC-0008704,WO-002902,2025-12-15,M03,P01,Weld porosity,2,FAIL
QC-0008705,WO-002902,2025-12-15,M03,P01,Material defect,1,FAIL
QC-0008706,WO-002902,2025-12-15,M03,P01,Dimensional,0,PASS
QC-0008707,WO-002903,2025-12-15,M03,P03,Surface finish,6,FAIL
QC-0008708,WO-002903,2025-12-15,M03,P03,Material defect,3,FAIL
QC-0008709,WO-002903,2025-12-15,M03,P03,Dimensional,1,FAIL
QC-0008710,WO-002904,2025-12-15,M04,P03,Weld porosity,7,FAIL
QC-0008711,WO-002904,2025-12-15,M04,P03,Assembly mismatch,2,FAIL
QC-0008712,WO-002904,2025-12-15,M04,P03,Surface finish,3,FAIL
QC-0008713,WO-002905,2025-12-15,M04,P04,Weld porosity,1,FAIL
QC-0008714,WO-002905,2025-12-15,M04,P04,Material defect,4,FAIL
QC-0008715,WO-002905,2025-12-15,M04,P04,Cosmetic,0,PASS
QC-0008716,WO-002906,2025-12-15,M05,P05,Material defect,1,FAIL
QC-0008717,WO-002906,2025-12-15,M05,P05,Assembly mismatch,4,FAIL
QC-0008718,WO-002906,2025-12-15,M05,P05,Dimensional,3,FAIL
QC-0008719,WO-002907,2025-12-15,M05,P04,Surface finish,2,FAIL
QC-0008720,WO-002907,2025-12-15,M05,P04,Weld porosity,2,FAIL
QC-0008721,WO-002907,2025-12-15,M05,P04,Dimensional,0,PASS
QC-0008722,WO-002908,2025-12-15,M06,P01,Cosmetic,3,FAIL
QC-0008723,WO-002908,2025-12-15,M06,P01,Material defect,1,FAIL
QC-0008724,WO-002908,2025-12-15,M06,P01,Weld porosity,1,FAIL
QC-0008725,WO-002909,2025-12-15,M06,P05,Dimensional,3,FAIL
QC-0008726,WO-002909,2025-12-15,M06,P05,Material defect,3,FAIL
QC-0008727,WO-002909,2025-12-15,M06,P05,Weld porosity,2,FAIL
QC-0008728,WO-002910,2025-12-16,M01,P03,Dimensional,5,FAIL
QC-0008729,WO-002910,2025-12-16,M01,P03,Material defect,0,PASS
QC-0008730,WO-002910,2025-12-16,M01,P03,Cosmetic,1,FAIL
QC-0008731,WO-002911,2025-12-16,M01,P01,Surface finish,2,FAIL
QC-0008732,WO-002911,2025-12-16,M01,P01,Weld porosity,2,FAIL
QC-0008733,WO-002911,2025-12-16,M01,P01,Material defect,0,PASS
QC-0008734,WO-002912,2025-12-16,M02,P05,Cosmetic,7,FAIL
QC-0008735,WO-002912,2025-12-16,M02,P05,Material defect,1,FAIL
QC-0008736,WO-002912,2025-12-16,M02,P05,Dimensional,0,PASS
QC-0008737,WO-002913,2025-12-16,M02,P01,Weld porosity,5,FAIL
QC-0008738,WO-002913,2025-12-16,M02,P01,Cosmetic,1,FAIL
QC-0008739,WO-002913,2025-12-16,M02,P01,Surface finish,0,PASS
QC-0008740,WO-002914,2025-12-16,M03,P05,Assembly mismatch,9,FAIL
QC-0008741,WO-002914,2025-12-16,M03,P05,Weld porosity,1,FAIL
QC-0008742,WO-002914,2025-12-16,M03,P05,Cosmetic,2,FAIL
QC-0008743,WO-002915,2025-12-16,M03,P01,Surface finish,2,FAIL
QC-0008744,WO-002915,2025-12-16,M03,P01,Material defect,1,FAIL
QC-0008745,WO-002915,2025-12-16,M03,P01,Dimensional,1,FAIL
QC-0008746,WO-002916,2025-12-16,M04,P04,Weld porosity,4,FAIL
QC-0008747,WO-002916,2025-12-16,M04,P04,Dimensional,1,FAIL
QC-0008748,WO-002916,2025-12-16,M04,P04,Cosmetic,0,PASS
QC-0008749,WO-002917,2025-12-16,M04,P04,Weld porosity,1,FAIL
QC-0008750,WO-002917,2025-12-16,M04,P04,Dimensional,2,FAIL
QC-0008751,WO-002917,2025-12-16,M04,P04,Surface finish,2,FAIL
QC-0008752,WO-002918,2025-12-16,M05,P06,Cosmetic,2,FAIL
QC-0008753,WO-002918,2025-12-16,M05,P06,Weld porosity,2,FAIL
QC-0008754,WO-002918,2025-12-16,M05,P06,Dimensional,2,FAIL
QC-0008755,WO-002919,2025-12-16,M05,P06,Material defect,5,FAIL
QC-0008756,WO-002919,2025-12-16,M05,P06,Weld porosity,2,FAIL
QC-0008757,WO-002919,2025-12-16,M05,P06,Dimensional,0,PASS
QC-0008758,WO-002920,2025-12-16,M06,P04,Cosmetic,2,FAIL
QC-0008759,WO-002920,2025-12-16,M06,P04,Assembly mismatch,2,FAIL
QC-0008760,WO-002920,2025-12-16,M06,P04,Material defect,0,PASS
QC-0008761,WO-002921,2025-12-16,M06,P01,Weld porosity,4,FAIL
QC-0008762,WO-002921,2025-12-16,M06,P01,Dimensional,0,PASS
QC-0008763,WO-002921,2025-12-16,M06,P01,Surface finish,2,FAIL
QC-0008764,WO-002922,2025-12-17,M01,P01,Surface finish,3,FAIL
QC-0008765,WO-002922,2025-12-17,M01,P01,Material defect,2,FAIL
QC-0008766,WO-002922,2025-12-17,M01,P01,Weld porosity,1,FAIL
QC-0008767,WO-002923,2025-12-17,M02,P02,Surface finish,4,FAIL
QC-0008768,WO-002923,2025-12-17,M02,P02,Dimensional,1,FAIL
QC-0008769,WO-002923,2025-12-17,M02,P02,Cosmetic,2,FAIL
QC-0008770,WO-002924,2025-12-17,M02,P05,Material defect,6,FAIL
QC-0008771,WO-002924,2025-12-17,M02,P05,Weld porosity,1,FAIL
QC-0008772,WO-002924,2025-12-17,M02,P05,Cosmetic,2,FAIL
QC-0008773,WO-002925,2025-12-17,M03,P01,Dimensional,3,FAIL
QC-0008774,WO-002925,2025-12-17,M03,P01,Surface finish,0,PASS
QC-0008775,WO-002925,2025-12-17,M03,P01,Assembly mismatch,1,FAIL
QC-0008776,WO-002926,2025-12-17,M03,P01,Weld porosity,2,FAIL
QC-0008777,WO-002926,2025-12-17,M03,P01,Assembly mismatch,3,FAIL
QC-0008778,WO-002926,2025-12-17,M03,P01,Material defect,1,FAIL
QC-0008779,WO-002927,2025-12-17,M04,P04,Weld porosity,2,FAIL
QC-0008780,WO-002927,2025-12-17,M04,P04,Cosmetic,0,PASS
QC-0008781,WO-002927,2025-12-17,M04,P04,Dimensional,2,FAIL
QC-0008782,WO-002928,2025-12-17,M04,P04,Weld porosity,3,FAIL
QC-0008783,WO-002928,2025-12-17,M04,P04,Material defect,1,FAIL
QC-0008784,WO-002928,2025-12-17,M04,P04,Dimensional,0,PASS
QC-0008785,WO-002929,2025-12-17,M05,P04,Surface finish,3,FAIL
QC-0008786,WO-002929,2025-12-17,M05,P04,Weld porosity,2,FAIL
QC-0008787,WO-002929,2025-12-17,M05,P04,Material defect,0,PASS
QC-0008788,WO-002930,2025-12-17,M05,P01,Dimensional,5,FAIL
QC-0008789,WO-002930,2025-12-17,M05,P01,Material defect,1,FAIL
QC-0008790,WO-002930,2025-12-17,M05,P01,Cosmetic,0,PASS
QC-0008791,WO-002931,2025-12-17,M06,P04,Assembly mismatch,3,FAIL
QC-0008792,WO-002931,2025-12-17,M06,P04,Cosmetic,2,FAIL
QC-0008793,WO-002931,2025-12-17,M06,P04,Surface finish,0,PASS
QC-0008794,WO-002932,2025-12-17,M06,P04,Assembly mismatch,4,FAIL
QC-0008795,WO-002932,2025-12-17,M06,P04,Dimensional,0,PASS
QC-0008796,WO-002932,2025-12-17,M06,P04,Surface finish,1,FAIL
QC-0008797,WO-002933,2025-12-18,M01,P01,Assembly mismatch,5,FAIL
QC-0008798,WO-002933,2025-12-18,M01,P01,Surface finish,1,FAIL
QC-0008799,WO-002933,2025-12-18,M01,P01,Material defect,0,PASS
QC-0008800,WO-002934,2025-12-18,M01,P02,Weld porosity,4,FAIL
QC-0008801,WO-002934,2025-12-18,M01,P02,Cosmetic,0,PASS
QC-0008802,WO-002934,2025-12-18,M01,P02,Dimensional,1,FAIL
QC-0008803,WO-002935,2025-12-18,M02,P01,Weld porosity,5,FAIL
QC-0008804,WO-002935,2025-12-18,M02,P01,Material defect,2,FAIL
QC-0008805,WO-002935,2025-12-18,M02,P01,Cosmetic,0,PASS
QC-0008806,WO-002936,2025-12-18,M02,P02,Assembly mismatch,3,FAIL
QC-0008807,WO-002936,2025-12-18,M02,P02,Dimensional,1,FAIL
QC-0008808,WO-002936,2025-12-18,M02,P02,Weld porosity,1,FAIL
QC-0008809,WO-002937,2025-12-18,M03,P03,Assembly mismatch,4,FAIL
QC-0008810,WO-002937,2025-12-18,M03,P03,Material defect,1,FAIL
QC-0008811,WO-002937,2025-12-18,M03,P03,Weld porosity,1,FAIL
QC-0008812,WO-002938,2025-12-18,M03,P01,Material defect,2,FAIL
QC-0008813,WO-002938,2025-12-18,M03,P01,Cosmetic,2,FAIL
QC-0008814,WO-002938,2025-12-18,M03,P01,Surface finish,1,FAIL
QC-0008815,WO-002939,2025-12-18,M04,P03,Weld porosity,4,FAIL
QC-0008816,WO-002939,2025-12-18,M04,P03,Surface finish,1,FAIL
QC-0008817,WO-002939,2025-12-18,M04,P03,Assembly mismatch,3,FAIL
QC-0008818,WO-002940,2025-12-18,M04,P06,Weld porosity,5,FAIL
QC-0008819,WO-002940,2025-12-18,M04,P06,Assembly mismatch,0,PASS
QC-0008820,WO-002940,2025-12-18,M04,P06,Dimensional,0,PASS
QC-0008821,WO-002941,2025-12-18,M05,P04,Material defect,2,FAIL
QC-0008822,WO-002941,2025-12-18,M05,P04,Cosmetic,2,FAIL
QC-0008823,WO-002941,2025-12-18,M05,P04,Assembly mismatch,0,PASS
QC-0008824,WO-002942,2025-12-18,M05,P01,Surface finish,5,FAIL
QC-0008825,WO-002942,2025-12-18,M05,P01,Weld porosity,2,FAIL
QC-0008826,WO-002942,2025-12-18,M05,P01,Cosmetic,0,PASS
QC-0008827,WO-002943,2025-12-18,M06,P01,Dimensional,3,FAIL
QC-0008828,WO-002943,2025-12-18,M06,P01,Surface finish,1,FAIL
QC-0008829,WO-002943,2025-12-18,M06,P01,Cosmetic,0,PASS
QC-0008830,WO-002944,2025-12-18,M06,P04,Assembly mismatch,4,FAIL
QC-0008831,WO-002944,2025-12-18,M06,P04,Surface finish,1,FAIL
QC-0008832,WO-002944,2025-12-18,M06,P04,Material defect,1,FAIL
QC-0008833,WO-002945,2025-12-19,M01,P03,Material defect,4,FAIL
QC-0008834,WO-002945,2025-12-19,M01,P03,Weld porosity,2,FAIL
QC-0008835,WO-002945,2025-12-19,M01,P03,Assembly mismatch,0,PASS
QC-0008836,WO-002946,2025-12-19,M01,P02,Weld porosity,6,FAIL
QC-0008837,WO-002946,2025-12-19,M01,P02,Assembly mismatch,1,FAIL
QC-0008838,WO-002946,2025-12-19,M01,P02,Material defect,0,PASS
QC-0008839,WO-002947,2025-12-19,M02,P02,Cosmetic,2,FAIL
QC-0008840,WO-002947,2025-12-19,M02,P02,Weld porosity,2,FAIL
QC-0008841,WO-002947,2025-12-19,M02,P02,Dimensional,2,FAIL
QC-0008842,WO-002948,2025-12-19,M02,P05,Material defect,6,FAIL
QC-0008843,WO-002948,2025-12-19,M02,P05,Weld porosity,1,FAIL
QC-0008844,WO-002948,2025-12-19,M02,P05,Surface finish,3,FAIL
QC-0008845,WO-002949,2025-12-19,M03,P05,Material defect,4,FAIL
QC-0008846,WO-002949,2025-12-19,M03,P05,Surface finish,4,FAIL
QC-0008847,WO-002949,2025-12-19,M03,P05,Weld porosity,2,FAIL
QC-0008848,WO-002950,2025-12-19,M03,P01,Weld porosity,2,FAIL
QC-0008849,WO-002950,2025-12-19,M03,P01,Cosmetic,2,FAIL
QC-0008850,WO-002950,2025-12-19,M03,P01,Material defect,2,FAIL
QC-0008851,WO-002951,2025-12-19,M04,P06,Weld porosity,3,FAIL
QC-0008852,WO-002951,2025-12-19,M04,P06,Dimensional,3,FAIL
QC-0008853,WO-002951,2025-12-19,M04,P06,Material defect,0,PASS
QC-0008854,WO-002952,2025-12-19,M04,P03,Weld porosity,9,FAIL
QC-0008855,WO-002952,2025-12-19,M04,P03,Material defect,2,FAIL
QC-0008856,WO-002952,2025-12-19,M04,P03,Cosmetic,0,PASS
QC-0008857,WO-002953,2025-12-19,M05,P06,Dimensional,4,FAIL
QC-0008858,WO-002953,2025-12-19,M05,P06,Assembly mismatch,1,FAIL
QC-0008859,WO-002953,2025-12-19,M05,P06,Cosmetic,1,FAIL
QC-0008860,WO-002954,2025-12-19,M05,P01,Cosmetic,2,FAIL
QC-0008861,WO-002954,2025-12-19,M05,P01,Weld porosity,2,FAIL
QC-0008862,WO-002954,2025-12-19,M05,P01,Dimensional,0,PASS
QC-0008863,WO-002955,2025-12-19,M06,P04,Cosmetic,5,FAIL
QC-0008864,WO-002955,2025-12-19,M06,P04,Material defect,0,PASS
QC-0008865,WO-002955,2025-12-19,M06,P04,Weld porosity,0,PASS
QC-0008866,WO-002956,2025-12-19,M06,P06,Material defect,3,FAIL
QC-0008867,WO-002956,2025-12-19,M06,P06,Assembly mismatch,3,FAIL
QC-0008868,WO-002956,2025-12-19,M06,P06,Weld porosity,1,FAIL
QC-0008869,WO-002957,2025-12-22,M01,P03,Surface finish,3,FAIL
QC-0008870,WO-002957,2025-12-22,M01,P03,Dimensional,1,FAIL
QC-0008871,WO-002957,2025-12-22,M01,P03,Weld porosity,1,FAIL
QC-0008872,WO-002958,2025-12-22,M01,P01,Assembly mismatch,3,FAIL
QC-0008873,WO-002958,2025-12-22,M01,P01,Weld porosity,1,FAIL
QC-0008874,WO-002958,2025-12-22,M01,P01,Material defect,1,FAIL
QC-0008875,WO-002959,2025-12-22,M02,P01,Dimensional,1,FAIL
QC-0008876,WO-002959,2025-12-22,M02,P01,Material defect,2,FAIL
QC-0008877,WO-002959,2025-12-22,M02,P01,Weld porosity,1,FAIL
QC-0008878,WO-002960,2025-12-22,M02,P02,Surface finish,3,FAIL
QC-0008879,WO-002960,2025-12-22,M02,P02,Assembly mismatch,3,FAIL
QC-0008880,WO-002960,2025-12-22,M02,P02,Dimensional,1,FAIL
QC-0008881,WO-002961,2025-12-22,M03,P01,Dimensional,2,FAIL
QC-0008882,WO-002961,2025-12-22,M03,P01,Assembly mismatch,0,PASS
QC-0008883,WO-002961,2025-12-22,M03,P01,Material defect,0,PASS
QC-0008884,WO-002962,2025-12-22,M03,P05,Cosmetic,6,FAIL
QC-0008885,WO-002962,2025-12-22,M03,P05,Material defect,5,FAIL
QC-0008886,WO-002962,2025-12-22,M03,P05,Dimensional,1,FAIL
QC-0008887,WO-002963,2025-12-22,M04,P04,Weld porosity,3,FAIL
QC-0008888,WO-002963,2025-12-22,M04,P04,Cosmetic,2,FAIL
QC-0008889,WO-002963,2025-12-22,M04,P04,Surface finish,1,FAIL
QC-0008890,WO-002964,2025-12-22,M04,P06,Weld porosity,5,FAIL
QC-0008891,WO-002964,2025-12-22,M04,P06,Assembly mismatch,2,FAIL
QC-0008892,WO-002964,2025-12-22,M04,P06,Dimensional,0,PASS
QC-0008893,WO-002965,2025-12-22,M05,P04,Assembly mismatch,4,FAIL
QC-0008894,WO-002965,2025-12-22,M05,P04,Material defect,1,FAIL
QC-0008895,WO-002965,2025-12-22,M05,P04,Cosmetic,1,FAIL
QC-0008896,WO-002966,2025-12-22,M05,P05,Weld porosity,6,FAIL
QC-0008897,WO-002966,2025-12-22,M05,P05,Cosmetic,4,FAIL
QC-0008898,WO-002966,2025-12-22,M05,P05,Surface finish,1,FAIL
QC-0008899,WO-002967,2025-12-22,M06,P01,Dimensional,4,FAIL
QC-0008900,WO-002967,2025-12-22,M06,P01,Weld porosity,2,FAIL
QC-0008901,WO-002967,2025-12-22,M06,P01,Assembly mismatch,1,FAIL
QC-0008902,WO-002968,2025-12-22,M06,P01,Cosmetic,5,FAIL
QC-0008903,WO-002968,2025-12-22,M06,P01,Assembly mismatch,0,PASS
QC-0008904,WO-002968,2025-12-22,M06,P01,Surface finish,1,FAIL
QC-0008905,WO-002969,2025-12-23,M01,P01,Cosmetic,3,FAIL
QC-0008906,WO-002969,2025-12-23,M01,P01,Surface finish,0,PASS
QC-0008907,WO-002969,2025-12-23,M01,P01,Weld porosity,0,PASS
QC-0008908,WO-002970,2025-12-23,M01,P03,Weld porosity,2,FAIL
QC-0008909,WO-002970,2025-12-23,M01,P03,Material defect,3,FAIL
QC-0008910,WO-002970,2025-12-23,M01,P03,Surface finish,0,PASS
QC-0008911,WO-002971,2025-12-23,M02,P01,Cosmetic,0,PASS
QC-0008912,WO-002971,2025-12-23,M02,P01,Surface finish,3,FAIL
QC-0008913,WO-002971,2025-12-23,M02,P01,Dimensional,1,FAIL
QC-0008914,WO-002972,2025-12-23,M02,P02,Weld porosity,1,FAIL
QC-0008915,WO-002972,2025-12-23,M02,P02,Assembly mismatch,4,FAIL
QC-0008916,WO-002972,2025-12-23,M02,P02,Dimensional,2,FAIL
QC-0008917,WO-002973,2025-12-23,M03,P05,Assembly mismatch,4,FAIL
QC-0008918,WO-002973,2025-12-23,M03,P05,Material defect,4,FAIL
QC-0008919,WO-002973,2025-12-23,M03,P05,Dimensional,1,FAIL
QC-0008920,WO-002974,2025-12-23,M03,P05,Cosmetic,6,FAIL
QC-0008921,WO-002974,2025-12-23,M03,P05,Weld porosity,2,FAIL
QC-0008922,WO-002974,2025-12-23,M03,P05,Surface finish,2,FAIL
QC-0008923,WO-002975,2025-12-23,M04,P06,Weld porosity,4,FAIL
QC-0008924,WO-002975,2025-12-23,M04,P06,Cosmetic,2,FAIL
QC-0008925,WO-002975,2025-12-23,M04,P06,Dimensional,0,PASS
QC-0008926,WO-002976,2025-12-23,M04,P04,Weld porosity,3,FAIL
QC-0008927,WO-002976,2025-12-23,M04,P04,Dimensional,2,FAIL
QC-0008928,WO-002976,2025-12-23,M04,P04,Cosmetic,0,PASS
QC-0008929,WO-002977,2025-12-23,M05,P06,Assembly mismatch,3,FAIL
QC-0008930,WO-002977,2025-12-23,M05,P06,Dimensional,1,FAIL
QC-0008931,WO-002977,2025-12-23,M05,P06,Material defect,1,FAIL
QC-0008932,WO-002978,2025-12-23,M05,P04,Weld porosity,3,FAIL
QC-0008933,WO-002978,2025-12-23,M05,P04,Assembly mismatch,2,FAIL
QC-0008934,WO-002978,2025-12-23,M05,P04,Surface finish,0,PASS
QC-0008935,WO-002979,2025-12-23,M06,P05,Assembly mismatch,6,FAIL
QC-0008936,WO-002979,2025-12-23,M06,P05,Material defect,3,FAIL
QC-0008937,WO-002979,2025-12-23,M06,P05,Weld porosity,1,FAIL
QC-0008938,WO-002980,2025-12-23,M06,P05,Dimensional,8,FAIL
QC-0008939,WO-002980,2025-12-23,M06,P05,Surface finish,1,FAIL
QC-0008940,WO-002980,2025-12-23,M06,P05,Weld porosity,1,FAIL
QC-0008941,WO-002981,2025-12-24,M01,P03,Dimensional,4,FAIL
QC-0008942,WO-002981,2025-12-24,M01,P03,Surface finish,3,FAIL
QC-0008943,WO-002981,2025-12-24,M01,P03,Assembly mismatch,2,FAIL
QC-0008944,WO-002982,2025-12-24,M01,P02,Dimensional,4,FAIL
QC-0008945,WO-002982,2025-12-24,M01,P02,Assembly mismatch,3,FAIL
QC-0008946,WO-002982,2025-12-24,M01,P02,Material defect,1,FAIL
QC-0008947,WO-002983,2025-12-24,M02,P01,Material defect,2,FAIL
QC-0008948,WO-002983,2025-12-24,M02,P01,Dimensional,1,FAIL
QC-0008949,WO-002983,2025-12-24,M02,P01,Weld porosity,2,FAIL
QC-0008950,WO-002984,2025-12-24,M02,P01,Assembly mismatch,3,FAIL
QC-0008951,WO-002984,2025-12-24,M02,P01,Material defect,1,FAIL
QC-0008952,WO-002984,2025-12-24,M02,P01,Cosmetic,2,FAIL
QC-0008953,WO-002985,2025-12-24,M03,P01,Dimensional,2,FAIL
QC-0008954,WO-002985,2025-12-24,M03,P01,Cosmetic,1,FAIL
QC-0008955,WO-002985,2025-12-24,M03,P01,Assembly mismatch,3,FAIL
QC-0008956,WO-002986,2025-12-24,M03,P05,Cosmetic,6,FAIL
QC-0008957,WO-002986,2025-12-24,M03,P05,Dimensional,2,FAIL
QC-0008958,WO-002986,2025-12-24,M03,P05,Material defect,3,FAIL
QC-0008959,WO-002987,2025-12-24,M04,P03,Weld porosity,6,FAIL
QC-0008960,WO-002987,2025-12-24,M04,P03,Material defect,0,PASS
QC-0008961,WO-002987,2025-12-24,M04,P03,Surface finish,2,FAIL
QC-0008962,WO-002988,2025-12-24,M04,P03,Weld porosity,6,FAIL
QC-0008963,WO-002988,2025-12-24,M04,P03,Material defect,2,FAIL
QC-0008964,WO-002988,2025-12-24,M04,P03,Surface finish,1,FAIL
QC-0008965,WO-002989,2025-12-24,M05,P01,Cosmetic,2,FAIL
QC-0008966,WO-002989,2025-12-24,M05,P01,Weld porosity,2,FAIL
QC-0008967,WO-002989,2025-12-24,M05,P01,Surface finish,1,FAIL
QC-0008968,WO-002990,2025-12-24,M05,P06,Assembly mismatch,4,FAIL
QC-0008969,WO-002990,2025-12-24,M05,P06,Surface finish,2,FAIL
QC-0008970,WO-002990,2025-12-24,M05,P06,Weld porosity,0,PASS
QC-0008971,WO-002991,2025-12-24,M06,P06,Cosmetic,1,FAIL
QC-0008972,WO-002991,2025-12-24,M06,P06,Assembly mismatch,3,FAIL
QC-0008973,WO-002991,2025-12-24,M06,P06,Weld porosity,1,FAIL
QC-0008974,WO-002992,2025-12-24,M06,P01,Material defect,4,FAIL
QC-0008975,WO-002992,2025-12-24,M06,P01,Assembly mismatch,0,PASS
QC-0008976,WO-002992,2025-12-24,M06,P01,Weld porosity,1,FAIL
QC-0008977,WO-002993,2025-12-25,M01,P01,Assembly mismatch,4,FAIL
QC-0008978,WO-002993,2025-12-25,M01,P01,Dimensional,1,FAIL
QC-0008979,WO-002993,2025-12-25,M01,P01,Surface finish,2,FAIL
QC-0008980,WO-002994,2025-12-25,M01,P03,Cosmetic,3,FAIL
QC-0008981,WO-002994,2025-12-25,M01,P03,Weld porosity,3,FAIL
QC-0008982,WO-002994,2025-12-25,M01,P03,Assembly mismatch,1,FAIL
QC-0008983,WO-002995,2025-12-25,M02,P02,Cosmetic,3,FAIL
QC-0008984,WO-002995,2025-12-25,M02,P02,Material defect,3,FAIL
QC-0008985,WO-002995,2025-12-25,M02,P02,Dimensional,1,FAIL
QC-0008986,WO-002996,2025-12-25,M02,P02,Material defect,4,FAIL
QC-0008987,WO-002996,2025-12-25,M02,P02,Assembly mismatch,2,FAIL
QC-0008988,WO-002996,2025-12-25,M02,P02,Weld porosity,0,PASS
QC-0008989,WO-002997,2025-12-25,M03,P05,Material defect,4,FAIL
QC-0008990,WO-002997,2025-12-25,M03,P05,Surface finish,4,FAIL
QC-0008991,WO-002997,2025-12-25,M03,P05,Dimensional,3,FAIL
QC-0008992,WO-002998,2025-12-25,M03,P05,Dimensional,6,FAIL
QC-0008993,WO-002998,2025-12-25,M03,P05,Weld porosity,2,FAIL
QC-0008994,WO-002998,2025-12-25,M03,P05,Cosmetic,2,FAIL
QC-0008995,WO-002999,2025-12-25,M04,P04,Weld porosity,1,FAIL
QC-0008996,WO-002999,2025-12-25,M04,P04,Surface finish,3,FAIL
QC-0008997,WO-002999,2025-12-25,M04,P04,Material defect,0,PASS
QC-0008998,WO-003000,2025-12-25,M04,P03,Weld porosity,8,FAIL
QC-0008999,WO-003000,2025-12-25,M04,P03,Dimensional,1,FAIL
QC-0009000,WO-003000,2025-12-25,M04,P03,Surface finish,0,PASS
QC-0009001,WO-003001,2025-12-25,M05,P04,Cosmetic,3,FAIL
QC-0009002,WO-003001,2025-12-25,M05,P04,Dimensional,3,FAIL
QC-0009003,WO-003001,2025-12-25,M05,P04,Surface finish,0,PASS
QC-0009004,WO-003002,2025-12-25,M05,P05,Assembly mismatch,5,FAIL
QC-0009005,WO-003002,2025-12-25,M05,P05,Cosmetic,1,FAIL
QC-0009006,WO-003002,2025-12-25,M05,P05,Dimensional,1,FAIL
QC-0009007,WO-003003,2025-12-25,M06,P06,Cosmetic,4,FAIL
QC-0009008,WO-003003,2025-12-25,M06,P06,Dimensional,0,PASS
QC-0009009,WO-003003,2025-12-25,M06,P06,Weld porosity,1,FAIL
QC-0009010,WO-003004,2025-12-25,M06,P04,Material defect,3,FAIL
QC-0009011,WO-003004,2025-12-25,M06,P04,Weld porosity,0,PASS
QC-0009012,WO-003004,2025-12-25,M06,P04,Surface finish,2,FAIL
QC-0009013,WO-003005,2025-12-26,M01,P02,Surface finish,2,FAIL
QC-0009014,WO-003005,2025-12-26,M01,P02,Weld porosity,2,FAIL
QC-0009015,WO-003005,2025-12-26,M01,P02,Cosmetic,2,FAIL
QC-0009016,WO-003006,2025-12-26,M01,P02,Material defect,3,FAIL
QC-0009017,WO-003006,2025-12-26,M01,P02,Surface finish,0,PASS
QC-0009018,WO-003006,2025-12-26,M01,P02,Dimensional,2,FAIL
QC-0009019,WO-003007,2025-12-26,M02,P02,Cosmetic,3,FAIL
QC-0009020,WO-003007,2025-12-26,M02,P02,Assembly mismatch,3,FAIL
QC-0009021,WO-003007,2025-12-26,M02,P02,Dimensional,0,PASS
QC-0009022,WO-003008,2025-12-26,M02,P02,Cosmetic,6,FAIL
QC-0009023,WO-003008,2025-12-26,M02,P02,Dimensional,1,FAIL
QC-0009024,WO-003008,2025-12-26,M02,P02,Weld porosity,0,PASS
QC-0009025,WO-003009,2025-12-26,M03,P05,Material defect,4,FAIL
QC-0009026,WO-003009,2025-12-26,M03,P05,Surface finish,2,FAIL
QC-0009027,WO-003009,2025-12-26,M03,P05,Weld porosity,1,FAIL
QC-0009028,WO-003010,2025-12-26,M03,P03,Assembly mismatch,7,FAIL
QC-0009029,WO-003010,2025-12-26,M03,P03,Dimensional,3,FAIL
QC-0009030,WO-003010,2025-12-26,M03,P03,Material defect,1,FAIL
QC-0009031,WO-003011,2025-12-26,M04,P04,Weld porosity,2,FAIL
QC-0009032,WO-003011,2025-12-26,M04,P04,Material defect,2,FAIL
QC-0009033,WO-003011,2025-12-26,M04,P04,Surface finish,0,PASS
QC-0009034,WO-003012,2025-12-26,M04,P03,Dimensional,6,FAIL
QC-0009035,WO-003012,2025-12-26,M04,P03,Cosmetic,2,FAIL
QC-0009036,WO-003012,2025-12-26,M04,P03,Weld porosity,2,FAIL
QC-0009037,WO-003013,2025-12-26,M05,P06,Dimensional,5,FAIL
QC-0009038,WO-003013,2025-12-26,M05,P06,Material defect,1,FAIL
QC-0009039,WO-003013,2025-12-26,M05,P06,Cosmetic,0,PASS
QC-0009040,WO-003014,2025-12-26,M05,P05,Surface finish,9,FAIL
QC-0009041,WO-003014,2025-12-26,M05,P05,Cosmetic,1,FAIL
QC-0009042,WO-003014,2025-12-26,M05,P05,Assembly mismatch,1,FAIL
QC-0009043,WO-003015,2025-12-26,M06,P04,Assembly mismatch,3,FAIL
QC-0009044,WO-003015,2025-12-26,M06,P04,Dimensional,0,PASS
QC-0009045,WO-003015,2025-12-26,M06,P04,Surface finish,1,FAIL
QC-0009046,WO-003016,2025-12-26,M06,P04,Assembly mismatch,4,FAIL
QC-0009047,WO-003016,2025-12-26,M06,P04,Dimensional,0,PASS
QC-0009048,WO-003016,2025-12-26,M06,P04,Weld porosity,1,FAIL
QC-0009049,WO-003017,2025-12-29,M01,P02,Dimensional,6,FAIL
QC-0009050,WO-003017,2025-12-29,M01,P02,Weld porosity,1,FAIL
QC-0009051,WO-003017,2025-12-29,M01,P02,Cosmetic,1,FAIL
QC-0009052,WO-003018,2025-12-29,M01,P01,Weld porosity,6,FAIL
QC-0009053,WO-003018,2025-12-29,M01,P01,Surface finish,0,PASS
QC-0009054,WO-003018,2025-12-29,M01,P01,Dimensional,0,PASS
QC-0009055,WO-003019,2025-12-29,M02,P05,Cosmetic,6,FAIL
QC-0009056,WO-003019,2025-12-29,M02,P05,Assembly mismatch,2,FAIL
QC-0009057,WO-003019,2025-12-29,M02,P05,Weld porosity,2,FAIL
QC-0009058,WO-003020,2025-12-29,M02,P02,Cosmetic,3,FAIL
QC-0009059,WO-003020,2025-12-29,M02,P02,Assembly mismatch,2,FAIL
QC-0009060,WO-003020,2025-12-29,M02,P02,Weld porosity,1,FAIL
QC-0009061,WO-003021,2025-12-29,M03,P05,Dimensional,9,FAIL
QC-0009062,WO-003021,2025-12-29,M03,P05,Surface finish,2,FAIL
QC-0009063,WO-003021,2025-12-29,M03,P05,Assembly mismatch,0,PASS
QC-0009064,WO-003022,2025-12-29,M03,P03,Cosmetic,4,FAIL
QC-0009065,WO-003022,2025-12-29,M03,P03,Weld porosity,0,PASS
QC-0009066,WO-003022,2025-12-29,M03,P03,Assembly mismatch,4,FAIL
QC-0009067,WO-003023,2025-12-29,M04,P06,Weld porosity,4,FAIL
QC-0009068,WO-003023,2025-12-29,M04,P06,Surface finish,1,FAIL
QC-0009069,WO-003023,2025-12-29,M04,P06,Cosmetic,2,FAIL
QC-0009070,WO-003024,2025-12-29,M04,P06,Cosmetic,3,FAIL
QC-0009071,WO-003024,2025-12-29,M04,P06,Weld porosity,2,FAIL
QC-0009072,WO-003024,2025-12-29,M04,P06,Assembly mismatch,1,FAIL
QC-0009073,WO-003025,2025-12-29,M05,P04,Surface finish,4,FAIL
QC-0009074,WO-003025,2025-12-29,M05,P04,Dimensional,1,FAIL
QC-0009075,WO-003025,2025-12-29,M05,P04,Cosmetic,0,PASS
QC-0009076,WO-003026,2025-12-29,M05,P01,Assembly mismatch,5,FAIL
QC-0009077,WO-003026,2025-12-29,M05,P01,Surface finish,2,FAIL
QC-0009078,WO-003026,2025-12-29,M05,P01,Cosmetic,1,FAIL
QC-0009079,WO-003027,2025-12-29,M06,P06,Assembly mismatch,5,FAIL
QC-0009080,WO-003027,2025-12-29,M06,P06,Surface finish,1,FAIL
QC-0009081,WO-003027,2025-12-29,M06,P06,Weld porosity,0,PASS
QC-0009082,WO-003028,2025-12-29,M06,P01,Weld porosity,4,FAIL
QC-0009083,WO-003028,2025-12-29,M06,P01,Dimensional,3,FAIL
QC-0009084,WO-003028,2025-12-29,M06,P01,Surface finish,0,PASS
QC-0009085,WO-003029,2025-12-30,M01,P02,Surface finish,6,FAIL
QC-0009086,WO-003029,2025-12-30,M01,P02,Cosmetic,1,FAIL
QC-0009087,WO-003029,2025-12-30,M01,P02,Material defect,1,FAIL
QC-0009088,WO-003030,2025-12-30,M01,P02,Surface finish,5,FAIL
QC-0009089,WO-003030,2025-12-30,M01,P02,Cosmetic,0,PASS
QC-0009090,WO-003030,2025-12-30,M01,P02,Assembly mismatch,1,FAIL
QC-0009091,WO-003031,2025-12-30,M02,P01,Surface finish,1,FAIL
QC-0009092,WO-003031,2025-12-30,M02,P01,Weld porosity,1,FAIL
QC-0009093,WO-003031,2025-12-30,M02,P01,Dimensional,0,PASS
QC-0009094,WO-003032,2025-12-30,M02,P05,Cosmetic,7,FAIL
QC-0009095,WO-003032,2025-12-30,M02,P05,Dimensional,3,FAIL
QC-0009096,WO-003032,2025-12-30,M02,P05,Material defect,2,FAIL
QC-0009097,WO-003033,2025-12-30,M03,P05,Cosmetic,4,FAIL
QC-0009098,WO-003033,2025-12-30,M03,P05,Dimensional,3,FAIL
QC-0009099,WO-003033,2025-12-30,M03,P05,Assembly mismatch,2,FAIL
QC-0009100,WO-003034,2025-12-30,M03,P01,Dimensional,3,FAIL
QC-0009101,WO-003034,2025-12-30,M03,P01,Cosmetic,2,FAIL
QC-0009102,WO-003034,2025-12-30,M03,P01,Surface finish,1,FAIL
QC-0009103,WO-003035,2025-12-30,M04,P06,Weld porosity,5,FAIL
QC-0009104,WO-003035,2025-12-30,M04,P06,Assembly mismatch,2,FAIL
QC-0009105,WO-003035,2025-12-30,M04,P06,Dimensional,0,PASS
QC-0009106,WO-003036,2025-12-30,M04,P04,Assembly mismatch,3,FAIL
QC-0009107,WO-003036,2025-12-30,M04,P04,Cosmetic,1,FAIL
QC-0009108,WO-003036,2025-12-30,M04,P04,Weld porosity,1,FAIL
QC-0009109,WO-003037,2025-12-30,M05,P06,Assembly mismatch,2,FAIL
QC-0009110,WO-003037,2025-12-30,M05,P06,Weld porosity,3,FAIL
QC-0009111,WO-003037,2025-12-30,M05,P06,Material defect,1,FAIL
QC-0009112,WO-003038,2025-12-30,M05,P05,Material defect,3,FAIL
QC-0009113,WO-003038,2025-12-30,M05,P05,Dimensional,3,FAIL
QC-0009114,WO-003038,2025-12-30,M05,P05,Surface finish,2,FAIL
QC-0009115,WO-003039,2025-12-30,M06,P06,Weld porosity,3,FAIL
QC-0009116,WO-003039,2025-12-30,M06,P06,Material defect,2,FAIL
QC-0009117,WO-003039,2025-12-30,M06,P06,Dimensional,1,FAIL
QC-0009118,WO-003040,2025-12-30,M06,P04,Dimensional,1,FAIL
QC-0009119,WO-003040,2025-12-30,M06,P04,Material defect,3,FAIL
QC-0009120,WO-003040,2025-12-30,M06,P04,Surface finish,1,FAIL
QC-0009121,WO-003041,2025-12-31,M01,P03,Weld porosity,5,FAIL
QC-0009122,WO-003041,2025-12-31,M01,P03,Surface finish,2,FAIL
QC-0009123,WO-003041,2025-12-31,M01,P03,Assembly mismatch,2,FAIL
QC-0009124,WO-003042,2025-12-31,M01,P02,Cosmetic,5,FAIL
QC-0009125,WO-003042,2025-12-31,M01,P02,Surface finish,0,PASS
QC-0009126,WO-003042,2025-12-31,M01,P02,Weld porosity,1,FAIL
QC-0009127,WO-003043,2025-12-31,M02,P05,Weld porosity,6,FAIL
QC-0009128,WO-003043,2025-12-31,M02,P05,Dimensional,1,FAIL
QC-0009129,WO-003043,2025-12-31,M02,P05,Surface finish,3,FAIL
QC-0009130,WO-003044,2025-12-31,M03,P01,Surface finish,4,FAIL
QC-0009131,WO-003044,2025-12-31,M03,P01,Dimensional,2,FAIL
QC-0009132,WO-003044,2025-12-31,M03,P01,Assembly mismatch,0,PASS
QC-0009133,WO-003045,2025-12-31,M03,P05,Cosmetic,4,FAIL
QC-0009134,WO-003045,2025-12-31,M03,P05,Surface finish,2,FAIL
QC-0009135,WO-003045,2025-12-31,M03,P05,Assembly mismatch,3,FAIL
QC-0009136,WO-003046,2025-12-31,M04,P06,Material defect,2,FAIL
QC-0009137,WO-003046,2025-12-31,M04,P06,Weld porosity,3,FAIL
QC-0009138,WO-003046,2025-12-31,M04,P06,Assembly mismatch,1,FAIL
QC-0009139,WO-003047,2025-12-31,M04,P04,Weld porosity,2,FAIL
QC-0009140,WO-003047,2025-12-31,M04,P04,Material defect,0,PASS
QC-0009141,WO-003047,2025-12-31,M04,P04,Cosmetic,3,FAIL
QC-0009142,WO-003048,2025-12-31,M05,P05,Dimensional,4,FAIL
QC-0009143,WO-003048,2025-12-31,M05,P05,Surface finish,5,FAIL
QC-0009144,WO-003048,2025-12-31,M05,P05,Assembly mismatch,1,FAIL
QC-0009145,WO-003049,2025-12-31,M05,P06,Material defect,2,FAIL
QC-0009146,WO-003049,2025-12-31,M05,P06,Dimensional,4,FAIL
QC-0009147,WO-003049,2025-12-31,M05,P06,Weld porosity,1,FAIL
QC-0009148,WO-003050,2025-12-31,M06,P01,Assembly mismatch,6,FAIL
QC-0009149,WO-003050,2025-12-31,M06,P01,Cosmetic,2,FAIL
QC-0009150,WO-003050,2025-12-31,M06,P01,Dimensional,2,FAIL
QC-0009151,WO-003051,2025-12-31,M06,P01,Weld porosity,5,FAIL
QC-0009152,WO-003051,2025-12-31,M06,P01,Cosmetic,1,FAIL
QC-0009153,WO-003051,2025-12-31,M06,P01,Material defect,1,FAIL
QC-0009154,WO-003052,2026-01-01,M01,P03,Weld porosity,2,FAIL
QC-0009155,WO-003052,2026-01-01,M01,P03,Assembly mismatch,0,PASS
QC-0009156,WO-003052,2026-01-01,M01,P03,Material defect,4,FAIL
QC-0009157,WO-003053,2026-01-01,M01,P01,Material defect,3,FAIL
QC-0009158,WO-003053,2026-01-01,M01,P01,Surface finish,3,FAIL
QC-0009159,WO-003053,2026-01-01,M01,P01,Weld porosity,0,PASS
QC-0009160,WO-003054,2026-01-01,M02,P05,Dimensional,8,FAIL
QC-0009161,WO-003054,2026-01-01,M02,P05,Assembly mismatch,5,FAIL
QC-0009162,WO-003054,2026-01-01,M02,P05,Weld porosity,0,PASS
QC-0009163,WO-003055,2026-01-01,M02,P01,Surface finish,5,FAIL
QC-0009164,WO-003055,2026-01-01,M02,P01,Cosmetic,2,FAIL
QC-0009165,WO-003055,2026-01-01,M02,P01,Weld porosity,1,FAIL
QC-0009166,WO-003056,2026-01-01,M03,P01,Dimensional,2,FAIL
QC-0009167,WO-003056,2026-01-01,M03,P01,Weld porosity,2,FAIL
QC-0009168,WO-003056,2026-01-01,M03,P01,Surface finish,2,FAIL
QC-0009169,WO-003057,2026-01-01,M03,P01,Cosmetic,4,FAIL
QC-0009170,WO-003057,2026-01-01,M03,P01,Dimensional,3,FAIL
QC-0009171,WO-003057,2026-01-01,M03,P01,Assembly mismatch,1,FAIL
QC-0009172,WO-003058,2026-01-01,M04,P04,Weld porosity,2,FAIL
QC-0009173,WO-003058,2026-01-01,M04,P04,Surface finish,3,FAIL
QC-0009174,WO-003058,2026-01-01,M04,P04,Material defect,0,PASS
QC-0009175,WO-003059,2026-01-01,M04,P04,Weld porosity,1,FAIL
QC-0009176,WO-003059,2026-01-01,M04,P04,Surface finish,3,FAIL
QC-0009177,WO-003059,2026-01-01,M04,P04,Cosmetic,0,PASS
QC-0009178,WO-003060,2026-01-01,M05,P05,Cosmetic,8,FAIL
QC-0009179,WO-003060,2026-01-01,M05,P05,Dimensional,3,FAIL
QC-0009180,WO-003060,2026-01-01,M05,P05,Weld porosity,0,PASS
QC-0009181,WO-003061,2026-01-01,M05,P04,Cosmetic,1,FAIL
QC-0009182,WO-003061,2026-01-01,M05,P04,Dimensional,1,FAIL
QC-0009183,WO-003061,2026-01-01,M05,P04,Material defect,2,FAIL
QC-0009184,WO-003062,2026-01-01,M06,P01,Surface finish,1,FAIL
QC-0009185,WO-003062,2026-01-01,M06,P01,Material defect,2,FAIL
QC-0009186,WO-003062,2026-01-01,M06,P01,Assembly mismatch,2,FAIL
QC-0009187,WO-003063,2026-01-01,M06,P04,Dimensional,0,PASS
QC-0009188,WO-003063,2026-01-01,M06,P04,Surface finish,3,FAIL
QC-0009189,WO-003063,2026-01-01,M06,P04,Assembly mismatch,1,FAIL
QC-0009190,WO-003064,2026-01-02,M01,P03,Weld porosity,5,FAIL
QC-0009191,WO-003064,2026-01-02,M01,P03,Dimensional,5,FAIL
QC-0009192,WO-003064,2026-01-02,M01,P03,Material defect,0,PASS
QC-0009193,WO-003065,2026-01-02,M01,P02,Material defect,4,FAIL
QC-0009194,WO-003065,2026-01-02,M01,P02,Assembly mismatch,1,FAIL
QC-0009195,WO-003065,2026-01-02,M01,P02,Cosmetic,1,FAIL
QC-0009196,WO-003066,2026-01-02,M02,P02,Dimensional,5,FAIL
QC-0009197,WO-003066,2026-01-02,M02,P02,Weld porosity,0,PASS
QC-0009198,WO-003066,2026-01-02,M02,P02,Cosmetic,1,FAIL
QC-0009199,WO-003067,2026-01-02,M02,P01,Cosmetic,4,FAIL
QC-0009200,WO-003067,2026-01-02,M02,P01,Material defect,2,FAIL
QC-0009201,WO-003067,2026-01-02,M02,P01,Surface finish,1,FAIL
QC-0009202,WO-003068,2026-01-02,M03,P05,Surface finish,2,FAIL
QC-0009203,WO-003068,2026-01-02,M03,P05,Assembly mismatch,7,FAIL
QC-0009204,WO-003068,2026-01-02,M03,P05,Cosmetic,0,PASS
QC-0009205,WO-003069,2026-01-02,M03,P03,Dimensional,7,FAIL
QC-0009206,WO-003069,2026-01-02,M03,P03,Cosmetic,0,PASS
QC-0009207,WO-003069,2026-01-02,M03,P03,Weld porosity,0,PASS
QC-0009208,WO-003070,2026-01-02,M04,P06,Weld porosity,4,FAIL
QC-0009209,WO-003070,2026-01-02,M04,P06,Dimensional,2,FAIL
QC-0009210,WO-003070,2026-01-02,M04,P06,Surface finish,0,PASS
QC-0009211,WO-003071,2026-01-02,M04,P03,Weld porosity,6,FAIL
QC-0009212,WO-003071,2026-01-02,M04,P03,Dimensional,2,FAIL
QC-0009213,WO-003071,2026-01-02,M04,P03,Material defect,1,FAIL
QC-0009214,WO-003072,2026-01-02,M05,P06,Dimensional,3,FAIL
QC-0009215,WO-003072,2026-01-02,M05,P06,Material defect,0,PASS
QC-0009216,WO-003072,2026-01-02,M05,P06,Weld porosity,3,FAIL
QC-0009217,WO-003073,2026-01-02,M05,P04,Material defect,3,FAIL
QC-0009218,WO-003073,2026-01-02,M05,P04,Weld porosity,3,FAIL
QC-0009219,WO-003073,2026-01-02,M05,P04,Dimensional,0,PASS
QC-0009220,WO-003074,2026-01-02,M06,P05,Material defect,7,FAIL
QC-0009221,WO-003074,2026-01-02,M06,P05,Surface finish,3,FAIL
QC-0009222,WO-003074,2026-01-02,M06,P05,Cosmetic,1,FAIL
QC-0009223,WO-003075,2026-01-02,M06,P06,Material defect,5,FAIL
QC-0009224,WO-003075,2026-01-02,M06,P06,Assembly mismatch,3,FAIL
QC-0009225,WO-003075,2026-01-02,M06,P06,Weld porosity,0,PASS
QC-0009226,WO-003076,2026-01-05,M01,P03,Dimensional,8,FAIL
QC-0009227,WO-003076,2026-01-05,M01,P03,Weld porosity,0,PASS
QC-0009228,WO-003076,2026-01-05,M01,P03,Surface finish,4,FAIL
QC-0009229,WO-003077,2026-01-05,M01,P03,Assembly mismatch,6,FAIL
QC-0009230,WO-003077,2026-01-05,M01,P03,Material defect,3,FAIL
QC-0009231,WO-003077,2026-01-05,M01,P03,Cosmetic,0,PASS
QC-0009232,WO-003078,2026-01-05,M02,P01,Weld porosity,2,FAIL
QC-0009233,WO-003078,2026-01-05,M02,P01,Surface finish,2,FAIL
QC-0009234,WO-003078,2026-01-05,M02,P01,Cosmetic,1,FAIL
QC-0009235,WO-003079,2026-01-05,M02,P01,Assembly mismatch,3,FAIL
QC-0009236,WO-003079,2026-01-05,M02,P01,Dimensional,2,FAIL
QC-0009237,WO-003079,2026-01-05,M02,P01,Material defect,0,PASS
QC-0009238,WO-003080,2026-01-05,M03,P03,Surface finish,5,FAIL
QC-0009239,WO-003080,2026-01-05,M03,P03,Dimensional,1,FAIL
QC-0009240,WO-003080,2026-01-05,M03,P03,Weld porosity,1,FAIL
QC-0009241,WO-003081,2026-01-05,M03,P01,Assembly mismatch,4,FAIL
QC-0009242,WO-003081,2026-01-05,M03,P01,Dimensional,1,FAIL
QC-0009243,WO-003081,2026-01-05,M03,P01,Surface finish,1,FAIL
QC-0009244,WO-003082,2026-01-05,M04,P04,Weld porosity,2,FAIL
QC-0009245,WO-003082,2026-01-05,M04,P04,Surface finish,1,FAIL
QC-0009246,WO-003082,2026-01-05,M04,P04,Dimensional,2,FAIL
QC-0009247,WO-003083,2026-01-05,M04,P04,Assembly mismatch,3,FAIL
QC-0009248,WO-003083,2026-01-05,M04,P04,Weld porosity,2,FAIL
QC-0009249,WO-003083,2026-01-05,M04,P04,Material defect,1,FAIL
QC-0009250,WO-003084,2026-01-05,M05,P04,Weld porosity,3,FAIL
QC-0009251,WO-003084,2026-01-05,M05,P04,Surface finish,2,FAIL
QC-0009252,WO-003084,2026-01-05,M05,P04,Cosmetic,0,PASS
QC-0009253,WO-003085,2026-01-05,M05,P01,Assembly mismatch,3,FAIL
QC-0009254,WO-003085,2026-01-05,M05,P01,Surface finish,2,FAIL
QC-0009255,WO-003085,2026-01-05,M05,P01,Dimensional,0,PASS
QC-0009256,WO-003086,2026-01-05,M06,P05,Material defect,7,FAIL
QC-0009257,WO-003086,2026-01-05,M06,P05,Dimensional,1,FAIL
QC-0009258,WO-003086,2026-01-05,M06,P05,Assembly mismatch,1,FAIL
QC-0009259,WO-003087,2026-01-05,M06,P04,Surface finish,5,FAIL
QC-0009260,WO-003087,2026-01-05,M06,P04,Material defect,1,FAIL
QC-0009261,WO-003087,2026-01-05,M06,P04,Cosmetic,0,PASS
QC-0009262,WO-003088,2026-01-06,M01,P03,Dimensional,2,FAIL
QC-0009263,WO-003088,2026-01-06,M01,P03,Assembly mismatch,2,FAIL
QC-0009264,WO-003088,2026-01-06,M01,P03,Weld porosity,1,FAIL
QC-0009265,WO-003089,2026-01-06,M01,P02,Weld porosity,4,FAIL
QC-0009266,WO-003089,2026-01-06,M01,P02,Surface finish,0,PASS
QC-0009267,WO-003089,2026-01-06,M01,P02,Cosmetic,1,FAIL
QC-0009268,WO-003090,2026-01-06,M02,P05,Assembly mismatch,4,FAIL
QC-0009269,WO-003090,2026-01-06,M02,P05,Dimensional,4,FAIL
QC-0009270,WO-003090,2026-01-06,M02,P05,Weld porosity,2,FAIL
QC-0009271,WO-003091,2026-01-06,M02,P05,Cosmetic,4,FAIL
QC-0009272,WO-003091,2026-01-06,M02,P05,Material defect,6,FAIL
QC-0009273,WO-003091,2026-01-06,M02,P05,Dimensional,2,FAIL
QC-0009274,WO-003092,2026-01-06,M03,P03,Assembly mismatch,8,FAIL
QC-0009275,WO-003092,2026-01-06,M03,P03,Weld porosity,2,FAIL
QC-0009276,WO-003092,2026-01-06,M03,P03,Cosmetic,1,FAIL
QC-0009277,WO-003093,2026-01-06,M03,P03,Assembly mismatch,7,FAIL
QC-0009278,WO-003093,2026-01-06,M03,P03,Weld porosity,0,PASS
QC-0009279,WO-003093,2026-01-06,M03,P03,Surface finish,2,FAIL
QC-0009280,WO-003094,2026-01-06,M04,P03,Surface finish,3,FAIL
QC-0009281,WO-003094,2026-01-06,M04,P03,Weld porosity,3,FAIL
QC-0009282,WO-003094,2026-01-06,M04,P03,Cosmetic,1,FAIL
QC-0009283,WO-003095,2026-01-06,M04,P06,Weld porosity,6,FAIL
QC-0009284,WO-003095,2026-01-06,M04,P06,Material defect,1,FAIL
QC-0009285,WO-003095,2026-01-06,M04,P06,Dimensional,0,PASS
QC-0009286,WO-003096,2026-01-06,M05,P01,Dimensional,1,FAIL
QC-0009287,WO-003096,2026-01-06,M05,P01,Assembly mismatch,0,PASS
QC-0009288,WO-003096,2026-01-06,M05,P01,Cosmetic,1,FAIL
QC-0009289,WO-003097,2026-01-06,M06,P01,Surface finish,4,FAIL
QC-0009290,WO-003097,2026-01-06,M06,P01,Weld porosity,0,PASS
QC-0009291,WO-003097,2026-01-06,M06,P01,Assembly mismatch,0,PASS
QC-0009292,WO-003098,2026-01-06,M06,P05,Cosmetic,4,FAIL
QC-0009293,WO-003098,2026-01-06,M06,P05,Assembly mismatch,6,FAIL
QC-0009294,WO-003098,2026-01-06,M06,P05,Dimensional,1,FAIL
QC-0009295,WO-003099,2026-01-07,M01,P03,Material defect,4,FAIL
QC-0009296,WO-003099,2026-01-07,M01,P03,Weld porosity,1,FAIL
QC-0009297,WO-003099,2026-01-07,M01,P03,Surface finish,2,FAIL
QC-0009298,WO-003100,2026-01-07,M01,P03,Cosmetic,2,FAIL
QC-0009299,WO-003100,2026-01-07,M01,P03,Assembly mismatch,4,FAIL
QC-0009300,WO-003100,2026-01-07,M01,P03,Surface finish,0,PASS
QC-0009301,WO-003101,2026-01-07,M02,P01,Weld porosity,5,FAIL
QC-0009302,WO-003101,2026-01-07,M02,P01,Material defect,1,FAIL
QC-0009303,WO-003101,2026-01-07,M02,P01,Assembly mismatch,0,PASS
QC-0009304,WO-003102,2026-01-07,M02,P02,Material defect,3,FAIL
QC-0009305,WO-003102,2026-01-07,M02,P02,Assembly mismatch,1,FAIL
QC-0009306,WO-003102,2026-01-07,M02,P02,Dimensional,2,FAIL
QC-0009307,WO-003103,2026-01-07,M03,P03,Cosmetic,3,FAIL
QC-0009308,WO-003103,2026-01-07,M03,P03,Surface finish,2,FAIL
QC-0009309,WO-003103,2026-01-07,M03,P03,Assembly mismatch,2,FAIL
QC-0009310,WO-003104,2026-01-07,M03,P05,Material defect,7,FAIL
QC-0009311,WO-003104,2026-01-07,M03,P05,Dimensional,2,FAIL
QC-0009312,WO-003104,2026-01-07,M03,P05,Weld porosity,2,FAIL
QC-0009313,WO-003105,2026-01-07,M04,P06,Material defect,1,FAIL
QC-0009314,WO-003105,2026-01-07,M04,P06,Dimensional,4,FAIL
QC-0009315,WO-003105,2026-01-07,M04,P06,Weld porosity,0,PASS
QC-0009316,WO-003106,2026-01-07,M04,P04,Weld porosity,3,FAIL
QC-0009317,WO-003106,2026-01-07,M04,P04,Dimensional,1,FAIL
QC-0009318,WO-003106,2026-01-07,M04,P04,Assembly mismatch,1,FAIL
QC-0009319,WO-003107,2026-01-07,M05,P06,Assembly mismatch,1,FAIL
QC-0009320,WO-003107,2026-01-07,M05,P06,Surface finish,3,FAIL
QC-0009321,WO-003107,2026-01-07,M05,P06,Cosmetic,1,FAIL
QC-0009322,WO-003108,2026-01-07,M05,P01,Cosmetic,0,PASS
QC-0009323,WO-003108,2026-01-07,M05,P01,Surface finish,3,FAIL
QC-0009324,WO-003108,2026-01-07,M05,P01,Assembly mismatch,2,FAIL
QC-0009325,WO-003109,2026-01-07,M06,P05,Dimensional,7,FAIL
QC-0009326,WO-003109,2026-01-07,M06,P05,Cosmetic,2,FAIL
QC-0009327,WO-003109,2026-01-07,M06,P05,Assembly mismatch,2,FAIL
QC-0009328,WO-003110,2026-01-08,M01,P03,Cosmetic,4,FAIL
QC-0009329,WO-003110,2026-01-08,M01,P03,Surface finish,0,PASS
QC-0009330,WO-003110,2026-01-08,M01,P03,Assembly mismatch,3,FAIL
QC-0009331,WO-003111,2026-01-08,M01,P01,Dimensional,4,FAIL
QC-0009332,WO-003111,2026-01-08,M01,P01,Cosmetic,2,FAIL
QC-0009333,WO-003111,2026-01-08,M01,P01,Surface finish,1,FAIL
QC-0009334,WO-003112,2026-01-08,M02,P05,Weld porosity,7,FAIL
QC-0009335,WO-003112,2026-01-08,M02,P05,Assembly mismatch,3,FAIL
QC-0009336,WO-003112,2026-01-08,M02,P05,Dimensional,2,FAIL
QC-0009337,WO-003113,2026-01-08,M02,P01,Cosmetic,4,FAIL
QC-0009338,WO-003113,2026-01-08,M02,P01,Material defect,3,FAIL
QC-0009339,WO-003113,2026-01-08,M02,P01,Dimensional,2,FAIL
QC-0009340,WO-003114,2026-01-08,M03,P01,Cosmetic,5,FAIL
QC-0009341,WO-003114,2026-01-08,M03,P01,Surface finish,0,PASS
QC-0009342,WO-003114,2026-01-08,M03,P01,Material defect,0,PASS
QC-0009343,WO-003115,2026-01-08,M04,P03,Weld porosity,2,FAIL
QC-0009344,WO-003115,2026-01-08,M04,P03,Surface finish,4,FAIL
QC-0009345,WO-003115,2026-01-08,M04,P03,Material defect,5,FAIL
QC-0009346,WO-003116,2026-01-08,M04,P04,Weld porosity,2,FAIL
QC-0009347,WO-003116,2026-01-08,M04,P04,Material defect,2,FAIL
QC-0009348,WO-003116,2026-01-08,M04,P04,Assembly mismatch,1,FAIL
QC-0009349,WO-003117,2026-01-08,M05,P04,Weld porosity,4,FAIL
QC-0009350,WO-003117,2026-01-08,M05,P04,Assembly mismatch,0,PASS
QC-0009351,WO-003117,2026-01-08,M05,P04,Surface finish,1,FAIL
QC-0009352,WO-003118,2026-01-08,M05,P05,Weld porosity,10,FAIL
QC-0009353,WO-003118,2026-01-08,M05,P05,Material defect,1,FAIL
QC-0009354,WO-003118,2026-01-08,M05,P05,Surface finish,0,PASS
QC-0009355,WO-003119,2026-01-08,M06,P01,Cosmetic,4,FAIL
QC-0009356,WO-003119,2026-01-08,M06,P01,Dimensional,1,FAIL
QC-0009357,WO-003119,2026-01-08,M06,P01,Assembly mismatch,3,FAIL
QC-0009358,WO-003120,2026-01-08,M06,P01,Material defect,5,FAIL
QC-0009359,WO-003120,2026-01-08,M06,P01,Surface finish,2,FAIL
QC-0009360,WO-003120,2026-01-08,M06,P01,Cosmetic,0,PASS
QC-0009361,WO-003121,2026-01-09,M01,P02,Assembly mismatch,3,FAIL
QC-0009362,WO-003121,2026-01-09,M01,P02,Material defect,2,FAIL
QC-0009363,WO-003121,2026-01-09,M01,P02,Surface finish,0,PASS
QC-0009364,WO-003122,2026-01-09,M01,P02,Cosmetic,4,FAIL
QC-0009365,WO-003122,2026-01-09,M01,P02,Weld porosity,2,FAIL
QC-0009366,WO-003122,2026-01-09,M01,P02,Dimensional,1,FAIL
QC-0009367,WO-003123,2026-01-09,M02,P02,Assembly mismatch,4,FAIL
QC-0009368,WO-003123,2026-01-09,M02,P02,Surface finish,2,FAIL
QC-0009369,WO-003123,2026-01-09,M02,P02,Material defect,0,PASS
QC-0009370,WO-003124,2026-01-09,M03,P05,Assembly mismatch,9,FAIL
QC-0009371,WO-003124,2026-01-09,M03,P05,Material defect,1,FAIL
QC-0009372,WO-003124,2026-01-09,M03,P05,Weld porosity,0,PASS
QC-0009373,WO-003125,2026-01-09,M03,P01,Surface finish,3,FAIL
QC-0009374,WO-003125,2026-01-09,M03,P01,Dimensional,1,FAIL
QC-0009375,WO-003125,2026-01-09,M03,P01,Cosmetic,0,PASS
QC-0009376,WO-003126,2026-01-09,M04,P04,Weld porosity,3,FAIL
QC-0009377,WO-003126,2026-01-09,M04,P04,Material defect,0,PASS
QC-0009378,WO-003126,2026-01-09,M04,P04,Surface finish,2,FAIL
QC-0009379,WO-003127,2026-01-09,M04,P03,Weld porosity,4,FAIL
QC-0009380,WO-003127,2026-01-09,M04,P03,Surface finish,2,FAIL
QC-0009381,WO-003127,2026-01-09,M04,P03,Material defect,3,FAIL
QC-0009382,WO-003128,2026-01-09,M05,P01,Weld porosity,2,FAIL
QC-0009383,WO-003128,2026-01-09,M05,P01,Dimensional,0,PASS
QC-0009384,WO-003128,2026-01-09,M05,P01,Assembly mismatch,2,FAIL
QC-0009385,WO-003129,2026-01-09,M05,P04,Weld porosity,2,FAIL
QC-0009386,WO-003129,2026-01-09,M05,P04,Dimensional,1,FAIL
QC-0009387,WO-003129,2026-01-09,M05,P04,Material defect,1,FAIL
QC-0009388,WO-003130,2026-01-09,M06,P05,Material defect,8,FAIL
QC-0009389,WO-003130,2026-01-09,M06,P05,Assembly mismatch,2,FAIL
QC-0009390,WO-003130,2026-01-09,M06,P05,Surface finish,1,FAIL
QC-0009391,WO-003131,2026-01-09,M06,P06,Dimensional,1,FAIL
QC-0009392,WO-003131,2026-01-09,M06,P06,Cosmetic,4,FAIL
QC-0009393,WO-003131,2026-01-09,M06,P06,Surface finish,0,PASS
QC-0009394,WO-003132,2026-01-12,M01,P03,Dimensional,3,FAIL
QC-0009395,WO-003132,2026-01-12,M01,P03,Surface finish,1,FAIL
QC-0009396,WO-003132,2026-01-12,M01,P03,Material defect,0,PASS
QC-0009397,WO-003133,2026-01-12,M01,P01,Dimensional,3,FAIL
QC-0009398,WO-003133,2026-01-12,M01,P01,Surface finish,0,PASS
QC-0009399,WO-003133,2026-01-12,M01,P01,Assembly mismatch,1,FAIL
QC-0009400,WO-003134,2026-01-12,M02,P01,Weld porosity,0,PASS
QC-0009401,WO-003134,2026-01-12,M02,P01,Surface finish,1,FAIL
QC-0009402,WO-003134,2026-01-12,M02,P01,Dimensional,0,PASS
QC-0009403,WO-003135,2026-01-12,M02,P01,Dimensional,5,FAIL
QC-0009404,WO-003135,2026-01-12,M02,P01,Assembly mismatch,1,FAIL
QC-0009405,WO-003135,2026-01-12,M02,P01,Weld porosity,0,PASS
QC-0009406,WO-003136,2026-01-12,M03,P01,Dimensional,1,FAIL
QC-0009407,WO-003136,2026-01-12,M03,P01,Surface finish,2,FAIL
QC-0009408,WO-003136,2026-01-12,M03,P01,Assembly mismatch,0,PASS
QC-0009409,WO-003137,2026-01-12,M03,P03,Material defect,2,FAIL
QC-0009410,WO-003137,2026-01-12,M03,P03,Weld porosity,5,FAIL
QC-0009411,WO-003137,2026-01-12,M03,P03,Cosmetic,2,FAIL
QC-0009412,WO-003138,2026-01-12,M04,P04,Weld porosity,5,FAIL
QC-0009413,WO-003138,2026-01-12,M04,P04,Material defect,1,FAIL
QC-0009414,WO-003138,2026-01-12,M04,P04,Cosmetic,0,PASS
QC-0009415,WO-003139,2026-01-12,M04,P04,Surface finish,4,FAIL
QC-0009416,WO-003139,2026-01-12,M04,P04,Weld porosity,2,FAIL
QC-0009417,WO-003139,2026-01-12,M04,P04,Assembly mismatch,1,FAIL
QC-0009418,WO-003140,2026-01-12,M05,P04,Cosmetic,4,FAIL
QC-0009419,WO-003140,2026-01-12,M05,P04,Dimensional,1,FAIL
QC-0009420,WO-003140,2026-01-12,M05,P04,Material defect,1,FAIL
QC-0009421,WO-003141,2026-01-12,M05,P01,Dimensional,0,PASS
QC-0009422,WO-003141,2026-01-12,M05,P01,Surface finish,3,FAIL
QC-0009423,WO-003141,2026-01-12,M05,P01,Weld porosity,2,FAIL
QC-0009424,WO-003142,2026-01-12,M06,P01,Weld porosity,2,FAIL
QC-0009425,WO-003142,2026-01-12,M06,P01,Dimensional,2,FAIL
QC-0009426,WO-003142,2026-01-12,M06,P01,Cosmetic,1,FAIL
QC-0009427,WO-003143,2026-01-12,M06,P01,Weld porosity,5,FAIL
QC-0009428,WO-003143,2026-01-12,M06,P01,Assembly mismatch,1,FAIL
QC-0009429,WO-003143,2026-01-12,M06,P01,Surface finish,0,PASS
QC-0009430,WO-003144,2026-01-13,M01,P01,Weld porosity,2,FAIL
QC-0009431,WO-003144,2026-01-13,M01,P01,Cosmetic,1,FAIL
QC-0009432,WO-003144,2026-01-13,M01,P01,Assembly mismatch,2,FAIL
QC-0009433,WO-003145,2026-01-13,M01,P01,Surface finish,3,FAIL
QC-0009434,WO-003145,2026-01-13,M01,P01,Weld porosity,2,FAIL
QC-0009435,WO-003145,2026-01-13,M01,P01,Assembly mismatch,2,FAIL
QC-0009436,WO-003146,2026-01-13,M02,P05,Dimensional,6,FAIL
QC-0009437,WO-003146,2026-01-13,M02,P05,Weld porosity,2,FAIL
QC-0009438,WO-003146,2026-01-13,M02,P05,Assembly mismatch,0,PASS
QC-0009439,WO-003147,2026-01-13,M02,P02,Material defect,2,FAIL
QC-0009440,WO-003147,2026-01-13,M02,P02,Cosmetic,2,FAIL
QC-0009441,WO-003147,2026-01-13,M02,P02,Surface finish,1,FAIL
QC-0009442,WO-003148,2026-01-13,M03,P05,Dimensional,7,FAIL
QC-0009443,WO-003148,2026-01-13,M03,P05,Assembly mismatch,1,FAIL
QC-0009444,WO-003148,2026-01-13,M03,P05,Cosmetic,1,FAIL
QC-0009445,WO-003149,2026-01-13,M03,P03,Surface finish,7,FAIL
QC-0009446,WO-003149,2026-01-13,M03,P03,Weld porosity,1,FAIL
QC-0009447,WO-003149,2026-01-13,M03,P03,Cosmetic,2,FAIL
QC-0009448,WO-003150,2026-01-13,M04,P06,Weld porosity,2,FAIL
QC-0009449,WO-003150,2026-01-13,M04,P06,Material defect,1,FAIL
QC-0009450,WO-003150,2026-01-13,M04,P06,Cosmetic,3,FAIL
QC-0009451,WO-003151,2026-01-13,M04,P06,Weld porosity,2,FAIL
QC-0009452,WO-003151,2026-01-13,M04,P06,Assembly mismatch,2,FAIL
QC-0009453,WO-003151,2026-01-13,M04,P06,Surface finish,1,FAIL
QC-0009454,WO-003152,2026-01-13,M05,P04,Cosmetic,4,FAIL
QC-0009455,WO-003152,2026-01-13,M05,P04,Assembly mismatch,1,FAIL
QC-0009456,WO-003152,2026-01-13,M05,P04,Material defect,0,PASS
QC-0009457,WO-003153,2026-01-13,M05,P05,Dimensional,2,FAIL
QC-0009458,WO-003153,2026-01-13,M05,P05,Material defect,4,FAIL
QC-0009459,WO-003153,2026-01-13,M05,P05,Weld porosity,4,FAIL
QC-0009460,WO-003154,2026-01-13,M06,P04,Assembly mismatch,3,FAIL
QC-0009461,WO-003154,2026-01-13,M06,P04,Material defect,1,FAIL
QC-0009462,WO-003154,2026-01-13,M06,P04,Surface finish,1,FAIL
QC-0009463,WO-003155,2026-01-13,M06,P04,Material defect,1,FAIL
QC-0009464,WO-003155,2026-01-13,M06,P04,Assembly mismatch,0,PASS
QC-0009465,WO-003155,2026-01-13,M06,P04,Dimensional,3,FAIL
QC-0009466,WO-003156,2026-01-14,M01,P03,Material defect,4,FAIL
QC-0009467,WO-003156,2026-01-14,M01,P03,Weld porosity,2,FAIL
QC-0009468,WO-003156,2026-01-14,M01,P03,Cosmetic,1,FAIL
QC-0009469,WO-003157,2026-01-14,M01,P01,Assembly mismatch,5,FAIL
QC-0009470,WO-003157,2026-01-14,M01,P01,Surface finish,0,PASS
QC-0009471,WO-003157,2026-01-14,M01,P01,Material defect,0,PASS
QC-0009472,WO-003158,2026-01-14,M02,P05,Cosmetic,6,FAIL
QC-0009473,WO-003158,2026-01-14,M02,P05,Material defect,4,FAIL
QC-0009474,WO-003158,2026-01-14,M02,P05,Weld porosity,1,FAIL
QC-0009475,WO-003159,2026-01-14,M02,P01,Assembly mismatch,2,FAIL
QC-0009476,WO-003159,2026-01-14,M02,P01,Weld porosity,3,FAIL
QC-0009477,WO-003159,2026-01-14,M02,P01,Material defect,2,FAIL
QC-0009478,WO-003160,2026-01-14,M03,P05,Surface finish,11,FAIL
QC-0009479,WO-003160,2026-01-14,M03,P05,Dimensional,1,FAIL
QC-0009480,WO-003160,2026-01-14,M03,P05,Material defect,2,FAIL
QC-0009481,WO-003161,2026-01-14,M03,P05,Surface finish,6,FAIL
QC-0009482,WO-003161,2026-01-14,M03,P05,Assembly mismatch,3,FAIL
QC-0009483,WO-003161,2026-01-14,M03,P05,Weld porosity,0,PASS
QC-0009484,WO-003162,2026-01-14,M04,P06,Weld porosity,2,FAIL
QC-0009485,WO-003162,2026-01-14,M04,P06,Cosmetic,1,FAIL
QC-0009486,WO-003162,2026-01-14,M04,P06,Dimensional,3,FAIL
QC-0009487,WO-003163,2026-01-14,M04,P03,Surface finish,5,FAIL
QC-0009488,WO-003163,2026-01-14,M04,P03,Weld porosity,3,FAIL
QC-0009489,WO-003163,2026-01-14,M04,P03,Material defect,1,FAIL
QC-0009490,WO-003164,2026-01-14,M05,P01,Weld porosity,3,FAIL
QC-0009491,WO-003164,2026-01-14,M05,P01,Surface finish,2,FAIL
QC-0009492,WO-003164,2026-01-14,M05,P01,Material defect,1,FAIL
QC-0009493,WO-003165,2026-01-14,M05,P04,Material defect,3,FAIL
QC-0009494,WO-003165,2026-01-14,M05,P04,Surface finish,2,FAIL
QC-0009495,WO-003165,2026-01-14,M05,P04,Weld porosity,1,FAIL
QC-0009496,WO-003166,2026-01-14,M06,P06,Dimensional,5,FAIL
QC-0009497,WO-003166,2026-01-14,M06,P06,Weld porosity,1,FAIL
QC-0009498,WO-003166,2026-01-14,M06,P06,Surface finish,0,PASS
QC-0009499,WO-003167,2026-01-14,M06,P05,Surface finish,7,FAIL
QC-0009500,WO-003167,2026-01-14,M06,P05,Dimensional,2,FAIL
QC-0009501,WO-003167,2026-01-14,M06,P05,Material defect,1,FAIL
QC-0009502,WO-003168,2026-01-15,M01,P01,Surface finish,2,FAIL
QC-0009503,WO-003168,2026-01-15,M01,P01,Dimensional,2,FAIL
QC-0009504,WO-003168,2026-01-15,M01,P01,Cosmetic,0,PASS
QC-0009505,WO-003169,2026-01-15,M01,P03,Assembly mismatch,4,FAIL
QC-0009506,WO-003169,2026-01-15,M01,P03,Cosmetic,1,FAIL
QC-0009507,WO-003169,2026-01-15,M01,P03,Material defect,1,FAIL
QC-0009508,WO-003170,2026-01-15,M02,P05,Dimensional,6,FAIL
QC-0009509,WO-003170,2026-01-15,M02,P05,Cosmetic,0,PASS
QC-0009510,WO-003170,2026-01-15,M02,P05,Assembly mismatch,3,FAIL
QC-0009511,WO-003171,2026-01-15,M02,P02,Dimensional,5,FAIL
QC-0009512,WO-003171,2026-01-15,M02,P02,Material defect,2,FAIL
QC-0009513,WO-003171,2026-01-15,M02,P02,Assembly mismatch,2,FAIL
QC-0009514,WO-003172,2026-01-15,M03,P03,Weld porosity,3,FAIL
QC-0009515,WO-003172,2026-01-15,M03,P03,Assembly mismatch,1,FAIL
QC-0009516,WO-003172,2026-01-15,M03,P03,Material defect,0,PASS
QC-0009517,WO-003173,2026-01-15,M03,P01,Cosmetic,5,FAIL
QC-0009518,WO-003173,2026-01-15,M03,P01,Dimensional,2,FAIL
QC-0009519,WO-003173,2026-01-15,M03,P01,Surface finish,0,PASS
QC-0009520,WO-003174,2026-01-15,M04,P06,Weld porosity,1,FAIL
QC-0009521,WO-003174,2026-01-15,M04,P06,Dimensional,4,FAIL
QC-0009522,WO-003174,2026-01-15,M04,P06,Assembly mismatch,1,FAIL
QC-0009523,WO-003175,2026-01-15,M04,P06,Weld porosity,1,FAIL
QC-0009524,WO-003175,2026-01-15,M04,P06,Surface finish,3,FAIL
QC-0009525,WO-003175,2026-01-15,M04,P06,Material defect,2,FAIL
QC-0009526,WO-003176,2026-01-15,M05,P06,Assembly mismatch,3,FAIL
QC-0009527,WO-003176,2026-01-15,M05,P06,Cosmetic,3,FAIL
QC-0009528,WO-003176,2026-01-15,M05,P06,Material defect,1,FAIL
QC-0009529,WO-003177,2026-01-15,M06,P04,Surface finish,4,FAIL
QC-0009530,WO-003177,2026-01-15,M06,P04,Material defect,0,PASS
QC-0009531,WO-003177,2026-01-15,M06,P04,Weld porosity,0,PASS
QC-0009532,WO-003178,2026-01-16,M01,P03,Assembly mismatch,1,FAIL
QC-0009533,WO-003178,2026-01-16,M01,P03,Dimensional,1,FAIL
QC-0009534,WO-003178,2026-01-16,M01,P03,Surface finish,0,PASS
QC-0009535,WO-003179,2026-01-16,M01,P01,Dimensional,6,FAIL
QC-0009536,WO-003179,2026-01-16,M01,P01,Weld porosity,0,PASS
QC-0009537,WO-003179,2026-01-16,M01,P01,Material defect,0,PASS
QC-0009538,WO-003180,2026-01-16,M02,P05,Dimensional,6,FAIL
QC-0009539,WO-003180,2026-01-16,M02,P05,Material defect,3,FAIL
QC-0009540,WO-003180,2026-01-16,M02,P05,Weld porosity,2,FAIL
QC-0009541,WO-003181,2026-01-16,M02,P01,Assembly mismatch,4,FAIL
QC-0009542,WO-003181,2026-01-16,M02,P01,Surface finish,3,FAIL
QC-0009543,WO-003181,2026-01-16,M02,P01,Material defect,0,PASS
QC-0009544,WO-003182,2026-01-16,M03,P03,Material defect,4,FAIL
QC-0009545,WO-003182,2026-01-16,M03,P03,Surface finish,0,PASS
QC-0009546,WO-003182,2026-01-16,M03,P03,Cosmetic,2,FAIL
QC-0009547,WO-003183,2026-01-16,M04,P06,Weld porosity,6,FAIL
QC-0009548,WO-003183,2026-01-16,M04,P06,Assembly mismatch,1,FAIL
QC-0009549,WO-003183,2026-01-16,M04,P06,Cosmetic,0,PASS
QC-0009550,WO-003184,2026-01-16,M04,P06,Weld porosity,4,FAIL
QC-0009551,WO-003184,2026-01-16,M04,P06,Dimensional,2,FAIL
QC-0009552,WO-003184,2026-01-16,M04,P06,Cosmetic,0,PASS
QC-0009553,WO-003185,2026-01-16,M05,P06,Dimensional,3,FAIL
QC-0009554,WO-003185,2026-01-16,M05,P06,Assembly mismatch,0,PASS
QC-0009555,WO-003185,2026-01-16,M05,P06,Cosmetic,1,FAIL
QC-0009556,WO-003186,2026-01-16,M05,P05,Material defect,3,FAIL
QC-0009557,WO-003186,2026-01-16,M05,P05,Assembly mismatch,4,FAIL
QC-0009558,WO-003186,2026-01-16,M05,P05,Cosmetic,1,FAIL
QC-0009559,WO-003187,2026-01-16,M06,P01,Cosmetic,6,FAIL
QC-0009560,WO-003187,2026-01-16,M06,P01,Surface finish,2,FAIL
QC-0009561,WO-003187,2026-01-16,M06,P01,Weld porosity,0,PASS
QC-0009562,WO-003188,2026-01-16,M06,P01,Assembly mismatch,6,FAIL
QC-0009563,WO-003188,2026-01-16,M06,P01,Surface finish,0,PASS
QC-0009564,WO-003188,2026-01-16,M06,P01,Weld porosity,0,PASS
QC-0009565,WO-003189,2026-01-19,M01,P01,Assembly mismatch,3,FAIL
QC-0009566,WO-003189,2026-01-19,M01,P01,Surface finish,1,FAIL
QC-0009567,WO-003189,2026-01-19,M01,P01,Material defect,2,FAIL
QC-0009568,WO-003190,2026-01-19,M01,P03,Weld porosity,4,FAIL
QC-0009569,WO-003190,2026-01-19,M01,P03,Cosmetic,2,FAIL
QC-0009570,WO-003190,2026-01-19,M01,P03,Surface finish,0,PASS
QC-0009571,WO-003191,2026-01-19,M02,P05,Material defect,7,FAIL
QC-0009572,WO-003191,2026-01-19,M02,P05,Weld porosity,3,FAIL
QC-0009573,WO-003191,2026-01-19,M02,P05,Assembly mismatch,0,PASS
QC-0009574,WO-003192,2026-01-19,M02,P01,Cosmetic,4,FAIL
QC-0009575,WO-003192,2026-01-19,M02,P01,Weld porosity,1,FAIL
QC-0009576,WO-003192,2026-01-19,M02,P01,Material defect,1,FAIL
QC-0009577,WO-003193,2026-01-19,M03,P01,Surface finish,1,FAIL
QC-0009578,WO-003193,2026-01-19,M03,P01,Assembly mismatch,4,FAIL
QC-0009579,WO-003193,2026-01-19,M03,P01,Material defect,1,FAIL
QC-0009580,WO-003194,2026-01-19,M03,P01,Material defect,4,FAIL
QC-0009581,WO-003194,2026-01-19,M03,P01,Surface finish,1,FAIL
QC-0009582,WO-003194,2026-01-19,M03,P01,Cosmetic,1,FAIL
QC-0009583,WO-003195,2026-01-19,M04,P03,Weld porosity,4,FAIL
QC-0009584,WO-003195,2026-01-19,M04,P03,Surface finish,4,FAIL
QC-0009585,WO-003195,2026-01-19,M04,P03,Cosmetic,2,FAIL
QC-0009586,WO-003196,2026-01-19,M04,P03,Weld porosity,4,FAIL
QC-0009587,WO-003196,2026-01-19,M04,P03,Dimensional,2,FAIL
QC-0009588,WO-003196,2026-01-19,M04,P03,Surface finish,1,FAIL
QC-0009589,WO-003197,2026-01-19,M05,P04,Weld porosity,2,FAIL
QC-0009590,WO-003197,2026-01-19,M05,P04,Cosmetic,0,PASS
QC-0009591,WO-003197,2026-01-19,M05,P04,Assembly mismatch,0,PASS
QC-0009592,WO-003198,2026-01-19,M05,P06,Material defect,5,FAIL
QC-0009593,WO-003198,2026-01-19,M05,P06,Cosmetic,1,FAIL
QC-0009594,WO-003198,2026-01-19,M05,P06,Surface finish,0,PASS
QC-0009595,WO-003199,2026-01-19,M06,P01,Weld porosity,3,FAIL
QC-0009596,WO-003199,2026-01-19,M06,P01,Material defect,2,FAIL
QC-0009597,WO-003199,2026-01-19,M06,P01,Dimensional,0,PASS
QC-0009598,WO-003200,2026-01-19,M06,P01,Cosmetic,2,FAIL
QC-0009599,WO-003200,2026-01-19,M06,P01,Surface finish,2,FAIL
QC-0009600,WO-003200,2026-01-19,M06,P01,Dimensional,0,PASS
QC-0009601,WO-003201,2026-01-20,M01,P02,Weld porosity,3,FAIL
QC-0009602,WO-003201,2026-01-20,M01,P02,Surface finish,1,FAIL
QC-0009603,WO-003201,2026-01-20,M01,P02,Cosmetic,0,PASS
QC-0009604,WO-003202,2026-01-20,M01,P02,Assembly mismatch,2,FAIL
QC-0009605,WO-003202,2026-01-20,M01,P02,Dimensional,1,FAIL
QC-0009606,WO-003202,2026-01-20,M01,P02,Cosmetic,2,FAIL
QC-0009607,WO-003203,2026-01-20,M02,P01,Cosmetic,3,FAIL
QC-0009608,WO-003203,2026-01-20,M02,P01,Surface finish,2,FAIL
QC-0009609,WO-003203,2026-01-20,M02,P01,Weld porosity,0,PASS
QC-0009610,WO-003204,2026-01-20,M02,P05,Surface finish,4,FAIL
QC-0009611,WO-003204,2026-01-20,M02,P05,Assembly mismatch,4,FAIL
QC-0009612,WO-003204,2026-01-20,M02,P05,Cosmetic,2,FAIL
QC-0009613,WO-003205,2026-01-20,M03,P05,Dimensional,4,FAIL
QC-0009614,WO-003205,2026-01-20,M03,P05,Surface finish,3,FAIL
QC-0009615,WO-003205,2026-01-20,M03,P05,Cosmetic,2,FAIL
QC-0009616,WO-003206,2026-01-20,M03,P05,Cosmetic,3,FAIL
QC-0009617,WO-003206,2026-01-20,M03,P05,Material defect,3,FAIL
QC-0009618,WO-003206,2026-01-20,M03,P05,Dimensional,1,FAIL
QC-0009619,WO-003207,2026-01-20,M04,P06,Surface finish,4,FAIL
QC-0009620,WO-003207,2026-01-20,M04,P06,Weld porosity,1,FAIL
QC-0009621,WO-003207,2026-01-20,M04,P06,Material defect,1,FAIL
QC-0009622,WO-003208,2026-01-20,M04,P06,Weld porosity,5,FAIL
QC-0009623,WO-003208,2026-01-20,M04,P06,Dimensional,1,FAIL
QC-0009624,WO-003208,2026-01-20,M04,P06,Cosmetic,1,FAIL
QC-0009625,WO-003209,2026-01-20,M05,P04,Cosmetic,1,FAIL
QC-0009626,WO-003209,2026-01-20,M05,P04,Assembly mismatch,1,FAIL
QC-0009627,WO-003209,2026-01-20,M05,P04,Material defect,0,PASS
QC-0009628,WO-003210,2026-01-20,M05,P01,Weld porosity,2,FAIL
QC-0009629,WO-003210,2026-01-20,M05,P01,Cosmetic,3,FAIL
QC-0009630,WO-003210,2026-01-20,M05,P01,Surface finish,1,FAIL
QC-0009631,WO-003211,2026-01-20,M06,P01,Material defect,2,FAIL
QC-0009632,WO-003211,2026-01-20,M06,P01,Assembly mismatch,2,FAIL
QC-0009633,WO-003211,2026-01-20,M06,P01,Dimensional,1,FAIL
QC-0009634,WO-003212,2026-01-20,M06,P04,Weld porosity,3,FAIL
QC-0009635,WO-003212,2026-01-20,M06,P04,Dimensional,3,FAIL
QC-0009636,WO-003212,2026-01-20,M06,P04,Material defect,0,PASS
QC-0009637,WO-003213,2026-01-21,M01,P03,Surface finish,0,PASS
QC-0009638,WO-003213,2026-01-21,M01,P03,Dimensional,1,FAIL
QC-0009639,WO-003213,2026-01-21,M01,P03,Weld porosity,2,FAIL
QC-0009640,WO-003214,2026-01-21,M01,P03,Cosmetic,6,FAIL
QC-0009641,WO-003214,2026-01-21,M01,P03,Dimensional,3,FAIL
QC-0009642,WO-003214,2026-01-21,M01,P03,Surface finish,1,FAIL
QC-0009643,WO-003215,2026-01-21,M02,P05,Surface finish,3,FAIL
QC-0009644,WO-003215,2026-01-21,M02,P05,Material defect,3,FAIL
QC-0009645,WO-003215,2026-01-21,M02,P05,Cosmetic,3,FAIL
QC-0009646,WO-003216,2026-01-21,M02,P01,Weld porosity,3,FAIL
QC-0009647,WO-003216,2026-01-21,M02,P01,Surface finish,1,FAIL
QC-0009648,WO-003216,2026-01-21,M02,P01,Cosmetic,0,PASS
QC-0009649,WO-003217,2026-01-21,M03,P03,Surface finish,5,FAIL
QC-0009650,WO-003217,2026-01-21,M03,P03,Cosmetic,2,FAIL
QC-0009651,WO-003217,2026-01-21,M03,P03,Dimensional,3,FAIL
QC-0009652,WO-003218,2026-01-21,M03,P05,Material defect,4,FAIL
QC-0009653,WO-003218,2026-01-21,M03,P05,Assembly mismatch,3,FAIL
QC-0009654,WO-003218,2026-01-21,M03,P05,Cosmetic,1,FAIL
QC-0009655,WO-003219,2026-01-21,M04,P06,Weld porosity,3,FAIL
QC-0009656,WO-003219,2026-01-21,M04,P06,Material defect,1,FAIL
QC-0009657,WO-003219,2026-01-21,M04,P06,Dimensional,1,FAIL
QC-0009658,WO-003220,2026-01-21,M04,P04,Assembly mismatch,1,FAIL
QC-0009659,WO-003220,2026-01-21,M04,P04,Cosmetic,0,PASS
QC-0009660,WO-003220,2026-01-21,M04,P04,Weld porosity,3,FAIL
QC-0009661,WO-003221,2026-01-21,M05,P01,Material defect,5,FAIL
QC-0009662,WO-003221,2026-01-21,M05,P01,Weld porosity,2,FAIL
QC-0009663,WO-003221,2026-01-21,M05,P01,Assembly mismatch,0,PASS
QC-0009664,WO-003222,2026-01-21,M05,P05,Dimensional,8,FAIL
QC-0009665,WO-003222,2026-01-21,M05,P05,Material defect,0,PASS
QC-0009666,WO-003222,2026-01-21,M05,P05,Weld porosity,3,FAIL
QC-0009667,WO-003223,2026-01-21,M06,P04,Dimensional,4,FAIL
QC-0009668,WO-003223,2026-01-21,M06,P04,Surface finish,0,PASS
QC-0009669,WO-003223,2026-01-21,M06,P04,Assembly mismatch,1,FAIL
QC-0009670,WO-003224,2026-01-21,M06,P06,Assembly mismatch,2,FAIL
QC-0009671,WO-003224,2026-01-21,M06,P06,Dimensional,2,FAIL
QC-0009672,WO-003224,2026-01-21,M06,P06,Surface finish,2,FAIL
QC-0009673,WO-003225,2026-01-22,M01,P01,Surface finish,3,FAIL
QC-0009674,WO-003225,2026-01-22,M01,P01,Assembly mismatch,1,FAIL
QC-0009675,WO-003225,2026-01-22,M01,P01,Cosmetic,1,FAIL
QC-0009676,WO-003226,2026-01-22,M01,P02,Surface finish,3,FAIL
QC-0009677,WO-003226,2026-01-22,M01,P02,Cosmetic,1,FAIL
QC-0009678,WO-003226,2026-01-22,M01,P02,Weld porosity,1,FAIL
QC-0009679,WO-003227,2026-01-22,M02,P05,Surface finish,3,FAIL
QC-0009680,WO-003227,2026-01-22,M02,P05,Weld porosity,3,FAIL
QC-0009681,WO-003227,2026-01-22,M02,P05,Assembly mismatch,2,FAIL
QC-0009682,WO-003228,2026-01-22,M02,P05,Dimensional,7,FAIL
QC-0009683,WO-003228,2026-01-22,M02,P05,Assembly mismatch,3,FAIL
QC-0009684,WO-003228,2026-01-22,M02,P05,Material defect,1,FAIL
QC-0009685,WO-003229,2026-01-22,M03,P05,Assembly mismatch,5,FAIL
QC-0009686,WO-003229,2026-01-22,M03,P05,Weld porosity,4,FAIL
QC-0009687,WO-003229,2026-01-22,M03,P05,Cosmetic,2,FAIL
QC-0009688,WO-003230,2026-01-22,M03,P01,Cosmetic,2,FAIL
QC-0009689,WO-003230,2026-01-22,M03,P01,Weld porosity,1,FAIL
QC-0009690,WO-003230,2026-01-22,M03,P01,Dimensional,2,FAIL
QC-0009691,WO-003231,2026-01-22,M04,P04,Dimensional,3,FAIL
QC-0009692,WO-003231,2026-01-22,M04,P04,Assembly mismatch,1,FAIL
QC-0009693,WO-003231,2026-01-22,M04,P04,Weld porosity,1,FAIL
QC-0009694,WO-003232,2026-01-22,M04,P03,Weld porosity,7,FAIL
QC-0009695,WO-003232,2026-01-22,M04,P03,Surface finish,2,FAIL
QC-0009696,WO-003232,2026-01-22,M04,P03,Cosmetic,2,FAIL
QC-0009697,WO-003233,2026-01-22,M05,P05,Weld porosity,6,FAIL
QC-0009698,WO-003233,2026-01-22,M05,P05,Dimensional,2,FAIL
QC-0009699,WO-003233,2026-01-22,M05,P05,Assembly mismatch,1,FAIL
QC-0009700,WO-003234,2026-01-22,M05,P05,Assembly mismatch,3,FAIL
QC-0009701,WO-003234,2026-01-22,M05,P05,Dimensional,6,FAIL
QC-0009702,WO-003234,2026-01-22,M05,P05,Surface finish,1,FAIL
QC-0009703,WO-003235,2026-01-22,M06,P06,Material defect,4,FAIL
QC-0009704,WO-003235,2026-01-22,M06,P06,Weld porosity,1,FAIL
QC-0009705,WO-003235,2026-01-22,M06,P06,Dimensional,1,FAIL
QC-0009706,WO-003236,2026-01-22,M06,P04,Cosmetic,3,FAIL
QC-0009707,WO-003236,2026-01-22,M06,P04,Assembly mismatch,1,FAIL
QC-0009708,WO-003236,2026-01-22,M06,P04,Surface finish,0,PASS
QC-0009709,WO-003237,2026-01-23,M01,P01,Dimensional,2,FAIL
QC-0009710,WO-003237,2026-01-23,M01,P01,Assembly mismatch,0,PASS
QC-0009711,WO-003237,2026-01-23,M01,P01,Cosmetic,0,PASS
QC-0009712,WO-003238,2026-01-23,M01,P01,Dimensional,2,FAIL
QC-0009713,WO-003238,2026-01-23,M01,P01,Surface finish,3,FAIL
QC-0009714,WO-003238,2026-01-23,M01,P01,Material defect,1,FAIL
QC-0009715,WO-003239,2026-01-23,M02,P02,Dimensional,4,FAIL
QC-0009716,WO-003239,2026-01-23,M02,P02,Cosmetic,0,PASS
QC-0009717,WO-003239,2026-01-23,M02,P02,Surface finish,1,FAIL
QC-0009718,WO-003240,2026-01-23,M02,P05,Dimensional,6,FAIL
QC-0009719,WO-003240,2026-01-23,M02,P05,Surface finish,3,FAIL
QC-0009720,WO-003240,2026-01-23,M02,P05,Material defect,1,FAIL
QC-0009721,WO-003241,2026-01-23,M03,P01,Surface finish,2,FAIL
QC-0009722,WO-003241,2026-01-23,M03,P01,Cosmetic,2,FAIL
QC-0009723,WO-003241,2026-01-23,M03,P01,Material defect,0,PASS
QC-0009724,WO-003242,2026-01-23,M03,P03,Weld porosity,3,FAIL
QC-0009725,WO-003242,2026-01-23,M03,P03,Assembly mismatch,2,FAIL
QC-0009726,WO-003242,2026-01-23,M03,P03,Cosmetic,0,PASS
QC-0009727,WO-003243,2026-01-23,M04,P03,Surface finish,4,FAIL
QC-0009728,WO-003243,2026-01-23,M04,P03,Weld porosity,1,FAIL
QC-0009729,WO-003243,2026-01-23,M04,P03,Dimensional,2,FAIL
QC-0009730,WO-003244,2026-01-23,M04,P06,Weld porosity,4,FAIL
QC-0009731,WO-003244,2026-01-23,M04,P06,Dimensional,1,FAIL
QC-0009732,WO-003244,2026-01-23,M04,P06,Cosmetic,0,PASS
QC-0009733,WO-003245,2026-01-23,M05,P01,Dimensional,2,FAIL
QC-0009734,WO-003245,2026-01-23,M05,P01,Weld porosity,1,FAIL
QC-0009735,WO-003245,2026-01-23,M05,P01,Assembly mismatch,1,FAIL
QC-0009736,WO-003246,2026-01-23,M05,P04,Material defect,2,FAIL
QC-0009737,WO-003246,2026-01-23,M05,P04,Dimensional,3,FAIL
QC-0009738,WO-003246,2026-01-23,M05,P04,Cosmetic,0,PASS
QC-0009739,WO-003247,2026-01-23,M06,P04,Material defect,4,FAIL
QC-0009740,WO-003247,2026-01-23,M06,P04,Surface finish,1,FAIL
QC-0009741,WO-003247,2026-01-23,M06,P04,Weld porosity,1,FAIL
QC-0009742,WO-003248,2026-01-23,M06,P01,Material defect,3,FAIL
QC-0009743,WO-003248,2026-01-23,M06,P01,Dimensional,2,FAIL
QC-0009744,WO-003248,2026-01-23,M06,P01,Surface finish,0,PASS
QC-0009745,WO-003249,2026-01-26,M01,P01,Weld porosity,2,FAIL
QC-0009746,WO-003249,2026-01-26,M01,P01,Assembly mismatch,1,FAIL
QC-0009747,WO-003249,2026-01-26,M01,P01,Dimensional,1,FAIL
QC-0009748,WO-003250,2026-01-26,M01,P01,Weld porosity,1,FAIL
QC-0009749,WO-003250,2026-01-26,M01,P01,Dimensional,4,FAIL
QC-0009750,WO-003250,2026-01-26,M01,P01,Assembly mismatch,0,PASS
QC-0009751,WO-003251,2026-01-26,M02,P05,Assembly mismatch,5,FAIL
QC-0009752,WO-003251,2026-01-26,M02,P05,Dimensional,3,FAIL
QC-0009753,WO-003251,2026-01-26,M02,P05,Cosmetic,3,FAIL
QC-0009754,WO-003252,2026-01-26,M02,P02,Weld porosity,5,FAIL
QC-0009755,WO-003252,2026-01-26,M02,P02,Cosmetic,2,FAIL
QC-0009756,WO-003252,2026-01-26,M02,P02,Surface finish,1,FAIL
QC-0009757,WO-003253,2026-01-26,M03,P03,Dimensional,4,FAIL
QC-0009758,WO-003253,2026-01-26,M03,P03,Assembly mismatch,2,FAIL
QC-0009759,WO-003253,2026-01-26,M03,P03,Material defect,0,PASS
QC-0009760,WO-003254,2026-01-26,M03,P05,Weld porosity,4,FAIL
QC-0009761,WO-003254,2026-01-26,M03,P05,Dimensional,2,FAIL
QC-0009762,WO-003254,2026-01-26,M03,P05,Material defect,4,FAIL
QC-0009763,WO-003255,2026-01-26,M04,P03,Weld porosity,4,FAIL
QC-0009764,WO-003255,2026-01-26,M04,P03,Dimensional,3,FAIL
QC-0009765,WO-003255,2026-01-26,M04,P03,Surface finish,2,FAIL
QC-0009766,WO-003256,2026-01-26,M04,P04,Weld porosity,6,FAIL
QC-0009767,WO-003256,2026-01-26,M04,P04,Material defect,1,FAIL
QC-0009768,WO-003256,2026-01-26,M04,P04,Dimensional,0,PASS
QC-0009769,WO-003257,2026-01-26,M05,P06,Weld porosity,3,FAIL
QC-0009770,WO-003257,2026-01-26,M05,P06,Assembly mismatch,2,FAIL
QC-0009771,WO-003257,2026-01-26,M05,P06,Surface finish,1,FAIL
QC-0009772,WO-003258,2026-01-26,M05,P06,Dimensional,2,FAIL
QC-0009773,WO-003258,2026-01-26,M05,P06,Surface finish,2,FAIL
QC-0009774,WO-003258,2026-01-26,M05,P06,Cosmetic,2,FAIL
QC-0009775,WO-003259,2026-01-26,M06,P01,Assembly mismatch,5,FAIL
QC-0009776,WO-003259,2026-01-26,M06,P01,Weld porosity,2,FAIL
QC-0009777,WO-003259,2026-01-26,M06,P01,Material defect,0,PASS
QC-0009778,WO-003260,2026-01-26,M06,P04,Dimensional,5,FAIL
QC-0009779,WO-003260,2026-01-26,M06,P04,Assembly mismatch,0,PASS
QC-0009780,WO-003260,2026-01-26,M06,P04,Surface finish,0,PASS
QC-0009781,WO-003261,2026-01-27,M01,P03,Surface finish,4,FAIL
QC-0009782,WO-003261,2026-01-27,M01,P03,Assembly mismatch,0,PASS
QC-0009783,WO-003261,2026-01-27,M01,P03,Dimensional,1,FAIL
QC-0009784,WO-003262,2026-01-27,M02,P02,Weld porosity,2,FAIL
QC-0009785,WO-003262,2026-01-27,M02,P02,Material defect,1,FAIL
QC-0009786,WO-003262,2026-01-27,M02,P02,Dimensional,1,FAIL
QC-0009787,WO-003263,2026-01-27,M02,P05,Weld porosity,6,FAIL
QC-0009788,WO-003263,2026-01-27,M02,P05,Dimensional,3,FAIL
QC-0009789,WO-003263,2026-01-27,M02,P05,Surface finish,1,FAIL
QC-0009790,WO-003264,2026-01-27,M03,P01,Weld porosity,4,FAIL
QC-0009791,WO-003264,2026-01-27,M03,P01,Assembly mismatch,2,FAIL
QC-0009792,WO-003264,2026-01-27,M03,P01,Cosmetic,2,FAIL
QC-0009793,WO-003265,2026-01-27,M03,P05,Surface finish,6,FAIL
QC-0009794,WO-003265,2026-01-27,M03,P05,Material defect,1,FAIL
QC-0009795,WO-003265,2026-01-27,M03,P05,Dimensional,3,FAIL
QC-0009796,WO-003266,2026-01-27,M04,P03,Weld porosity,7,FAIL
QC-0009797,WO-003266,2026-01-27,M04,P03,Cosmetic,3,FAIL
QC-0009798,WO-003266,2026-01-27,M04,P03,Surface finish,2,FAIL
QC-0009799,WO-003267,2026-01-27,M04,P06,Material defect,4,FAIL
QC-0009800,WO-003267,2026-01-27,M04,P06,Surface finish,2,FAIL
QC-0009801,WO-003267,2026-01-27,M04,P06,Weld porosity,1,FAIL
QC-0009802,WO-003268,2026-01-27,M05,P06,Weld porosity,4,FAIL
QC-0009803,WO-003268,2026-01-27,M05,P06,Material defect,1,FAIL
QC-0009804,WO-003268,2026-01-27,M05,P06,Dimensional,1,FAIL
QC-0009805,WO-003269,2026-01-27,M05,P01,Material defect,7,FAIL
QC-0009806,WO-003269,2026-01-27,M05,P01,Cosmetic,1,FAIL
QC-0009807,WO-003269,2026-01-27,M05,P01,Assembly mismatch,0,PASS
QC-0009808,WO-003270,2026-01-27,M06,P01,Cosmetic,4,FAIL
QC-0009809,WO-003270,2026-01-27,M06,P01,Weld porosity,0,PASS
QC-0009810,WO-003270,2026-01-27,M06,P01,Dimensional,2,FAIL
QC-0009811,WO-003271,2026-01-27,M06,P04,Cosmetic,3,FAIL
QC-0009812,WO-003271,2026-01-27,M06,P04,Surface finish,1,FAIL
QC-0009813,WO-003271,2026-01-27,M06,P04,Assembly mismatch,1,FAIL
QC-0009814,WO-003272,2026-01-28,M01,P01,Material defect,3,FAIL
QC-0009815,WO-003272,2026-01-28,M01,P01,Assembly mismatch,2,FAIL
QC-0009816,WO-003272,2026-01-28,M01,P01,Weld porosity,0,PASS
QC-0009817,WO-003273,2026-01-28,M01,P03,Dimensional,4,FAIL
QC-0009818,WO-003273,2026-01-28,M01,P03,Cosmetic,1,FAIL
QC-0009819,WO-003273,2026-01-28,M01,P03,Surface finish,2,FAIL
QC-0009820,WO-003274,2026-01-28,M02,P01,Cosmetic,2,FAIL
QC-0009821,WO-003274,2026-01-28,M02,P01,Weld porosity,2,FAIL
QC-0009822,WO-003274,2026-01-28,M02,P01,Material defect,1,FAIL
QC-0009823,WO-003275,2026-01-28,M02,P05,Cosmetic,8,FAIL
QC-0009824,WO-003275,2026-01-28,M02,P05,Surface finish,1,FAIL
QC-0009825,WO-003275,2026-01-28,M02,P05,Dimensional,0,PASS
QC-0009826,WO-003276,2026-01-28,M03,P05,Dimensional,6,FAIL
QC-0009827,WO-003276,2026-01-28,M03,P05,Cosmetic,2,FAIL
QC-0009828,WO-003276,2026-01-28,M03,P05,Material defect,2,FAIL
QC-0009829,WO-003277,2026-01-28,M03,P01,Weld porosity,4,FAIL
QC-0009830,WO-003277,2026-01-28,M03,P01,Dimensional,0,PASS
QC-0009831,WO-003277,2026-01-28,M03,P01,Cosmetic,2,FAIL
QC-0009832,WO-003278,2026-01-28,M04,P04,Weld porosity,2,FAIL
QC-0009833,WO-003278,2026-01-28,M04,P04,Assembly mismatch,1,FAIL
QC-0009834,WO-003278,2026-01-28,M04,P04,Surface finish,1,FAIL
QC-0009835,WO-003279,2026-01-28,M04,P03,Cosmetic,4,FAIL
QC-0009836,WO-003279,2026-01-28,M04,P03,Surface finish,2,FAIL
QC-0009837,WO-003279,2026-01-28,M04,P03,Weld porosity,1,FAIL
QC-0009838,WO-003280,2026-01-28,M05,P05,Assembly mismatch,5,FAIL
QC-0009839,WO-003280,2026-01-28,M05,P05,Material defect,1,FAIL
QC-0009840,WO-003280,2026-01-28,M05,P05,Dimensional,1,FAIL
QC-0009841,WO-003281,2026-01-28,M05,P01,Weld porosity,4,FAIL
QC-0009842,WO-003281,2026-01-28,M05,P01,Dimensional,1,FAIL
QC-0009843,WO-003281,2026-01-28,M05,P01,Cosmetic,0,PASS
QC-0009844,WO-003282,2026-01-28,M06,P04,Surface finish,3,FAIL
QC-0009845,WO-003282,2026-01-28,M06,P04,Assembly mismatch,1,FAIL
QC-0009846,WO-003282,2026-01-28,M06,P04,Weld porosity,1,FAIL
QC-0009847,WO-003283,2026-01-28,M06,P05,Assembly mismatch,6,FAIL
QC-0009848,WO-003283,2026-01-28,M06,P05,Cosmetic,3,FAIL
QC-0009849,WO-003283,2026-01-28,M06,P05,Material defect,3,FAIL
QC-0009850,WO-003284,2026-01-29,M01,P02,Dimensional,2,FAIL
QC-0009851,WO-003284,2026-01-29,M01,P02,Assembly mismatch,1,FAIL
QC-0009852,WO-003284,2026-01-29,M01,P02,Surface finish,1,FAIL
QC-0009853,WO-003285,2026-01-29,M01,P02,Material defect,4,FAIL
QC-0009854,WO-003285,2026-01-29,M01,P02,Surface finish,2,FAIL
QC-0009855,WO-003285,2026-01-29,M01,P02,Assembly mismatch,0,PASS
QC-0009856,WO-003286,2026-01-29,M02,P02,Surface finish,3,FAIL
QC-0009857,WO-003286,2026-01-29,M02,P02,Weld porosity,1,FAIL
QC-0009858,WO-003286,2026-01-29,M02,P02,Dimensional,1,FAIL
QC-0009859,WO-003287,2026-01-29,M02,P02,Material defect,5,FAIL
QC-0009860,WO-003287,2026-01-29,M02,P02,Surface finish,0,PASS
QC-0009861,WO-003287,2026-01-29,M02,P02,Cosmetic,1,FAIL
QC-0009862,WO-003288,2026-01-29,M03,P01,Material defect,4,FAIL
QC-0009863,WO-003288,2026-01-29,M03,P01,Assembly mismatch,1,FAIL
QC-0009864,WO-003288,2026-01-29,M03,P01,Surface finish,0,PASS
QC-0009865,WO-003289,2026-01-29,M03,P01,Surface finish,3,FAIL
QC-0009866,WO-003289,2026-01-29,M03,P01,Assembly mismatch,2,FAIL
QC-0009867,WO-003289,2026-01-29,M03,P01,Dimensional,0,PASS
QC-0009868,WO-003290,2026-01-29,M04,P03,Weld porosity,2,FAIL
QC-0009869,WO-003290,2026-01-29,M04,P03,Assembly mismatch,5,FAIL
QC-0009870,WO-003290,2026-01-29,M04,P03,Material defect,0,PASS
QC-0009871,WO-003291,2026-01-29,M04,P04,Weld porosity,5,FAIL
QC-0009872,WO-003291,2026-01-29,M04,P04,Assembly mismatch,0,PASS
QC-0009873,WO-003291,2026-01-29,M04,P04,Material defect,0,PASS
QC-0009874,WO-003292,2026-01-29,M05,P05,Material defect,5,FAIL
QC-0009875,WO-003292,2026-01-29,M05,P05,Dimensional,2,FAIL
QC-0009876,WO-003292,2026-01-29,M05,P05,Weld porosity,0,PASS
QC-0009877,WO-003293,2026-01-29,M05,P05,Assembly mismatch,8,FAIL
QC-0009878,WO-003293,2026-01-29,M05,P05,Surface finish,1,FAIL
QC-0009879,WO-003293,2026-01-29,M05,P05,Cosmetic,2,FAIL
QC-0009880,WO-003294,2026-01-29,M06,P01,Cosmetic,3,FAIL
QC-0009881,WO-003294,2026-01-29,M06,P01,Material defect,1,FAIL
QC-0009882,WO-003294,2026-01-29,M06,P01,Assembly mismatch,0,PASS
QC-0009883,WO-003295,2026-01-29,M06,P05,Assembly mismatch,5,FAIL
QC-0009884,WO-003295,2026-01-29,M06,P05,Dimensional,2,FAIL
QC-0009885,WO-003295,2026-01-29,M06,P05,Surface finish,2,FAIL
QC-0009886,WO-003296,2026-01-30,M01,P02,Assembly mismatch,3,FAIL
QC-0009887,WO-003296,2026-01-30,M01,P02,Surface finish,1,FAIL
QC-0009888,WO-003296,2026-01-30,M01,P02,Weld porosity,1,FAIL
QC-0009889,WO-003297,2026-01-30,M01,P01,Material defect,3,FAIL
QC-0009890,WO-003297,2026-01-30,M01,P01,Cosmetic,1,FAIL
QC-0009891,WO-003297,2026-01-30,M01,P01,Weld porosity,1,FAIL
QC-0009892,WO-003298,2026-01-30,M02,P01,Cosmetic,5,FAIL
QC-0009893,WO-003298,2026-01-30,M02,P01,Material defect,1,FAIL
QC-0009894,WO-003298,2026-01-30,M02,P01,Dimensional,0,PASS
QC-0009895,WO-003299,2026-01-30,M02,P01,Assembly mismatch,3,FAIL
QC-0009896,WO-003299,2026-01-30,M02,P01,Material defect,1,FAIL
QC-0009897,WO-003299,2026-01-30,M02,P01,Surface finish,3,FAIL
QC-0009898,WO-003300,2026-01-30,M03,P01,Material defect,2,FAIL
QC-0009899,WO-003300,2026-01-30,M03,P01,Surface finish,1,FAIL
QC-0009900,WO-003300,2026-01-30,M03,P01,Assembly mismatch,0,PASS
QC-0009901,WO-003301,2026-01-30,M03,P05,Cosmetic,4,FAIL
QC-0009902,WO-003301,2026-01-30,M03,P05,Dimensional,6,FAIL
QC-0009903,WO-003301,2026-01-30,M03,P05,Surface finish,1,FAIL
QC-0009904,WO-003302,2026-01-30,M04,P04,Weld porosity,5,FAIL
QC-0009905,WO-003302,2026-01-30,M04,P04,Dimensional,1,FAIL
QC-0009906,WO-003302,2026-01-30,M04,P04,Material defect,0,PASS
QC-0009907,WO-003303,2026-01-30,M04,P04,Dimensional,2,FAIL
QC-0009908,WO-003303,2026-01-30,M04,P04,Material defect,3,FAIL
QC-0009909,WO-003303,2026-01-30,M04,P04,Weld porosity,1,FAIL
QC-0009910,WO-003304,2026-01-30,M05,P06,Material defect,3,FAIL
QC-0009911,WO-003304,2026-01-30,M05,P06,Dimensional,0,PASS
QC-0009912,WO-003304,2026-01-30,M05,P06,Assembly mismatch,2,FAIL
QC-0009913,WO-003305,2026-01-30,M05,P04,Cosmetic,1,FAIL
QC-0009914,WO-003305,2026-01-30,M05,P04,Surface finish,3,FAIL
QC-0009915,WO-003305,2026-01-30,M05,P04,Assembly mismatch,0,PASS
QC-0009916,WO-003306,2026-01-30,M06,P06,Material defect,4,FAIL
QC-0009917,WO-003306,2026-01-30,M06,P06,Assembly mismatch,2,FAIL
QC-0009918,WO-003306,2026-01-30,M06,P06,Cosmetic,1,FAIL
QC-0009919,WO-003307,2026-01-30,M06,P01,Assembly mismatch,3,FAIL
QC-0009920,WO-003307,2026-01-30,M06,P01,Material defect,2,FAIL
QC-0009921,WO-003307,2026-01-30,M06,P01,Weld porosity,1,FAIL
QC-0009922,WO-003308,2026-02-02,M01,P01,Cosmetic,2,FAIL
QC-0009923,WO-003308,2026-02-02,M01,P01,Weld porosity,4,FAIL
QC-0009924,WO-003308,2026-02-02,M01,P01,Material defect,0,PASS
QC-0009925,WO-003309,2026-02-02,M01,P01,Weld porosity,2,FAIL
QC-0009926,WO-003309,2026-02-02,M01,P01,Assembly mismatch,0,PASS
QC-0009927,WO-003309,2026-02-02,M01,P01,Surface finish,1,FAIL
QC-0009928,WO-003310,2026-02-02,M02,P05,Surface finish,6,FAIL
QC-0009929,WO-003310,2026-02-02,M02,P05,Weld porosity,4,FAIL
QC-0009930,WO-003310,2026-02-02,M02,P05,Dimensional,0,PASS
QC-0009931,WO-003311,2026-02-02,M02,P05,Weld porosity,8,FAIL
QC-0009932,WO-003311,2026-02-02,M02,P05,Assembly mismatch,2,FAIL
QC-0009933,WO-003311,2026-02-02,M02,P05,Cosmetic,0,PASS
QC-0009934,WO-003312,2026-02-02,M03,P01,Cosmetic,3,FAIL
QC-0009935,WO-003312,2026-02-02,M03,P01,Material defect,3,FAIL
QC-0009936,WO-003312,2026-02-02,M03,P01,Surface finish,0,PASS
QC-0009937,WO-003313,2026-02-02,M03,P03,Weld porosity,3,FAIL
QC-0009938,WO-003313,2026-02-02,M03,P03,Assembly mismatch,1,FAIL
QC-0009939,WO-003313,2026-02-02,M03,P03,Material defect,4,FAIL
QC-0009940,WO-003314,2026-02-02,M04,P03,Weld porosity,9,FAIL
QC-0009941,WO-003314,2026-02-02,M04,P03,Dimensional,1,FAIL
QC-0009942,WO-003314,2026-02-02,M04,P03,Assembly mismatch,0,PASS
QC-0009943,WO-003315,2026-02-02,M04,P03,Weld porosity,5,FAIL
QC-0009944,WO-003315,2026-02-02,M04,P03,Cosmetic,3,FAIL
QC-0009945,WO-003315,2026-02-02,M04,P03,Material defect,2,FAIL
QC-0009946,WO-003316,2026-02-02,M05,P06,Material defect,3,FAIL
QC-0009947,WO-003316,2026-02-02,M05,P06,Surface finish,1,FAIL
QC-0009948,WO-003316,2026-02-02,M05,P06,Assembly mismatch,0,PASS
QC-0009949,WO-003317,2026-02-02,M05,P05,Surface finish,5,FAIL
QC-0009950,WO-003317,2026-02-02,M05,P05,Weld porosity,2,FAIL
QC-0009951,WO-003317,2026-02-02,M05,P05,Dimensional,2,FAIL
QC-0009952,WO-003318,2026-02-02,M06,P01,Cosmetic,3,FAIL
QC-0009953,WO-003318,2026-02-02,M06,P01,Surface finish,0,PASS
QC-0009954,WO-003318,2026-02-02,M06,P01,Material defect,2,FAIL
QC-0009955,WO-003319,2026-02-02,M06,P01,Dimensional,5,FAIL
QC-0009956,WO-003319,2026-02-02,M06,P01,Material defect,0,PASS
QC-0009957,WO-003319,2026-02-02,M06,P01,Weld porosity,2,FAIL
QC-0009958,WO-003320,2026-02-03,M01,P03,Weld porosity,4,FAIL
QC-0009959,WO-003320,2026-02-03,M01,P03,Cosmetic,2,FAIL
QC-0009960,WO-003320,2026-02-03,M01,P03,Dimensional,1,FAIL
QC-0009961,WO-003321,2026-02-03,M01,P02,Weld porosity,2,FAIL
QC-0009962,WO-003321,2026-02-03,M01,P02,Assembly mismatch,3,FAIL
QC-0009963,WO-003321,2026-02-03,M01,P02,Surface finish,0,PASS
QC-0009964,WO-003322,2026-02-03,M02,P01,Cosmetic,3,FAIL
QC-0009965,WO-003322,2026-02-03,M02,P01,Material defect,0,PASS
QC-0009966,WO-003322,2026-02-03,M02,P01,Surface finish,1,FAIL
QC-0009967,WO-003323,2026-02-03,M02,P02,Dimensional,4,FAIL
QC-0009968,WO-003323,2026-02-03,M02,P02,Weld porosity,0,PASS
QC-0009969,WO-003323,2026-02-03,M02,P02,Surface finish,2,FAIL
QC-0009970,WO-003324,2026-02-03,M03,P03,Dimensional,3,FAIL
QC-0009971,WO-003324,2026-02-03,M03,P03,Cosmetic,1,FAIL
QC-0009972,WO-003324,2026-02-03,M03,P03,Weld porosity,3,FAIL
QC-0009973,WO-003325,2026-02-03,M03,P05,Cosmetic,6,FAIL
QC-0009974,WO-003325,2026-02-03,M03,P05,Material defect,5,FAIL
QC-0009975,WO-003325,2026-02-03,M03,P05,Surface finish,0,PASS
QC-0009976,WO-003326,2026-02-03,M04,P03,Weld porosity,5,FAIL
QC-0009977,WO-003326,2026-02-03,M04,P03,Surface finish,3,FAIL
QC-0009978,WO-003326,2026-02-03,M04,P03,Dimensional,2,FAIL
QC-0009979,WO-003327,2026-02-03,M04,P04,Weld porosity,5,FAIL
QC-0009980,WO-003327,2026-02-03,M04,P04,Material defect,1,FAIL
QC-0009981,WO-003327,2026-02-03,M04,P04,Surface finish,0,PASS
QC-0009982,WO-003328,2026-02-03,M05,P01,Assembly mismatch,1,FAIL
QC-0009983,WO-003328,2026-02-03,M05,P01,Material defect,2,FAIL
QC-0009984,WO-003328,2026-02-03,M05,P01,Cosmetic,1,FAIL
QC-0009985,WO-003329,2026-02-03,M05,P05,Surface finish,8,FAIL
QC-0009986,WO-003329,2026-02-03,M05,P05,Material defect,3,FAIL
QC-0009987,WO-003329,2026-02-03,M05,P05,Dimensional,2,FAIL
QC-0009988,WO-003330,2026-02-03,M06,P01,Material defect,2,FAIL
QC-0009989,WO-003330,2026-02-03,M06,P01,Weld porosity,1,FAIL
QC-0009990,WO-003330,2026-02-03,M06,P01,Cosmetic,1,FAIL
QC-0009991,WO-003331,2026-02-04,M01,P02,Assembly mismatch,4,FAIL
QC-0009992,WO-003331,2026-02-04,M01,P02,Material defect,1,FAIL
QC-0009993,WO-003331,2026-02-04,M01,P02,Cosmetic,1,FAIL
QC-0009994,WO-003332,2026-02-04,M01,P03,Weld porosity,7,FAIL
QC-0009995,WO-003332,2026-02-04,M01,P03,Cosmetic,3,FAIL
QC-0009996,WO-003332,2026-02-04,M01,P03,Surface finish,0,PASS
QC-0009997,WO-003333,2026-02-04,M02,P01,Surface finish,2,FAIL
QC-0009998,WO-003333,2026-02-04,M02,P01,Material defect,1,FAIL
QC-0009999,WO-003333,2026-02-04,M02,P01,Assembly mismatch,1,FAIL
QC-0010000,WO-003334,2026-02-04,M02,P05,Surface finish,3,FAIL
QC-0010001,WO-003334,2026-02-04,M02,P05,Cosmetic,3,FAIL
QC-0010002,WO-003334,2026-02-04,M02,P05,Material defect,3,FAIL
QC-0010003,WO-003335,2026-02-04,M03,P01,Surface finish,3,FAIL
QC-0010004,WO-003335,2026-02-04,M03,P01,Dimensional,1,FAIL
QC-0010005,WO-003335,2026-02-04,M03,P01,Assembly mismatch,0,PASS
QC-0010006,WO-003336,2026-02-04,M03,P01,Assembly mismatch,3,FAIL
QC-0010007,WO-003336,2026-02-04,M03,P01,Surface finish,3,FAIL
QC-0010008,WO-003336,2026-02-04,M03,P01,Cosmetic,1,FAIL
QC-0010009,WO-003337,2026-02-04,M04,P04,Weld porosity,4,FAIL
QC-0010010,WO-003337,2026-02-04,M04,P04,Cosmetic,1,FAIL
QC-0010011,WO-003337,2026-02-04,M04,P04,Material defect,1,FAIL
QC-0010012,WO-003338,2026-02-04,M04,P03,Weld porosity,5,FAIL
QC-0010013,WO-003338,2026-02-04,M04,P03,Material defect,1,FAIL
QC-0010014,WO-003338,2026-02-04,M04,P03,Cosmetic,4,FAIL
QC-0010015,WO-003339,2026-02-04,M05,P01,Material defect,4,FAIL
QC-0010016,WO-003339,2026-02-04,M05,P01,Weld porosity,0,PASS
QC-0010017,WO-003339,2026-02-04,M05,P01,Assembly mismatch,1,FAIL
QC-0010018,WO-003340,2026-02-04,M05,P05,Surface finish,6,FAIL
QC-0010019,WO-003340,2026-02-04,M05,P05,Cosmetic,2,FAIL
QC-0010020,WO-003340,2026-02-04,M05,P05,Material defect,1,FAIL
QC-0010021,WO-003341,2026-02-04,M06,P06,Dimensional,3,FAIL
QC-0010022,WO-003341,2026-02-04,M06,P06,Cosmetic,2,FAIL
QC-0010023,WO-003341,2026-02-04,M06,P06,Surface finish,2,FAIL
QC-0010024,WO-003342,2026-02-04,M06,P06,Material defect,4,FAIL
QC-0010025,WO-003342,2026-02-04,M06,P06,Assembly mismatch,1,FAIL
QC-0010026,WO-003342,2026-02-04,M06,P06,Dimensional,1,FAIL
QC-0010027,WO-003343,2026-02-05,M01,P02,Surface finish,3,FAIL
QC-0010028,WO-003343,2026-02-05,M01,P02,Assembly mismatch,1,FAIL
QC-0010029,WO-003343,2026-02-05,M01,P02,Material defect,1,FAIL
QC-0010030,WO-003344,2026-02-05,M01,P02,Material defect,5,FAIL
QC-0010031,WO-003344,2026-02-05,M01,P02,Surface finish,2,FAIL
QC-0010032,WO-003344,2026-02-05,M01,P02,Weld porosity,1,FAIL
QC-0010033,WO-003345,2026-02-05,M02,P02,Dimensional,4,FAIL
QC-0010034,WO-003345,2026-02-05,M02,P02,Material defect,1,FAIL
QC-0010035,WO-003345,2026-02-05,M02,P02,Weld porosity,1,FAIL
QC-0010036,WO-003346,2026-02-05,M02,P05,Dimensional,7,FAIL
QC-0010037,WO-003346,2026-02-05,M02,P05,Surface finish,3,FAIL
QC-0010038,WO-003346,2026-02-05,M02,P05,Assembly mismatch,0,PASS
QC-0010039,WO-003347,2026-02-05,M03,P01,Assembly mismatch,5,FAIL
QC-0010040,WO-003347,2026-02-05,M03,P01,Dimensional,0,PASS
QC-0010041,WO-003347,2026-02-05,M03,P01,Weld porosity,0,PASS
QC-0010042,WO-003348,2026-02-05,M04,P04,Weld porosity,4,FAIL
QC-0010043,WO-003348,2026-02-05,M04,P04,Dimensional,2,FAIL
QC-0010044,WO-003348,2026-02-05,M04,P04,Assembly mismatch,0,PASS
QC-0010045,WO-003349,2026-02-05,M04,P04,Cosmetic,6,FAIL
QC-0010046,WO-003349,2026-02-05,M04,P04,Weld porosity,0,PASS
QC-0010047,WO-003349,2026-02-05,M04,P04,Surface finish,0,PASS
QC-0010048,WO-003350,2026-02-05,M05,P05,Assembly mismatch,3,FAIL
QC-0010049,WO-003350,2026-02-05,M05,P05,Surface finish,4,FAIL
QC-0010050,WO-003350,2026-02-05,M05,P05,Dimensional,4,FAIL
QC-0010051,WO-003351,2026-02-05,M05,P01,Material defect,4,FAIL
QC-0010052,WO-003351,2026-02-05,M05,P01,Cosmetic,0,PASS
QC-0010053,WO-003351,2026-02-05,M05,P01,Dimensional,1,FAIL
QC-0010054,WO-003352,2026-02-05,M06,P06,Material defect,4,FAIL
QC-0010055,WO-003352,2026-02-05,M06,P06,Weld porosity,0,PASS
QC-0010056,WO-003352,2026-02-05,M06,P06,Cosmetic,1,FAIL
QC-0010057,WO-003353,2026-02-05,M06,P04,Dimensional,3,FAIL
QC-0010058,WO-003353,2026-02-05,M06,P04,Weld porosity,1,FAIL
QC-0010059,WO-003353,2026-02-05,M06,P04,Assembly mismatch,2,FAIL
QC-0010060,WO-003354,2026-02-06,M01,P02,Dimensional,3,FAIL
QC-0010061,WO-003354,2026-02-06,M01,P02,Surface finish,2,FAIL
QC-0010062,WO-003354,2026-02-06,M01,P02,Weld porosity,0,PASS
QC-0010063,WO-003355,2026-02-06,M01,P03,Cosmetic,6,FAIL
QC-0010064,WO-003355,2026-02-06,M01,P03,Assembly mismatch,2,FAIL
QC-0010065,WO-003355,2026-02-06,M01,P03,Weld porosity,2,FAIL
QC-0010066,WO-003356,2026-02-06,M02,P02,Weld porosity,4,FAIL
QC-0010067,WO-003356,2026-02-06,M02,P02,Assembly mismatch,1,FAIL
QC-0010068,WO-003356,2026-02-06,M02,P02,Surface finish,2,FAIL
QC-0010069,WO-003357,2026-02-06,M02,P05,Cosmetic,7,FAIL
QC-0010070,WO-003357,2026-02-06,M02,P05,Surface finish,2,FAIL
QC-0010071,WO-003357,2026-02-06,M02,P05,Material defect,2,FAIL
QC-0010072,WO-003358,2026-02-06,M03,P01,Cosmetic,4,FAIL
QC-0010073,WO-003358,2026-02-06,M03,P01,Assembly mismatch,1,FAIL
QC-0010074,WO-003358,2026-02-06,M03,P01,Material defect,0,PASS
QC-0010075,WO-003359,2026-02-06,M03,P03,Weld porosity,6,FAIL
QC-0010076,WO-003359,2026-02-06,M03,P03,Assembly mismatch,1,FAIL
QC-0010077,WO-003359,2026-02-06,M03,P03,Dimensional,1,FAIL
QC-0010078,WO-003360,2026-02-06,M04,P04,Assembly mismatch,4,FAIL
QC-0010079,WO-003360,2026-02-06,M04,P04,Dimensional,1,FAIL
QC-0010080,WO-003360,2026-02-06,M04,P04,Weld porosity,0,PASS
QC-0010081,WO-003361,2026-02-06,M04,P03,Weld porosity,4,FAIL
QC-0010082,WO-003361,2026-02-06,M04,P03,Cosmetic,6,FAIL
QC-0010083,WO-003361,2026-02-06,M04,P03,Surface finish,2,FAIL
QC-0010084,WO-003362,2026-02-06,M05,P05,Dimensional,4,FAIL
QC-0010085,WO-003362,2026-02-06,M05,P05,Material defect,3,FAIL
QC-0010086,WO-003362,2026-02-06,M05,P05,Weld porosity,1,FAIL
QC-0010087,WO-003363,2026-02-06,M06,P05,Assembly mismatch,6,FAIL
QC-0010088,WO-003363,2026-02-06,M06,P05,Weld porosity,2,FAIL
QC-0010089,WO-003363,2026-02-06,M06,P05,Surface finish,0,PASS
QC-0010090,WO-003364,2026-02-06,M06,P01,Assembly mismatch,4,FAIL
QC-0010091,WO-003364,2026-02-06,M06,P01,Cosmetic,2,FAIL
QC-0010092,WO-003364,2026-02-06,M06,P01,Material defect,0,PASS
QC-0010093,WO-003365,2026-02-09,M01,P02,Surface finish,7,FAIL
QC-0010094,WO-003365,2026-02-09,M01,P02,Cosmetic,0,PASS
QC-0010095,WO-003365,2026-02-09,M01,P02,Material defect,0,PASS
QC-0010096,WO-003366,2026-02-09,M01,P02,Surface finish,4,FAIL
QC-0010097,WO-003366,2026-02-09,M01,P02,Cosmetic,2,FAIL
QC-0010098,WO-003366,2026-02-09,M01,P02,Weld porosity,0,PASS
QC-0010099,WO-003367,2026-02-09,M02,P05,Surface finish,6,FAIL
QC-0010100,WO-003367,2026-02-09,M02,P05,Dimensional,2,FAIL
QC-0010101,WO-003367,2026-02-09,M02,P05,Cosmetic,1,FAIL
QC-0010102,WO-003368,2026-02-09,M02,P01,Weld porosity,2,FAIL
QC-0010103,WO-003368,2026-02-09,M02,P01,Assembly mismatch,1,FAIL
QC-0010104,WO-003368,2026-02-09,M02,P01,Cosmetic,1,FAIL
QC-0010105,WO-003369,2026-02-09,M03,P05,Material defect,5,FAIL
QC-0010106,WO-003369,2026-02-09,M03,P05,Surface finish,5,FAIL
QC-0010107,WO-003369,2026-02-09,M03,P05,Weld porosity,1,FAIL
QC-0010108,WO-003370,2026-02-09,M03,P05,Cosmetic,4,FAIL
QC-0010109,WO-003370,2026-02-09,M03,P05,Material defect,4,FAIL
QC-0010110,WO-003370,2026-02-09,M03,P05,Assembly mismatch,1,FAIL
QC-0010111,WO-003371,2026-02-09,M04,P06,Material defect,4,FAIL
QC-0010112,WO-003371,2026-02-09,M04,P06,Assembly mismatch,2,FAIL
QC-0010113,WO-003371,2026-02-09,M04,P06,Weld porosity,0,PASS
QC-0010114,WO-003372,2026-02-09,M04,P06,Weld porosity,6,FAIL
QC-0010115,WO-003372,2026-02-09,M04,P06,Cosmetic,0,PASS
QC-0010116,WO-003372,2026-02-09,M04,P06,Surface finish,1,FAIL
QC-0010117,WO-003373,2026-02-09,M05,P06,Assembly mismatch,3,FAIL
QC-0010118,WO-003373,2026-02-09,M05,P06,Surface finish,3,FAIL
QC-0010119,WO-003373,2026-02-09,M05,P06,Weld porosity,0,PASS
QC-0010120,WO-003374,2026-02-09,M05,P01,Weld porosity,5,FAIL
QC-0010121,WO-003374,2026-02-09,M05,P01,Dimensional,1,FAIL
QC-0010122,WO-003374,2026-02-09,M05,P01,Surface finish,1,FAIL
QC-0010123,WO-003375,2026-02-09,M06,P05,Dimensional,8,FAIL
QC-0010124,WO-003375,2026-02-09,M06,P05,Weld porosity,4,FAIL
QC-0010125,WO-003375,2026-02-09,M06,P05,Cosmetic,1,FAIL
QC-0010126,WO-003376,2026-02-09,M06,P04,Surface finish,2,FAIL
QC-0010127,WO-003376,2026-02-09,M06,P04,Material defect,1,FAIL
QC-0010128,WO-003376,2026-02-09,M06,P04,Cosmetic,0,PASS
QC-0010129,WO-003377,2026-02-10,M01,P02,Dimensional,2,FAIL
QC-0010130,WO-003377,2026-02-10,M01,P02,Weld porosity,1,FAIL
QC-0010131,WO-003377,2026-02-10,M01,P02,Assembly mismatch,1,FAIL
QC-0010132,WO-003378,2026-02-10,M01,P03,Assembly mismatch,5,FAIL
QC-0010133,WO-003378,2026-02-10,M01,P03,Weld porosity,0,PASS
QC-0010134,WO-003378,2026-02-10,M01,P03,Surface finish,2,FAIL
QC-0010135,WO-003379,2026-02-10,M02,P01,Cosmetic,2,FAIL
QC-0010136,WO-003379,2026-02-10,M02,P01,Dimensional,0,PASS
QC-0010137,WO-003379,2026-02-10,M02,P01,Surface finish,0,PASS
QC-0010138,WO-003380,2026-02-10,M02,P01,Material defect,3,FAIL
QC-0010139,WO-003380,2026-02-10,M02,P01,Surface finish,2,FAIL
QC-0010140,WO-003380,2026-02-10,M02,P01,Dimensional,0,PASS
QC-0010141,WO-003381,2026-02-10,M03,P05,Weld porosity,5,FAIL
QC-0010142,WO-003381,2026-02-10,M03,P05,Cosmetic,3,FAIL
QC-0010143,WO-003381,2026-02-10,M03,P05,Surface finish,2,FAIL
QC-0010144,WO-003382,2026-02-10,M03,P03,Surface finish,3,FAIL
QC-0010145,WO-003382,2026-02-10,M03,P03,Weld porosity,3,FAIL
QC-0010146,WO-003382,2026-02-10,M03,P03,Cosmetic,1,FAIL
QC-0010147,WO-003383,2026-02-10,M04,P03,Weld porosity,7,FAIL
QC-0010148,WO-003383,2026-02-10,M04,P03,Cosmetic,2,FAIL
QC-0010149,WO-003383,2026-02-10,M04,P03,Material defect,3,FAIL
QC-0010150,WO-003384,2026-02-10,M04,P06,Weld porosity,4,FAIL
QC-0010151,WO-003384,2026-02-10,M04,P06,Dimensional,1,FAIL
QC-0010152,WO-003384,2026-02-10,M04,P06,Assembly mismatch,1,FAIL
QC-0010153,WO-003385,2026-02-10,M05,P05,Material defect,5,FAIL
QC-0010154,WO-003385,2026-02-10,M05,P05,Dimensional,3,FAIL
QC-0010155,WO-003385,2026-02-10,M05,P05,Cosmetic,1,FAIL
QC-0010156,WO-003386,2026-02-10,M05,P06,Dimensional,4,FAIL
QC-0010157,WO-003386,2026-02-10,M05,P06,Material defect,2,FAIL
QC-0010158,WO-003386,2026-02-10,M05,P06,Surface finish,1,FAIL
QC-0010159,WO-003387,2026-02-10,M06,P01,Surface finish,2,FAIL
QC-0010160,WO-003387,2026-02-10,M06,P01,Material defect,1,FAIL
QC-0010161,WO-003387,2026-02-10,M06,P01,Dimensional,1,FAIL
QC-0010162,WO-003388,2026-02-10,M06,P06,Surface finish,5,FAIL
QC-0010163,WO-003388,2026-02-10,M06,P06,Assembly mismatch,1,FAIL
QC-0010164,WO-003388,2026-02-10,M06,P06,Cosmetic,1,FAIL
QC-0010165,WO-003389,2026-02-11,M01,P02,Material defect,3,FAIL
QC-0010166,WO-003389,2026-02-11,M01,P02,Surface finish,1,FAIL
QC-0010167,WO-003389,2026-02-11,M01,P02,Dimensional,1,FAIL
QC-0010168,WO-003390,2026-02-11,M01,P03,Dimensional,7,FAIL
QC-0010169,WO-003390,2026-02-11,M01,P03,Weld porosity,2,FAIL
QC-0010170,WO-003390,2026-02-11,M01,P03,Assembly mismatch,1,FAIL
QC-0010171,WO-003391,2026-02-11,M02,P02,Cosmetic,3,FAIL
QC-0010172,WO-003391,2026-02-11,M02,P02,Weld porosity,0,PASS
QC-0010173,WO-003391,2026-02-11,M02,P02,Assembly mismatch,2,FAIL
QC-0010174,WO-003392,2026-02-11,M02,P05,Surface finish,7,FAIL
QC-0010175,WO-003392,2026-02-11,M02,P05,Assembly mismatch,2,FAIL
QC-0010176,WO-003392,2026-02-11,M02,P05,Weld porosity,1,FAIL
QC-0010177,WO-003393,2026-02-11,M03,P03,Dimensional,7,FAIL
QC-0010178,WO-003393,2026-02-11,M03,P03,Surface finish,2,FAIL
QC-0010179,WO-003393,2026-02-11,M03,P03,Cosmetic,0,PASS
QC-0010180,WO-003394,2026-02-11,M03,P01,Surface finish,4,FAIL
QC-0010181,WO-003394,2026-02-11,M03,P01,Material defect,0,PASS
QC-0010182,WO-003394,2026-02-11,M03,P01,Cosmetic,1,FAIL
QC-0010183,WO-003395,2026-02-11,M04,P03,Weld porosity,2,FAIL
QC-0010184,WO-003395,2026-02-11,M04,P03,Surface finish,4,FAIL
QC-0010185,WO-003395,2026-02-11,M04,P03,Cosmetic,0,PASS
QC-0010186,WO-003396,2026-02-11,M04,P03,Material defect,8,FAIL
QC-0010187,WO-003396,2026-02-11,M04,P03,Weld porosity,3,FAIL
QC-0010188,WO-003396,2026-02-11,M04,P03,Surface finish,0,PASS
QC-0010189,WO-003397,2026-02-11,M05,P05,Weld porosity,5,FAIL
QC-0010190,WO-003397,2026-02-11,M05,P05,Assembly mismatch,3,FAIL
QC-0010191,WO-003397,2026-02-11,M05,P05,Cosmetic,0,PASS
QC-0010192,WO-003398,2026-02-11,M05,P04,Surface finish,1,FAIL
QC-0010193,WO-003398,2026-02-11,M05,P04,Weld porosity,2,FAIL
QC-0010194,WO-003398,2026-02-11,M05,P04,Assembly mismatch,1,FAIL
QC-0010195,WO-003399,2026-02-11,M06,P01,Assembly mismatch,5,FAIL
QC-0010196,WO-003399,2026-02-11,M06,P01,Cosmetic,2,FAIL
QC-0010197,WO-003399,2026-02-11,M06,P01,Dimensional,0,PASS
QC-0010198,WO-003400,2026-02-11,M06,P06,Cosmetic,3,FAIL
QC-0010199,WO-003400,2026-02-11,M06,P06,Weld porosity,2,FAIL
QC-0010200,WO-003400,2026-02-11,M06,P06,Material defect,2,FAIL
QC-0010201,WO-003401,2026-02-12,M01,P03,Assembly mismatch,8,FAIL
QC-0010202,WO-003401,2026-02-12,M01,P03,Weld porosity,0,PASS
QC-0010203,WO-003401,2026-02-12,M01,P03,Dimensional,3,FAIL
QC-0010204,WO-003402,2026-02-12,M01,P01,Weld porosity,3,FAIL
QC-0010205,WO-003402,2026-02-12,M01,P01,Dimensional,0,PASS
QC-0010206,WO-003402,2026-02-12,M01,P01,Assembly mismatch,2,FAIL
QC-0010207,WO-003403,2026-02-12,M02,P05,Surface finish,7,FAIL
QC-0010208,WO-003403,2026-02-12,M02,P05,Cosmetic,3,FAIL
QC-0010209,WO-003403,2026-02-12,M02,P05,Weld porosity,0,PASS
QC-0010210,WO-003404,2026-02-12,M02,P05,Cosmetic,7,FAIL
QC-0010211,WO-003404,2026-02-12,M02,P05,Material defect,0,PASS
QC-0010212,WO-003404,2026-02-12,M02,P05,Surface finish,1,FAIL
QC-0010213,WO-003405,2026-02-12,M03,P03,Weld porosity,2,FAIL
QC-0010214,WO-003405,2026-02-12,M03,P03,Surface finish,3,FAIL
QC-0010215,WO-003405,2026-02-12,M03,P03,Assembly mismatch,2,FAIL
QC-0010216,WO-003406,2026-02-12,M03,P05,Surface finish,6,FAIL
QC-0010217,WO-003406,2026-02-12,M03,P05,Cosmetic,4,FAIL
QC-0010218,WO-003406,2026-02-12,M03,P05,Weld porosity,0,PASS
QC-0010219,WO-003407,2026-02-12,M04,P03,Weld porosity,5,FAIL
QC-0010220,WO-003407,2026-02-12,M04,P03,Assembly mismatch,3,FAIL
QC-0010221,WO-003407,2026-02-12,M04,P03,Cosmetic,2,FAIL
QC-0010222,WO-003408,2026-02-12,M04,P03,Material defect,5,FAIL
QC-0010223,WO-003408,2026-02-12,M04,P03,Dimensional,1,FAIL
QC-0010224,WO-003408,2026-02-12,M04,P03,Weld porosity,3,FAIL
QC-0010225,WO-003409,2026-02-12,M05,P01,Cosmetic,5,FAIL
QC-0010226,WO-003409,2026-02-12,M05,P01,Assembly mismatch,0,PASS
QC-0010227,WO-003409,2026-02-12,M05,P01,Weld porosity,1,FAIL
QC-0010228,WO-003410,2026-02-12,M05,P06,Surface finish,3,FAIL
QC-0010229,WO-003410,2026-02-12,M05,P06,Material defect,3,FAIL
QC-0010230,WO-003410,2026-02-12,M05,P06,Weld porosity,0,PASS
QC-0010231,WO-003411,2026-02-12,M06,P04,Weld porosity,2,FAIL
QC-0010232,WO-003411,2026-02-12,M06,P04,Dimensional,2,FAIL
QC-0010233,WO-003411,2026-02-12,M06,P04,Assembly mismatch,0,PASS
QC-0010234,WO-003412,2026-02-13,M01,P01,Weld porosity,3,FAIL
QC-0010235,WO-003412,2026-02-13,M01,P01,Material defect,1,FAIL
QC-0010236,WO-003412,2026-02-13,M01,P01,Assembly mismatch,3,FAIL
QC-0010237,WO-003413,2026-02-13,M01,P03,Surface finish,4,FAIL
QC-0010238,WO-003413,2026-02-13,M01,P03,Material defect,2,FAIL
QC-0010239,WO-003413,2026-02-13,M01,P03,Weld porosity,1,FAIL
QC-0010240,WO-003414,2026-02-13,M02,P02,Dimensional,3,FAIL
QC-0010241,WO-003414,2026-02-13,M02,P02,Weld porosity,3,FAIL
QC-0010242,WO-003414,2026-02-13,M02,P02,Material defect,0,PASS
QC-0010243,WO-003415,2026-02-13,M02,P05,Cosmetic,7,FAIL
QC-0010244,WO-003415,2026-02-13,M02,P05,Assembly mismatch,2,FAIL
QC-0010245,WO-003415,2026-02-13,M02,P05,Dimensional,1,FAIL
QC-0010246,WO-003416,2026-02-13,M03,P03,Material defect,2,FAIL
QC-0010247,WO-003416,2026-02-13,M03,P03,Weld porosity,3,FAIL
QC-0010248,WO-003416,2026-02-13,M03,P03,Cosmetic,4,FAIL
QC-0010249,WO-003417,2026-02-13,M03,P01,Weld porosity,3,FAIL
QC-0010250,WO-003417,2026-02-13,M03,P01,Material defect,0,PASS
QC-0010251,WO-003417,2026-02-13,M03,P01,Cosmetic,0,PASS
QC-0010252,WO-003418,2026-02-13,M04,P06,Weld porosity,3,FAIL
QC-0010253,WO-003418,2026-02-13,M04,P06,Material defect,2,FAIL
QC-0010254,WO-003418,2026-02-13,M04,P06,Cosmetic,1,FAIL
QC-0010255,WO-003419,2026-02-13,M04,P03,Weld porosity,10,FAIL
QC-0010256,WO-003419,2026-02-13,M04,P03,Dimensional,1,FAIL
QC-0010257,WO-003419,2026-02-13,M04,P03,Surface finish,1,FAIL
QC-0010258,WO-003420,2026-02-13,M05,P04,Material defect,2,FAIL
QC-0010259,WO-003420,2026-02-13,M05,P04,Weld porosity,2,FAIL
QC-0010260,WO-003420,2026-02-13,M05,P04,Surface finish,0,PASS
QC-0010261,WO-003421,2026-02-13,M05,P06,Weld porosity,5,FAIL
QC-0010262,WO-003421,2026-02-13,M05,P06,Material defect,1,FAIL
QC-0010263,WO-003421,2026-02-13,M05,P06,Assembly mismatch,1,FAIL
QC-0010264,WO-003422,2026-02-13,M06,P05,Assembly mismatch,8,FAIL
QC-0010265,WO-003422,2026-02-13,M06,P05,Cosmetic,4,FAIL
QC-0010266,WO-003422,2026-02-13,M06,P05,Weld porosity,0,PASS
QC-0010267,WO-003423,2026-02-13,M06,P04,Material defect,2,FAIL
QC-0010268,WO-003423,2026-02-13,M06,P04,Surface finish,2,FAIL
QC-0010269,WO-003423,2026-02-13,M06,P04,Cosmetic,1,FAIL
QC-0010270,WO-003424,2026-02-16,M01,P02,Material defect,4,FAIL
QC-0010271,WO-003424,2026-02-16,M01,P02,Surface finish,2,FAIL
QC-0010272,WO-003424,2026-02-16,M01,P02,Assembly mismatch,0,PASS
QC-0010273,WO-003425,2026-02-16,M01,P02,Surface finish,2,FAIL
QC-0010274,WO-003425,2026-02-16,M01,P02,Cosmetic,3,FAIL
QC-0010275,WO-003425,2026-02-16,M01,P02,Material defect,0,PASS
QC-0010276,WO-003426,2026-02-16,M02,P05,Dimensional,5,FAIL
QC-0010277,WO-003426,2026-02-16,M02,P05,Material defect,3,FAIL
QC-0010278,WO-003426,2026-02-16,M02,P05,Cosmetic,1,FAIL
QC-0010279,WO-003427,2026-02-16,M02,P05,Material defect,5,FAIL
QC-0010280,WO-003427,2026-02-16,M02,P05,Dimensional,3,FAIL
QC-0010281,WO-003427,2026-02-16,M02,P05,Weld porosity,1,FAIL
QC-0010282,WO-003428,2026-02-16,M03,P05,Cosmetic,6,FAIL
QC-0010283,WO-003428,2026-02-16,M03,P05,Assembly mismatch,4,FAIL
QC-0010284,WO-003428,2026-02-16,M03,P05,Dimensional,2,FAIL
QC-0010285,WO-003429,2026-02-16,M03,P03,Material defect,5,FAIL
QC-0010286,WO-003429,2026-02-16,M03,P03,Dimensional,5,FAIL
QC-0010287,WO-003429,2026-02-16,M03,P03,Assembly mismatch,1,FAIL
QC-0010288,WO-003430,2026-02-16,M04,P03,Weld porosity,8,FAIL
QC-0010289,WO-003430,2026-02-16,M04,P03,Cosmetic,2,FAIL
QC-0010290,WO-003430,2026-02-16,M04,P03,Dimensional,1,FAIL
QC-0010291,WO-003431,2026-02-16,M04,P04,Weld porosity,4,FAIL
QC-0010292,WO-003431,2026-02-16,M04,P04,Dimensional,1,FAIL
QC-0010293,WO-003431,2026-02-16,M04,P04,Surface finish,0,PASS
QC-0010294,WO-003432,2026-02-16,M05,P06,Surface finish,1,FAIL
QC-0010295,WO-003432,2026-02-16,M05,P06,Material defect,4,FAIL
QC-0010296,WO-003432,2026-02-16,M05,P06,Dimensional,1,FAIL
QC-0010297,WO-003433,2026-02-16,M05,P04,Weld porosity,4,FAIL
QC-0010298,WO-003433,2026-02-16,M05,P04,Dimensional,1,FAIL
QC-0010299,WO-003433,2026-02-16,M05,P04,Cosmetic,0,PASS
QC-0010300,WO-003434,2026-02-16,M06,P05,Assembly mismatch,7,FAIL
QC-0010301,WO-003434,2026-02-16,M06,P05,Weld porosity,1,FAIL
QC-0010302,WO-003434,2026-02-16,M06,P05,Dimensional,3,FAIL
QC-0010303,WO-003435,2026-02-16,M06,P04,Cosmetic,3,FAIL
QC-0010304,WO-003435,2026-02-16,M06,P04,Dimensional,1,FAIL
QC-0010305,WO-003435,2026-02-16,M06,P04,Surface finish,1,FAIL
QC-0010306,WO-003436,2026-02-17,M01,P02,Assembly mismatch,0,PASS
QC-0010307,WO-003436,2026-02-17,M01,P02,Surface finish,3,FAIL
QC-0010308,WO-003436,2026-02-17,M01,P02,Weld porosity,3,FAIL
QC-0010309,WO-003437,2026-02-17,M01,P01,Cosmetic,2,FAIL
QC-0010310,WO-003437,2026-02-17,M01,P01,Assembly mismatch,2,FAIL
QC-0010311,WO-003437,2026-02-17,M01,P01,Surface finish,1,FAIL
QC-0010312,WO-003438,2026-02-17,M02,P02,Weld porosity,4,FAIL
QC-0010313,WO-003438,2026-02-17,M02,P02,Cosmetic,3,FAIL
QC-0010314,WO-003438,2026-02-17,M02,P02,Dimensional,0,PASS
QC-0010315,WO-003439,2026-02-17,M02,P02,Material defect,3,FAIL
QC-0010316,WO-003439,2026-02-17,M02,P02,Surface finish,2,FAIL
QC-0010317,WO-003439,2026-02-17,M02,P02,Assembly mismatch,1,FAIL
QC-0010318,WO-003440,2026-02-17,M03,P05,Surface finish,5,FAIL
QC-0010319,WO-003440,2026-02-17,M03,P05,Weld porosity,1,FAIL
QC-0010320,WO-003440,2026-02-17,M03,P05,Assembly mismatch,2,FAIL
QC-0010321,WO-003441,2026-02-17,M03,P05,Weld porosity,5,FAIL
QC-0010322,WO-003441,2026-02-17,M03,P05,Cosmetic,1,FAIL
QC-0010323,WO-003441,2026-02-17,M03,P05,Assembly mismatch,3,FAIL
QC-0010324,WO-003442,2026-02-17,M04,P06,Material defect,3,FAIL
QC-0010325,WO-003442,2026-02-17,M04,P06,Assembly mismatch,1,FAIL
QC-0010326,WO-003442,2026-02-17,M04,P06,Weld porosity,2,FAIL
QC-0010327,WO-003443,2026-02-17,M04,P03,Weld porosity,6,FAIL
QC-0010328,WO-003443,2026-02-17,M04,P03,Cosmetic,0,PASS
QC-0010329,WO-003443,2026-02-17,M04,P03,Material defect,2,FAIL
QC-0010330,WO-003444,2026-02-17,M05,P06,Material defect,3,FAIL
QC-0010331,WO-003444,2026-02-17,M05,P06,Cosmetic,0,PASS
QC-0010332,WO-003444,2026-02-17,M05,P06,Surface finish,2,FAIL
QC-0010333,WO-003445,2026-02-17,M05,P04,Material defect,3,FAIL
QC-0010334,WO-003445,2026-02-17,M05,P04,Weld porosity,1,FAIL
QC-0010335,WO-003445,2026-02-17,M05,P04,Assembly mismatch,1,FAIL
QC-0010336,WO-003446,2026-02-17,M06,P05,Material defect,6,FAIL
QC-0010337,WO-003446,2026-02-17,M06,P05,Weld porosity,1,FAIL
QC-0010338,WO-003446,2026-02-17,M06,P05,Assembly mismatch,1,FAIL
QC-0010339,WO-003447,2026-02-17,M06,P01,Material defect,6,FAIL
QC-0010340,WO-003447,2026-02-17,M06,P01,Surface finish,1,FAIL
QC-0010341,WO-003447,2026-02-17,M06,P01,Weld porosity,1,FAIL
QC-0010342,WO-003448,2026-02-18,M01,P03,Assembly mismatch,6,FAIL
QC-0010343,WO-003448,2026-02-18,M01,P03,Material defect,1,FAIL
QC-0010344,WO-003448,2026-02-18,M01,P03,Weld porosity,1,FAIL
QC-0010345,WO-003449,2026-02-18,M01,P03,Dimensional,1,FAIL
QC-0010346,WO-003449,2026-02-18,M01,P03,Cosmetic,4,FAIL
QC-0010347,WO-003449,2026-02-18,M01,P03,Material defect,1,FAIL
QC-0010348,WO-003450,2026-02-18,M02,P02,Dimensional,3,FAIL
QC-0010349,WO-003450,2026-02-18,M02,P02,Cosmetic,2,FAIL
QC-0010350,WO-003450,2026-02-18,M02,P02,Surface finish,0,PASS
QC-0010351,WO-003451,2026-02-18,M02,P05,Assembly mismatch,9,FAIL
QC-0010352,WO-003451,2026-02-18,M02,P05,Material defect,1,FAIL
QC-0010353,WO-003451,2026-02-18,M02,P05,Cosmetic,2,FAIL
QC-0010354,WO-003452,2026-02-18,M03,P01,Dimensional,4,FAIL
QC-0010355,WO-003452,2026-02-18,M03,P01,Cosmetic,0,PASS
QC-0010356,WO-003452,2026-02-18,M03,P01,Weld porosity,0,PASS
QC-0010357,WO-003453,2026-02-18,M03,P01,Weld porosity,2,FAIL
QC-0010358,WO-003453,2026-02-18,M03,P01,Cosmetic,3,FAIL
QC-0010359,WO-003453,2026-02-18,M03,P01,Assembly mismatch,1,FAIL
QC-0010360,WO-003454,2026-02-18,M04,P06,Cosmetic,3,FAIL
QC-0010361,WO-003454,2026-02-18,M04,P06,Dimensional,4,FAIL
QC-0010362,WO-003454,2026-02-18,M04,P06,Weld porosity,0,PASS
QC-0010363,WO-003455,2026-02-18,M05,P05,Material defect,4,FAIL
QC-0010364,WO-003455,2026-02-18,M05,P05,Surface finish,1,FAIL
QC-0010365,WO-003455,2026-02-18,M05,P05,Dimensional,2,FAIL
QC-0010366,WO-003456,2026-02-18,M05,P06,Cosmetic,3,FAIL
QC-0010367,WO-003456,2026-02-18,M05,P06,Dimensional,2,FAIL
QC-0010368,WO-003456,2026-02-18,M05,P06,Surface finish,1,FAIL
QC-0010369,WO-003457,2026-02-18,M06,P06,Surface finish,4,FAIL
QC-0010370,WO-003457,2026-02-18,M06,P06,Material defect,1,FAIL
QC-0010371,WO-003457,2026-02-18,M06,P06,Weld porosity,1,FAIL
QC-0010372,WO-003458,2026-02-18,M06,P01,Weld porosity,3,FAIL
QC-0010373,WO-003458,2026-02-18,M06,P01,Assembly mismatch,1,FAIL
QC-0010374,WO-003458,2026-02-18,M06,P01,Cosmetic,1,FAIL
QC-0010375,WO-003459,2026-02-19,M01,P03,Weld porosity,3,FAIL
QC-0010376,WO-003459,2026-02-19,M01,P03,Assembly mismatch,3,FAIL
QC-0010377,WO-003459,2026-02-19,M01,P03,Material defect,1,FAIL
QC-0010378,WO-003460,2026-02-19,M01,P03,Assembly mismatch,2,FAIL
QC-0010379,WO-003460,2026-02-19,M01,P03,Surface finish,1,FAIL
QC-0010380,WO-003460,2026-02-19,M01,P03,Cosmetic,1,FAIL
QC-0010381,WO-003461,2026-02-19,M02,P02,Material defect,3,FAIL
QC-0010382,WO-003461,2026-02-19,M02,P02,Surface finish,2,FAIL
QC-0010383,WO-003461,2026-02-19,M02,P02,Dimensional,0,PASS
QC-0010384,WO-003462,2026-02-19,M02,P02,Weld porosity,2,FAIL
QC-0010385,WO-003462,2026-02-19,M02,P02,Material defect,1,FAIL
QC-0010386,WO-003462,2026-02-19,M02,P02,Cosmetic,2,FAIL
QC-0010387,WO-003463,2026-02-19,M03,P03,Weld porosity,3,FAIL
QC-0010388,WO-003463,2026-02-19,M03,P03,Assembly mismatch,0,PASS
QC-0010389,WO-003463,2026-02-19,M03,P03,Surface finish,1,FAIL
QC-0010390,WO-003464,2026-02-19,M03,P01,Dimensional,2,FAIL
QC-0010391,WO-003464,2026-02-19,M03,P01,Assembly mismatch,1,FAIL
QC-0010392,WO-003464,2026-02-19,M03,P01,Cosmetic,1,FAIL
QC-0010393,WO-003465,2026-02-19,M04,P03,Cosmetic,4,FAIL
QC-0010394,WO-003465,2026-02-19,M04,P03,Assembly mismatch,3,FAIL
QC-0010395,WO-003465,2026-02-19,M04,P03,Weld porosity,4,FAIL
QC-0010396,WO-003466,2026-02-19,M04,P04,Material defect,7,FAIL
QC-0010397,WO-003466,2026-02-19,M04,P04,Surface finish,0,PASS
QC-0010398,WO-003466,2026-02-19,M04,P04,Weld porosity,0,PASS
QC-0010399,WO-003467,2026-02-19,M05,P04,Material defect,3,FAIL
QC-0010400,WO-003467,2026-02-19,M05,P04,Weld porosity,1,FAIL
QC-0010401,WO-003467,2026-02-19,M05,P04,Assembly mismatch,0,PASS
QC-0010402,WO-003468,2026-02-19,M05,P05,Surface finish,3,FAIL
QC-0010403,WO-003468,2026-02-19,M05,P05,Weld porosity,3,FAIL
QC-0010404,WO-003468,2026-02-19,M05,P05,Assembly mismatch,3,FAIL
QC-0010405,WO-003469,2026-02-19,M06,P01,Cosmetic,2,FAIL
QC-0010406,WO-003469,2026-02-19,M06,P01,Material defect,0,PASS
QC-0010407,WO-003469,2026-02-19,M06,P01,Assembly mismatch,1,FAIL
QC-0010408,WO-003470,2026-02-19,M06,P05,Dimensional,6,FAIL
QC-0010409,WO-003470,2026-02-19,M06,P05,Weld porosity,5,FAIL
QC-0010410,WO-003470,2026-02-19,M06,P05,Surface finish,2,FAIL
QC-0010411,WO-003471,2026-02-20,M01,P03,Weld porosity,6,FAIL
QC-0010412,WO-003471,2026-02-20,M01,P03,Dimensional,0,PASS
QC-0010413,WO-003471,2026-02-20,M01,P03,Material defect,1,FAIL
QC-0010414,WO-003472,2026-02-20,M01,P01,Assembly mismatch,4,FAIL
QC-0010415,WO-003472,2026-02-20,M01,P01,Weld porosity,0,PASS
QC-0010416,WO-003472,2026-02-20,M01,P01,Material defect,2,FAIL
QC-0010417,WO-003473,2026-02-20,M02,P05,Weld porosity,5,FAIL
QC-0010418,WO-003473,2026-02-20,M02,P05,Surface finish,2,FAIL
QC-0010419,WO-003473,2026-02-20,M02,P05,Dimensional,3,FAIL
QC-0010420,WO-003474,2026-02-20,M02,P01,Assembly mismatch,4,FAIL
QC-0010421,WO-003474,2026-02-20,M02,P01,Dimensional,0,PASS
QC-0010422,WO-003474,2026-02-20,M02,P01,Surface finish,2,FAIL
QC-0010423,WO-003475,2026-02-20,M03,P01,Dimensional,3,FAIL
QC-0010424,WO-003475,2026-02-20,M03,P01,Assembly mismatch,1,FAIL
QC-0010425,WO-003475,2026-02-20,M03,P01,Weld porosity,0,PASS
QC-0010426,WO-003476,2026-02-20,M03,P03,Cosmetic,7,FAIL
QC-0010427,WO-003476,2026-02-20,M03,P03,Assembly mismatch,1,FAIL
QC-0010428,WO-003476,2026-02-20,M03,P03,Weld porosity,0,PASS
QC-0010429,WO-003477,2026-02-20,M04,P06,Weld porosity,4,FAIL
QC-0010430,WO-003477,2026-02-20,M04,P06,Material defect,2,FAIL
QC-0010431,WO-003477,2026-02-20,M04,P06,Dimensional,0,PASS
QC-0010432,WO-003478,2026-02-20,M04,P03,Cosmetic,7,FAIL
QC-0010433,WO-003478,2026-02-20,M04,P03,Weld porosity,4,FAIL
QC-0010434,WO-003478,2026-02-20,M04,P03,Material defect,1,FAIL
QC-0010435,WO-003479,2026-02-20,M05,P04,Dimensional,0,PASS
QC-0010436,WO-003479,2026-02-20,M05,P04,Cosmetic,3,FAIL
QC-0010437,WO-003479,2026-02-20,M05,P04,Assembly mismatch,1,FAIL
QC-0010438,WO-003480,2026-02-20,M05,P05,Material defect,5,FAIL
QC-0010439,WO-003480,2026-02-20,M05,P05,Cosmetic,3,FAIL
QC-0010440,WO-003480,2026-02-20,M05,P05,Dimensional,0,PASS
QC-0010441,WO-003481,2026-02-20,M06,P06,Surface finish,6,FAIL
QC-0010442,WO-003481,2026-02-20,M06,P06,Assembly mismatch,0,PASS
QC-0010443,WO-003481,2026-02-20,M06,P06,Weld porosity,1,FAIL
QC-0010444,WO-003482,2026-02-20,M06,P01,Weld porosity,7,FAIL
QC-0010445,WO-003482,2026-02-20,M06,P01,Dimensional,1,FAIL
QC-0010446,WO-003482,2026-02-20,M06,P01,Surface finish,0,PASS
QC-0010447,WO-003483,2026-02-23,M01,P03,Assembly mismatch,3,FAIL
QC-0010448,WO-003483,2026-02-23,M01,P03,Cosmetic,5,FAIL
QC-0010449,WO-003483,2026-02-23,M01,P03,Material defect,0,PASS
QC-0010450,WO-003484,2026-02-23,M01,P03,Weld porosity,4,FAIL
QC-0010451,WO-003484,2026-02-23,M01,P03,Surface finish,3,FAIL
QC-0010452,WO-003484,2026-02-23,M01,P03,Material defect,1,FAIL
QC-0010453,WO-003485,2026-02-23,M02,P01,Cosmetic,4,FAIL
QC-0010454,WO-003485,2026-02-23,M02,P01,Weld porosity,1,FAIL
QC-0010455,WO-003485,2026-02-23,M02,P01,Surface finish,0,PASS
QC-0010456,WO-003486,2026-02-23,M02,P02,Material defect,5,FAIL
QC-0010457,WO-003486,2026-02-23,M02,P02,Cosmetic,0,PASS
QC-0010458,WO-003486,2026-02-23,M02,P02,Surface finish,1,FAIL
QC-0010459,WO-003487,2026-02-23,M03,P03,Assembly mismatch,4,FAIL
QC-0010460,WO-003487,2026-02-23,M03,P03,Material defect,2,FAIL
QC-0010461,WO-003487,2026-02-23,M03,P03,Weld porosity,1,FAIL
QC-0010462,WO-003488,2026-02-23,M03,P05,Surface finish,7,FAIL
QC-0010463,WO-003488,2026-02-23,M03,P05,Cosmetic,3,FAIL
QC-0010464,WO-003488,2026-02-23,M03,P05,Dimensional,1,FAIL
QC-0010465,WO-003489,2026-02-23,M04,P04,Weld porosity,3,FAIL
QC-0010466,WO-003489,2026-02-23,M04,P04,Material defect,0,PASS
QC-0010467,WO-003489,2026-02-23,M04,P04,Assembly mismatch,2,FAIL
QC-0010468,WO-003490,2026-02-23,M04,P03,Weld porosity,5,FAIL
QC-0010469,WO-003490,2026-02-23,M04,P03,Cosmetic,1,FAIL
QC-0010470,WO-003490,2026-02-23,M04,P03,Material defect,2,FAIL
QC-0010471,WO-003491,2026-02-23,M05,P04,Dimensional,1,FAIL
QC-0010472,WO-003491,2026-02-23,M05,P04,Material defect,1,FAIL
QC-0010473,WO-003491,2026-02-23,M05,P04,Surface finish,1,FAIL
QC-0010474,WO-003492,2026-02-23,M05,P06,Material defect,3,FAIL
QC-0010475,WO-003492,2026-02-23,M05,P06,Dimensional,1,FAIL
QC-0010476,WO-003492,2026-02-23,M05,P06,Assembly mismatch,2,FAIL
QC-0010477,WO-003493,2026-02-23,M06,P04,Material defect,4,FAIL
QC-0010478,WO-003493,2026-02-23,M06,P04,Surface finish,1,FAIL
QC-0010479,WO-003493,2026-02-23,M06,P04,Dimensional,1,FAIL
QC-0010480,WO-003494,2026-02-23,M06,P06,Assembly mismatch,3,FAIL
QC-0010481,WO-003494,2026-02-23,M06,P06,Material defect,2,FAIL
QC-0010482,WO-003494,2026-02-23,M06,P06,Weld porosity,1,FAIL
QC-0010483,WO-003495,2026-02-24,M01,P01,Surface finish,3,FAIL
QC-0010484,WO-003495,2026-02-24,M01,P01,Cosmetic,1,FAIL
QC-0010485,WO-003495,2026-02-24,M01,P01,Dimensional,0,PASS
QC-0010486,WO-003496,2026-02-24,M01,P03,Weld porosity,2,FAIL
QC-0010487,WO-003496,2026-02-24,M01,P03,Assembly mismatch,3,FAIL
QC-0010488,WO-003496,2026-02-24,M01,P03,Cosmetic,0,PASS
QC-0010489,WO-003497,2026-02-24,M02,P05,Material defect,6,FAIL
QC-0010490,WO-003497,2026-02-24,M02,P05,Surface finish,2,FAIL
QC-0010491,WO-003497,2026-02-24,M02,P05,Weld porosity,1,FAIL
QC-0010492,WO-003498,2026-02-24,M02,P02,Dimensional,3,FAIL
QC-0010493,WO-003498,2026-02-24,M02,P02,Assembly mismatch,0,PASS
QC-0010494,WO-003498,2026-02-24,M02,P02,Weld porosity,2,FAIL
QC-0010495,WO-003499,2026-02-24,M03,P05,Material defect,3,FAIL
QC-0010496,WO-003499,2026-02-24,M03,P05,Cosmetic,2,FAIL
QC-0010497,WO-003499,2026-02-24,M03,P05,Surface finish,2,FAIL
QC-0010498,WO-003500,2026-02-24,M03,P03,Material defect,5,FAIL
QC-0010499,WO-003500,2026-02-24,M03,P03,Assembly mismatch,2,FAIL
QC-0010500,WO-003500,2026-02-24,M03,P03,Weld porosity,1,FAIL
QC-0010501,WO-003501,2026-02-24,M04,P04,Weld porosity,4,FAIL
QC-0010502,WO-003501,2026-02-24,M04,P04,Assembly mismatch,0,PASS
QC-0010503,WO-003501,2026-02-24,M04,P04,Dimensional,1,FAIL
QC-0010504,WO-003502,2026-02-24,M04,P04,Weld porosity,5,FAIL
QC-0010505,WO-003502,2026-02-24,M04,P04,Material defect,1,FAIL
QC-0010506,WO-003502,2026-02-24,M04,P04,Cosmetic,1,FAIL
QC-0010507,WO-003503,2026-02-24,M05,P05,Material defect,4,FAIL
QC-0010508,WO-003503,2026-02-24,M05,P05,Assembly mismatch,1,FAIL
QC-0010509,WO-003503,2026-02-24,M05,P05,Cosmetic,2,FAIL
QC-0010510,WO-003504,2026-02-24,M05,P05,Cosmetic,6,FAIL
QC-0010511,WO-003504,2026-02-24,M05,P05,Material defect,1,FAIL
QC-0010512,WO-003504,2026-02-24,M05,P05,Surface finish,2,FAIL
QC-0010513,WO-003505,2026-02-24,M06,P06,Material defect,2,FAIL
QC-0010514,WO-003505,2026-02-24,M06,P06,Assembly mismatch,1,FAIL
QC-0010515,WO-003505,2026-02-24,M06,P06,Dimensional,2,FAIL
QC-0010516,WO-003506,2026-02-24,M06,P01,Assembly mismatch,4,FAIL
QC-0010517,WO-003506,2026-02-24,M06,P01,Surface finish,2,FAIL
QC-0010518,WO-003506,2026-02-24,M06,P01,Cosmetic,0,PASS
QC-0010519,WO-003507,2026-02-25,M01,P03,Cosmetic,4,FAIL
QC-0010520,WO-003507,2026-02-25,M01,P03,Material defect,2,FAIL
QC-0010521,WO-003507,2026-02-25,M01,P03,Assembly mismatch,2,FAIL
QC-0010522,WO-003508,2026-02-25,M01,P02,Cosmetic,5,FAIL
QC-0010523,WO-003508,2026-02-25,M01,P02,Material defect,1,FAIL
QC-0010524,WO-003508,2026-02-25,M01,P02,Surface finish,0,PASS
QC-0010525,WO-003509,2026-02-25,M02,P02,Dimensional,4,FAIL
QC-0010526,WO-003509,2026-02-25,M02,P02,Weld porosity,2,FAIL
QC-0010527,WO-003509,2026-02-25,M02,P02,Cosmetic,0,PASS
QC-0010528,WO-003510,2026-02-25,M02,P02,Material defect,4,FAIL
QC-0010529,WO-003510,2026-02-25,M02,P02,Dimensional,1,FAIL
QC-0010530,WO-003510,2026-02-25,M02,P02,Cosmetic,2,FAIL
QC-0010531,WO-003511,2026-02-25,M03,P05,Weld porosity,5,FAIL
QC-0010532,WO-003511,2026-02-25,M03,P05,Cosmetic,2,FAIL
QC-0010533,WO-003511,2026-02-25,M03,P05,Surface finish,1,FAIL
QC-0010534,WO-003512,2026-02-25,M03,P05,Assembly mismatch,7,FAIL
QC-0010535,WO-003512,2026-02-25,M03,P05,Material defect,2,FAIL
QC-0010536,WO-003512,2026-02-25,M03,P05,Surface finish,2,FAIL
QC-0010537,WO-003513,2026-02-25,M04,P03,Assembly mismatch,6,FAIL
QC-0010538,WO-003513,2026-02-25,M04,P03,Surface finish,2,FAIL
QC-0010539,WO-003513,2026-02-25,M04,P03,Weld porosity,2,FAIL
QC-0010540,WO-003514,2026-02-25,M04,P04,Surface finish,2,FAIL
QC-0010541,WO-003514,2026-02-25,M04,P04,Dimensional,3,FAIL
QC-0010542,WO-003514,2026-02-25,M04,P04,Weld porosity,0,PASS
QC-0010543,WO-003515,2026-02-25,M05,P06,Assembly mismatch,4,FAIL
QC-0010544,WO-003515,2026-02-25,M05,P06,Surface finish,1,FAIL
QC-0010545,WO-003515,2026-02-25,M05,P06,Weld porosity,0,PASS
QC-0010546,WO-003516,2026-02-25,M05,P05,Material defect,4,FAIL
QC-0010547,WO-003516,2026-02-25,M05,P05,Assembly mismatch,1,FAIL
QC-0010548,WO-003516,2026-02-25,M05,P05,Weld porosity,1,FAIL
QC-0010549,WO-003517,2026-02-25,M06,P04,Material defect,3,FAIL
QC-0010550,WO-003517,2026-02-25,M06,P04,Surface finish,3,FAIL
QC-0010551,WO-003517,2026-02-25,M06,P04,Weld porosity,0,PASS
QC-0010552,WO-003518,2026-02-25,M06,P06,Cosmetic,5,FAIL
QC-0010553,WO-003518,2026-02-25,M06,P06,Dimensional,1,FAIL
QC-0010554,WO-003518,2026-02-25,M06,P06,Weld porosity,1,FAIL
QC-0010555,WO-003519,2026-02-26,M01,P01,Cosmetic,4,FAIL
QC-0010556,WO-003519,2026-02-26,M01,P01,Material defect,0,PASS
QC-0010557,WO-003519,2026-02-26,M01,P01,Assembly mismatch,0,PASS
QC-0010558,WO-003520,2026-02-26,M01,P02,Cosmetic,6,FAIL
QC-0010559,WO-003520,2026-02-26,M01,P02,Assembly mismatch,1,FAIL
QC-0010560,WO-003520,2026-02-26,M01,P02,Weld porosity,0,PASS
QC-0010561,WO-003521,2026-02-26,M02,P01,Assembly mismatch,1,FAIL
QC-0010562,WO-003521,2026-02-26,M02,P01,Material defect,2,FAIL
QC-0010563,WO-003521,2026-02-26,M02,P01,Dimensional,1,FAIL
QC-0010564,WO-003522,2026-02-26,M02,P05,Cosmetic,4,FAIL
QC-0010565,WO-003522,2026-02-26,M02,P05,Assembly mismatch,4,FAIL
QC-0010566,WO-003522,2026-02-26,M02,P05,Material defect,3,FAIL
QC-0010567,WO-003523,2026-02-26,M03,P05,Surface finish,8,FAIL
QC-0010568,WO-003523,2026-02-26,M03,P05,Material defect,1,FAIL
QC-0010569,WO-003523,2026-02-26,M03,P05,Assembly mismatch,0,PASS
QC-0010570,WO-003524,2026-02-26,M03,P03,Cosmetic,7,FAIL
QC-0010571,WO-003524,2026-02-26,M03,P03,Material defect,2,FAIL
QC-0010572,WO-003524,2026-02-26,M03,P03,Surface finish,2,FAIL
QC-0010573,WO-003525,2026-02-26,M04,P06,Weld porosity,4,FAIL
QC-0010574,WO-003525,2026-02-26,M04,P06,Cosmetic,1,FAIL
QC-0010575,WO-003525,2026-02-26,M04,P06,Assembly mismatch,1,FAIL
QC-0010576,WO-003526,2026-02-26,M04,P03,Weld porosity,5,FAIL
QC-0010577,WO-003526,2026-02-26,M04,P03,Material defect,3,FAIL
QC-0010578,WO-003526,2026-02-26,M04,P03,Assembly mismatch,4,FAIL
QC-0010579,WO-003527,2026-02-26,M05,P01,Weld porosity,6,FAIL
QC-0010580,WO-003527,2026-02-26,M05,P01,Dimensional,1,FAIL
QC-0010581,WO-003527,2026-02-26,M05,P01,Surface finish,1,FAIL
QC-0010582,WO-003528,2026-02-26,M05,P04,Cosmetic,4,FAIL
QC-0010583,WO-003528,2026-02-26,M05,P04,Dimensional,1,FAIL
QC-0010584,WO-003528,2026-02-26,M05,P04,Weld porosity,0,PASS
QC-0010585,WO-003529,2026-02-26,M06,P06,Cosmetic,2,FAIL
QC-0010586,WO-003529,2026-02-26,M06,P06,Weld porosity,4,FAIL
QC-0010587,WO-003529,2026-02-26,M06,P06,Assembly mismatch,1,FAIL
QC-0010588,WO-003530,2026-02-26,M06,P05,Assembly mismatch,11,FAIL
QC-0010589,WO-003530,2026-02-26,M06,P05,Material defect,1,FAIL
QC-0010590,WO-003530,2026-02-26,M06,P05,Dimensional,0,PASS
QC-0010591,WO-003531,2026-02-27,M01,P02,Assembly mismatch,1,FAIL
QC-0010592,WO-003531,2026-02-27,M01,P02,Dimensional,3,FAIL
QC-0010593,WO-003531,2026-02-27,M01,P02,Weld porosity,1,FAIL
QC-0010594,WO-003532,2026-02-27,M01,P03,Weld porosity,3,FAIL
QC-0010595,WO-003532,2026-02-27,M01,P03,Surface finish,4,FAIL
QC-0010596,WO-003532,2026-02-27,M01,P03,Cosmetic,2,FAIL
QC-0010597,WO-003533,2026-02-27,M02,P02,Weld porosity,1,FAIL
QC-0010598,WO-003533,2026-02-27,M02,P02,Assembly mismatch,2,FAIL
QC-0010599,WO-003533,2026-02-27,M02,P02,Material defect,0,PASS
QC-0010600,WO-003534,2026-02-27,M02,P05,Material defect,4,FAIL
QC-0010601,WO-003534,2026-02-27,M02,P05,Dimensional,2,FAIL
QC-0010602,WO-003534,2026-02-27,M02,P05,Assembly mismatch,2,FAIL
QC-0010603,WO-003535,2026-02-27,M03,P03,Weld porosity,4,FAIL
QC-0010604,WO-003535,2026-02-27,M03,P03,Material defect,2,FAIL
QC-0010605,WO-003535,2026-02-27,M03,P03,Assembly mismatch,2,FAIL
QC-0010606,WO-003536,2026-02-27,M03,P03,Material defect,3,FAIL
QC-0010607,WO-003536,2026-02-27,M03,P03,Assembly mismatch,1,FAIL
QC-0010608,WO-003536,2026-02-27,M03,P03,Surface finish,1,FAIL
QC-0010609,WO-003537,2026-02-27,M04,P04,Surface finish,4,FAIL
QC-0010610,WO-003537,2026-02-27,M04,P04,Assembly mismatch,0,PASS
QC-0010611,WO-003537,2026-02-27,M04,P04,Weld porosity,1,FAIL
QC-0010612,WO-003538,2026-02-27,M04,P03,Weld porosity,6,FAIL
QC-0010613,WO-003538,2026-02-27,M04,P03,Cosmetic,5,FAIL
QC-0010614,WO-003538,2026-02-27,M04,P03,Dimensional,1,FAIL
QC-0010615,WO-003539,2026-02-27,M05,P04,Cosmetic,1,FAIL
QC-0010616,WO-003539,2026-02-27,M05,P04,Material defect,2,FAIL
QC-0010617,WO-003539,2026-02-27,M05,P04,Dimensional,1,FAIL
QC-0010618,WO-003540,2026-02-27,M05,P01,Material defect,2,FAIL
QC-0010619,WO-003540,2026-02-27,M05,P01,Assembly mismatch,3,FAIL
QC-0010620,WO-003540,2026-02-27,M05,P01,Cosmetic,1,FAIL
QC-0010621,WO-003541,2026-02-27,M06,P06,Cosmetic,4,FAIL
QC-0010622,WO-003541,2026-02-27,M06,P06,Dimensional,2,FAIL
QC-0010623,WO-003541,2026-02-27,M06,P06,Assembly mismatch,0,PASS
QC-0010624,WO-003542,2026-02-27,M06,P05,Dimensional,7,FAIL
QC-0010625,WO-003542,2026-02-27,M06,P05,Weld porosity,2,FAIL
QC-0010626,WO-003542,2026-02-27,M06,P05,Cosmetic,0,PASS
QC-0010627,WO-003543,2026-03-02,M01,P01,Assembly mismatch,3,FAIL
QC-0010628,WO-003543,2026-03-02,M01,P01,Material defect,1,FAIL
QC-0010629,WO-003543,2026-03-02,M01,P01,Weld porosity,1,FAIL
QC-0010630,WO-003544,2026-03-02,M01,P02,Surface finish,5,FAIL
QC-0010631,WO-003544,2026-03-02,M01,P02,Dimensional,1,FAIL
QC-0010632,WO-003544,2026-03-02,M01,P02,Cosmetic,0,PASS
QC-0010633,WO-003545,2026-03-02,M02,P05,Assembly mismatch,6,FAIL
QC-0010634,WO-003545,2026-03-02,M02,P05,Surface finish,0,PASS
QC-0010635,WO-003545,2026-03-02,M02,P05,Weld porosity,2,FAIL
QC-0010636,WO-003546,2026-03-02,M02,P05,Weld porosity,5,FAIL
QC-0010637,WO-003546,2026-03-02,M02,P05,Material defect,4,FAIL
QC-0010638,WO-003546,2026-03-02,M02,P05,Surface finish,1,FAIL
QC-0010639,WO-003547,2026-03-02,M03,P03,Assembly mismatch,6,FAIL
QC-0010640,WO-003547,2026-03-02,M03,P03,Surface finish,0,PASS
QC-0010641,WO-003547,2026-03-02,M03,P03,Material defect,1,FAIL
QC-0010642,WO-003548,2026-03-02,M03,P05,Surface finish,8,FAIL
QC-0010643,WO-003548,2026-03-02,M03,P05,Cosmetic,1,FAIL
QC-0010644,WO-003548,2026-03-02,M03,P05,Material defect,1,FAIL
QC-0010645,WO-003549,2026-03-02,M04,P04,Weld porosity,3,FAIL
QC-0010646,WO-003549,2026-03-02,M04,P04,Dimensional,1,FAIL
QC-0010647,WO-003549,2026-03-02,M04,P04,Surface finish,0,PASS
QC-0010648,WO-003550,2026-03-02,M04,P06,Weld porosity,3,FAIL
QC-0010649,WO-003550,2026-03-02,M04,P06,Assembly mismatch,0,PASS
QC-0010650,WO-003550,2026-03-02,M04,P06,Material defect,3,FAIL
QC-0010651,WO-003551,2026-03-02,M05,P01,Weld porosity,4,FAIL
QC-0010652,WO-003551,2026-03-02,M05,P01,Material defect,1,FAIL
QC-0010653,WO-003551,2026-03-02,M05,P01,Cosmetic,0,PASS
QC-0010654,WO-003552,2026-03-02,M05,P01,Assembly mismatch,5,FAIL
QC-0010655,WO-003552,2026-03-02,M05,P01,Weld porosity,1,FAIL
QC-0010656,WO-003552,2026-03-02,M05,P01,Dimensional,1,FAIL
QC-0010657,WO-003553,2026-03-02,M06,P01,Material defect,2,FAIL
QC-0010658,WO-003553,2026-03-02,M06,P01,Surface finish,1,FAIL
QC-0010659,WO-003553,2026-03-02,M06,P01,Assembly mismatch,1,FAIL
QC-0010660,WO-003554,2026-03-02,M06,P06,Weld porosity,5,FAIL
QC-0010661,WO-003554,2026-03-02,M06,P06,Assembly mismatch,3,FAIL
QC-0010662,WO-003554,2026-03-02,M06,P06,Surface finish,1,FAIL
QC-0010663,WO-003555,2026-03-03,M01,P01,Weld porosity,4,FAIL
QC-0010664,WO-003555,2026-03-03,M01,P01,Cosmetic,2,FAIL
QC-0010665,WO-003555,2026-03-03,M01,P01,Dimensional,0,PASS
QC-0010666,WO-003556,2026-03-03,M01,P02,Dimensional,4,FAIL
QC-0010667,WO-003556,2026-03-03,M01,P02,Material defect,2,FAIL
QC-0010668,WO-003556,2026-03-03,M01,P02,Weld porosity,0,PASS
QC-0010669,WO-003557,2026-03-03,M02,P02,Material defect,2,FAIL
QC-0010670,WO-003557,2026-03-03,M02,P02,Surface finish,3,FAIL
QC-0010671,WO-003557,2026-03-03,M02,P02,Weld porosity,0,PASS
QC-0010672,WO-003558,2026-03-03,M02,P02,Assembly mismatch,2,FAIL
QC-0010673,WO-003558,2026-03-03,M02,P02,Surface finish,1,FAIL
QC-0010674,WO-003558,2026-03-03,M02,P02,Dimensional,2,FAIL
QC-0010675,WO-003559,2026-03-03,M03,P01,Weld porosity,3,FAIL
QC-0010676,WO-003559,2026-03-03,M03,P01,Assembly mismatch,2,FAIL
QC-0010677,WO-003559,2026-03-03,M03,P01,Material defect,2,FAIL
QC-0010678,WO-003560,2026-03-03,M03,P01,Dimensional,2,FAIL
QC-0010679,WO-003560,2026-03-03,M03,P01,Cosmetic,3,FAIL
QC-0010680,WO-003560,2026-03-03,M03,P01,Assembly mismatch,1,FAIL
QC-0010681,WO-003561,2026-03-03,M04,P03,Weld porosity,2,FAIL
QC-0010682,WO-003561,2026-03-03,M04,P03,Dimensional,2,FAIL
QC-0010683,WO-003561,2026-03-03,M04,P03,Cosmetic,2,FAIL
QC-0010684,WO-003562,2026-03-03,M04,P04,Weld porosity,6,FAIL
QC-0010685,WO-003562,2026-03-03,M04,P04,Material defect,0,PASS
QC-0010686,WO-003562,2026-03-03,M04,P04,Assembly mismatch,0,PASS
QC-0010687,WO-003563,2026-03-03,M05,P06,Cosmetic,2,FAIL
QC-0010688,WO-003563,2026-03-03,M05,P06,Surface finish,2,FAIL
QC-0010689,WO-003563,2026-03-03,M05,P06,Material defect,2,FAIL
QC-0010690,WO-003564,2026-03-03,M05,P06,Dimensional,1,FAIL
QC-0010691,WO-003564,2026-03-03,M05,P06,Assembly mismatch,1,FAIL
QC-0010692,WO-003564,2026-03-03,M05,P06,Surface finish,4,FAIL
QC-0010693,WO-003565,2026-03-03,M06,P06,Weld porosity,5,FAIL
QC-0010694,WO-003565,2026-03-03,M06,P06,Material defect,1,FAIL
QC-0010695,WO-003565,2026-03-03,M06,P06,Surface finish,1,FAIL
QC-0010696,WO-003566,2026-03-03,M06,P06,Surface finish,7,FAIL
QC-0010697,WO-003566,2026-03-03,M06,P06,Dimensional,0,PASS
QC-0010698,WO-003566,2026-03-03,M06,P06,Weld porosity,0,PASS
QC-0010699,WO-003567,2026-03-04,M01,P01,Material defect,7,FAIL
QC-0010700,WO-003567,2026-03-04,M01,P01,Weld porosity,0,PASS
QC-0010701,WO-003567,2026-03-04,M01,P01,Assembly mismatch,0,PASS
QC-0010702,WO-003568,2026-03-04,M01,P03,Weld porosity,6,FAIL
QC-0010703,WO-003568,2026-03-04,M01,P03,Surface finish,2,FAIL
QC-0010704,WO-003568,2026-03-04,M01,P03,Cosmetic,2,FAIL
QC-0010705,WO-003569,2026-03-04,M02,P05,Dimensional,5,FAIL
QC-0010706,WO-003569,2026-03-04,M02,P05,Assembly mismatch,3,FAIL
QC-0010707,WO-003569,2026-03-04,M02,P05,Material defect,0,PASS
QC-0010708,WO-003570,2026-03-04,M02,P02,Material defect,4,FAIL
QC-0010709,WO-003570,2026-03-04,M02,P02,Cosmetic,1,FAIL
QC-0010710,WO-003570,2026-03-04,M02,P02,Assembly mismatch,2,FAIL
QC-0010711,WO-003571,2026-03-04,M03,P01,Weld porosity,3,FAIL
QC-0010712,WO-003571,2026-03-04,M03,P01,Material defect,1,FAIL
QC-0010713,WO-003571,2026-03-04,M03,P01,Assembly mismatch,1,FAIL
QC-0010714,WO-003572,2026-03-04,M03,P03,Surface finish,3,FAIL
QC-0010715,WO-003572,2026-03-04,M03,P03,Weld porosity,4,FAIL
QC-0010716,WO-003572,2026-03-04,M03,P03,Dimensional,2,FAIL
QC-0010717,WO-003573,2026-03-04,M04,P04,Cosmetic,3,FAIL
QC-0010718,WO-003573,2026-03-04,M04,P04,Weld porosity,0,PASS
QC-0010719,WO-003573,2026-03-04,M04,P04,Surface finish,0,PASS
QC-0010720,WO-003574,2026-03-04,M04,P03,Weld porosity,6,FAIL
QC-0010721,WO-003574,2026-03-04,M04,P03,Cosmetic,1,FAIL
QC-0010722,WO-003574,2026-03-04,M04,P03,Assembly mismatch,1,FAIL
QC-0010723,WO-003575,2026-03-04,M05,P06,Cosmetic,3,FAIL
QC-0010724,WO-003575,2026-03-04,M05,P06,Surface finish,2,FAIL
QC-0010725,WO-003575,2026-03-04,M05,P06,Material defect,1,FAIL
QC-0010726,WO-003576,2026-03-04,M05,P04,Assembly mismatch,3,FAIL
QC-0010727,WO-003576,2026-03-04,M05,P04,Dimensional,2,FAIL
QC-0010728,WO-003576,2026-03-04,M05,P04,Cosmetic,0,PASS
QC-0010729,WO-003577,2026-03-04,M06,P04,Cosmetic,2,FAIL
QC-0010730,WO-003577,2026-03-04,M06,P04,Surface finish,2,FAIL
QC-0010731,WO-003577,2026-03-04,M06,P04,Dimensional,0,PASS
QC-0010732,WO-003578,2026-03-04,M06,P01,Surface finish,4,FAIL
QC-0010733,WO-003578,2026-03-04,M06,P01,Cosmetic,2,FAIL
QC-0010734,WO-003578,2026-03-04,M06,P01,Assembly mismatch,1,FAIL
QC-0010735,WO-003579,2026-03-05,M01,P02,Surface finish,3,FAIL
QC-0010736,WO-003579,2026-03-05,M01,P02,Material defect,2,FAIL
QC-0010737,WO-003579,2026-03-05,M01,P02,Weld porosity,0,PASS
QC-0010738,WO-003580,2026-03-05,M01,P01,Cosmetic,3,FAIL
QC-0010739,WO-003580,2026-03-05,M01,P01,Assembly mismatch,1,FAIL
QC-0010740,WO-003580,2026-03-05,M01,P01,Surface finish,3,FAIL
QC-0010741,WO-003581,2026-03-05,M02,P02,Material defect,4,FAIL
QC-0010742,WO-003581,2026-03-05,M02,P02,Cosmetic,1,FAIL
QC-0010743,WO-003581,2026-03-05,M02,P02,Assembly mismatch,1,FAIL
QC-0010744,WO-003582,2026-03-05,M02,P05,Assembly mismatch,4,FAIL
QC-0010745,WO-003582,2026-03-05,M02,P05,Dimensional,3,FAIL
QC-0010746,WO-003582,2026-03-05,M02,P05,Cosmetic,1,FAIL
QC-0010747,WO-003583,2026-03-05,M03,P03,Dimensional,3,FAIL
QC-0010748,WO-003583,2026-03-05,M03,P03,Weld porosity,2,FAIL
QC-0010749,WO-003583,2026-03-05,M03,P03,Material defect,1,FAIL
QC-0010750,WO-003584,2026-03-05,M03,P01,Material defect,2,FAIL
QC-0010751,WO-003584,2026-03-05,M03,P01,Cosmetic,1,FAIL
QC-0010752,WO-003584,2026-03-05,M03,P01,Assembly mismatch,0,PASS
QC-0010753,WO-003585,2026-03-05,M04,P03,Weld porosity,7,FAIL
QC-0010754,WO-003585,2026-03-05,M04,P03,Surface finish,3,FAIL
QC-0010755,WO-003585,2026-03-05,M04,P03,Cosmetic,0,PASS
QC-0010756,WO-003586,2026-03-05,M04,P04,Weld porosity,1,FAIL
QC-0010757,WO-003586,2026-03-05,M04,P04,Material defect,2,FAIL
QC-0010758,WO-003586,2026-03-05,M04,P04,Assembly mismatch,2,FAIL
QC-0010759,WO-003587,2026-03-05,M05,P05,Dimensional,3,FAIL
QC-0010760,WO-003587,2026-03-05,M05,P05,Assembly mismatch,1,FAIL
QC-0010761,WO-003587,2026-03-05,M05,P05,Weld porosity,3,FAIL
QC-0010762,WO-003588,2026-03-05,M05,P01,Assembly mismatch,3,FAIL
QC-0010763,WO-003588,2026-03-05,M05,P01,Material defect,1,FAIL
QC-0010764,WO-003588,2026-03-05,M05,P01,Weld porosity,0,PASS
QC-0010765,WO-003589,2026-03-05,M06,P06,Cosmetic,4,FAIL
QC-0010766,WO-003589,2026-03-05,M06,P06,Assembly mismatch,1,FAIL
QC-0010767,WO-003589,2026-03-05,M06,P06,Dimensional,1,FAIL
QC-0010768,WO-003590,2026-03-05,M06,P01,Assembly mismatch,5,FAIL
QC-0010769,WO-003590,2026-03-05,M06,P01,Cosmetic,1,FAIL
QC-0010770,WO-003590,2026-03-05,M06,P01,Weld porosity,3,FAIL
QC-0010771,WO-003591,2026-03-06,M01,P02,Material defect,1,FAIL
QC-0010772,WO-003591,2026-03-06,M01,P02,Dimensional,4,FAIL
QC-0010773,WO-003591,2026-03-06,M01,P02,Cosmetic,0,PASS
QC-0010774,WO-003592,2026-03-06,M01,P03,Cosmetic,5,FAIL
QC-0010775,WO-003592,2026-03-06,M01,P03,Dimensional,2,FAIL
QC-0010776,WO-003592,2026-03-06,M01,P03,Material defect,0,PASS
QC-0010777,WO-003593,2026-03-06,M02,P02,Dimensional,2,FAIL
QC-0010778,WO-003593,2026-03-06,M02,P02,Weld porosity,2,FAIL
QC-0010779,WO-003593,2026-03-06,M02,P02,Material defect,2,FAIL
QC-0010780,WO-003594,2026-03-06,M02,P02,Weld porosity,3,FAIL
QC-0010781,WO-003594,2026-03-06,M02,P02,Dimensional,2,FAIL
QC-0010782,WO-003594,2026-03-06,M02,P02,Assembly mismatch,2,FAIL
QC-0010783,WO-003595,2026-03-06,M03,P01,Weld porosity,2,FAIL
QC-0010784,WO-003595,2026-03-06,M03,P01,Cosmetic,2,FAIL
QC-0010785,WO-003595,2026-03-06,M03,P01,Assembly mismatch,0,PASS
QC-0010786,WO-003596,2026-03-06,M03,P01,Dimensional,4,FAIL
QC-0010787,WO-003596,2026-03-06,M03,P01,Material defect,2,FAIL
QC-0010788,WO-003596,2026-03-06,M03,P01,Assembly mismatch,0,PASS
QC-0010789,WO-003597,2026-03-06,M04,P03,Weld porosity,6,FAIL
QC-0010790,WO-003597,2026-03-06,M04,P03,Material defect,2,FAIL
QC-0010791,WO-003597,2026-03-06,M04,P03,Surface finish,1,FAIL
QC-0010792,WO-003598,2026-03-06,M04,P03,Surface finish,6,FAIL
QC-0010793,WO-003598,2026-03-06,M04,P03,Material defect,3,FAIL
QC-0010794,WO-003598,2026-03-06,M04,P03,Weld porosity,0,PASS
QC-0010795,WO-003599,2026-03-06,M05,P06,Surface finish,4,FAIL
QC-0010796,WO-003599,2026-03-06,M05,P06,Weld porosity,2,FAIL
QC-0010797,WO-003599,2026-03-06,M05,P06,Assembly mismatch,0,PASS
QC-0010798,WO-003600,2026-03-06,M05,P04,Material defect,3,FAIL
QC-0010799,WO-003600,2026-03-06,M05,P04,Assembly mismatch,0,PASS
QC-0010800,WO-003600,2026-03-06,M05,P04,Dimensional,1,FAIL
QC-0010801,WO-003601,2026-03-06,M06,P01,Assembly mismatch,3,FAIL
QC-0010802,WO-003601,2026-03-06,M06,P01,Material defect,1,FAIL
QC-0010803,WO-003601,2026-03-06,M06,P01,Weld porosity,1,FAIL
QC-0010804,WO-003602,2026-03-06,M06,P06,Material defect,3,FAIL
QC-0010805,WO-003602,2026-03-06,M06,P06,Assembly mismatch,1,FAIL
QC-0010806,WO-003602,2026-03-06,M06,P06,Weld porosity,2,FAIL
QC-0010807,WO-003603,2026-03-09,M01,P03,Cosmetic,6,FAIL
QC-0010808,WO-003603,2026-03-09,M01,P03,Dimensional,2,FAIL
QC-0010809,WO-003603,2026-03-09,M01,P03,Material defect,1,FAIL
QC-0010810,WO-003604,2026-03-09,M01,P02,Dimensional,3,FAIL
QC-0010811,WO-003604,2026-03-09,M01,P02,Assembly mismatch,1,FAIL
QC-0010812,WO-003604,2026-03-09,M01,P02,Weld porosity,1,FAIL
QC-0010813,WO-003605,2026-03-09,M02,P05,Material defect,7,FAIL
QC-0010814,WO-003605,2026-03-09,M02,P05,Weld porosity,3,FAIL
QC-0010815,WO-003605,2026-03-09,M02,P05,Dimensional,2,FAIL
QC-0010816,WO-003606,2026-03-09,M02,P01,Surface finish,1,FAIL
QC-0010817,WO-003606,2026-03-09,M02,P01,Weld porosity,2,FAIL
QC-0010818,WO-003606,2026-03-09,M02,P01,Assembly mismatch,1,FAIL
QC-0010819,WO-003607,2026-03-09,M03,P03,Surface finish,4,FAIL
QC-0010820,WO-003607,2026-03-09,M03,P03,Material defect,2,FAIL
QC-0010821,WO-003607,2026-03-09,M03,P03,Weld porosity,1,FAIL
QC-0010822,WO-003608,2026-03-09,M03,P03,Material defect,5,FAIL
QC-0010823,WO-003608,2026-03-09,M03,P03,Weld porosity,4,FAIL
QC-0010824,WO-003608,2026-03-09,M03,P03,Assembly mismatch,1,FAIL
QC-0010825,WO-003609,2026-03-09,M04,P03,Weld porosity,3,FAIL
QC-0010826,WO-003609,2026-03-09,M04,P03,Cosmetic,3,FAIL
QC-0010827,WO-003609,2026-03-09,M04,P03,Surface finish,0,PASS
QC-0010828,WO-003610,2026-03-09,M05,P01,Material defect,4,FAIL
QC-0010829,WO-003610,2026-03-09,M05,P01,Weld porosity,1,FAIL
QC-0010830,WO-003610,2026-03-09,M05,P01,Cosmetic,0,PASS
QC-0010831,WO-003611,2026-03-09,M05,P01,Surface finish,3,FAIL
QC-0010832,WO-003611,2026-03-09,M05,P01,Material defect,0,PASS
QC-0010833,WO-003611,2026-03-09,M05,P01,Cosmetic,0,PASS
QC-0010834,WO-003612,2026-03-09,M06,P05,Dimensional,6,FAIL
QC-0010835,WO-003612,2026-03-09,M06,P05,Surface finish,1,FAIL
QC-0010836,WO-003612,2026-03-09,M06,P05,Material defect,2,FAIL
QC-0010837,WO-003613,2026-03-09,M06,P04,Surface finish,5,FAIL
QC-0010838,WO-003613,2026-03-09,M06,P04,Weld porosity,1,FAIL
QC-0010839,WO-003613,2026-03-09,M06,P04,Cosmetic,0,PASS
QC-0010840,WO-003614,2026-03-10,M01,P02,Dimensional,2,FAIL
QC-0010841,WO-003614,2026-03-10,M01,P02,Weld porosity,2,FAIL
QC-0010842,WO-003614,2026-03-10,M01,P02,Surface finish,1,FAIL
QC-0010843,WO-003615,2026-03-10,M01,P01,Assembly mismatch,1,FAIL
QC-0010844,WO-003615,2026-03-10,M01,P01,Cosmetic,2,FAIL
QC-0010845,WO-003615,2026-03-10,M01,P01,Weld porosity,3,FAIL
QC-0010846,WO-003616,2026-03-10,M02,P01,Material defect,3,FAIL
QC-0010847,WO-003616,2026-03-10,M02,P01,Dimensional,1,FAIL
QC-0010848,WO-003616,2026-03-10,M02,P01,Assembly mismatch,2,FAIL
QC-0010849,WO-003617,2026-03-10,M02,P05,Weld porosity,6,FAIL
QC-0010850,WO-003617,2026-03-10,M02,P05,Surface finish,4,FAIL
QC-0010851,WO-003617,2026-03-10,M02,P05,Assembly mismatch,0,PASS
QC-0010852,WO-003618,2026-03-10,M03,P01,Assembly mismatch,2,FAIL
QC-0010853,WO-003618,2026-03-10,M03,P01,Surface finish,0,PASS
QC-0010854,WO-003618,2026-03-10,M03,P01,Material defect,2,FAIL
QC-0010855,WO-003619,2026-03-10,M03,P03,Surface finish,3,FAIL
QC-0010856,WO-003619,2026-03-10,M03,P03,Dimensional,1,FAIL
QC-0010857,WO-003619,2026-03-10,M03,P03,Cosmetic,4,FAIL
QC-0010858,WO-003620,2026-03-10,M04,P03,Weld porosity,6,FAIL
QC-0010859,WO-003620,2026-03-10,M04,P03,Surface finish,4,FAIL
QC-0010860,WO-003620,2026-03-10,M04,P03,Cosmetic,2,FAIL
QC-0010861,WO-003621,2026-03-10,M04,P06,Assembly mismatch,2,FAIL
QC-0010862,WO-003621,2026-03-10,M04,P06,Surface finish,2,FAIL
QC-0010863,WO-003621,2026-03-10,M04,P06,Weld porosity,2,FAIL
QC-0010864,WO-003622,2026-03-10,M05,P04,Surface finish,2,FAIL
QC-0010865,WO-003622,2026-03-10,M05,P04,Weld porosity,2,FAIL
QC-0010866,WO-003622,2026-03-10,M05,P04,Material defect,0,PASS
QC-0010867,WO-003623,2026-03-10,M05,P06,Cosmetic,3,FAIL
QC-0010868,WO-003623,2026-03-10,M05,P06,Surface finish,1,FAIL
QC-0010869,WO-003623,2026-03-10,M05,P06,Dimensional,1,FAIL
QC-0010870,WO-003624,2026-03-10,M06,P06,Assembly mismatch,4,FAIL
QC-0010871,WO-003624,2026-03-10,M06,P06,Cosmetic,1,FAIL
QC-0010872,WO-003624,2026-03-10,M06,P06,Weld porosity,1,FAIL
QC-0010873,WO-003625,2026-03-11,M01,P03,Dimensional,7,FAIL
QC-0010874,WO-003625,2026-03-11,M01,P03,Cosmetic,2,FAIL
QC-0010875,WO-003625,2026-03-11,M01,P03,Material defect,1,FAIL
QC-0010876,WO-003626,2026-03-11,M01,P01,Cosmetic,3,FAIL
QC-0010877,WO-003626,2026-03-11,M01,P01,Surface finish,0,PASS
QC-0010878,WO-003626,2026-03-11,M01,P01,Material defect,1,FAIL
QC-0010879,WO-003627,2026-03-11,M02,P05,Assembly mismatch,7,FAIL
QC-0010880,WO-003627,2026-03-11,M02,P05,Cosmetic,3,FAIL
QC-0010881,WO-003627,2026-03-11,M02,P05,Dimensional,0,PASS
QC-0010882,WO-003628,2026-03-11,M02,P05,Cosmetic,2,FAIL
QC-0010883,WO-003628,2026-03-11,M02,P05,Material defect,4,FAIL
QC-0010884,WO-003628,2026-03-11,M02,P05,Dimensional,1,FAIL
QC-0010885,WO-003629,2026-03-11,M03,P03,Cosmetic,3,FAIL
QC-0010886,WO-003629,2026-03-11,M03,P03,Dimensional,1,FAIL
QC-0010887,WO-003629,2026-03-11,M03,P03,Surface finish,1,FAIL
QC-0010888,WO-003630,2026-03-11,M03,P03,Surface finish,7,FAIL
QC-0010889,WO-003630,2026-03-11,M03,P03,Cosmetic,2,FAIL
QC-0010890,WO-003630,2026-03-11,M03,P03,Assembly mismatch,0,PASS
QC-0010891,WO-003631,2026-03-11,M04,P03,Surface finish,3,FAIL
QC-0010892,WO-003631,2026-03-11,M04,P03,Weld porosity,6,FAIL
QC-0010893,WO-003631,2026-03-11,M04,P03,Cosmetic,0,PASS
QC-0010894,WO-003632,2026-03-11,M04,P04,Assembly mismatch,2,FAIL
QC-0010895,WO-003632,2026-03-11,M04,P04,Cosmetic,0,PASS
QC-0010896,WO-003632,2026-03-11,M04,P04,Weld porosity,3,FAIL
QC-0010897,WO-003633,2026-03-11,M05,P05,Weld porosity,6,FAIL
QC-0010898,WO-003633,2026-03-11,M05,P05,Surface finish,2,FAIL
QC-0010899,WO-003633,2026-03-11,M05,P05,Cosmetic,0,PASS
QC-0010900,WO-003634,2026-03-11,M05,P06,Surface finish,5,FAIL
QC-0010901,WO-003634,2026-03-11,M05,P06,Material defect,1,FAIL
QC-0010902,WO-003634,2026-03-11,M05,P06,Dimensional,0,PASS
QC-0010903,WO-003635,2026-03-11,M06,P05,Material defect,9,FAIL
QC-0010904,WO-003635,2026-03-11,M06,P05,Assembly mismatch,2,FAIL
QC-0010905,WO-003635,2026-03-11,M06,P05,Cosmetic,0,PASS
QC-0010906,WO-003636,2026-03-11,M06,P05,Surface finish,9,FAIL
QC-0010907,WO-003636,2026-03-11,M06,P05,Weld porosity,2,FAIL
QC-0010908,WO-003636,2026-03-11,M06,P05,Material defect,0,PASS
QC-0010909,WO-003637,2026-03-12,M01,P02,Assembly mismatch,4,FAIL
QC-0010910,WO-003637,2026-03-12,M01,P02,Weld porosity,2,FAIL
QC-0010911,WO-003637,2026-03-12,M01,P02,Surface finish,1,FAIL
QC-0010912,WO-003638,2026-03-12,M01,P03,Dimensional,4,FAIL
QC-0010913,WO-003638,2026-03-12,M01,P03,Surface finish,2,FAIL
QC-0010914,WO-003638,2026-03-12,M01,P03,Assembly mismatch,1,FAIL
QC-0010915,WO-003639,2026-03-12,M02,P01,Assembly mismatch,3,FAIL
QC-0010916,WO-003639,2026-03-12,M02,P01,Weld porosity,2,FAIL
QC-0010917,WO-003639,2026-03-12,M02,P01,Surface finish,0,PASS
QC-0010918,WO-003640,2026-03-12,M02,P01,Material defect,4,FAIL
QC-0010919,WO-003640,2026-03-12,M02,P01,Weld porosity,1,FAIL
QC-0010920,WO-003640,2026-03-12,M02,P01,Cosmetic,0,PASS
QC-0010921,WO-003641,2026-03-12,M03,P01,Dimensional,3,FAIL
QC-0010922,WO-003641,2026-03-12,M03,P01,Weld porosity,2,FAIL
QC-0010923,WO-003641,2026-03-12,M03,P01,Assembly mismatch,2,FAIL
QC-0010924,WO-003642,2026-03-12,M03,P01,Cosmetic,3,FAIL
QC-0010925,WO-003642,2026-03-12,M03,P01,Assembly mismatch,1,FAIL
QC-0010926,WO-003642,2026-03-12,M03,P01,Surface finish,1,FAIL
QC-0010927,WO-003643,2026-03-12,M04,P06,Assembly mismatch,4,FAIL
QC-0010928,WO-003643,2026-03-12,M04,P06,Weld porosity,4,FAIL
QC-0010929,WO-003643,2026-03-12,M04,P06,Dimensional,0,PASS
QC-0010930,WO-003644,2026-03-12,M04,P04,Weld porosity,3,FAIL
QC-0010931,WO-003644,2026-03-12,M04,P04,Surface finish,1,FAIL
QC-0010932,WO-003644,2026-03-12,M04,P04,Cosmetic,1,FAIL
QC-0010933,WO-003645,2026-03-12,M05,P06,Surface finish,3,FAIL
QC-0010934,WO-003645,2026-03-12,M05,P06,Dimensional,2,FAIL
QC-0010935,WO-003645,2026-03-12,M05,P06,Weld porosity,1,FAIL
QC-0010936,WO-003646,2026-03-12,M05,P06,Material defect,3,FAIL
QC-0010937,WO-003646,2026-03-12,M05,P06,Cosmetic,2,FAIL
QC-0010938,WO-003646,2026-03-12,M05,P06,Surface finish,1,FAIL
QC-0010939,WO-003647,2026-03-12,M06,P01,Surface finish,3,FAIL
QC-0010940,WO-003647,2026-03-12,M06,P01,Dimensional,3,FAIL
QC-0010941,WO-003647,2026-03-12,M06,P01,Cosmetic,1,FAIL
QC-0010942,WO-003648,2026-03-12,M06,P06,Assembly mismatch,3,FAIL
QC-0010943,WO-003648,2026-03-12,M06,P06,Surface finish,0,PASS
QC-0010944,WO-003648,2026-03-12,M06,P06,Cosmetic,4,FAIL
QC-0010945,WO-003649,2026-03-13,M01,P01,Assembly mismatch,5,FAIL
QC-0010946,WO-003649,2026-03-13,M01,P01,Material defect,0,PASS
QC-0010947,WO-003649,2026-03-13,M01,P01,Dimensional,0,PASS
QC-0010948,WO-003650,2026-03-13,M01,P03,Surface finish,7,FAIL
QC-0010949,WO-003650,2026-03-13,M01,P03,Cosmetic,2,FAIL
QC-0010950,WO-003650,2026-03-13,M01,P03,Weld porosity,1,FAIL
QC-0010951,WO-003651,2026-03-13,M02,P01,Weld porosity,3,FAIL
QC-0010952,WO-003651,2026-03-13,M02,P01,Assembly mismatch,1,FAIL
QC-0010953,WO-003651,2026-03-13,M02,P01,Cosmetic,0,PASS
QC-0010954,WO-003652,2026-03-13,M02,P01,Surface finish,4,FAIL
QC-0010955,WO-003652,2026-03-13,M02,P01,Material defect,2,FAIL
QC-0010956,WO-003652,2026-03-13,M02,P01,Cosmetic,0,PASS
QC-0010957,WO-003653,2026-03-13,M03,P01,Surface finish,4,FAIL
QC-0010958,WO-003653,2026-03-13,M03,P01,Dimensional,0,PASS
QC-0010959,WO-003653,2026-03-13,M03,P01,Material defect,1,FAIL
QC-0010960,WO-003654,2026-03-13,M03,P03,Cosmetic,2,FAIL
QC-0010961,WO-003654,2026-03-13,M03,P03,Material defect,2,FAIL
QC-0010962,WO-003654,2026-03-13,M03,P03,Dimensional,2,FAIL
QC-0010963,WO-003655,2026-03-13,M04,P04,Material defect,2,FAIL
QC-0010964,WO-003655,2026-03-13,M04,P04,Weld porosity,3,FAIL
QC-0010965,WO-003655,2026-03-13,M04,P04,Cosmetic,0,PASS
QC-0010966,WO-003656,2026-03-13,M04,P03,Surface finish,2,FAIL
QC-0010967,WO-003656,2026-03-13,M04,P03,Material defect,4,FAIL
QC-0010968,WO-003656,2026-03-13,M04,P03,Weld porosity,0,PASS
QC-0010969,WO-003657,2026-03-13,M05,P04,Assembly mismatch,3,FAIL
QC-0010970,WO-003657,2026-03-13,M05,P04,Dimensional,1,FAIL
QC-0010971,WO-003657,2026-03-13,M05,P04,Material defect,0,PASS
QC-0010972,WO-003658,2026-03-13,M05,P05,Weld porosity,6,FAIL
QC-0010973,WO-003658,2026-03-13,M05,P05,Surface finish,2,FAIL
QC-0010974,WO-003658,2026-03-13,M05,P05,Assembly mismatch,3,FAIL
QC-0010975,WO-003659,2026-03-13,M06,P06,Material defect,3,FAIL
QC-0010976,WO-003659,2026-03-13,M06,P06,Cosmetic,0,PASS
QC-0010977,WO-003659,2026-03-13,M06,P06,Assembly mismatch,3,FAIL
QC-0010978,WO-003660,2026-03-13,M06,P04,Dimensional,2,FAIL
QC-0010979,WO-003660,2026-03-13,M06,P04,Weld porosity,2,FAIL
QC-0010980,WO-003660,2026-03-13,M06,P04,Cosmetic,1,FAIL
QC-0010981,WO-003661,2026-03-16,M01,P01,Assembly mismatch,4,FAIL
QC-0010982,WO-003661,2026-03-16,M01,P01,Material defect,1,FAIL
QC-0010983,WO-003661,2026-03-16,M01,P01,Dimensional,1,FAIL
QC-0010984,WO-003662,2026-03-16,M01,P03,Weld porosity,3,FAIL
QC-0010985,WO-003662,2026-03-16,M01,P03,Material defect,0,PASS
QC-0010986,WO-003662,2026-03-16,M01,P03,Surface finish,1,FAIL
QC-0010987,WO-003663,2026-03-16,M02,P01,Weld porosity,3,FAIL
QC-0010988,WO-003663,2026-03-16,M02,P01,Surface finish,0,PASS
QC-0010989,WO-003663,2026-03-16,M02,P01,Cosmetic,2,FAIL
QC-0010990,WO-003664,2026-03-16,M02,P01,Material defect,1,FAIL
QC-0010991,WO-003664,2026-03-16,M02,P01,Weld porosity,3,FAIL
QC-0010992,WO-003664,2026-03-16,M02,P01,Surface finish,2,FAIL
QC-0010993,WO-003665,2026-03-16,M03,P05,Weld porosity,5,FAIL
QC-0010994,WO-003665,2026-03-16,M03,P05,Assembly mismatch,3,FAIL
QC-0010995,WO-003665,2026-03-16,M03,P05,Dimensional,1,FAIL
QC-0010996,WO-003666,2026-03-16,M03,P01,Material defect,4,FAIL
QC-0010997,WO-003666,2026-03-16,M03,P01,Cosmetic,0,PASS
QC-0010998,WO-003666,2026-03-16,M03,P01,Weld porosity,1,FAIL
QC-0010999,WO-003667,2026-03-16,M04,P03,Weld porosity,5,FAIL
QC-0011000,WO-003667,2026-03-16,M04,P03,Dimensional,4,FAIL
QC-0011001,WO-003667,2026-03-16,M04,P03,Assembly mismatch,1,FAIL
QC-0011002,WO-003668,2026-03-16,M04,P06,Weld porosity,2,FAIL
QC-0011003,WO-003668,2026-03-16,M04,P06,Assembly mismatch,2,FAIL
QC-0011004,WO-003668,2026-03-16,M04,P06,Surface finish,2,FAIL
QC-0011005,WO-003669,2026-03-16,M05,P01,Surface finish,2,FAIL
QC-0011006,WO-003669,2026-03-16,M05,P01,Cosmetic,2,FAIL
QC-0011007,WO-003669,2026-03-16,M05,P01,Dimensional,1,FAIL
QC-0011008,WO-003670,2026-03-16,M05,P04,Weld porosity,2,FAIL
QC-0011009,WO-003670,2026-03-16,M05,P04,Dimensional,2,FAIL
QC-0011010,WO-003670,2026-03-16,M05,P04,Cosmetic,0,PASS
QC-0011011,WO-003671,2026-03-16,M06,P05,Weld porosity,7,FAIL
QC-0011012,WO-003671,2026-03-16,M06,P05,Material defect,2,FAIL
QC-0011013,WO-003671,2026-03-16,M06,P05,Cosmetic,2,FAIL
QC-0011014,WO-003672,2026-03-16,M06,P01,Assembly mismatch,5,FAIL
QC-0011015,WO-003672,2026-03-16,M06,P01,Cosmetic,1,FAIL
QC-0011016,WO-003672,2026-03-16,M06,P01,Weld porosity,2,FAIL
QC-0011017,WO-003673,2026-03-17,M01,P01,Surface finish,5,FAIL
QC-0011018,WO-003673,2026-03-17,M01,P01,Dimensional,0,PASS
QC-0011019,WO-003673,2026-03-17,M01,P01,Cosmetic,0,PASS
QC-0011020,WO-003674,2026-03-17,M01,P01,Assembly mismatch,3,FAIL
QC-0011021,WO-003674,2026-03-17,M01,P01,Cosmetic,2,FAIL
QC-0011022,WO-003674,2026-03-17,M01,P01,Surface finish,3,FAIL
QC-0011023,WO-003675,2026-03-17,M02,P05,Material defect,6,FAIL
QC-0011024,WO-003675,2026-03-17,M02,P05,Weld porosity,3,FAIL
QC-0011025,WO-003675,2026-03-17,M02,P05,Assembly mismatch,0,PASS
QC-0011026,WO-003676,2026-03-17,M02,P05,Weld porosity,6,FAIL
QC-0011027,WO-003676,2026-03-17,M02,P05,Surface finish,3,FAIL
QC-0011028,WO-003676,2026-03-17,M02,P05,Material defect,1,FAIL
QC-0011029,WO-003677,2026-03-17,M03,P01,Assembly mismatch,4,FAIL
QC-0011030,WO-003677,2026-03-17,M03,P01,Cosmetic,1,FAIL
QC-0011031,WO-003677,2026-03-17,M03,P01,Material defect,1,FAIL
QC-0011032,WO-003678,2026-03-17,M03,P01,Dimensional,3,FAIL
QC-0011033,WO-003678,2026-03-17,M03,P01,Cosmetic,3,FAIL
QC-0011034,WO-003678,2026-03-17,M03,P01,Material defect,0,PASS
QC-0011035,WO-003679,2026-03-17,M04,P06,Surface finish,3,FAIL
QC-0011036,WO-003679,2026-03-17,M04,P06,Cosmetic,3,FAIL
QC-0011037,WO-003679,2026-03-17,M04,P06,Weld porosity,0,PASS
QC-0011038,WO-003680,2026-03-17,M04,P04,Material defect,4,FAIL
QC-0011039,WO-003680,2026-03-17,M04,P04,Assembly mismatch,1,FAIL
QC-0011040,WO-003680,2026-03-17,M04,P04,Weld porosity,1,FAIL
QC-0011041,WO-003681,2026-03-17,M05,P01,Material defect,2,FAIL
QC-0011042,WO-003681,2026-03-17,M05,P01,Assembly mismatch,1,FAIL
QC-0011043,WO-003681,2026-03-17,M05,P01,Cosmetic,3,FAIL
QC-0011044,WO-003682,2026-03-17,M05,P01,Weld porosity,1,FAIL
QC-0011045,WO-003682,2026-03-17,M05,P01,Surface finish,1,FAIL
QC-0011046,WO-003682,2026-03-17,M05,P01,Dimensional,2,FAIL
QC-0011047,WO-003683,2026-03-17,M06,P05,Material defect,6,FAIL
QC-0011048,WO-003683,2026-03-17,M06,P05,Dimensional,2,FAIL
QC-0011049,WO-003683,2026-03-17,M06,P05,Weld porosity,3,FAIL
QC-0011050,WO-003684,2026-03-17,M06,P05,Surface finish,4,FAIL
QC-0011051,WO-003684,2026-03-17,M06,P05,Cosmetic,5,FAIL
QC-0011052,WO-003684,2026-03-17,M06,P05,Material defect,2,FAIL
QC-0011053,WO-003685,2026-03-18,M01,P03,Weld porosity,5,FAIL
QC-0011054,WO-003685,2026-03-18,M01,P03,Material defect,4,FAIL
QC-0011055,WO-003685,2026-03-18,M01,P03,Dimensional,1,FAIL
QC-0011056,WO-003686,2026-03-18,M01,P01,Weld porosity,4,FAIL
QC-0011057,WO-003686,2026-03-18,M01,P01,Assembly mismatch,1,FAIL
QC-0011058,WO-003686,2026-03-18,M01,P01,Surface finish,3,FAIL
QC-0011059,WO-003687,2026-03-18,M02,P01,Cosmetic,2,FAIL
QC-0011060,WO-003687,2026-03-18,M02,P01,Weld porosity,1,FAIL
QC-0011061,WO-003687,2026-03-18,M02,P01,Material defect,2,FAIL
QC-0011062,WO-003688,2026-03-18,M02,P01,Assembly mismatch,6,FAIL
QC-0011063,WO-003688,2026-03-18,M02,P01,Weld porosity,0,PASS
QC-0011064,WO-003688,2026-03-18,M02,P01,Material defect,0,PASS
QC-0011065,WO-003689,2026-03-18,M03,P05,Material defect,5,FAIL
QC-0011066,WO-003689,2026-03-18,M03,P05,Assembly mismatch,3,FAIL
QC-0011067,WO-003689,2026-03-18,M03,P05,Weld porosity,1,FAIL
QC-0011068,WO-003690,2026-03-18,M03,P03,Surface finish,4,FAIL
QC-0011069,WO-003690,2026-03-18,M03,P03,Cosmetic,1,FAIL
QC-0011070,WO-003690,2026-03-18,M03,P03,Material defect,1,FAIL
QC-0011071,WO-003691,2026-03-18,M04,P04,Material defect,2,FAIL
QC-0011072,WO-003691,2026-03-18,M04,P04,Dimensional,2,FAIL
QC-0011073,WO-003691,2026-03-18,M04,P04,Weld porosity,0,PASS
QC-0011074,WO-003692,2026-03-18,M04,P04,Cosmetic,3,FAIL
QC-0011075,WO-003692,2026-03-18,M04,P04,Assembly mismatch,3,FAIL
QC-0011076,WO-003692,2026-03-18,M04,P04,Weld porosity,0,PASS
QC-0011077,WO-003693,2026-03-18,M05,P06,Dimensional,2,FAIL
QC-0011078,WO-003693,2026-03-18,M05,P06,Assembly mismatch,3,FAIL
QC-0011079,WO-003693,2026-03-18,M05,P06,Material defect,1,FAIL
QC-0011080,WO-003694,2026-03-18,M05,P04,Weld porosity,2,FAIL
QC-0011081,WO-003694,2026-03-18,M05,P04,Cosmetic,0,PASS
QC-0011082,WO-003694,2026-03-18,M05,P04,Assembly mismatch,1,FAIL
QC-0011083,WO-003695,2026-03-18,M06,P04,Cosmetic,4,FAIL
QC-0011084,WO-003695,2026-03-18,M06,P04,Surface finish,1,FAIL
QC-0011085,WO-003695,2026-03-18,M06,P04,Dimensional,0,PASS
QC-0011086,WO-003696,2026-03-18,M06,P04,Surface finish,4,FAIL
QC-0011087,WO-003696,2026-03-18,M06,P04,Material defect,1,FAIL
QC-0011088,WO-003696,2026-03-18,M06,P04,Weld porosity,0,PASS
QC-0011089,WO-003697,2026-03-19,M01,P02,Weld porosity,4,FAIL
QC-0011090,WO-003697,2026-03-19,M01,P02,Surface finish,2,FAIL
QC-0011091,WO-003697,2026-03-19,M01,P02,Assembly mismatch,2,FAIL
QC-0011092,WO-003698,2026-03-19,M01,P01,Assembly mismatch,4,FAIL
QC-0011093,WO-003698,2026-03-19,M01,P01,Cosmetic,1,FAIL
QC-0011094,WO-003698,2026-03-19,M01,P01,Material defect,1,FAIL
QC-0011095,WO-003699,2026-03-19,M02,P02,Dimensional,4,FAIL
QC-0011096,WO-003699,2026-03-19,M02,P02,Assembly mismatch,1,FAIL
QC-0011097,WO-003699,2026-03-19,M02,P02,Weld porosity,0,PASS
QC-0011098,WO-003700,2026-03-19,M02,P02,Weld porosity,4,FAIL
QC-0011099,WO-003700,2026-03-19,M02,P02,Assembly mismatch,3,FAIL
QC-0011100,WO-003700,2026-03-19,M02,P02,Material defect,0,PASS
QC-0011101,WO-003701,2026-03-19,M03,P03,Surface finish,1,FAIL
QC-0011102,WO-003701,2026-03-19,M03,P03,Material defect,2,FAIL
QC-0011103,WO-003701,2026-03-19,M03,P03,Assembly mismatch,1,FAIL
QC-0011104,WO-003702,2026-03-19,M03,P01,Weld porosity,3,FAIL
QC-0011105,WO-003702,2026-03-19,M03,P01,Cosmetic,3,FAIL
QC-0011106,WO-003702,2026-03-19,M03,P01,Surface finish,0,PASS
QC-0011107,WO-003703,2026-03-19,M04,P03,Material defect,8,FAIL
QC-0011108,WO-003703,2026-03-19,M04,P03,Weld porosity,2,FAIL
QC-0011109,WO-003703,2026-03-19,M04,P03,Surface finish,0,PASS
QC-0011110,WO-003704,2026-03-19,M04,P03,Weld porosity,7,FAIL
QC-0011111,WO-003704,2026-03-19,M04,P03,Cosmetic,2,FAIL
QC-0011112,WO-003704,2026-03-19,M04,P03,Dimensional,1,FAIL
QC-0011113,WO-003705,2026-03-19,M05,P06,Surface finish,5,FAIL
QC-0011114,WO-003705,2026-03-19,M05,P06,Material defect,1,FAIL
QC-0011115,WO-003705,2026-03-19,M05,P06,Assembly mismatch,1,FAIL
QC-0011116,WO-003706,2026-03-19,M05,P01,Assembly mismatch,2,FAIL
QC-0011117,WO-003706,2026-03-19,M05,P01,Cosmetic,1,FAIL
QC-0011118,WO-003706,2026-03-19,M05,P01,Material defect,1,FAIL
QC-0011119,WO-003707,2026-03-19,M06,P05,Weld porosity,6,FAIL
QC-0011120,WO-003707,2026-03-19,M06,P05,Cosmetic,2,FAIL
QC-0011121,WO-003707,2026-03-19,M06,P05,Assembly mismatch,1,FAIL
QC-0011122,WO-003708,2026-03-19,M06,P04,Assembly mismatch,4,FAIL
QC-0011123,WO-003708,2026-03-19,M06,P04,Dimensional,0,PASS
QC-0011124,WO-003708,2026-03-19,M06,P04,Material defect,1,FAIL
QC-0011125,WO-003709,2026-03-20,M01,P02,Assembly mismatch,3,FAIL
QC-0011126,WO-003709,2026-03-20,M01,P02,Dimensional,3,FAIL
QC-0011127,WO-003709,2026-03-20,M01,P02,Cosmetic,0,PASS
QC-0011128,WO-003710,2026-03-20,M01,P01,Weld porosity,3,FAIL
QC-0011129,WO-003710,2026-03-20,M01,P01,Surface finish,0,PASS
QC-0011130,WO-003710,2026-03-20,M01,P01,Dimensional,1,FAIL
QC-0011131,WO-003711,2026-03-20,M02,P05,Cosmetic,3,FAIL
QC-0011132,WO-003711,2026-03-20,M02,P05,Dimensional,2,FAIL
QC-0011133,WO-003711,2026-03-20,M02,P05,Surface finish,1,FAIL
QC-0011134,WO-003712,2026-03-20,M02,P05,Material defect,6,FAIL
QC-0011135,WO-003712,2026-03-20,M02,P05,Surface finish,2,FAIL
QC-0011136,WO-003712,2026-03-20,M02,P05,Cosmetic,1,FAIL
QC-0011137,WO-003713,2026-03-20,M03,P03,Cosmetic,4,FAIL
QC-0011138,WO-003713,2026-03-20,M03,P03,Material defect,2,FAIL
QC-0011139,WO-003713,2026-03-20,M03,P03,Dimensional,0,PASS
QC-0011140,WO-003714,2026-03-20,M03,P01,Weld porosity,6,FAIL
QC-0011141,WO-003714,2026-03-20,M03,P01,Cosmetic,0,PASS
QC-0011142,WO-003714,2026-03-20,M03,P01,Assembly mismatch,0,PASS
QC-0011143,WO-003715,2026-03-20,M04,P04,Weld porosity,3,FAIL
QC-0011144,WO-003715,2026-03-20,M04,P04,Dimensional,3,FAIL
QC-0011145,WO-003715,2026-03-20,M04,P04,Assembly mismatch,0,PASS
QC-0011146,WO-003716,2026-03-20,M04,P06,Material defect,5,FAIL
QC-0011147,WO-003716,2026-03-20,M04,P06,Weld porosity,2,FAIL
QC-0011148,WO-003716,2026-03-20,M04,P06,Dimensional,0,PASS
QC-0011149,WO-003717,2026-03-20,M05,P04,Assembly mismatch,5,FAIL
QC-0011150,WO-003717,2026-03-20,M05,P04,Dimensional,0,PASS
QC-0011151,WO-003717,2026-03-20,M05,P04,Cosmetic,1,FAIL
QC-0011152,WO-003718,2026-03-20,M05,P06,Assembly mismatch,6,FAIL
QC-0011153,WO-003718,2026-03-20,M05,P06,Dimensional,0,PASS
QC-0011154,WO-003718,2026-03-20,M05,P06,Surface finish,1,FAIL
QC-0011155,WO-003719,2026-03-20,M06,P05,Assembly mismatch,7,FAIL
QC-0011156,WO-003719,2026-03-20,M06,P05,Dimensional,4,FAIL
QC-0011157,WO-003719,2026-03-20,M06,P05,Cosmetic,2,FAIL
QC-0011158,WO-003720,2026-03-20,M06,P05,Assembly mismatch,4,FAIL
QC-0011159,WO-003720,2026-03-20,M06,P05,Dimensional,6,FAIL
QC-0011160,WO-003720,2026-03-20,M06,P05,Weld porosity,1,FAIL
QC-0011161,WO-003721,2026-03-23,M01,P01,Cosmetic,3,FAIL
QC-0011162,WO-003721,2026-03-23,M01,P01,Dimensional,1,FAIL
QC-0011163,WO-003721,2026-03-23,M01,P01,Surface finish,1,FAIL
QC-0011164,WO-003722,2026-03-23,M01,P02,Surface finish,4,FAIL
QC-0011165,WO-003722,2026-03-23,M01,P02,Assembly mismatch,0,PASS
QC-0011166,WO-003722,2026-03-23,M01,P02,Cosmetic,2,FAIL
QC-0011167,WO-003723,2026-03-23,M02,P01,Surface finish,4,FAIL
QC-0011168,WO-003723,2026-03-23,M02,P01,Dimensional,0,PASS
QC-0011169,WO-003723,2026-03-23,M02,P01,Weld porosity,0,PASS
QC-0011170,WO-003724,2026-03-23,M02,P05,Cosmetic,8,FAIL
QC-0011171,WO-003724,2026-03-23,M02,P05,Assembly mismatch,0,PASS
QC-0011172,WO-003724,2026-03-23,M02,P05,Surface finish,1,FAIL
QC-0011173,WO-003725,2026-03-23,M03,P05,Cosmetic,6,FAIL
QC-0011174,WO-003725,2026-03-23,M03,P05,Weld porosity,1,FAIL
QC-0011175,WO-003725,2026-03-23,M03,P05,Material defect,3,FAIL
QC-0011176,WO-003726,2026-03-23,M03,P05,Cosmetic,5,FAIL
QC-0011177,WO-003726,2026-03-23,M03,P05,Material defect,2,FAIL
QC-0011178,WO-003726,2026-03-23,M03,P05,Dimensional,1,FAIL
QC-0011179,WO-003727,2026-03-23,M04,P04,Weld porosity,3,FAIL
QC-0011180,WO-003727,2026-03-23,M04,P04,Surface finish,0,PASS
QC-0011181,WO-003727,2026-03-23,M04,P04,Dimensional,1,FAIL
QC-0011182,WO-003728,2026-03-23,M04,P06,Weld porosity,5,FAIL
QC-0011183,WO-003728,2026-03-23,M04,P06,Surface finish,0,PASS
QC-0011184,WO-003728,2026-03-23,M04,P06,Cosmetic,2,FAIL
QC-0011185,WO-003729,2026-03-23,M05,P05,Weld porosity,5,FAIL
QC-0011186,WO-003729,2026-03-23,M05,P05,Material defect,4,FAIL
QC-0011187,WO-003729,2026-03-23,M05,P05,Cosmetic,2,FAIL
QC-0011188,WO-003730,2026-03-23,M05,P05,Material defect,8,FAIL
QC-0011189,WO-003730,2026-03-23,M05,P05,Dimensional,0,PASS
QC-0011190,WO-003730,2026-03-23,M05,P05,Surface finish,1,FAIL
QC-0011191,WO-003731,2026-03-23,M06,P06,Surface finish,3,FAIL
QC-0011192,WO-003731,2026-03-23,M06,P06,Material defect,3,FAIL
QC-0011193,WO-003731,2026-03-23,M06,P06,Cosmetic,0,PASS
QC-0011194,WO-003732,2026-03-23,M06,P04,Surface finish,5,FAIL
QC-0011195,WO-003732,2026-03-23,M06,P04,Material defect,0,PASS
QC-0011196,WO-003732,2026-03-23,M06,P04,Assembly mismatch,1,FAIL
QC-0011197,WO-003733,2026-03-24,M01,P01,Surface finish,2,FAIL
QC-0011198,WO-003733,2026-03-24,M01,P01,Cosmetic,2,FAIL
QC-0011199,WO-003733,2026-03-24,M01,P01,Weld porosity,0,PASS
QC-0011200,WO-003734,2026-03-24,M01,P02,Weld porosity,6,FAIL
QC-0011201,WO-003734,2026-03-24,M01,P02,Surface finish,1,FAIL
QC-0011202,WO-003734,2026-03-24,M01,P02,Dimensional,1,FAIL
QC-0011203,WO-003735,2026-03-24,M02,P02,Surface finish,4,FAIL
QC-0011204,WO-003735,2026-03-24,M02,P02,Dimensional,1,FAIL
QC-0011205,WO-003735,2026-03-24,M02,P02,Assembly mismatch,1,FAIL
QC-0011206,WO-003736,2026-03-24,M02,P02,Weld porosity,4,FAIL
QC-0011207,WO-003736,2026-03-24,M02,P02,Surface finish,1,FAIL
QC-0011208,WO-003736,2026-03-24,M02,P02,Cosmetic,1,FAIL
QC-0011209,WO-003737,2026-03-24,M03,P05,Cosmetic,2,FAIL
QC-0011210,WO-003737,2026-03-24,M03,P05,Surface finish,5,FAIL
QC-0011211,WO-003737,2026-03-24,M03,P05,Material defect,2,FAIL
QC-0011212,WO-003738,2026-03-24,M03,P03,Surface finish,4,FAIL
QC-0011213,WO-003738,2026-03-24,M03,P03,Material defect,4,FAIL
QC-0011214,WO-003738,2026-03-24,M03,P03,Weld porosity,2,FAIL
QC-0011215,WO-003739,2026-03-24,M04,P04,Weld porosity,3,FAIL
QC-0011216,WO-003739,2026-03-24,M04,P04,Material defect,1,FAIL
QC-0011217,WO-003739,2026-03-24,M04,P04,Cosmetic,1,FAIL
QC-0011218,WO-003740,2026-03-24,M04,P03,Weld porosity,6,FAIL
QC-0011219,WO-003740,2026-03-24,M04,P03,Cosmetic,3,FAIL
QC-0011220,WO-003740,2026-03-24,M04,P03,Dimensional,0,PASS
QC-0011221,WO-003741,2026-03-24,M05,P01,Dimensional,5,FAIL
QC-0011222,WO-003741,2026-03-24,M05,P01,Material defect,1,FAIL
QC-0011223,WO-003741,2026-03-24,M05,P01,Cosmetic,0,PASS
QC-0011224,WO-003742,2026-03-24,M05,P04,Cosmetic,3,FAIL
QC-0011225,WO-003742,2026-03-24,M05,P04,Material defect,2,FAIL
QC-0011226,WO-003742,2026-03-24,M05,P04,Weld porosity,0,PASS
QC-0011227,WO-003743,2026-03-24,M06,P01,Surface finish,2,FAIL
QC-0011228,WO-003743,2026-03-24,M06,P01,Assembly mismatch,4,FAIL
QC-0011229,WO-003743,2026-03-24,M06,P01,Weld porosity,1,FAIL
QC-0011230,WO-003744,2026-03-24,M06,P04,Surface finish,4,FAIL
QC-0011231,WO-003744,2026-03-24,M06,P04,Material defect,0,PASS
QC-0011232,WO-003744,2026-03-24,M06,P04,Assembly mismatch,1,FAIL
QC-0011233,WO-003745,2026-03-25,M01,P01,Cosmetic,3,FAIL
QC-0011234,WO-003745,2026-03-25,M01,P01,Weld porosity,1,FAIL
QC-0011235,WO-003745,2026-03-25,M01,P01,Surface finish,2,FAIL
QC-0011236,WO-003746,2026-03-25,M01,P03,Dimensional,2,FAIL
QC-0011237,WO-003746,2026-03-25,M01,P03,Cosmetic,2,FAIL
QC-0011238,WO-003746,2026-03-25,M01,P03,Material defect,1,FAIL
QC-0011239,WO-003747,2026-03-25,M02,P02,Assembly mismatch,4,FAIL
QC-0011240,WO-003747,2026-03-25,M02,P02,Weld porosity,1,FAIL
QC-0011241,WO-003747,2026-03-25,M02,P02,Cosmetic,0,PASS
QC-0011242,WO-003748,2026-03-25,M02,P05,Surface finish,5,FAIL
QC-0011243,WO-003748,2026-03-25,M02,P05,Weld porosity,3,FAIL
QC-0011244,WO-003748,2026-03-25,M02,P05,Cosmetic,2,FAIL
QC-0011245,WO-003749,2026-03-25,M03,P05,Surface finish,4,FAIL
QC-0011246,WO-003749,2026-03-25,M03,P05,Dimensional,4,FAIL
QC-0011247,WO-003749,2026-03-25,M03,P05,Assembly mismatch,1,FAIL
QC-0011248,WO-003750,2026-03-25,M03,P05,Dimensional,8,FAIL
QC-0011249,WO-003750,2026-03-25,M03,P05,Weld porosity,4,FAIL
QC-0011250,WO-003750,2026-03-25,M03,P05,Surface finish,2,FAIL
QC-0011251,WO-003751,2026-03-25,M04,P03,Weld porosity,3,FAIL
QC-0011252,WO-003751,2026-03-25,M04,P03,Material defect,1,FAIL
QC-0011253,WO-003751,2026-03-25,M04,P03,Surface finish,3,FAIL
QC-0011254,WO-003752,2026-03-25,M04,P04,Weld porosity,3,FAIL
QC-0011255,WO-003752,2026-03-25,M04,P04,Dimensional,1,FAIL
QC-0011256,WO-003752,2026-03-25,M04,P04,Material defect,1,FAIL
QC-0011257,WO-003753,2026-03-25,M05,P06,Cosmetic,3,FAIL
QC-0011258,WO-003753,2026-03-25,M05,P06,Dimensional,2,FAIL
QC-0011259,WO-003753,2026-03-25,M05,P06,Material defect,2,FAIL
QC-0011260,WO-003754,2026-03-25,M05,P06,Cosmetic,2,FAIL
QC-0011261,WO-003754,2026-03-25,M05,P06,Dimensional,2,FAIL
QC-0011262,WO-003754,2026-03-25,M05,P06,Weld porosity,2,FAIL
QC-0011263,WO-003755,2026-03-25,M06,P04,Cosmetic,3,FAIL
QC-0011264,WO-003755,2026-03-25,M06,P04,Surface finish,0,PASS
QC-0011265,WO-003755,2026-03-25,M06,P04,Material defect,1,FAIL
QC-0011266,WO-003756,2026-03-25,M06,P01,Cosmetic,1,FAIL
QC-0011267,WO-003756,2026-03-25,M06,P01,Material defect,3,FAIL
QC-0011268,WO-003756,2026-03-25,M06,P01,Dimensional,1,FAIL
QC-0011269,WO-003757,2026-03-26,M01,P01,Weld porosity,3,FAIL
QC-0011270,WO-003757,2026-03-26,M01,P01,Material defect,0,PASS
QC-0011271,WO-003757,2026-03-26,M01,P01,Assembly mismatch,1,FAIL
QC-0011272,WO-003758,2026-03-26,M01,P02,Dimensional,2,FAIL
QC-0011273,WO-003758,2026-03-26,M01,P02,Material defect,5,FAIL
QC-0011274,WO-003758,2026-03-26,M01,P02,Cosmetic,1,FAIL
QC-0011275,WO-003759,2026-03-26,M02,P02,Assembly mismatch,4,FAIL
QC-0011276,WO-003759,2026-03-26,M02,P02,Dimensional,0,PASS
QC-0011277,WO-003759,2026-03-26,M02,P02,Surface finish,3,FAIL
QC-0011278,WO-003760,2026-03-26,M02,P01,Cosmetic,4,FAIL
QC-0011279,WO-003760,2026-03-26,M02,P01,Material defect,1,FAIL
QC-0011280,WO-003760,2026-03-26,M02,P01,Assembly mismatch,0,PASS
QC-0011281,WO-003761,2026-03-26,M03,P05,Cosmetic,7,FAIL
QC-0011282,WO-003761,2026-03-26,M03,P05,Surface finish,3,FAIL
QC-0011283,WO-003761,2026-03-26,M03,P05,Dimensional,1,FAIL
QC-0011284,WO-003762,2026-03-26,M03,P03,Assembly mismatch,4,FAIL
QC-0011285,WO-003762,2026-03-26,M03,P03,Weld porosity,2,FAIL
QC-0011286,WO-003762,2026-03-26,M03,P03,Cosmetic,1,FAIL
QC-0011287,WO-003763,2026-03-26,M04,P06,Material defect,3,FAIL
QC-0011288,WO-003763,2026-03-26,M04,P06,Weld porosity,1,FAIL
QC-0011289,WO-003763,2026-03-26,M04,P06,Dimensional,2,FAIL
QC-0011290,WO-003764,2026-03-26,M04,P03,Weld porosity,6,FAIL
QC-0011291,WO-003764,2026-03-26,M04,P03,Surface finish,2,FAIL
QC-0011292,WO-003764,2026-03-26,M04,P03,Cosmetic,3,FAIL
QC-0011293,WO-003765,2026-03-26,M05,P05,Dimensional,8,FAIL
QC-0011294,WO-003765,2026-03-26,M05,P05,Assembly mismatch,1,FAIL
QC-0011295,WO-003765,2026-03-26,M05,P05,Weld porosity,2,FAIL
QC-0011296,WO-003766,2026-03-26,M05,P04,Surface finish,1,FAIL
QC-0011297,WO-003766,2026-03-26,M05,P04,Weld porosity,0,PASS
QC-0011298,WO-003766,2026-03-26,M05,P04,Material defect,3,FAIL
QC-0011299,WO-003767,2026-03-26,M06,P01,Cosmetic,4,FAIL
QC-0011300,WO-003767,2026-03-26,M06,P01,Weld porosity,1,FAIL
QC-0011301,WO-003767,2026-03-26,M06,P01,Material defect,1,FAIL
QC-0011302,WO-003768,2026-03-26,M06,P05,Assembly mismatch,6,FAIL
QC-0011303,WO-003768,2026-03-26,M06,P05,Weld porosity,6,FAIL
QC-0011304,WO-003768,2026-03-26,M06,P05,Material defect,0,PASS
QC-0011305,WO-003769,2026-03-27,M01,P02,Dimensional,5,FAIL
QC-0011306,WO-003769,2026-03-27,M01,P02,Surface finish,0,PASS
QC-0011307,WO-003769,2026-03-27,M01,P02,Cosmetic,0,PASS
QC-0011308,WO-003770,2026-03-27,M01,P01,Weld porosity,5,FAIL
QC-0011309,WO-003770,2026-03-27,M01,P01,Assembly mismatch,1,FAIL
QC-0011310,WO-003770,2026-03-27,M01,P01,Surface finish,1,FAIL
QC-0011311,WO-003771,2026-03-27,M02,P02,Weld porosity,6,FAIL
QC-0011312,WO-003771,2026-03-27,M02,P02,Dimensional,0,PASS
QC-0011313,WO-003771,2026-03-27,M02,P02,Assembly mismatch,0,PASS
QC-0011314,WO-003772,2026-03-27,M02,P01,Cosmetic,3,FAIL
QC-0011315,WO-003772,2026-03-27,M02,P01,Assembly mismatch,0,PASS
QC-0011316,WO-003772,2026-03-27,M02,P01,Material defect,0,PASS
QC-0011317,WO-003773,2026-03-27,M03,P01,Assembly mismatch,2,FAIL
QC-0011318,WO-003773,2026-03-27,M03,P01,Cosmetic,3,FAIL
QC-0011319,WO-003773,2026-03-27,M03,P01,Weld porosity,0,PASS
QC-0011320,WO-003774,2026-03-27,M04,P06,Cosmetic,3,FAIL
QC-0011321,WO-003774,2026-03-27,M04,P06,Weld porosity,3,FAIL
QC-0011322,WO-003774,2026-03-27,M04,P06,Surface finish,0,PASS
QC-0011323,WO-003775,2026-03-27,M04,P03,Weld porosity,5,FAIL
QC-0011324,WO-003775,2026-03-27,M04,P03,Surface finish,4,FAIL
QC-0011325,WO-003775,2026-03-27,M04,P03,Cosmetic,2,FAIL
QC-0011326,WO-003776,2026-03-27,M05,P04,Material defect,4,FAIL
QC-0011327,WO-003776,2026-03-27,M05,P04,Weld porosity,1,FAIL
QC-0011328,WO-003776,2026-03-27,M05,P04,Cosmetic,0,PASS
QC-0011329,WO-003777,2026-03-27,M05,P01,Weld porosity,6,FAIL
QC-0011330,WO-003777,2026-03-27,M05,P01,Surface finish,0,PASS
QC-0011331,WO-003777,2026-03-27,M05,P01,Assembly mismatch,1,FAIL
QC-0011332,WO-003778,2026-03-27,M06,P04,Surface finish,4,FAIL
QC-0011333,WO-003778,2026-03-27,M06,P04,Weld porosity,1,FAIL
QC-0011334,WO-003778,2026-03-27,M06,P04,Dimensional,0,PASS
QC-0011335,WO-003779,2026-03-27,M06,P04,Dimensional,4,FAIL
QC-0011336,WO-003779,2026-03-27,M06,P04,Surface finish,0,PASS
QC-0011337,WO-003779,2026-03-27,M06,P04,Material defect,1,FAIL
QC-0011338,WO-003780,2026-03-30,M01,P03,Assembly mismatch,4,FAIL
QC-0011339,WO-003780,2026-03-30,M01,P03,Cosmetic,0,PASS
QC-0011340,WO-003780,2026-03-30,M01,P03,Dimensional,0,PASS
QC-0011341,WO-003781,2026-03-30,M01,P02,Assembly mismatch,3,FAIL
QC-0011342,WO-003781,2026-03-30,M01,P02,Material defect,4,FAIL
QC-0011343,WO-003781,2026-03-30,M01,P02,Weld porosity,2,FAIL
QC-0011344,WO-003782,2026-03-30,M02,P02,Cosmetic,3,FAIL
QC-0011345,WO-003782,2026-03-30,M02,P02,Material defect,1,FAIL
QC-0011346,WO-003782,2026-03-30,M02,P02,Assembly mismatch,1,FAIL
QC-0011347,WO-003783,2026-03-30,M02,P01,Cosmetic,5,FAIL
QC-0011348,WO-003783,2026-03-30,M02,P01,Surface finish,1,FAIL
QC-0011349,WO-003783,2026-03-30,M02,P01,Assembly mismatch,0,PASS
QC-0011350,WO-003784,2026-03-30,M03,P03,Assembly mismatch,2,FAIL
QC-0011351,WO-003784,2026-03-30,M03,P03,Weld porosity,1,FAIL
QC-0011352,WO-003784,2026-03-30,M03,P03,Cosmetic,3,FAIL
QC-0011353,WO-003785,2026-03-30,M03,P01,Cosmetic,3,FAIL
QC-0011354,WO-003785,2026-03-30,M03,P01,Dimensional,0,PASS
QC-0011355,WO-003785,2026-03-30,M03,P01,Surface finish,4,FAIL
QC-0011356,WO-003786,2026-03-30,M04,P04,Cosmetic,4,FAIL
QC-0011357,WO-003786,2026-03-30,M04,P04,Weld porosity,1,FAIL
QC-0011358,WO-003786,2026-03-30,M04,P04,Material defect,0,PASS
QC-0011359,WO-003787,2026-03-30,M04,P04,Dimensional,3,FAIL
QC-0011360,WO-003787,2026-03-30,M04,P04,Assembly mismatch,4,FAIL
QC-0011361,WO-003787,2026-03-30,M04,P04,Weld porosity,0,PASS
QC-0011362,WO-003788,2026-03-30,M05,P04,Weld porosity,2,FAIL
QC-0011363,WO-003788,2026-03-30,M05,P04,Material defect,2,FAIL
QC-0011364,WO-003788,2026-03-30,M05,P04,Dimensional,1,FAIL
QC-0011365,WO-003789,2026-03-30,M05,P05,Weld porosity,3,FAIL
QC-0011366,WO-003789,2026-03-30,M05,P05,Cosmetic,3,FAIL
QC-0011367,WO-003789,2026-03-30,M05,P05,Dimensional,2,FAIL
QC-0011368,WO-003790,2026-03-30,M06,P04,Weld porosity,2,FAIL
QC-0011369,WO-003790,2026-03-30,M06,P04,Assembly mismatch,1,FAIL
QC-0011370,WO-003790,2026-03-30,M06,P04,Surface finish,2,FAIL
QC-0011371,WO-003791,2026-03-30,M06,P06,Cosmetic,4,FAIL
QC-0011372,WO-003791,2026-03-30,M06,P06,Weld porosity,1,FAIL
QC-0011373,WO-003791,2026-03-30,M06,P06,Material defect,2,FAIL
QC-0011374,WO-003792,2026-03-31,M01,P01,Weld porosity,3,FAIL
QC-0011375,WO-003792,2026-03-31,M01,P01,Assembly mismatch,2,FAIL
QC-0011376,WO-003792,2026-03-31,M01,P01,Material defect,0,PASS
QC-0011377,WO-003793,2026-03-31,M01,P01,Dimensional,6,FAIL
QC-0011378,WO-003793,2026-03-31,M01,P01,Cosmetic,3,FAIL
QC-0011379,WO-003793,2026-03-31,M01,P01,Surface finish,0,PASS
QC-0011380,WO-003794,2026-03-31,M02,P02,Dimensional,3,FAIL
QC-0011381,WO-003794,2026-03-31,M02,P02,Cosmetic,1,FAIL
QC-0011382,WO-003794,2026-03-31,M02,P02,Weld porosity,1,FAIL
QC-0011383,WO-003795,2026-03-31,M02,P01,Surface finish,1,FAIL
QC-0011384,WO-003795,2026-03-31,M02,P01,Dimensional,4,FAIL
QC-0011385,WO-003795,2026-03-31,M02,P01,Cosmetic,1,FAIL
QC-0011386,WO-003796,2026-03-31,M03,P05,Cosmetic,4,FAIL
QC-0011387,WO-003796,2026-03-31,M03,P05,Weld porosity,3,FAIL
QC-0011388,WO-003796,2026-03-31,M03,P05,Surface finish,2,FAIL
QC-0011389,WO-003797,2026-03-31,M03,P01,Assembly mismatch,5,FAIL
QC-0011390,WO-003797,2026-03-31,M03,P01,Weld porosity,0,PASS
QC-0011391,WO-003797,2026-03-31,M03,P01,Dimensional,1,FAIL
QC-0011392,WO-003798,2026-03-31,M04,P03,Weld porosity,4,FAIL
QC-0011393,WO-003798,2026-03-31,M04,P03,Dimensional,1,FAIL
QC-0011394,WO-003798,2026-03-31,M04,P03,Material defect,3,FAIL
QC-0011395,WO-003799,2026-03-31,M04,P03,Weld porosity,6,FAIL
QC-0011396,WO-003799,2026-03-31,M04,P03,Dimensional,4,FAIL
QC-0011397,WO-003799,2026-03-31,M04,P03,Cosmetic,1,FAIL
QC-0011398,WO-003800,2026-03-31,M05,P06,Assembly mismatch,5,FAIL
QC-0011399,WO-003800,2026-03-31,M05,P06,Material defect,0,PASS
QC-0011400,WO-003800,2026-03-31,M05,P06,Surface finish,2,FAIL
QC-0011401,WO-003801,2026-03-31,M05,P01,Weld porosity,5,FAIL
QC-0011402,WO-003801,2026-03-31,M05,P01,Dimensional,2,FAIL
QC-0011403,WO-003801,2026-03-31,M05,P01,Surface finish,0,PASS
QC-0011404,WO-003802,2026-03-31,M06,P05,Material defect,10,FAIL
QC-0011405,WO-003802,2026-03-31,M06,P05,Dimensional,2,FAIL
QC-0011406,WO-003802,2026-03-31,M06,P05,Cosmetic,1,FAIL
QC-0011407,WO-003803,2026-03-31,M06,P01,Cosmetic,6,FAIL
QC-0011408,WO-003803,2026-03-31,M06,P01,Dimensional,2,FAIL
QC-0011409,WO-003803,2026-03-31,M06,P01,Assembly mismatch,0,PASS
QC-0011410,WO-003804,2026-04-01,M01,P02,Cosmetic,2,FAIL
QC-0011411,WO-003804,2026-04-01,M01,P02,Dimensional,3,FAIL
QC-0011412,WO-003804,2026-04-01,M01,P02,Surface finish,0,PASS
QC-0011413,WO-003805,2026-04-01,M01,P02,Weld porosity,5,FAIL
QC-0011414,WO-003805,2026-04-01,M01,P02,Assembly mismatch,1,FAIL
QC-0011415,WO-003805,2026-04-01,M01,P02,Surface finish,0,PASS
QC-0011416,WO-003806,2026-04-01,M02,P01,Material defect,3,FAIL
QC-0011417,WO-003806,2026-04-01,M02,P01,Dimensional,2,FAIL
QC-0011418,WO-003806,2026-04-01,M02,P01,Assembly mismatch,0,PASS
QC-0011419,WO-003807,2026-04-01,M02,P01,Assembly mismatch,3,FAIL
QC-0011420,WO-003807,2026-04-01,M02,P01,Weld porosity,2,FAIL
QC-0011421,WO-003807,2026-04-01,M02,P01,Cosmetic,1,FAIL
QC-0011422,WO-003808,2026-04-01,M03,P05,Dimensional,5,FAIL
QC-0011423,WO-003808,2026-04-01,M03,P05,Cosmetic,2,FAIL
QC-0011424,WO-003808,2026-04-01,M03,P05,Assembly mismatch,1,FAIL
QC-0011425,WO-003809,2026-04-01,M03,P03,Cosmetic,6,FAIL
QC-0011426,WO-003809,2026-04-01,M03,P03,Assembly mismatch,1,FAIL
QC-0011427,WO-003809,2026-04-01,M03,P03,Dimensional,3,FAIL
QC-0011428,WO-003810,2026-04-01,M04,P06,Cosmetic,4,FAIL
QC-0011429,WO-003810,2026-04-01,M04,P06,Material defect,2,FAIL
QC-0011430,WO-003810,2026-04-01,M04,P06,Weld porosity,1,FAIL
QC-0011431,WO-003811,2026-04-01,M04,P03,Weld porosity,1,FAIL
QC-0011432,WO-003811,2026-04-01,M04,P03,Surface finish,2,FAIL
QC-0011433,WO-003811,2026-04-01,M04,P03,Assembly mismatch,5,FAIL
QC-0011434,WO-003812,2026-04-01,M05,P05,Dimensional,10,FAIL
QC-0011435,WO-003812,2026-04-01,M05,P05,Material defect,2,FAIL
QC-0011436,WO-003812,2026-04-01,M05,P05,Weld porosity,1,FAIL
QC-0011437,WO-003813,2026-04-01,M05,P04,Cosmetic,4,FAIL
QC-0011438,WO-003813,2026-04-01,M05,P04,Dimensional,1,FAIL
QC-0011439,WO-003813,2026-04-01,M05,P04,Assembly mismatch,1,FAIL
QC-0011440,WO-003814,2026-04-01,M06,P01,Dimensional,3,FAIL
QC-0011441,WO-003814,2026-04-01,M06,P01,Weld porosity,1,FAIL
QC-0011442,WO-003814,2026-04-01,M06,P01,Cosmetic,1,FAIL
QC-0011443,WO-003815,2026-04-01,M06,P04,Dimensional,4,FAIL
QC-0011444,WO-003815,2026-04-01,M06,P04,Material defect,2,FAIL
QC-0011445,WO-003815,2026-04-01,M06,P04,Cosmetic,0,PASS
QC-0011446,WO-003816,2026-04-02,M01,P03,Dimensional,6,FAIL
QC-0011447,WO-003816,2026-04-02,M01,P03,Cosmetic,0,PASS
QC-0011448,WO-003816,2026-04-02,M01,P03,Assembly mismatch,2,FAIL
QC-0011449,WO-003817,2026-04-02,M01,P03,Dimensional,3,FAIL
QC-0011450,WO-003817,2026-04-02,M01,P03,Material defect,2,FAIL
QC-0011451,WO-003817,2026-04-02,M01,P03,Weld porosity,1,FAIL
QC-0011452,WO-003818,2026-04-02,M02,P05,Surface finish,3,FAIL
QC-0011453,WO-003818,2026-04-02,M02,P05,Cosmetic,5,FAIL
QC-0011454,WO-003818,2026-04-02,M02,P05,Material defect,1,FAIL
QC-0011455,WO-003819,2026-04-02,M02,P01,Weld porosity,3,FAIL
QC-0011456,WO-003819,2026-04-02,M02,P01,Surface finish,1,FAIL
QC-0011457,WO-003819,2026-04-02,M02,P01,Dimensional,1,FAIL
QC-0011458,WO-003820,2026-04-02,M03,P05,Cosmetic,12,FAIL
QC-0011459,WO-003820,2026-04-02,M03,P05,Assembly mismatch,2,FAIL
QC-0011460,WO-003820,2026-04-02,M03,P05,Weld porosity,1,FAIL
QC-0011461,WO-003821,2026-04-02,M03,P05,Material defect,5,FAIL
QC-0011462,WO-003821,2026-04-02,M03,P05,Dimensional,3,FAIL
QC-0011463,WO-003821,2026-04-02,M03,P05,Cosmetic,2,FAIL
QC-0011464,WO-003822,2026-04-02,M04,P04,Cosmetic,1,FAIL
QC-0011465,WO-003822,2026-04-02,M04,P04,Assembly mismatch,3,FAIL
QC-0011466,WO-003822,2026-04-02,M04,P04,Weld porosity,1,FAIL
QC-0011467,WO-003823,2026-04-02,M04,P04,Material defect,1,FAIL
QC-0011468,WO-003823,2026-04-02,M04,P04,Surface finish,1,FAIL
QC-0011469,WO-003823,2026-04-02,M04,P04,Weld porosity,4,FAIL
QC-0011470,WO-003824,2026-04-02,M05,P06,Assembly mismatch,4,FAIL
QC-0011471,WO-003824,2026-04-02,M05,P06,Material defect,1,FAIL
QC-0011472,WO-003824,2026-04-02,M05,P06,Weld porosity,2,FAIL
QC-0011473,WO-003825,2026-04-02,M05,P01,Material defect,2,FAIL
QC-0011474,WO-003825,2026-04-02,M05,P01,Weld porosity,4,FAIL
QC-0011475,WO-003825,2026-04-02,M05,P01,Surface finish,0,PASS
QC-0011476,WO-003826,2026-04-02,M06,P04,Cosmetic,4,FAIL
QC-0011477,WO-003826,2026-04-02,M06,P04,Dimensional,1,FAIL
QC-0011478,WO-003826,2026-04-02,M06,P04,Material defect,0,PASS
QC-0011479,WO-003827,2026-04-02,M06,P01,Material defect,2,FAIL
QC-0011480,WO-003827,2026-04-02,M06,P01,Assembly mismatch,3,FAIL
QC-0011481,WO-003827,2026-04-02,M06,P01,Cosmetic,3,FAIL
QC-0011482,WO-003828,2026-04-03,M01,P02,Dimensional,5,FAIL
QC-0011483,WO-003828,2026-04-03,M01,P02,Assembly mismatch,1,FAIL
QC-0011484,WO-003828,2026-04-03,M01,P02,Cosmetic,1,FAIL
QC-0011485,WO-003829,2026-04-03,M01,P03,Assembly mismatch,3,FAIL
QC-0011486,WO-003829,2026-04-03,M01,P03,Cosmetic,5,FAIL
QC-0011487,WO-003829,2026-04-03,M01,P03,Dimensional,1,FAIL
QC-0011488,WO-003830,2026-04-03,M02,P01,Cosmetic,3,FAIL
QC-0011489,WO-003830,2026-04-03,M02,P01,Weld porosity,2,FAIL
QC-0011490,WO-003830,2026-04-03,M02,P01,Material defect,0,PASS
QC-0011491,WO-003831,2026-04-03,M02,P01,Assembly mismatch,3,FAIL
QC-0011492,WO-003831,2026-04-03,M02,P01,Dimensional,3,FAIL
QC-0011493,WO-003831,2026-04-03,M02,P01,Surface finish,0,PASS
QC-0011494,WO-003832,2026-04-03,M03,P03,Assembly mismatch,2,FAIL
QC-0011495,WO-003832,2026-04-03,M03,P03,Surface finish,2,FAIL
QC-0011496,WO-003832,2026-04-03,M03,P03,Weld porosity,1,FAIL
QC-0011497,WO-003833,2026-04-03,M03,P05,Cosmetic,4,FAIL
QC-0011498,WO-003833,2026-04-03,M03,P05,Dimensional,4,FAIL
QC-0011499,WO-003833,2026-04-03,M03,P05,Surface finish,3,FAIL
QC-0011500,WO-003834,2026-04-03,M04,P04,Material defect,3,FAIL
QC-0011501,WO-003834,2026-04-03,M04,P04,Weld porosity,2,FAIL
QC-0011502,WO-003834,2026-04-03,M04,P04,Assembly mismatch,0,PASS
QC-0011503,WO-003835,2026-04-03,M04,P06,Dimensional,4,FAIL
QC-0011504,WO-003835,2026-04-03,M04,P06,Weld porosity,3,FAIL
QC-0011505,WO-003835,2026-04-03,M04,P06,Cosmetic,1,FAIL
QC-0011506,WO-003836,2026-04-03,M05,P06,Surface finish,6,FAIL
QC-0011507,WO-003836,2026-04-03,M05,P06,Material defect,0,PASS
QC-0011508,WO-003836,2026-04-03,M05,P06,Weld porosity,1,FAIL
QC-0011509,WO-003837,2026-04-03,M05,P01,Weld porosity,4,FAIL
QC-0011510,WO-003837,2026-04-03,M05,P01,Surface finish,0,PASS
QC-0011511,WO-003837,2026-04-03,M05,P01,Cosmetic,0,PASS
QC-0011512,WO-003838,2026-04-03,M06,P05,Surface finish,7,FAIL
QC-0011513,WO-003838,2026-04-03,M06,P05,Weld porosity,2,FAIL
QC-0011514,WO-003838,2026-04-03,M06,P05,Material defect,0,PASS
QC-0011515,WO-003839,2026-04-03,M06,P05,Cosmetic,8,FAIL
QC-0011516,WO-003839,2026-04-03,M06,P05,Dimensional,0,PASS
QC-0011517,WO-003839,2026-04-03,M06,P05,Weld porosity,2,FAIL
QC-0011518,WO-003840,2026-04-06,M01,P03,Weld porosity,7,FAIL
QC-0011519,WO-003840,2026-04-06,M01,P03,Dimensional,4,FAIL
QC-0011520,WO-003840,2026-04-06,M01,P03,Material defect,1,FAIL
QC-0011521,WO-003841,2026-04-06,M01,P02,Surface finish,4,FAIL
QC-0011522,WO-003841,2026-04-06,M01,P02,Material defect,1,FAIL
QC-0011523,WO-003841,2026-04-06,M01,P02,Cosmetic,1,FAIL
QC-0011524,WO-003842,2026-04-06,M02,P02,Cosmetic,2,FAIL
QC-0011525,WO-003842,2026-04-06,M02,P02,Surface finish,4,FAIL
QC-0011526,WO-003842,2026-04-06,M02,P02,Dimensional,1,FAIL
QC-0011527,WO-003843,2026-04-06,M02,P02,Dimensional,5,FAIL
QC-0011528,WO-003843,2026-04-06,M02,P02,Weld porosity,2,FAIL
QC-0011529,WO-003843,2026-04-06,M02,P02,Cosmetic,1,FAIL
QC-0011530,WO-003844,2026-04-06,M03,P03,Surface finish,6,FAIL
QC-0011531,WO-003844,2026-04-06,M03,P03,Weld porosity,5,FAIL
QC-0011532,WO-003844,2026-04-06,M03,P03,Dimensional,1,FAIL
QC-0011533,WO-003845,2026-04-06,M03,P03,Assembly mismatch,8,FAIL
QC-0011534,WO-003845,2026-04-06,M03,P03,Weld porosity,1,FAIL
QC-0011535,WO-003845,2026-04-06,M03,P03,Cosmetic,1,FAIL
QC-0011536,WO-003846,2026-04-06,M04,P04,Weld porosity,3,FAIL
QC-0011537,WO-003846,2026-04-06,M04,P04,Material defect,2,FAIL
QC-0011538,WO-003846,2026-04-06,M04,P04,Dimensional,0,PASS
QC-0011539,WO-003847,2026-04-06,M04,P04,Surface finish,4,FAIL
QC-0011540,WO-003847,2026-04-06,M04,P04,Weld porosity,0,PASS
QC-0011541,WO-003847,2026-04-06,M04,P04,Cosmetic,1,FAIL
QC-0011542,WO-003848,2026-04-06,M05,P06,Surface finish,4,FAIL
QC-0011543,WO-003848,2026-04-06,M05,P06,Dimensional,3,FAIL
QC-0011544,WO-003848,2026-04-06,M05,P06,Assembly mismatch,0,PASS
QC-0011545,WO-003849,2026-04-06,M05,P01,Surface finish,6,FAIL
QC-0011546,WO-003849,2026-04-06,M05,P01,Assembly mismatch,0,PASS
QC-0011547,WO-003849,2026-04-06,M05,P01,Material defect,1,FAIL
QC-0011548,WO-003850,2026-04-06,M06,P01,Cosmetic,4,FAIL
QC-0011549,WO-003850,2026-04-06,M06,P01,Material defect,1,FAIL
QC-0011550,WO-003850,2026-04-06,M06,P01,Surface finish,1,FAIL
QC-0011551,WO-003851,2026-04-06,M06,P06,Weld porosity,5,FAIL
QC-0011552,WO-003851,2026-04-06,M06,P06,Dimensional,0,PASS
QC-0011553,WO-003851,2026-04-06,M06,P06,Cosmetic,2,FAIL
QC-0011554,WO-003852,2026-04-07,M01,P02,Cosmetic,4,FAIL
QC-0011555,WO-003852,2026-04-07,M01,P02,Weld porosity,1,FAIL
QC-0011556,WO-003852,2026-04-07,M01,P02,Surface finish,1,FAIL
QC-0011557,WO-003853,2026-04-07,M01,P02,Material defect,1,FAIL
QC-0011558,WO-003853,2026-04-07,M01,P02,Dimensional,2,FAIL
QC-0011559,WO-003853,2026-04-07,M01,P02,Assembly mismatch,0,PASS
QC-0011560,WO-003854,2026-04-07,M02,P05,Dimensional,4,FAIL
QC-0011561,WO-003854,2026-04-07,M02,P05,Assembly mismatch,4,FAIL
QC-0011562,WO-003854,2026-04-07,M02,P05,Weld porosity,0,PASS
QC-0011563,WO-003855,2026-04-07,M03,P05,Cosmetic,9,FAIL
QC-0011564,WO-003855,2026-04-07,M03,P05,Material defect,0,PASS
QC-0011565,WO-003855,2026-04-07,M03,P05,Weld porosity,0,PASS
QC-0011566,WO-003856,2026-04-07,M03,P01,Cosmetic,3,FAIL
QC-0011567,WO-003856,2026-04-07,M03,P01,Material defect,2,FAIL
QC-0011568,WO-003856,2026-04-07,M03,P01,Weld porosity,1,FAIL
QC-0011569,WO-003857,2026-04-07,M04,P04,Cosmetic,3,FAIL
QC-0011570,WO-003857,2026-04-07,M04,P04,Weld porosity,2,FAIL
QC-0011571,WO-003857,2026-04-07,M04,P04,Dimensional,1,FAIL
QC-0011572,WO-003858,2026-04-07,M04,P06,Weld porosity,4,FAIL
QC-0011573,WO-003858,2026-04-07,M04,P06,Dimensional,2,FAIL
QC-0011574,WO-003858,2026-04-07,M04,P06,Material defect,1,FAIL
QC-0011575,WO-003859,2026-04-07,M05,P01,Assembly mismatch,2,FAIL
QC-0011576,WO-003859,2026-04-07,M05,P01,Weld porosity,4,FAIL
QC-0011577,WO-003859,2026-04-07,M05,P01,Dimensional,0,PASS
QC-0011578,WO-003860,2026-04-07,M05,P01,Dimensional,5,FAIL
QC-0011579,WO-003860,2026-04-07,M05,P01,Material defect,1,FAIL
QC-0011580,WO-003860,2026-04-07,M05,P01,Weld porosity,0,PASS
QC-0011581,WO-003861,2026-04-07,M06,P04,Assembly mismatch,1,FAIL
QC-0011582,WO-003861,2026-04-07,M06,P04,Dimensional,2,FAIL
QC-0011583,WO-003861,2026-04-07,M06,P04,Surface finish,1,FAIL
QC-0011584,WO-003862,2026-04-07,M06,P06,Cosmetic,6,FAIL
QC-0011585,WO-003862,2026-04-07,M06,P06,Material defect,2,FAIL
QC-0011586,WO-003862,2026-04-07,M06,P06,Dimensional,0,PASS
QC-0011587,WO-003863,2026-04-08,M01,P01,Cosmetic,2,FAIL
QC-0011588,WO-003863,2026-04-08,M01,P01,Dimensional,2,FAIL
QC-0011589,WO-003863,2026-04-08,M01,P01,Weld porosity,0,PASS
QC-0011590,WO-003864,2026-04-08,M01,P03,Surface finish,4,FAIL
QC-0011591,WO-003864,2026-04-08,M01,P03,Weld porosity,2,FAIL
QC-0011592,WO-003864,2026-04-08,M01,P03,Cosmetic,1,FAIL
QC-0011593,WO-003865,2026-04-08,M02,P05,Weld porosity,4,FAIL
QC-0011594,WO-003865,2026-04-08,M02,P05,Surface finish,3,FAIL
QC-0011595,WO-003865,2026-04-08,M02,P05,Material defect,1,FAIL
QC-0011596,WO-003866,2026-04-08,M02,P01,Cosmetic,4,FAIL
QC-0011597,WO-003866,2026-04-08,M02,P01,Weld porosity,1,FAIL
QC-0011598,WO-003866,2026-04-08,M02,P01,Assembly mismatch,0,PASS
QC-0011599,WO-003867,2026-04-08,M03,P01,Surface finish,3,FAIL
QC-0011600,WO-003867,2026-04-08,M03,P01,Assembly mismatch,0,PASS
QC-0011601,WO-003867,2026-04-08,M03,P01,Dimensional,1,FAIL
QC-0011602,WO-003868,2026-04-08,M03,P05,Surface finish,4,FAIL
QC-0011603,WO-003868,2026-04-08,M03,P05,Material defect,2,FAIL
QC-0011604,WO-003868,2026-04-08,M03,P05,Weld porosity,1,FAIL
QC-0011605,WO-003869,2026-04-08,M04,P04,Weld porosity,3,FAIL
QC-0011606,WO-003869,2026-04-08,M04,P04,Cosmetic,2,FAIL
QC-0011607,WO-003869,2026-04-08,M04,P04,Surface finish,1,FAIL
QC-0011608,WO-003870,2026-04-08,M04,P06,Weld porosity,5,FAIL
QC-0011609,WO-003870,2026-04-08,M04,P06,Surface finish,1,FAIL
QC-0011610,WO-003870,2026-04-08,M04,P06,Assembly mismatch,0,PASS
QC-0011611,WO-003871,2026-04-08,M05,P05,Surface finish,8,FAIL
QC-0011612,WO-003871,2026-04-08,M05,P05,Dimensional,1,FAIL
QC-0011613,WO-003871,2026-04-08,M05,P05,Weld porosity,1,FAIL
QC-0011614,WO-003872,2026-04-08,M06,P04,Dimensional,2,FAIL
QC-0011615,WO-003872,2026-04-08,M06,P04,Surface finish,1,FAIL
QC-0011616,WO-003872,2026-04-08,M06,P04,Material defect,0,PASS
QC-0011617,WO-003873,2026-04-08,M06,P05,Surface finish,9,FAIL
QC-0011618,WO-003873,2026-04-08,M06,P05,Weld porosity,2,FAIL
QC-0011619,WO-003873,2026-04-08,M06,P05,Material defect,2,FAIL
QC-0011620,WO-003874,2026-04-09,M01,P03,Assembly mismatch,3,FAIL
QC-0011621,WO-003874,2026-04-09,M01,P03,Dimensional,2,FAIL
QC-0011622,WO-003874,2026-04-09,M01,P03,Material defect,1,FAIL
QC-0011623,WO-003875,2026-04-09,M01,P01,Surface finish,3,FAIL
QC-0011624,WO-003875,2026-04-09,M01,P01,Dimensional,1,FAIL
QC-0011625,WO-003875,2026-04-09,M01,P01,Assembly mismatch,1,FAIL
QC-0011626,WO-003876,2026-04-09,M02,P05,Dimensional,7,FAIL
QC-0011627,WO-003876,2026-04-09,M02,P05,Weld porosity,2,FAIL
QC-0011628,WO-003876,2026-04-09,M02,P05,Cosmetic,3,FAIL
QC-0011629,WO-003877,2026-04-09,M02,P02,Weld porosity,3,FAIL
QC-0011630,WO-003877,2026-04-09,M02,P02,Dimensional,3,FAIL
QC-0011631,WO-003877,2026-04-09,M02,P02,Assembly mismatch,0,PASS
QC-0011632,WO-003878,2026-04-09,M03,P01,Assembly mismatch,2,FAIL
QC-0011633,WO-003878,2026-04-09,M03,P01,Dimensional,2,FAIL
QC-0011634,WO-003878,2026-04-09,M03,P01,Material defect,0,PASS
QC-0011635,WO-003879,2026-04-09,M03,P05,Material defect,5,FAIL
QC-0011636,WO-003879,2026-04-09,M03,P05,Dimensional,3,FAIL
QC-0011637,WO-003879,2026-04-09,M03,P05,Weld porosity,4,FAIL
QC-0011638,WO-003880,2026-04-09,M04,P03,Weld porosity,4,FAIL
QC-0011639,WO-003880,2026-04-09,M04,P03,Material defect,1,FAIL
QC-0011640,WO-003880,2026-04-09,M04,P03,Dimensional,3,FAIL
QC-0011641,WO-003881,2026-04-09,M04,P04,Weld porosity,4,FAIL
QC-0011642,WO-003881,2026-04-09,M04,P04,Assembly mismatch,1,FAIL
QC-0011643,WO-003881,2026-04-09,M04,P04,Material defect,0,PASS
QC-0011644,WO-003882,2026-04-09,M05,P04,Assembly mismatch,3,FAIL
QC-0011645,WO-003882,2026-04-09,M05,P04,Weld porosity,1,FAIL
QC-0011646,WO-003882,2026-04-09,M05,P04,Surface finish,0,PASS
QC-0011647,WO-003883,2026-04-09,M05,P05,Weld porosity,4,FAIL
QC-0011648,WO-003883,2026-04-09,M05,P05,Surface finish,3,FAIL
QC-0011649,WO-003883,2026-04-09,M05,P05,Assembly mismatch,0,PASS
QC-0011650,WO-003884,2026-04-09,M06,P05,Dimensional,5,FAIL
QC-0011651,WO-003884,2026-04-09,M06,P05,Surface finish,1,FAIL
QC-0011652,WO-003884,2026-04-09,M06,P05,Weld porosity,3,FAIL
QC-0011653,WO-003885,2026-04-09,M06,P01,Surface finish,7,FAIL
QC-0011654,WO-003885,2026-04-09,M06,P01,Dimensional,1,FAIL
QC-0011655,WO-003885,2026-04-09,M06,P01,Material defect,0,PASS
QC-0011656,WO-003886,2026-04-10,M01,P03,Dimensional,4,FAIL
QC-0011657,WO-003886,2026-04-10,M01,P03,Surface finish,1,FAIL
QC-0011658,WO-003886,2026-04-10,M01,P03,Weld porosity,3,FAIL
QC-0011659,WO-003887,2026-04-10,M01,P02,Weld porosity,1,FAIL
QC-0011660,WO-003887,2026-04-10,M01,P02,Surface finish,2,FAIL
QC-0011661,WO-003887,2026-04-10,M01,P02,Dimensional,1,FAIL
QC-0011662,WO-003888,2026-04-10,M02,P05,Dimensional,3,FAIL
QC-0011663,WO-003888,2026-04-10,M02,P05,Weld porosity,3,FAIL
QC-0011664,WO-003888,2026-04-10,M02,P05,Assembly mismatch,2,FAIL
QC-0011665,WO-003889,2026-04-10,M02,P05,Cosmetic,4,FAIL
QC-0011666,WO-003889,2026-04-10,M02,P05,Dimensional,5,FAIL
QC-0011667,WO-003889,2026-04-10,M02,P05,Weld porosity,2,FAIL
QC-0011668,WO-003890,2026-04-10,M03,P01,Weld porosity,2,FAIL
QC-0011669,WO-003890,2026-04-10,M03,P01,Dimensional,0,PASS
QC-0011670,WO-003890,2026-04-10,M03,P01,Cosmetic,1,FAIL
QC-0011671,WO-003891,2026-04-10,M03,P05,Surface finish,4,FAIL
QC-0011672,WO-003891,2026-04-10,M03,P05,Dimensional,3,FAIL
QC-0011673,WO-003891,2026-04-10,M03,P05,Cosmetic,2,FAIL
QC-0011674,WO-003892,2026-04-10,M04,P04,Weld porosity,3,FAIL
QC-0011675,WO-003892,2026-04-10,M04,P04,Surface finish,2,FAIL
QC-0011676,WO-003892,2026-04-10,M04,P04,Dimensional,1,FAIL
QC-0011677,WO-003893,2026-04-10,M04,P06,Weld porosity,6,FAIL
QC-0011678,WO-003893,2026-04-10,M04,P06,Cosmetic,1,FAIL
QC-0011679,WO-003893,2026-04-10,M04,P06,Surface finish,0,PASS
QC-0011680,WO-003894,2026-04-10,M05,P06,Material defect,4,FAIL
QC-0011681,WO-003894,2026-04-10,M05,P06,Cosmetic,2,FAIL
QC-0011682,WO-003894,2026-04-10,M05,P06,Weld porosity,1,FAIL
QC-0011683,WO-003895,2026-04-10,M05,P04,Surface finish,1,FAIL
QC-0011684,WO-003895,2026-04-10,M05,P04,Material defect,2,FAIL
QC-0011685,WO-003895,2026-04-10,M05,P04,Dimensional,1,FAIL
QC-0011686,WO-003896,2026-04-10,M06,P01,Surface finish,3,FAIL
QC-0011687,WO-003896,2026-04-10,M06,P01,Weld porosity,0,PASS
QC-0011688,WO-003896,2026-04-10,M06,P01,Dimensional,1,FAIL
QC-0011689,WO-003897,2026-04-10,M06,P06,Surface finish,6,FAIL
QC-0011690,WO-003897,2026-04-10,M06,P06,Weld porosity,3,FAIL
QC-0011691,WO-003897,2026-04-10,M06,P06,Cosmetic,1,FAIL
QC-0011692,WO-003898,2026-04-13,M01,P01,Dimensional,6,FAIL
QC-0011693,WO-003898,2026-04-13,M01,P01,Weld porosity,0,PASS
QC-0011694,WO-003898,2026-04-13,M01,P01,Material defect,0,PASS
QC-0011695,WO-003899,2026-04-13,M01,P01,Material defect,2,FAIL
QC-0011696,WO-003899,2026-04-13,M01,P01,Cosmetic,1,FAIL
QC-0011697,WO-003899,2026-04-13,M01,P01,Assembly mismatch,2,FAIL
QC-0011698,WO-003900,2026-04-13,M02,P02,Dimensional,3,FAIL
QC-0011699,WO-003900,2026-04-13,M02,P02,Assembly mismatch,1,FAIL
QC-0011700,WO-003900,2026-04-13,M02,P02,Cosmetic,0,PASS
QC-0011701,WO-003901,2026-04-13,M02,P01,Cosmetic,4,FAIL
QC-0011702,WO-003901,2026-04-13,M02,P01,Material defect,1,FAIL
QC-0011703,WO-003901,2026-04-13,M02,P01,Weld porosity,2,FAIL
QC-0011704,WO-003902,2026-04-13,M03,P05,Surface finish,4,FAIL
QC-0011705,WO-003902,2026-04-13,M03,P05,Assembly mismatch,2,FAIL
QC-0011706,WO-003902,2026-04-13,M03,P05,Weld porosity,1,FAIL
QC-0011707,WO-003903,2026-04-13,M03,P05,Surface finish,7,FAIL
QC-0011708,WO-003903,2026-04-13,M03,P05,Cosmetic,2,FAIL
QC-0011709,WO-003903,2026-04-13,M03,P05,Assembly mismatch,0,PASS
QC-0011710,WO-003904,2026-04-13,M04,P04,Dimensional,4,FAIL
QC-0011711,WO-003904,2026-04-13,M04,P04,Weld porosity,1,FAIL
QC-0011712,WO-003904,2026-04-13,M04,P04,Material defect,0,PASS
QC-0011713,WO-003905,2026-04-13,M04,P04,Weld porosity,2,FAIL
QC-0011714,WO-003905,2026-04-13,M04,P04,Surface finish,2,FAIL
QC-0011715,WO-003905,2026-04-13,M04,P04,Assembly mismatch,1,FAIL
QC-0011716,WO-003906,2026-04-13,M05,P01,Assembly mismatch,0,PASS
QC-0011717,WO-003906,2026-04-13,M05,P01,Weld porosity,1,FAIL
QC-0011718,WO-003906,2026-04-13,M05,P01,Dimensional,2,FAIL
QC-0011719,WO-003907,2026-04-13,M05,P06,Surface finish,7,FAIL
QC-0011720,WO-003907,2026-04-13,M05,P06,Dimensional,0,PASS
QC-0011721,WO-003907,2026-04-13,M05,P06,Cosmetic,0,PASS
QC-0011722,WO-003908,2026-04-13,M06,P04,Assembly mismatch,2,FAIL
QC-0011723,WO-003908,2026-04-13,M06,P04,Weld porosity,2,FAIL
QC-0011724,WO-003908,2026-04-13,M06,P04,Surface finish,1,FAIL
QC-0011725,WO-003909,2026-04-13,M06,P01,Surface finish,4,FAIL
QC-0011726,WO-003909,2026-04-13,M06,P01,Dimensional,1,FAIL
QC-0011727,WO-003909,2026-04-13,M06,P01,Material defect,0,PASS
QC-0011728,WO-003910,2026-04-14,M01,P02,Assembly mismatch,2,FAIL
QC-0011729,WO-003910,2026-04-14,M01,P02,Weld porosity,1,FAIL
QC-0011730,WO-003910,2026-04-14,M01,P02,Cosmetic,0,PASS
QC-0011731,WO-003911,2026-04-14,M01,P01,Surface finish,5,FAIL
QC-0011732,WO-003911,2026-04-14,M01,P01,Dimensional,0,PASS
QC-0011733,WO-003911,2026-04-14,M01,P01,Cosmetic,0,PASS
QC-0011734,WO-003912,2026-04-14,M02,P02,Material defect,4,FAIL
QC-0011735,WO-003912,2026-04-14,M02,P02,Cosmetic,1,FAIL
QC-0011736,WO-003912,2026-04-14,M02,P02,Assembly mismatch,2,FAIL
QC-0011737,WO-003913,2026-04-14,M02,P02,Weld porosity,3,FAIL
QC-0011738,WO-003913,2026-04-14,M02,P02,Dimensional,3,FAIL
QC-0011739,WO-003913,2026-04-14,M02,P02,Cosmetic,0,PASS
QC-0011740,WO-003914,2026-04-14,M03,P03,Weld porosity,2,FAIL
QC-0011741,WO-003914,2026-04-14,M03,P03,Assembly mismatch,3,FAIL
QC-0011742,WO-003914,2026-04-14,M03,P03,Material defect,0,PASS
QC-0011743,WO-003915,2026-04-14,M03,P03,Weld porosity,8,FAIL
QC-0011744,WO-003915,2026-04-14,M03,P03,Dimensional,2,FAIL
QC-0011745,WO-003915,2026-04-14,M03,P03,Material defect,0,PASS
QC-0011746,WO-003916,2026-04-14,M04,P06,Weld porosity,3,FAIL
QC-0011747,WO-003916,2026-04-14,M04,P06,Surface finish,3,FAIL
QC-0011748,WO-003916,2026-04-14,M04,P06,Material defect,1,FAIL
QC-0011749,WO-003917,2026-04-14,M04,P06,Dimensional,4,FAIL
QC-0011750,WO-003917,2026-04-14,M04,P06,Surface finish,3,FAIL
QC-0011751,WO-003917,2026-04-14,M04,P06,Weld porosity,0,PASS
QC-0011752,WO-003918,2026-04-14,M05,P01,Weld porosity,3,FAIL
QC-0011753,WO-003918,2026-04-14,M05,P01,Dimensional,2,FAIL
QC-0011754,WO-003918,2026-04-14,M05,P01,Surface finish,1,FAIL
QC-0011755,WO-003919,2026-04-14,M05,P06,Cosmetic,4,FAIL
QC-0011756,WO-003919,2026-04-14,M05,P06,Assembly mismatch,1,FAIL
QC-0011757,WO-003919,2026-04-14,M05,P06,Dimensional,1,FAIL
QC-0011758,WO-003920,2026-04-14,M06,P01,Cosmetic,3,FAIL
QC-0011759,WO-003920,2026-04-14,M06,P01,Material defect,2,FAIL
QC-0011760,WO-003920,2026-04-14,M06,P01,Surface finish,0,PASS
QC-0011761,WO-003921,2026-04-14,M06,P06,Cosmetic,5,FAIL
QC-0011762,WO-003921,2026-04-14,M06,P06,Surface finish,0,PASS
QC-0011763,WO-003921,2026-04-14,M06,P06,Material defect,2,FAIL
QC-0011764,WO-003922,2026-04-15,M01,P02,Cosmetic,3,FAIL
QC-0011765,WO-003922,2026-04-15,M01,P02,Material defect,1,FAIL
QC-0011766,WO-003922,2026-04-15,M01,P02,Surface finish,1,FAIL
QC-0011767,WO-003923,2026-04-15,M01,P03,Material defect,3,FAIL
QC-0011768,WO-003923,2026-04-15,M01,P03,Weld porosity,1,FAIL
QC-0011769,WO-003923,2026-04-15,M01,P03,Surface finish,4,FAIL
QC-0011770,WO-003924,2026-04-15,M02,P01,Surface finish,3,FAIL
QC-0011771,WO-003924,2026-04-15,M02,P01,Dimensional,1,FAIL
QC-0011772,WO-003924,2026-04-15,M02,P01,Assembly mismatch,0,PASS
QC-0011773,WO-003925,2026-04-15,M02,P02,Assembly mismatch,6,FAIL
QC-0011774,WO-003925,2026-04-15,M02,P02,Cosmetic,0,PASS
QC-0011775,WO-003925,2026-04-15,M02,P02,Material defect,1,FAIL
QC-0011776,WO-003926,2026-04-15,M03,P01,Weld porosity,1,FAIL
QC-0011777,WO-003926,2026-04-15,M03,P01,Dimensional,4,FAIL
QC-0011778,WO-003926,2026-04-15,M03,P01,Cosmetic,1,FAIL
QC-0011779,WO-003927,2026-04-15,M03,P03,Surface finish,6,FAIL
QC-0011780,WO-003927,2026-04-15,M03,P03,Assembly mismatch,4,FAIL
QC-0011781,WO-003927,2026-04-15,M03,P03,Dimensional,0,PASS
QC-0011782,WO-003928,2026-04-15,M04,P03,Assembly mismatch,6,FAIL
QC-0011783,WO-003928,2026-04-15,M04,P03,Surface finish,2,FAIL
QC-0011784,WO-003928,2026-04-15,M04,P03,Weld porosity,3,FAIL
QC-0011785,WO-003929,2026-04-15,M04,P03,Weld porosity,5,FAIL
QC-0011786,WO-003929,2026-04-15,M04,P03,Material defect,3,FAIL
QC-0011787,WO-003929,2026-04-15,M04,P03,Dimensional,3,FAIL
QC-0011788,WO-003930,2026-04-15,M05,P04,Material defect,3,FAIL
QC-0011789,WO-003930,2026-04-15,M05,P04,Surface finish,0,PASS
QC-0011790,WO-003930,2026-04-15,M05,P04,Dimensional,0,PASS
QC-0011791,WO-003931,2026-04-15,M05,P05,Material defect,8,FAIL
QC-0011792,WO-003931,2026-04-15,M05,P05,Assembly mismatch,4,FAIL
QC-0011793,WO-003931,2026-04-15,M05,P05,Weld porosity,0,PASS
QC-0011794,WO-003932,2026-04-15,M06,P06,Dimensional,3,FAIL
QC-0011795,WO-003932,2026-04-15,M06,P06,Cosmetic,3,FAIL
QC-0011796,WO-003932,2026-04-15,M06,P06,Surface finish,2,FAIL
QC-0011797,WO-003933,2026-04-15,M06,P05,Cosmetic,5,FAIL
QC-0011798,WO-003933,2026-04-15,M06,P05,Dimensional,1,FAIL
QC-0011799,WO-003933,2026-04-15,M06,P05,Material defect,5,FAIL
QC-0011800,WO-003934,2026-04-16,M01,P03,Assembly mismatch,6,FAIL
QC-0011801,WO-003934,2026-04-16,M01,P03,Material defect,1,FAIL
QC-0011802,WO-003934,2026-04-16,M01,P03,Dimensional,2,FAIL
QC-0011803,WO-003935,2026-04-16,M01,P03,Assembly mismatch,5,FAIL
QC-0011804,WO-003935,2026-04-16,M01,P03,Material defect,2,FAIL
QC-0011805,WO-003935,2026-04-16,M01,P03,Surface finish,4,FAIL
QC-0011806,WO-003936,2026-04-16,M02,P01,Assembly mismatch,2,FAIL
QC-0011807,WO-003936,2026-04-16,M02,P01,Material defect,3,FAIL
QC-0011808,WO-003936,2026-04-16,M02,P01,Cosmetic,0,PASS
QC-0011809,WO-003937,2026-04-16,M02,P02,Assembly mismatch,1,FAIL
QC-0011810,WO-003937,2026-04-16,M02,P02,Weld porosity,2,FAIL
QC-0011811,WO-003937,2026-04-16,M02,P02,Material defect,2,FAIL
QC-0011812,WO-003938,2026-04-16,M03,P03,Weld porosity,4,FAIL
QC-0011813,WO-003938,2026-04-16,M03,P03,Surface finish,1,FAIL
QC-0011814,WO-003938,2026-04-16,M03,P03,Assembly mismatch,0,PASS
QC-0011815,WO-003939,2026-04-16,M03,P03,Cosmetic,3,FAIL
QC-0011816,WO-003939,2026-04-16,M03,P03,Dimensional,1,FAIL
QC-0011817,WO-003939,2026-04-16,M03,P03,Material defect,2,FAIL
QC-0011818,WO-003940,2026-04-16,M04,P04,Weld porosity,3,FAIL
QC-0011819,WO-003940,2026-04-16,M04,P04,Assembly mismatch,0,PASS
QC-0011820,WO-003940,2026-04-16,M04,P04,Cosmetic,2,FAIL
QC-0011821,WO-003941,2026-04-16,M04,P06,Weld porosity,3,FAIL
QC-0011822,WO-003941,2026-04-16,M04,P06,Dimensional,2,FAIL
QC-0011823,WO-003941,2026-04-16,M04,P06,Cosmetic,1,FAIL
QC-0011824,WO-003942,2026-04-16,M05,P06,Surface finish,3,FAIL
QC-0011825,WO-003942,2026-04-16,M05,P06,Dimensional,1,FAIL
QC-0011826,WO-003942,2026-04-16,M05,P06,Cosmetic,3,FAIL
QC-0011827,WO-003943,2026-04-16,M05,P04,Surface finish,1,FAIL
QC-0011828,WO-003943,2026-04-16,M05,P04,Cosmetic,0,PASS
QC-0011829,WO-003943,2026-04-16,M05,P04,Dimensional,2,FAIL
QC-0011830,WO-003944,2026-04-16,M06,P06,Weld porosity,6,FAIL
QC-0011831,WO-003944,2026-04-16,M06,P06,Dimensional,4,FAIL
QC-0011832,WO-003944,2026-04-16,M06,P06,Assembly mismatch,0,PASS
QC-0011833,WO-003945,2026-04-16,M06,P06,Weld porosity,6,FAIL
QC-0011834,WO-003945,2026-04-16,M06,P06,Surface finish,0,PASS
QC-0011835,WO-003945,2026-04-16,M06,P06,Cosmetic,2,FAIL
QC-0011836,WO-003946,2026-04-17,M01,P02,Material defect,4,FAIL
QC-0011837,WO-003946,2026-04-17,M01,P02,Assembly mismatch,0,PASS
QC-0011838,WO-003946,2026-04-17,M01,P02,Surface finish,0,PASS
QC-0011839,WO-003947,2026-04-17,M01,P02,Dimensional,5,FAIL
QC-0011840,WO-003947,2026-04-17,M01,P02,Assembly mismatch,2,FAIL
QC-0011841,WO-003947,2026-04-17,M01,P02,Cosmetic,1,FAIL
QC-0011842,WO-003948,2026-04-17,M02,P02,Cosmetic,2,FAIL
QC-0011843,WO-003948,2026-04-17,M02,P02,Weld porosity,3,FAIL
QC-0011844,WO-003948,2026-04-17,M02,P02,Dimensional,1,FAIL
QC-0011845,WO-003949,2026-04-17,M02,P02,Dimensional,5,FAIL
QC-0011846,WO-003949,2026-04-17,M02,P02,Material defect,1,FAIL
QC-0011847,WO-003949,2026-04-17,M02,P02,Weld porosity,2,FAIL
QC-0011848,WO-003950,2026-04-17,M03,P03,Dimensional,1,FAIL
QC-0011849,WO-003950,2026-04-17,M03,P03,Material defect,2,FAIL
QC-0011850,WO-003950,2026-04-17,M03,P03,Cosmetic,2,FAIL
QC-0011851,WO-003951,2026-04-17,M03,P03,Cosmetic,5,FAIL
QC-0011852,WO-003951,2026-04-17,M03,P03,Assembly mismatch,2,FAIL
QC-0011853,WO-003951,2026-04-17,M03,P03,Material defect,2,FAIL
QC-0011854,WO-003952,2026-04-17,M04,P06,Weld porosity,2,FAIL
QC-0011855,WO-003952,2026-04-17,M04,P06,Surface finish,3,FAIL
QC-0011856,WO-003952,2026-04-17,M04,P06,Material defect,2,FAIL
QC-0011857,WO-003953,2026-04-17,M04,P03,Weld porosity,5,FAIL
QC-0011858,WO-003953,2026-04-17,M04,P03,Cosmetic,3,FAIL
QC-0011859,WO-003953,2026-04-17,M04,P03,Material defect,0,PASS
QC-0011860,WO-003954,2026-04-17,M05,P06,Cosmetic,4,FAIL
QC-0011861,WO-003954,2026-04-17,M05,P06,Surface finish,3,FAIL
QC-0011862,WO-003954,2026-04-17,M05,P06,Dimensional,0,PASS
QC-0011863,WO-003955,2026-04-17,M05,P01,Material defect,6,FAIL
QC-0011864,WO-003955,2026-04-17,M05,P01,Dimensional,1,FAIL
QC-0011865,WO-003955,2026-04-17,M05,P01,Weld porosity,0,PASS
QC-0011866,WO-003956,2026-04-17,M06,P01,Cosmetic,4,FAIL
QC-0011867,WO-003956,2026-04-17,M06,P01,Surface finish,1,FAIL
QC-0011868,WO-003956,2026-04-17,M06,P01,Material defect,0,PASS
QC-0011869,WO-003957,2026-04-17,M06,P04,Weld porosity,2,FAIL
QC-0011870,WO-003957,2026-04-17,M06,P04,Cosmetic,0,PASS
QC-0011871,WO-003957,2026-04-17,M06,P04,Material defect,1,FAIL
QC-0011872,WO-003958,2026-04-20,M01,P02,Assembly mismatch,2,FAIL
QC-0011873,WO-003958,2026-04-20,M01,P02,Dimensional,1,FAIL
QC-0011874,WO-003958,2026-04-20,M01,P02,Weld porosity,2,FAIL
QC-0011875,WO-003959,2026-04-20,M01,P01,Weld porosity,3,FAIL
QC-0011876,WO-003959,2026-04-20,M01,P01,Cosmetic,2,FAIL
QC-0011877,WO-003959,2026-04-20,M01,P01,Surface finish,0,PASS
QC-0011878,WO-003960,2026-04-20,M02,P05,Material defect,3,FAIL
QC-0011879,WO-003960,2026-04-20,M02,P05,Dimensional,3,FAIL
QC-0011880,WO-003960,2026-04-20,M02,P05,Cosmetic,1,FAIL
QC-0011881,WO-003961,2026-04-20,M02,P02,Weld porosity,4,FAIL
QC-0011882,WO-003961,2026-04-20,M02,P02,Material defect,0,PASS
QC-0011883,WO-003961,2026-04-20,M02,P02,Assembly mismatch,1,FAIL
QC-0011884,WO-003962,2026-04-20,M03,P05,Weld porosity,6,FAIL
QC-0011885,WO-003962,2026-04-20,M03,P05,Surface finish,3,FAIL
QC-0011886,WO-003962,2026-04-20,M03,P05,Dimensional,1,FAIL
QC-0011887,WO-003963,2026-04-20,M03,P01,Cosmetic,2,FAIL
QC-0011888,WO-003963,2026-04-20,M03,P01,Assembly mismatch,3,FAIL
QC-0011889,WO-003963,2026-04-20,M03,P01,Weld porosity,1,FAIL
QC-0011890,WO-003964,2026-04-20,M04,P03,Weld porosity,6,FAIL
QC-0011891,WO-003964,2026-04-20,M04,P03,Assembly mismatch,2,FAIL
QC-0011892,WO-003964,2026-04-20,M04,P03,Surface finish,1,FAIL
QC-0011893,WO-003965,2026-04-20,M04,P06,Weld porosity,3,FAIL
QC-0011894,WO-003965,2026-04-20,M04,P06,Dimensional,5,FAIL
QC-0011895,WO-003965,2026-04-20,M04,P06,Cosmetic,0,PASS
QC-0011896,WO-003966,2026-04-20,M05,P04,Cosmetic,1,FAIL
QC-0011897,WO-003966,2026-04-20,M05,P04,Dimensional,2,FAIL
QC-0011898,WO-003966,2026-04-20,M05,P04,Material defect,1,FAIL
QC-0011899,WO-003967,2026-04-20,M05,P04,Weld porosity,4,FAIL
QC-0011900,WO-003967,2026-04-20,M05,P04,Dimensional,0,PASS
QC-0011901,WO-003967,2026-04-20,M05,P04,Cosmetic,1,FAIL
QC-0011902,WO-003968,2026-04-20,M06,P04,Dimensional,3,FAIL
QC-0011903,WO-003968,2026-04-20,M06,P04,Material defect,1,FAIL
QC-0011904,WO-003968,2026-04-20,M06,P04,Weld porosity,0,PASS
QC-0011905,WO-003969,2026-04-20,M06,P05,Surface finish,6,FAIL
QC-0011906,WO-003969,2026-04-20,M06,P05,Cosmetic,0,PASS
QC-0011907,WO-003969,2026-04-20,M06,P05,Dimensional,4,FAIL
QC-0011908,WO-003970,2026-04-21,M01,P01,Weld porosity,4,FAIL
QC-0011909,WO-003970,2026-04-21,M01,P01,Assembly mismatch,1,FAIL
QC-0011910,WO-003970,2026-04-21,M01,P01,Dimensional,0,PASS
QC-0011911,WO-003971,2026-04-21,M01,P01,Dimensional,6,FAIL
QC-0011912,WO-003971,2026-04-21,M01,P01,Material defect,2,FAIL
QC-0011913,WO-003971,2026-04-21,M01,P01,Surface finish,0,PASS
QC-0011914,WO-003972,2026-04-21,M02,P01,Assembly mismatch,2,FAIL
QC-0011915,WO-003972,2026-04-21,M02,P01,Weld porosity,4,FAIL
QC-0011916,WO-003972,2026-04-21,M02,P01,Surface finish,0,PASS
QC-0011917,WO-003973,2026-04-21,M02,P01,Dimensional,2,FAIL
QC-0011918,WO-003973,2026-04-21,M02,P01,Surface finish,3,FAIL
QC-0011919,WO-003973,2026-04-21,M02,P01,Assembly mismatch,1,FAIL
QC-0011920,WO-003974,2026-04-21,M03,P03,Surface finish,5,FAIL
QC-0011921,WO-003974,2026-04-21,M03,P03,Material defect,3,FAIL
QC-0011922,WO-003974,2026-04-21,M03,P03,Cosmetic,0,PASS
QC-0011923,WO-003975,2026-04-21,M03,P03,Dimensional,4,FAIL
QC-0011924,WO-003975,2026-04-21,M03,P03,Assembly mismatch,5,FAIL
QC-0011925,WO-003975,2026-04-21,M03,P03,Surface finish,3,FAIL
QC-0011926,WO-003976,2026-04-21,M04,P04,Dimensional,4,FAIL
QC-0011927,WO-003976,2026-04-21,M04,P04,Cosmetic,1,FAIL
QC-0011928,WO-003976,2026-04-21,M04,P04,Weld porosity,1,FAIL
QC-0011929,WO-003977,2026-04-21,M04,P03,Material defect,3,FAIL
QC-0011930,WO-003977,2026-04-21,M04,P03,Weld porosity,2,FAIL
QC-0011931,WO-003977,2026-04-21,M04,P03,Cosmetic,3,FAIL
QC-0011932,WO-003978,2026-04-21,M05,P04,Surface finish,3,FAIL
QC-0011933,WO-003978,2026-04-21,M05,P04,Dimensional,2,FAIL
QC-0011934,WO-003978,2026-04-21,M05,P04,Cosmetic,0,PASS
QC-0011935,WO-003979,2026-04-21,M05,P06,Material defect,3,FAIL
QC-0011936,WO-003979,2026-04-21,M05,P06,Surface finish,2,FAIL
QC-0011937,WO-003979,2026-04-21,M05,P06,Cosmetic,2,FAIL
QC-0011938,WO-003980,2026-04-21,M06,P04,Assembly mismatch,3,FAIL
QC-0011939,WO-003980,2026-04-21,M06,P04,Dimensional,1,FAIL
QC-0011940,WO-003980,2026-04-21,M06,P04,Cosmetic,1,FAIL
QC-0011941,WO-003981,2026-04-21,M06,P05,Surface finish,8,FAIL
QC-0011942,WO-003981,2026-04-21,M06,P05,Material defect,2,FAIL
QC-0011943,WO-003981,2026-04-21,M06,P05,Dimensional,0,PASS
QC-0011944,WO-003982,2026-04-22,M01,P02,Material defect,2,FAIL
QC-0011945,WO-003982,2026-04-22,M01,P02,Cosmetic,0,PASS
QC-0011946,WO-003982,2026-04-22,M01,P02,Assembly mismatch,2,FAIL
QC-0011947,WO-003983,2026-04-22,M01,P01,Material defect,3,FAIL
QC-0011948,WO-003983,2026-04-22,M01,P01,Surface finish,0,PASS
QC-0011949,WO-003983,2026-04-22,M01,P01,Cosmetic,0,PASS
QC-0011950,WO-003984,2026-04-22,M02,P02,Material defect,2,FAIL
QC-0011951,WO-003984,2026-04-22,M02,P02,Dimensional,2,FAIL
QC-0011952,WO-003984,2026-04-22,M02,P02,Weld porosity,1,FAIL
QC-0011953,WO-003985,2026-04-22,M02,P02,Surface finish,3,FAIL
QC-0011954,WO-003985,2026-04-22,M02,P02,Dimensional,1,FAIL
QC-0011955,WO-003985,2026-04-22,M02,P02,Assembly mismatch,0,PASS
QC-0011956,WO-003986,2026-04-22,M03,P01,Dimensional,2,FAIL
QC-0011957,WO-003986,2026-04-22,M03,P01,Assembly mismatch,1,FAIL
QC-0011958,WO-003986,2026-04-22,M03,P01,Weld porosity,1,FAIL
QC-0011959,WO-003987,2026-04-22,M03,P01,Surface finish,6,FAIL
QC-0011960,WO-003987,2026-04-22,M03,P01,Assembly mismatch,1,FAIL
QC-0011961,WO-003987,2026-04-22,M03,P01,Weld porosity,1,FAIL
QC-0011962,WO-003988,2026-04-22,M04,P03,Weld porosity,5,FAIL
QC-0011963,WO-003988,2026-04-22,M04,P03,Dimensional,4,FAIL
QC-0011964,WO-003988,2026-04-22,M04,P03,Cosmetic,0,PASS
QC-0011965,WO-003989,2026-04-22,M04,P03,Weld porosity,7,FAIL
QC-0011966,WO-003989,2026-04-22,M04,P03,Assembly mismatch,3,FAIL
QC-0011967,WO-003989,2026-04-22,M04,P03,Surface finish,3,FAIL
QC-0011968,WO-003990,2026-04-22,M05,P05,Assembly mismatch,4,FAIL
QC-0011969,WO-003990,2026-04-22,M05,P05,Weld porosity,4,FAIL
QC-0011970,WO-003990,2026-04-22,M05,P05,Surface finish,2,FAIL
QC-0011971,WO-003991,2026-04-22,M05,P01,Cosmetic,4,FAIL
QC-0011972,WO-003991,2026-04-22,M05,P01,Weld porosity,4,FAIL
QC-0011973,WO-003991,2026-04-22,M05,P01,Material defect,1,FAIL
QC-0011974,WO-003992,2026-04-22,M06,P01,Assembly mismatch,0,PASS
QC-0011975,WO-003992,2026-04-22,M06,P01,Material defect,0,PASS
QC-0011976,WO-003992,2026-04-22,M06,P01,Surface finish,3,FAIL
QC-0011977,WO-003993,2026-04-22,M06,P06,Weld porosity,1,FAIL
QC-0011978,WO-003993,2026-04-22,M06,P06,Dimensional,2,FAIL
QC-0011979,WO-003993,2026-04-22,M06,P06,Material defect,4,FAIL
QC-0011980,WO-003994,2026-04-23,M01,P03,Cosmetic,3,FAIL
QC-0011981,WO-003994,2026-04-23,M01,P03,Weld porosity,0,PASS
QC-0011982,WO-003994,2026-04-23,M01,P03,Material defect,1,FAIL
QC-0011983,WO-003995,2026-04-23,M01,P03,Assembly mismatch,6,FAIL
QC-0011984,WO-003995,2026-04-23,M01,P03,Dimensional,2,FAIL
QC-0011985,WO-003995,2026-04-23,M01,P03,Cosmetic,0,PASS
QC-0011986,WO-003996,2026-04-23,M02,P02,Dimensional,3,FAIL
QC-0011987,WO-003996,2026-04-23,M02,P02,Weld porosity,1,FAIL
QC-0011988,WO-003996,2026-04-23,M02,P02,Assembly mismatch,1,FAIL
QC-0011989,WO-003997,2026-04-23,M02,P02,Cosmetic,3,FAIL
QC-0011990,WO-003997,2026-04-23,M02,P02,Dimensional,1,FAIL
QC-0011991,WO-003997,2026-04-23,M02,P02,Assembly mismatch,2,FAIL
QC-0011992,WO-003998,2026-04-23,M03,P01,Weld porosity,4,FAIL
QC-0011993,WO-003998,2026-04-23,M03,P01,Material defect,2,FAIL
QC-0011994,WO-003998,2026-04-23,M03,P01,Dimensional,1,FAIL
QC-0011995,WO-003999,2026-04-23,M03,P01,Weld porosity,4,FAIL
QC-0011996,WO-003999,2026-04-23,M03,P01,Material defect,3,FAIL
QC-0011997,WO-003999,2026-04-23,M03,P01,Cosmetic,1,FAIL
QC-0011998,WO-004000,2026-04-23,M04,P03,Weld porosity,5,FAIL
QC-0011999,WO-004000,2026-04-23,M04,P03,Assembly mismatch,2,FAIL
QC-0012000,WO-004000,2026-04-23,M04,P03,Dimensional,1,FAIL
QC-0012001,WO-004001,2026-04-23,M04,P03,Weld porosity,5,FAIL
QC-0012002,WO-004001,2026-04-23,M04,P03,Material defect,5,FAIL
QC-0012003,WO-004001,2026-04-23,M04,P03,Cosmetic,2,FAIL
QC-0012004,WO-004002,2026-04-23,M05,P01,Weld porosity,3,FAIL
QC-0012005,WO-004002,2026-04-23,M05,P01,Dimensional,0,PASS
QC-0012006,WO-004002,2026-04-23,M05,P01,Assembly mismatch,0,PASS
QC-0012007,WO-004003,2026-04-23,M05,P05,Assembly mismatch,4,FAIL
QC-0012008,WO-004003,2026-04-23,M05,P05,Surface finish,7,FAIL
QC-0012009,WO-004003,2026-04-23,M05,P05,Material defect,0,PASS
QC-0012010,WO-004004,2026-04-23,M06,P06,Material defect,2,FAIL
QC-0012011,WO-004004,2026-04-23,M06,P06,Surface finish,3,FAIL
QC-0012012,WO-004004,2026-04-23,M06,P06,Cosmetic,1,FAIL
QC-0012013,WO-004005,2026-04-23,M06,P05,Weld porosity,4,FAIL
QC-0012014,WO-004005,2026-04-23,M06,P05,Material defect,3,FAIL
QC-0012015,WO-004005,2026-04-23,M06,P05,Cosmetic,2,FAIL
QC-0012016,WO-004006,2026-04-24,M01,P02,Dimensional,6,FAIL
QC-0012017,WO-004006,2026-04-24,M01,P02,Assembly mismatch,0,PASS
QC-0012018,WO-004006,2026-04-24,M01,P02,Material defect,0,PASS
QC-0012019,WO-004007,2026-04-24,M01,P03,Weld porosity,3,FAIL
QC-0012020,WO-004007,2026-04-24,M01,P03,Cosmetic,1,FAIL
QC-0012021,WO-004007,2026-04-24,M01,P03,Assembly mismatch,1,FAIL
QC-0012022,WO-004008,2026-04-24,M02,P02,Assembly mismatch,3,FAIL
QC-0012023,WO-004008,2026-04-24,M02,P02,Weld porosity,1,FAIL
QC-0012024,WO-004008,2026-04-24,M02,P02,Cosmetic,2,FAIL
QC-0012025,WO-004009,2026-04-24,M02,P01,Weld porosity,6,FAIL
QC-0012026,WO-004009,2026-04-24,M02,P01,Assembly mismatch,2,FAIL
QC-0012027,WO-004009,2026-04-24,M02,P01,Cosmetic,0,PASS
QC-0012028,WO-004010,2026-04-24,M03,P01,Weld porosity,4,FAIL
QC-0012029,WO-004010,2026-04-24,M03,P01,Dimensional,1,FAIL
QC-0012030,WO-004010,2026-04-24,M03,P01,Surface finish,0,PASS
QC-0012031,WO-004011,2026-04-24,M03,P05,Dimensional,6,FAIL
QC-0012032,WO-004011,2026-04-24,M03,P05,Material defect,4,FAIL
QC-0012033,WO-004011,2026-04-24,M03,P05,Surface finish,3,FAIL
QC-0012034,WO-004012,2026-04-24,M04,P06,Weld porosity,5,FAIL
QC-0012035,WO-004012,2026-04-24,M04,P06,Assembly mismatch,1,FAIL
QC-0012036,WO-004012,2026-04-24,M04,P06,Dimensional,0,PASS
QC-0012037,WO-004013,2026-04-24,M04,P04,Surface finish,2,FAIL
QC-0012038,WO-004013,2026-04-24,M04,P04,Weld porosity,0,PASS
QC-0012039,WO-004013,2026-04-24,M04,P04,Dimensional,3,FAIL
QC-0012040,WO-004014,2026-04-24,M05,P05,Cosmetic,5,FAIL
QC-0012041,WO-004014,2026-04-24,M05,P05,Dimensional,2,FAIL
QC-0012042,WO-004014,2026-04-24,M05,P05,Weld porosity,1,FAIL
QC-0012043,WO-004015,2026-04-24,M05,P04,Dimensional,1,FAIL
QC-0012044,WO-004015,2026-04-24,M05,P04,Cosmetic,1,FAIL
QC-0012045,WO-004015,2026-04-24,M05,P04,Surface finish,2,FAIL
QC-0012046,WO-004016,2026-04-24,M06,P01,Cosmetic,5,FAIL
QC-0012047,WO-004016,2026-04-24,M06,P01,Surface finish,1,FAIL
QC-0012048,WO-004016,2026-04-24,M06,P01,Weld porosity,0,PASS
QC-0012049,WO-004017,2026-04-24,M06,P06,Weld porosity,4,FAIL
QC-0012050,WO-004017,2026-04-24,M06,P06,Assembly mismatch,2,FAIL
QC-0012051,WO-004017,2026-04-24,M06,P06,Surface finish,1,FAIL
QC-0012052,WO-004018,2026-04-27,M01,P03,Dimensional,2,FAIL
QC-0012053,WO-004018,2026-04-27,M01,P03,Cosmetic,2,FAIL
QC-0012054,WO-004018,2026-04-27,M01,P03,Weld porosity,3,FAIL
QC-0012055,WO-004019,2026-04-27,M01,P03,Assembly mismatch,3,FAIL
QC-0012056,WO-004019,2026-04-27,M01,P03,Surface finish,3,FAIL
QC-0012057,WO-004019,2026-04-27,M01,P03,Weld porosity,0,PASS
QC-0012058,WO-004020,2026-04-27,M02,P05,Dimensional,6,FAIL
QC-0012059,WO-004020,2026-04-27,M02,P05,Weld porosity,3,FAIL
QC-0012060,WO-004020,2026-04-27,M02,P05,Material defect,1,FAIL
QC-0012061,WO-004021,2026-04-27,M02,P05,Weld porosity,10,FAIL
QC-0012062,WO-004021,2026-04-27,M02,P05,Surface finish,0,PASS
QC-0012063,WO-004021,2026-04-27,M02,P05,Assembly mismatch,1,FAIL
QC-0012064,WO-004022,2026-04-27,M03,P03,Surface finish,5,FAIL
QC-0012065,WO-004022,2026-04-27,M03,P03,Cosmetic,2,FAIL
QC-0012066,WO-004022,2026-04-27,M03,P03,Dimensional,1,FAIL
QC-0012067,WO-004023,2026-04-27,M03,P05,Surface finish,7,FAIL
QC-0012068,WO-004023,2026-04-27,M03,P05,Cosmetic,4,FAIL
QC-0012069,WO-004023,2026-04-27,M03,P05,Weld porosity,0,PASS
QC-0012070,WO-004024,2026-04-27,M04,P04,Surface finish,2,FAIL
QC-0012071,WO-004024,2026-04-27,M04,P04,Dimensional,2,FAIL
QC-0012072,WO-004024,2026-04-27,M04,P04,Weld porosity,1,FAIL
QC-0012073,WO-004025,2026-04-27,M04,P04,Weld porosity,3,FAIL
QC-0012074,WO-004025,2026-04-27,M04,P04,Assembly mismatch,0,PASS
QC-0012075,WO-004025,2026-04-27,M04,P04,Material defect,2,FAIL
QC-0012076,WO-004026,2026-04-27,M05,P05,Dimensional,4,FAIL
QC-0012077,WO-004026,2026-04-27,M05,P05,Cosmetic,5,FAIL
QC-0012078,WO-004026,2026-04-27,M05,P05,Material defect,1,FAIL
QC-0012079,WO-004027,2026-04-27,M05,P05,Surface finish,8,FAIL
QC-0012080,WO-004027,2026-04-27,M05,P05,Cosmetic,2,FAIL
QC-0012081,WO-004027,2026-04-27,M05,P05,Dimensional,1,FAIL
QC-0012082,WO-004028,2026-04-27,M06,P06,Assembly mismatch,5,FAIL
QC-0012083,WO-004028,2026-04-27,M06,P06,Cosmetic,1,FAIL
QC-0012084,WO-004028,2026-04-27,M06,P06,Material defect,1,FAIL
QC-0012085,WO-004029,2026-04-28,M01,P03,Cosmetic,6,FAIL
QC-0012086,WO-004029,2026-04-28,M01,P03,Weld porosity,1,FAIL
QC-0012087,WO-004029,2026-04-28,M01,P03,Dimensional,2,FAIL
QC-0012088,WO-004030,2026-04-28,M02,P05,Material defect,8,FAIL
QC-0012089,WO-004030,2026-04-28,M02,P05,Surface finish,4,FAIL
QC-0012090,WO-004030,2026-04-28,M02,P05,Cosmetic,0,PASS
QC-0012091,WO-004031,2026-04-28,M02,P01,Weld porosity,3,FAIL
QC-0012092,WO-004031,2026-04-28,M02,P01,Cosmetic,1,FAIL
QC-0012093,WO-004031,2026-04-28,M02,P01,Material defect,1,FAIL
QC-0012094,WO-004032,2026-04-28,M03,P05,Material defect,6,FAIL
QC-0012095,WO-004032,2026-04-28,M03,P05,Weld porosity,4,FAIL
QC-0012096,WO-004032,2026-04-28,M03,P05,Surface finish,1,FAIL
QC-0012097,WO-004033,2026-04-28,M03,P03,Material defect,7,FAIL
QC-0012098,WO-004033,2026-04-28,M03,P03,Cosmetic,1,FAIL
QC-0012099,WO-004033,2026-04-28,M03,P03,Weld porosity,1,FAIL
QC-0012100,WO-004034,2026-04-28,M04,P03,Weld porosity,2,FAIL
QC-0012101,WO-004034,2026-04-28,M04,P03,Cosmetic,3,FAIL
QC-0012102,WO-004034,2026-04-28,M04,P03,Material defect,0,PASS
QC-0012103,WO-004035,2026-04-28,M04,P06,Weld porosity,3,FAIL
QC-0012104,WO-004035,2026-04-28,M04,P06,Assembly mismatch,2,FAIL
QC-0012105,WO-004035,2026-04-28,M04,P06,Dimensional,2,FAIL
QC-0012106,WO-004036,2026-04-28,M05,P04,Assembly mismatch,2,FAIL
QC-0012107,WO-004036,2026-04-28,M05,P04,Cosmetic,0,PASS
QC-0012108,WO-004036,2026-04-28,M05,P04,Material defect,2,FAIL
QC-0012109,WO-004037,2026-04-28,M05,P04,Surface finish,2,FAIL
QC-0012110,WO-004037,2026-04-28,M05,P04,Cosmetic,3,FAIL
QC-0012111,WO-004037,2026-04-28,M05,P04,Weld porosity,0,PASS
QC-0012112,WO-004038,2026-04-28,M06,P04,Assembly mismatch,1,FAIL
QC-0012113,WO-004038,2026-04-28,M06,P04,Dimensional,3,FAIL
QC-0012114,WO-004038,2026-04-28,M06,P04,Cosmetic,1,FAIL
QC-0012115,WO-004039,2026-04-28,M06,P01,Surface finish,5,FAIL
QC-0012116,WO-004039,2026-04-28,M06,P01,Assembly mismatch,3,FAIL
QC-0012117,WO-004039,2026-04-28,M06,P01,Dimensional,0,PASS
QC-0012118,WO-004040,2026-04-29,M01,P01,Dimensional,3,FAIL
QC-0012119,WO-004040,2026-04-29,M01,P01,Material defect,1,FAIL
QC-0012120,WO-004040,2026-04-29,M01,P01,Assembly mismatch,2,FAIL
QC-0012121,WO-004041,2026-04-29,M01,P03,Assembly mismatch,3,FAIL
QC-0012122,WO-004041,2026-04-29,M01,P03,Material defect,4,FAIL
QC-0012123,WO-004041,2026-04-29,M01,P03,Dimensional,1,FAIL
QC-0012124,WO-004042,2026-04-29,M02,P05,Assembly mismatch,3,FAIL
QC-0012125,WO-004042,2026-04-29,M02,P05,Weld porosity,0,PASS
QC-0012126,WO-004042,2026-04-29,M02,P05,Material defect,2,FAIL
QC-0012127,WO-004043,2026-04-29,M02,P01,Dimensional,2,FAIL
QC-0012128,WO-004043,2026-04-29,M02,P01,Weld porosity,1,FAIL
QC-0012129,WO-004043,2026-04-29,M02,P01,Material defect,1,FAIL
QC-0012130,WO-004044,2026-04-29,M03,P03,Dimensional,1,FAIL
QC-0012131,WO-004044,2026-04-29,M03,P03,Assembly mismatch,2,FAIL
QC-0012132,WO-004044,2026-04-29,M03,P03,Surface finish,0,PASS
QC-0012133,WO-004045,2026-04-29,M03,P01,Assembly mismatch,3,FAIL
QC-0012134,WO-004045,2026-04-29,M03,P01,Material defect,0,PASS
QC-0012135,WO-004045,2026-04-29,M03,P01,Surface finish,1,FAIL
QC-0012136,WO-004046,2026-04-29,M04,P04,Assembly mismatch,5,FAIL
QC-0012137,WO-004046,2026-04-29,M04,P04,Weld porosity,0,PASS
QC-0012138,WO-004046,2026-04-29,M04,P04,Dimensional,1,FAIL
QC-0012139,WO-004047,2026-04-29,M04,P04,Surface finish,3,FAIL
QC-0012140,WO-004047,2026-04-29,M04,P04,Cosmetic,2,FAIL
QC-0012141,WO-004047,2026-04-29,M04,P04,Weld porosity,0,PASS
QC-0012142,WO-004048,2026-04-29,M05,P05,Assembly mismatch,3,FAIL
QC-0012143,WO-004048,2026-04-29,M05,P05,Dimensional,5,FAIL
QC-0012144,WO-004048,2026-04-29,M05,P05,Weld porosity,1,FAIL
QC-0012145,WO-004049,2026-04-29,M05,P06,Weld porosity,3,FAIL
QC-0012146,WO-004049,2026-04-29,M05,P06,Surface finish,2,FAIL
QC-0012147,WO-004049,2026-04-29,M05,P06,Cosmetic,2,FAIL
QC-0012148,WO-004050,2026-04-29,M06,P01,Dimensional,3,FAIL
QC-0012149,WO-004050,2026-04-29,M06,P01,Surface finish,1,FAIL
QC-0012150,WO-004050,2026-04-29,M06,P01,Material defect,1,FAIL
QC-0012151,WO-004051,2026-04-29,M06,P01,Dimensional,3,FAIL
QC-0012152,WO-004051,2026-04-29,M06,P01,Material defect,2,FAIL
QC-0012153,WO-004051,2026-04-29,M06,P01,Weld porosity,0,PASS
QC-0012154,WO-004052,2026-04-30,M01,P03,Weld porosity,4,FAIL
QC-0012155,WO-004052,2026-04-30,M01,P03,Surface finish,1,FAIL
QC-0012156,WO-004052,2026-04-30,M01,P03,Dimensional,1,FAIL
QC-0012157,WO-004053,2026-04-30,M01,P01,Weld porosity,2,FAIL
QC-0012158,WO-004053,2026-04-30,M01,P01,Assembly mismatch,1,FAIL
QC-0012159,WO-004053,2026-04-30,M01,P01,Material defect,1,FAIL
QC-0012160,WO-004054,2026-04-30,M02,P02,Weld porosity,5,FAIL
QC-0012161,WO-004054,2026-04-30,M02,P02,Dimensional,1,FAIL
QC-0012162,WO-004054,2026-04-30,M02,P02,Cosmetic,0,PASS
QC-0012163,WO-004055,2026-04-30,M02,P05,Dimensional,6,FAIL
QC-0012164,WO-004055,2026-04-30,M02,P05,Surface finish,1,FAIL
QC-0012165,WO-004055,2026-04-30,M02,P05,Material defect,3,FAIL
QC-0012166,WO-004056,2026-04-30,M03,P05,Weld porosity,6,FAIL
QC-0012167,WO-004056,2026-04-30,M03,P05,Assembly mismatch,6,FAIL
QC-0012168,WO-004056,2026-04-30,M03,P05,Cosmetic,1,FAIL
QC-0012169,WO-004057,2026-04-30,M03,P01,Cosmetic,1,FAIL
QC-0012170,WO-004057,2026-04-30,M03,P01,Surface finish,3,FAIL
QC-0012171,WO-004057,2026-04-30,M03,P01,Dimensional,1,FAIL
QC-0012172,WO-004058,2026-04-30,M04,P04,Dimensional,1,FAIL
QC-0012173,WO-004058,2026-04-30,M04,P04,Cosmetic,3,FAIL
QC-0012174,WO-004058,2026-04-30,M04,P04,Weld porosity,0,PASS
QC-0012175,WO-004059,2026-04-30,M04,P06,Weld porosity,2,FAIL
QC-0012176,WO-004059,2026-04-30,M04,P06,Material defect,4,FAIL
QC-0012177,WO-004059,2026-04-30,M04,P06,Cosmetic,0,PASS
QC-0012178,WO-004060,2026-04-30,M05,P06,Cosmetic,6,FAIL
QC-0012179,WO-004060,2026-04-30,M05,P06,Material defect,1,FAIL
QC-0012180,WO-004060,2026-04-30,M05,P06,Weld porosity,1,FAIL
QC-0012181,WO-004061,2026-04-30,M05,P06,Assembly mismatch,5,FAIL
QC-0012182,WO-004061,2026-04-30,M05,P06,Cosmetic,0,PASS
QC-0012183,WO-004061,2026-04-30,M05,P06,Material defect,2,FAIL
QC-0012184,WO-004062,2026-04-30,M06,P06,Cosmetic,5,FAIL
QC-0012185,WO-004062,2026-04-30,M06,P06,Assembly mismatch,0,PASS
QC-0012186,WO-004062,2026-04-30,M06,P06,Dimensional,2,FAIL
QC-0012187,WO-004063,2026-04-30,M06,P06,Dimensional,3,FAIL
QC-0012188,WO-004063,2026-04-30,M06,P06,Surface finish,2,FAIL
QC-0012189,WO-004063,2026-04-30,M06,P06,Material defect,2,FAIL
QC-0012190,WO-004064,2026-05-01,M01,P01,Dimensional,2,FAIL
QC-0012191,WO-004064,2026-05-01,M01,P01,Material defect,3,FAIL
QC-0012192,WO-004064,2026-05-01,M01,P01,Weld porosity,0,PASS
QC-0012193,WO-004065,2026-05-01,M01,P03,Material defect,2,FAIL
QC-0012194,WO-004065,2026-05-01,M01,P03,Dimensional,2,FAIL
QC-0012195,WO-004065,2026-05-01,M01,P03,Cosmetic,1,FAIL
QC-0012196,WO-004066,2026-05-01,M02,P02,Material defect,1,FAIL
QC-0012197,WO-004066,2026-05-01,M02,P02,Cosmetic,1,FAIL
QC-0012198,WO-004066,2026-05-01,M02,P02,Dimensional,2,FAIL
QC-0012199,WO-004067,2026-05-01,M02,P01,Material defect,3,FAIL
QC-0012200,WO-004067,2026-05-01,M02,P01,Surface finish,0,PASS
QC-0012201,WO-004067,2026-05-01,M02,P01,Assembly mismatch,0,PASS
QC-0012202,WO-004068,2026-05-01,M03,P03,Dimensional,4,FAIL
QC-0012203,WO-004068,2026-05-01,M03,P03,Assembly mismatch,1,FAIL
QC-0012204,WO-004068,2026-05-01,M03,P03,Surface finish,0,PASS
QC-0012205,WO-004069,2026-05-01,M04,P04,Weld porosity,4,FAIL
QC-0012206,WO-004069,2026-05-01,M04,P04,Cosmetic,1,FAIL
QC-0012207,WO-004069,2026-05-01,M04,P04,Material defect,0,PASS
QC-0012208,WO-004070,2026-05-01,M04,P04,Dimensional,3,FAIL
QC-0012209,WO-004070,2026-05-01,M04,P04,Weld porosity,3,FAIL
QC-0012210,WO-004070,2026-05-01,M04,P04,Assembly mismatch,0,PASS
QC-0012211,WO-004071,2026-05-01,M05,P05,Cosmetic,5,FAIL
QC-0012212,WO-004071,2026-05-01,M05,P05,Assembly mismatch,3,FAIL
QC-0012213,WO-004071,2026-05-01,M05,P05,Weld porosity,0,PASS
QC-0012214,WO-004072,2026-05-01,M05,P05,Surface finish,3,FAIL
QC-0012215,WO-004072,2026-05-01,M05,P05,Material defect,3,FAIL
QC-0012216,WO-004072,2026-05-01,M05,P05,Cosmetic,3,FAIL
QC-0012217,WO-004073,2026-05-01,M06,P06,Surface finish,7,FAIL
QC-0012218,WO-004073,2026-05-01,M06,P06,Dimensional,1,FAIL
QC-0012219,WO-004073,2026-05-01,M06,P06,Material defect,1,FAIL
QC-0012220,WO-004074,2026-05-01,M06,P05,Weld porosity,5,FAIL
QC-0012221,WO-004074,2026-05-01,M06,P05,Material defect,5,FAIL
QC-0012222,WO-004074,2026-05-01,M06,P05,Surface finish,1,FAIL
QC-0012223,WO-004075,2026-05-04,M01,P02,Weld porosity,3,FAIL
QC-0012224,WO-004075,2026-05-04,M01,P02,Assembly mismatch,1,FAIL
QC-0012225,WO-004075,2026-05-04,M01,P02,Cosmetic,1,FAIL
QC-0012226,WO-004076,2026-05-04,M01,P03,Material defect,6,FAIL
QC-0012227,WO-004076,2026-05-04,M01,P03,Assembly mismatch,2,FAIL
QC-0012228,WO-004076,2026-05-04,M01,P03,Dimensional,1,FAIL
QC-0012229,WO-004077,2026-05-04,M02,P01,Assembly mismatch,1,FAIL
QC-0012230,WO-004077,2026-05-04,M02,P01,Dimensional,4,FAIL
QC-0012231,WO-004077,2026-05-04,M02,P01,Weld porosity,0,PASS
QC-0012232,WO-004078,2026-05-04,M02,P02,Surface finish,5,FAIL
QC-0012233,WO-004078,2026-05-04,M02,P02,Weld porosity,1,FAIL
QC-0012234,WO-004078,2026-05-04,M02,P02,Cosmetic,0,PASS
QC-0012235,WO-004079,2026-05-04,M03,P05,Weld porosity,8,FAIL
QC-0012236,WO-004079,2026-05-04,M03,P05,Cosmetic,4,FAIL
QC-0012237,WO-004079,2026-05-04,M03,P05,Assembly mismatch,1,FAIL
QC-0012238,WO-004080,2026-05-04,M03,P03,Assembly mismatch,2,FAIL
QC-0012239,WO-004080,2026-05-04,M03,P03,Surface finish,3,FAIL
QC-0012240,WO-004080,2026-05-04,M03,P03,Material defect,3,FAIL
QC-0012241,WO-004081,2026-05-04,M04,P06,Material defect,6,FAIL
QC-0012242,WO-004081,2026-05-04,M04,P06,Dimensional,1,FAIL
QC-0012243,WO-004081,2026-05-04,M04,P06,Weld porosity,0,PASS
QC-0012244,WO-004082,2026-05-04,M04,P03,Material defect,3,FAIL
QC-0012245,WO-004082,2026-05-04,M04,P03,Weld porosity,0,PASS
QC-0012246,WO-004082,2026-05-04,M04,P03,Cosmetic,3,FAIL
QC-0012247,WO-004083,2026-05-04,M05,P04,Surface finish,2,FAIL
QC-0012248,WO-004083,2026-05-04,M05,P04,Assembly mismatch,1,FAIL
QC-0012249,WO-004083,2026-05-04,M05,P04,Dimensional,2,FAIL
QC-0012250,WO-004084,2026-05-04,M05,P01,Weld porosity,4,FAIL
QC-0012251,WO-004084,2026-05-04,M05,P01,Cosmetic,2,FAIL
QC-0012252,WO-004084,2026-05-04,M05,P01,Material defect,0,PASS
QC-0012253,WO-004085,2026-05-04,M06,P01,Assembly mismatch,4,FAIL
QC-0012254,WO-004085,2026-05-04,M06,P01,Surface finish,1,FAIL
QC-0012255,WO-004085,2026-05-04,M06,P01,Dimensional,1,FAIL
QC-0012256,WO-004086,2026-05-04,M06,P06,Surface finish,4,FAIL
QC-0012257,WO-004086,2026-05-04,M06,P06,Dimensional,2,FAIL
QC-0012258,WO-004086,2026-05-04,M06,P06,Material defect,1,FAIL
QC-0012259,WO-004087,2026-05-05,M01,P01,Dimensional,2,FAIL
QC-0012260,WO-004087,2026-05-05,M01,P01,Material defect,1,FAIL
QC-0012261,WO-004087,2026-05-05,M01,P01,Assembly mismatch,2,FAIL
QC-0012262,WO-004088,2026-05-05,M01,P02,Dimensional,4,FAIL
QC-0012263,WO-004088,2026-05-05,M01,P02,Surface finish,0,PASS
QC-0012264,WO-004088,2026-05-05,M01,P02,Material defect,1,FAIL
QC-0012265,WO-004089,2026-05-05,M02,P02,Material defect,5,FAIL
QC-0012266,WO-004089,2026-05-05,M02,P02,Weld porosity,1,FAIL
QC-0012267,WO-004089,2026-05-05,M02,P02,Dimensional,1,FAIL
QC-0012268,WO-004090,2026-05-05,M02,P05,Weld porosity,7,FAIL
QC-0012269,WO-004090,2026-05-05,M02,P05,Surface finish,2,FAIL
QC-0012270,WO-004090,2026-05-05,M02,P05,Cosmetic,0,PASS
QC-0012271,WO-004091,2026-05-05,M03,P03,Dimensional,4,FAIL
QC-0012272,WO-004091,2026-05-05,M03,P03,Surface finish,1,FAIL
QC-0012273,WO-004091,2026-05-05,M03,P03,Material defect,3,FAIL
QC-0012274,WO-004092,2026-05-05,M03,P03,Dimensional,5,FAIL
QC-0012275,WO-004092,2026-05-05,M03,P03,Assembly mismatch,5,FAIL
QC-0012276,WO-004092,2026-05-05,M03,P03,Material defect,0,PASS
QC-0012277,WO-004093,2026-05-05,M04,P06,Assembly mismatch,4,FAIL
QC-0012278,WO-004093,2026-05-05,M04,P06,Weld porosity,2,FAIL
QC-0012279,WO-004093,2026-05-05,M04,P06,Surface finish,0,PASS
QC-0012280,WO-004094,2026-05-05,M04,P03,Weld porosity,6,FAIL
QC-0012281,WO-004094,2026-05-05,M04,P03,Assembly mismatch,4,FAIL
QC-0012282,WO-004094,2026-05-05,M04,P03,Material defect,1,FAIL
QC-0012283,WO-004095,2026-05-05,M05,P06,Weld porosity,4,FAIL
QC-0012284,WO-004095,2026-05-05,M05,P06,Dimensional,3,FAIL
QC-0012285,WO-004095,2026-05-05,M05,P06,Assembly mismatch,0,PASS
QC-0012286,WO-004096,2026-05-05,M05,P06,Material defect,5,FAIL
QC-0012287,WO-004096,2026-05-05,M05,P06,Cosmetic,2,FAIL
QC-0012288,WO-004096,2026-05-05,M05,P06,Dimensional,1,FAIL
QC-0012289,WO-004097,2026-05-05,M06,P04,Weld porosity,3,FAIL
QC-0012290,WO-004097,2026-05-05,M06,P04,Surface finish,1,FAIL
QC-0012291,WO-004097,2026-05-05,M06,P04,Material defect,0,PASS
QC-0012292,WO-004098,2026-05-05,M06,P06,Weld porosity,3,FAIL
QC-0012293,WO-004098,2026-05-05,M06,P06,Material defect,3,FAIL
QC-0012294,WO-004098,2026-05-05,M06,P06,Assembly mismatch,0,PASS
QC-0012295,WO-004099,2026-05-06,M01,P02,Assembly mismatch,2,FAIL
QC-0012296,WO-004099,2026-05-06,M01,P02,Dimensional,4,FAIL
QC-0012297,WO-004099,2026-05-06,M01,P02,Surface finish,1,FAIL
QC-0012298,WO-004100,2026-05-06,M01,P02,Weld porosity,3,FAIL
QC-0012299,WO-004100,2026-05-06,M01,P02,Surface finish,1,FAIL
QC-0012300,WO-004100,2026-05-06,M01,P02,Dimensional,0,PASS
QC-0012301,WO-004101,2026-05-06,M02,P02,Weld porosity,3,FAIL
QC-0012302,WO-004101,2026-05-06,M02,P02,Dimensional,1,FAIL
QC-0012303,WO-004101,2026-05-06,M02,P02,Assembly mismatch,1,FAIL
QC-0012304,WO-004102,2026-05-06,M02,P01,Material defect,2,FAIL
QC-0012305,WO-004102,2026-05-06,M02,P01,Surface finish,2,FAIL
QC-0012306,WO-004102,2026-05-06,M02,P01,Assembly mismatch,2,FAIL
QC-0012307,WO-004103,2026-05-06,M03,P03,Cosmetic,2,FAIL
QC-0012308,WO-004103,2026-05-06,M03,P03,Assembly mismatch,4,FAIL
QC-0012309,WO-004103,2026-05-06,M03,P03,Material defect,0,PASS
QC-0012310,WO-004104,2026-05-06,M03,P03,Assembly mismatch,8,FAIL
QC-0012311,WO-004104,2026-05-06,M03,P03,Dimensional,1,FAIL
QC-0012312,WO-004104,2026-05-06,M03,P03,Surface finish,1,FAIL
QC-0012313,WO-004105,2026-05-06,M04,P06,Weld porosity,3,FAIL
QC-0012314,WO-004105,2026-05-06,M04,P06,Surface finish,2,FAIL
QC-0012315,WO-004105,2026-05-06,M04,P06,Material defect,2,FAIL
QC-0012316,WO-004106,2026-05-06,M04,P04,Assembly mismatch,4,FAIL
QC-0012317,WO-004106,2026-05-06,M04,P04,Dimensional,1,FAIL
QC-0012318,WO-004106,2026-05-06,M04,P04,Weld porosity,1,FAIL
QC-0012319,WO-004107,2026-05-06,M05,P05,Assembly mismatch,7,FAIL
QC-0012320,WO-004107,2026-05-06,M05,P05,Dimensional,2,FAIL
QC-0012321,WO-004107,2026-05-06,M05,P05,Weld porosity,1,FAIL
QC-0012322,WO-004108,2026-05-06,M05,P06,Assembly mismatch,3,FAIL
QC-0012323,WO-004108,2026-05-06,M05,P06,Dimensional,2,FAIL
QC-0012324,WO-004108,2026-05-06,M05,P06,Cosmetic,3,FAIL
QC-0012325,WO-004109,2026-05-06,M06,P06,Surface finish,4,FAIL
QC-0012326,WO-004109,2026-05-06,M06,P06,Weld porosity,1,FAIL
QC-0012327,WO-004109,2026-05-06,M06,P06,Dimensional,2,FAIL
QC-0012328,WO-004110,2026-05-06,M06,P06,Assembly mismatch,6,FAIL
QC-0012329,WO-004110,2026-05-06,M06,P06,Dimensional,0,PASS
QC-0012330,WO-004110,2026-05-06,M06,P06,Material defect,1,FAIL
QC-0012331,WO-004111,2026-05-07,M01,P01,Cosmetic,1,FAIL
QC-0012332,WO-004111,2026-05-07,M01,P01,Surface finish,2,FAIL
QC-0012333,WO-004111,2026-05-07,M01,P01,Material defect,1,FAIL
QC-0012334,WO-004112,2026-05-07,M01,P02,Dimensional,3,FAIL
QC-0012335,WO-004112,2026-05-07,M01,P02,Surface finish,2,FAIL
QC-0012336,WO-004112,2026-05-07,M01,P02,Assembly mismatch,1,FAIL
QC-0012337,WO-004113,2026-05-07,M02,P02,Surface finish,6,FAIL
QC-0012338,WO-004113,2026-05-07,M02,P02,Dimensional,1,FAIL
QC-0012339,WO-004113,2026-05-07,M02,P02,Cosmetic,1,FAIL
QC-0012340,WO-004114,2026-05-07,M02,P01,Cosmetic,2,FAIL
QC-0012341,WO-004114,2026-05-07,M02,P01,Weld porosity,2,FAIL
QC-0012342,WO-004114,2026-05-07,M02,P01,Dimensional,0,PASS
QC-0012343,WO-004115,2026-05-07,M03,P05,Surface finish,5,FAIL
QC-0012344,WO-004115,2026-05-07,M03,P05,Material defect,4,FAIL
QC-0012345,WO-004115,2026-05-07,M03,P05,Cosmetic,0,PASS
QC-0012346,WO-004116,2026-05-07,M03,P03,Weld porosity,7,FAIL
QC-0012347,WO-004116,2026-05-07,M03,P03,Dimensional,2,FAIL
QC-0012348,WO-004116,2026-05-07,M03,P03,Assembly mismatch,0,PASS
QC-0012349,WO-004117,2026-05-07,M04,P03,Weld porosity,5,FAIL
QC-0012350,WO-004117,2026-05-07,M04,P03,Surface finish,3,FAIL
QC-0012351,WO-004117,2026-05-07,M04,P03,Dimensional,0,PASS
QC-0012352,WO-004118,2026-05-07,M04,P04,Weld porosity,3,FAIL
QC-0012353,WO-004118,2026-05-07,M04,P04,Dimensional,2,FAIL
QC-0012354,WO-004118,2026-05-07,M04,P04,Cosmetic,0,PASS
QC-0012355,WO-004119,2026-05-07,M05,P01,Weld porosity,3,FAIL
QC-0012356,WO-004119,2026-05-07,M05,P01,Surface finish,2,FAIL
QC-0012357,WO-004119,2026-05-07,M05,P01,Cosmetic,0,PASS
QC-0012358,WO-004120,2026-05-07,M05,P01,Material defect,4,FAIL
QC-0012359,WO-004120,2026-05-07,M05,P01,Dimensional,0,PASS
QC-0012360,WO-004120,2026-05-07,M05,P01,Cosmetic,2,FAIL
QC-0012361,WO-004121,2026-05-07,M06,P01,Assembly mismatch,2,FAIL
QC-0012362,WO-004121,2026-05-07,M06,P01,Material defect,2,FAIL
QC-0012363,WO-004121,2026-05-07,M06,P01,Cosmetic,2,FAIL
QC-0012364,WO-004122,2026-05-07,M06,P05,Material defect,6,FAIL
QC-0012365,WO-004122,2026-05-07,M06,P05,Cosmetic,3,FAIL
QC-0012366,WO-004122,2026-05-07,M06,P05,Surface finish,0,PASS
QC-0012367,WO-004123,2026-05-08,M01,P01,Assembly mismatch,3,FAIL
QC-0012368,WO-004123,2026-05-08,M01,P01,Surface finish,0,PASS
QC-0012369,WO-004123,2026-05-08,M01,P01,Material defect,0,PASS
QC-0012370,WO-004124,2026-05-08,M01,P02,Dimensional,1,FAIL
QC-0012371,WO-004124,2026-05-08,M01,P02,Surface finish,3,FAIL
QC-0012372,WO-004124,2026-05-08,M01,P02,Assembly mismatch,3,FAIL
QC-0012373,WO-004125,2026-05-08,M02,P02,Surface finish,2,FAIL
QC-0012374,WO-004125,2026-05-08,M02,P02,Cosmetic,1,FAIL
QC-0012375,WO-004125,2026-05-08,M02,P02,Assembly mismatch,1,FAIL
QC-0012376,WO-004126,2026-05-08,M02,P05,Material defect,5,FAIL
QC-0012377,WO-004126,2026-05-08,M02,P05,Weld porosity,3,FAIL
QC-0012378,WO-004126,2026-05-08,M02,P05,Cosmetic,0,PASS
QC-0012379,WO-004127,2026-05-08,M03,P05,Weld porosity,7,FAIL
QC-0012380,WO-004127,2026-05-08,M03,P05,Dimensional,2,FAIL
QC-0012381,WO-004127,2026-05-08,M03,P05,Cosmetic,2,FAIL
QC-0012382,WO-004128,2026-05-08,M03,P01,Dimensional,5,FAIL
QC-0012383,WO-004128,2026-05-08,M03,P01,Cosmetic,3,FAIL
QC-0012384,WO-004128,2026-05-08,M03,P01,Surface finish,0,PASS
QC-0012385,WO-004129,2026-05-08,M04,P04,Weld porosity,5,FAIL
QC-0012386,WO-004129,2026-05-08,M04,P04,Material defect,0,PASS
QC-0012387,WO-004129,2026-05-08,M04,P04,Dimensional,0,PASS
QC-0012388,WO-004130,2026-05-08,M04,P03,Weld porosity,5,FAIL
QC-0012389,WO-004130,2026-05-08,M04,P03,Material defect,5,FAIL
QC-0012390,WO-004130,2026-05-08,M04,P03,Cosmetic,0,PASS
QC-0012391,WO-004131,2026-05-08,M05,P05,Weld porosity,5,FAIL
QC-0012392,WO-004131,2026-05-08,M05,P05,Material defect,5,FAIL
QC-0012393,WO-004131,2026-05-08,M05,P05,Dimensional,1,FAIL
QC-0012394,WO-004132,2026-05-08,M05,P04,Assembly mismatch,4,FAIL
QC-0012395,WO-004132,2026-05-08,M05,P04,Dimensional,1,FAIL
QC-0012396,WO-004132,2026-05-08,M05,P04,Material defect,0,PASS
QC-0012397,WO-004133,2026-05-08,M06,P01,Material defect,3,FAIL
QC-0012398,WO-004133,2026-05-08,M06,P01,Cosmetic,2,FAIL
QC-0012399,WO-004133,2026-05-08,M06,P01,Surface finish,0,PASS
QC-0012400,WO-004134,2026-05-08,M06,P06,Surface finish,5,FAIL
QC-0012401,WO-004134,2026-05-08,M06,P06,Material defect,1,FAIL
QC-0012402,WO-004134,2026-05-08,M06,P06,Assembly mismatch,1,FAIL
QC-0012403,WO-004135,2026-05-11,M01,P02,Weld porosity,3,FAIL
QC-0012404,WO-004135,2026-05-11,M01,P02,Assembly mismatch,0,PASS
QC-0012405,WO-004135,2026-05-11,M01,P02,Surface finish,1,FAIL
QC-0012406,WO-004136,2026-05-11,M01,P01,Surface finish,4,FAIL
QC-0012407,WO-004136,2026-05-11,M01,P01,Assembly mismatch,2,FAIL
QC-0012408,WO-004136,2026-05-11,M01,P01,Weld porosity,1,FAIL
QC-0012409,WO-004137,2026-05-11,M02,P02,Surface finish,3,FAIL
QC-0012410,WO-004137,2026-05-11,M02,P02,Dimensional,0,PASS
QC-0012411,WO-004137,2026-05-11,M02,P02,Cosmetic,1,FAIL
QC-0012412,WO-004138,2026-05-11,M02,P05,Weld porosity,5,FAIL
QC-0012413,WO-004138,2026-05-11,M02,P05,Material defect,1,FAIL
QC-0012414,WO-004138,2026-05-11,M02,P05,Cosmetic,3,FAIL
QC-0012415,WO-004139,2026-05-11,M03,P01,Surface finish,4,FAIL
QC-0012416,WO-004139,2026-05-11,M03,P01,Cosmetic,1,FAIL
QC-0012417,WO-004139,2026-05-11,M03,P01,Weld porosity,0,PASS
QC-0012418,WO-004140,2026-05-11,M04,P04,Assembly mismatch,2,FAIL
QC-0012419,WO-004140,2026-05-11,M04,P04,Surface finish,2,FAIL
QC-0012420,WO-004140,2026-05-11,M04,P04,Weld porosity,1,FAIL
QC-0012421,WO-004141,2026-05-11,M04,P03,Dimensional,11,FAIL
QC-0012422,WO-004141,2026-05-11,M04,P03,Material defect,1,FAIL
QC-0012423,WO-004141,2026-05-11,M04,P03,Weld porosity,1,FAIL
QC-0012424,WO-004142,2026-05-11,M05,P01,Material defect,1,FAIL
QC-0012425,WO-004142,2026-05-11,M05,P01,Assembly mismatch,1,FAIL
QC-0012426,WO-004142,2026-05-11,M05,P01,Surface finish,3,FAIL
QC-0012427,WO-004143,2026-05-11,M05,P01,Material defect,2,FAIL
QC-0012428,WO-004143,2026-05-11,M05,P01,Surface finish,3,FAIL
QC-0012429,WO-004143,2026-05-11,M05,P01,Dimensional,1,FAIL
QC-0012430,WO-004144,2026-05-11,M06,P01,Weld porosity,1,FAIL
QC-0012431,WO-004144,2026-05-11,M06,P01,Cosmetic,3,FAIL
QC-0012432,WO-004144,2026-05-11,M06,P01,Surface finish,1,FAIL
QC-0012433,WO-004145,2026-05-11,M06,P05,Dimensional,4,FAIL
QC-0012434,WO-004145,2026-05-11,M06,P05,Material defect,6,FAIL
QC-0012435,WO-004145,2026-05-11,M06,P05,Surface finish,3,FAIL
QC-0012436,WO-004146,2026-05-12,M01,P03,Cosmetic,2,FAIL
QC-0012437,WO-004146,2026-05-12,M01,P03,Assembly mismatch,1,FAIL
QC-0012438,WO-004146,2026-05-12,M01,P03,Surface finish,2,FAIL
QC-0012439,WO-004147,2026-05-12,M01,P03,Surface finish,2,FAIL
QC-0012440,WO-004147,2026-05-12,M01,P03,Assembly mismatch,1,FAIL
QC-0012441,WO-004147,2026-05-12,M01,P03,Dimensional,1,FAIL
QC-0012442,WO-004148,2026-05-12,M02,P02,Dimensional,4,FAIL
QC-0012443,WO-004148,2026-05-12,M02,P02,Cosmetic,1,FAIL
QC-0012444,WO-004148,2026-05-12,M02,P02,Weld porosity,1,FAIL
QC-0012445,WO-004149,2026-05-12,M02,P05,Assembly mismatch,4,FAIL
QC-0012446,WO-004149,2026-05-12,M02,P05,Material defect,2,FAIL
QC-0012447,WO-004149,2026-05-12,M02,P05,Surface finish,3,FAIL
QC-0012448,WO-004150,2026-05-12,M03,P05,Assembly mismatch,5,FAIL
QC-0012449,WO-004150,2026-05-12,M03,P05,Surface finish,3,FAIL
QC-0012450,WO-004150,2026-05-12,M03,P05,Weld porosity,3,FAIL
QC-0012451,WO-004151,2026-05-12,M03,P01,Cosmetic,2,FAIL
QC-0012452,WO-004151,2026-05-12,M03,P01,Dimensional,4,FAIL
QC-0012453,WO-004151,2026-05-12,M03,P01,Assembly mismatch,2,FAIL
QC-0012454,WO-004152,2026-05-12,M04,P04,Weld porosity,1,FAIL
QC-0012455,WO-004152,2026-05-12,M04,P04,Material defect,2,FAIL
QC-0012456,WO-004152,2026-05-12,M04,P04,Cosmetic,2,FAIL
QC-0012457,WO-004153,2026-05-12,M04,P04,Weld porosity,2,FAIL
QC-0012458,WO-004153,2026-05-12,M04,P04,Dimensional,2,FAIL
QC-0012459,WO-004153,2026-05-12,M04,P04,Assembly mismatch,1,FAIL
QC-0012460,WO-004154,2026-05-12,M05,P06,Dimensional,3,FAIL
QC-0012461,WO-004154,2026-05-12,M05,P06,Assembly mismatch,4,FAIL
QC-0012462,WO-004154,2026-05-12,M05,P06,Material defect,0,PASS
QC-0012463,WO-004155,2026-05-12,M05,P05,Cosmetic,7,FAIL
QC-0012464,WO-004155,2026-05-12,M05,P05,Dimensional,1,FAIL
QC-0012465,WO-004155,2026-05-12,M05,P05,Surface finish,1,FAIL
QC-0012466,WO-004156,2026-05-12,M06,P01,Material defect,4,FAIL
QC-0012467,WO-004156,2026-05-12,M06,P01,Surface finish,2,FAIL
QC-0012468,WO-004156,2026-05-12,M06,P01,Weld porosity,0,PASS
QC-0012469,WO-004157,2026-05-12,M06,P05,Surface finish,5,FAIL
QC-0012470,WO-004157,2026-05-12,M06,P05,Dimensional,4,FAIL
QC-0012471,WO-004157,2026-05-12,M06,P05,Material defect,2,FAIL
QC-0012472,WO-004158,2026-05-13,M01,P01,Material defect,3,FAIL
QC-0012473,WO-004158,2026-05-13,M01,P01,Assembly mismatch,2,FAIL
QC-0012474,WO-004158,2026-05-13,M01,P01,Weld porosity,0,PASS
QC-0012475,WO-004159,2026-05-13,M01,P01,Assembly mismatch,4,FAIL
QC-0012476,WO-004159,2026-05-13,M01,P01,Cosmetic,2,FAIL
QC-0012477,WO-004159,2026-05-13,M01,P01,Surface finish,1,FAIL
QC-0012478,WO-004160,2026-05-13,M02,P05,Cosmetic,5,FAIL
QC-0012479,WO-004160,2026-05-13,M02,P05,Surface finish,4,FAIL
QC-0012480,WO-004160,2026-05-13,M02,P05,Dimensional,1,FAIL
QC-0012481,WO-004161,2026-05-13,M02,P02,Weld porosity,2,FAIL
QC-0012482,WO-004161,2026-05-13,M02,P02,Cosmetic,2,FAIL
QC-0012483,WO-004161,2026-05-13,M02,P02,Dimensional,1,FAIL
QC-0012484,WO-004162,2026-05-13,M03,P03,Cosmetic,2,FAIL
QC-0012485,WO-004162,2026-05-13,M03,P03,Surface finish,4,FAIL
QC-0012486,WO-004162,2026-05-13,M03,P03,Material defect,2,FAIL
QC-0012487,WO-004163,2026-05-13,M03,P05,Material defect,7,FAIL
QC-0012488,WO-004163,2026-05-13,M03,P05,Cosmetic,0,PASS
QC-0012489,WO-004163,2026-05-13,M03,P05,Surface finish,2,FAIL
QC-0012490,WO-004164,2026-05-13,M04,P06,Material defect,2,FAIL
QC-0012491,WO-004164,2026-05-13,M04,P06,Dimensional,3,FAIL
QC-0012492,WO-004164,2026-05-13,M04,P06,Weld porosity,1,FAIL
QC-0012493,WO-004165,2026-05-13,M04,P03,Weld porosity,7,FAIL
QC-0012494,WO-004165,2026-05-13,M04,P03,Cosmetic,1,FAIL
QC-0012495,WO-004165,2026-05-13,M04,P03,Dimensional,0,PASS
QC-0012496,WO-004166,2026-05-13,M05,P05,Material defect,7,FAIL
QC-0012497,WO-004166,2026-05-13,M05,P05,Cosmetic,2,FAIL
QC-0012498,WO-004166,2026-05-13,M05,P05,Weld porosity,1,FAIL
QC-0012499,WO-004167,2026-05-13,M05,P01,Cosmetic,4,FAIL
QC-0012500,WO-004167,2026-05-13,M05,P01,Surface finish,1,FAIL
QC-0012501,WO-004167,2026-05-13,M05,P01,Dimensional,0,PASS
QC-0012502,WO-004168,2026-05-13,M06,P06,Weld porosity,6,FAIL
QC-0012503,WO-004168,2026-05-13,M06,P06,Cosmetic,0,PASS
QC-0012504,WO-004168,2026-05-13,M06,P06,Assembly mismatch,1,FAIL
QC-0012505,WO-004169,2026-05-13,M06,P04,Dimensional,3,FAIL
QC-0012506,WO-004169,2026-05-13,M06,P04,Assembly mismatch,1,FAIL
QC-0012507,WO-004169,2026-05-13,M06,P04,Surface finish,2,FAIL
QC-0012508,WO-004170,2026-05-14,M01,P03,Material defect,5,FAIL
QC-0012509,WO-004170,2026-05-14,M01,P03,Cosmetic,1,FAIL
QC-0012510,WO-004170,2026-05-14,M01,P03,Weld porosity,2,FAIL
QC-0012511,WO-004171,2026-05-14,M01,P02,Dimensional,2,FAIL
QC-0012512,WO-004171,2026-05-14,M01,P02,Cosmetic,2,FAIL
QC-0012513,WO-004171,2026-05-14,M01,P02,Surface finish,3,FAIL
QC-0012514,WO-004172,2026-05-14,M02,P02,Material defect,3,FAIL
QC-0012515,WO-004172,2026-05-14,M02,P02,Cosmetic,3,FAIL
QC-0012516,WO-004172,2026-05-14,M02,P02,Surface finish,0,PASS
QC-0012517,WO-004173,2026-05-14,M02,P01,Material defect,2,FAIL
QC-0012518,WO-004173,2026-05-14,M02,P01,Dimensional,3,FAIL
QC-0012519,WO-004173,2026-05-14,M02,P01,Cosmetic,1,FAIL
QC-0012520,WO-004174,2026-05-14,M03,P01,Assembly mismatch,4,FAIL
QC-0012521,WO-004174,2026-05-14,M03,P01,Cosmetic,0,PASS
QC-0012522,WO-004174,2026-05-14,M03,P01,Surface finish,0,PASS
QC-0012523,WO-004175,2026-05-14,M03,P05,Weld porosity,6,FAIL
QC-0012524,WO-004175,2026-05-14,M03,P05,Surface finish,1,FAIL
QC-0012525,WO-004175,2026-05-14,M03,P05,Material defect,2,FAIL
QC-0012526,WO-004176,2026-05-14,M04,P04,Weld porosity,2,FAIL
QC-0012527,WO-004176,2026-05-14,M04,P04,Cosmetic,1,FAIL
QC-0012528,WO-004176,2026-05-14,M04,P04,Surface finish,1,FAIL
QC-0012529,WO-004177,2026-05-14,M04,P04,Weld porosity,6,FAIL
QC-0012530,WO-004177,2026-05-14,M04,P04,Cosmetic,0,PASS
QC-0012531,WO-004177,2026-05-14,M04,P04,Dimensional,0,PASS
QC-0012532,WO-004178,2026-05-14,M05,P04,Material defect,5,FAIL
QC-0012533,WO-004178,2026-05-14,M05,P04,Assembly mismatch,0,PASS
QC-0012534,WO-004178,2026-05-14,M05,P04,Weld porosity,0,PASS
QC-0012535,WO-004179,2026-05-14,M05,P04,Weld porosity,3,FAIL
QC-0012536,WO-004179,2026-05-14,M05,P04,Material defect,2,FAIL
QC-0012537,WO-004179,2026-05-14,M05,P04,Dimensional,0,PASS
QC-0012538,WO-004180,2026-05-14,M06,P04,Dimensional,2,FAIL
QC-0012539,WO-004180,2026-05-14,M06,P04,Weld porosity,1,FAIL
QC-0012540,WO-004180,2026-05-14,M06,P04,Surface finish,0,PASS
QC-0012541,WO-004181,2026-05-14,M06,P05,Cosmetic,4,FAIL
QC-0012542,WO-004181,2026-05-14,M06,P05,Assembly mismatch,4,FAIL
QC-0012543,WO-004181,2026-05-14,M06,P05,Dimensional,2,FAIL
QC-0012544,WO-004182,2026-05-15,M01,P01,Weld porosity,3,FAIL
QC-0012545,WO-004182,2026-05-15,M01,P01,Material defect,3,FAIL
QC-0012546,WO-004182,2026-05-15,M01,P01,Dimensional,0,PASS
QC-0012547,WO-004183,2026-05-15,M01,P02,Surface finish,4,FAIL
QC-0012548,WO-004183,2026-05-15,M01,P02,Assembly mismatch,2,FAIL
QC-0012549,WO-004183,2026-05-15,M01,P02,Dimensional,1,FAIL
QC-0012550,WO-004184,2026-05-15,M02,P01,Cosmetic,6,FAIL
QC-0012551,WO-004184,2026-05-15,M02,P01,Material defect,0,PASS
QC-0012552,WO-004184,2026-05-15,M02,P01,Dimensional,1,FAIL
QC-0012553,WO-004185,2026-05-15,M02,P05,Assembly mismatch,7,FAIL
QC-0012554,WO-004185,2026-05-15,M02,P05,Surface finish,1,FAIL
QC-0012555,WO-004185,2026-05-15,M02,P05,Weld porosity,1,FAIL
QC-0012556,WO-004186,2026-05-15,M03,P05,Dimensional,5,FAIL
QC-0012557,WO-004186,2026-05-15,M03,P05,Weld porosity,2,FAIL
QC-0012558,WO-004186,2026-05-15,M03,P05,Cosmetic,2,FAIL
QC-0012559,WO-004187,2026-05-15,M03,P01,Material defect,2,FAIL
QC-0012560,WO-004187,2026-05-15,M03,P01,Dimensional,0,PASS
QC-0012561,WO-004187,2026-05-15,M03,P01,Surface finish,2,FAIL
QC-0012562,WO-004188,2026-05-15,M04,P03,Cosmetic,7,FAIL
QC-0012563,WO-004188,2026-05-15,M04,P03,Weld porosity,2,FAIL
QC-0012564,WO-004188,2026-05-15,M04,P03,Assembly mismatch,1,FAIL
QC-0012565,WO-004189,2026-05-15,M04,P04,Weld porosity,2,FAIL
QC-0012566,WO-004189,2026-05-15,M04,P04,Assembly mismatch,1,FAIL
QC-0012567,WO-004189,2026-05-15,M04,P04,Dimensional,1,FAIL
QC-0012568,WO-004190,2026-05-15,M05,P05,Weld porosity,6,FAIL
QC-0012569,WO-004190,2026-05-15,M05,P05,Cosmetic,1,FAIL
QC-0012570,WO-004190,2026-05-15,M05,P05,Dimensional,2,FAIL
QC-0012571,WO-004191,2026-05-15,M05,P04,Surface finish,3,FAIL
QC-0012572,WO-004191,2026-05-15,M05,P04,Material defect,2,FAIL
QC-0012573,WO-004191,2026-05-15,M05,P04,Assembly mismatch,0,PASS
QC-0012574,WO-004192,2026-05-15,M06,P06,Cosmetic,5,FAIL
QC-0012575,WO-004192,2026-05-15,M06,P06,Weld porosity,3,FAIL
QC-0012576,WO-004192,2026-05-15,M06,P06,Material defect,0,PASS
QC-0012577,WO-004193,2026-05-15,M06,P01,Assembly mismatch,3,FAIL
QC-0012578,WO-004193,2026-05-15,M06,P01,Cosmetic,3,FAIL
QC-0012579,WO-004193,2026-05-15,M06,P01,Material defect,0,PASS
QC-0012580,WO-004194,2026-05-18,M01,P02,Weld porosity,3,FAIL
QC-0012581,WO-004194,2026-05-18,M01,P02,Cosmetic,1,FAIL
QC-0012582,WO-004194,2026-05-18,M01,P02,Surface finish,2,FAIL
QC-0012583,WO-004195,2026-05-18,M01,P01,Weld porosity,2,FAIL
QC-0012584,WO-004195,2026-05-18,M01,P01,Cosmetic,2,FAIL
QC-0012585,WO-004195,2026-05-18,M01,P01,Assembly mismatch,1,FAIL
QC-0012586,WO-004196,2026-05-18,M02,P02,Weld porosity,2,FAIL
QC-0012587,WO-004196,2026-05-18,M02,P02,Cosmetic,1,FAIL
QC-0012588,WO-004196,2026-05-18,M02,P02,Surface finish,2,FAIL
QC-0012589,WO-004197,2026-05-18,M03,P03,Material defect,2,FAIL
QC-0012590,WO-004197,2026-05-18,M03,P03,Weld porosity,0,PASS
QC-0012591,WO-004197,2026-05-18,M03,P03,Dimensional,1,FAIL
QC-0012592,WO-004198,2026-05-18,M03,P03,Material defect,3,FAIL
QC-0012593,WO-004198,2026-05-18,M03,P03,Weld porosity,2,FAIL
QC-0012594,WO-004198,2026-05-18,M03,P03,Cosmetic,2,FAIL
QC-0012595,WO-004199,2026-05-18,M04,P06,Weld porosity,3,FAIL
QC-0012596,WO-004199,2026-05-18,M04,P06,Material defect,4,FAIL
QC-0012597,WO-004199,2026-05-18,M04,P06,Assembly mismatch,1,FAIL
QC-0012598,WO-004200,2026-05-18,M04,P04,Material defect,3,FAIL
QC-0012599,WO-004200,2026-05-18,M04,P04,Assembly mismatch,2,FAIL
QC-0012600,WO-004200,2026-05-18,M04,P04,Weld porosity,0,PASS
QC-0012601,WO-004201,2026-05-18,M05,P01,Material defect,3,FAIL
QC-0012602,WO-004201,2026-05-18,M05,P01,Weld porosity,1,FAIL
QC-0012603,WO-004201,2026-05-18,M05,P01,Dimensional,1,FAIL
QC-0012604,WO-004202,2026-05-18,M05,P05,Surface finish,6,FAIL
QC-0012605,WO-004202,2026-05-18,M05,P05,Weld porosity,5,FAIL
QC-0012606,WO-004202,2026-05-18,M05,P05,Cosmetic,0,PASS
QC-0012607,WO-004203,2026-05-18,M06,P01,Assembly mismatch,2,FAIL
QC-0012608,WO-004203,2026-05-18,M06,P01,Cosmetic,2,FAIL
QC-0012609,WO-004203,2026-05-18,M06,P01,Material defect,1,FAIL
QC-0012610,WO-004204,2026-05-18,M06,P05,Assembly mismatch,8,FAIL
QC-0012611,WO-004204,2026-05-18,M06,P05,Dimensional,1,FAIL
QC-0012612,WO-004204,2026-05-18,M06,P05,Surface finish,3,FAIL
QC-0012613,WO-004205,2026-05-19,M01,P02,Weld porosity,0,PASS
QC-0012614,WO-004205,2026-05-19,M01,P02,Cosmetic,5,FAIL
QC-0012615,WO-004205,2026-05-19,M01,P02,Material defect,1,FAIL
QC-0012616,WO-004206,2026-05-19,M01,P01,Cosmetic,3,FAIL
QC-0012617,WO-004206,2026-05-19,M01,P01,Assembly mismatch,2,FAIL
QC-0012618,WO-004206,2026-05-19,M01,P01,Surface finish,0,PASS
QC-0012619,WO-004207,2026-05-19,M02,P02,Dimensional,5,FAIL
QC-0012620,WO-004207,2026-05-19,M02,P02,Surface finish,0,PASS
QC-0012621,WO-004207,2026-05-19,M02,P02,Cosmetic,2,FAIL
QC-0012622,WO-004208,2026-05-19,M02,P05,Material defect,4,FAIL
QC-0012623,WO-004208,2026-05-19,M02,P05,Surface finish,2,FAIL
QC-0012624,WO-004208,2026-05-19,M02,P05,Weld porosity,3,FAIL
QC-0012625,WO-004209,2026-05-19,M03,P03,Material defect,4,FAIL
QC-0012626,WO-004209,2026-05-19,M03,P03,Cosmetic,1,FAIL
QC-0012627,WO-004209,2026-05-19,M03,P03,Dimensional,1,FAIL
QC-0012628,WO-004210,2026-05-19,M03,P01,Cosmetic,3,FAIL
QC-0012629,WO-004210,2026-05-19,M03,P01,Surface finish,1,FAIL
QC-0012630,WO-004210,2026-05-19,M03,P01,Weld porosity,4,FAIL
QC-0012631,WO-004211,2026-05-19,M04,P04,Surface finish,2,FAIL
QC-0012632,WO-004211,2026-05-19,M04,P04,Weld porosity,2,FAIL
QC-0012633,WO-004211,2026-05-19,M04,P04,Material defect,2,FAIL
QC-0012634,WO-004212,2026-05-19,M05,P06,Assembly mismatch,4,FAIL
QC-0012635,WO-004212,2026-05-19,M05,P06,Cosmetic,2,FAIL
QC-0012636,WO-004212,2026-05-19,M05,P06,Material defect,1,FAIL
QC-0012637,WO-004213,2026-05-19,M05,P04,Dimensional,1,FAIL
QC-0012638,WO-004213,2026-05-19,M05,P04,Material defect,2,FAIL
QC-0012639,WO-004213,2026-05-19,M05,P04,Weld porosity,1,FAIL
QC-0012640,WO-004214,2026-05-19,M06,P01,Dimensional,2,FAIL
QC-0012641,WO-004214,2026-05-19,M06,P01,Cosmetic,1,FAIL
QC-0012642,WO-004214,2026-05-19,M06,P01,Weld porosity,2,FAIL
QC-0012643,WO-004215,2026-05-19,M06,P05,Surface finish,3,FAIL
QC-0012644,WO-004215,2026-05-19,M06,P05,Assembly mismatch,3,FAIL
QC-0012645,WO-004215,2026-05-19,M06,P05,Weld porosity,4,FAIL
QC-0012646,WO-004216,2026-05-20,M01,P01,Assembly mismatch,2,FAIL
QC-0012647,WO-004216,2026-05-20,M01,P01,Dimensional,2,FAIL
QC-0012648,WO-004216,2026-05-20,M01,P01,Cosmetic,1,FAIL
QC-0012649,WO-004217,2026-05-20,M01,P03,Material defect,5,FAIL
QC-0012650,WO-004217,2026-05-20,M01,P03,Cosmetic,3,FAIL
QC-0012651,WO-004217,2026-05-20,M01,P03,Assembly mismatch,2,FAIL
QC-0012652,WO-004218,2026-05-20,M02,P02,Cosmetic,6,FAIL
QC-0012653,WO-004218,2026-05-20,M02,P02,Weld porosity,0,PASS
QC-0012654,WO-004218,2026-05-20,M02,P02,Surface finish,0,PASS
QC-0012655,WO-004219,2026-05-20,M02,P05,Dimensional,4,FAIL
QC-0012656,WO-004219,2026-05-20,M02,P05,Material defect,3,FAIL
QC-0012657,WO-004219,2026-05-20,M02,P05,Surface finish,1,FAIL
QC-0012658,WO-004220,2026-05-20,M03,P05,Dimensional,7,FAIL
QC-0012659,WO-004220,2026-05-20,M03,P05,Cosmetic,0,PASS
QC-0012660,WO-004220,2026-05-20,M03,P05,Surface finish,2,FAIL
QC-0012661,WO-004221,2026-05-20,M03,P01,Weld porosity,4,FAIL
QC-0012662,WO-004221,2026-05-20,M03,P01,Assembly mismatch,3,FAIL
QC-0012663,WO-004221,2026-05-20,M03,P01,Cosmetic,1,FAIL
QC-0012664,WO-004222,2026-05-20,M04,P03,Weld porosity,5,FAIL
QC-0012665,WO-004222,2026-05-20,M04,P03,Surface finish,7,FAIL
QC-0012666,WO-004222,2026-05-20,M04,P03,Assembly mismatch,1,FAIL
QC-0012667,WO-004223,2026-05-20,M04,P03,Weld porosity,5,FAIL
QC-0012668,WO-004223,2026-05-20,M04,P03,Surface finish,6,FAIL
QC-0012669,WO-004223,2026-05-20,M04,P03,Dimensional,0,PASS
QC-0012670,WO-004224,2026-05-20,M05,P01,Assembly mismatch,2,FAIL
QC-0012671,WO-004224,2026-05-20,M05,P01,Surface finish,1,FAIL
QC-0012672,WO-004224,2026-05-20,M05,P01,Weld porosity,0,PASS
QC-0012673,WO-004225,2026-05-20,M05,P05,Assembly mismatch,4,FAIL
QC-0012674,WO-004225,2026-05-20,M05,P05,Weld porosity,3,FAIL
QC-0012675,WO-004225,2026-05-20,M05,P05,Material defect,3,FAIL
QC-0012676,WO-004226,2026-05-20,M06,P05,Assembly mismatch,3,FAIL
QC-0012677,WO-004226,2026-05-20,M06,P05,Dimensional,6,FAIL
QC-0012678,WO-004226,2026-05-20,M06,P05,Surface finish,0,PASS
QC-0012679,WO-004227,2026-05-20,M06,P05,Cosmetic,6,FAIL
QC-0012680,WO-004227,2026-05-20,M06,P05,Weld porosity,3,FAIL
QC-0012681,WO-004227,2026-05-20,M06,P05,Dimensional,1,FAIL
QC-0012682,WO-004228,2026-05-21,M01,P02,Cosmetic,4,FAIL
QC-0012683,WO-004228,2026-05-21,M01,P02,Surface finish,2,FAIL
QC-0012684,WO-004228,2026-05-21,M01,P02,Assembly mismatch,2,FAIL
QC-0012685,WO-004229,2026-05-21,M01,P03,Material defect,1,FAIL
QC-0012686,WO-004229,2026-05-21,M01,P03,Dimensional,4,FAIL
QC-0012687,WO-004229,2026-05-21,M01,P03,Surface finish,1,FAIL
QC-0012688,WO-004230,2026-05-21,M02,P02,Assembly mismatch,4,FAIL
QC-0012689,WO-004230,2026-05-21,M02,P02,Cosmetic,0,PASS
QC-0012690,WO-004230,2026-05-21,M02,P02,Weld porosity,1,FAIL
QC-0012691,WO-004231,2026-05-21,M02,P02,Material defect,3,FAIL
QC-0012692,WO-004231,2026-05-21,M02,P02,Surface finish,3,FAIL
QC-0012693,WO-004231,2026-05-21,M02,P02,Dimensional,1,FAIL
QC-0012694,WO-004232,2026-05-21,M03,P03,Weld porosity,2,FAIL
QC-0012695,WO-004232,2026-05-21,M03,P03,Dimensional,3,FAIL
QC-0012696,WO-004232,2026-05-21,M03,P03,Assembly mismatch,0,PASS
QC-0012697,WO-004233,2026-05-21,M03,P03,Dimensional,4,FAIL
QC-0012698,WO-004233,2026-05-21,M03,P03,Surface finish,2,FAIL
QC-0012699,WO-004233,2026-05-21,M03,P03,Material defect,0,PASS
QC-0012700,WO-004234,2026-05-21,M04,P03,Weld porosity,5,FAIL
QC-0012701,WO-004234,2026-05-21,M04,P03,Assembly mismatch,2,FAIL
QC-0012702,WO-004234,2026-05-21,M04,P03,Dimensional,1,FAIL
QC-0012703,WO-004235,2026-05-21,M04,P04,Cosmetic,4,FAIL
QC-0012704,WO-004235,2026-05-21,M04,P04,Weld porosity,1,FAIL
QC-0012705,WO-004235,2026-05-21,M04,P04,Material defect,0,PASS
QC-0012706,WO-004236,2026-05-21,M05,P05,Assembly mismatch,8,FAIL
QC-0012707,WO-004236,2026-05-21,M05,P05,Surface finish,5,FAIL
QC-0012708,WO-004236,2026-05-21,M05,P05,Cosmetic,1,FAIL
QC-0012709,WO-004237,2026-05-21,M05,P01,Assembly mismatch,5,FAIL
QC-0012710,WO-004237,2026-05-21,M05,P01,Dimensional,1,FAIL
QC-0012711,WO-004237,2026-05-21,M05,P01,Weld porosity,0,PASS
QC-0012712,WO-004238,2026-05-21,M06,P05,Assembly mismatch,5,FAIL
QC-0012713,WO-004238,2026-05-21,M06,P05,Cosmetic,3,FAIL
QC-0012714,WO-004238,2026-05-21,M06,P05,Weld porosity,0,PASS
QC-0012715,WO-004239,2026-05-21,M06,P04,Assembly mismatch,2,FAIL
QC-0012716,WO-004239,2026-05-21,M06,P04,Cosmetic,1,FAIL
QC-0012717,WO-004239,2026-05-21,M06,P04,Material defect,1,FAIL
QC-0012718,WO-004240,2026-05-22,M01,P01,Dimensional,2,FAIL
QC-0012719,WO-004240,2026-05-22,M01,P01,Assembly mismatch,1,FAIL
QC-0012720,WO-004240,2026-05-22,M01,P01,Material defect,0,PASS
QC-0012721,WO-004241,2026-05-22,M01,P03,Weld porosity,2,FAIL
QC-0012722,WO-004241,2026-05-22,M01,P03,Cosmetic,3,FAIL
QC-0012723,WO-004241,2026-05-22,M01,P03,Dimensional,1,FAIL
QC-0012724,WO-004242,2026-05-22,M02,P01,Material defect,2,FAIL
QC-0012725,WO-004242,2026-05-22,M02,P01,Weld porosity,3,FAIL
QC-0012726,WO-004242,2026-05-22,M02,P01,Cosmetic,0,PASS
QC-0012727,WO-004243,2026-05-22,M02,P05,Material defect,7,FAIL
QC-0012728,WO-004243,2026-05-22,M02,P05,Cosmetic,5,FAIL
QC-0012729,WO-004243,2026-05-22,M02,P05,Assembly mismatch,0,PASS
QC-0012730,WO-004244,2026-05-22,M03,P05,Assembly mismatch,7,FAIL
QC-0012731,WO-004244,2026-05-22,M03,P05,Cosmetic,2,FAIL
QC-0012732,WO-004244,2026-05-22,M03,P05,Material defect,0,PASS
QC-0012733,WO-004245,2026-05-22,M03,P01,Cosmetic,3,FAIL
QC-0012734,WO-004245,2026-05-22,M03,P01,Material defect,0,PASS
QC-0012735,WO-004245,2026-05-22,M03,P01,Weld porosity,3,FAIL
QC-0012736,WO-004246,2026-05-22,M04,P03,Surface finish,4,FAIL
QC-0012737,WO-004246,2026-05-22,M04,P03,Cosmetic,3,FAIL
QC-0012738,WO-004246,2026-05-22,M04,P03,Weld porosity,2,FAIL
QC-0012739,WO-004247,2026-05-22,M04,P04,Cosmetic,0,PASS
QC-0012740,WO-004247,2026-05-22,M04,P04,Assembly mismatch,3,FAIL
QC-0012741,WO-004247,2026-05-22,M04,P04,Weld porosity,1,FAIL
QC-0012742,WO-004248,2026-05-22,M05,P06,Surface finish,5,FAIL
QC-0012743,WO-004248,2026-05-22,M05,P06,Weld porosity,0,PASS
QC-0012744,WO-004248,2026-05-22,M05,P06,Dimensional,2,FAIL
QC-0012745,WO-004249,2026-05-22,M05,P01,Weld porosity,2,FAIL
QC-0012746,WO-004249,2026-05-22,M05,P01,Cosmetic,2,FAIL
QC-0012747,WO-004249,2026-05-22,M05,P01,Dimensional,0,PASS
QC-0012748,WO-004250,2026-05-22,M06,P01,Cosmetic,2,FAIL
QC-0012749,WO-004250,2026-05-22,M06,P01,Weld porosity,0,PASS
QC-0012750,WO-004250,2026-05-22,M06,P01,Surface finish,1,FAIL
QC-0012751,WO-004251,2026-05-22,M06,P01,Dimensional,4,FAIL
QC-0012752,WO-004251,2026-05-22,M06,P01,Surface finish,2,FAIL
QC-0012753,WO-004251,2026-05-22,M06,P01,Cosmetic,1,FAIL
QC-0012754,WO-004252,2026-05-25,M01,P03,Assembly mismatch,5,FAIL
QC-0012755,WO-004252,2026-05-25,M01,P03,Weld porosity,4,FAIL
QC-0012756,WO-004252,2026-05-25,M01,P03,Surface finish,1,FAIL
QC-0012757,WO-004253,2026-05-25,M01,P03,Material defect,4,FAIL
QC-0012758,WO-004253,2026-05-25,M01,P03,Surface finish,2,FAIL
QC-0012759,WO-004253,2026-05-25,M01,P03,Assembly mismatch,0,PASS
QC-0012760,WO-004254,2026-05-25,M02,P01,Surface finish,3,FAIL
QC-0012761,WO-004254,2026-05-25,M02,P01,Assembly mismatch,1,FAIL
QC-0012762,WO-004254,2026-05-25,M02,P01,Cosmetic,0,PASS
QC-0012763,WO-004255,2026-05-25,M02,P01,Cosmetic,3,FAIL
QC-0012764,WO-004255,2026-05-25,M02,P01,Dimensional,1,FAIL
QC-0012765,WO-004255,2026-05-25,M02,P01,Surface finish,1,FAIL
QC-0012766,WO-004256,2026-05-25,M03,P01,Material defect,3,FAIL
QC-0012767,WO-004256,2026-05-25,M03,P01,Weld porosity,4,FAIL
QC-0012768,WO-004256,2026-05-25,M03,P01,Dimensional,0,PASS
QC-0012769,WO-004257,2026-05-25,M03,P01,Dimensional,5,FAIL
QC-0012770,WO-004257,2026-05-25,M03,P01,Surface finish,1,FAIL
QC-0012771,WO-004257,2026-05-25,M03,P01,Material defect,1,FAIL
QC-0012772,WO-004258,2026-05-25,M04,P06,Cosmetic,4,FAIL
QC-0012773,WO-004258,2026-05-25,M04,P06,Weld porosity,2,FAIL
QC-0012774,WO-004258,2026-05-25,M04,P06,Dimensional,1,FAIL
QC-0012775,WO-004259,2026-05-25,M04,P06,Weld porosity,4,FAIL
QC-0012776,WO-004259,2026-05-25,M04,P06,Surface finish,0,PASS
QC-0012777,WO-004259,2026-05-25,M04,P06,Material defect,3,FAIL
QC-0012778,WO-004260,2026-05-25,M05,P01,Surface finish,1,FAIL
QC-0012779,WO-004260,2026-05-25,M05,P01,Material defect,1,FAIL
QC-0012780,WO-004260,2026-05-25,M05,P01,Cosmetic,3,FAIL
QC-0012781,WO-004261,2026-05-25,M05,P01,Material defect,1,FAIL
QC-0012782,WO-004261,2026-05-25,M05,P01,Cosmetic,3,FAIL
QC-0012783,WO-004261,2026-05-25,M05,P01,Weld porosity,1,FAIL
QC-0012784,WO-004262,2026-05-25,M06,P01,Assembly mismatch,3,FAIL
QC-0012785,WO-004262,2026-05-25,M06,P01,Dimensional,0,PASS
QC-0012786,WO-004262,2026-05-25,M06,P01,Material defect,0,PASS
QC-0012787,WO-004263,2026-05-25,M06,P06,Cosmetic,4,FAIL
QC-0012788,WO-004263,2026-05-25,M06,P06,Surface finish,3,FAIL
QC-0012789,WO-004263,2026-05-25,M06,P06,Assembly mismatch,0,PASS
QC-0012790,WO-004264,2026-05-26,M01,P03,Cosmetic,8,FAIL
QC-0012791,WO-004264,2026-05-26,M01,P03,Surface finish,2,FAIL
QC-0012792,WO-004264,2026-05-26,M01,P03,Assembly mismatch,0,PASS
QC-0012793,WO-004265,2026-05-26,M01,P03,Assembly mismatch,5,FAIL
QC-0012794,WO-004265,2026-05-26,M01,P03,Material defect,1,FAIL
QC-0012795,WO-004265,2026-05-26,M01,P03,Surface finish,0,PASS
QC-0012796,WO-004266,2026-05-26,M02,P02,Material defect,4,FAIL
QC-0012797,WO-004266,2026-05-26,M02,P02,Assembly mismatch,1,FAIL
QC-0012798,WO-004266,2026-05-26,M02,P02,Weld porosity,1,FAIL
QC-0012799,WO-004267,2026-05-26,M02,P05,Assembly mismatch,6,FAIL
QC-0012800,WO-004267,2026-05-26,M02,P05,Material defect,1,FAIL
QC-0012801,WO-004267,2026-05-26,M02,P05,Cosmetic,2,FAIL
QC-0012802,WO-004268,2026-05-26,M03,P03,Weld porosity,5,FAIL
QC-0012803,WO-004268,2026-05-26,M03,P03,Cosmetic,0,PASS
QC-0012804,WO-004268,2026-05-26,M03,P03,Surface finish,1,FAIL
QC-0012805,WO-004269,2026-05-26,M03,P03,Cosmetic,4,FAIL
QC-0012806,WO-004269,2026-05-26,M03,P03,Surface finish,2,FAIL
QC-0012807,WO-004269,2026-05-26,M03,P03,Material defect,2,FAIL
QC-0012808,WO-004270,2026-05-26,M04,P03,Weld porosity,6,FAIL
QC-0012809,WO-004270,2026-05-26,M04,P03,Cosmetic,3,FAIL
QC-0012810,WO-004270,2026-05-26,M04,P03,Dimensional,3,FAIL
QC-0012811,WO-004271,2026-05-26,M04,P04,Weld porosity,3,FAIL
QC-0012812,WO-004271,2026-05-26,M04,P04,Material defect,1,FAIL
QC-0012813,WO-004271,2026-05-26,M04,P04,Assembly mismatch,2,FAIL
QC-0012814,WO-004272,2026-05-26,M05,P05,Weld porosity,2,FAIL
QC-0012815,WO-004272,2026-05-26,M05,P05,Assembly mismatch,5,FAIL
QC-0012816,WO-004272,2026-05-26,M05,P05,Material defect,0,PASS
QC-0012817,WO-004273,2026-05-26,M05,P05,Cosmetic,5,FAIL
QC-0012818,WO-004273,2026-05-26,M05,P05,Material defect,3,FAIL
QC-0012819,WO-004273,2026-05-26,M05,P05,Weld porosity,2,FAIL
QC-0012820,WO-004274,2026-05-26,M06,P01,Assembly mismatch,6,FAIL
QC-0012821,WO-004274,2026-05-26,M06,P01,Material defect,1,FAIL
QC-0012822,WO-004274,2026-05-26,M06,P01,Dimensional,0,PASS
QC-0012823,WO-004275,2026-05-26,M06,P01,Cosmetic,4,FAIL
QC-0012824,WO-004275,2026-05-26,M06,P01,Weld porosity,0,PASS
QC-0012825,WO-004275,2026-05-26,M06,P01,Material defect,3,FAIL
QC-0012826,WO-004276,2026-05-27,M01,P03,Dimensional,4,FAIL
QC-0012827,WO-004276,2026-05-27,M01,P03,Cosmetic,1,FAIL
QC-0012828,WO-004276,2026-05-27,M01,P03,Surface finish,0,PASS
QC-0012829,WO-004277,2026-05-27,M01,P03,Dimensional,3,FAIL
QC-0012830,WO-004277,2026-05-27,M01,P03,Weld porosity,1,FAIL
QC-0012831,WO-004277,2026-05-27,M01,P03,Cosmetic,0,PASS
QC-0012832,WO-004278,2026-05-27,M02,P02,Surface finish,5,FAIL
QC-0012833,WO-004278,2026-05-27,M02,P02,Material defect,1,FAIL
QC-0012834,WO-004278,2026-05-27,M02,P02,Cosmetic,2,FAIL
QC-0012835,WO-004279,2026-05-27,M02,P02,Assembly mismatch,1,FAIL
QC-0012836,WO-004279,2026-05-27,M02,P02,Surface finish,1,FAIL
QC-0012837,WO-004279,2026-05-27,M02,P02,Dimensional,2,FAIL
QC-0012838,WO-004280,2026-05-27,M03,P05,Material defect,6,FAIL
QC-0012839,WO-004280,2026-05-27,M03,P05,Dimensional,4,FAIL
QC-0012840,WO-004280,2026-05-27,M03,P05,Weld porosity,1,FAIL
QC-0012841,WO-004281,2026-05-27,M03,P03,Surface finish,3,FAIL
QC-0012842,WO-004281,2026-05-27,M03,P03,Weld porosity,2,FAIL
QC-0012843,WO-004281,2026-05-27,M03,P03,Assembly mismatch,1,FAIL
QC-0012844,WO-004282,2026-05-27,M04,P04,Weld porosity,3,FAIL
QC-0012845,WO-004282,2026-05-27,M04,P04,Assembly mismatch,1,FAIL
QC-0012846,WO-004282,2026-05-27,M04,P04,Material defect,1,FAIL
QC-0012847,WO-004283,2026-05-27,M04,P06,Weld porosity,3,FAIL
QC-0012848,WO-004283,2026-05-27,M04,P06,Cosmetic,3,FAIL
QC-0012849,WO-004283,2026-05-27,M04,P06,Surface finish,1,FAIL
QC-0012850,WO-004284,2026-05-27,M05,P04,Dimensional,3,FAIL
QC-0012851,WO-004284,2026-05-27,M05,P04,Surface finish,0,PASS
QC-0012852,WO-004284,2026-05-27,M05,P04,Cosmetic,1,FAIL
QC-0012853,WO-004285,2026-05-27,M05,P01,Dimensional,3,FAIL
QC-0012854,WO-004285,2026-05-27,M05,P01,Cosmetic,1,FAIL
QC-0012855,WO-004285,2026-05-27,M05,P01,Material defect,2,FAIL
QC-0012856,WO-004286,2026-05-27,M06,P04,Assembly mismatch,2,FAIL
QC-0012857,WO-004286,2026-05-27,M06,P04,Dimensional,0,PASS
QC-0012858,WO-004286,2026-05-27,M06,P04,Material defect,1,FAIL
QC-0012859,WO-004287,2026-05-27,M06,P06,Material defect,5,FAIL
QC-0012860,WO-004287,2026-05-27,M06,P06,Weld porosity,2,FAIL
QC-0012861,WO-004287,2026-05-27,M06,P06,Assembly mismatch,0,PASS
QC-0012862,WO-004288,2026-05-28,M01,P03,Surface finish,3,FAIL
QC-0012863,WO-004288,2026-05-28,M01,P03,Assembly mismatch,5,FAIL
QC-0012864,WO-004288,2026-05-28,M01,P03,Weld porosity,3,FAIL
QC-0012865,WO-004289,2026-05-28,M01,P01,Surface finish,2,FAIL
QC-0012866,WO-004289,2026-05-28,M01,P01,Cosmetic,2,FAIL
QC-0012867,WO-004289,2026-05-28,M01,P01,Weld porosity,2,FAIL
QC-0012868,WO-004290,2026-05-28,M02,P02,Assembly mismatch,5,FAIL
QC-0012869,WO-004290,2026-05-28,M02,P02,Surface finish,1,FAIL
QC-0012870,WO-004290,2026-05-28,M02,P02,Weld porosity,1,FAIL
QC-0012871,WO-004291,2026-05-28,M02,P02,Dimensional,1,FAIL
QC-0012872,WO-004291,2026-05-28,M02,P02,Cosmetic,2,FAIL
QC-0012873,WO-004291,2026-05-28,M02,P02,Material defect,2,FAIL
QC-0012874,WO-004292,2026-05-28,M03,P01,Weld porosity,3,FAIL
QC-0012875,WO-004292,2026-05-28,M03,P01,Dimensional,2,FAIL
QC-0012876,WO-004292,2026-05-28,M03,P01,Material defect,0,PASS
QC-0012877,WO-004293,2026-05-28,M03,P05,Assembly mismatch,6,FAIL
QC-0012878,WO-004293,2026-05-28,M03,P05,Surface finish,2,FAIL
QC-0012879,WO-004293,2026-05-28,M03,P05,Cosmetic,2,FAIL
QC-0012880,WO-004294,2026-05-28,M04,P06,Weld porosity,3,FAIL
QC-0012881,WO-004294,2026-05-28,M04,P06,Cosmetic,3,FAIL
QC-0012882,WO-004294,2026-05-28,M04,P06,Surface finish,1,FAIL
QC-0012883,WO-004295,2026-05-28,M04,P03,Dimensional,4,FAIL
QC-0012884,WO-004295,2026-05-28,M04,P03,Weld porosity,2,FAIL
QC-0012885,WO-004295,2026-05-28,M04,P03,Cosmetic,2,FAIL
QC-0012886,WO-004296,2026-05-28,M05,P05,Dimensional,5,FAIL
QC-0012887,WO-004296,2026-05-28,M05,P05,Assembly mismatch,2,FAIL
QC-0012888,WO-004296,2026-05-28,M05,P05,Surface finish,2,FAIL
QC-0012889,WO-004297,2026-05-28,M06,P06,Dimensional,5,FAIL
QC-0012890,WO-004297,2026-05-28,M06,P06,Weld porosity,2,FAIL
QC-0012891,WO-004297,2026-05-28,M06,P06,Material defect,1,FAIL
QC-0012892,WO-004298,2026-05-28,M06,P06,Dimensional,8,FAIL
QC-0012893,WO-004298,2026-05-28,M06,P06,Material defect,0,PASS
QC-0012894,WO-004298,2026-05-28,M06,P06,Cosmetic,0,PASS
QC-0012895,WO-004299,2026-05-29,M01,P03,Surface finish,4,FAIL
QC-0012896,WO-004299,2026-05-29,M01,P03,Material defect,3,FAIL
QC-0012897,WO-004299,2026-05-29,M01,P03,Dimensional,2,FAIL
QC-0012898,WO-004300,2026-05-29,M01,P01,Weld porosity,3,FAIL
QC-0012899,WO-004300,2026-05-29,M01,P01,Assembly mismatch,2,FAIL
QC-0012900,WO-004300,2026-05-29,M01,P01,Cosmetic,0,PASS
QC-0012901,WO-004301,2026-05-29,M02,P02,Cosmetic,6,FAIL
QC-0012902,WO-004301,2026-05-29,M02,P02,Assembly mismatch,0,PASS
QC-0012903,WO-004301,2026-05-29,M02,P02,Material defect,1,FAIL
QC-0012904,WO-004302,2026-05-29,M02,P02,Surface finish,4,FAIL
QC-0012905,WO-004302,2026-05-29,M02,P02,Material defect,1,FAIL
QC-0012906,WO-004302,2026-05-29,M02,P02,Dimensional,2,FAIL
QC-0012907,WO-004303,2026-05-29,M03,P05,Weld porosity,5,FAIL
QC-0012908,WO-004303,2026-05-29,M03,P05,Surface finish,4,FAIL
QC-0012909,WO-004303,2026-05-29,M03,P05,Assembly mismatch,0,PASS
QC-0012910,WO-004304,2026-05-29,M03,P05,Weld porosity,6,FAIL
QC-0012911,WO-004304,2026-05-29,M03,P05,Surface finish,3,FAIL
QC-0012912,WO-004304,2026-05-29,M03,P05,Dimensional,3,FAIL
QC-0012913,WO-004305,2026-05-29,M04,P06,Weld porosity,4,FAIL
QC-0012914,WO-004305,2026-05-29,M04,P06,Material defect,3,FAIL
QC-0012915,WO-004305,2026-05-29,M04,P06,Cosmetic,0,PASS
QC-0012916,WO-004306,2026-05-29,M04,P04,Material defect,3,FAIL
QC-0012917,WO-004306,2026-05-29,M04,P04,Dimensional,2,FAIL
QC-0012918,WO-004306,2026-05-29,M04,P04,Weld porosity,0,PASS
QC-0012919,WO-004307,2026-05-29,M05,P06,Cosmetic,3,FAIL
QC-0012920,WO-004307,2026-05-29,M05,P06,Dimensional,3,FAIL
QC-0012921,WO-004307,2026-05-29,M05,P06,Assembly mismatch,0,PASS
QC-0012922,WO-004308,2026-05-29,M05,P04,Weld porosity,5,FAIL
QC-0012923,WO-004308,2026-05-29,M05,P04,Dimensional,0,PASS
QC-0012924,WO-004308,2026-05-29,M05,P04,Assembly mismatch,1,FAIL
QC-0012925,WO-004309,2026-05-29,M06,P06,Dimensional,5,FAIL
QC-0012926,WO-004309,2026-05-29,M06,P06,Surface finish,2,FAIL
QC-0012927,WO-004309,2026-05-29,M06,P06,Material defect,0,PASS
QC-0012928,WO-004310,2026-05-29,M06,P04,Surface finish,3,FAIL
QC-0012929,WO-004310,2026-05-29,M06,P04,Cosmetic,1,FAIL
QC-0012930,WO-004310,2026-05-29,M06,P04,Material defect,1,FAIL
QC-0012931,WO-004311,2026-06-01,M01,P02,Surface finish,4,FAIL
QC-0012932,WO-004311,2026-06-01,M01,P02,Weld porosity,1,FAIL
QC-0012933,WO-004311,2026-06-01,M01,P02,Cosmetic,0,PASS
QC-0012934,WO-004312,2026-06-01,M01,P01,Cosmetic,4,FAIL
QC-0012935,WO-004312,2026-06-01,M01,P01,Material defect,0,PASS
QC-0012936,WO-004312,2026-06-01,M01,P01,Surface finish,1,FAIL
QC-0012937,WO-004313,2026-06-01,M02,P05,Surface finish,6,FAIL
QC-0012938,WO-004313,2026-06-01,M02,P05,Dimensional,3,FAIL
QC-0012939,WO-004313,2026-06-01,M02,P05,Assembly mismatch,2,FAIL
QC-0012940,WO-004314,2026-06-01,M02,P01,Cosmetic,2,FAIL
QC-0012941,WO-004314,2026-06-01,M02,P01,Weld porosity,3,FAIL
QC-0012942,WO-004314,2026-06-01,M02,P01,Dimensional,0,PASS
QC-0012943,WO-004315,2026-06-01,M03,P05,Surface finish,8,FAIL
QC-0012944,WO-004315,2026-06-01,M03,P05,Assembly mismatch,2,FAIL
QC-0012945,WO-004315,2026-06-01,M03,P05,Material defect,1,FAIL
QC-0012946,WO-004316,2026-06-01,M03,P05,Surface finish,5,FAIL
QC-0012947,WO-004316,2026-06-01,M03,P05,Cosmetic,5,FAIL
QC-0012948,WO-004316,2026-06-01,M03,P05,Assembly mismatch,1,FAIL
QC-0012949,WO-004317,2026-06-01,M04,P06,Weld porosity,6,FAIL
QC-0012950,WO-004317,2026-06-01,M04,P06,Assembly mismatch,1,FAIL
QC-0012951,WO-004317,2026-06-01,M04,P06,Dimensional,0,PASS
QC-0012952,WO-004318,2026-06-01,M04,P06,Surface finish,1,FAIL
QC-0012953,WO-004318,2026-06-01,M04,P06,Dimensional,4,FAIL
QC-0012954,WO-004318,2026-06-01,M04,P06,Weld porosity,1,FAIL
QC-0012955,WO-004319,2026-06-01,M05,P01,Dimensional,1,FAIL
QC-0012956,WO-004319,2026-06-01,M05,P01,Surface finish,2,FAIL
QC-0012957,WO-004319,2026-06-01,M05,P01,Material defect,1,FAIL
QC-0012958,WO-004320,2026-06-01,M05,P04,Material defect,5,FAIL
QC-0012959,WO-004320,2026-06-01,M05,P04,Assembly mismatch,1,FAIL
QC-0012960,WO-004320,2026-06-01,M05,P04,Cosmetic,0,PASS
QC-0012961,WO-004321,2026-06-01,M06,P05,Assembly mismatch,10,FAIL
QC-0012962,WO-004321,2026-06-01,M06,P05,Weld porosity,0,PASS
QC-0012963,WO-004321,2026-06-01,M06,P05,Dimensional,2,FAIL
QC-0012964,WO-004322,2026-06-01,M06,P04,Material defect,5,FAIL
QC-0012965,WO-004322,2026-06-01,M06,P04,Dimensional,1,FAIL
QC-0012966,WO-004322,2026-06-01,M06,P04,Cosmetic,0,PASS
QC-0012967,WO-004323,2026-06-02,M01,P01,Dimensional,3,FAIL
QC-0012968,WO-004323,2026-06-02,M01,P01,Weld porosity,1,FAIL
QC-0012969,WO-004323,2026-06-02,M01,P01,Cosmetic,0,PASS
QC-0012970,WO-004324,2026-06-02,M01,P01,Dimensional,3,FAIL
QC-0012971,WO-004324,2026-06-02,M01,P01,Cosmetic,0,PASS
QC-0012972,WO-004324,2026-06-02,M01,P01,Surface finish,1,FAIL
QC-0012973,WO-004325,2026-06-02,M02,P02,Dimensional,2,FAIL
QC-0012974,WO-004325,2026-06-02,M02,P02,Surface finish,1,FAIL
QC-0012975,WO-004325,2026-06-02,M02,P02,Assembly mismatch,3,FAIL
QC-0012976,WO-004326,2026-06-02,M02,P05,Surface finish,6,FAIL
QC-0012977,WO-004326,2026-06-02,M02,P05,Dimensional,4,FAIL
QC-0012978,WO-004326,2026-06-02,M02,P05,Material defect,2,FAIL
QC-0012979,WO-004327,2026-06-02,M03,P03,Weld porosity,4,FAIL
QC-0012980,WO-004327,2026-06-02,M03,P03,Dimensional,2,FAIL
QC-0012981,WO-004327,2026-06-02,M03,P03,Material defect,1,FAIL
QC-0012982,WO-004328,2026-06-02,M03,P01,Weld porosity,5,FAIL
QC-0012983,WO-004328,2026-06-02,M03,P01,Material defect,2,FAIL
QC-0012984,WO-004328,2026-06-02,M03,P01,Dimensional,1,FAIL
QC-0012985,WO-004329,2026-06-02,M04,P04,Surface finish,1,FAIL
QC-0012986,WO-004329,2026-06-02,M04,P04,Weld porosity,3,FAIL
QC-0012987,WO-004329,2026-06-02,M04,P04,Material defect,0,PASS
QC-0012988,WO-004330,2026-06-02,M04,P06,Weld porosity,4,FAIL
QC-0012989,WO-004330,2026-06-02,M04,P06,Material defect,1,FAIL
QC-0012990,WO-004330,2026-06-02,M04,P06,Assembly mismatch,1,FAIL
QC-0012991,WO-004331,2026-06-02,M05,P01,Cosmetic,1,FAIL
QC-0012992,WO-004331,2026-06-02,M05,P01,Surface finish,1,FAIL
QC-0012993,WO-004331,2026-06-02,M05,P01,Dimensional,2,FAIL
QC-0012994,WO-004332,2026-06-02,M05,P05,Surface finish,5,FAIL
QC-0012995,WO-004332,2026-06-02,M05,P05,Assembly mismatch,2,FAIL
QC-0012996,WO-004332,2026-06-02,M05,P05,Weld porosity,1,FAIL
QC-0012997,WO-004333,2026-06-02,M06,P04,Cosmetic,1,FAIL
QC-0012998,WO-004333,2026-06-02,M06,P04,Material defect,2,FAIL
QC-0012999,WO-004333,2026-06-02,M06,P04,Dimensional,0,PASS
QC-0013000,WO-004334,2026-06-02,M06,P05,Assembly mismatch,10,FAIL
QC-0013001,WO-004334,2026-06-02,M06,P05,Cosmetic,0,PASS
QC-0013002,WO-004334,2026-06-02,M06,P05,Weld porosity,0,PASS
QC-0013003,WO-004335,2026-06-03,M01,P03,Dimensional,6,FAIL
QC-0013004,WO-004335,2026-06-03,M01,P03,Cosmetic,4,FAIL
QC-0013005,WO-004335,2026-06-03,M01,P03,Material defect,0,PASS
QC-0013006,WO-004336,2026-06-03,M01,P03,Surface finish,8,FAIL
QC-0013007,WO-004336,2026-06-03,M01,P03,Cosmetic,0,PASS
QC-0013008,WO-004336,2026-06-03,M01,P03,Dimensional,0,PASS
QC-0013009,WO-004337,2026-06-03,M02,P05,Weld porosity,4,FAIL
QC-0013010,WO-004337,2026-06-03,M02,P05,Dimensional,4,FAIL
QC-0013011,WO-004337,2026-06-03,M02,P05,Surface finish,2,FAIL
QC-0013012,WO-004338,2026-06-03,M02,P02,Dimensional,6,FAIL
QC-0013013,WO-004338,2026-06-03,M02,P02,Assembly mismatch,0,PASS
QC-0013014,WO-004338,2026-06-03,M02,P02,Cosmetic,3,FAIL
QC-0013015,WO-004339,2026-06-03,M03,P05,Cosmetic,5,FAIL
QC-0013016,WO-004339,2026-06-03,M03,P05,Surface finish,3,FAIL
QC-0013017,WO-004339,2026-06-03,M03,P05,Dimensional,1,FAIL
QC-0013018,WO-004340,2026-06-03,M03,P01,Dimensional,2,FAIL
QC-0013019,WO-004340,2026-06-03,M03,P01,Weld porosity,1,FAIL
QC-0013020,WO-004340,2026-06-03,M03,P01,Assembly mismatch,1,FAIL
QC-0013021,WO-004341,2026-06-03,M04,P06,Weld porosity,4,FAIL
QC-0013022,WO-004341,2026-06-03,M04,P06,Dimensional,2,FAIL
QC-0013023,WO-004341,2026-06-03,M04,P06,Cosmetic,2,FAIL
QC-0013024,WO-004342,2026-06-03,M04,P06,Weld porosity,5,FAIL
QC-0013025,WO-004342,2026-06-03,M04,P06,Cosmetic,0,PASS
QC-0013026,WO-004342,2026-06-03,M04,P06,Assembly mismatch,2,FAIL
QC-0013027,WO-004343,2026-06-03,M05,P01,Assembly mismatch,4,FAIL
QC-0013028,WO-004343,2026-06-03,M05,P01,Cosmetic,1,FAIL
QC-0013029,WO-004343,2026-06-03,M05,P01,Surface finish,0,PASS
QC-0013030,WO-004344,2026-06-03,M05,P01,Assembly mismatch,2,FAIL
QC-0013031,WO-004344,2026-06-03,M05,P01,Dimensional,2,FAIL
QC-0013032,WO-004344,2026-06-03,M05,P01,Material defect,0,PASS
QC-0013033,WO-004345,2026-06-03,M06,P04,Material defect,1,FAIL
QC-0013034,WO-004345,2026-06-03,M06,P04,Cosmetic,1,FAIL
QC-0013035,WO-004345,2026-06-03,M06,P04,Dimensional,1,FAIL
QC-0013036,WO-004346,2026-06-03,M06,P06,Weld porosity,5,FAIL
QC-0013037,WO-004346,2026-06-03,M06,P06,Cosmetic,3,FAIL
QC-0013038,WO-004346,2026-06-03,M06,P06,Material defect,0,PASS
QC-0013039,WO-004347,2026-06-04,M01,P02,Cosmetic,5,FAIL
QC-0013040,WO-004347,2026-06-04,M01,P02,Assembly mismatch,2,FAIL
QC-0013041,WO-004347,2026-06-04,M01,P02,Weld porosity,0,PASS
QC-0013042,WO-004348,2026-06-04,M01,P03,Material defect,5,FAIL
QC-0013043,WO-004348,2026-06-04,M01,P03,Cosmetic,1,FAIL
QC-0013044,WO-004348,2026-06-04,M01,P03,Weld porosity,1,FAIL
QC-0013045,WO-004349,2026-06-04,M02,P05,Weld porosity,4,FAIL
QC-0013046,WO-004349,2026-06-04,M02,P05,Surface finish,5,FAIL
QC-0013047,WO-004349,2026-06-04,M02,P05,Cosmetic,2,FAIL
QC-0013048,WO-004350,2026-06-04,M02,P01,Dimensional,6,FAIL
QC-0013049,WO-004350,2026-06-04,M02,P01,Material defect,1,FAIL
QC-0013050,WO-004350,2026-06-04,M02,P01,Surface finish,0,PASS
QC-0013051,WO-004351,2026-06-04,M03,P03,Surface finish,2,FAIL
QC-0013052,WO-004351,2026-06-04,M03,P03,Material defect,1,FAIL
QC-0013053,WO-004351,2026-06-04,M03,P03,Weld porosity,3,FAIL
QC-0013054,WO-004352,2026-06-04,M03,P05,Material defect,6,FAIL
QC-0013055,WO-004352,2026-06-04,M03,P05,Assembly mismatch,2,FAIL
QC-0013056,WO-004352,2026-06-04,M03,P05,Cosmetic,2,FAIL
QC-0013057,WO-004353,2026-06-04,M04,P06,Weld porosity,5,FAIL
QC-0013058,WO-004353,2026-06-04,M04,P06,Surface finish,2,FAIL
QC-0013059,WO-004353,2026-06-04,M04,P06,Assembly mismatch,1,FAIL
QC-0013060,WO-004354,2026-06-04,M04,P03,Assembly mismatch,6,FAIL
QC-0013061,WO-004354,2026-06-04,M04,P03,Weld porosity,3,FAIL
QC-0013062,WO-004354,2026-06-04,M04,P03,Surface finish,2,FAIL
QC-0013063,WO-004355,2026-06-04,M05,P06,Dimensional,2,FAIL
QC-0013064,WO-004355,2026-06-04,M05,P06,Surface finish,1,FAIL
QC-0013065,WO-004355,2026-06-04,M05,P06,Material defect,3,FAIL
QC-0013066,WO-004356,2026-06-04,M05,P04,Surface finish,6,FAIL
QC-0013067,WO-004356,2026-06-04,M05,P04,Weld porosity,0,PASS
QC-0013068,WO-004356,2026-06-04,M05,P04,Cosmetic,0,PASS
QC-0013069,WO-004357,2026-06-04,M06,P01,Dimensional,2,FAIL
QC-0013070,WO-004357,2026-06-04,M06,P01,Weld porosity,2,FAIL
QC-0013071,WO-004357,2026-06-04,M06,P01,Surface finish,2,FAIL
QC-0013072,WO-004358,2026-06-04,M06,P01,Dimensional,2,FAIL
QC-0013073,WO-004358,2026-06-04,M06,P01,Cosmetic,1,FAIL
QC-0013074,WO-004358,2026-06-04,M06,P01,Assembly mismatch,2,FAIL
QC-0013075,WO-004359,2026-06-05,M01,P01,Assembly mismatch,3,FAIL
QC-0013076,WO-004359,2026-06-05,M01,P01,Cosmetic,2,FAIL
QC-0013077,WO-004359,2026-06-05,M01,P01,Weld porosity,2,FAIL
QC-0013078,WO-004360,2026-06-05,M01,P01,Dimensional,2,FAIL
QC-0013079,WO-004360,2026-06-05,M01,P01,Cosmetic,2,FAIL
QC-0013080,WO-004360,2026-06-05,M01,P01,Weld porosity,2,FAIL
QC-0013081,WO-004361,2026-06-05,M02,P02,Weld porosity,3,FAIL
QC-0013082,WO-004361,2026-06-05,M02,P02,Assembly mismatch,2,FAIL
QC-0013083,WO-004361,2026-06-05,M02,P02,Surface finish,1,FAIL
QC-0013084,WO-004362,2026-06-05,M02,P01,Material defect,1,FAIL
QC-0013085,WO-004362,2026-06-05,M02,P01,Cosmetic,2,FAIL
QC-0013086,WO-004362,2026-06-05,M02,P01,Dimensional,1,FAIL
QC-0013087,WO-004363,2026-06-05,M03,P03,Material defect,5,FAIL
QC-0013088,WO-004363,2026-06-05,M03,P03,Surface finish,0,PASS
QC-0013089,WO-004363,2026-06-05,M03,P03,Cosmetic,1,FAIL
QC-0013090,WO-004364,2026-06-05,M03,P05,Assembly mismatch,5,FAIL
QC-0013091,WO-004364,2026-06-05,M03,P05,Dimensional,3,FAIL
QC-0013092,WO-004364,2026-06-05,M03,P05,Weld porosity,1,FAIL
QC-0013093,WO-004365,2026-06-05,M04,P04,Weld porosity,5,FAIL
QC-0013094,WO-004365,2026-06-05,M04,P04,Cosmetic,0,PASS
QC-0013095,WO-004365,2026-06-05,M04,P04,Surface finish,0,PASS
QC-0013096,WO-004366,2026-06-05,M04,P06,Weld porosity,3,FAIL
QC-0013097,WO-004366,2026-06-05,M04,P06,Cosmetic,2,FAIL
QC-0013098,WO-004366,2026-06-05,M04,P06,Dimensional,1,FAIL
QC-0013099,WO-004367,2026-06-05,M05,P05,Assembly mismatch,7,FAIL
QC-0013100,WO-004367,2026-06-05,M05,P05,Surface finish,2,FAIL
QC-0013101,WO-004367,2026-06-05,M05,P05,Weld porosity,0,PASS
QC-0013102,WO-004368,2026-06-05,M05,P04,Weld porosity,2,FAIL
QC-0013103,WO-004368,2026-06-05,M05,P04,Dimensional,1,FAIL
QC-0013104,WO-004368,2026-06-05,M05,P04,Surface finish,1,FAIL
QC-0013105,WO-004369,2026-06-05,M06,P06,Weld porosity,5,FAIL
QC-0013106,WO-004369,2026-06-05,M06,P06,Surface finish,4,FAIL
QC-0013107,WO-004369,2026-06-05,M06,P06,Assembly mismatch,0,PASS
QC-0013108,WO-004370,2026-06-05,M06,P05,Weld porosity,6,FAIL
QC-0013109,WO-004370,2026-06-05,M06,P05,Material defect,4,FAIL
QC-0013110,WO-004370,2026-06-05,M06,P05,Cosmetic,0,PASS
QC-0013111,WO-004371,2026-06-08,M01,P03,Surface finish,4,FAIL
QC-0013112,WO-004371,2026-06-08,M01,P03,Weld porosity,4,FAIL
QC-0013113,WO-004371,2026-06-08,M01,P03,Assembly mismatch,2,FAIL
QC-0013114,WO-004372,2026-06-08,M01,P01,Dimensional,2,FAIL
QC-0013115,WO-004372,2026-06-08,M01,P01,Cosmetic,0,PASS
QC-0013116,WO-004372,2026-06-08,M01,P01,Assembly mismatch,1,FAIL
QC-0013117,WO-004373,2026-06-08,M02,P01,Material defect,3,FAIL
QC-0013118,WO-004373,2026-06-08,M02,P01,Surface finish,1,FAIL
QC-0013119,WO-004373,2026-06-08,M02,P01,Weld porosity,1,FAIL
QC-0013120,WO-004374,2026-06-08,M02,P02,Surface finish,7,FAIL
QC-0013121,WO-004374,2026-06-08,M02,P02,Dimensional,0,PASS
QC-0013122,WO-004374,2026-06-08,M02,P02,Material defect,1,FAIL
QC-0013123,WO-004375,2026-06-08,M03,P01,Cosmetic,1,FAIL
QC-0013124,WO-004375,2026-06-08,M03,P01,Material defect,2,FAIL
QC-0013125,WO-004375,2026-06-08,M03,P01,Weld porosity,1,FAIL
QC-0013126,WO-004376,2026-06-08,M03,P03,Dimensional,2,FAIL
QC-0013127,WO-004376,2026-06-08,M03,P03,Cosmetic,6,FAIL
QC-0013128,WO-004376,2026-06-08,M03,P03,Weld porosity,2,FAIL
QC-0013129,WO-004377,2026-06-08,M04,P03,Assembly mismatch,8,FAIL
QC-0013130,WO-004377,2026-06-08,M04,P03,Weld porosity,0,PASS
QC-0013131,WO-004377,2026-06-08,M04,P03,Dimensional,1,FAIL
QC-0013132,WO-004378,2026-06-08,M04,P03,Assembly mismatch,7,FAIL
QC-0013133,WO-004378,2026-06-08,M04,P03,Dimensional,4,FAIL
QC-0013134,WO-004378,2026-06-08,M04,P03,Weld porosity,1,FAIL
QC-0013135,WO-004379,2026-06-08,M05,P05,Cosmetic,4,FAIL
QC-0013136,WO-004379,2026-06-08,M05,P05,Surface finish,4,FAIL
QC-0013137,WO-004379,2026-06-08,M05,P05,Weld porosity,3,FAIL
QC-0013138,WO-004380,2026-06-08,M05,P04,Surface finish,3,FAIL
QC-0013139,WO-004380,2026-06-08,M05,P04,Assembly mismatch,1,FAIL
QC-0013140,WO-004380,2026-06-08,M05,P04,Cosmetic,1,FAIL
QC-0013141,WO-004381,2026-06-08,M06,P05,Surface finish,4,FAIL
QC-0013142,WO-004381,2026-06-08,M06,P05,Cosmetic,2,FAIL
QC-0013143,WO-004381,2026-06-08,M06,P05,Dimensional,1,FAIL
QC-0013144,WO-004382,2026-06-08,M06,P04,Cosmetic,4,FAIL
QC-0013145,WO-004382,2026-06-08,M06,P04,Weld porosity,1,FAIL
QC-0013146,WO-004382,2026-06-08,M06,P04,Assembly mismatch,0,PASS
QC-0013147,WO-004383,2026-06-09,M01,P03,Assembly mismatch,3,FAIL
QC-0013148,WO-004383,2026-06-09,M01,P03,Material defect,2,FAIL
QC-0013149,WO-004383,2026-06-09,M01,P03,Cosmetic,1,FAIL
QC-0013150,WO-004384,2026-06-09,M01,P02,Surface finish,0,PASS
QC-0013151,WO-004384,2026-06-09,M01,P02,Cosmetic,4,FAIL
QC-0013152,WO-004384,2026-06-09,M01,P02,Weld porosity,2,FAIL
QC-0013153,WO-004385,2026-06-09,M02,P01,Dimensional,2,FAIL
QC-0013154,WO-004385,2026-06-09,M02,P01,Cosmetic,0,PASS
QC-0013155,WO-004385,2026-06-09,M02,P01,Weld porosity,2,FAIL
QC-0013156,WO-004386,2026-06-09,M02,P01,Assembly mismatch,3,FAIL
QC-0013157,WO-004386,2026-06-09,M02,P01,Dimensional,1,FAIL
QC-0013158,WO-004386,2026-06-09,M02,P01,Weld porosity,2,FAIL
QC-0013159,WO-004387,2026-06-09,M03,P01,Weld porosity,3,FAIL
QC-0013160,WO-004387,2026-06-09,M03,P01,Surface finish,1,FAIL
QC-0013161,WO-004387,2026-06-09,M03,P01,Material defect,2,FAIL
QC-0013162,WO-004388,2026-06-09,M03,P01,Assembly mismatch,6,FAIL
QC-0013163,WO-004388,2026-06-09,M03,P01,Weld porosity,0,PASS
QC-0013164,WO-004388,2026-06-09,M03,P01,Material defect,1,FAIL
QC-0013165,WO-004389,2026-06-09,M04,P04,Assembly mismatch,1,FAIL
QC-0013166,WO-004389,2026-06-09,M04,P04,Cosmetic,3,FAIL
QC-0013167,WO-004389,2026-06-09,M04,P04,Weld porosity,1,FAIL
QC-0013168,WO-004390,2026-06-09,M04,P03,Assembly mismatch,7,FAIL
QC-0013169,WO-004390,2026-06-09,M04,P03,Weld porosity,4,FAIL
QC-0013170,WO-004390,2026-06-09,M04,P03,Cosmetic,1,FAIL
QC-0013171,WO-004391,2026-06-09,M05,P05,Dimensional,6,FAIL
QC-0013172,WO-004391,2026-06-09,M05,P05,Surface finish,4,FAIL
QC-0013173,WO-004391,2026-06-09,M05,P05,Cosmetic,1,FAIL
QC-0013174,WO-004392,2026-06-09,M05,P05,Surface finish,6,FAIL
QC-0013175,WO-004392,2026-06-09,M05,P05,Material defect,1,FAIL
QC-0013176,WO-004392,2026-06-09,M05,P05,Assembly mismatch,3,FAIL
QC-0013177,WO-004393,2026-06-09,M06,P04,Material defect,1,FAIL
QC-0013178,WO-004393,2026-06-09,M06,P04,Cosmetic,2,FAIL
QC-0013179,WO-004393,2026-06-09,M06,P04,Weld porosity,1,FAIL
QC-0013180,WO-004394,2026-06-09,M06,P05,Dimensional,6,FAIL
QC-0013181,WO-004394,2026-06-09,M06,P05,Surface finish,4,FAIL
QC-0013182,WO-004394,2026-06-09,M06,P05,Cosmetic,2,FAIL
QC-0013183,WO-004395,2026-06-10,M01,P03,Weld porosity,3,FAIL
QC-0013184,WO-004395,2026-06-10,M01,P03,Assembly mismatch,1,FAIL
QC-0013185,WO-004395,2026-06-10,M01,P03,Cosmetic,1,FAIL
QC-0013186,WO-004396,2026-06-10,M01,P01,Weld porosity,3,FAIL
QC-0013187,WO-004396,2026-06-10,M01,P01,Cosmetic,1,FAIL
QC-0013188,WO-004396,2026-06-10,M01,P01,Material defect,0,PASS
QC-0013189,WO-004397,2026-06-10,M02,P01,Weld porosity,4,FAIL
QC-0013190,WO-004397,2026-06-10,M02,P01,Cosmetic,0,PASS
QC-0013191,WO-004397,2026-06-10,M02,P01,Dimensional,3,FAIL
QC-0013192,WO-004398,2026-06-10,M02,P05,Assembly mismatch,4,FAIL
QC-0013193,WO-004398,2026-06-10,M02,P05,Weld porosity,3,FAIL
QC-0013194,WO-004398,2026-06-10,M02,P05,Material defect,2,FAIL
QC-0013195,WO-004399,2026-06-10,M03,P01,Weld porosity,4,FAIL
QC-0013196,WO-004399,2026-06-10,M03,P01,Surface finish,1,FAIL
QC-0013197,WO-004399,2026-06-10,M03,P01,Dimensional,0,PASS
QC-0013198,WO-004400,2026-06-10,M03,P05,Assembly mismatch,9,FAIL
QC-0013199,WO-004400,2026-06-10,M03,P05,Surface finish,0,PASS
QC-0013200,WO-004400,2026-06-10,M03,P05,Cosmetic,2,FAIL
QC-0013201,WO-004401,2026-06-10,M04,P03,Weld porosity,5,FAIL
QC-0013202,WO-004401,2026-06-10,M04,P03,Dimensional,1,FAIL
QC-0013203,WO-004401,2026-06-10,M04,P03,Assembly mismatch,1,FAIL
QC-0013204,WO-004402,2026-06-10,M04,P06,Weld porosity,4,FAIL
QC-0013205,WO-004402,2026-06-10,M04,P06,Dimensional,1,FAIL
QC-0013206,WO-004402,2026-06-10,M04,P06,Surface finish,1,FAIL
QC-0013207,WO-004403,2026-06-10,M05,P04,Material defect,1,FAIL
QC-0013208,WO-004403,2026-06-10,M05,P04,Weld porosity,2,FAIL
QC-0013209,WO-004403,2026-06-10,M05,P04,Cosmetic,2,FAIL
QC-0013210,WO-004404,2026-06-10,M05,P04,Surface finish,3,FAIL
QC-0013211,WO-004404,2026-06-10,M05,P04,Dimensional,2,FAIL
QC-0013212,WO-004404,2026-06-10,M05,P04,Cosmetic,0,PASS
QC-0013213,WO-004405,2026-06-10,M06,P05,Assembly mismatch,5,FAIL
QC-0013214,WO-004405,2026-06-10,M06,P05,Material defect,4,FAIL
QC-0013215,WO-004405,2026-06-10,M06,P05,Cosmetic,1,FAIL
QC-0013216,WO-004406,2026-06-10,M06,P01,Dimensional,3,FAIL
QC-0013217,WO-004406,2026-06-10,M06,P01,Cosmetic,0,PASS
QC-0013218,WO-004406,2026-06-10,M06,P01,Surface finish,1,FAIL
QC-0013219,WO-004407,2026-06-11,M01,P03,Material defect,1,FAIL
QC-0013220,WO-004407,2026-06-11,M01,P03,Assembly mismatch,2,FAIL
QC-0013221,WO-004407,2026-06-11,M01,P03,Cosmetic,1,FAIL
QC-0013222,WO-004408,2026-06-11,M01,P01,Assembly mismatch,3,FAIL
QC-0013223,WO-004408,2026-06-11,M01,P01,Cosmetic,1,FAIL
QC-0013224,WO-004408,2026-06-11,M01,P01,Dimensional,1,FAIL
QC-0013225,WO-004409,2026-06-11,M02,P01,Assembly mismatch,4,FAIL
QC-0013226,WO-004409,2026-06-11,M02,P01,Weld porosity,2,FAIL
QC-0013227,WO-004409,2026-06-11,M02,P01,Material defect,0,PASS
QC-0013228,WO-004410,2026-06-11,M02,P05,Assembly mismatch,5,FAIL
QC-0013229,WO-004410,2026-06-11,M02,P05,Dimensional,1,FAIL
QC-0013230,WO-004410,2026-06-11,M02,P05,Surface finish,1,FAIL
QC-0013231,WO-004411,2026-06-11,M03,P03,Cosmetic,1,FAIL
QC-0013232,WO-004411,2026-06-11,M03,P03,Material defect,1,FAIL
QC-0013233,WO-004411,2026-06-11,M03,P03,Weld porosity,0,PASS
QC-0013234,WO-004412,2026-06-11,M03,P05,Material defect,4,FAIL
QC-0013235,WO-004412,2026-06-11,M03,P05,Assembly mismatch,2,FAIL
QC-0013236,WO-004412,2026-06-11,M03,P05,Dimensional,1,FAIL
QC-0013237,WO-004413,2026-06-11,M04,P04,Weld porosity,1,FAIL
QC-0013238,WO-004413,2026-06-11,M04,P04,Cosmetic,1,FAIL
QC-0013239,WO-004413,2026-06-11,M04,P04,Surface finish,2,FAIL
QC-0013240,WO-004414,2026-06-11,M04,P06,Weld porosity,3,FAIL
QC-0013241,WO-004414,2026-06-11,M04,P06,Cosmetic,2,FAIL
QC-0013242,WO-004414,2026-06-11,M04,P06,Dimensional,2,FAIL
QC-0013243,WO-004415,2026-06-11,M05,P01,Surface finish,4,FAIL
QC-0013244,WO-004415,2026-06-11,M05,P01,Material defect,0,PASS
QC-0013245,WO-004415,2026-06-11,M05,P01,Cosmetic,1,FAIL
QC-0013246,WO-004416,2026-06-11,M05,P04,Dimensional,3,FAIL
QC-0013247,WO-004416,2026-06-11,M05,P04,Cosmetic,1,FAIL
QC-0013248,WO-004416,2026-06-11,M05,P04,Material defect,1,FAIL
QC-0013249,WO-004417,2026-06-11,M06,P06,Weld porosity,4,FAIL
QC-0013250,WO-004417,2026-06-11,M06,P06,Cosmetic,1,FAIL
QC-0013251,WO-004417,2026-06-11,M06,P06,Surface finish,2,FAIL
QC-0013252,WO-004418,2026-06-11,M06,P04,Cosmetic,4,FAIL
QC-0013253,WO-004418,2026-06-11,M06,P04,Surface finish,1,FAIL
QC-0013254,WO-004418,2026-06-11,M06,P04,Assembly mismatch,0,PASS
QC-0013255,WO-004419,2026-06-12,M01,P02,Cosmetic,6,FAIL
QC-0013256,WO-004419,2026-06-12,M01,P02,Assembly mismatch,0,PASS
QC-0013257,WO-004419,2026-06-12,M01,P02,Material defect,0,PASS
QC-0013258,WO-004420,2026-06-12,M01,P01,Cosmetic,6,FAIL
QC-0013259,WO-004420,2026-06-12,M01,P01,Material defect,0,PASS
QC-0013260,WO-004420,2026-06-12,M01,P01,Surface finish,2,FAIL
QC-0013261,WO-004421,2026-06-12,M02,P05,Weld porosity,5,FAIL
QC-0013262,WO-004421,2026-06-12,M02,P05,Cosmetic,4,FAIL
QC-0013263,WO-004421,2026-06-12,M02,P05,Assembly mismatch,0,PASS
QC-0013264,WO-004422,2026-06-12,M02,P02,Cosmetic,2,FAIL
QC-0013265,WO-004422,2026-06-12,M02,P02,Material defect,2,FAIL
QC-0013266,WO-004422,2026-06-12,M02,P02,Surface finish,1,FAIL
QC-0013267,WO-004423,2026-06-12,M03,P01,Cosmetic,1,FAIL
QC-0013268,WO-004423,2026-06-12,M03,P01,Material defect,2,FAIL
QC-0013269,WO-004423,2026-06-12,M03,P01,Weld porosity,3,FAIL
QC-0013270,WO-004424,2026-06-12,M03,P05,Material defect,7,FAIL
QC-0013271,WO-004424,2026-06-12,M03,P05,Cosmetic,3,FAIL
QC-0013272,WO-004424,2026-06-12,M03,P05,Surface finish,0,PASS
QC-0013273,WO-004425,2026-06-12,M04,P06,Weld porosity,3,FAIL
QC-0013274,WO-004425,2026-06-12,M04,P06,Material defect,2,FAIL
QC-0013275,WO-004425,2026-06-12,M04,P06,Assembly mismatch,2,FAIL
QC-0013276,WO-004426,2026-06-12,M04,P06,Weld porosity,2,FAIL
QC-0013277,WO-004426,2026-06-12,M04,P06,Surface finish,4,FAIL
QC-0013278,WO-004426,2026-06-12,M04,P06,Cosmetic,1,FAIL
QC-0013279,WO-004427,2026-06-12,M05,P05,Weld porosity,6,FAIL
QC-0013280,WO-004427,2026-06-12,M05,P05,Assembly mismatch,3,FAIL
QC-0013281,WO-004427,2026-06-12,M05,P05,Cosmetic,1,FAIL
QC-0013282,WO-004428,2026-06-12,M05,P04,Dimensional,2,FAIL
QC-0013283,WO-004428,2026-06-12,M05,P04,Assembly mismatch,1,FAIL
QC-0013284,WO-004428,2026-06-12,M05,P04,Cosmetic,2,FAIL
QC-0013285,WO-004429,2026-06-12,M06,P01,Dimensional,4,FAIL
QC-0013286,WO-004429,2026-06-12,M06,P01,Weld porosity,2,FAIL
QC-0013287,WO-004429,2026-06-12,M06,P01,Cosmetic,0,PASS
QC-0013288,WO-004430,2026-06-12,M06,P06,Assembly mismatch,3,FAIL
QC-0013289,WO-004430,2026-06-12,M06,P06,Dimensional,2,FAIL
QC-0013290,WO-004430,2026-06-12,M06,P06,Material defect,2,FAIL
QC-0013291,WO-004431,2026-06-15,M01,P03,Cosmetic,5,FAIL
QC-0013292,WO-004431,2026-06-15,M01,P03,Assembly mismatch,0,PASS
QC-0013293,WO-004431,2026-06-15,M01,P03,Material defect,3,FAIL
QC-0013294,WO-004432,2026-06-15,M02,P05,Surface finish,8,FAIL
QC-0013295,WO-004432,2026-06-15,M02,P05,Material defect,1,FAIL
QC-0013296,WO-004432,2026-06-15,M02,P05,Dimensional,1,FAIL
QC-0013297,WO-004433,2026-06-15,M02,P02,Dimensional,3,FAIL
QC-0013298,WO-004433,2026-06-15,M02,P02,Surface finish,3,FAIL
QC-0013299,WO-004433,2026-06-15,M02,P02,Assembly mismatch,1,FAIL
QC-0013300,WO-004434,2026-06-15,M03,P05,Material defect,6,FAIL
QC-0013301,WO-004434,2026-06-15,M03,P05,Dimensional,0,PASS
QC-0013302,WO-004434,2026-06-15,M03,P05,Surface finish,2,FAIL
QC-0013303,WO-004435,2026-06-15,M03,P03,Surface finish,7,FAIL
QC-0013304,WO-004435,2026-06-15,M03,P03,Material defect,2,FAIL
QC-0013305,WO-004435,2026-06-15,M03,P03,Cosmetic,1,FAIL
QC-0013306,WO-004436,2026-06-15,M04,P06,Weld porosity,3,FAIL
QC-0013307,WO-004436,2026-06-15,M04,P06,Cosmetic,3,FAIL
QC-0013308,WO-004436,2026-06-15,M04,P06,Surface finish,0,PASS
QC-0013309,WO-004437,2026-06-15,M04,P03,Cosmetic,4,FAIL
QC-0013310,WO-004437,2026-06-15,M04,P03,Material defect,2,FAIL
QC-0013311,WO-004437,2026-06-15,M04,P03,Weld porosity,5,FAIL
QC-0013312,WO-004438,2026-06-15,M05,P05,Weld porosity,3,FAIL
QC-0013313,WO-004438,2026-06-15,M05,P05,Dimensional,3,FAIL
QC-0013314,WO-004438,2026-06-15,M05,P05,Material defect,1,FAIL
QC-0013315,WO-004439,2026-06-15,M05,P06,Weld porosity,3,FAIL
QC-0013316,WO-004439,2026-06-15,M05,P06,Material defect,3,FAIL
QC-0013317,WO-004439,2026-06-15,M05,P06,Surface finish,1,FAIL
QC-0013318,WO-004440,2026-06-15,M06,P06,Assembly mismatch,7,FAIL
QC-0013319,WO-004440,2026-06-15,M06,P06,Dimensional,1,FAIL
QC-0013320,WO-004440,2026-06-15,M06,P06,Weld porosity,0,PASS
QC-0013321,WO-004441,2026-06-15,M06,P04,Surface finish,1,FAIL
QC-0013322,WO-004441,2026-06-15,M06,P04,Weld porosity,1,FAIL
QC-0013323,WO-004441,2026-06-15,M06,P04,Material defect,2,FAIL
QC-0013324,WO-004442,2026-06-16,M01,P03,Surface finish,4,FAIL
QC-0013325,WO-004442,2026-06-16,M01,P03,Assembly mismatch,0,PASS
QC-0013326,WO-004442,2026-06-16,M01,P03,Dimensional,0,PASS
QC-0013327,WO-004443,2026-06-16,M01,P01,Assembly mismatch,3,FAIL
QC-0013328,WO-004443,2026-06-16,M01,P01,Surface finish,1,FAIL
QC-0013329,WO-004443,2026-06-16,M01,P01,Dimensional,2,FAIL
QC-0013330,WO-004444,2026-06-16,M02,P05,Dimensional,8,FAIL
QC-0013331,WO-004444,2026-06-16,M02,P05,Weld porosity,2,FAIL
QC-0013332,WO-004444,2026-06-16,M02,P05,Surface finish,1,FAIL
QC-0013333,WO-004445,2026-06-16,M02,P02,Assembly mismatch,3,FAIL
QC-0013334,WO-004445,2026-06-16,M02,P02,Weld porosity,2,FAIL
QC-0013335,WO-004445,2026-06-16,M02,P02,Cosmetic,0,PASS
QC-0013336,WO-004446,2026-06-16,M03,P03,Material defect,5,FAIL
QC-0013337,WO-004446,2026-06-16,M03,P03,Assembly mismatch,2,FAIL
QC-0013338,WO-004446,2026-06-16,M03,P03,Weld porosity,0,PASS
QC-0013339,WO-004447,2026-06-16,M03,P01,Material defect,4,FAIL
QC-0013340,WO-004447,2026-06-16,M03,P01,Cosmetic,2,FAIL
QC-0013341,WO-004447,2026-06-16,M03,P01,Dimensional,0,PASS
QC-0013342,WO-004448,2026-06-16,M04,P04,Weld porosity,2,FAIL
QC-0013343,WO-004448,2026-06-16,M04,P04,Material defect,1,FAIL
QC-0013344,WO-004448,2026-06-16,M04,P04,Assembly mismatch,1,FAIL
QC-0013345,WO-004449,2026-06-16,M04,P06,Weld porosity,4,FAIL
QC-0013346,WO-004449,2026-06-16,M04,P06,Dimensional,1,FAIL
QC-0013347,WO-004449,2026-06-16,M04,P06,Assembly mismatch,1,FAIL
QC-0013348,WO-004450,2026-06-16,M05,P06,Assembly mismatch,5,FAIL
QC-0013349,WO-004450,2026-06-16,M05,P06,Surface finish,3,FAIL
QC-0013350,WO-004450,2026-06-16,M05,P06,Dimensional,0,PASS
QC-0013351,WO-004451,2026-06-16,M05,P01,Cosmetic,4,FAIL
QC-0013352,WO-004451,2026-06-16,M05,P01,Surface finish,1,FAIL
QC-0013353,WO-004451,2026-06-16,M05,P01,Dimensional,1,FAIL
QC-0013354,WO-004452,2026-06-16,M06,P01,Weld porosity,5,FAIL
QC-0013355,WO-004452,2026-06-16,M06,P01,Dimensional,1,FAIL
QC-0013356,WO-004452,2026-06-16,M06,P01,Cosmetic,0,PASS
QC-0013357,WO-004453,2026-06-16,M06,P05,Cosmetic,5,FAIL
QC-0013358,WO-004453,2026-06-16,M06,P05,Weld porosity,6,FAIL
QC-0013359,WO-004453,2026-06-16,M06,P05,Dimensional,2,FAIL
QC-0013360,WO-004454,2026-06-17,M01,P01,Material defect,2,FAIL
QC-0013361,WO-004454,2026-06-17,M01,P01,Surface finish,3,FAIL
QC-0013362,WO-004454,2026-06-17,M01,P01,Assembly mismatch,1,FAIL
QC-0013363,WO-004455,2026-06-17,M01,P01,Cosmetic,3,FAIL
QC-0013364,WO-004455,2026-06-17,M01,P01,Weld porosity,4,FAIL
QC-0013365,WO-004455,2026-06-17,M01,P01,Dimensional,1,FAIL
QC-0013366,WO-004456,2026-06-17,M02,P01,Weld porosity,5,FAIL
QC-0013367,WO-004456,2026-06-17,M02,P01,Cosmetic,1,FAIL
QC-0013368,WO-004456,2026-06-17,M02,P01,Material defect,1,FAIL
QC-0013369,WO-004457,2026-06-17,M02,P05,Cosmetic,7,FAIL
QC-0013370,WO-004457,2026-06-17,M02,P05,Dimensional,1,FAIL
QC-0013371,WO-004457,2026-06-17,M02,P05,Weld porosity,2,FAIL
QC-0013372,WO-004458,2026-06-17,M03,P03,Assembly mismatch,2,FAIL
QC-0013373,WO-004458,2026-06-17,M03,P03,Dimensional,1,FAIL
QC-0013374,WO-004458,2026-06-17,M03,P03,Material defect,0,PASS
QC-0013375,WO-004459,2026-06-17,M03,P01,Surface finish,3,FAIL
QC-0013376,WO-004459,2026-06-17,M03,P01,Weld porosity,2,FAIL
QC-0013377,WO-004459,2026-06-17,M03,P01,Assembly mismatch,2,FAIL
QC-0013378,WO-004460,2026-06-17,M04,P04,Weld porosity,4,FAIL
QC-0013379,WO-004460,2026-06-17,M04,P04,Cosmetic,0,PASS
QC-0013380,WO-004460,2026-06-17,M04,P04,Surface finish,0,PASS
QC-0013381,WO-004461,2026-06-17,M04,P03,Weld porosity,6,FAIL
QC-0013382,WO-004461,2026-06-17,M04,P03,Dimensional,1,FAIL
QC-0013383,WO-004461,2026-06-17,M04,P03,Material defect,0,PASS
QC-0013384,WO-004462,2026-06-17,M05,P05,Dimensional,6,FAIL
QC-0013385,WO-004462,2026-06-17,M05,P05,Cosmetic,3,FAIL
QC-0013386,WO-004462,2026-06-17,M05,P05,Weld porosity,1,FAIL
QC-0013387,WO-004463,2026-06-17,M05,P01,Weld porosity,4,FAIL
QC-0013388,WO-004463,2026-06-17,M05,P01,Surface finish,0,PASS
QC-0013389,WO-004463,2026-06-17,M05,P01,Material defect,2,FAIL
QC-0013390,WO-004464,2026-06-17,M06,P05,Weld porosity,6,FAIL
QC-0013391,WO-004464,2026-06-17,M06,P05,Surface finish,3,FAIL
QC-0013392,WO-004464,2026-06-17,M06,P05,Assembly mismatch,1,FAIL
QC-0013393,WO-004465,2026-06-17,M06,P01,Assembly mismatch,4,FAIL
QC-0013394,WO-004465,2026-06-17,M06,P01,Dimensional,1,FAIL
QC-0013395,WO-004465,2026-06-17,M06,P01,Surface finish,0,PASS
QC-0013396,WO-004466,2026-06-18,M01,P01,Material defect,2,FAIL
QC-0013397,WO-004466,2026-06-18,M01,P01,Weld porosity,1,FAIL
QC-0013398,WO-004466,2026-06-18,M01,P01,Cosmetic,1,FAIL
QC-0013399,WO-004467,2026-06-18,M01,P01,Weld porosity,5,FAIL
QC-0013400,WO-004467,2026-06-18,M01,P01,Material defect,0,PASS
QC-0013401,WO-004467,2026-06-18,M01,P01,Dimensional,2,FAIL
QC-0013402,WO-004468,2026-06-18,M02,P05,Cosmetic,4,FAIL
QC-0013403,WO-004468,2026-06-18,M02,P05,Dimensional,3,FAIL
QC-0013404,WO-004468,2026-06-18,M02,P05,Weld porosity,2,FAIL
QC-0013405,WO-004469,2026-06-18,M02,P01,Cosmetic,0,PASS
QC-0013406,WO-004469,2026-06-18,M02,P01,Surface finish,3,FAIL
QC-0013407,WO-004469,2026-06-18,M02,P01,Material defect,1,FAIL
QC-0013408,WO-004470,2026-06-18,M03,P05,Dimensional,7,FAIL
QC-0013409,WO-004470,2026-06-18,M03,P05,Cosmetic,2,FAIL
QC-0013410,WO-004470,2026-06-18,M03,P05,Surface finish,3,FAIL
QC-0013411,WO-004471,2026-06-18,M03,P01,Surface finish,2,FAIL
QC-0013412,WO-004471,2026-06-18,M03,P01,Material defect,2,FAIL
QC-0013413,WO-004471,2026-06-18,M03,P01,Assembly mismatch,2,FAIL
QC-0013414,WO-004472,2026-06-18,M04,P03,Weld porosity,3,FAIL
QC-0013415,WO-004472,2026-06-18,M04,P03,Surface finish,1,FAIL
QC-0013416,WO-004472,2026-06-18,M04,P03,Dimensional,1,FAIL
QC-0013417,WO-004473,2026-06-18,M04,P04,Weld porosity,1,FAIL
QC-0013418,WO-004473,2026-06-18,M04,P04,Material defect,3,FAIL
QC-0013419,WO-004473,2026-06-18,M04,P04,Cosmetic,1,FAIL
QC-0013420,WO-004474,2026-06-18,M05,P01,Cosmetic,1,FAIL
QC-0013421,WO-004474,2026-06-18,M05,P01,Weld porosity,1,FAIL
QC-0013422,WO-004474,2026-06-18,M05,P01,Surface finish,1,FAIL
QC-0013423,WO-004475,2026-06-18,M05,P05,Assembly mismatch,5,FAIL
QC-0013424,WO-004475,2026-06-18,M05,P05,Weld porosity,1,FAIL
QC-0013425,WO-004475,2026-06-18,M05,P05,Cosmetic,2,FAIL
QC-0013426,WO-004476,2026-06-18,M06,P05,Surface finish,8,FAIL
QC-0013427,WO-004476,2026-06-18,M06,P05,Material defect,1,FAIL
QC-0013428,WO-004476,2026-06-18,M06,P05,Assembly mismatch,5,FAIL
QC-0013429,WO-004477,2026-06-18,M06,P06,Material defect,4,FAIL
QC-0013430,WO-004477,2026-06-18,M06,P06,Cosmetic,1,FAIL
QC-0013431,WO-004477,2026-06-18,M06,P06,Surface finish,2,FAIL
QC-0013432,WO-004478,2026-06-19,M01,P02,Dimensional,6,FAIL
QC-0013433,WO-004478,2026-06-19,M01,P02,Weld porosity,0,PASS
QC-0013434,WO-004478,2026-06-19,M01,P02,Surface finish,0,PASS
QC-0013435,WO-004479,2026-06-19,M01,P02,Material defect,3,FAIL
QC-0013436,WO-004479,2026-06-19,M01,P02,Surface finish,3,FAIL
QC-0013437,WO-004479,2026-06-19,M01,P02,Weld porosity,2,FAIL
QC-0013438,WO-004480,2026-06-19,M02,P05,Cosmetic,7,FAIL
QC-0013439,WO-004480,2026-06-19,M02,P05,Assembly mismatch,3,FAIL
QC-0013440,WO-004480,2026-06-19,M02,P05,Surface finish,1,FAIL
QC-0013441,WO-004481,2026-06-19,M02,P02,Material defect,3,FAIL
QC-0013442,WO-004481,2026-06-19,M02,P02,Assembly mismatch,0,PASS
QC-0013443,WO-004481,2026-06-19,M02,P02,Dimensional,0,PASS
QC-0013444,WO-004482,2026-06-19,M03,P01,Dimensional,4,FAIL
QC-0013445,WO-004482,2026-06-19,M03,P01,Assembly mismatch,1,FAIL
QC-0013446,WO-004482,2026-06-19,M03,P01,Surface finish,0,PASS
QC-0013447,WO-004483,2026-06-19,M03,P01,Cosmetic,3,FAIL
QC-0013448,WO-004483,2026-06-19,M03,P01,Assembly mismatch,1,FAIL
QC-0013449,WO-004483,2026-06-19,M03,P01,Material defect,0,PASS
QC-0013450,WO-004484,2026-06-19,M04,P06,Dimensional,4,FAIL
QC-0013451,WO-004484,2026-06-19,M04,P06,Weld porosity,0,PASS
QC-0013452,WO-004484,2026-06-19,M04,P06,Surface finish,2,FAIL
QC-0013453,WO-004485,2026-06-19,M04,P04,Dimensional,4,FAIL
QC-0013454,WO-004485,2026-06-19,M04,P04,Weld porosity,1,FAIL
QC-0013455,WO-004485,2026-06-19,M04,P04,Assembly mismatch,0,PASS
QC-0013456,WO-004486,2026-06-19,M05,P06,Weld porosity,4,FAIL
QC-0013457,WO-004486,2026-06-19,M05,P06,Cosmetic,2,FAIL
QC-0013458,WO-004486,2026-06-19,M05,P06,Material defect,1,FAIL
QC-0013459,WO-004487,2026-06-19,M05,P04,Dimensional,3,FAIL
QC-0013460,WO-004487,2026-06-19,M05,P04,Cosmetic,2,FAIL
QC-0013461,WO-004487,2026-06-19,M05,P04,Surface finish,0,PASS
QC-0013462,WO-004488,2026-06-19,M06,P06,Dimensional,4,FAIL
QC-0013463,WO-004488,2026-06-19,M06,P06,Assembly mismatch,3,FAIL
QC-0013464,WO-004488,2026-06-19,M06,P06,Weld porosity,1,FAIL
QC-0013465,WO-004489,2026-06-22,M01,P02,Cosmetic,6,FAIL
QC-0013466,WO-004489,2026-06-22,M01,P02,Weld porosity,0,PASS
QC-0013467,WO-004489,2026-06-22,M01,P02,Dimensional,0,PASS
QC-0013468,WO-004490,2026-06-22,M01,P03,Assembly mismatch,5,FAIL
QC-0013469,WO-004490,2026-06-22,M01,P03,Weld porosity,5,FAIL
QC-0013470,WO-004490,2026-06-22,M01,P03,Surface finish,0,PASS
QC-0013471,WO-004491,2026-06-22,M02,P05,Assembly mismatch,8,FAIL
QC-0013472,WO-004491,2026-06-22,M02,P05,Cosmetic,2,FAIL
QC-0013473,WO-004491,2026-06-22,M02,P05,Weld porosity,1,FAIL
QC-0013474,WO-004492,2026-06-22,M02,P05,Dimensional,3,FAIL
QC-0013475,WO-004492,2026-06-22,M02,P05,Weld porosity,2,FAIL
QC-0013476,WO-004492,2026-06-22,M02,P05,Assembly mismatch,1,FAIL
QC-0013477,WO-004493,2026-06-22,M03,P01,Weld porosity,5,FAIL
QC-0013478,WO-004493,2026-06-22,M03,P01,Material defect,0,PASS
QC-0013479,WO-004493,2026-06-22,M03,P01,Cosmetic,0,PASS
QC-0013480,WO-004494,2026-06-22,M03,P05,Weld porosity,6,FAIL
QC-0013481,WO-004494,2026-06-22,M03,P05,Material defect,4,FAIL
QC-0013482,WO-004494,2026-06-22,M03,P05,Cosmetic,1,FAIL
QC-0013483,WO-004495,2026-06-22,M04,P06,Weld porosity,4,FAIL
QC-0013484,WO-004495,2026-06-22,M04,P06,Cosmetic,1,FAIL
QC-0013485,WO-004495,2026-06-22,M04,P06,Assembly mismatch,1,FAIL
QC-0013486,WO-004496,2026-06-22,M04,P06,Weld porosity,3,FAIL
QC-0013487,WO-004496,2026-06-22,M04,P06,Material defect,2,FAIL
QC-0013488,WO-004496,2026-06-22,M04,P06,Assembly mismatch,1,FAIL
QC-0013489,WO-004497,2026-06-22,M05,P04,Cosmetic,5,FAIL
QC-0013490,WO-004497,2026-06-22,M05,P04,Assembly mismatch,0,PASS
QC-0013491,WO-004497,2026-06-22,M05,P04,Surface finish,1,FAIL
QC-0013492,WO-004498,2026-06-22,M05,P04,Cosmetic,2,FAIL
QC-0013493,WO-004498,2026-06-22,M05,P04,Surface finish,2,FAIL
QC-0013494,WO-004498,2026-06-22,M05,P04,Weld porosity,0,PASS
QC-0013495,WO-004499,2026-06-22,M06,P04,Dimensional,4,FAIL
QC-0013496,WO-004499,2026-06-22,M06,P04,Weld porosity,1,FAIL
QC-0013497,WO-004499,2026-06-22,M06,P04,Surface finish,0,PASS
QC-0013498,WO-004500,2026-06-22,M06,P06,Material defect,3,FAIL
QC-0013499,WO-004500,2026-06-22,M06,P06,Dimensional,3,FAIL
QC-0013500,WO-004500,2026-06-22,M06,P06,Assembly mismatch,3,FAIL
QC-0013501,WO-004501,2026-06-23,M01,P03,Dimensional,7,FAIL
QC-0013502,WO-004501,2026-06-23,M01,P03,Assembly mismatch,2,FAIL
QC-0013503,WO-004501,2026-06-23,M01,P03,Surface finish,0,PASS
QC-0013504,WO-004502,2026-06-23,M01,P01,Material defect,3,FAIL
QC-0013505,WO-004502,2026-06-23,M01,P01,Weld porosity,1,FAIL
QC-0013506,WO-004502,2026-06-23,M01,P01,Cosmetic,1,FAIL
QC-0013507,WO-004503,2026-06-23,M02,P01,Weld porosity,3,FAIL
QC-0013508,WO-004503,2026-06-23,M02,P01,Dimensional,2,FAIL
QC-0013509,WO-004503,2026-06-23,M02,P01,Material defect,2,FAIL
QC-0013510,WO-004504,2026-06-23,M02,P02,Surface finish,4,FAIL
QC-0013511,WO-004504,2026-06-23,M02,P02,Dimensional,0,PASS
QC-0013512,WO-004504,2026-06-23,M02,P02,Assembly mismatch,2,FAIL
QC-0013513,WO-004505,2026-06-23,M03,P01,Dimensional,5,FAIL
QC-0013514,WO-004505,2026-06-23,M03,P01,Material defect,1,FAIL
QC-0013515,WO-004505,2026-06-23,M03,P01,Surface finish,0,PASS
QC-0013516,WO-004506,2026-06-23,M03,P03,Material defect,2,FAIL
QC-0013517,WO-004506,2026-06-23,M03,P03,Assembly mismatch,3,FAIL
QC-0013518,WO-004506,2026-06-23,M03,P03,Weld porosity,1,FAIL
QC-0013519,WO-004507,2026-06-23,M04,P06,Material defect,4,FAIL
QC-0013520,WO-004507,2026-06-23,M04,P06,Weld porosity,3,FAIL
QC-0013521,WO-004507,2026-06-23,M04,P06,Dimensional,0,PASS
QC-0013522,WO-004508,2026-06-23,M04,P06,Weld porosity,7,FAIL
QC-0013523,WO-004508,2026-06-23,M04,P06,Surface finish,0,PASS
QC-0013524,WO-004508,2026-06-23,M04,P06,Cosmetic,0,PASS
QC-0013525,WO-004509,2026-06-23,M05,P06,Cosmetic,1,FAIL
QC-0013526,WO-004509,2026-06-23,M05,P06,Surface finish,5,FAIL
QC-0013527,WO-004509,2026-06-23,M05,P06,Dimensional,2,FAIL
QC-0013528,WO-004510,2026-06-23,M05,P04,Assembly mismatch,2,FAIL
QC-0013529,WO-004510,2026-06-23,M05,P04,Cosmetic,1,FAIL
QC-0013530,WO-004510,2026-06-23,M05,P04,Weld porosity,0,PASS
QC-0013531,WO-004511,2026-06-23,M06,P01,Surface finish,5,FAIL
QC-0013532,WO-004511,2026-06-23,M06,P01,Weld porosity,0,PASS
QC-0013533,WO-004511,2026-06-23,M06,P01,Cosmetic,0,PASS
QC-0013534,WO-004512,2026-06-23,M06,P04,Dimensional,3,FAIL
QC-0013535,WO-004512,2026-06-23,M06,P04,Cosmetic,1,FAIL
QC-0013536,WO-004512,2026-06-23,M06,P04,Assembly mismatch,1,FAIL
QC-0013537,WO-004513,2026-06-24,M01,P03,Weld porosity,3,FAIL
QC-0013538,WO-004513,2026-06-24,M01,P03,Dimensional,2,FAIL
QC-0013539,WO-004513,2026-06-24,M01,P03,Cosmetic,0,PASS
QC-0013540,WO-004514,2026-06-24,M01,P02,Weld porosity,2,FAIL
QC-0013541,WO-004514,2026-06-24,M01,P02,Dimensional,3,FAIL
QC-0013542,WO-004514,2026-06-24,M01,P02,Surface finish,1,FAIL
QC-0013543,WO-004515,2026-06-24,M02,P02,Weld porosity,1,FAIL
QC-0013544,WO-004515,2026-06-24,M02,P02,Dimensional,1,FAIL
QC-0013545,WO-004515,2026-06-24,M02,P02,Assembly mismatch,3,FAIL
QC-0013546,WO-004516,2026-06-24,M02,P02,Weld porosity,2,FAIL
QC-0013547,WO-004516,2026-06-24,M02,P02,Dimensional,2,FAIL
QC-0013548,WO-004516,2026-06-24,M02,P02,Material defect,3,FAIL
QC-0013549,WO-004517,2026-06-24,M03,P01,Assembly mismatch,4,FAIL
QC-0013550,WO-004517,2026-06-24,M03,P01,Cosmetic,2,FAIL
QC-0013551,WO-004517,2026-06-24,M03,P01,Weld porosity,0,PASS
QC-0013552,WO-004518,2026-06-24,M03,P01,Assembly mismatch,2,FAIL
QC-0013553,WO-004518,2026-06-24,M03,P01,Cosmetic,1,FAIL
QC-0013554,WO-004518,2026-06-24,M03,P01,Surface finish,2,FAIL
QC-0013555,WO-004519,2026-06-24,M04,P06,Weld porosity,3,FAIL
QC-0013556,WO-004519,2026-06-24,M04,P06,Dimensional,2,FAIL
QC-0013557,WO-004519,2026-06-24,M04,P06,Material defect,1,FAIL
QC-0013558,WO-004520,2026-06-24,M04,P06,Weld porosity,4,FAIL
QC-0013559,WO-004520,2026-06-24,M04,P06,Material defect,2,FAIL
QC-0013560,WO-004520,2026-06-24,M04,P06,Assembly mismatch,1,FAIL
QC-0013561,WO-004521,2026-06-24,M05,P05,Weld porosity,4,FAIL
QC-0013562,WO-004521,2026-06-24,M05,P05,Material defect,2,FAIL
QC-0013563,WO-004521,2026-06-24,M05,P05,Dimensional,1,FAIL
QC-0013564,WO-004522,2026-06-24,M05,P06,Dimensional,5,FAIL
QC-0013565,WO-004522,2026-06-24,M05,P06,Surface finish,2,FAIL
QC-0013566,WO-004522,2026-06-24,M05,P06,Material defect,0,PASS
QC-0013567,WO-004523,2026-06-24,M06,P05,Dimensional,7,FAIL
QC-0013568,WO-004523,2026-06-24,M06,P05,Cosmetic,0,PASS
QC-0013569,WO-004523,2026-06-24,M06,P05,Weld porosity,2,FAIL
QC-0013570,WO-004524,2026-06-24,M06,P04,Assembly mismatch,3,FAIL
QC-0013571,WO-004524,2026-06-24,M06,P04,Dimensional,2,FAIL
QC-0013572,WO-004524,2026-06-24,M06,P04,Weld porosity,1,FAIL
QC-0013573,WO-004525,2026-06-25,M01,P02,Surface finish,5,FAIL
QC-0013574,WO-004525,2026-06-25,M01,P02,Dimensional,0,PASS
QC-0013575,WO-004525,2026-06-25,M01,P02,Cosmetic,0,PASS
QC-0013576,WO-004526,2026-06-25,M01,P03,Material defect,2,FAIL
QC-0013577,WO-004526,2026-06-25,M01,P03,Assembly mismatch,2,FAIL
QC-0013578,WO-004526,2026-06-25,M01,P03,Cosmetic,2,FAIL
QC-0013579,WO-004527,2026-06-25,M02,P01,Material defect,4,FAIL
QC-0013580,WO-004527,2026-06-25,M02,P01,Assembly mismatch,1,FAIL
QC-0013581,WO-004527,2026-06-25,M02,P01,Surface finish,1,FAIL
QC-0013582,WO-004528,2026-06-25,M02,P02,Surface finish,4,FAIL
QC-0013583,WO-004528,2026-06-25,M02,P02,Assembly mismatch,1,FAIL
QC-0013584,WO-004528,2026-06-25,M02,P02,Material defect,0,PASS
QC-0013585,WO-004529,2026-06-25,M03,P05,Assembly mismatch,7,FAIL
QC-0013586,WO-004529,2026-06-25,M03,P05,Dimensional,3,FAIL
QC-0013587,WO-004529,2026-06-25,M03,P05,Surface finish,0,PASS
QC-0013588,WO-004530,2026-06-25,M03,P01,Surface finish,2,FAIL
QC-0013589,WO-004530,2026-06-25,M03,P01,Material defect,3,FAIL
QC-0013590,WO-004530,2026-06-25,M03,P01,Cosmetic,1,FAIL
QC-0013591,WO-004531,2026-06-25,M04,P06,Weld porosity,5,FAIL
QC-0013592,WO-004531,2026-06-25,M04,P06,Surface finish,1,FAIL
QC-0013593,WO-004531,2026-06-25,M04,P06,Assembly mismatch,1,FAIL
QC-0013594,WO-004532,2026-06-25,M04,P06,Weld porosity,4,FAIL
QC-0013595,WO-004532,2026-06-25,M04,P06,Assembly mismatch,1,FAIL
QC-0013596,WO-004532,2026-06-25,M04,P06,Material defect,1,FAIL
QC-0013597,WO-004533,2026-06-25,M05,P04,Weld porosity,4,FAIL
QC-0013598,WO-004533,2026-06-25,M05,P04,Surface finish,1,FAIL
QC-0013599,WO-004533,2026-06-25,M05,P04,Dimensional,0,PASS
QC-0013600,WO-004534,2026-06-25,M05,P05,Surface finish,5,FAIL
QC-0013601,WO-004534,2026-06-25,M05,P05,Cosmetic,2,FAIL
QC-0013602,WO-004534,2026-06-25,M05,P05,Assembly mismatch,1,FAIL
QC-0013603,WO-004535,2026-06-25,M06,P06,Cosmetic,5,FAIL
QC-0013604,WO-004535,2026-06-25,M06,P06,Assembly mismatch,2,FAIL
QC-0013605,WO-004535,2026-06-25,M06,P06,Dimensional,0,PASS
QC-0013606,WO-004536,2026-06-25,M06,P06,Cosmetic,2,FAIL
QC-0013607,WO-004536,2026-06-25,M06,P06,Material defect,1,FAIL
QC-0013608,WO-004536,2026-06-25,M06,P06,Assembly mismatch,5,FAIL
QC-0013609,WO-004537,2026-06-26,M01,P01,Cosmetic,4,FAIL
QC-0013610,WO-004537,2026-06-26,M01,P01,Assembly mismatch,1,FAIL
QC-0013611,WO-004537,2026-06-26,M01,P01,Weld porosity,1,FAIL
QC-0013612,WO-004538,2026-06-26,M01,P03,Cosmetic,3,FAIL
QC-0013613,WO-004538,2026-06-26,M01,P03,Material defect,3,FAIL
QC-0013614,WO-004538,2026-06-26,M01,P03,Dimensional,0,PASS
QC-0013615,WO-004539,2026-06-26,M02,P02,Cosmetic,2,FAIL
QC-0013616,WO-004539,2026-06-26,M02,P02,Material defect,0,PASS
QC-0013617,WO-004539,2026-06-26,M02,P02,Assembly mismatch,1,FAIL
QC-0013618,WO-004540,2026-06-26,M02,P02,Dimensional,1,FAIL
QC-0013619,WO-004540,2026-06-26,M02,P02,Material defect,2,FAIL
QC-0013620,WO-004540,2026-06-26,M02,P02,Weld porosity,3,FAIL
QC-0013621,WO-004541,2026-06-26,M03,P03,Material defect,3,FAIL
QC-0013622,WO-004541,2026-06-26,M03,P03,Weld porosity,1,FAIL
QC-0013623,WO-004541,2026-06-26,M03,P03,Cosmetic,0,PASS
QC-0013624,WO-004542,2026-06-26,M03,P03,Weld porosity,1,FAIL
QC-0013625,WO-004542,2026-06-26,M03,P03,Cosmetic,1,FAIL
QC-0013626,WO-004542,2026-06-26,M03,P03,Dimensional,3,FAIL
QC-0013627,WO-004543,2026-06-26,M04,P06,Material defect,3,FAIL
QC-0013628,WO-004543,2026-06-26,M04,P06,Dimensional,4,FAIL
QC-0013629,WO-004543,2026-06-26,M04,P06,Weld porosity,0,PASS
QC-0013630,WO-004544,2026-06-26,M04,P03,Weld porosity,7,FAIL
QC-0013631,WO-004544,2026-06-26,M04,P03,Surface finish,1,FAIL
QC-0013632,WO-004544,2026-06-26,M04,P03,Assembly mismatch,3,FAIL
QC-0013633,WO-004545,2026-06-26,M05,P04,Surface finish,3,FAIL
QC-0013634,WO-004545,2026-06-26,M05,P04,Material defect,2,FAIL
QC-0013635,WO-004545,2026-06-26,M05,P04,Cosmetic,0,PASS
QC-0013636,WO-004546,2026-06-26,M05,P04,Material defect,1,FAIL
QC-0013637,WO-004546,2026-06-26,M05,P04,Cosmetic,0,PASS
QC-0013638,WO-004546,2026-06-26,M05,P04,Weld porosity,2,FAIL
QC-0013639,WO-004547,2026-06-26,M06,P04,Assembly mismatch,1,FAIL
QC-0013640,WO-004547,2026-06-26,M06,P04,Surface finish,3,FAIL
QC-0013641,WO-004547,2026-06-26,M06,P04,Cosmetic,0,PASS
QC-0013642,WO-004548,2026-06-26,M06,P06,Dimensional,3,FAIL
QC-0013643,WO-004548,2026-06-26,M06,P06,Cosmetic,3,FAIL
QC-0013644,WO-004548,2026-06-26,M06,P06,Weld porosity,2,FAIL
QC-0013645,WO-004549,2026-06-29,M01,P01,Dimensional,6,FAIL
QC-0013646,WO-004549,2026-06-29,M01,P01,Cosmetic,2,FAIL
QC-0013647,WO-004549,2026-06-29,M01,P01,Material defect,0,PASS
QC-0013648,WO-004550,2026-06-29,M01,P01,Assembly mismatch,2,FAIL
QC-0013649,WO-004550,2026-06-29,M01,P01,Weld porosity,1,FAIL
QC-0013650,WO-004550,2026-06-29,M01,P01,Material defect,3,FAIL
QC-0013651,WO-004551,2026-06-29,M02,P02,Weld porosity,4,FAIL
QC-0013652,WO-004551,2026-06-29,M02,P02,Cosmetic,1,FAIL
QC-0013653,WO-004551,2026-06-29,M02,P02,Assembly mismatch,1,FAIL
QC-0013654,WO-004552,2026-06-29,M02,P05,Cosmetic,6,FAIL
QC-0013655,WO-004552,2026-06-29,M02,P05,Dimensional,3,FAIL
QC-0013656,WO-004552,2026-06-29,M02,P05,Weld porosity,1,FAIL
QC-0013657,WO-004553,2026-06-29,M03,P01,Surface finish,3,FAIL
QC-0013658,WO-004553,2026-06-29,M03,P01,Dimensional,0,PASS
QC-0013659,WO-004553,2026-06-29,M03,P01,Material defect,4,FAIL
QC-0013660,WO-004554,2026-06-29,M03,P03,Surface finish,5,FAIL
QC-0013661,WO-004554,2026-06-29,M03,P03,Material defect,1,FAIL
QC-0013662,WO-004554,2026-06-29,M03,P03,Dimensional,0,PASS
QC-0013663,WO-004555,2026-06-29,M04,P04,Weld porosity,1,FAIL
QC-0013664,WO-004555,2026-06-29,M04,P04,Assembly mismatch,2,FAIL
QC-0013665,WO-004555,2026-06-29,M04,P04,Dimensional,3,FAIL
QC-0013666,WO-004556,2026-06-29,M04,P03,Weld porosity,6,FAIL
QC-0013667,WO-004556,2026-06-29,M04,P03,Cosmetic,2,FAIL
QC-0013668,WO-004556,2026-06-29,M04,P03,Surface finish,0,PASS
QC-0013669,WO-004557,2026-06-29,M05,P05,Surface finish,6,FAIL
QC-0013670,WO-004557,2026-06-29,M05,P05,Weld porosity,2,FAIL
QC-0013671,WO-004557,2026-06-29,M05,P05,Cosmetic,0,PASS
QC-0013672,WO-004558,2026-06-29,M05,P06,Dimensional,5,FAIL
QC-0013673,WO-004558,2026-06-29,M05,P06,Weld porosity,2,FAIL
QC-0013674,WO-004558,2026-06-29,M05,P06,Cosmetic,0,PASS
QC-0013675,WO-004559,2026-06-29,M06,P01,Assembly mismatch,2,FAIL
QC-0013676,WO-004559,2026-06-29,M06,P01,Material defect,2,FAIL
QC-0013677,WO-004559,2026-06-29,M06,P01,Weld porosity,1,FAIL
QC-0013678,WO-004560,2026-06-29,M06,P01,Cosmetic,5,FAIL
QC-0013679,WO-004560,2026-06-29,M06,P01,Dimensional,0,PASS
QC-0013680,WO-004560,2026-06-29,M06,P01,Material defect,2,FAIL
QC-0013681,WO-004561,2026-06-30,M01,P02,Surface finish,2,FAIL
QC-0013682,WO-004561,2026-06-30,M01,P02,Assembly mismatch,2,FAIL
QC-0013683,WO-004561,2026-06-30,M01,P02,Dimensional,1,FAIL
QC-0013684,WO-004562,2026-06-30,M01,P02,Material defect,7,FAIL
QC-0013685,WO-004562,2026-06-30,M01,P02,Weld porosity,2,FAIL
QC-0013686,WO-004562,2026-06-30,M01,P02,Dimensional,0,PASS
QC-0013687,WO-004563,2026-06-30,M02,P02,Cosmetic,3,FAIL
QC-0013688,WO-004563,2026-06-30,M02,P02,Dimensional,2,FAIL
QC-0013689,WO-004563,2026-06-30,M02,P02,Surface finish,1,FAIL
QC-0013690,WO-004564,2026-06-30,M02,P02,Dimensional,5,FAIL
QC-0013691,WO-004564,2026-06-30,M02,P02,Cosmetic,1,FAIL
QC-0013692,WO-004564,2026-06-30,M02,P02,Weld porosity,1,FAIL
QC-0013693,WO-004565,2026-06-30,M03,P05,Cosmetic,3,FAIL
QC-0013694,WO-004565,2026-06-30,M03,P05,Assembly mismatch,5,FAIL
QC-0013695,WO-004565,2026-06-30,M03,P05,Weld porosity,0,PASS
QC-0013696,WO-004566,2026-06-30,M03,P01,Weld porosity,4,FAIL
QC-0013697,WO-004566,2026-06-30,M03,P01,Surface finish,0,PASS
QC-0013698,WO-004566,2026-06-30,M03,P01,Assembly mismatch,1,FAIL
QC-0013699,WO-004567,2026-06-30,M04,P03,Weld porosity,4,FAIL
QC-0013700,WO-004567,2026-06-30,M04,P03,Material defect,4,FAIL
QC-0013701,WO-004567,2026-06-30,M04,P03,Dimensional,0,PASS
QC-0013702,WO-004568,2026-06-30,M04,P03,Weld porosity,11,FAIL
QC-0013703,WO-004568,2026-06-30,M04,P03,Assembly mismatch,1,FAIL
QC-0013704,WO-004568,2026-06-30,M04,P03,Dimensional,1,FAIL
QC-0013705,WO-004569,2026-06-30,M05,P05,Cosmetic,4,FAIL
QC-0013706,WO-004569,2026-06-30,M05,P05,Assembly mismatch,2,FAIL
QC-0013707,WO-004569,2026-06-30,M05,P05,Surface finish,0,PASS
QC-0013708,WO-004570,2026-06-30,M05,P04,Dimensional,2,FAIL
QC-0013709,WO-004570,2026-06-30,M05,P04,Surface finish,1,FAIL
QC-0013710,WO-004570,2026-06-30,M05,P04,Cosmetic,1,FAIL
QC-0013711,WO-004571,2026-06-30,M06,P05,Material defect,4,FAIL
QC-0013712,WO-004571,2026-06-30,M06,P05,Weld porosity,2,FAIL
QC-0013713,WO-004571,2026-06-30,M06,P05,Cosmetic,2,FAIL
QC-0013714,WO-004572,2026-06-30,M06,P04,Weld porosity,1,FAIL
QC-0013715,WO-004572,2026-06-30,M06,P04,Surface finish,3,FAIL
QC-0013716,WO-004572,2026-06-30,M06,P04,Material defect,1,FAIL
QC-0013717,WO-004573,2026-07-01,M01,P02,Cosmetic,4,FAIL
QC-0013718,WO-004573,2026-07-01,M01,P02,Material defect,1,FAIL
QC-0013719,WO-004573,2026-07-01,M01,P02,Dimensional,0,PASS
QC-0013720,WO-004574,2026-07-01,M01,P03,Material defect,3,FAIL
QC-0013721,WO-004574,2026-07-01,M01,P03,Surface finish,3,FAIL
QC-0013722,WO-004574,2026-07-01,M01,P03,Assembly mismatch,1,FAIL
QC-0013723,WO-004575,2026-07-01,M02,P02,Weld porosity,3,FAIL
QC-0013724,WO-004575,2026-07-01,M02,P02,Cosmetic,1,FAIL
QC-0013725,WO-004575,2026-07-01,M02,P02,Dimensional,1,FAIL
QC-0013726,WO-004576,2026-07-01,M02,P02,Cosmetic,4,FAIL
QC-0013727,WO-004576,2026-07-01,M02,P02,Weld porosity,0,PASS
QC-0013728,WO-004576,2026-07-01,M02,P02,Dimensional,1,FAIL
QC-0013729,WO-004577,2026-07-01,M03,P01,Surface finish,3,FAIL
QC-0013730,WO-004577,2026-07-01,M03,P01,Weld porosity,1,FAIL
QC-0013731,WO-004577,2026-07-01,M03,P01,Dimensional,1,FAIL
QC-0013732,WO-004578,2026-07-01,M03,P01,Surface finish,6,FAIL
QC-0013733,WO-004578,2026-07-01,M03,P01,Cosmetic,0,PASS
QC-0013734,WO-004578,2026-07-01,M03,P01,Dimensional,1,FAIL
QC-0013735,WO-004579,2026-07-01,M04,P06,Weld porosity,5,FAIL
QC-0013736,WO-004579,2026-07-01,M04,P06,Assembly mismatch,1,FAIL
QC-0013737,WO-004579,2026-07-01,M04,P06,Cosmetic,0,PASS
QC-0013738,WO-004580,2026-07-01,M04,P03,Weld porosity,3,FAIL
QC-0013739,WO-004580,2026-07-01,M04,P03,Cosmetic,4,FAIL
QC-0013740,WO-004580,2026-07-01,M04,P03,Assembly mismatch,0,PASS
QC-0013741,WO-004581,2026-07-01,M05,P05,Dimensional,6,FAIL
QC-0013742,WO-004581,2026-07-01,M05,P05,Assembly mismatch,3,FAIL
QC-0013743,WO-004581,2026-07-01,M05,P05,Weld porosity,1,FAIL
QC-0013744,WO-004582,2026-07-01,M05,P06,Material defect,5,FAIL
QC-0013745,WO-004582,2026-07-01,M05,P06,Assembly mismatch,1,FAIL
QC-0013746,WO-004582,2026-07-01,M05,P06,Cosmetic,1,FAIL
QC-0013747,WO-004583,2026-07-01,M06,P04,Dimensional,3,FAIL
QC-0013748,WO-004583,2026-07-01,M06,P04,Surface finish,1,FAIL
QC-0013749,WO-004583,2026-07-01,M06,P04,Assembly mismatch,1,FAIL
QC-0013750,WO-004584,2026-07-01,M06,P01,Weld porosity,4,FAIL
QC-0013751,WO-004584,2026-07-01,M06,P01,Assembly mismatch,1,FAIL
QC-0013752,WO-004584,2026-07-01,M06,P01,Surface finish,0,PASS
QC-0013753,WO-004585,2026-07-02,M01,P03,Assembly mismatch,4,FAIL
QC-0013754,WO-004585,2026-07-02,M01,P03,Cosmetic,0,PASS
QC-0013755,WO-004585,2026-07-02,M01,P03,Dimensional,2,FAIL
QC-0013756,WO-004586,2026-07-02,M02,P01,Surface finish,4,FAIL
QC-0013757,WO-004586,2026-07-02,M02,P01,Dimensional,1,FAIL
QC-0013758,WO-004586,2026-07-02,M02,P01,Cosmetic,0,PASS
QC-0013759,WO-004587,2026-07-02,M02,P01,Weld porosity,3,FAIL
QC-0013760,WO-004587,2026-07-02,M02,P01,Material defect,4,FAIL
QC-0013761,WO-004587,2026-07-02,M02,P01,Surface finish,0,PASS
QC-0013762,WO-004588,2026-07-02,M03,P03,Assembly mismatch,3,FAIL
QC-0013763,WO-004588,2026-07-02,M03,P03,Surface finish,3,FAIL
QC-0013764,WO-004588,2026-07-02,M03,P03,Material defect,0,PASS
QC-0013765,WO-004589,2026-07-02,M03,P05,Surface finish,2,FAIL
QC-0013766,WO-004589,2026-07-02,M03,P05,Weld porosity,4,FAIL
QC-0013767,WO-004589,2026-07-02,M03,P05,Dimensional,3,FAIL
QC-0013768,WO-004590,2026-07-02,M04,P04,Dimensional,3,FAIL
QC-0013769,WO-004590,2026-07-02,M04,P04,Weld porosity,1,FAIL
QC-0013770,WO-004590,2026-07-02,M04,P04,Material defect,0,PASS
QC-0013771,WO-004591,2026-07-02,M04,P03,Weld porosity,4,FAIL
QC-0013772,WO-004591,2026-07-02,M04,P03,Dimensional,1,FAIL
QC-0013773,WO-004591,2026-07-02,M04,P03,Surface finish,2,FAIL
QC-0013774,WO-004592,2026-07-02,M05,P04,Assembly mismatch,3,FAIL
QC-0013775,WO-004592,2026-07-02,M05,P04,Cosmetic,0,PASS
QC-0013776,WO-004592,2026-07-02,M05,P04,Weld porosity,2,FAIL
QC-0013777,WO-004593,2026-07-02,M05,P01,Material defect,2,FAIL
QC-0013778,WO-004593,2026-07-02,M05,P01,Assembly mismatch,2,FAIL
QC-0013779,WO-004593,2026-07-02,M05,P01,Dimensional,0,PASS
QC-0013780,WO-004594,2026-07-02,M06,P05,Material defect,9,FAIL
QC-0013781,WO-004594,2026-07-02,M06,P05,Cosmetic,2,FAIL
QC-0013782,WO-004594,2026-07-02,M06,P05,Dimensional,1,FAIL
QC-0013783,WO-004595,2026-07-02,M06,P06,Material defect,5,FAIL
QC-0013784,WO-004595,2026-07-02,M06,P06,Assembly mismatch,2,FAIL
QC-0013785,WO-004595,2026-07-02,M06,P06,Cosmetic,0,PASS
QC-0013786,WO-004596,2026-07-03,M01,P03,Dimensional,2,FAIL
QC-0013787,WO-004596,2026-07-03,M01,P03,Surface finish,0,PASS
QC-0013788,WO-004596,2026-07-03,M01,P03,Weld porosity,0,PASS
QC-0013789,WO-004597,2026-07-03,M01,P03,Cosmetic,4,FAIL
QC-0013790,WO-004597,2026-07-03,M01,P03,Surface finish,3,FAIL
QC-0013791,WO-004597,2026-07-03,M01,P03,Material defect,1,FAIL
QC-0013792,WO-004598,2026-07-03,M02,P01,Weld porosity,0,PASS
QC-0013793,WO-004598,2026-07-03,M02,P01,Assembly mismatch,1,FAIL
QC-0013794,WO-004598,2026-07-03,M02,P01,Cosmetic,0,PASS
QC-0013795,WO-004599,2026-07-03,M02,P01,Material defect,2,FAIL
QC-0013796,WO-004599,2026-07-03,M02,P01,Assembly mismatch,1,FAIL
QC-0013797,WO-004599,2026-07-03,M02,P01,Surface finish,0,PASS
QC-0013798,WO-004600,2026-07-03,M03,P05,Assembly mismatch,8,FAIL
QC-0013799,WO-004600,2026-07-03,M03,P05,Weld porosity,2,FAIL
QC-0013800,WO-004600,2026-07-03,M03,P05,Dimensional,1,FAIL
QC-0013801,WO-004601,2026-07-03,M03,P05,Surface finish,5,FAIL
QC-0013802,WO-004601,2026-07-03,M03,P05,Dimensional,1,FAIL
QC-0013803,WO-004601,2026-07-03,M03,P05,Material defect,1,FAIL
QC-0013804,WO-004602,2026-07-03,M04,P06,Assembly mismatch,4,FAIL
QC-0013805,WO-004602,2026-07-03,M04,P06,Weld porosity,3,FAIL
QC-0013806,WO-004602,2026-07-03,M04,P06,Material defect,1,FAIL
QC-0013807,WO-004603,2026-07-03,M04,P06,Weld porosity,4,FAIL
QC-0013808,WO-004603,2026-07-03,M04,P06,Assembly mismatch,3,FAIL
QC-0013809,WO-004603,2026-07-03,M04,P06,Surface finish,0,PASS
QC-0013810,WO-004604,2026-07-03,M05,P01,Dimensional,3,FAIL
QC-0013811,WO-004604,2026-07-03,M05,P01,Cosmetic,0,PASS
QC-0013812,WO-004604,2026-07-03,M05,P01,Weld porosity,1,FAIL
QC-0013813,WO-004605,2026-07-03,M05,P01,Dimensional,3,FAIL
QC-0013814,WO-004605,2026-07-03,M05,P01,Material defect,1,FAIL
QC-0013815,WO-004605,2026-07-03,M05,P01,Weld porosity,1,FAIL
QC-0013816,WO-004606,2026-07-03,M06,P01,Dimensional,5,FAIL
QC-0013817,WO-004606,2026-07-03,M06,P01,Assembly mismatch,2,FAIL
QC-0013818,WO-004606,2026-07-03,M06,P01,Surface finish,1,FAIL
QC-0013819,WO-004607,2026-07-03,M06,P05,Weld porosity,8,FAIL
QC-0013820,WO-004607,2026-07-03,M06,P05,Assembly mismatch,1,FAIL
QC-0013821,WO-004607,2026-07-03,M06,P05,Dimensional,2,FAIL
QC-0013822,WO-004608,2026-07-06,M01,P02,Material defect,5,FAIL
QC-0013823,WO-004608,2026-07-06,M01,P02,Weld porosity,0,PASS
QC-0013824,WO-004608,2026-07-06,M01,P02,Surface finish,0,PASS
QC-0013825,WO-004609,2026-07-06,M01,P03,Assembly mismatch,4,FAIL
QC-0013826,WO-004609,2026-07-06,M01,P03,Material defect,2,FAIL
QC-0013827,WO-004609,2026-07-06,M01,P03,Dimensional,1,FAIL
QC-0013828,WO-004610,2026-07-06,M02,P02,Dimensional,5,FAIL
QC-0013829,WO-004610,2026-07-06,M02,P02,Material defect,3,FAIL
QC-0013830,WO-004610,2026-07-06,M02,P02,Cosmetic,0,PASS
QC-0013831,WO-004611,2026-07-06,M02,P05,Material defect,5,FAIL
QC-0013832,WO-004611,2026-07-06,M02,P05,Dimensional,2,FAIL
QC-0013833,WO-004611,2026-07-06,M02,P05,Assembly mismatch,1,FAIL
QC-0013834,WO-004612,2026-07-06,M03,P03,Surface finish,2,FAIL
QC-0013835,WO-004612,2026-07-06,M03,P03,Dimensional,1,FAIL
QC-0013836,WO-004612,2026-07-06,M03,P03,Cosmetic,1,FAIL
QC-0013837,WO-004613,2026-07-06,M03,P03,Surface finish,4,FAIL
QC-0013838,WO-004613,2026-07-06,M03,P03,Dimensional,1,FAIL
QC-0013839,WO-004613,2026-07-06,M03,P03,Cosmetic,1,FAIL
QC-0013840,WO-004614,2026-07-06,M04,P04,Weld porosity,5,FAIL
QC-0013841,WO-004614,2026-07-06,M04,P04,Material defect,0,PASS
QC-0013842,WO-004614,2026-07-06,M04,P04,Dimensional,0,PASS
QC-0013843,WO-004615,2026-07-06,M04,P03,Dimensional,2,FAIL
QC-0013844,WO-004615,2026-07-06,M04,P03,Weld porosity,1,FAIL
QC-0013845,WO-004615,2026-07-06,M04,P03,Material defect,3,FAIL
QC-0013846,WO-004616,2026-07-06,M05,P06,Dimensional,7,FAIL
QC-0013847,WO-004616,2026-07-06,M05,P06,Cosmetic,0,PASS
QC-0013848,WO-004616,2026-07-06,M05,P06,Assembly mismatch,0,PASS
QC-0013849,WO-004617,2026-07-06,M05,P05,Material defect,4,FAIL
QC-0013850,WO-004617,2026-07-06,M05,P05,Assembly mismatch,5,FAIL
QC-0013851,WO-004617,2026-07-06,M05,P05,Cosmetic,1,FAIL
QC-0013852,WO-004618,2026-07-06,M06,P05,Material defect,7,FAIL
QC-0013853,WO-004618,2026-07-06,M06,P05,Weld porosity,3,FAIL
QC-0013854,WO-004618,2026-07-06,M06,P05,Dimensional,3,FAIL
QC-0013855,WO-004619,2026-07-06,M06,P05,Material defect,8,FAIL
QC-0013856,WO-004619,2026-07-06,M06,P05,Assembly mismatch,3,FAIL
QC-0013857,WO-004619,2026-07-06,M06,P05,Dimensional,1,FAIL
QC-0013858,WO-004620,2026-07-07,M01,P03,Weld porosity,2,FAIL
QC-0013859,WO-004620,2026-07-07,M01,P03,Surface finish,2,FAIL
QC-0013860,WO-004620,2026-07-07,M01,P03,Cosmetic,1,FAIL
QC-0013861,WO-004621,2026-07-07,M01,P03,Weld porosity,3,FAIL
QC-0013862,WO-004621,2026-07-07,M01,P03,Surface finish,2,FAIL
QC-0013863,WO-004621,2026-07-07,M01,P03,Assembly mismatch,0,PASS
QC-0013864,WO-004622,2026-07-07,M02,P05,Surface finish,5,FAIL
QC-0013865,WO-004622,2026-07-07,M02,P05,Weld porosity,4,FAIL
QC-0013866,WO-004622,2026-07-07,M02,P05,Material defect,3,FAIL
QC-0013867,WO-004623,2026-07-07,M02,P02,Assembly mismatch,2,FAIL
QC-0013868,WO-004623,2026-07-07,M02,P02,Material defect,1,FAIL
QC-0013869,WO-004623,2026-07-07,M02,P02,Cosmetic,2,FAIL
QC-0013870,WO-004624,2026-07-07,M03,P01,Assembly mismatch,1,FAIL
QC-0013871,WO-004624,2026-07-07,M03,P01,Cosmetic,1,FAIL
QC-0013872,WO-004624,2026-07-07,M03,P01,Surface finish,0,PASS
QC-0013873,WO-004625,2026-07-07,M03,P05,Weld porosity,4,FAIL
QC-0013874,WO-004625,2026-07-07,M03,P05,Material defect,3,FAIL
QC-0013875,WO-004625,2026-07-07,M03,P05,Assembly mismatch,1,FAIL
QC-0013876,WO-004626,2026-07-07,M04,P03,Weld porosity,7,FAIL
QC-0013877,WO-004626,2026-07-07,M04,P03,Material defect,3,FAIL
QC-0013878,WO-004626,2026-07-07,M04,P03,Assembly mismatch,3,FAIL
QC-0013879,WO-004627,2026-07-07,M04,P04,Dimensional,4,FAIL
QC-0013880,WO-004627,2026-07-07,M04,P04,Weld porosity,0,PASS
QC-0013881,WO-004627,2026-07-07,M04,P04,Surface finish,1,FAIL
QC-0013882,WO-004628,2026-07-07,M05,P06,Cosmetic,3,FAIL
QC-0013883,WO-004628,2026-07-07,M05,P06,Assembly mismatch,3,FAIL
QC-0013884,WO-004628,2026-07-07,M05,P06,Surface finish,1,FAIL
QC-0013885,WO-004629,2026-07-07,M05,P01,Material defect,1,FAIL
QC-0013886,WO-004629,2026-07-07,M05,P01,Weld porosity,1,FAIL
QC-0013887,WO-004629,2026-07-07,M05,P01,Cosmetic,2,FAIL
QC-0013888,WO-004630,2026-07-07,M06,P04,Surface finish,1,FAIL
QC-0013889,WO-004630,2026-07-07,M06,P04,Dimensional,2,FAIL
QC-0013890,WO-004630,2026-07-07,M06,P04,Weld porosity,1,FAIL
QC-0013891,WO-004631,2026-07-07,M06,P05,Dimensional,5,FAIL
QC-0013892,WO-004631,2026-07-07,M06,P05,Weld porosity,3,FAIL
QC-0013893,WO-004631,2026-07-07,M06,P05,Surface finish,0,PASS
QC-0013894,WO-004632,2026-07-08,M01,P02,Material defect,6,FAIL
QC-0013895,WO-004632,2026-07-08,M01,P02,Assembly mismatch,0,PASS
QC-0013896,WO-004632,2026-07-08,M01,P02,Weld porosity,1,FAIL
QC-0013897,WO-004633,2026-07-08,M01,P02,Assembly mismatch,5,FAIL
QC-0013898,WO-004633,2026-07-08,M01,P02,Weld porosity,2,FAIL
QC-0013899,WO-004633,2026-07-08,M01,P02,Surface finish,0,PASS
QC-0013900,WO-004634,2026-07-08,M02,P01,Material defect,5,FAIL
QC-0013901,WO-004634,2026-07-08,M02,P01,Weld porosity,0,PASS
QC-0013902,WO-004634,2026-07-08,M02,P01,Cosmetic,1,FAIL
QC-0013903,WO-004635,2026-07-08,M02,P01,Cosmetic,5,FAIL
QC-0013904,WO-004635,2026-07-08,M02,P01,Assembly mismatch,2,FAIL
QC-0013905,WO-004635,2026-07-08,M02,P01,Surface finish,0,PASS
QC-0013906,WO-004636,2026-07-08,M03,P01,Assembly mismatch,2,FAIL
QC-0013907,WO-004636,2026-07-08,M03,P01,Surface finish,2,FAIL
QC-0013908,WO-004636,2026-07-08,M03,P01,Dimensional,1,FAIL
QC-0013909,WO-004637,2026-07-08,M03,P05,Cosmetic,6,FAIL
QC-0013910,WO-004637,2026-07-08,M03,P05,Weld porosity,4,FAIL
QC-0013911,WO-004637,2026-07-08,M03,P05,Assembly mismatch,0,PASS
QC-0013912,WO-004638,2026-07-08,M04,P03,Assembly mismatch,6,FAIL
QC-0013913,WO-004638,2026-07-08,M04,P03,Weld porosity,0,PASS
QC-0013914,WO-004638,2026-07-08,M04,P03,Dimensional,3,FAIL
QC-0013915,WO-004639,2026-07-08,M04,P06,Cosmetic,4,FAIL
QC-0013916,WO-004639,2026-07-08,M04,P06,Weld porosity,1,FAIL
QC-0013917,WO-004639,2026-07-08,M04,P06,Dimensional,2,FAIL
QC-0013918,WO-004640,2026-07-08,M05,P01,Material defect,2,FAIL
QC-0013919,WO-004640,2026-07-08,M05,P01,Surface finish,2,FAIL
QC-0013920,WO-004640,2026-07-08,M05,P01,Weld porosity,0,PASS
QC-0013921,WO-004641,2026-07-08,M05,P04,Material defect,4,FAIL
QC-0013922,WO-004641,2026-07-08,M05,P04,Surface finish,1,FAIL
QC-0013923,WO-004641,2026-07-08,M05,P04,Weld porosity,1,FAIL
QC-0013924,WO-004642,2026-07-08,M06,P01,Dimensional,1,FAIL
QC-0013925,WO-004642,2026-07-08,M06,P01,Surface finish,5,FAIL
QC-0013926,WO-004642,2026-07-08,M06,P01,Weld porosity,0,PASS
QC-0013927,WO-004643,2026-07-08,M06,P01,Cosmetic,6,FAIL
QC-0013928,WO-004643,2026-07-08,M06,P01,Weld porosity,1,FAIL
QC-0013929,WO-004643,2026-07-08,M06,P01,Material defect,0,PASS
QC-0013930,WO-004644,2026-07-09,M01,P01,Material defect,5,FAIL
QC-0013931,WO-004644,2026-07-09,M01,P01,Cosmetic,1,FAIL
QC-0013932,WO-004644,2026-07-09,M01,P01,Assembly mismatch,0,PASS
QC-0013933,WO-004645,2026-07-09,M01,P02,Weld porosity,3,FAIL
QC-0013934,WO-004645,2026-07-09,M01,P02,Cosmetic,2,FAIL
QC-0013935,WO-004645,2026-07-09,M01,P02,Surface finish,2,FAIL
QC-0013936,WO-004646,2026-07-09,M02,P05,Surface finish,8,FAIL
QC-0013937,WO-004646,2026-07-09,M02,P05,Cosmetic,2,FAIL
QC-0013938,WO-004646,2026-07-09,M02,P05,Assembly mismatch,1,FAIL
QC-0013939,WO-004647,2026-07-09,M02,P02,Dimensional,5,FAIL
QC-0013940,WO-004647,2026-07-09,M02,P02,Material defect,2,FAIL
QC-0013941,WO-004647,2026-07-09,M02,P02,Cosmetic,0,PASS
QC-0013942,WO-004648,2026-07-09,M03,P03,Weld porosity,4,FAIL
QC-0013943,WO-004648,2026-07-09,M03,P03,Surface finish,3,FAIL
QC-0013944,WO-004648,2026-07-09,M03,P03,Assembly mismatch,0,PASS
QC-0013945,WO-004649,2026-07-09,M04,P04,Assembly mismatch,2,FAIL
QC-0013946,WO-004649,2026-07-09,M04,P04,Surface finish,2,FAIL
QC-0013947,WO-004649,2026-07-09,M04,P04,Weld porosity,0,PASS
QC-0013948,WO-004650,2026-07-09,M04,P06,Weld porosity,4,FAIL
QC-0013949,WO-004650,2026-07-09,M04,P06,Material defect,0,PASS
QC-0013950,WO-004650,2026-07-09,M04,P06,Cosmetic,2,FAIL
QC-0013951,WO-004651,2026-07-09,M05,P04,Material defect,5,FAIL
QC-0013952,WO-004651,2026-07-09,M05,P04,Dimensional,1,FAIL
QC-0013953,WO-004651,2026-07-09,M05,P04,Surface finish,0,PASS
QC-0013954,WO-004652,2026-07-09,M05,P01,Weld porosity,7,FAIL
QC-0013955,WO-004652,2026-07-09,M05,P01,Cosmetic,1,FAIL
QC-0013956,WO-004652,2026-07-09,M05,P01,Dimensional,0,PASS
QC-0013957,WO-004653,2026-07-09,M06,P01,Cosmetic,3,FAIL
QC-0013958,WO-004653,2026-07-09,M06,P01,Weld porosity,1,FAIL
QC-0013959,WO-004653,2026-07-09,M06,P01,Material defect,0,PASS
QC-0013960,WO-004654,2026-07-09,M06,P01,Surface finish,3,FAIL
QC-0013961,WO-004654,2026-07-09,M06,P01,Cosmetic,0,PASS
QC-0013962,WO-004654,2026-07-09,M06,P01,Dimensional,0,PASS
QC-0013963,WO-004655,2026-07-10,M01,P02,Assembly mismatch,4,FAIL
QC-0013964,WO-004655,2026-07-10,M01,P02,Surface finish,1,FAIL
QC-0013965,WO-004655,2026-07-10,M01,P02,Material defect,2,FAIL
QC-0013966,WO-004656,2026-07-10,M01,P02,Weld porosity,7,FAIL
QC-0013967,WO-004656,2026-07-10,M01,P02,Surface finish,2,FAIL
QC-0013968,WO-004656,2026-07-10,M01,P02,Assembly mismatch,0,PASS
QC-0013969,WO-004657,2026-07-10,M02,P02,Dimensional,5,FAIL
QC-0013970,WO-004657,2026-07-10,M02,P02,Surface finish,1,FAIL
QC-0013971,WO-004657,2026-07-10,M02,P02,Material defect,1,FAIL
QC-0013972,WO-004658,2026-07-10,M02,P02,Cosmetic,5,FAIL
QC-0013973,WO-004658,2026-07-10,M02,P02,Weld porosity,2,FAIL
QC-0013974,WO-004658,2026-07-10,M02,P02,Surface finish,0,PASS
QC-0013975,WO-004659,2026-07-10,M03,P03,Cosmetic,4,FAIL
QC-0013976,WO-004659,2026-07-10,M03,P03,Material defect,1,FAIL
QC-0013977,WO-004659,2026-07-10,M03,P03,Assembly mismatch,0,PASS
QC-0013978,WO-004660,2026-07-10,M03,P01,Cosmetic,3,FAIL
QC-0013979,WO-004660,2026-07-10,M03,P01,Weld porosity,1,FAIL
QC-0013980,WO-004660,2026-07-10,M03,P01,Surface finish,0,PASS
QC-0013981,WO-004661,2026-07-10,M04,P04,Assembly mismatch,3,FAIL
QC-0013982,WO-004661,2026-07-10,M04,P04,Weld porosity,1,FAIL
QC-0013983,WO-004661,2026-07-10,M04,P04,Cosmetic,0,PASS
QC-0013984,WO-004662,2026-07-10,M04,P04,Weld porosity,2,FAIL
QC-0013985,WO-004662,2026-07-10,M04,P04,Cosmetic,2,FAIL
QC-0013986,WO-004662,2026-07-10,M04,P04,Material defect,0,PASS
QC-0013987,WO-004663,2026-07-10,M05,P06,Weld porosity,6,FAIL
QC-0013988,WO-004663,2026-07-10,M05,P06,Material defect,1,FAIL
QC-0013989,WO-004663,2026-07-10,M05,P06,Surface finish,0,PASS
QC-0013990,WO-004664,2026-07-10,M05,P01,Material defect,1,FAIL
QC-0013991,WO-004664,2026-07-10,M05,P01,Surface finish,0,PASS
QC-0013992,WO-004664,2026-07-10,M05,P01,Weld porosity,3,FAIL
QC-0013993,WO-004665,2026-07-10,M06,P05,Weld porosity,7,FAIL
QC-0013994,WO-004665,2026-07-10,M06,P05,Assembly mismatch,1,FAIL
QC-0013995,WO-004665,2026-07-10,M06,P05,Material defect,2,FAIL
QC-0013996,WO-004666,2026-07-10,M06,P01,Surface finish,2,FAIL
QC-0013997,WO-004666,2026-07-10,M06,P01,Weld porosity,2,FAIL
QC-0013998,WO-004666,2026-07-10,M06,P01,Cosmetic,1,FAIL
QC-0013999,WO-004667,2026-07-13,M01,P02,Cosmetic,6,FAIL
QC-0014000,WO-004667,2026-07-13,M01,P02,Surface finish,0,PASS
QC-0014001,WO-004667,2026-07-13,M01,P02,Weld porosity,2,FAIL
QC-0014002,WO-004668,2026-07-13,M01,P02,Cosmetic,3,FAIL
QC-0014003,WO-004668,2026-07-13,M01,P02,Assembly mismatch,2,FAIL
QC-0014004,WO-004668,2026-07-13,M01,P02,Surface finish,2,FAIL
QC-0014005,WO-004669,2026-07-13,M02,P01,Material defect,2,FAIL
QC-0014006,WO-004669,2026-07-13,M02,P01,Surface finish,3,FAIL
QC-0014007,WO-004669,2026-07-13,M02,P01,Cosmetic,0,PASS
QC-0014008,WO-004670,2026-07-13,M02,P05,Cosmetic,7,FAIL
QC-0014009,WO-004670,2026-07-13,M02,P05,Dimensional,2,FAIL
QC-0014010,WO-004670,2026-07-13,M02,P05,Surface finish,0,PASS
QC-0014011,WO-004671,2026-07-13,M03,P01,Weld porosity,2,FAIL
QC-0014012,WO-004671,2026-07-13,M03,P01,Assembly mismatch,2,FAIL
QC-0014013,WO-004671,2026-07-13,M03,P01,Surface finish,1,FAIL
QC-0014014,WO-004672,2026-07-13,M03,P01,Dimensional,2,FAIL
QC-0014015,WO-004672,2026-07-13,M03,P01,Material defect,1,FAIL
QC-0014016,WO-004672,2026-07-13,M03,P01,Assembly mismatch,2,FAIL
QC-0014017,WO-004673,2026-07-13,M04,P03,Material defect,5,FAIL
QC-0014018,WO-004673,2026-07-13,M04,P03,Weld porosity,4,FAIL
QC-0014019,WO-004673,2026-07-13,M04,P03,Dimensional,0,PASS
QC-0014020,WO-004674,2026-07-13,M04,P04,Material defect,1,FAIL
QC-0014021,WO-004674,2026-07-13,M04,P04,Assembly mismatch,2,FAIL
QC-0014022,WO-004674,2026-07-13,M04,P04,Weld porosity,2,FAIL
QC-0014023,WO-004675,2026-07-13,M05,P06,Dimensional,0,PASS
QC-0014024,WO-004675,2026-07-13,M05,P06,Material defect,3,FAIL
QC-0014025,WO-004675,2026-07-13,M05,P06,Weld porosity,3,FAIL
QC-0014026,WO-004676,2026-07-13,M05,P05,Cosmetic,6,FAIL
QC-0014027,WO-004676,2026-07-13,M05,P05,Surface finish,3,FAIL
QC-0014028,WO-004676,2026-07-13,M05,P05,Material defect,0,PASS
QC-0014029,WO-004677,2026-07-13,M06,P01,Dimensional,5,FAIL
QC-0014030,WO-004677,2026-07-13,M06,P01,Surface finish,1,FAIL
QC-0014031,WO-004677,2026-07-13,M06,P01,Material defect,0,PASS
QC-0014032,WO-004678,2026-07-13,M06,P05,Dimensional,8,FAIL
QC-0014033,WO-004678,2026-07-13,M06,P05,Weld porosity,3,FAIL
QC-0014034,WO-004678,2026-07-13,M06,P05,Surface finish,1,FAIL
QC-0014035,WO-004679,2026-07-14,M01,P03,Cosmetic,6,FAIL
QC-0014036,WO-004679,2026-07-14,M01,P03,Surface finish,2,FAIL
QC-0014037,WO-004679,2026-07-14,M01,P03,Weld porosity,0,PASS
QC-0014038,WO-004680,2026-07-14,M01,P03,Cosmetic,5,FAIL
QC-0014039,WO-004680,2026-07-14,M01,P03,Surface finish,1,FAIL
QC-0014040,WO-004680,2026-07-14,M01,P03,Weld porosity,1,FAIL
QC-0014041,WO-004681,2026-07-14,M02,P01,Surface finish,1,FAIL
QC-0014042,WO-004681,2026-07-14,M02,P01,Cosmetic,2,FAIL
QC-0014043,WO-004681,2026-07-14,M02,P01,Dimensional,0,PASS
QC-0014044,WO-004682,2026-07-14,M02,P05,Material defect,3,FAIL
QC-0014045,WO-004682,2026-07-14,M02,P05,Assembly mismatch,3,FAIL
QC-0014046,WO-004682,2026-07-14,M02,P05,Weld porosity,0,PASS
QC-0014047,WO-004683,2026-07-14,M03,P03,Surface finish,2,FAIL
QC-0014048,WO-004683,2026-07-14,M03,P03,Cosmetic,1,FAIL
QC-0014049,WO-004683,2026-07-14,M03,P03,Dimensional,0,PASS
QC-0014050,WO-004684,2026-07-14,M03,P05,Dimensional,3,FAIL
QC-0014051,WO-004684,2026-07-14,M03,P05,Cosmetic,2,FAIL
QC-0014052,WO-004684,2026-07-14,M03,P05,Surface finish,2,FAIL
QC-0014053,WO-004685,2026-07-14,M04,P06,Weld porosity,3,FAIL
QC-0014054,WO-004685,2026-07-14,M04,P06,Cosmetic,4,FAIL
QC-0014055,WO-004685,2026-07-14,M04,P06,Surface finish,0,PASS
QC-0014056,WO-004686,2026-07-14,M04,P03,Weld porosity,5,FAIL
QC-0014057,WO-004686,2026-07-14,M04,P03,Cosmetic,2,FAIL
QC-0014058,WO-004686,2026-07-14,M04,P03,Material defect,2,FAIL
QC-0014059,WO-004687,2026-07-14,M05,P01,Weld porosity,2,FAIL
QC-0014060,WO-004687,2026-07-14,M05,P01,Dimensional,0,PASS
QC-0014061,WO-004687,2026-07-14,M05,P01,Material defect,1,FAIL
QC-0014062,WO-004688,2026-07-14,M05,P01,Surface finish,4,FAIL
QC-0014063,WO-004688,2026-07-14,M05,P01,Assembly mismatch,1,FAIL
QC-0014064,WO-004688,2026-07-14,M05,P01,Cosmetic,1,FAIL
QC-0014065,WO-004689,2026-07-14,M06,P04,Material defect,4,FAIL
QC-0014066,WO-004689,2026-07-14,M06,P04,Cosmetic,0,PASS
QC-0014067,WO-004689,2026-07-14,M06,P04,Weld porosity,1,FAIL
QC-0014068,WO-004690,2026-07-14,M06,P04,Assembly mismatch,4,FAIL
QC-0014069,WO-004690,2026-07-14,M06,P04,Material defect,0,PASS
QC-0014070,WO-004690,2026-07-14,M06,P04,Surface finish,0,PASS
QC-0014071,WO-004691,2026-07-15,M01,P01,Cosmetic,2,FAIL
QC-0014072,WO-004691,2026-07-15,M01,P01,Dimensional,3,FAIL
QC-0014073,WO-004691,2026-07-15,M01,P01,Assembly mismatch,1,FAIL
QC-0014074,WO-004692,2026-07-15,M01,P02,Assembly mismatch,3,FAIL
QC-0014075,WO-004692,2026-07-15,M01,P02,Dimensional,0,PASS
QC-0014076,WO-004692,2026-07-15,M01,P02,Material defect,3,FAIL
QC-0014077,WO-004693,2026-07-15,M02,P05,Dimensional,5,FAIL
QC-0014078,WO-004693,2026-07-15,M02,P05,Surface finish,3,FAIL
QC-0014079,WO-004693,2026-07-15,M02,P05,Cosmetic,2,FAIL
QC-0014080,WO-004694,2026-07-15,M02,P02,Surface finish,5,FAIL
QC-0014081,WO-004694,2026-07-15,M02,P02,Material defect,0,PASS
QC-0014082,WO-004694,2026-07-15,M02,P02,Dimensional,1,FAIL
QC-0014083,WO-004695,2026-07-15,M03,P05,Dimensional,4,FAIL
QC-0014084,WO-004695,2026-07-15,M03,P05,Surface finish,3,FAIL
QC-0014085,WO-004695,2026-07-15,M03,P05,Material defect,2,FAIL
QC-0014086,WO-004696,2026-07-15,M03,P05,Assembly mismatch,4,FAIL
QC-0014087,WO-004696,2026-07-15,M03,P05,Dimensional,3,FAIL
QC-0014088,WO-004696,2026-07-15,M03,P05,Material defect,1,FAIL
QC-0014089,WO-004697,2026-07-15,M04,P03,Weld porosity,4,FAIL
QC-0014090,WO-004697,2026-07-15,M04,P03,Assembly mismatch,4,FAIL
QC-0014091,WO-004697,2026-07-15,M04,P03,Surface finish,2,FAIL
QC-0014092,WO-004698,2026-07-15,M04,P03,Surface finish,5,FAIL
QC-0014093,WO-004698,2026-07-15,M04,P03,Weld porosity,3,FAIL
QC-0014094,WO-004698,2026-07-15,M04,P03,Assembly mismatch,4,FAIL
QC-0014095,WO-004699,2026-07-15,M05,P01,Dimensional,2,FAIL
QC-0014096,WO-004699,2026-07-15,M05,P01,Material defect,0,PASS
QC-0014097,WO-004699,2026-07-15,M05,P01,Surface finish,3,FAIL
QC-0014098,WO-004700,2026-07-15,M05,P06,Cosmetic,2,FAIL
QC-0014099,WO-004700,2026-07-15,M05,P06,Dimensional,3,FAIL
QC-0014100,WO-004700,2026-07-15,M05,P06,Weld porosity,1,FAIL
QC-0014101,WO-004701,2026-07-15,M06,P01,Weld porosity,1,FAIL
QC-0014102,WO-004701,2026-07-15,M06,P01,Surface finish,1,FAIL
QC-0014103,WO-004701,2026-07-15,M06,P01,Cosmetic,3,FAIL
QC-0014104,WO-004702,2026-07-15,M06,P05,Weld porosity,6,FAIL
QC-0014105,WO-004702,2026-07-15,M06,P05,Surface finish,5,FAIL
QC-0014106,WO-004702,2026-07-15,M06,P05,Assembly mismatch,1,FAIL
QC-0014107,WO-004703,2026-07-16,M01,P03,Material defect,3,FAIL
QC-0014108,WO-004703,2026-07-16,M01,P03,Cosmetic,3,FAIL
QC-0014109,WO-004703,2026-07-16,M01,P03,Surface finish,2,FAIL
QC-0014110,WO-004704,2026-07-16,M01,P03,Assembly mismatch,6,FAIL
QC-0014111,WO-004704,2026-07-16,M01,P03,Cosmetic,0,PASS
QC-0014112,WO-004704,2026-07-16,M01,P03,Surface finish,1,FAIL
QC-0014113,WO-004705,2026-07-16,M02,P02,Cosmetic,3,FAIL
QC-0014114,WO-004705,2026-07-16,M02,P02,Material defect,3,FAIL
QC-0014115,WO-004705,2026-07-16,M02,P02,Assembly mismatch,0,PASS
QC-0014116,WO-004706,2026-07-16,M02,P02,Dimensional,5,FAIL
QC-0014117,WO-004706,2026-07-16,M02,P02,Assembly mismatch,1,FAIL
QC-0014118,WO-004706,2026-07-16,M02,P02,Material defect,0,PASS
QC-0014119,WO-004707,2026-07-16,M03,P05,Surface finish,7,FAIL
QC-0014120,WO-004707,2026-07-16,M03,P05,Dimensional,2,FAIL
QC-0014121,WO-004707,2026-07-16,M03,P05,Weld porosity,1,FAIL
QC-0014122,WO-004708,2026-07-16,M03,P05,Dimensional,4,FAIL
QC-0014123,WO-004708,2026-07-16,M03,P05,Material defect,3,FAIL
QC-0014124,WO-004708,2026-07-16,M03,P05,Assembly mismatch,2,FAIL
QC-0014125,WO-004709,2026-07-16,M04,P04,Weld porosity,4,FAIL
QC-0014126,WO-004709,2026-07-16,M04,P04,Assembly mismatch,1,FAIL
QC-0014127,WO-004709,2026-07-16,M04,P04,Surface finish,0,PASS
QC-0014128,WO-004710,2026-07-16,M04,P04,Weld porosity,3,FAIL
QC-0014129,WO-004710,2026-07-16,M04,P04,Material defect,3,FAIL
QC-0014130,WO-004710,2026-07-16,M04,P04,Surface finish,0,PASS
QC-0014131,WO-004711,2026-07-16,M05,P04,Weld porosity,4,FAIL
QC-0014132,WO-004711,2026-07-16,M05,P04,Assembly mismatch,1,FAIL
QC-0014133,WO-004711,2026-07-16,M05,P04,Material defect,0,PASS
QC-0014134,WO-004712,2026-07-16,M05,P04,Dimensional,4,FAIL
QC-0014135,WO-004712,2026-07-16,M05,P04,Assembly mismatch,0,PASS
QC-0014136,WO-004712,2026-07-16,M05,P04,Surface finish,0,PASS
QC-0014137,WO-004713,2026-07-16,M06,P05,Assembly mismatch,7,FAIL
QC-0014138,WO-004713,2026-07-16,M06,P05,Surface finish,2,FAIL
QC-0014139,WO-004713,2026-07-16,M06,P05,Dimensional,1,FAIL
QC-0014140,WO-004714,2026-07-16,M06,P05,Material defect,4,FAIL
QC-0014141,WO-004714,2026-07-16,M06,P05,Weld porosity,4,FAIL
QC-0014142,WO-004714,2026-07-16,M06,P05,Dimensional,2,FAIL
QC-0014143,WO-004715,2026-07-17,M01,P01,Dimensional,2,FAIL
QC-0014144,WO-004715,2026-07-17,M01,P01,Material defect,0,PASS
QC-0014145,WO-004715,2026-07-17,M01,P01,Cosmetic,2,FAIL
QC-0014146,WO-004716,2026-07-17,M01,P01,Weld porosity,2,FAIL
QC-0014147,WO-004716,2026-07-17,M01,P01,Surface finish,2,FAIL
QC-0014148,WO-004716,2026-07-17,M01,P01,Dimensional,0,PASS
QC-0014149,WO-004717,2026-07-17,M02,P02,Assembly mismatch,4,FAIL
QC-0014150,WO-004717,2026-07-17,M02,P02,Weld porosity,3,FAIL
QC-0014151,WO-004717,2026-07-17,M02,P02,Surface finish,0,PASS
QC-0014152,WO-004718,2026-07-17,M03,P01,Dimensional,5,FAIL
QC-0014153,WO-004718,2026-07-17,M03,P01,Cosmetic,0,PASS
QC-0014154,WO-004718,2026-07-17,M03,P01,Assembly mismatch,1,FAIL
QC-0014155,WO-004719,2026-07-17,M03,P05,Cosmetic,4,FAIL
QC-0014156,WO-004719,2026-07-17,M03,P05,Material defect,3,FAIL
QC-0014157,WO-004719,2026-07-17,M03,P05,Dimensional,1,FAIL
QC-0014158,WO-004720,2026-07-17,M04,P03,Weld porosity,3,FAIL
QC-0014159,WO-004720,2026-07-17,M04,P03,Dimensional,4,FAIL
QC-0014160,WO-004720,2026-07-17,M04,P03,Surface finish,3,FAIL
QC-0014161,WO-004721,2026-07-17,M04,P03,Dimensional,6,FAIL
QC-0014162,WO-004721,2026-07-17,M04,P03,Weld porosity,1,FAIL
QC-0014163,WO-004721,2026-07-17,M04,P03,Assembly mismatch,1,FAIL
QC-0014164,WO-004722,2026-07-17,M05,P04,Weld porosity,2,FAIL
QC-0014165,WO-004722,2026-07-17,M05,P04,Cosmetic,2,FAIL
QC-0014166,WO-004722,2026-07-17,M05,P04,Surface finish,1,FAIL
QC-0014167,WO-004723,2026-07-17,M05,P05,Material defect,3,FAIL
QC-0014168,WO-004723,2026-07-17,M05,P05,Dimensional,3,FAIL
QC-0014169,WO-004723,2026-07-17,M05,P05,Weld porosity,1,FAIL
QC-0014170,WO-004724,2026-07-17,M06,P04,Assembly mismatch,3,FAIL
QC-0014171,WO-004724,2026-07-17,M06,P04,Surface finish,1,FAIL
QC-0014172,WO-004724,2026-07-17,M06,P04,Material defect,2,FAIL
QC-0014173,WO-004725,2026-07-17,M06,P06,Cosmetic,4,FAIL
QC-0014174,WO-004725,2026-07-17,M06,P06,Assembly mismatch,3,FAIL
QC-0014175,WO-004725,2026-07-17,M06,P06,Weld porosity,1,FAIL
QC-0014176,WO-004726,2026-07-20,M01,P01,Surface finish,1,FAIL
QC-0014177,WO-004726,2026-07-20,M01,P01,Material defect,2,FAIL
QC-0014178,WO-004726,2026-07-20,M01,P01,Cosmetic,0,PASS
QC-0014179,WO-004727,2026-07-20,M01,P01,Weld porosity,5,FAIL
QC-0014180,WO-004727,2026-07-20,M01,P01,Material defect,2,FAIL
QC-0014181,WO-004727,2026-07-20,M01,P01,Assembly mismatch,0,PASS
QC-0014182,WO-004728,2026-07-20,M02,P05,Surface finish,6,FAIL
QC-0014183,WO-004728,2026-07-20,M02,P05,Material defect,2,FAIL
QC-0014184,WO-004728,2026-07-20,M02,P05,Cosmetic,1,FAIL
QC-0014185,WO-004729,2026-07-20,M02,P02,Surface finish,4,FAIL
QC-0014186,WO-004729,2026-07-20,M02,P02,Material defect,1,FAIL
QC-0014187,WO-004729,2026-07-20,M02,P02,Assembly mismatch,0,PASS
QC-0014188,WO-004730,2026-07-20,M03,P03,Material defect,6,FAIL
QC-0014189,WO-004730,2026-07-20,M03,P03,Dimensional,4,FAIL
QC-0014190,WO-004730,2026-07-20,M03,P03,Surface finish,1,FAIL
QC-0014191,WO-004731,2026-07-20,M03,P01,Dimensional,4,FAIL
QC-0014192,WO-004731,2026-07-20,M03,P01,Assembly mismatch,0,PASS
QC-0014193,WO-004731,2026-07-20,M03,P01,Cosmetic,0,PASS
QC-0014194,WO-004732,2026-07-20,M04,P06,Surface finish,3,FAIL
QC-0014195,WO-004732,2026-07-20,M04,P06,Cosmetic,3,FAIL
QC-0014196,WO-004732,2026-07-20,M04,P06,Weld porosity,0,PASS
QC-0014197,WO-004733,2026-07-20,M04,P06,Dimensional,6,FAIL
QC-0014198,WO-004733,2026-07-20,M04,P06,Weld porosity,1,FAIL
QC-0014199,WO-004733,2026-07-20,M04,P06,Cosmetic,0,PASS
QC-0014200,WO-004734,2026-07-20,M05,P04,Weld porosity,3,FAIL
QC-0014201,WO-004734,2026-07-20,M05,P04,Surface finish,2,FAIL
QC-0014202,WO-004734,2026-07-20,M05,P04,Assembly mismatch,0,PASS
QC-0014203,WO-004735,2026-07-20,M05,P06,Material defect,3,FAIL
QC-0014204,WO-004735,2026-07-20,M05,P06,Weld porosity,2,FAIL
QC-0014205,WO-004735,2026-07-20,M05,P06,Assembly mismatch,2,FAIL
QC-0014206,WO-004736,2026-07-20,M06,P05,Cosmetic,6,FAIL
QC-0014207,WO-004736,2026-07-20,M06,P05,Material defect,2,FAIL
QC-0014208,WO-004736,2026-07-20,M06,P05,Weld porosity,1,FAIL
QC-0014209,WO-004737,2026-07-20,M06,P04,Assembly mismatch,1,FAIL
QC-0014210,WO-004737,2026-07-20,M06,P04,Weld porosity,2,FAIL
QC-0014211,WO-004737,2026-07-20,M06,P04,Material defect,1,FAIL
QC-0014212,WO-004738,2026-07-21,M01,P01,Weld porosity,4,FAIL
QC-0014213,WO-004738,2026-07-21,M01,P01,Dimensional,1,FAIL
QC-0014214,WO-004738,2026-07-21,M01,P01,Assembly mismatch,0,PASS
QC-0014215,WO-004739,2026-07-21,M01,P03,Assembly mismatch,5,FAIL
QC-0014216,WO-004739,2026-07-21,M01,P03,Weld porosity,2,FAIL
QC-0014217,WO-004739,2026-07-21,M01,P03,Surface finish,1,FAIL
QC-0014218,WO-004740,2026-07-21,M02,P02,Dimensional,3,FAIL
QC-0014219,WO-004740,2026-07-21,M02,P02,Material defect,3,FAIL
QC-0014220,WO-004740,2026-07-21,M02,P02,Cosmetic,0,PASS
QC-0014221,WO-004741,2026-07-21,M02,P01,Dimensional,5,FAIL
QC-0014222,WO-004741,2026-07-21,M02,P01,Cosmetic,1,FAIL
QC-0014223,WO-004741,2026-07-21,M02,P01,Surface finish,0,PASS
QC-0014224,WO-004742,2026-07-21,M03,P05,Surface finish,8,FAIL
QC-0014225,WO-004742,2026-07-21,M03,P05,Material defect,1,FAIL
QC-0014226,WO-004742,2026-07-21,M03,P05,Dimensional,2,FAIL
QC-0014227,WO-004743,2026-07-21,M03,P01,Surface finish,4,FAIL
QC-0014228,WO-004743,2026-07-21,M03,P01,Dimensional,0,PASS
QC-0014229,WO-004743,2026-07-21,M03,P01,Weld porosity,3,FAIL
QC-0014230,WO-004744,2026-07-21,M04,P04,Dimensional,3,FAIL
QC-0014231,WO-004744,2026-07-21,M04,P04,Weld porosity,2,FAIL
QC-0014232,WO-004744,2026-07-21,M04,P04,Surface finish,1,FAIL
QC-0014233,WO-004745,2026-07-21,M04,P04,Weld porosity,5,FAIL
QC-0014234,WO-004745,2026-07-21,M04,P04,Cosmetic,0,PASS
QC-0014235,WO-004745,2026-07-21,M04,P04,Dimensional,0,PASS
QC-0014236,WO-004746,2026-07-21,M05,P01,Assembly mismatch,4,FAIL
QC-0014237,WO-004746,2026-07-21,M05,P01,Dimensional,0,PASS
QC-0014238,WO-004746,2026-07-21,M05,P01,Weld porosity,0,PASS
QC-0014239,WO-004747,2026-07-21,M05,P06,Dimensional,4,FAIL
QC-0014240,WO-004747,2026-07-21,M05,P06,Surface finish,1,FAIL
QC-0014241,WO-004747,2026-07-21,M05,P06,Cosmetic,2,FAIL
QC-0014242,WO-004748,2026-07-21,M06,P04,Surface finish,3,FAIL
QC-0014243,WO-004748,2026-07-21,M06,P04,Assembly mismatch,3,FAIL
QC-0014244,WO-004748,2026-07-21,M06,P04,Material defect,0,PASS
QC-0014245,WO-004749,2026-07-21,M06,P04,Surface finish,6,FAIL
QC-0014246,WO-004749,2026-07-21,M06,P04,Dimensional,1,FAIL
QC-0014247,WO-004749,2026-07-21,M06,P04,Weld porosity,0,PASS
QC-0014248,WO-004750,2026-07-22,M01,P01,Surface finish,5,FAIL
QC-0014249,WO-004750,2026-07-22,M01,P01,Weld porosity,1,FAIL
QC-0014250,WO-004750,2026-07-22,M01,P01,Material defect,0,PASS
QC-0014251,WO-004751,2026-07-22,M01,P02,Weld porosity,6,FAIL
QC-0014252,WO-004751,2026-07-22,M01,P02,Cosmetic,1,FAIL
QC-0014253,WO-004751,2026-07-22,M01,P02,Dimensional,1,FAIL
QC-0014254,WO-004752,2026-07-22,M02,P05,Dimensional,2,FAIL
QC-0014255,WO-004752,2026-07-22,M02,P05,Weld porosity,5,FAIL
QC-0014256,WO-004752,2026-07-22,M02,P05,Surface finish,3,FAIL
QC-0014257,WO-004753,2026-07-22,M02,P01,Assembly mismatch,4,FAIL
QC-0014258,WO-004753,2026-07-22,M02,P01,Surface finish,2,FAIL
QC-0014259,WO-004753,2026-07-22,M02,P01,Material defect,1,FAIL
QC-0014260,WO-004754,2026-07-22,M03,P01,Assembly mismatch,3,FAIL
QC-0014261,WO-004754,2026-07-22,M03,P01,Cosmetic,0,PASS
QC-0014262,WO-004754,2026-07-22,M03,P01,Surface finish,1,FAIL
QC-0014263,WO-004755,2026-07-22,M03,P03,Material defect,5,FAIL
QC-0014264,WO-004755,2026-07-22,M03,P03,Assembly mismatch,1,FAIL
QC-0014265,WO-004755,2026-07-22,M03,P03,Dimensional,0,PASS
QC-0014266,WO-004756,2026-07-22,M04,P03,Weld porosity,9,FAIL
QC-0014267,WO-004756,2026-07-22,M04,P03,Dimensional,0,PASS
QC-0014268,WO-004756,2026-07-22,M04,P03,Assembly mismatch,1,FAIL
QC-0014269,WO-004757,2026-07-22,M04,P06,Surface finish,4,FAIL
QC-0014270,WO-004757,2026-07-22,M04,P06,Cosmetic,1,FAIL
QC-0014271,WO-004757,2026-07-22,M04,P06,Weld porosity,1,FAIL
QC-0014272,WO-004758,2026-07-22,M05,P06,Cosmetic,4,FAIL
QC-0014273,WO-004758,2026-07-22,M05,P06,Dimensional,1,FAIL
QC-0014274,WO-004758,2026-07-22,M05,P06,Assembly mismatch,1,FAIL
QC-0014275,WO-004759,2026-07-22,M05,P05,Cosmetic,7,FAIL
QC-0014276,WO-004759,2026-07-22,M05,P05,Surface finish,1,FAIL
QC-0014277,WO-004759,2026-07-22,M05,P05,Weld porosity,4,FAIL
QC-0014278,WO-004760,2026-07-22,M06,P06,Assembly mismatch,4,FAIL
QC-0014279,WO-004760,2026-07-22,M06,P06,Material defect,3,FAIL
QC-0014280,WO-004760,2026-07-22,M06,P06,Weld porosity,0,PASS
QC-0014281,WO-004761,2026-07-22,M06,P05,Dimensional,5,FAIL
QC-0014282,WO-004761,2026-07-22,M06,P05,Surface finish,2,FAIL
QC-0014283,WO-004761,2026-07-22,M06,P05,Cosmetic,5,FAIL
QC-0014284,WO-004762,2026-07-23,M01,P03,Assembly mismatch,4,FAIL
QC-0014285,WO-004762,2026-07-23,M01,P03,Dimensional,1,FAIL
QC-0014286,WO-004762,2026-07-23,M01,P03,Material defect,0,PASS
QC-0014287,WO-004763,2026-07-23,M01,P02,Weld porosity,3,FAIL
QC-0014288,WO-004763,2026-07-23,M01,P02,Cosmetic,2,FAIL
QC-0014289,WO-004763,2026-07-23,M01,P02,Assembly mismatch,1,FAIL
QC-0014290,WO-004764,2026-07-23,M02,P01,Assembly mismatch,2,FAIL
QC-0014291,WO-004764,2026-07-23,M02,P01,Material defect,2,FAIL
QC-0014292,WO-004764,2026-07-23,M02,P01,Surface finish,3,FAIL
QC-0014293,WO-004765,2026-07-23,M02,P02,Dimensional,1,FAIL
QC-0014294,WO-004765,2026-07-23,M02,P02,Weld porosity,5,FAIL
QC-0014295,WO-004765,2026-07-23,M02,P02,Cosmetic,0,PASS
QC-0014296,WO-004766,2026-07-23,M03,P03,Weld porosity,5,FAIL
QC-0014297,WO-004766,2026-07-23,M03,P03,Cosmetic,1,FAIL
QC-0014298,WO-004766,2026-07-23,M03,P03,Assembly mismatch,2,FAIL
QC-0014299,WO-004767,2026-07-23,M03,P01,Surface finish,4,FAIL
QC-0014300,WO-004767,2026-07-23,M03,P01,Weld porosity,1,FAIL
QC-0014301,WO-004767,2026-07-23,M03,P01,Cosmetic,0,PASS
QC-0014302,WO-004768,2026-07-23,M04,P06,Assembly mismatch,3,FAIL
QC-0014303,WO-004768,2026-07-23,M04,P06,Surface finish,3,FAIL
QC-0014304,WO-004768,2026-07-23,M04,P06,Weld porosity,1,FAIL
QC-0014305,WO-004769,2026-07-23,M04,P06,Weld porosity,5,FAIL
QC-0014306,WO-004769,2026-07-23,M04,P06,Assembly mismatch,1,FAIL
QC-0014307,WO-004769,2026-07-23,M04,P06,Material defect,0,PASS
QC-0014308,WO-004770,2026-07-23,M05,P01,Surface finish,1,FAIL
QC-0014309,WO-004770,2026-07-23,M05,P01,Assembly mismatch,0,PASS
QC-0014310,WO-004770,2026-07-23,M05,P01,Material defect,1,FAIL
QC-0014311,WO-004771,2026-07-23,M05,P06,Cosmetic,5,FAIL
QC-0014312,WO-004771,2026-07-23,M05,P06,Material defect,2,FAIL
QC-0014313,WO-004771,2026-07-23,M05,P06,Surface finish,1,FAIL
QC-0014314,WO-004772,2026-07-23,M06,P01,Weld porosity,4,FAIL
QC-0014315,WO-004772,2026-07-23,M06,P01,Cosmetic,2,FAIL
QC-0014316,WO-004772,2026-07-23,M06,P01,Surface finish,1,FAIL
QC-0014317,WO-004773,2026-07-23,M06,P06,Cosmetic,2,FAIL
QC-0014318,WO-004773,2026-07-23,M06,P06,Surface finish,2,FAIL
QC-0014319,WO-004773,2026-07-23,M06,P06,Weld porosity,3,FAIL
QC-0014320,WO-004774,2026-07-24,M01,P02,Assembly mismatch,6,FAIL
QC-0014321,WO-004774,2026-07-24,M01,P02,Cosmetic,1,FAIL
QC-0014322,WO-004774,2026-07-24,M01,P02,Weld porosity,0,PASS
QC-0014323,WO-004775,2026-07-24,M01,P02,Surface finish,3,FAIL
QC-0014324,WO-004775,2026-07-24,M01,P02,Cosmetic,2,FAIL
QC-0014325,WO-004775,2026-07-24,M01,P02,Assembly mismatch,1,FAIL
QC-0014326,WO-004776,2026-07-24,M02,P05,Assembly mismatch,7,FAIL
QC-0014327,WO-004776,2026-07-24,M02,P05,Material defect,2,FAIL
QC-0014328,WO-004776,2026-07-24,M02,P05,Cosmetic,0,PASS
QC-0014329,WO-004777,2026-07-24,M02,P02,Assembly mismatch,3,FAIL
QC-0014330,WO-004777,2026-07-24,M02,P02,Surface finish,1,FAIL
QC-0014331,WO-004777,2026-07-24,M02,P02,Cosmetic,1,FAIL
QC-0014332,WO-004778,2026-07-24,M03,P01,Assembly mismatch,2,FAIL
QC-0014333,WO-004778,2026-07-24,M03,P01,Material defect,1,FAIL
QC-0014334,WO-004778,2026-07-24,M03,P01,Cosmetic,2,FAIL
QC-0014335,WO-004779,2026-07-24,M03,P05,Weld porosity,1,FAIL
QC-0014336,WO-004779,2026-07-24,M03,P05,Dimensional,5,FAIL
QC-0014337,WO-004779,2026-07-24,M03,P05,Assembly mismatch,2,FAIL
QC-0014338,WO-004780,2026-07-24,M04,P06,Weld porosity,6,FAIL
QC-0014339,WO-004780,2026-07-24,M04,P06,Surface finish,1,FAIL
QC-0014340,WO-004780,2026-07-24,M04,P06,Cosmetic,1,FAIL
QC-0014341,WO-004781,2026-07-24,M04,P03,Cosmetic,6,FAIL
QC-0014342,WO-004781,2026-07-24,M04,P03,Weld porosity,4,FAIL
QC-0014343,WO-004781,2026-07-24,M04,P03,Assembly mismatch,1,FAIL
QC-0014344,WO-004782,2026-07-24,M05,P05,Assembly mismatch,8,FAIL
QC-0014345,WO-004782,2026-07-24,M05,P05,Surface finish,1,FAIL
QC-0014346,WO-004782,2026-07-24,M05,P05,Weld porosity,0,PASS
QC-0014347,WO-004783,2026-07-24,M05,P06,Surface finish,5,FAIL
QC-0014348,WO-004783,2026-07-24,M05,P06,Dimensional,2,FAIL
QC-0014349,WO-004783,2026-07-24,M05,P06,Assembly mismatch,0,PASS
QC-0014350,WO-004784,2026-07-24,M06,P01,Cosmetic,4,FAIL
QC-0014351,WO-004784,2026-07-24,M06,P01,Surface finish,0,PASS
QC-0014352,WO-004784,2026-07-24,M06,P01,Dimensional,0,PASS
QC-0014353,WO-004785,2026-07-24,M06,P01,Cosmetic,2,FAIL
QC-0014354,WO-004785,2026-07-24,M06,P01,Dimensional,2,FAIL
QC-0014355,WO-004785,2026-07-24,M06,P01,Weld porosity,2,FAIL
QC-0014356,WO-004786,2026-07-27,M01,P02,Dimensional,8,FAIL
QC-0014357,WO-004786,2026-07-27,M01,P02,Surface finish,0,PASS
QC-0014358,WO-004786,2026-07-27,M01,P02,Assembly mismatch,0,PASS
QC-0014359,WO-004787,2026-07-27,M01,P03,Material defect,2,FAIL
QC-0014360,WO-004787,2026-07-27,M01,P03,Surface finish,1,FAIL
QC-0014361,WO-004787,2026-07-27,M01,P03,Weld porosity,2,FAIL
QC-0014362,WO-004788,2026-07-27,M02,P01,Material defect,2,FAIL
QC-0014363,WO-004788,2026-07-27,M02,P01,Dimensional,3,FAIL
QC-0014364,WO-004788,2026-07-27,M02,P01,Weld porosity,0,PASS
QC-0014365,WO-004789,2026-07-27,M02,P05,Material defect,6,FAIL
QC-0014366,WO-004789,2026-07-27,M02,P05,Cosmetic,4,FAIL
QC-0014367,WO-004789,2026-07-27,M02,P05,Dimensional,1,FAIL
QC-0014368,WO-004790,2026-07-27,M03,P01,Cosmetic,2,FAIL
QC-0014369,WO-004790,2026-07-27,M03,P01,Dimensional,2,FAIL
QC-0014370,WO-004790,2026-07-27,M03,P01,Weld porosity,1,FAIL
QC-0014371,WO-004791,2026-07-27,M03,P01,Weld porosity,4,FAIL
QC-0014372,WO-004791,2026-07-27,M03,P01,Material defect,1,FAIL
QC-0014373,WO-004791,2026-07-27,M03,P01,Cosmetic,2,FAIL
QC-0014374,WO-004792,2026-07-27,M04,P06,Dimensional,4,FAIL
QC-0014375,WO-004792,2026-07-27,M04,P06,Weld porosity,2,FAIL
QC-0014376,WO-004792,2026-07-27,M04,P06,Material defect,1,FAIL
QC-0014377,WO-004793,2026-07-27,M04,P03,Weld porosity,7,FAIL
QC-0014378,WO-004793,2026-07-27,M04,P03,Material defect,4,FAIL
QC-0014379,WO-004793,2026-07-27,M04,P03,Cosmetic,0,PASS
QC-0014380,WO-004794,2026-07-27,M05,P01,Surface finish,3,FAIL
QC-0014381,WO-004794,2026-07-27,M05,P01,Cosmetic,0,PASS
QC-0014382,WO-004794,2026-07-27,M05,P01,Assembly mismatch,1,FAIL
QC-0014383,WO-004795,2026-07-27,M05,P04,Dimensional,3,FAIL
QC-0014384,WO-004795,2026-07-27,M05,P04,Material defect,1,FAIL
QC-0014385,WO-004795,2026-07-27,M05,P04,Cosmetic,1,FAIL
QC-0014386,WO-004796,2026-07-27,M06,P01,Assembly mismatch,4,FAIL
QC-0014387,WO-004796,2026-07-27,M06,P01,Dimensional,2,FAIL
QC-0014388,WO-004796,2026-07-27,M06,P01,Material defect,0,PASS
QC-0014389,WO-004797,2026-07-27,M06,P05,Dimensional,2,FAIL
QC-0014390,WO-004797,2026-07-27,M06,P05,Material defect,4,FAIL
QC-0014391,WO-004797,2026-07-27,M06,P05,Assembly mismatch,1,FAIL
QC-0014392,WO-004798,2026-07-28,M01,P02,Weld porosity,2,FAIL
QC-0014393,WO-004798,2026-07-28,M01,P02,Cosmetic,2,FAIL
QC-0014394,WO-004798,2026-07-28,M01,P02,Material defect,0,PASS
QC-0014395,WO-004799,2026-07-28,M01,P02,Material defect,3,FAIL
QC-0014396,WO-004799,2026-07-28,M01,P02,Dimensional,1,FAIL
QC-0014397,WO-004799,2026-07-28,M01,P02,Cosmetic,2,FAIL
QC-0014398,WO-004800,2026-07-28,M02,P01,Surface finish,4,FAIL
QC-0014399,WO-004800,2026-07-28,M02,P01,Assembly mismatch,1,FAIL
QC-0014400,WO-004800,2026-07-28,M02,P01,Weld porosity,0,PASS
QC-0014401,WO-004801,2026-07-28,M02,P05,Dimensional,4,FAIL
QC-0014402,WO-004801,2026-07-28,M02,P05,Cosmetic,5,FAIL
QC-0014403,WO-004801,2026-07-28,M02,P05,Weld porosity,2,FAIL
QC-0014404,WO-004802,2026-07-28,M03,P01,Material defect,3,FAIL
QC-0014405,WO-004802,2026-07-28,M03,P01,Surface finish,1,FAIL
QC-0014406,WO-004802,2026-07-28,M03,P01,Weld porosity,0,PASS
QC-0014407,WO-004803,2026-07-28,M03,P05,Material defect,6,FAIL
QC-0014408,WO-004803,2026-07-28,M03,P05,Dimensional,1,FAIL
QC-0014409,WO-004803,2026-07-28,M03,P05,Surface finish,4,FAIL
QC-0014410,WO-004804,2026-07-28,M04,P06,Assembly mismatch,6,FAIL
QC-0014411,WO-004804,2026-07-28,M04,P06,Weld porosity,1,FAIL
QC-0014412,WO-004804,2026-07-28,M04,P06,Material defect,1,FAIL
QC-0014413,WO-004805,2026-07-28,M04,P04,Material defect,4,FAIL
QC-0014414,WO-004805,2026-07-28,M04,P04,Weld porosity,2,FAIL
QC-0014415,WO-004805,2026-07-28,M04,P04,Surface finish,0,PASS
QC-0014416,WO-004806,2026-07-28,M05,P06,Cosmetic,6,FAIL
QC-0014417,WO-004806,2026-07-28,M05,P06,Surface finish,0,PASS
QC-0014418,WO-004806,2026-07-28,M05,P06,Assembly mismatch,2,FAIL
QC-0014419,WO-004807,2026-07-28,M05,P04,Cosmetic,4,FAIL
QC-0014420,WO-004807,2026-07-28,M05,P04,Assembly mismatch,0,PASS
QC-0014421,WO-004807,2026-07-28,M05,P04,Material defect,0,PASS
QC-0014422,WO-004808,2026-07-28,M06,P05,Dimensional,8,FAIL
QC-0014423,WO-004808,2026-07-28,M06,P05,Assembly mismatch,3,FAIL
QC-0014424,WO-004808,2026-07-28,M06,P05,Cosmetic,2,FAIL
QC-0014425,WO-004809,2026-07-28,M06,P05,Weld porosity,4,FAIL
QC-0014426,WO-004809,2026-07-28,M06,P05,Material defect,5,FAIL
QC-0014427,WO-004809,2026-07-28,M06,P05,Cosmetic,0,PASS
QC-0014428,WO-004810,2026-07-29,M01,P02,Dimensional,4,FAIL
QC-0014429,WO-004810,2026-07-29,M01,P02,Weld porosity,0,PASS
QC-0014430,WO-004810,2026-07-29,M01,P02,Surface finish,1,FAIL
QC-0014431,WO-004811,2026-07-29,M01,P01,Material defect,2,FAIL
QC-0014432,WO-004811,2026-07-29,M01,P01,Cosmetic,2,FAIL
QC-0014433,WO-004811,2026-07-29,M01,P01,Assembly mismatch,1,FAIL
QC-0014434,WO-004812,2026-07-29,M02,P05,Surface finish,7,FAIL
QC-0014435,WO-004812,2026-07-29,M02,P05,Dimensional,1,FAIL
QC-0014436,WO-004812,2026-07-29,M02,P05,Weld porosity,1,FAIL
QC-0014437,WO-004813,2026-07-29,M03,P03,Assembly mismatch,6,FAIL
QC-0014438,WO-004813,2026-07-29,M03,P03,Dimensional,1,FAIL
QC-0014439,WO-004813,2026-07-29,M03,P03,Material defect,1,FAIL
QC-0014440,WO-004814,2026-07-29,M03,P01,Dimensional,3,FAIL
QC-0014441,WO-004814,2026-07-29,M03,P01,Weld porosity,2,FAIL
QC-0014442,WO-004814,2026-07-29,M03,P01,Cosmetic,2,FAIL
QC-0014443,WO-004815,2026-07-29,M04,P04,Weld porosity,3,FAIL
QC-0014444,WO-004815,2026-07-29,M04,P04,Cosmetic,1,FAIL
QC-0014445,WO-004815,2026-07-29,M04,P04,Material defect,1,FAIL
QC-0014446,WO-004816,2026-07-29,M04,P06,Weld porosity,5,FAIL
QC-0014447,WO-004816,2026-07-29,M04,P06,Surface finish,2,FAIL
QC-0014448,WO-004816,2026-07-29,M04,P06,Dimensional,0,PASS
QC-0014449,WO-004817,2026-07-29,M05,P01,Surface finish,2,FAIL
QC-0014450,WO-004817,2026-07-29,M05,P01,Assembly mismatch,3,FAIL
QC-0014451,WO-004817,2026-07-29,M05,P01,Dimensional,0,PASS
QC-0014452,WO-004818,2026-07-29,M06,P01,Dimensional,4,FAIL
QC-0014453,WO-004818,2026-07-29,M06,P01,Assembly mismatch,0,PASS
QC-0014454,WO-004818,2026-07-29,M06,P01,Surface finish,1,FAIL
QC-0014455,WO-004819,2026-07-29,M06,P04,Cosmetic,2,FAIL
QC-0014456,WO-004819,2026-07-29,M06,P04,Material defect,1,FAIL
QC-0014457,WO-004819,2026-07-29,M06,P04,Weld porosity,1,FAIL
QC-0014458,WO-004820,2026-07-30,M01,P01,Cosmetic,0,PASS
QC-0014459,WO-004820,2026-07-30,M01,P01,Material defect,5,FAIL
QC-0014460,WO-004820,2026-07-30,M01,P01,Assembly mismatch,2,FAIL
QC-0014461,WO-004821,2026-07-30,M01,P03,Cosmetic,4,FAIL
QC-0014462,WO-004821,2026-07-30,M01,P03,Dimensional,3,FAIL
QC-0014463,WO-004821,2026-07-30,M01,P03,Weld porosity,2,FAIL
QC-0014464,WO-004822,2026-07-30,M02,P05,Surface finish,5,FAIL
QC-0014465,WO-004822,2026-07-30,M02,P05,Assembly mismatch,2,FAIL
QC-0014466,WO-004822,2026-07-30,M02,P05,Cosmetic,0,PASS
QC-0014467,WO-004823,2026-07-30,M03,P05,Weld porosity,10,FAIL
QC-0014468,WO-004823,2026-07-30,M03,P05,Dimensional,3,FAIL
QC-0014469,WO-004823,2026-07-30,M03,P05,Cosmetic,1,FAIL
QC-0014470,WO-004824,2026-07-30,M03,P05,Material defect,4,FAIL
QC-0014471,WO-004824,2026-07-30,M03,P05,Dimensional,3,FAIL
QC-0014472,WO-004824,2026-07-30,M03,P05,Surface finish,2,FAIL
QC-0014473,WO-004825,2026-07-30,M04,P03,Weld porosity,3,FAIL
QC-0014474,WO-004825,2026-07-30,M04,P03,Assembly mismatch,5,FAIL
QC-0014475,WO-004825,2026-07-30,M04,P03,Material defect,3,FAIL
QC-0014476,WO-004826,2026-07-30,M04,P06,Weld porosity,3,FAIL
QC-0014477,WO-004826,2026-07-30,M04,P06,Assembly mismatch,3,FAIL
QC-0014478,WO-004826,2026-07-30,M04,P06,Surface finish,1,FAIL
QC-0014479,WO-004827,2026-07-30,M05,P06,Dimensional,3,FAIL
QC-0014480,WO-004827,2026-07-30,M05,P06,Cosmetic,3,FAIL
QC-0014481,WO-004827,2026-07-30,M05,P06,Material defect,1,FAIL
QC-0014482,WO-004828,2026-07-30,M05,P04,Material defect,2,FAIL
QC-0014483,WO-004828,2026-07-30,M05,P04,Surface finish,2,FAIL
QC-0014484,WO-004828,2026-07-30,M05,P04,Weld porosity,0,PASS
QC-0014485,WO-004829,2026-07-30,M06,P04,Weld porosity,4,FAIL
QC-0014486,WO-004829,2026-07-30,M06,P04,Cosmetic,1,FAIL
QC-0014487,WO-004829,2026-07-30,M06,P04,Assembly mismatch,1,FAIL
QC-0014488,WO-004830,2026-07-30,M06,P05,Surface finish,8,FAIL
QC-0014489,WO-004830,2026-07-30,M06,P05,Cosmetic,1,FAIL
QC-0014490,WO-004830,2026-07-30,M06,P05,Assembly mismatch,3,FAIL
QC-0014491,WO-004831,2026-07-31,M01,P03,Assembly mismatch,2,FAIL
QC-0014492,WO-004831,2026-07-31,M01,P03,Weld porosity,4,FAIL
QC-0014493,WO-004831,2026-07-31,M01,P03,Dimensional,1,FAIL
QC-0014494,WO-004832,2026-07-31,M01,P03,Surface finish,7,FAIL
QC-0014495,WO-004832,2026-07-31,M01,P03,Cosmetic,2,FAIL
QC-0014496,WO-004832,2026-07-31,M01,P03,Material defect,1,FAIL
QC-0014497,WO-004833,2026-07-31,M02,P02,Surface finish,2,FAIL
QC-0014498,WO-004833,2026-07-31,M02,P02,Weld porosity,3,FAIL
QC-0014499,WO-004833,2026-07-31,M02,P02,Assembly mismatch,1,FAIL
QC-0014500,WO-004834,2026-07-31,M02,P01,Cosmetic,5,FAIL
QC-0014501,WO-004834,2026-07-31,M02,P01,Weld porosity,0,PASS
QC-0014502,WO-004834,2026-07-31,M02,P01,Surface finish,1,FAIL
QC-0014503,WO-004835,2026-07-31,M03,P01,Cosmetic,5,FAIL
QC-0014504,WO-004835,2026-07-31,M03,P01,Material defect,2,FAIL
QC-0014505,WO-004835,2026-07-31,M03,P01,Surface finish,0,PASS
QC-0014506,WO-004836,2026-07-31,M03,P03,Weld porosity,8,FAIL
QC-0014507,WO-004836,2026-07-31,M03,P03,Surface finish,0,PASS
QC-0014508,WO-004836,2026-07-31,M03,P03,Assembly mismatch,4,FAIL
QC-0014509,WO-004837,2026-07-31,M04,P06,Weld porosity,5,FAIL
QC-0014510,WO-004837,2026-07-31,M04,P06,Surface finish,3,FAIL
QC-0014511,WO-004837,2026-07-31,M04,P06,Dimensional,0,PASS
QC-0014512,WO-004838,2026-07-31,M04,P03,Cosmetic,7,FAIL
QC-0014513,WO-004838,2026-07-31,M04,P03,Weld porosity,2,FAIL
QC-0014514,WO-004838,2026-07-31,M04,P03,Surface finish,1,FAIL
QC-0014515,WO-004839,2026-07-31,M05,P01,Dimensional,2,FAIL
QC-0014516,WO-004839,2026-07-31,M05,P01,Surface finish,1,FAIL
QC-0014517,WO-004839,2026-07-31,M05,P01,Cosmetic,1,FAIL
QC-0014518,WO-004840,2026-07-31,M05,P06,Surface finish,2,FAIL
QC-0014519,WO-004840,2026-07-31,M05,P06,Material defect,3,FAIL
QC-0014520,WO-004840,2026-07-31,M05,P06,Weld porosity,2,FAIL
QC-0014521,WO-004841,2026-07-31,M06,P01,Assembly mismatch,4,FAIL
QC-0014522,WO-004841,2026-07-31,M06,P01,Weld porosity,2,FAIL
QC-0014523,WO-004841,2026-07-31,M06,P01,Material defect,0,PASS
QC-0014524,WO-004842,2026-07-31,M06,P01,Surface finish,5,FAIL
QC-0014525,WO-004842,2026-07-31,M06,P01,Dimensional,2,FAIL
QC-0014526,WO-004842,2026-07-31,M06,P01,Assembly mismatch,1,FAIL
QC-0014527,WO-004843,2026-08-03,M01,P03,Weld porosity,3,FAIL
QC-0014528,WO-004843,2026-08-03,M01,P03,Assembly mismatch,2,FAIL
QC-0014529,WO-004843,2026-08-03,M01,P03,Surface finish,0,PASS
QC-0014530,WO-004844,2026-08-03,M01,P01,Surface finish,4,FAIL
QC-0014531,WO-004844,2026-08-03,M01,P01,Weld porosity,1,FAIL
QC-0014532,WO-004844,2026-08-03,M01,P01,Dimensional,0,PASS
QC-0014533,WO-004845,2026-08-03,M02,P05,Weld porosity,3,FAIL
QC-0014534,WO-004845,2026-08-03,M02,P05,Material defect,3,FAIL
QC-0014535,WO-004845,2026-08-03,M02,P05,Cosmetic,2,FAIL
QC-0014536,WO-004846,2026-08-03,M02,P05,Weld porosity,2,FAIL
QC-0014537,WO-004846,2026-08-03,M02,P05,Surface finish,6,FAIL
QC-0014538,WO-004846,2026-08-03,M02,P05,Cosmetic,1,FAIL
QC-0014539,WO-004847,2026-08-03,M03,P01,Material defect,3,FAIL
QC-0014540,WO-004847,2026-08-03,M03,P01,Weld porosity,2,FAIL
QC-0014541,WO-004847,2026-08-03,M03,P01,Surface finish,3,FAIL
QC-0014542,WO-004848,2026-08-03,M03,P01,Material defect,3,FAIL
QC-0014543,WO-004848,2026-08-03,M03,P01,Cosmetic,1,FAIL
QC-0014544,WO-004848,2026-08-03,M03,P01,Surface finish,1,FAIL
QC-0014545,WO-004849,2026-08-03,M04,P04,Surface finish,3,FAIL
QC-0014546,WO-004849,2026-08-03,M04,P04,Weld porosity,1,FAIL
QC-0014547,WO-004849,2026-08-03,M04,P04,Dimensional,1,FAIL
QC-0014548,WO-004850,2026-08-03,M04,P04,Surface finish,4,FAIL
QC-0014549,WO-004850,2026-08-03,M04,P04,Dimensional,0,PASS
QC-0014550,WO-004850,2026-08-03,M04,P04,Weld porosity,2,FAIL
QC-0014551,WO-004851,2026-08-03,M05,P06,Dimensional,3,FAIL
QC-0014552,WO-004851,2026-08-03,M05,P06,Assembly mismatch,2,FAIL
QC-0014553,WO-004851,2026-08-03,M05,P06,Cosmetic,2,FAIL
QC-0014554,WO-004852,2026-08-03,M05,P06,Weld porosity,7,FAIL
QC-0014555,WO-004852,2026-08-03,M05,P06,Cosmetic,0,PASS
QC-0014556,WO-004852,2026-08-03,M05,P06,Material defect,0,PASS
QC-0014557,WO-004853,2026-08-03,M06,P06,Cosmetic,5,FAIL
QC-0014558,WO-004853,2026-08-03,M06,P06,Surface finish,2,FAIL
QC-0014559,WO-004853,2026-08-03,M06,P06,Weld porosity,2,FAIL
QC-0014560,WO-004854,2026-08-04,M01,P02,Material defect,2,FAIL
QC-0014561,WO-004854,2026-08-04,M01,P02,Surface finish,1,FAIL
QC-0014562,WO-004854,2026-08-04,M01,P02,Weld porosity,1,FAIL
QC-0014563,WO-004855,2026-08-04,M01,P03,Material defect,6,FAIL
QC-0014564,WO-004855,2026-08-04,M01,P03,Assembly mismatch,1,FAIL
QC-0014565,WO-004855,2026-08-04,M01,P03,Weld porosity,2,FAIL
QC-0014566,WO-004856,2026-08-04,M02,P05,Dimensional,4,FAIL
QC-0014567,WO-004856,2026-08-04,M02,P05,Material defect,5,FAIL
QC-0014568,WO-004856,2026-08-04,M02,P05,Weld porosity,1,FAIL
QC-0014569,WO-004857,2026-08-04,M03,P01,Dimensional,2,FAIL
QC-0014570,WO-004857,2026-08-04,M03,P01,Weld porosity,1,FAIL
QC-0014571,WO-004857,2026-08-04,M03,P01,Cosmetic,0,PASS
QC-0014572,WO-004858,2026-08-04,M03,P01,Material defect,4,FAIL
QC-0014573,WO-004858,2026-08-04,M03,P01,Cosmetic,3,FAIL
QC-0014574,WO-004858,2026-08-04,M03,P01,Weld porosity,0,PASS
QC-0014575,WO-004859,2026-08-04,M04,P06,Assembly mismatch,4,FAIL
QC-0014576,WO-004859,2026-08-04,M04,P06,Material defect,0,PASS
QC-0014577,WO-004859,2026-08-04,M04,P06,Weld porosity,2,FAIL
QC-0014578,WO-004860,2026-08-04,M04,P06,Weld porosity,1,FAIL
QC-0014579,WO-004860,2026-08-04,M04,P06,Dimensional,4,FAIL
QC-0014580,WO-004860,2026-08-04,M04,P06,Surface finish,2,FAIL
QC-0014581,WO-004861,2026-08-04,M05,P04,Material defect,2,FAIL
QC-0014582,WO-004861,2026-08-04,M05,P04,Assembly mismatch,1,FAIL
QC-0014583,WO-004861,2026-08-04,M05,P04,Cosmetic,0,PASS
QC-0014584,WO-004862,2026-08-04,M06,P01,Dimensional,5,FAIL
QC-0014585,WO-004862,2026-08-04,M06,P01,Weld porosity,1,FAIL
QC-0014586,WO-004862,2026-08-04,M06,P01,Material defect,0,PASS
QC-0014587,WO-004863,2026-08-04,M06,P05,Cosmetic,5,FAIL
QC-0014588,WO-004863,2026-08-04,M06,P05,Dimensional,0,PASS
QC-0014589,WO-004863,2026-08-04,M06,P05,Assembly mismatch,2,FAIL
QC-0014590,WO-004864,2026-08-05,M01,P01,Material defect,3,FAIL
QC-0014591,WO-004864,2026-08-05,M01,P01,Weld porosity,1,FAIL
QC-0014592,WO-004864,2026-08-05,M01,P01,Cosmetic,2,FAIL
QC-0014593,WO-004865,2026-08-05,M01,P01,Cosmetic,3,FAIL
QC-0014594,WO-004865,2026-08-05,M01,P01,Surface finish,3,FAIL
QC-0014595,WO-004865,2026-08-05,M01,P01,Assembly mismatch,1,FAIL
QC-0014596,WO-004866,2026-08-05,M02,P02,Assembly mismatch,2,FAIL
QC-0014597,WO-004866,2026-08-05,M02,P02,Material defect,1,FAIL
QC-0014598,WO-004866,2026-08-05,M02,P02,Weld porosity,2,FAIL
QC-0014599,WO-004867,2026-08-05,M02,P05,Cosmetic,8,FAIL
QC-0014600,WO-004867,2026-08-05,M02,P05,Dimensional,1,FAIL
QC-0014601,WO-004867,2026-08-05,M02,P05,Surface finish,1,FAIL
QC-0014602,WO-004868,2026-08-05,M03,P03,Surface finish,3,FAIL
QC-0014603,WO-004868,2026-08-05,M03,P03,Weld porosity,1,FAIL
QC-0014604,WO-004868,2026-08-05,M03,P03,Dimensional,0,PASS
QC-0014605,WO-004869,2026-08-05,M03,P01,Weld porosity,6,FAIL
QC-0014606,WO-004869,2026-08-05,M03,P01,Assembly mismatch,0,PASS
QC-0014607,WO-004869,2026-08-05,M03,P01,Dimensional,0,PASS
QC-0014608,WO-004870,2026-08-05,M04,P03,Weld porosity,5,FAIL
QC-0014609,WO-004870,2026-08-05,M04,P03,Material defect,1,FAIL
QC-0014610,WO-004870,2026-08-05,M04,P03,Assembly mismatch,1,FAIL
QC-0014611,WO-004871,2026-08-05,M04,P06,Dimensional,3,FAIL
QC-0014612,WO-004871,2026-08-05,M04,P06,Assembly mismatch,3,FAIL
QC-0014613,WO-004871,2026-08-05,M04,P06,Weld porosity,1,FAIL
QC-0014614,WO-004872,2026-08-05,M05,P06,Dimensional,4,FAIL
QC-0014615,WO-004872,2026-08-05,M05,P06,Weld porosity,3,FAIL
QC-0014616,WO-004872,2026-08-05,M05,P06,Cosmetic,0,PASS
QC-0014617,WO-004873,2026-08-05,M05,P05,Cosmetic,6,FAIL
QC-0014618,WO-004873,2026-08-05,M05,P05,Dimensional,3,FAIL
QC-0014619,WO-004873,2026-08-05,M05,P05,Material defect,2,FAIL
QC-0014620,WO-004874,2026-08-05,M06,P05,Cosmetic,6,FAIL
QC-0014621,WO-004874,2026-08-05,M06,P05,Surface finish,4,FAIL
QC-0014622,WO-004874,2026-08-05,M06,P05,Material defect,1,FAIL
QC-0014623,WO-004875,2026-08-05,M06,P05,Material defect,5,FAIL
QC-0014624,WO-004875,2026-08-05,M06,P05,Dimensional,3,FAIL
QC-0014625,WO-004875,2026-08-05,M06,P05,Assembly mismatch,4,FAIL
QC-0014626,WO-004876,2026-08-06,M01,P02,Weld porosity,3,FAIL
QC-0014627,WO-004876,2026-08-06,M01,P02,Surface finish,0,PASS
QC-0014628,WO-004876,2026-08-06,M01,P02,Material defect,1,FAIL
QC-0014629,WO-004877,2026-08-06,M01,P02,Weld porosity,1,FAIL
QC-0014630,WO-004877,2026-08-06,M01,P02,Material defect,4,FAIL
QC-0014631,WO-004877,2026-08-06,M01,P02,Assembly mismatch,0,PASS
QC-0014632,WO-004878,2026-08-06,M02,P01,Assembly mismatch,1,FAIL
QC-0014633,WO-004878,2026-08-06,M02,P01,Surface finish,2,FAIL
QC-0014634,WO-004878,2026-08-06,M02,P01,Cosmetic,0,PASS
QC-0014635,WO-004879,2026-08-06,M02,P01,Dimensional,2,FAIL
QC-0014636,WO-004879,2026-08-06,M02,P01,Surface finish,2,FAIL
QC-0014637,WO-004879,2026-08-06,M02,P01,Weld porosity,1,FAIL
QC-0014638,WO-004880,2026-08-06,M03,P01,Assembly mismatch,6,FAIL
QC-0014639,WO-004880,2026-08-06,M03,P01,Dimensional,0,PASS
QC-0014640,WO-004880,2026-08-06,M03,P01,Surface finish,0,PASS
QC-0014641,WO-004881,2026-08-06,M03,P01,Dimensional,7,FAIL
QC-0014642,WO-004881,2026-08-06,M03,P01,Assembly mismatch,0,PASS
QC-0014643,WO-004881,2026-08-06,M03,P01,Weld porosity,0,PASS
QC-0014644,WO-004882,2026-08-06,M04,P03,Weld porosity,8,FAIL
QC-0014645,WO-004882,2026-08-06,M04,P03,Material defect,0,PASS
QC-0014646,WO-004882,2026-08-06,M04,P03,Assembly mismatch,0,PASS
QC-0014647,WO-004883,2026-08-06,M04,P03,Weld porosity,2,FAIL
QC-0014648,WO-004883,2026-08-06,M04,P03,Material defect,3,FAIL
QC-0014649,WO-004883,2026-08-06,M04,P03,Surface finish,4,FAIL
QC-0014650,WO-004884,2026-08-06,M05,P04,Weld porosity,2,FAIL
QC-0014651,WO-004884,2026-08-06,M05,P04,Cosmetic,0,PASS
QC-0014652,WO-004884,2026-08-06,M05,P04,Dimensional,1,FAIL
QC-0014653,WO-004885,2026-08-06,M05,P04,Material defect,3,FAIL
QC-0014654,WO-004885,2026-08-06,M05,P04,Cosmetic,1,FAIL
QC-0014655,WO-004885,2026-08-06,M05,P04,Surface finish,0,PASS
QC-0014656,WO-004886,2026-08-06,M06,P06,Weld porosity,6,FAIL
QC-0014657,WO-004886,2026-08-06,M06,P06,Assembly mismatch,1,FAIL
QC-0014658,WO-004886,2026-08-06,M06,P06,Surface finish,1,FAIL
QC-0014659,WO-004887,2026-08-06,M06,P05,Dimensional,6,FAIL
QC-0014660,WO-004887,2026-08-06,M06,P05,Cosmetic,2,FAIL
QC-0014661,WO-004887,2026-08-06,M06,P05,Material defect,2,FAIL
QC-0014662,WO-004888,2026-08-07,M01,P03,Material defect,2,FAIL
QC-0014663,WO-004888,2026-08-07,M01,P03,Assembly mismatch,1,FAIL
QC-0014664,WO-004888,2026-08-07,M01,P03,Dimensional,0,PASS
QC-0014665,WO-004889,2026-08-07,M01,P03,Material defect,3,FAIL
QC-0014666,WO-004889,2026-08-07,M01,P03,Surface finish,2,FAIL
QC-0014667,WO-004889,2026-08-07,M01,P03,Cosmetic,3,FAIL
QC-0014668,WO-004890,2026-08-07,M02,P05,Surface finish,5,FAIL
QC-0014669,WO-004890,2026-08-07,M02,P05,Dimensional,2,FAIL
QC-0014670,WO-004890,2026-08-07,M02,P05,Material defect,1,FAIL
QC-0014671,WO-004891,2026-08-07,M02,P02,Dimensional,3,FAIL
QC-0014672,WO-004891,2026-08-07,M02,P02,Surface finish,0,PASS
QC-0014673,WO-004891,2026-08-07,M02,P02,Assembly mismatch,2,FAIL
QC-0014674,WO-004892,2026-08-07,M03,P05,Weld porosity,9,FAIL
QC-0014675,WO-004892,2026-08-07,M03,P05,Dimensional,1,FAIL
QC-0014676,WO-004892,2026-08-07,M03,P05,Cosmetic,1,FAIL
QC-0014677,WO-004893,2026-08-07,M03,P03,Cosmetic,1,FAIL
QC-0014678,WO-004893,2026-08-07,M03,P03,Weld porosity,2,FAIL
QC-0014679,WO-004893,2026-08-07,M03,P03,Dimensional,0,PASS
QC-0014680,WO-004894,2026-08-07,M04,P03,Weld porosity,4,FAIL
QC-0014681,WO-004894,2026-08-07,M04,P03,Assembly mismatch,1,FAIL
QC-0014682,WO-004894,2026-08-07,M04,P03,Cosmetic,1,FAIL
QC-0014683,WO-004895,2026-08-07,M04,P04,Weld porosity,5,FAIL
QC-0014684,WO-004895,2026-08-07,M04,P04,Assembly mismatch,0,PASS
QC-0014685,WO-004895,2026-08-07,M04,P04,Cosmetic,0,PASS
QC-0014686,WO-004896,2026-08-07,M05,P05,Material defect,6,FAIL
QC-0014687,WO-004896,2026-08-07,M05,P05,Weld porosity,1,FAIL
QC-0014688,WO-004896,2026-08-07,M05,P05,Assembly mismatch,0,PASS
QC-0014689,WO-004897,2026-08-07,M05,P01,Weld porosity,3,FAIL
QC-0014690,WO-004897,2026-08-07,M05,P01,Cosmetic,2,FAIL
QC-0014691,WO-004897,2026-08-07,M05,P01,Material defect,2,FAIL
QC-0014692,WO-004898,2026-08-07,M06,P04,Dimensional,2,FAIL
QC-0014693,WO-004898,2026-08-07,M06,P04,Cosmetic,1,FAIL
QC-0014694,WO-004898,2026-08-07,M06,P04,Weld porosity,1,FAIL
QC-0014695,WO-004899,2026-08-10,M01,P02,Material defect,4,FAIL
QC-0014696,WO-004899,2026-08-10,M01,P02,Dimensional,1,FAIL
QC-0014697,WO-004899,2026-08-10,M01,P02,Weld porosity,2,FAIL
QC-0014698,WO-004900,2026-08-10,M01,P03,Weld porosity,6,FAIL
QC-0014699,WO-004900,2026-08-10,M01,P03,Cosmetic,2,FAIL
QC-0014700,WO-004900,2026-08-10,M01,P03,Material defect,0,PASS
QC-0014701,WO-004901,2026-08-10,M02,P05,Assembly mismatch,7,FAIL
QC-0014702,WO-004901,2026-08-10,M02,P05,Dimensional,2,FAIL
QC-0014703,WO-004901,2026-08-10,M02,P05,Material defect,1,FAIL
QC-0014704,WO-004902,2026-08-10,M02,P01,Weld porosity,1,FAIL
QC-0014705,WO-004902,2026-08-10,M02,P01,Cosmetic,2,FAIL
QC-0014706,WO-004902,2026-08-10,M02,P01,Surface finish,3,FAIL
QC-0014707,WO-004903,2026-08-10,M03,P05,Assembly mismatch,4,FAIL
QC-0014708,WO-004903,2026-08-10,M03,P05,Weld porosity,3,FAIL
QC-0014709,WO-004903,2026-08-10,M03,P05,Dimensional,2,FAIL
QC-0014710,WO-004904,2026-08-10,M03,P01,Surface finish,5,FAIL
QC-0014711,WO-004904,2026-08-10,M03,P01,Material defect,1,FAIL
QC-0014712,WO-004904,2026-08-10,M03,P01,Dimensional,0,PASS
QC-0014713,WO-004905,2026-08-10,M04,P06,Assembly mismatch,5,FAIL
QC-0014714,WO-004905,2026-08-10,M04,P06,Weld porosity,2,FAIL
QC-0014715,WO-004905,2026-08-10,M04,P06,Cosmetic,0,PASS
QC-0014716,WO-004906,2026-08-10,M04,P04,Weld porosity,1,FAIL
QC-0014717,WO-004906,2026-08-10,M04,P04,Assembly mismatch,4,FAIL
QC-0014718,WO-004906,2026-08-10,M04,P04,Surface finish,0,PASS
QC-0014719,WO-004907,2026-08-10,M05,P06,Dimensional,3,FAIL
QC-0014720,WO-004907,2026-08-10,M05,P06,Weld porosity,4,FAIL
QC-0014721,WO-004907,2026-08-10,M05,P06,Surface finish,0,PASS
QC-0014722,WO-004908,2026-08-10,M05,P04,Cosmetic,2,FAIL
QC-0014723,WO-004908,2026-08-10,M05,P04,Dimensional,3,FAIL
QC-0014724,WO-004908,2026-08-10,M05,P04,Surface finish,0,PASS
QC-0014725,WO-004909,2026-08-10,M06,P06,Assembly mismatch,4,FAIL
QC-0014726,WO-004909,2026-08-10,M06,P06,Surface finish,4,FAIL
QC-0014727,WO-004909,2026-08-10,M06,P06,Weld porosity,0,PASS
QC-0014728,WO-004910,2026-08-10,M06,P01,Assembly mismatch,4,FAIL
QC-0014729,WO-004910,2026-08-10,M06,P01,Cosmetic,0,PASS
QC-0014730,WO-004910,2026-08-10,M06,P01,Dimensional,3,FAIL
QC-0014731,WO-004911,2026-08-11,M01,P03,Cosmetic,2,FAIL
QC-0014732,WO-004911,2026-08-11,M01,P03,Weld porosity,1,FAIL
QC-0014733,WO-004911,2026-08-11,M01,P03,Dimensional,0,PASS
QC-0014734,WO-004912,2026-08-11,M01,P02,Weld porosity,4,FAIL
QC-0014735,WO-004912,2026-08-11,M01,P02,Material defect,1,FAIL
QC-0014736,WO-004912,2026-08-11,M01,P02,Surface finish,0,PASS
QC-0014737,WO-004913,2026-08-11,M02,P01,Weld porosity,4,FAIL
QC-0014738,WO-004913,2026-08-11,M02,P01,Cosmetic,1,FAIL
QC-0014739,WO-004913,2026-08-11,M02,P01,Dimensional,1,FAIL
QC-0014740,WO-004914,2026-08-11,M02,P02,Cosmetic,3,FAIL
QC-0014741,WO-004914,2026-08-11,M02,P02,Assembly mismatch,1,FAIL
QC-0014742,WO-004914,2026-08-11,M02,P02,Surface finish,1,FAIL
QC-0014743,WO-004915,2026-08-11,M03,P05,Cosmetic,6,FAIL
QC-0014744,WO-004915,2026-08-11,M03,P05,Assembly mismatch,4,FAIL
QC-0014745,WO-004915,2026-08-11,M03,P05,Surface finish,1,FAIL
QC-0014746,WO-004916,2026-08-11,M03,P01,Surface finish,5,FAIL
QC-0014747,WO-004916,2026-08-11,M03,P01,Dimensional,1,FAIL
QC-0014748,WO-004916,2026-08-11,M03,P01,Weld porosity,0,PASS
QC-0014749,WO-004917,2026-08-11,M04,P03,Weld porosity,5,FAIL
QC-0014750,WO-004917,2026-08-11,M04,P03,Cosmetic,4,FAIL
QC-0014751,WO-004917,2026-08-11,M04,P03,Material defect,1,FAIL
QC-0014752,WO-004918,2026-08-11,M04,P03,Weld porosity,11,FAIL
QC-0014753,WO-004918,2026-08-11,M04,P03,Cosmetic,1,FAIL
QC-0014754,WO-004918,2026-08-11,M04,P03,Surface finish,1,FAIL
QC-0014755,WO-004919,2026-08-11,M05,P04,Dimensional,3,FAIL
QC-0014756,WO-004919,2026-08-11,M05,P04,Cosmetic,1,FAIL
QC-0014757,WO-004919,2026-08-11,M05,P04,Material defect,0,PASS
QC-0014758,WO-004920,2026-08-11,M05,P04,Cosmetic,0,PASS
QC-0014759,WO-004920,2026-08-11,M05,P04,Surface finish,3,FAIL
QC-0014760,WO-004920,2026-08-11,M05,P04,Assembly mismatch,0,PASS
QC-0014761,WO-004921,2026-08-11,M06,P06,Weld porosity,5,FAIL
QC-0014762,WO-004921,2026-08-11,M06,P06,Material defect,1,FAIL
QC-0014763,WO-004921,2026-08-11,M06,P06,Surface finish,1,FAIL
QC-0014764,WO-004922,2026-08-11,M06,P04,Assembly mismatch,1,FAIL
QC-0014765,WO-004922,2026-08-11,M06,P04,Surface finish,3,FAIL
QC-0014766,WO-004922,2026-08-11,M06,P04,Dimensional,0,PASS
QC-0014767,WO-004923,2026-08-12,M01,P01,Dimensional,3,FAIL
QC-0014768,WO-004923,2026-08-12,M01,P01,Weld porosity,0,PASS
QC-0014769,WO-004923,2026-08-12,M01,P01,Material defect,1,FAIL
QC-0014770,WO-004924,2026-08-12,M01,P02,Weld porosity,2,FAIL
QC-0014771,WO-004924,2026-08-12,M01,P02,Surface finish,2,FAIL
QC-0014772,WO-004924,2026-08-12,M01,P02,Material defect,2,FAIL
QC-0014773,WO-004925,2026-08-12,M02,P01,Cosmetic,3,FAIL
QC-0014774,WO-004925,2026-08-12,M02,P01,Weld porosity,0,PASS
QC-0014775,WO-004925,2026-08-12,M02,P01,Assembly mismatch,0,PASS
QC-0014776,WO-004926,2026-08-12,M02,P01,Material defect,4,FAIL
QC-0014777,WO-004926,2026-08-12,M02,P01,Surface finish,1,FAIL
QC-0014778,WO-004926,2026-08-12,M02,P01,Weld porosity,1,FAIL
QC-0014779,WO-004927,2026-08-12,M03,P03,Weld porosity,2,FAIL
QC-0014780,WO-004927,2026-08-12,M03,P03,Assembly mismatch,1,FAIL
QC-0014781,WO-004927,2026-08-12,M03,P03,Dimensional,2,FAIL
QC-0014782,WO-004928,2026-08-12,M03,P01,Assembly mismatch,3,FAIL
QC-0014783,WO-004928,2026-08-12,M03,P01,Material defect,3,FAIL
QC-0014784,WO-004928,2026-08-12,M03,P01,Cosmetic,0,PASS
QC-0014785,WO-004929,2026-08-12,M04,P03,Weld porosity,7,FAIL
QC-0014786,WO-004929,2026-08-12,M04,P03,Material defect,0,PASS
QC-0014787,WO-004929,2026-08-12,M04,P03,Assembly mismatch,1,FAIL
QC-0014788,WO-004930,2026-08-12,M04,P04,Cosmetic,2,FAIL
QC-0014789,WO-004930,2026-08-12,M04,P04,Weld porosity,2,FAIL
QC-0014790,WO-004930,2026-08-12,M04,P04,Material defect,0,PASS
QC-0014791,WO-004931,2026-08-12,M05,P01,Surface finish,3,FAIL
QC-0014792,WO-004931,2026-08-12,M05,P01,Assembly mismatch,0,PASS
QC-0014793,WO-004931,2026-08-12,M05,P01,Dimensional,1,FAIL
QC-0014794,WO-004932,2026-08-12,M05,P05,Weld porosity,5,FAIL
QC-0014795,WO-004932,2026-08-12,M05,P05,Surface finish,4,FAIL
QC-0014796,WO-004932,2026-08-12,M05,P05,Assembly mismatch,1,FAIL
QC-0014797,WO-004933,2026-08-12,M06,P04,Cosmetic,4,FAIL
QC-0014798,WO-004933,2026-08-12,M06,P04,Surface finish,0,PASS
QC-0014799,WO-004933,2026-08-12,M06,P04,Weld porosity,1,FAIL
QC-0014800,WO-004934,2026-08-12,M06,P04,Surface finish,3,FAIL
QC-0014801,WO-004934,2026-08-12,M06,P04,Assembly mismatch,2,FAIL
QC-0014802,WO-004934,2026-08-12,M06,P04,Material defect,0,PASS
QC-0014803,WO-004935,2026-08-13,M01,P02,Weld porosity,4,FAIL
QC-0014804,WO-004935,2026-08-13,M01,P02,Dimensional,3,FAIL
QC-0014805,WO-004935,2026-08-13,M01,P02,Cosmetic,0,PASS
QC-0014806,WO-004936,2026-08-13,M01,P02,Weld porosity,5,FAIL
QC-0014807,WO-004936,2026-08-13,M01,P02,Assembly mismatch,1,FAIL
QC-0014808,WO-004936,2026-08-13,M01,P02,Surface finish,1,FAIL
QC-0014809,WO-004937,2026-08-13,M02,P02,Assembly mismatch,4,FAIL
QC-0014810,WO-004937,2026-08-13,M02,P02,Surface finish,0,PASS
QC-0014811,WO-004937,2026-08-13,M02,P02,Material defect,0,PASS
QC-0014812,WO-004938,2026-08-13,M02,P02,Weld porosity,4,FAIL
QC-0014813,WO-004938,2026-08-13,M02,P02,Dimensional,1,FAIL
QC-0014814,WO-004938,2026-08-13,M02,P02,Assembly mismatch,0,PASS
QC-0014815,WO-004939,2026-08-13,M03,P03,Assembly mismatch,7,FAIL
QC-0014816,WO-004939,2026-08-13,M03,P03,Surface finish,3,FAIL
QC-0014817,WO-004939,2026-08-13,M03,P03,Cosmetic,0,PASS
QC-0014818,WO-004940,2026-08-13,M03,P03,Weld porosity,1,FAIL
QC-0014819,WO-004940,2026-08-13,M03,P03,Dimensional,2,FAIL
QC-0014820,WO-004940,2026-08-13,M03,P03,Material defect,1,FAIL
QC-0014821,WO-004941,2026-08-13,M04,P06,Surface finish,4,FAIL
QC-0014822,WO-004941,2026-08-13,M04,P06,Dimensional,2,FAIL
QC-0014823,WO-004941,2026-08-13,M04,P06,Weld porosity,0,PASS
QC-0014824,WO-004942,2026-08-13,M05,P06,Cosmetic,6,FAIL
QC-0014825,WO-004942,2026-08-13,M05,P06,Material defect,0,PASS
QC-0014826,WO-004942,2026-08-13,M05,P06,Weld porosity,0,PASS
QC-0014827,WO-004943,2026-08-13,M05,P06,Cosmetic,3,FAIL
QC-0014828,WO-004943,2026-08-13,M05,P06,Assembly mismatch,4,FAIL
QC-0014829,WO-004943,2026-08-13,M05,P06,Surface finish,1,FAIL
QC-0014830,WO-004944,2026-08-13,M06,P06,Material defect,5,FAIL
QC-0014831,WO-004944,2026-08-13,M06,P06,Cosmetic,1,FAIL
QC-0014832,WO-004944,2026-08-13,M06,P06,Dimensional,2,FAIL
QC-0014833,WO-004945,2026-08-14,M01,P01,Material defect,3,FAIL
QC-0014834,WO-004945,2026-08-14,M01,P01,Surface finish,1,FAIL
QC-0014835,WO-004945,2026-08-14,M01,P01,Dimensional,0,PASS
QC-0014836,WO-004946,2026-08-14,M01,P01,Cosmetic,5,FAIL
QC-0014837,WO-004946,2026-08-14,M01,P01,Weld porosity,1,FAIL
QC-0014838,WO-004946,2026-08-14,M01,P01,Assembly mismatch,1,FAIL
QC-0014839,WO-004947,2026-08-14,M02,P02,Surface finish,6,FAIL
QC-0014840,WO-004947,2026-08-14,M02,P02,Assembly mismatch,0,PASS
QC-0014841,WO-004947,2026-08-14,M02,P02,Material defect,0,PASS
QC-0014842,WO-004948,2026-08-14,M02,P05,Cosmetic,5,FAIL
QC-0014843,WO-004948,2026-08-14,M02,P05,Material defect,4,FAIL
QC-0014844,WO-004948,2026-08-14,M02,P05,Dimensional,0,PASS
QC-0014845,WO-004949,2026-08-14,M03,P05,Surface finish,2,FAIL
QC-0014846,WO-004949,2026-08-14,M03,P05,Assembly mismatch,4,FAIL
QC-0014847,WO-004949,2026-08-14,M03,P05,Material defect,1,FAIL
QC-0014848,WO-004950,2026-08-14,M03,P03,Surface finish,3,FAIL
QC-0014849,WO-004950,2026-08-14,M03,P03,Assembly mismatch,4,FAIL
QC-0014850,WO-004950,2026-08-14,M03,P03,Cosmetic,0,PASS
QC-0014851,WO-004951,2026-08-14,M04,P06,Weld porosity,3,FAIL
QC-0014852,WO-004951,2026-08-14,M04,P06,Assembly mismatch,4,FAIL
QC-0014853,WO-004951,2026-08-14,M04,P06,Surface finish,1,FAIL
QC-0014854,WO-004952,2026-08-14,M04,P06,Cosmetic,4,FAIL
QC-0014855,WO-004952,2026-08-14,M04,P06,Weld porosity,1,FAIL
QC-0014856,WO-004952,2026-08-14,M04,P06,Material defect,1,FAIL
QC-0014857,WO-004953,2026-08-14,M05,P06,Material defect,5,FAIL
QC-0014858,WO-004953,2026-08-14,M05,P06,Assembly mismatch,2,FAIL
QC-0014859,WO-004953,2026-08-14,M05,P06,Dimensional,0,PASS
QC-0014860,WO-004954,2026-08-14,M06,P06,Weld porosity,4,FAIL
QC-0014861,WO-004954,2026-08-14,M06,P06,Surface finish,1,FAIL
QC-0014862,WO-004954,2026-08-14,M06,P06,Material defect,3,FAIL
QC-0014863,WO-004955,2026-08-14,M06,P05,Weld porosity,8,FAIL
QC-0014864,WO-004955,2026-08-14,M06,P05,Dimensional,0,PASS
QC-0014865,WO-004955,2026-08-14,M06,P05,Assembly mismatch,1,FAIL
QC-0014866,WO-004956,2026-08-17,M01,P03,Surface finish,1,FAIL
QC-0014867,WO-004956,2026-08-17,M01,P03,Dimensional,4,FAIL
QC-0014868,WO-004956,2026-08-17,M01,P03,Weld porosity,2,FAIL
QC-0014869,WO-004957,2026-08-17,M01,P02,Dimensional,3,FAIL
QC-0014870,WO-004957,2026-08-17,M01,P02,Surface finish,3,FAIL
QC-0014871,WO-004957,2026-08-17,M01,P02,Cosmetic,1,FAIL
QC-0014872,WO-004958,2026-08-17,M02,P01,Weld porosity,2,FAIL
QC-0014873,WO-004958,2026-08-17,M02,P01,Dimensional,1,FAIL
QC-0014874,WO-004958,2026-08-17,M02,P01,Assembly mismatch,1,FAIL
QC-0014875,WO-004959,2026-08-17,M02,P05,Surface finish,6,FAIL
QC-0014876,WO-004959,2026-08-17,M02,P05,Assembly mismatch,4,FAIL
QC-0014877,WO-004959,2026-08-17,M02,P05,Weld porosity,1,FAIL
QC-0014878,WO-004960,2026-08-17,M03,P03,Surface finish,2,FAIL
QC-0014879,WO-004960,2026-08-17,M03,P03,Material defect,1,FAIL
QC-0014880,WO-004960,2026-08-17,M03,P03,Weld porosity,0,PASS
QC-0014881,WO-004961,2026-08-17,M03,P05,Cosmetic,5,FAIL
QC-0014882,WO-004961,2026-08-17,M03,P05,Dimensional,2,FAIL
QC-0014883,WO-004961,2026-08-17,M03,P05,Assembly mismatch,2,FAIL
QC-0014884,WO-004962,2026-08-17,M04,P06,Dimensional,2,FAIL
QC-0014885,WO-004962,2026-08-17,M04,P06,Surface finish,2,FAIL
QC-0014886,WO-004962,2026-08-17,M04,P06,Weld porosity,2,FAIL
QC-0014887,WO-004963,2026-08-17,M04,P04,Weld porosity,2,FAIL
QC-0014888,WO-004963,2026-08-17,M04,P04,Assembly mismatch,1,FAIL
QC-0014889,WO-004963,2026-08-17,M04,P04,Surface finish,1,FAIL
QC-0014890,WO-004964,2026-08-17,M05,P05,Surface finish,5,FAIL
QC-0014891,WO-004964,2026-08-17,M05,P05,Cosmetic,1,FAIL
QC-0014892,WO-004964,2026-08-17,M05,P05,Dimensional,2,FAIL
QC-0014893,WO-004965,2026-08-17,M05,P04,Dimensional,6,FAIL
QC-0014894,WO-004965,2026-08-17,M05,P04,Surface finish,0,PASS
QC-0014895,WO-004965,2026-08-17,M05,P04,Weld porosity,0,PASS
QC-0014896,WO-004966,2026-08-17,M06,P04,Surface finish,2,FAIL
QC-0014897,WO-004966,2026-08-17,M06,P04,Cosmetic,1,FAIL
QC-0014898,WO-004966,2026-08-17,M06,P04,Material defect,0,PASS
QC-0014899,WO-004967,2026-08-17,M06,P05,Material defect,3,FAIL
QC-0014900,WO-004967,2026-08-17,M06,P05,Surface finish,5,FAIL
QC-0014901,WO-004967,2026-08-17,M06,P05,Assembly mismatch,2,FAIL
QC-0014902,WO-004968,2026-08-18,M01,P03,Weld porosity,2,FAIL
QC-0014903,WO-004968,2026-08-18,M01,P03,Cosmetic,0,PASS
QC-0014904,WO-004968,2026-08-18,M01,P03,Material defect,4,FAIL
QC-0014905,WO-004969,2026-08-18,M01,P01,Dimensional,2,FAIL
QC-0014906,WO-004969,2026-08-18,M01,P01,Cosmetic,2,FAIL
QC-0014907,WO-004969,2026-08-18,M01,P01,Surface finish,1,FAIL
QC-0014908,WO-004970,2026-08-18,M02,P02,Assembly mismatch,0,PASS
QC-0014909,WO-004970,2026-08-18,M02,P02,Dimensional,4,FAIL
QC-0014910,WO-004970,2026-08-18,M02,P02,Cosmetic,0,PASS
QC-0014911,WO-004971,2026-08-18,M02,P01,Surface finish,0,PASS
QC-0014912,WO-004971,2026-08-18,M02,P01,Cosmetic,0,PASS
QC-0014913,WO-004971,2026-08-18,M02,P01,Weld porosity,4,FAIL
QC-0014914,WO-004972,2026-08-18,M03,P03,Cosmetic,7,FAIL
QC-0014915,WO-004972,2026-08-18,M03,P03,Assembly mismatch,1,FAIL
QC-0014916,WO-004972,2026-08-18,M03,P03,Dimensional,2,FAIL
QC-0014917,WO-004973,2026-08-18,M03,P01,Material defect,2,FAIL
QC-0014918,WO-004973,2026-08-18,M03,P01,Weld porosity,1,FAIL
QC-0014919,WO-004973,2026-08-18,M03,P01,Assembly mismatch,0,PASS
QC-0014920,WO-004974,2026-08-18,M04,P06,Dimensional,1,FAIL
QC-0014921,WO-004974,2026-08-18,M04,P06,Weld porosity,5,FAIL
QC-0014922,WO-004974,2026-08-18,M04,P06,Assembly mismatch,2,FAIL
QC-0014923,WO-004975,2026-08-18,M04,P04,Cosmetic,4,FAIL
QC-0014924,WO-004975,2026-08-18,M04,P04,Weld porosity,2,FAIL
QC-0014925,WO-004975,2026-08-18,M04,P04,Assembly mismatch,0,PASS
QC-0014926,WO-004976,2026-08-18,M05,P05,Material defect,6,FAIL
QC-0014927,WO-004976,2026-08-18,M05,P05,Surface finish,1,FAIL
QC-0014928,WO-004976,2026-08-18,M05,P05,Dimensional,3,FAIL
QC-0014929,WO-004977,2026-08-18,M05,P04,Surface finish,4,FAIL
QC-0014930,WO-004977,2026-08-18,M05,P04,Material defect,1,FAIL
QC-0014931,WO-004977,2026-08-18,M05,P04,Assembly mismatch,0,PASS
QC-0014932,WO-004978,2026-08-18,M06,P06,Cosmetic,3,FAIL
QC-0014933,WO-004978,2026-08-18,M06,P06,Material defect,3,FAIL
QC-0014934,WO-004978,2026-08-18,M06,P06,Assembly mismatch,2,FAIL
QC-0014935,WO-004979,2026-08-18,M06,P04,Assembly mismatch,4,FAIL
QC-0014936,WO-004979,2026-08-18,M06,P04,Dimensional,0,PASS
QC-0014937,WO-004979,2026-08-18,M06,P04,Weld porosity,1,FAIL
QC-0014938,WO-004980,2026-08-19,M01,P02,Dimensional,3,FAIL
QC-0014939,WO-004980,2026-08-19,M01,P02,Material defect,3,FAIL
QC-0014940,WO-004980,2026-08-19,M01,P02,Weld porosity,0,PASS
QC-0014941,WO-004981,2026-08-19,M01,P03,Surface finish,6,FAIL
QC-0014942,WO-004981,2026-08-19,M01,P03,Weld porosity,1,FAIL
QC-0014943,WO-004981,2026-08-19,M01,P03,Assembly mismatch,4,FAIL
QC-0014944,WO-004982,2026-08-19,M02,P05,Surface finish,4,FAIL
QC-0014945,WO-004982,2026-08-19,M02,P05,Cosmetic,1,FAIL
QC-0014946,WO-004982,2026-08-19,M02,P05,Material defect,2,FAIL
QC-0014947,WO-004983,2026-08-19,M02,P01,Cosmetic,2,FAIL
QC-0014948,WO-004983,2026-08-19,M02,P01,Surface finish,2,FAIL
QC-0014949,WO-004983,2026-08-19,M02,P01,Material defect,2,FAIL
QC-0014950,WO-004984,2026-08-19,M03,P03,Cosmetic,6,FAIL
QC-0014951,WO-004984,2026-08-19,M03,P03,Surface finish,1,FAIL
QC-0014952,WO-004984,2026-08-19,M03,P03,Dimensional,1,FAIL
QC-0014953,WO-004985,2026-08-19,M03,P05,Assembly mismatch,8,FAIL
QC-0014954,WO-004985,2026-08-19,M03,P05,Cosmetic,4,FAIL
QC-0014955,WO-004985,2026-08-19,M03,P05,Dimensional,1,FAIL
QC-0014956,WO-004986,2026-08-19,M04,P04,Weld porosity,2,FAIL
QC-0014957,WO-004986,2026-08-19,M04,P04,Surface finish,1,FAIL
QC-0014958,WO-004986,2026-08-19,M04,P04,Dimensional,2,FAIL
QC-0014959,WO-004987,2026-08-19,M04,P04,Weld porosity,4,FAIL
QC-0014960,WO-004987,2026-08-19,M04,P04,Assembly mismatch,1,FAIL
QC-0014961,WO-004987,2026-08-19,M04,P04,Cosmetic,1,FAIL
QC-0014962,WO-004988,2026-08-19,M05,P01,Weld porosity,3,FAIL
QC-0014963,WO-004988,2026-08-19,M05,P01,Cosmetic,1,FAIL
QC-0014964,WO-004988,2026-08-19,M05,P01,Dimensional,0,PASS
QC-0014965,WO-004989,2026-08-19,M05,P06,Weld porosity,5,FAIL
QC-0014966,WO-004989,2026-08-19,M05,P06,Cosmetic,3,FAIL
QC-0014967,WO-004989,2026-08-19,M05,P06,Assembly mismatch,0,PASS
QC-0014968,WO-004990,2026-08-19,M06,P05,Assembly mismatch,6,FAIL
QC-0014969,WO-004990,2026-08-19,M06,P05,Dimensional,2,FAIL
QC-0014970,WO-004990,2026-08-19,M06,P05,Material defect,1,FAIL
QC-0014971,WO-004991,2026-08-19,M06,P01,Cosmetic,4,FAIL
QC-0014972,WO-004991,2026-08-19,M06,P01,Surface finish,1,FAIL
QC-0014973,WO-004991,2026-08-19,M06,P01,Material defect,1,FAIL
QC-0014974,WO-004992,2026-08-20,M01,P03,Material defect,3,FAIL
QC-0014975,WO-004992,2026-08-20,M01,P03,Surface finish,3,FAIL
QC-0014976,WO-004992,2026-08-20,M01,P03,Weld porosity,3,FAIL
QC-0014977,WO-004993,2026-08-20,M01,P01,Weld porosity,5,FAIL
QC-0014978,WO-004993,2026-08-20,M01,P01,Surface finish,2,FAIL
QC-0014979,WO-004993,2026-08-20,M01,P01,Cosmetic,2,FAIL
QC-0014980,WO-004994,2026-08-20,M02,P05,Surface finish,5,FAIL
QC-0014981,WO-004994,2026-08-20,M02,P05,Material defect,3,FAIL
QC-0014982,WO-004994,2026-08-20,M02,P05,Cosmetic,2,FAIL
QC-0014983,WO-004995,2026-08-20,M02,P02,Surface finish,6,FAIL
QC-0014984,WO-004995,2026-08-20,M02,P02,Weld porosity,1,FAIL
QC-0014985,WO-004995,2026-08-20,M02,P02,Assembly mismatch,0,PASS
QC-0014986,WO-004996,2026-08-20,M03,P03,Cosmetic,6,FAIL
QC-0014987,WO-004996,2026-08-20,M03,P03,Assembly mismatch,1,FAIL
QC-0014988,WO-004996,2026-08-20,M03,P03,Weld porosity,1,FAIL
QC-0014989,WO-004997,2026-08-20,M03,P05,Assembly mismatch,6,FAIL
QC-0014990,WO-004997,2026-08-20,M03,P05,Weld porosity,3,FAIL
QC-0014991,WO-004997,2026-08-20,M03,P05,Material defect,1,FAIL
QC-0014992,WO-004998,2026-08-20,M04,P03,Cosmetic,2,FAIL
QC-0014993,WO-004998,2026-08-20,M04,P03,Surface finish,1,FAIL
QC-0014994,WO-004998,2026-08-20,M04,P03,Weld porosity,3,FAIL
QC-0014995,WO-004999,2026-08-20,M04,P04,Weld porosity,3,FAIL
QC-0014996,WO-004999,2026-08-20,M04,P04,Material defect,2,FAIL
QC-0014997,WO-004999,2026-08-20,M04,P04,Cosmetic,1,FAIL
QC-0014998,WO-005000,2026-08-20,M05,P01,Weld porosity,3,FAIL
QC-0014999,WO-005000,2026-08-20,M05,P01,Dimensional,0,PASS
QC-0015000,WO-005000,2026-08-20,M05,P01,Material defect,2,FAIL
QC-0015001,WO-005001,2026-08-20,M05,P01,Surface finish,2,FAIL
QC-0015002,WO-005001,2026-08-20,M05,P01,Cosmetic,3,FAIL
QC-0015003,WO-005001,2026-08-20,M05,P01,Material defect,0,PASS
QC-0015004,WO-005002,2026-08-20,M06,P04,Weld porosity,4,FAIL
QC-0015005,WO-005002,2026-08-20,M06,P04,Dimensional,1,FAIL
QC-0015006,WO-005002,2026-08-20,M06,P04,Assembly mismatch,0,PASS
QC-0015007,WO-005003,2026-08-20,M06,P06,Weld porosity,4,FAIL
QC-0015008,WO-005003,2026-08-20,M06,P06,Cosmetic,1,FAIL
QC-0015009,WO-005003,2026-08-20,M06,P06,Assembly mismatch,2,FAIL
QC-0015010,WO-005004,2026-08-21,M01,P03,Material defect,3,FAIL
QC-0015011,WO-005004,2026-08-21,M01,P03,Surface finish,5,FAIL
QC-0015012,WO-005004,2026-08-21,M01,P03,Assembly mismatch,1,FAIL
QC-0015013,WO-005005,2026-08-21,M01,P03,Assembly mismatch,5,FAIL
QC-0015014,WO-005005,2026-08-21,M01,P03,Surface finish,2,FAIL
QC-0015015,WO-005005,2026-08-21,M01,P03,Material defect,2,FAIL
QC-0015016,WO-005006,2026-08-21,M02,P01,Dimensional,3,FAIL
QC-0015017,WO-005006,2026-08-21,M02,P01,Weld porosity,3,FAIL
QC-0015018,WO-005006,2026-08-21,M02,P01,Assembly mismatch,0,PASS
QC-0015019,WO-005007,2026-08-21,M02,P02,Dimensional,2,FAIL
QC-0015020,WO-005007,2026-08-21,M02,P02,Weld porosity,1,FAIL
QC-0015021,WO-005007,2026-08-21,M02,P02,Surface finish,1,FAIL
QC-0015022,WO-005008,2026-08-21,M03,P01,Assembly mismatch,1,FAIL
QC-0015023,WO-005008,2026-08-21,M03,P01,Material defect,2,FAIL
QC-0015024,WO-005008,2026-08-21,M03,P01,Surface finish,0,PASS
QC-0015025,WO-005009,2026-08-21,M03,P05,Surface finish,8,FAIL
QC-0015026,WO-005009,2026-08-21,M03,P05,Assembly mismatch,3,FAIL
QC-0015027,WO-005009,2026-08-21,M03,P05,Material defect,1,FAIL
QC-0015028,WO-005010,2026-08-21,M04,P04,Assembly mismatch,3,FAIL
QC-0015029,WO-005010,2026-08-21,M04,P04,Dimensional,2,FAIL
QC-0015030,WO-005010,2026-08-21,M04,P04,Weld porosity,0,PASS
QC-0015031,WO-005011,2026-08-21,M04,P06,Weld porosity,5,FAIL
QC-0015032,WO-005011,2026-08-21,M04,P06,Cosmetic,2,FAIL
QC-0015033,WO-005011,2026-08-21,M04,P06,Assembly mismatch,0,PASS
QC-0015034,WO-005012,2026-08-21,M05,P06,Cosmetic,5,FAIL
QC-0015035,WO-005012,2026-08-21,M05,P06,Material defect,0,PASS
QC-0015036,WO-005012,2026-08-21,M05,P06,Surface finish,1,FAIL
QC-0015037,WO-005013,2026-08-21,M05,P05,Material defect,9,FAIL
QC-0015038,WO-005013,2026-08-21,M05,P05,Surface finish,1,FAIL
QC-0015039,WO-005013,2026-08-21,M05,P05,Dimensional,1,FAIL
QC-0015040,WO-005014,2026-08-21,M06,P05,Dimensional,4,FAIL
QC-0015041,WO-005014,2026-08-21,M06,P05,Cosmetic,6,FAIL
QC-0015042,WO-005014,2026-08-21,M06,P05,Weld porosity,0,PASS
QC-0015043,WO-005015,2026-08-24,M01,P02,Cosmetic,2,FAIL
QC-0015044,WO-005015,2026-08-24,M01,P02,Weld porosity,2,FAIL
QC-0015045,WO-005015,2026-08-24,M01,P02,Material defect,1,FAIL
QC-0015046,WO-005016,2026-08-24,M01,P03,Dimensional,4,FAIL
QC-0015047,WO-005016,2026-08-24,M01,P03,Cosmetic,3,FAIL
QC-0015048,WO-005016,2026-08-24,M01,P03,Weld porosity,0,PASS
QC-0015049,WO-005017,2026-08-24,M02,P02,Assembly mismatch,3,FAIL
QC-0015050,WO-005017,2026-08-24,M02,P02,Cosmetic,1,FAIL
QC-0015051,WO-005017,2026-08-24,M02,P02,Dimensional,1,FAIL
QC-0015052,WO-005018,2026-08-24,M02,P01,Weld porosity,4,FAIL
QC-0015053,WO-005018,2026-08-24,M02,P01,Cosmetic,2,FAIL
QC-0015054,WO-005018,2026-08-24,M02,P01,Surface finish,1,FAIL
QC-0015055,WO-005019,2026-08-24,M03,P01,Dimensional,4,FAIL
QC-0015056,WO-005019,2026-08-24,M03,P01,Material defect,1,FAIL
QC-0015057,WO-005019,2026-08-24,M03,P01,Surface finish,0,PASS
QC-0015058,WO-005020,2026-08-24,M04,P06,Weld porosity,3,FAIL
QC-0015059,WO-005020,2026-08-24,M04,P06,Material defect,3,FAIL
QC-0015060,WO-005020,2026-08-24,M04,P06,Dimensional,2,FAIL
QC-0015061,WO-005021,2026-08-24,M05,P05,Weld porosity,5,FAIL
QC-0015062,WO-005021,2026-08-24,M05,P05,Cosmetic,3,FAIL
QC-0015063,WO-005021,2026-08-24,M05,P05,Material defect,2,FAIL
QC-0015064,WO-005022,2026-08-24,M05,P01,Assembly mismatch,2,FAIL
QC-0015065,WO-005022,2026-08-24,M05,P01,Weld porosity,2,FAIL
QC-0015066,WO-005022,2026-08-24,M05,P01,Surface finish,2,FAIL
QC-0015067,WO-005023,2026-08-24,M06,P05,Cosmetic,5,FAIL
QC-0015068,WO-005023,2026-08-24,M06,P05,Assembly mismatch,4,FAIL
QC-0015069,WO-005023,2026-08-24,M06,P05,Dimensional,5,FAIL
QC-0015070,WO-005024,2026-08-25,M01,P02,Assembly mismatch,3,FAIL
QC-0015071,WO-005024,2026-08-25,M01,P02,Surface finish,1,FAIL
QC-0015072,WO-005024,2026-08-25,M01,P02,Dimensional,2,FAIL
QC-0015073,WO-005025,2026-08-25,M02,P02,Cosmetic,2,FAIL
QC-0015074,WO-005025,2026-08-25,M02,P02,Material defect,4,FAIL
QC-0015075,WO-005025,2026-08-25,M02,P02,Assembly mismatch,0,PASS
QC-0015076,WO-005026,2026-08-25,M02,P05,Surface finish,6,FAIL
QC-0015077,WO-005026,2026-08-25,M02,P05,Assembly mismatch,1,FAIL
QC-0015078,WO-005026,2026-08-25,M02,P05,Dimensional,1,FAIL
QC-0015079,WO-005027,2026-08-25,M03,P01,Material defect,4,FAIL
QC-0015080,WO-005027,2026-08-25,M03,P01,Surface finish,1,FAIL
QC-0015081,WO-005027,2026-08-25,M03,P01,Weld porosity,0,PASS
QC-0015082,WO-005028,2026-08-25,M03,P05,Cosmetic,5,FAIL
QC-0015083,WO-005028,2026-08-25,M03,P05,Weld porosity,2,FAIL
QC-0015084,WO-005028,2026-08-25,M03,P05,Dimensional,3,FAIL
QC-0015085,WO-005029,2026-08-25,M04,P04,Assembly mismatch,4,FAIL
QC-0015086,WO-005029,2026-08-25,M04,P04,Weld porosity,2,FAIL
QC-0015087,WO-005029,2026-08-25,M04,P04,Surface finish,0,PASS
QC-0015088,WO-005030,2026-08-25,M04,P04,Material defect,2,FAIL
QC-0015089,WO-005030,2026-08-25,M04,P04,Weld porosity,3,FAIL
QC-0015090,WO-005030,2026-08-25,M04,P04,Assembly mismatch,0,PASS
QC-0015091,WO-005031,2026-08-25,M05,P04,Surface finish,2,FAIL
QC-0015092,WO-005031,2026-08-25,M05,P04,Dimensional,2,FAIL
QC-0015093,WO-005031,2026-08-25,M05,P04,Assembly mismatch,0,PASS
QC-0015094,WO-005032,2026-08-25,M05,P01,Material defect,5,FAIL
QC-0015095,WO-005032,2026-08-25,M05,P01,Dimensional,1,FAIL
QC-0015096,WO-005032,2026-08-25,M05,P01,Assembly mismatch,1,FAIL
QC-0015097,WO-005033,2026-08-25,M06,P06,Dimensional,5,FAIL
QC-0015098,WO-005033,2026-08-25,M06,P06,Material defect,1,FAIL
QC-0015099,WO-005033,2026-08-25,M06,P06,Weld porosity,0,PASS
QC-0015100,WO-005034,2026-08-25,M06,P04,Surface finish,3,FAIL
QC-0015101,WO-005034,2026-08-25,M06,P04,Dimensional,0,PASS
QC-0015102,WO-005034,2026-08-25,M06,P04,Material defect,2,FAIL
QC-0015103,WO-005035,2026-08-26,M01,P03,Surface finish,3,FAIL
QC-0015104,WO-005035,2026-08-26,M01,P03,Material defect,2,FAIL
QC-0015105,WO-005035,2026-08-26,M01,P03,Assembly mismatch,0,PASS
QC-0015106,WO-005036,2026-08-26,M01,P02,Dimensional,3,FAIL
QC-0015107,WO-005036,2026-08-26,M01,P02,Cosmetic,1,FAIL
QC-0015108,WO-005036,2026-08-26,M01,P02,Surface finish,0,PASS
QC-0015109,WO-005037,2026-08-26,M02,P02,Assembly mismatch,4,FAIL
QC-0015110,WO-005037,2026-08-26,M02,P02,Material defect,2,FAIL
QC-0015111,WO-005037,2026-08-26,M02,P02,Cosmetic,0,PASS
QC-0015112,WO-005038,2026-08-26,M02,P01,Dimensional,3,FAIL
QC-0015113,WO-005038,2026-08-26,M02,P01,Surface finish,1,FAIL
QC-0015114,WO-005038,2026-08-26,M02,P01,Weld porosity,0,PASS
QC-0015115,WO-005039,2026-08-26,M03,P03,Weld porosity,4,FAIL
QC-0015116,WO-005039,2026-08-26,M03,P03,Cosmetic,2,FAIL
QC-0015117,WO-005039,2026-08-26,M03,P03,Surface finish,2,FAIL
QC-0015118,WO-005040,2026-08-26,M03,P03,Surface finish,8,FAIL
QC-0015119,WO-005040,2026-08-26,M03,P03,Weld porosity,5,FAIL
QC-0015120,WO-005040,2026-08-26,M03,P03,Assembly mismatch,1,FAIL
QC-0015121,WO-005041,2026-08-26,M04,P03,Dimensional,9,FAIL
QC-0015122,WO-005041,2026-08-26,M04,P03,Material defect,1,FAIL
QC-0015123,WO-005041,2026-08-26,M04,P03,Weld porosity,0,PASS
QC-0015124,WO-005042,2026-08-26,M04,P06,Weld porosity,5,FAIL
QC-0015125,WO-005042,2026-08-26,M04,P06,Dimensional,2,FAIL
QC-0015126,WO-005042,2026-08-26,M04,P06,Material defect,0,PASS
QC-0015127,WO-005043,2026-08-26,M05,P01,Dimensional,3,FAIL
QC-0015128,WO-005043,2026-08-26,M05,P01,Weld porosity,1,FAIL
QC-0015129,WO-005043,2026-08-26,M05,P01,Material defect,2,FAIL
QC-0015130,WO-005044,2026-08-26,M05,P06,Material defect,5,FAIL
QC-0015131,WO-005044,2026-08-26,M05,P06,Surface finish,1,FAIL
QC-0015132,WO-005044,2026-08-26,M05,P06,Dimensional,1,FAIL
QC-0015133,WO-005045,2026-08-26,M06,P05,Material defect,7,FAIL
QC-0015134,WO-005045,2026-08-26,M06,P05,Weld porosity,1,FAIL
QC-0015135,WO-005045,2026-08-26,M06,P05,Surface finish,1,FAIL
QC-0015136,WO-005046,2026-08-26,M06,P04,Weld porosity,2,FAIL
QC-0015137,WO-005046,2026-08-26,M06,P04,Cosmetic,3,FAIL
QC-0015138,WO-005046,2026-08-26,M06,P04,Surface finish,2,FAIL
QC-0015139,WO-005047,2026-08-27,M01,P02,Cosmetic,2,FAIL
QC-0015140,WO-005047,2026-08-27,M01,P02,Weld porosity,3,FAIL
QC-0015141,WO-005047,2026-08-27,M01,P02,Dimensional,2,FAIL
QC-0015142,WO-005048,2026-08-27,M01,P03,Surface finish,2,FAIL
QC-0015143,WO-005048,2026-08-27,M01,P03,Weld porosity,2,FAIL
QC-0015144,WO-005048,2026-08-27,M01,P03,Cosmetic,3,FAIL
QC-0015145,WO-005049,2026-08-27,M02,P02,Material defect,4,FAIL
QC-0015146,WO-005049,2026-08-27,M02,P02,Surface finish,2,FAIL
QC-0015147,WO-005049,2026-08-27,M02,P02,Cosmetic,1,FAIL
QC-0015148,WO-005050,2026-08-27,M02,P05,Weld porosity,2,FAIL
QC-0015149,WO-005050,2026-08-27,M02,P05,Assembly mismatch,6,FAIL
QC-0015150,WO-005050,2026-08-27,M02,P05,Cosmetic,2,FAIL
QC-0015151,WO-005051,2026-08-27,M03,P03,Surface finish,3,FAIL
QC-0015152,WO-005051,2026-08-27,M03,P03,Cosmetic,3,FAIL
QC-0015153,WO-005051,2026-08-27,M03,P03,Weld porosity,1,FAIL
QC-0015154,WO-005052,2026-08-27,M03,P05,Weld porosity,5,FAIL
QC-0015155,WO-005052,2026-08-27,M03,P05,Material defect,5,FAIL
QC-0015156,WO-005052,2026-08-27,M03,P05,Surface finish,2,FAIL
QC-0015157,WO-005053,2026-08-27,M04,P06,Weld porosity,5,FAIL
QC-0015158,WO-005053,2026-08-27,M04,P06,Cosmetic,1,FAIL
QC-0015159,WO-005053,2026-08-27,M04,P06,Material defect,0,PASS
QC-0015160,WO-005054,2026-08-27,M04,P04,Weld porosity,3,FAIL
QC-0015161,WO-005054,2026-08-27,M04,P04,Dimensional,2,FAIL
QC-0015162,WO-005054,2026-08-27,M04,P04,Cosmetic,1,FAIL
QC-0015163,WO-005055,2026-08-27,M05,P01,Material defect,4,FAIL
QC-0015164,WO-005055,2026-08-27,M05,P01,Weld porosity,0,PASS
QC-0015165,WO-005055,2026-08-27,M05,P01,Cosmetic,1,FAIL
QC-0015166,WO-005056,2026-08-27,M05,P01,Assembly mismatch,4,FAIL
QC-0015167,WO-005056,2026-08-27,M05,P01,Weld porosity,0,PASS
QC-0015168,WO-005056,2026-08-27,M05,P01,Material defect,0,PASS
QC-0015169,WO-005057,2026-08-27,M06,P04,Dimensional,4,FAIL
QC-0015170,WO-005057,2026-08-27,M06,P04,Assembly mismatch,0,PASS
QC-0015171,WO-005057,2026-08-27,M06,P04,Weld porosity,1,FAIL
QC-0015172,WO-005058,2026-08-27,M06,P01,Material defect,4,FAIL
QC-0015173,WO-005058,2026-08-27,M06,P01,Dimensional,2,FAIL
QC-0015174,WO-005058,2026-08-27,M06,P01,Assembly mismatch,0,PASS
QC-0015175,WO-005059,2026-08-28,M01,P02,Assembly mismatch,4,FAIL
QC-0015176,WO-005059,2026-08-28,M01,P02,Weld porosity,0,PASS
QC-0015177,WO-005059,2026-08-28,M01,P02,Material defect,2,FAIL
QC-0015178,WO-005060,2026-08-28,M01,P02,Cosmetic,4,FAIL
QC-0015179,WO-005060,2026-08-28,M01,P02,Assembly mismatch,2,FAIL
QC-0015180,WO-005060,2026-08-28,M01,P02,Dimensional,1,FAIL
QC-0015181,WO-005061,2026-08-28,M02,P05,Material defect,3,FAIL
QC-0015182,WO-005061,2026-08-28,M02,P05,Cosmetic,2,FAIL
QC-0015183,WO-005061,2026-08-28,M02,P05,Assembly mismatch,4,FAIL
QC-0015184,WO-005062,2026-08-28,M02,P05,Assembly mismatch,6,FAIL
QC-0015185,WO-005062,2026-08-28,M02,P05,Dimensional,3,FAIL
QC-0015186,WO-005062,2026-08-28,M02,P05,Material defect,1,FAIL
QC-0015187,WO-005063,2026-08-28,M03,P05,Dimensional,7,FAIL
QC-0015188,WO-005063,2026-08-28,M03,P05,Material defect,2,FAIL
QC-0015189,WO-005063,2026-08-28,M03,P05,Assembly mismatch,0,PASS
QC-0015190,WO-005064,2026-08-28,M03,P05,Assembly mismatch,7,FAIL
QC-0015191,WO-005064,2026-08-28,M03,P05,Surface finish,2,FAIL
QC-0015192,WO-005064,2026-08-28,M03,P05,Weld porosity,0,PASS
QC-0015193,WO-005065,2026-08-28,M04,P03,Weld porosity,7,FAIL
QC-0015194,WO-005065,2026-08-28,M04,P03,Assembly mismatch,4,FAIL
QC-0015195,WO-005065,2026-08-28,M04,P03,Cosmetic,1,FAIL
QC-0015196,WO-005066,2026-08-28,M05,P01,Dimensional,3,FAIL
QC-0015197,WO-005066,2026-08-28,M05,P01,Cosmetic,1,FAIL
QC-0015198,WO-005066,2026-08-28,M05,P01,Surface finish,0,PASS
QC-0015199,WO-005067,2026-08-28,M05,P05,Dimensional,6,FAIL
QC-0015200,WO-005067,2026-08-28,M05,P05,Assembly mismatch,1,FAIL
QC-0015201,WO-005067,2026-08-28,M05,P05,Cosmetic,1,FAIL
QC-0015202,WO-005068,2026-08-28,M06,P01,Assembly mismatch,5,FAIL
QC-0015203,WO-005068,2026-08-28,M06,P01,Surface finish,1,FAIL
QC-0015204,WO-005068,2026-08-28,M06,P01,Cosmetic,1,FAIL
QC-0015205,WO-005069,2026-08-28,M06,P05,Surface finish,6,FAIL
QC-0015206,WO-005069,2026-08-28,M06,P05,Dimensional,1,FAIL
QC-0015207,WO-005069,2026-08-28,M06,P05,Assembly mismatch,1,FAIL
QC-0015208,WO-005070,2026-08-31,M01,P01,Material defect,2,FAIL
QC-0015209,WO-005070,2026-08-31,M01,P01,Cosmetic,1,FAIL
QC-0015210,WO-005070,2026-08-31,M01,P01,Dimensional,0,PASS
QC-0015211,WO-005071,2026-08-31,M02,P02,Cosmetic,5,FAIL
QC-0015212,WO-005071,2026-08-31,M02,P02,Weld porosity,0,PASS
QC-0015213,WO-005071,2026-08-31,M02,P02,Assembly mismatch,1,FAIL
QC-0015214,WO-005072,2026-08-31,M02,P01,Cosmetic,3,FAIL
QC-0015215,WO-005072,2026-08-31,M02,P01,Dimensional,2,FAIL
QC-0015216,WO-005072,2026-08-31,M02,P01,Weld porosity,0,PASS
QC-0015217,WO-005073,2026-08-31,M03,P03,Cosmetic,5,FAIL
QC-0015218,WO-005073,2026-08-31,M03,P03,Surface finish,4,FAIL
QC-0015219,WO-005073,2026-08-31,M03,P03,Material defect,1,FAIL
QC-0015220,WO-005074,2026-08-31,M03,P05,Dimensional,6,FAIL
QC-0015221,WO-005074,2026-08-31,M03,P05,Surface finish,6,FAIL
QC-0015222,WO-005074,2026-08-31,M03,P05,Material defect,0,PASS
QC-0015223,WO-005075,2026-08-31,M04,P03,Dimensional,4,FAIL
QC-0015224,WO-005075,2026-08-31,M04,P03,Weld porosity,2,FAIL
QC-0015225,WO-005075,2026-08-31,M04,P03,Cosmetic,3,FAIL
QC-0015226,WO-005076,2026-08-31,M04,P04,Weld porosity,1,FAIL
QC-0015227,WO-005076,2026-08-31,M04,P04,Dimensional,2,FAIL
QC-0015228,WO-005076,2026-08-31,M04,P04,Cosmetic,1,FAIL
QC-0015229,WO-005077,2026-08-31,M05,P06,Material defect,3,FAIL
QC-0015230,WO-005077,2026-08-31,M05,P06,Weld porosity,4,FAIL
QC-0015231,WO-005077,2026-08-31,M05,P06,Assembly mismatch,1,FAIL
QC-0015232,WO-005078,2026-08-31,M06,P05,Material defect,3,FAIL
QC-0015233,WO-005078,2026-08-31,M06,P05,Assembly mismatch,2,FAIL
QC-0015234,WO-005078,2026-08-31,M06,P05,Cosmetic,2,FAIL
